STARTING AT Thu Apr  2 12:51:59 AM CEST 2026
Loss type: mse | weights=[]
Target stats (scaled):
train mean=[0.549  0.589  0.492  0.4884 0.4785 0.4192]
train std=[0.1365 0.1371 0.1141 0.1063 0.1158 0.1138]
train q05=[0.3074 0.3979 0.3192 0.303  0.3347 0.2205]
train q95=[0.7933 0.8652 0.6719 0.6491 0.6927 0.6016]
val mean=[0.5473 0.5873 0.4922 0.4893 0.4798 0.4201]
val std=[0.1343 0.1348 0.1123 0.1072 0.1141 0.1112]
val q05=[0.3103 0.3982 0.3195 0.303  0.3376 0.2251]
val q95=[0.7886 0.8626 0.6731 0.6514 0.6918 0.5984]
val/train std ratio=[0.984  0.9828 0.9844 1.0084 0.9848 0.9772]
LR scheduler: ReduceLROnPlateau (factor=0.5, patience=8, min_lr=1e-07)
Epoch 001 | train_loss=3.1634e-02 | train_eval_loss=1.3962e-02 | val_loss=1.3580e-02 | | lr=1.00e-03
Saved best model to results/thesis_model_results/outputs/architecture_comparison_core/MLP__mse__minmax__seed42/mlp_state_dict_best.pt
Epoch 002 | train_loss=1.0741e-02 | train_eval_loss=4.6903e-03 | val_loss=4.6251e-03 | | lr=1.00e-03
Saved best model to results/thesis_model_results/outputs/architecture_comparison_core/MLP__mse__minmax__seed42/mlp_state_dict_best.pt
Epoch 003 | train_loss=3.8350e-03 | train_eval_loss=3.4604e-03 | val_loss=3.4092e-03 | | lr=1.00e-03
Saved best model to results/thesis_model_results/outputs/architecture_comparison_core/MLP__mse__minmax__seed42/mlp_state_dict_best.pt
Epoch 004 | train_loss=3.3530e-03 | train_eval_loss=3.0775e-03 | val_loss=3.0370e-03 | | lr=1.00e-03
Saved best model to results/thesis_model_results/outputs/architecture_comparison_core/MLP__mse__minmax__seed42/mlp_state_dict_best.pt
Epoch 005 | train_loss=2.9001e-03 | train_eval_loss=2.6321e-03 | val_loss=2.5877e-03 | | lr=1.00e-03
Saved best model to results/thesis_model_results/outputs/architecture_comparison_core/MLP__mse__minmax__seed42/mlp_state_dict_best.pt
Epoch 006 | train_loss=2.4923e-03 | train_eval_loss=2.2499e-03 | val_loss=2.2092e-03 | | lr=1.00e-03
Saved best model to results/thesis_model_results/outputs/architecture_comparison_core/MLP__mse__minmax__seed42/mlp_state_dict_best.pt
Epoch 007 | train_loss=2.1571e-03 | train_eval_loss=2.1557e-03 | val_loss=2.1165e-03 | | lr=1.00e-03
Saved best model to results/thesis_model_results/outputs/architecture_comparison_core/MLP__mse__minmax__seed42/mlp_state_dict_best.pt
Epoch 008 | train_loss=1.9811e-03 | train_eval_loss=1.9435e-03 | val_loss=1.9058e-03 | | lr=1.00e-03
Saved best model to results/thesis_model_results/outputs/architecture_comparison_core/MLP__mse__minmax__seed42/mlp_state_dict_best.pt
Epoch 009 | train_loss=1.8567e-03 | train_eval_loss=1.7611e-03 | val_loss=1.7343e-03 | | lr=1.00e-03
Saved best model to results/thesis_model_results/outputs/architecture_comparison_core/MLP__mse__minmax__seed42/mlp_state_dict_best.pt
Epoch 010 | train_loss=1.7228e-03 | train_eval_loss=1.6656e-03 | val_loss=1.6335e-03 | | lr=1.00e-03
Saved best model to results/thesis_model_results/outputs/architecture_comparison_core/MLP__mse__minmax__seed42/mlp_state_dict_best.pt
Epoch 011 | train_loss=1.6657e-03 | train_eval_loss=1.6584e-03 | val_loss=1.6277e-03 | | lr=1.00e-03
Saved best model to results/thesis_model_results/outputs/architecture_comparison_core/MLP__mse__minmax__seed42/mlp_state_dict_best.pt
Epoch 012 | train_loss=1.6198e-03 | train_eval_loss=1.5315e-03 | val_loss=1.4997e-03 | | lr=1.00e-03
Saved best model to results/thesis_model_results/outputs/architecture_comparison_core/MLP__mse__minmax__seed42/mlp_state_dict_best.pt
Epoch 013 | train_loss=1.5953e-03 | train_eval_loss=1.6480e-03 | val_loss=1.6176e-03 | | lr=1.00e-03
Epoch 014 | train_loss=1.5159e-03 | train_eval_loss=1.4941e-03 | val_loss=1.4699e-03 | | lr=1.00e-03
Saved best model to results/thesis_model_results/outputs/architecture_comparison_core/MLP__mse__minmax__seed42/mlp_state_dict_best.pt
Epoch 015 | train_loss=1.4608e-03 | train_eval_loss=1.4654e-03 | val_loss=1.4401e-03 | | lr=1.00e-03
Saved best model to results/thesis_model_results/outputs/architecture_comparison_core/MLP__mse__minmax__seed42/mlp_state_dict_best.pt
Epoch 016 | train_loss=1.4380e-03 | train_eval_loss=1.4910e-03 | val_loss=1.4700e-03 | | lr=1.00e-03
Epoch 017 | train_loss=1.4324e-03 | train_eval_loss=1.3489e-03 | val_loss=1.3259e-03 | | lr=1.00e-03
Saved best model to results/thesis_model_results/outputs/architecture_comparison_core/MLP__mse__minmax__seed42/mlp_state_dict_best.pt
Epoch 018 | train_loss=1.3965e-03 | train_eval_loss=1.3568e-03 | val_loss=1.3374e-03 | | lr=1.00e-03
Epoch 019 | train_loss=1.3594e-03 | train_eval_loss=1.3477e-03 | val_loss=1.3235e-03 | | lr=1.00e-03
Saved best model to results/thesis_model_results/outputs/architecture_comparison_core/MLP__mse__minmax__seed42/mlp_state_dict_best.pt
Epoch 020 | train_loss=1.3384e-03 | train_eval_loss=1.2664e-03 | val_loss=1.2502e-03 | | lr=1.00e-03
Saved best model to results/thesis_model_results/outputs/architecture_comparison_core/MLP__mse__minmax__seed42/mlp_state_dict_best.pt
Epoch 021 | train_loss=1.2921e-03 | train_eval_loss=1.2285e-03 | val_loss=1.2143e-03 | | lr=1.00e-03
Saved best model to results/thesis_model_results/outputs/architecture_comparison_core/MLP__mse__minmax__seed42/mlp_state_dict_best.pt
Epoch 022 | train_loss=1.2533e-03 | train_eval_loss=1.2249e-03 | val_loss=1.2084e-03 | | lr=1.00e-03
Saved best model to results/thesis_model_results/outputs/architecture_comparison_core/MLP__mse__minmax__seed42/mlp_state_dict_best.pt
Epoch 023 | train_loss=1.2633e-03 | train_eval_loss=1.2228e-03 | val_loss=1.2104e-03 | | lr=1.00e-03
Epoch 024 | train_loss=1.2384e-03 | train_eval_loss=1.1664e-03 | val_loss=1.1516e-03 | | lr=1.00e-03
Saved best model to results/thesis_model_results/outputs/architecture_comparison_core/MLP__mse__minmax__seed42/mlp_state_dict_best.pt
Epoch 025 | train_loss=1.2032e-03 | train_eval_loss=1.1606e-03 | val_loss=1.1452e-03 | | lr=1.00e-03
Saved best model to results/thesis_model_results/outputs/architecture_comparison_core/MLP__mse__minmax__seed42/mlp_state_dict_best.pt
Epoch 026 | train_loss=1.2205e-03 | train_eval_loss=1.2030e-03 | val_loss=1.1902e-03 | | lr=1.00e-03
Epoch 027 | train_loss=1.1848e-03 | train_eval_loss=1.1590e-03 | val_loss=1.1489e-03 | | lr=1.00e-03
Epoch 028 | train_loss=1.1659e-03 | train_eval_loss=1.2377e-03 | val_loss=1.2300e-03 | | lr=1.00e-03
Epoch 029 | train_loss=1.1454e-03 | train_eval_loss=1.0911e-03 | val_loss=1.0750e-03 | | lr=1.00e-03
Saved best model to results/thesis_model_results/outputs/architecture_comparison_core/MLP__mse__minmax__seed42/mlp_state_dict_best.pt
Epoch 030 | train_loss=1.1317e-03 | train_eval_loss=1.1900e-03 | val_loss=1.1715e-03 | | lr=1.00e-03
Epoch 031 | train_loss=1.0955e-03 | train_eval_loss=1.1370e-03 | val_loss=1.1287e-03 | | lr=1.00e-03
Epoch 032 | train_loss=1.0929e-03 | train_eval_loss=1.1228e-03 | val_loss=1.1136e-03 | | lr=1.00e-03
Epoch 033 | train_loss=1.0941e-03 | train_eval_loss=1.0355e-03 | val_loss=1.0247e-03 | | lr=1.00e-03
Saved best model to results/thesis_model_results/outputs/architecture_comparison_core/MLP__mse__minmax__seed42/mlp_state_dict_best.pt
Epoch 034 | train_loss=1.0755e-03 | train_eval_loss=1.2110e-03 | val_loss=1.1988e-03 | | lr=1.00e-03
Epoch 035 | train_loss=1.0683e-03 | train_eval_loss=1.1509e-03 | val_loss=1.1351e-03 | | lr=1.00e-03
Epoch 036 | train_loss=1.0636e-03 | train_eval_loss=1.0166e-03 | val_loss=1.0079e-03 | | lr=1.00e-03
Saved best model to results/thesis_model_results/outputs/architecture_comparison_core/MLP__mse__minmax__seed42/mlp_state_dict_best.pt
Epoch 037 | train_loss=1.0347e-03 | train_eval_loss=1.0016e-03 | val_loss=9.8998e-04 | | lr=1.00e-03
Saved best model to results/thesis_model_results/outputs/architecture_comparison_core/MLP__mse__minmax__seed42/mlp_state_dict_best.pt
Epoch 038 | train_loss=1.0225e-03 | train_eval_loss=1.0493e-03 | val_loss=1.0379e-03 | | lr=1.00e-03
Epoch 039 | train_loss=9.9108e-04 | train_eval_loss=9.4482e-04 | val_loss=9.4004e-04 | | lr=1.00e-03
Saved best model to results/thesis_model_results/outputs/architecture_comparison_core/MLP__mse__minmax__seed42/mlp_state_dict_best.pt
Epoch 040 | train_loss=9.5463e-04 | train_eval_loss=1.0737e-03 | val_loss=1.0601e-03 | | lr=1.00e-03
Epoch 041 | train_loss=9.7426e-04 | train_eval_loss=1.0633e-03 | val_loss=1.0564e-03 | | lr=1.00e-03
Epoch 042 | train_loss=9.6610e-04 | train_eval_loss=9.4887e-04 | val_loss=9.4261e-04 | | lr=1.00e-03
Epoch 043 | train_loss=9.5866e-04 | train_eval_loss=9.2186e-04 | val_loss=9.1456e-04 | | lr=1.00e-03
Saved best model to results/thesis_model_results/outputs/architecture_comparison_core/MLP__mse__minmax__seed42/mlp_state_dict_best.pt
Epoch 044 | train_loss=9.4975e-04 | train_eval_loss=9.0379e-04 | val_loss=8.9790e-04 | | lr=1.00e-03
Saved best model to results/thesis_model_results/outputs/architecture_comparison_core/MLP__mse__minmax__seed42/mlp_state_dict_best.pt
Epoch 045 | train_loss=8.9616e-04 | train_eval_loss=9.2241e-04 | val_loss=9.1711e-04 | | lr=1.00e-03
Epoch 046 | train_loss=8.9649e-04 | train_eval_loss=8.8613e-04 | val_loss=8.7870e-04 | | lr=1.00e-03
Saved best model to results/thesis_model_results/outputs/architecture_comparison_core/MLP__mse__minmax__seed42/mlp_state_dict_best.pt
Epoch 047 | train_loss=8.7563e-04 | train_eval_loss=8.9415e-04 | val_loss=8.8938e-04 | | lr=1.00e-03
Epoch 048 | train_loss=9.0910e-04 | train_eval_loss=8.5464e-04 | val_loss=8.5105e-04 | | lr=1.00e-03
Saved best model to results/thesis_model_results/outputs/architecture_comparison_core/MLP__mse__minmax__seed42/mlp_state_dict_best.pt
Epoch 049 | train_loss=8.9727e-04 | train_eval_loss=8.9722e-04 | val_loss=8.9542e-04 | | lr=1.00e-03
Epoch 050 | train_loss=8.3109e-04 | train_eval_loss=8.1323e-04 | val_loss=8.1368e-04 | | lr=1.00e-03
Saved best model to results/thesis_model_results/outputs/architecture_comparison_core/MLP__mse__minmax__seed42/mlp_state_dict_best.pt
Epoch 051 | train_loss=8.6323e-04 | train_eval_loss=8.9480e-04 | val_loss=8.9561e-04 | | lr=1.00e-03
Epoch 052 | train_loss=8.6023e-04 | train_eval_loss=7.6428e-04 | val_loss=7.6575e-04 | | lr=1.00e-03
Saved best model to results/thesis_model_results/outputs/architecture_comparison_core/MLP__mse__minmax__seed42/mlp_state_dict_best.pt
Epoch 053 | train_loss=8.0964e-04 | train_eval_loss=8.2842e-04 | val_loss=8.2687e-04 | | lr=1.00e-03
Epoch 054 | train_loss=7.9495e-04 | train_eval_loss=8.1214e-04 | val_loss=8.0963e-04 | | lr=1.00e-03
Epoch 055 | train_loss=8.1180e-04 | train_eval_loss=9.6365e-04 | val_loss=9.5564e-04 | | lr=1.00e-03
Epoch 056 | train_loss=7.8600e-04 | train_eval_loss=7.6563e-04 | val_loss=7.6426e-04 | | lr=1.00e-03
Saved best model to results/thesis_model_results/outputs/architecture_comparison_core/MLP__mse__minmax__seed42/mlp_state_dict_best.pt
Epoch 057 | train_loss=7.6388e-04 | train_eval_loss=7.4405e-04 | val_loss=7.4693e-04 | | lr=1.00e-03
Saved best model to results/thesis_model_results/outputs/architecture_comparison_core/MLP__mse__minmax__seed42/mlp_state_dict_best.pt
Epoch 058 | train_loss=7.6716e-04 | train_eval_loss=7.2253e-04 | val_loss=7.2407e-04 | | lr=1.00e-03
Saved best model to results/thesis_model_results/outputs/architecture_comparison_core/MLP__mse__minmax__seed42/mlp_state_dict_best.pt
Epoch 059 | train_loss=7.5913e-04 | train_eval_loss=7.2740e-04 | val_loss=7.2670e-04 | | lr=1.00e-03
Epoch 060 | train_loss=7.4683e-04 | train_eval_loss=7.7681e-04 | val_loss=7.8437e-04 | | lr=1.00e-03
Epoch 061 | train_loss=7.5877e-04 | train_eval_loss=7.0358e-04 | val_loss=7.0324e-04 | | lr=1.00e-03
Saved best model to results/thesis_model_results/outputs/architecture_comparison_core/MLP__mse__minmax__seed42/mlp_state_dict_best.pt
Epoch 062 | train_loss=7.5926e-04 | train_eval_loss=8.0316e-04 | val_loss=8.0298e-04 | | lr=1.00e-03
Epoch 063 | train_loss=7.8740e-04 | train_eval_loss=7.1903e-04 | val_loss=7.1677e-04 | | lr=1.00e-03
Epoch 064 | train_loss=7.3673e-04 | train_eval_loss=7.1597e-04 | val_loss=7.2070e-04 | | lr=1.00e-03
Epoch 065 | train_loss=7.3246e-04 | train_eval_loss=6.6882e-04 | val_loss=6.7611e-04 | | lr=1.00e-03
Saved best model to results/thesis_model_results/outputs/architecture_comparison_core/MLP__mse__minmax__seed42/mlp_state_dict_best.pt
Epoch 066 | train_loss=6.9529e-04 | train_eval_loss=6.9681e-04 | val_loss=7.0694e-04 | | lr=1.00e-03
Epoch 067 | train_loss=7.1714e-04 | train_eval_loss=7.1632e-04 | val_loss=7.2858e-04 | | lr=1.00e-03
Epoch 068 | train_loss=6.8258e-04 | train_eval_loss=7.5468e-04 | val_loss=7.6152e-04 | | lr=1.00e-03
Epoch 069 | train_loss=7.1311e-04 | train_eval_loss=7.5323e-04 | val_loss=7.6455e-04 | | lr=1.00e-03
Epoch 070 | train_loss=6.9054e-04 | train_eval_loss=6.6787e-04 | val_loss=6.7307e-04 | | lr=1.00e-03
Saved best model to results/thesis_model_results/outputs/architecture_comparison_core/MLP__mse__minmax__seed42/mlp_state_dict_best.pt
Epoch 071 | train_loss=6.9197e-04 | train_eval_loss=6.5442e-04 | val_loss=6.5948e-04 | | lr=1.00e-03
Saved best model to results/thesis_model_results/outputs/architecture_comparison_core/MLP__mse__minmax__seed42/mlp_state_dict_best.pt
Epoch 072 | train_loss=7.1916e-04 | train_eval_loss=8.2324e-04 | val_loss=8.2893e-04 | | lr=1.00e-03
Epoch 073 | train_loss=7.0377e-04 | train_eval_loss=6.3808e-04 | val_loss=6.5293e-04 | | lr=1.00e-03
Saved best model to results/thesis_model_results/outputs/architecture_comparison_core/MLP__mse__minmax__seed42/mlp_state_dict_best.pt
Epoch 074 | train_loss=6.6585e-04 | train_eval_loss=7.5163e-04 | val_loss=7.5655e-04 | | lr=1.00e-03
Epoch 075 | train_loss=6.5965e-04 | train_eval_loss=6.7609e-04 | val_loss=6.7492e-04 | | lr=1.00e-03
Epoch 076 | train_loss=6.6896e-04 | train_eval_loss=6.2116e-04 | val_loss=6.2582e-04 | | lr=1.00e-03
Saved best model to results/thesis_model_results/outputs/architecture_comparison_core/MLP__mse__minmax__seed42/mlp_state_dict_best.pt
Epoch 077 | train_loss=6.9449e-04 | train_eval_loss=6.8783e-04 | val_loss=6.9743e-04 | | lr=1.00e-03
Epoch 078 | train_loss=6.7377e-04 | train_eval_loss=6.3720e-04 | val_loss=6.4413e-04 | | lr=1.00e-03
Epoch 079 | train_loss=6.6336e-04 | train_eval_loss=7.2822e-04 | val_loss=7.3628e-04 | | lr=1.00e-03
Epoch 080 | train_loss=7.1588e-04 | train_eval_loss=8.2010e-04 | val_loss=8.3318e-04 | | lr=1.00e-03
Epoch 081 | train_loss=6.6399e-04 | train_eval_loss=6.0023e-04 | val_loss=6.0614e-04 | | lr=1.00e-03
Saved best model to results/thesis_model_results/outputs/architecture_comparison_core/MLP__mse__minmax__seed42/mlp_state_dict_best.pt
Epoch 082 | train_loss=6.3440e-04 | train_eval_loss=6.1523e-04 | val_loss=6.2562e-04 | | lr=1.00e-03
Epoch 083 | train_loss=6.2437e-04 | train_eval_loss=6.6246e-04 | val_loss=6.7316e-04 | | lr=1.00e-03
Epoch 084 | train_loss=6.3202e-04 | train_eval_loss=6.0214e-04 | val_loss=6.1687e-04 | | lr=1.00e-03
Epoch 085 | train_loss=6.4625e-04 | train_eval_loss=6.1698e-04 | val_loss=6.2215e-04 | | lr=1.00e-03
Epoch 086 | train_loss=6.3335e-04 | train_eval_loss=5.9674e-04 | val_loss=6.0605e-04 | | lr=1.00e-03
Saved best model to results/thesis_model_results/outputs/architecture_comparison_core/MLP__mse__minmax__seed42/mlp_state_dict_best.pt
Epoch 087 | train_loss=6.3892e-04 | train_eval_loss=7.0882e-04 | val_loss=7.1538e-04 | | lr=1.00e-03
Epoch 088 | train_loss=6.4329e-04 | train_eval_loss=5.9941e-04 | val_loss=6.1333e-04 | | lr=1.00e-03
Epoch 089 | train_loss=6.2735e-04 | train_eval_loss=6.6857e-04 | val_loss=6.7897e-04 | | lr=1.00e-03
Epoch 090 | train_loss=6.4378e-04 | train_eval_loss=6.1687e-04 | val_loss=6.2676e-04 | | lr=1.00e-03
Epoch 091 | train_loss=6.1785e-04 | train_eval_loss=6.5182e-04 | val_loss=6.5864e-04 | | lr=1.00e-03
Epoch 092 | train_loss=6.1753e-04 | train_eval_loss=6.2585e-04 | val_loss=6.3751e-04 | | lr=1.00e-03
Epoch 093 | train_loss=6.0293e-04 | train_eval_loss=6.3556e-04 | val_loss=6.4881e-04 | | lr=1.00e-03
Epoch 094 | train_loss=6.3453e-04 | train_eval_loss=6.4835e-04 | val_loss=6.5479e-04 | | lr=1.00e-03
Epoch 095 | train_loss=6.4127e-04 | train_eval_loss=6.9020e-04 | val_loss=6.8978e-04 | | lr=1.00e-03
Epoch 096 | train_loss=5.4182e-04 | train_eval_loss=5.3094e-04 | val_loss=5.4807e-04 | | lr=5.00e-04
Saved best model to results/thesis_model_results/outputs/architecture_comparison_core/MLP__mse__minmax__seed42/mlp_state_dict_best.pt
Epoch 097 | train_loss=5.3119e-04 | train_eval_loss=5.4134e-04 | val_loss=5.5160e-04 | | lr=5.00e-04
Epoch 098 | train_loss=5.3551e-04 | train_eval_loss=5.2383e-04 | val_loss=5.3990e-04 | | lr=5.00e-04
Saved best model to results/thesis_model_results/outputs/architecture_comparison_core/MLP__mse__minmax__seed42/mlp_state_dict_best.pt
Epoch 099 | train_loss=5.3099e-04 | train_eval_loss=5.2819e-04 | val_loss=5.4310e-04 | | lr=5.00e-04
Epoch 100 | train_loss=5.3094e-04 | train_eval_loss=5.2215e-04 | val_loss=5.3750e-04 | | lr=5.00e-04
Saved best model to results/thesis_model_results/outputs/architecture_comparison_core/MLP__mse__minmax__seed42/mlp_state_dict_best.pt
Epoch 101 | train_loss=5.3562e-04 | train_eval_loss=5.4889e-04 | val_loss=5.6163e-04 | | lr=5.00e-04
Epoch 102 | train_loss=5.4464e-04 | train_eval_loss=5.2919e-04 | val_loss=5.4882e-04 | | lr=5.00e-04
Epoch 103 | train_loss=5.2617e-04 | train_eval_loss=5.2282e-04 | val_loss=5.3982e-04 | | lr=5.00e-04
Epoch 104 | train_loss=5.2971e-04 | train_eval_loss=5.1759e-04 | val_loss=5.3404e-04 | | lr=5.00e-04
Saved best model to results/thesis_model_results/outputs/architecture_comparison_core/MLP__mse__minmax__seed42/mlp_state_dict_best.pt
Epoch 105 | train_loss=5.2728e-04 | train_eval_loss=5.2564e-04 | val_loss=5.4259e-04 | | lr=5.00e-04
Epoch 106 | train_loss=5.3026e-04 | train_eval_loss=5.2112e-04 | val_loss=5.4347e-04 | | lr=5.00e-04
Epoch 107 | train_loss=5.2539e-04 | train_eval_loss=5.0257e-04 | val_loss=5.2162e-04 | | lr=5.00e-04
Saved best model to results/thesis_model_results/outputs/architecture_comparison_core/MLP__mse__minmax__seed42/mlp_state_dict_best.pt
Epoch 108 | train_loss=5.1244e-04 | train_eval_loss=5.1020e-04 | val_loss=5.2370e-04 | | lr=5.00e-04
Epoch 109 | train_loss=5.2016e-04 | train_eval_loss=5.0535e-04 | val_loss=5.2537e-04 | | lr=5.00e-04
Epoch 110 | train_loss=5.2462e-04 | train_eval_loss=5.4813e-04 | val_loss=5.6360e-04 | | lr=5.00e-04
Epoch 111 | train_loss=5.3107e-04 | train_eval_loss=5.9711e-04 | val_loss=6.0736e-04 | | lr=5.00e-04
Epoch 112 | train_loss=5.3242e-04 | train_eval_loss=5.3112e-04 | val_loss=5.5151e-04 | | lr=5.00e-04
Epoch 113 | train_loss=5.3219e-04 | train_eval_loss=5.2503e-04 | val_loss=5.4689e-04 | | lr=5.00e-04
Epoch 114 | train_loss=5.1499e-04 | train_eval_loss=4.8964e-04 | val_loss=5.0587e-04 | | lr=5.00e-04
Saved best model to results/thesis_model_results/outputs/architecture_comparison_core/MLP__mse__minmax__seed42/mlp_state_dict_best.pt
Epoch 115 | train_loss=5.2802e-04 | train_eval_loss=5.0995e-04 | val_loss=5.3420e-04 | | lr=5.00e-04
Epoch 116 | train_loss=5.1873e-04 | train_eval_loss=5.2511e-04 | val_loss=5.4187e-04 | | lr=5.00e-04
Epoch 117 | train_loss=5.1901e-04 | train_eval_loss=5.2218e-04 | val_loss=5.4474e-04 | | lr=5.00e-04
Epoch 118 | train_loss=5.1945e-04 | train_eval_loss=4.9898e-04 | val_loss=5.1992e-04 | | lr=5.00e-04
Epoch 119 | train_loss=5.0567e-04 | train_eval_loss=5.1273e-04 | val_loss=5.3446e-04 | | lr=5.00e-04
Epoch 120 | train_loss=5.2276e-04 | train_eval_loss=5.5013e-04 | val_loss=5.7528e-04 | | lr=5.00e-04
Epoch 121 | train_loss=5.1112e-04 | train_eval_loss=4.8192e-04 | val_loss=5.0113e-04 | | lr=5.00e-04
Saved best model to results/thesis_model_results/outputs/architecture_comparison_core/MLP__mse__minmax__seed42/mlp_state_dict_best.pt
Epoch 122 | train_loss=4.9713e-04 | train_eval_loss=5.0203e-04 | val_loss=5.2338e-04 | | lr=5.00e-04
Epoch 123 | train_loss=5.0808e-04 | train_eval_loss=5.0829e-04 | val_loss=5.2827e-04 | | lr=5.00e-04
Epoch 124 | train_loss=5.0212e-04 | train_eval_loss=4.9097e-04 | val_loss=5.1312e-04 | | lr=5.00e-04
Epoch 125 | train_loss=5.1201e-04 | train_eval_loss=5.1725e-04 | val_loss=5.3830e-04 | | lr=5.00e-04
Epoch 126 | train_loss=5.0987e-04 | train_eval_loss=4.9292e-04 | val_loss=5.1362e-04 | | lr=5.00e-04
Epoch 127 | train_loss=5.0223e-04 | train_eval_loss=4.9516e-04 | val_loss=5.1344e-04 | | lr=5.00e-04
Epoch 128 | train_loss=5.0493e-04 | train_eval_loss=5.0722e-04 | val_loss=5.2602e-04 | | lr=5.00e-04
Epoch 129 | train_loss=4.9343e-04 | train_eval_loss=5.0016e-04 | val_loss=5.2608e-04 | | lr=5.00e-04
Epoch 130 | train_loss=5.1007e-04 | train_eval_loss=5.4846e-04 | val_loss=5.7838e-04 | | lr=5.00e-04
Epoch 131 | train_loss=4.6823e-04 | train_eval_loss=4.6860e-04 | val_loss=4.9810e-04 | | lr=2.50e-04
Saved best model to results/thesis_model_results/outputs/architecture_comparison_core/MLP__mse__minmax__seed42/mlp_state_dict_best.pt
Epoch 132 | train_loss=4.6649e-04 | train_eval_loss=4.6884e-04 | val_loss=4.9163e-04 | | lr=2.50e-04
Saved best model to results/thesis_model_results/outputs/architecture_comparison_core/MLP__mse__minmax__seed42/mlp_state_dict_best.pt
Epoch 133 | train_loss=4.5961e-04 | train_eval_loss=4.5645e-04 | val_loss=4.8295e-04 | | lr=2.50e-04
Saved best model to results/thesis_model_results/outputs/architecture_comparison_core/MLP__mse__minmax__seed42/mlp_state_dict_best.pt
Epoch 134 | train_loss=4.6060e-04 | train_eval_loss=4.5707e-04 | val_loss=4.8297e-04 | | lr=2.50e-04
Epoch 135 | train_loss=4.6189e-04 | train_eval_loss=4.6737e-04 | val_loss=4.9627e-04 | | lr=2.50e-04
Epoch 136 | train_loss=4.6016e-04 | train_eval_loss=4.5620e-04 | val_loss=4.8090e-04 | | lr=2.50e-04
Saved best model to results/thesis_model_results/outputs/architecture_comparison_core/MLP__mse__minmax__seed42/mlp_state_dict_best.pt
Epoch 137 | train_loss=4.6186e-04 | train_eval_loss=4.6970e-04 | val_loss=4.9376e-04 | | lr=2.50e-04
Epoch 138 | train_loss=4.5885e-04 | train_eval_loss=4.5368e-04 | val_loss=4.7780e-04 | | lr=2.50e-04
Saved best model to results/thesis_model_results/outputs/architecture_comparison_core/MLP__mse__minmax__seed42/mlp_state_dict_best.pt
Epoch 139 | train_loss=4.5856e-04 | train_eval_loss=4.6422e-04 | val_loss=4.8952e-04 | | lr=2.50e-04
Epoch 140 | train_loss=4.6173e-04 | train_eval_loss=4.5424e-04 | val_loss=4.8479e-04 | | lr=2.50e-04
Epoch 141 | train_loss=4.5839e-04 | train_eval_loss=4.4911e-04 | val_loss=4.7680e-04 | | lr=2.50e-04
Saved best model to results/thesis_model_results/outputs/architecture_comparison_core/MLP__mse__minmax__seed42/mlp_state_dict_best.pt
Epoch 142 | train_loss=4.5427e-04 | train_eval_loss=4.8604e-04 | val_loss=5.1682e-04 | | lr=2.50e-04
Epoch 143 | train_loss=4.5811e-04 | train_eval_loss=4.4998e-04 | val_loss=4.7831e-04 | | lr=2.50e-04
Epoch 144 | train_loss=4.5363e-04 | train_eval_loss=4.5005e-04 | val_loss=4.8045e-04 | | lr=2.50e-04
Epoch 145 | train_loss=4.6210e-04 | train_eval_loss=4.5822e-04 | val_loss=4.8669e-04 | | lr=2.50e-04
Epoch 146 | train_loss=4.6015e-04 | train_eval_loss=4.5800e-04 | val_loss=4.8833e-04 | | lr=2.50e-04
Epoch 147 | train_loss=4.5490e-04 | train_eval_loss=4.5190e-04 | val_loss=4.7998e-04 | | lr=2.50e-04
Epoch 148 | train_loss=4.5750e-04 | train_eval_loss=4.6822e-04 | val_loss=4.9681e-04 | | lr=2.50e-04
Epoch 149 | train_loss=4.5979e-04 | train_eval_loss=4.4942e-04 | val_loss=4.8183e-04 | | lr=2.50e-04
Epoch 150 | train_loss=4.5336e-04 | train_eval_loss=4.6808e-04 | val_loss=5.0079e-04 | | lr=2.50e-04
Epoch 151 | train_loss=4.4144e-04 | train_eval_loss=4.2882e-04 | val_loss=4.5889e-04 | | lr=1.25e-04
Saved best model to results/thesis_model_results/outputs/architecture_comparison_core/MLP__mse__minmax__seed42/mlp_state_dict_best.pt
Epoch 152 | train_loss=4.4000e-04 | train_eval_loss=4.2969e-04 | val_loss=4.6169e-04 | | lr=1.25e-04
Epoch 153 | train_loss=4.3553e-04 | train_eval_loss=4.3383e-04 | val_loss=4.6320e-04 | | lr=1.25e-04
Epoch 154 | train_loss=4.3710e-04 | train_eval_loss=4.3198e-04 | val_loss=4.6040e-04 | | lr=1.25e-04
Epoch 155 | train_loss=4.4026e-04 | train_eval_loss=4.4369e-04 | val_loss=4.7112e-04 | | lr=1.25e-04
Epoch 156 | train_loss=4.3948e-04 | train_eval_loss=4.4653e-04 | val_loss=4.7775e-04 | | lr=1.25e-04
Epoch 157 | train_loss=4.3650e-04 | train_eval_loss=4.3337e-04 | val_loss=4.6429e-04 | | lr=1.25e-04
Epoch 158 | train_loss=4.3699e-04 | train_eval_loss=4.3082e-04 | val_loss=4.6153e-04 | | lr=1.25e-04
Epoch 159 | train_loss=4.3645e-04 | train_eval_loss=4.2879e-04 | val_loss=4.6054e-04 | | lr=1.25e-04
Epoch 160 | train_loss=4.3754e-04 | train_eval_loss=4.4388e-04 | val_loss=4.7469e-04 | | lr=1.25e-04
Epoch 161 | train_loss=4.3009e-04 | train_eval_loss=4.2391e-04 | val_loss=4.5568e-04 | | lr=6.25e-05
Saved best model to results/thesis_model_results/outputs/architecture_comparison_core/MLP__mse__minmax__seed42/mlp_state_dict_best.pt
Epoch 162 | train_loss=4.2690e-04 | train_eval_loss=4.2331e-04 | val_loss=4.5308e-04 | | lr=6.25e-05
Saved best model to results/thesis_model_results/outputs/architecture_comparison_core/MLP__mse__minmax__seed42/mlp_state_dict_best.pt
Epoch 163 | train_loss=4.2436e-04 | train_eval_loss=4.2080e-04 | val_loss=4.5335e-04 | | lr=6.25e-05
Epoch 164 | train_loss=4.2491e-04 | train_eval_loss=4.2007e-04 | val_loss=4.5187e-04 | | lr=6.25e-05
Saved best model to results/thesis_model_results/outputs/architecture_comparison_core/MLP__mse__minmax__seed42/mlp_state_dict_best.pt
Epoch 165 | train_loss=4.2632e-04 | train_eval_loss=4.2436e-04 | val_loss=4.5695e-04 | | lr=6.25e-05
Epoch 166 | train_loss=4.2374e-04 | train_eval_loss=4.2199e-04 | val_loss=4.5600e-04 | | lr=6.25e-05
Epoch 167 | train_loss=4.2477e-04 | train_eval_loss=4.2357e-04 | val_loss=4.5638e-04 | | lr=6.25e-05
Epoch 168 | train_loss=4.2334e-04 | train_eval_loss=4.2251e-04 | val_loss=4.5491e-04 | | lr=6.25e-05
Epoch 169 | train_loss=4.2630e-04 | train_eval_loss=4.2058e-04 | val_loss=4.5201e-04 | | lr=6.25e-05
Epoch 170 | train_loss=4.2449e-04 | train_eval_loss=4.2043e-04 | val_loss=4.5216e-04 | | lr=6.25e-05
Epoch 171 | train_loss=4.2463e-04 | train_eval_loss=4.2332e-04 | val_loss=4.5706e-04 | | lr=6.25e-05
Epoch 172 | train_loss=4.2568e-04 | train_eval_loss=4.2356e-04 | val_loss=4.5214e-04 | | lr=6.25e-05
Epoch 173 | train_loss=4.2619e-04 | train_eval_loss=4.2160e-04 | val_loss=4.5515e-04 | | lr=6.25e-05
Epoch 174 | train_loss=4.1902e-04 | train_eval_loss=4.1594e-04 | val_loss=4.4932e-04 | | lr=3.13e-05
Saved best model to results/thesis_model_results/outputs/architecture_comparison_core/MLP__mse__minmax__seed42/mlp_state_dict_best.pt
Epoch 175 | train_loss=4.1880e-04 | train_eval_loss=4.1657e-04 | val_loss=4.4955e-04 | | lr=3.13e-05
Epoch 176 | train_loss=4.1940e-04 | train_eval_loss=4.1622e-04 | val_loss=4.4888e-04 | | lr=3.13e-05
Saved best model to results/thesis_model_results/outputs/architecture_comparison_core/MLP__mse__minmax__seed42/mlp_state_dict_best.pt
Epoch 177 | train_loss=4.1889e-04 | train_eval_loss=4.1615e-04 | val_loss=4.4993e-04 | | lr=3.13e-05
Epoch 178 | train_loss=4.1818e-04 | train_eval_loss=4.1770e-04 | val_loss=4.5021e-04 | | lr=3.13e-05
Epoch 179 | train_loss=4.1980e-04 | train_eval_loss=4.1709e-04 | val_loss=4.5083e-04 | | lr=3.13e-05
Epoch 180 | train_loss=4.1846e-04 | train_eval_loss=4.1720e-04 | val_loss=4.5029e-04 | | lr=3.13e-05
Epoch 181 | train_loss=4.1753e-04 | train_eval_loss=4.1547e-04 | val_loss=4.4830e-04 | | lr=3.13e-05
Saved best model to results/thesis_model_results/outputs/architecture_comparison_core/MLP__mse__minmax__seed42/mlp_state_dict_best.pt
Epoch 182 | train_loss=4.1864e-04 | train_eval_loss=4.1599e-04 | val_loss=4.4839e-04 | | lr=3.13e-05
Epoch 183 | train_loss=4.1826e-04 | train_eval_loss=4.1608e-04 | val_loss=4.4820e-04 | | lr=3.13e-05
Saved best model to results/thesis_model_results/outputs/architecture_comparison_core/MLP__mse__minmax__seed42/mlp_state_dict_best.pt
Epoch 184 | train_loss=4.1777e-04 | train_eval_loss=4.1715e-04 | val_loss=4.4840e-04 | | lr=3.13e-05
Epoch 185 | train_loss=4.1817e-04 | train_eval_loss=4.1659e-04 | val_loss=4.4974e-04 | | lr=3.13e-05
Epoch 186 | train_loss=4.1821e-04 | train_eval_loss=4.1980e-04 | val_loss=4.5183e-04 | | lr=3.13e-05
Epoch 187 | train_loss=4.1843e-04 | train_eval_loss=4.1758e-04 | val_loss=4.5251e-04 | | lr=3.13e-05
Epoch 188 | train_loss=4.1845e-04 | train_eval_loss=4.1596e-04 | val_loss=4.4932e-04 | | lr=3.13e-05
Epoch 189 | train_loss=4.1871e-04 | train_eval_loss=4.1567e-04 | val_loss=4.4857e-04 | | lr=3.13e-05
Epoch 190 | train_loss=4.1845e-04 | train_eval_loss=4.1776e-04 | val_loss=4.5190e-04 | | lr=3.13e-05
Epoch 191 | train_loss=4.1835e-04 | train_eval_loss=4.1942e-04 | val_loss=4.5250e-04 | | lr=3.13e-05
Epoch 192 | train_loss=4.1800e-04 | train_eval_loss=4.1353e-04 | val_loss=4.4724e-04 | | lr=3.13e-05
Saved best model to results/thesis_model_results/outputs/architecture_comparison_core/MLP__mse__minmax__seed42/mlp_state_dict_best.pt
Epoch 193 | train_loss=4.1712e-04 | train_eval_loss=4.1473e-04 | val_loss=4.4777e-04 | | lr=3.13e-05
Epoch 194 | train_loss=4.1694e-04 | train_eval_loss=4.1318e-04 | val_loss=4.4653e-04 | | lr=3.13e-05
Saved best model to results/thesis_model_results/outputs/architecture_comparison_core/MLP__mse__minmax__seed42/mlp_state_dict_best.pt
Epoch 195 | train_loss=4.1667e-04 | train_eval_loss=4.1853e-04 | val_loss=4.5329e-04 | | lr=3.13e-05
Epoch 196 | train_loss=4.1652e-04 | train_eval_loss=4.1353e-04 | val_loss=4.4798e-04 | | lr=3.13e-05
Epoch 197 | train_loss=4.1738e-04 | train_eval_loss=4.1599e-04 | val_loss=4.4825e-04 | | lr=3.13e-05
Epoch 198 | train_loss=4.1683e-04 | train_eval_loss=4.1351e-04 | val_loss=4.4694e-04 | | lr=3.13e-05
Epoch 199 | train_loss=4.1525e-04 | train_eval_loss=4.1498e-04 | val_loss=4.4884e-04 | | lr=3.13e-05
Epoch 200 | train_loss=4.1673e-04 | train_eval_loss=4.1738e-04 | val_loss=4.5005e-04 | | lr=3.13e-05
Saved training logs to results/thesis_model_results/outputs/architecture_comparison_core/MLP__mse__minmax__seed42/training_summary.txt
Test RMSE(rocof_COI) = 0.0160 | norm: 0.0121 | real_diff: 0.0117
Test RMSE(dev_COI) = 0.0304 | norm: 0.0113 | real_diff: 0.0178
Test RMSE(Delta_P_IBR_1) = 0.1274 | norm: 0.0201 | real_diff: 0.0893
Test RMSE(Delta_P_IBR_2) = 0.1297 | norm: 0.0180 | real_diff: 0.0804
Test RMSE(Delta_P_IBR_3) = 0.1877 | norm: 0.0330 | real_diff: 0.1035
Test RMSE(Delta_P_IBR_4) = 0.2119 | norm: 0.0219 | real_diff: 0.1421
Saved RMSE results to results/thesis_model_results/outputs/architecture_comparison_core/MLP__mse__minmax__seed42/rmse_results.txt
Saved detailed metrics to results/thesis_model_results/outputs/architecture_comparison_core/MLP__mse__minmax__seed42/metrics_by_target.csv
Saved aggregate metrics to results/thesis_model_results/outputs/architecture_comparison_core/MLP__mse__minmax__seed42/metrics_summary.json
Saved loss curves to results/thesis_model_results/outputs/architecture_comparison_core/MLP__mse__minmax__seed42/loss_curve.png
Saved scatter plot results/thesis_model_results/outputs/architecture_comparison_core/MLP__mse__minmax__seed42/scatter_rocof_COI.png
Saved scatter plot results/thesis_model_results/outputs/architecture_comparison_core/MLP__mse__minmax__seed42/scatter_dev_COI.png
Saved scatter plot results/thesis_model_results/outputs/architecture_comparison_core/MLP__mse__minmax__seed42/scatter_Delta_P_IBR_1.png
Saved scatter plot results/thesis_model_results/outputs/architecture_comparison_core/MLP__mse__minmax__seed42/scatter_Delta_P_IBR_2.png
Saved scatter plot results/thesis_model_results/outputs/architecture_comparison_core/MLP__mse__minmax__seed42/scatter_Delta_P_IBR_3.png
Saved scatter plot results/thesis_model_results/outputs/architecture_comparison_core/MLP__mse__minmax__seed42/scatter_Delta_P_IBR_4.png
Saved model to results/thesis_model_results/outputs/architecture_comparison_core/MLP__mse__minmax__seed42/mlp_state_dict.pt
Loss type: mse | weights=[]
Target stats (scaled):
train mean=[0.549  0.589  0.492  0.4884 0.4785 0.4192]
train std=[0.1365 0.1371 0.1141 0.1063 0.1158 0.1138]
train q05=[0.3074 0.3979 0.3192 0.303  0.3347 0.2205]
train q95=[0.7933 0.8652 0.6719 0.6491 0.6927 0.6016]
val mean=[0.5473 0.5873 0.4922 0.4893 0.4798 0.4201]
val std=[0.1343 0.1348 0.1123 0.1072 0.1141 0.1112]
val q05=[0.3103 0.3982 0.3195 0.303  0.3376 0.2251]
val q95=[0.7886 0.8626 0.6731 0.6514 0.6918 0.5984]
val/train std ratio=[0.984  0.9828 0.9844 1.0084 0.9848 0.9772]
LR scheduler: ReduceLROnPlateau (factor=0.5, patience=8, min_lr=1e-07)
Epoch 001 | train_loss=2.7848e-02 | train_eval_loss=1.4016e-02 | val_loss=1.3638e-02 | | lr=1.00e-03
Saved best model to results/thesis_model_results/outputs/architecture_comparison_core/MTLSH__mse__minmax__seed42/mtlsh_state_dict_best.pt
Epoch 002 | train_loss=1.1869e-02 | train_eval_loss=6.6298e-03 | val_loss=6.4836e-03 | | lr=1.00e-03
Saved best model to results/thesis_model_results/outputs/architecture_comparison_core/MTLSH__mse__minmax__seed42/mtlsh_state_dict_best.pt
Epoch 003 | train_loss=3.8877e-03 | train_eval_loss=3.0940e-03 | val_loss=3.0501e-03 | | lr=1.00e-03
Saved best model to results/thesis_model_results/outputs/architecture_comparison_core/MTLSH__mse__minmax__seed42/mtlsh_state_dict_best.pt
Epoch 004 | train_loss=2.6839e-03 | train_eval_loss=2.2972e-03 | val_loss=2.2515e-03 | | lr=1.00e-03
Saved best model to results/thesis_model_results/outputs/architecture_comparison_core/MTLSH__mse__minmax__seed42/mtlsh_state_dict_best.pt
Epoch 005 | train_loss=2.1873e-03 | train_eval_loss=1.9245e-03 | val_loss=1.8869e-03 | | lr=1.00e-03
Saved best model to results/thesis_model_results/outputs/architecture_comparison_core/MTLSH__mse__minmax__seed42/mtlsh_state_dict_best.pt
Epoch 006 | train_loss=1.8846e-03 | train_eval_loss=1.7597e-03 | val_loss=1.7285e-03 | | lr=1.00e-03
Saved best model to results/thesis_model_results/outputs/architecture_comparison_core/MTLSH__mse__minmax__seed42/mtlsh_state_dict_best.pt
Epoch 007 | train_loss=1.7549e-03 | train_eval_loss=1.6569e-03 | val_loss=1.6242e-03 | | lr=1.00e-03
Saved best model to results/thesis_model_results/outputs/architecture_comparison_core/MTLSH__mse__minmax__seed42/mtlsh_state_dict_best.pt
Epoch 008 | train_loss=1.6816e-03 | train_eval_loss=1.6980e-03 | val_loss=1.6761e-03 | | lr=1.00e-03
Epoch 009 | train_loss=1.6823e-03 | train_eval_loss=1.5880e-03 | val_loss=1.5737e-03 | | lr=1.00e-03
Saved best model to results/thesis_model_results/outputs/architecture_comparison_core/MTLSH__mse__minmax__seed42/mtlsh_state_dict_best.pt
Epoch 010 | train_loss=1.5483e-03 | train_eval_loss=1.5058e-03 | val_loss=1.4865e-03 | | lr=1.00e-03
Saved best model to results/thesis_model_results/outputs/architecture_comparison_core/MTLSH__mse__minmax__seed42/mtlsh_state_dict_best.pt
Epoch 011 | train_loss=1.4997e-03 | train_eval_loss=1.4248e-03 | val_loss=1.4121e-03 | | lr=1.00e-03
Saved best model to results/thesis_model_results/outputs/architecture_comparison_core/MTLSH__mse__minmax__seed42/mtlsh_state_dict_best.pt
Epoch 012 | train_loss=1.4005e-03 | train_eval_loss=1.3747e-03 | val_loss=1.3560e-03 | | lr=1.00e-03
Saved best model to results/thesis_model_results/outputs/architecture_comparison_core/MTLSH__mse__minmax__seed42/mtlsh_state_dict_best.pt
Epoch 013 | train_loss=1.3999e-03 | train_eval_loss=1.3929e-03 | val_loss=1.3739e-03 | | lr=1.00e-03
Epoch 014 | train_loss=1.3336e-03 | train_eval_loss=1.2483e-03 | val_loss=1.2387e-03 | | lr=1.00e-03
Saved best model to results/thesis_model_results/outputs/architecture_comparison_core/MTLSH__mse__minmax__seed42/mtlsh_state_dict_best.pt
Epoch 015 | train_loss=1.2841e-03 | train_eval_loss=1.2436e-03 | val_loss=1.2353e-03 | | lr=1.00e-03
Saved best model to results/thesis_model_results/outputs/architecture_comparison_core/MTLSH__mse__minmax__seed42/mtlsh_state_dict_best.pt
Epoch 016 | train_loss=1.3078e-03 | train_eval_loss=1.3200e-03 | val_loss=1.3099e-03 | | lr=1.00e-03
Epoch 017 | train_loss=1.2350e-03 | train_eval_loss=1.1919e-03 | val_loss=1.1833e-03 | | lr=1.00e-03
Saved best model to results/thesis_model_results/outputs/architecture_comparison_core/MTLSH__mse__minmax__seed42/mtlsh_state_dict_best.pt
Epoch 018 | train_loss=1.1873e-03 | train_eval_loss=1.1660e-03 | val_loss=1.1619e-03 | | lr=1.00e-03
Saved best model to results/thesis_model_results/outputs/architecture_comparison_core/MTLSH__mse__minmax__seed42/mtlsh_state_dict_best.pt
Epoch 019 | train_loss=1.1711e-03 | train_eval_loss=1.2374e-03 | val_loss=1.2280e-03 | | lr=1.00e-03
Epoch 020 | train_loss=1.1105e-03 | train_eval_loss=1.1056e-03 | val_loss=1.0974e-03 | | lr=1.00e-03
Saved best model to results/thesis_model_results/outputs/architecture_comparison_core/MTLSH__mse__minmax__seed42/mtlsh_state_dict_best.pt
Epoch 021 | train_loss=1.1075e-03 | train_eval_loss=1.0364e-03 | val_loss=1.0324e-03 | | lr=1.00e-03
Saved best model to results/thesis_model_results/outputs/architecture_comparison_core/MTLSH__mse__minmax__seed42/mtlsh_state_dict_best.pt
Epoch 022 | train_loss=1.0950e-03 | train_eval_loss=1.1403e-03 | val_loss=1.1383e-03 | | lr=1.00e-03
Epoch 023 | train_loss=1.1114e-03 | train_eval_loss=1.0702e-03 | val_loss=1.0672e-03 | | lr=1.00e-03
Epoch 024 | train_loss=1.0281e-03 | train_eval_loss=1.0196e-03 | val_loss=1.0152e-03 | | lr=1.00e-03
Saved best model to results/thesis_model_results/outputs/architecture_comparison_core/MTLSH__mse__minmax__seed42/mtlsh_state_dict_best.pt
Epoch 025 | train_loss=1.0287e-03 | train_eval_loss=1.0128e-03 | val_loss=1.0076e-03 | | lr=1.00e-03
Saved best model to results/thesis_model_results/outputs/architecture_comparison_core/MTLSH__mse__minmax__seed42/mtlsh_state_dict_best.pt
Epoch 026 | train_loss=9.8893e-04 | train_eval_loss=9.3871e-04 | val_loss=9.3879e-04 | | lr=1.00e-03
Saved best model to results/thesis_model_results/outputs/architecture_comparison_core/MTLSH__mse__minmax__seed42/mtlsh_state_dict_best.pt
Epoch 027 | train_loss=9.7418e-04 | train_eval_loss=1.0147e-03 | val_loss=1.0129e-03 | | lr=1.00e-03
Epoch 028 | train_loss=9.6083e-04 | train_eval_loss=1.0181e-03 | val_loss=1.0233e-03 | | lr=1.00e-03
Epoch 029 | train_loss=9.2157e-04 | train_eval_loss=8.4723e-04 | val_loss=8.4719e-04 | | lr=1.00e-03
Saved best model to results/thesis_model_results/outputs/architecture_comparison_core/MTLSH__mse__minmax__seed42/mtlsh_state_dict_best.pt
Epoch 030 | train_loss=9.2854e-04 | train_eval_loss=9.3121e-04 | val_loss=9.3057e-04 | | lr=1.00e-03
Epoch 031 | train_loss=8.8767e-04 | train_eval_loss=8.2690e-04 | val_loss=8.2563e-04 | | lr=1.00e-03
Saved best model to results/thesis_model_results/outputs/architecture_comparison_core/MTLSH__mse__minmax__seed42/mtlsh_state_dict_best.pt
Epoch 032 | train_loss=8.5600e-04 | train_eval_loss=8.1023e-04 | val_loss=8.0991e-04 | | lr=1.00e-03
Saved best model to results/thesis_model_results/outputs/architecture_comparison_core/MTLSH__mse__minmax__seed42/mtlsh_state_dict_best.pt
Epoch 033 | train_loss=8.4328e-04 | train_eval_loss=8.2770e-04 | val_loss=8.2699e-04 | | lr=1.00e-03
Epoch 034 | train_loss=8.3792e-04 | train_eval_loss=8.5966e-04 | val_loss=8.5752e-04 | | lr=1.00e-03
Epoch 035 | train_loss=8.1025e-04 | train_eval_loss=8.5912e-04 | val_loss=8.5743e-04 | | lr=1.00e-03
Epoch 036 | train_loss=7.7773e-04 | train_eval_loss=7.9578e-04 | val_loss=7.9666e-04 | | lr=1.00e-03
Saved best model to results/thesis_model_results/outputs/architecture_comparison_core/MTLSH__mse__minmax__seed42/mtlsh_state_dict_best.pt
Epoch 037 | train_loss=8.1284e-04 | train_eval_loss=8.6863e-04 | val_loss=8.6726e-04 | | lr=1.00e-03
Epoch 038 | train_loss=7.5795e-04 | train_eval_loss=7.1985e-04 | val_loss=7.2013e-04 | | lr=1.00e-03
Saved best model to results/thesis_model_results/outputs/architecture_comparison_core/MTLSH__mse__minmax__seed42/mtlsh_state_dict_best.pt
Epoch 039 | train_loss=7.6479e-04 | train_eval_loss=9.2609e-04 | val_loss=9.1886e-04 | | lr=1.00e-03
Epoch 040 | train_loss=8.4949e-04 | train_eval_loss=1.0709e-03 | val_loss=1.0692e-03 | | lr=1.00e-03
Epoch 041 | train_loss=7.8590e-04 | train_eval_loss=6.6394e-04 | val_loss=6.6691e-04 | | lr=1.00e-03
Saved best model to results/thesis_model_results/outputs/architecture_comparison_core/MTLSH__mse__minmax__seed42/mtlsh_state_dict_best.pt
Epoch 042 | train_loss=6.9084e-04 | train_eval_loss=6.9837e-04 | val_loss=6.9969e-04 | | lr=1.00e-03
Epoch 043 | train_loss=7.4763e-04 | train_eval_loss=6.7587e-04 | val_loss=6.7466e-04 | | lr=1.00e-03
Epoch 044 | train_loss=7.2900e-04 | train_eval_loss=7.2334e-04 | val_loss=7.2231e-04 | | lr=1.00e-03
Epoch 045 | train_loss=7.0767e-04 | train_eval_loss=6.9248e-04 | val_loss=6.9320e-04 | | lr=1.00e-03
Epoch 046 | train_loss=6.5798e-04 | train_eval_loss=8.5813e-04 | val_loss=8.6681e-04 | | lr=1.00e-03
Epoch 047 | train_loss=7.6846e-04 | train_eval_loss=6.0850e-04 | val_loss=6.0963e-04 | | lr=1.00e-03
Saved best model to results/thesis_model_results/outputs/architecture_comparison_core/MTLSH__mse__minmax__seed42/mtlsh_state_dict_best.pt
Epoch 048 | train_loss=6.5467e-04 | train_eval_loss=6.5745e-04 | val_loss=6.5777e-04 | | lr=1.00e-03
Epoch 049 | train_loss=7.6010e-04 | train_eval_loss=8.9338e-04 | val_loss=8.9637e-04 | | lr=1.00e-03
Epoch 050 | train_loss=6.8647e-04 | train_eval_loss=6.3040e-04 | val_loss=6.3449e-04 | | lr=1.00e-03
Epoch 051 | train_loss=6.4527e-04 | train_eval_loss=6.2538e-04 | val_loss=6.2815e-04 | | lr=1.00e-03
Epoch 052 | train_loss=6.3244e-04 | train_eval_loss=6.2319e-04 | val_loss=6.2503e-04 | | lr=1.00e-03
Epoch 053 | train_loss=6.5392e-04 | train_eval_loss=9.7862e-04 | val_loss=9.7829e-04 | | lr=1.00e-03
Epoch 054 | train_loss=7.0784e-04 | train_eval_loss=8.4151e-04 | val_loss=8.5659e-04 | | lr=1.00e-03
Epoch 055 | train_loss=6.7185e-04 | train_eval_loss=5.8563e-04 | val_loss=5.8916e-04 | | lr=1.00e-03
Saved best model to results/thesis_model_results/outputs/architecture_comparison_core/MTLSH__mse__minmax__seed42/mtlsh_state_dict_best.pt
Epoch 056 | train_loss=6.9023e-04 | train_eval_loss=6.3063e-04 | val_loss=6.3565e-04 | | lr=1.00e-03
Epoch 057 | train_loss=5.9139e-04 | train_eval_loss=5.8193e-04 | val_loss=5.8956e-04 | | lr=1.00e-03
Epoch 058 | train_loss=6.4204e-04 | train_eval_loss=6.6279e-04 | val_loss=6.6483e-04 | | lr=1.00e-03
Epoch 059 | train_loss=6.3151e-04 | train_eval_loss=6.1508e-04 | val_loss=6.2112e-04 | | lr=1.00e-03
Epoch 060 | train_loss=6.3889e-04 | train_eval_loss=6.5637e-04 | val_loss=6.6349e-04 | | lr=1.00e-03
Epoch 061 | train_loss=6.0418e-04 | train_eval_loss=7.0792e-04 | val_loss=7.1480e-04 | | lr=1.00e-03
Epoch 062 | train_loss=6.0751e-04 | train_eval_loss=5.6941e-04 | val_loss=5.7879e-04 | | lr=1.00e-03
Saved best model to results/thesis_model_results/outputs/architecture_comparison_core/MTLSH__mse__minmax__seed42/mtlsh_state_dict_best.pt
Epoch 063 | train_loss=7.2154e-04 | train_eval_loss=6.2376e-04 | val_loss=6.4546e-04 | | lr=1.00e-03
Epoch 064 | train_loss=5.9408e-04 | train_eval_loss=6.6401e-04 | val_loss=6.8202e-04 | | lr=1.00e-03
Epoch 065 | train_loss=5.8234e-04 | train_eval_loss=5.7950e-04 | val_loss=5.9683e-04 | | lr=1.00e-03
Epoch 066 | train_loss=5.8527e-04 | train_eval_loss=6.1504e-04 | val_loss=6.3678e-04 | | lr=1.00e-03
Epoch 067 | train_loss=5.9513e-04 | train_eval_loss=6.6812e-04 | val_loss=6.9216e-04 | | lr=1.00e-03
Epoch 068 | train_loss=6.2321e-04 | train_eval_loss=7.4358e-04 | val_loss=7.4869e-04 | | lr=1.00e-03
Epoch 069 | train_loss=5.9065e-04 | train_eval_loss=5.9946e-04 | val_loss=6.2280e-04 | | lr=1.00e-03
Epoch 070 | train_loss=5.8874e-04 | train_eval_loss=7.4033e-04 | val_loss=7.5694e-04 | | lr=1.00e-03
Epoch 071 | train_loss=6.0038e-04 | train_eval_loss=5.6300e-04 | val_loss=5.7504e-04 | | lr=1.00e-03
Saved best model to results/thesis_model_results/outputs/architecture_comparison_core/MTLSH__mse__minmax__seed42/mtlsh_state_dict_best.pt
Epoch 072 | train_loss=5.6916e-04 | train_eval_loss=6.3150e-04 | val_loss=6.5023e-04 | | lr=1.00e-03
Epoch 073 | train_loss=5.5928e-04 | train_eval_loss=5.4972e-04 | val_loss=5.6248e-04 | | lr=1.00e-03
Saved best model to results/thesis_model_results/outputs/architecture_comparison_core/MTLSH__mse__minmax__seed42/mtlsh_state_dict_best.pt
Epoch 074 | train_loss=5.3195e-04 | train_eval_loss=5.5555e-04 | val_loss=5.7785e-04 | | lr=1.00e-03
Epoch 075 | train_loss=5.7564e-04 | train_eval_loss=5.5576e-04 | val_loss=5.7416e-04 | | lr=1.00e-03
Epoch 076 | train_loss=5.8255e-04 | train_eval_loss=5.8116e-04 | val_loss=6.0336e-04 | | lr=1.00e-03
Epoch 077 | train_loss=5.7059e-04 | train_eval_loss=6.1380e-04 | val_loss=6.4024e-04 | | lr=1.00e-03
Epoch 078 | train_loss=5.5523e-04 | train_eval_loss=5.8463e-04 | val_loss=6.1410e-04 | | lr=1.00e-03
Epoch 079 | train_loss=5.3253e-04 | train_eval_loss=5.4222e-04 | val_loss=5.6974e-04 | | lr=1.00e-03
Epoch 080 | train_loss=6.3913e-04 | train_eval_loss=6.0248e-04 | val_loss=6.2948e-04 | | lr=1.00e-03
Epoch 081 | train_loss=5.7897e-04 | train_eval_loss=5.5792e-04 | val_loss=5.8599e-04 | | lr=1.00e-03
Epoch 082 | train_loss=5.4182e-04 | train_eval_loss=5.2336e-04 | val_loss=5.4423e-04 | | lr=1.00e-03
Saved best model to results/thesis_model_results/outputs/architecture_comparison_core/MTLSH__mse__minmax__seed42/mtlsh_state_dict_best.pt
Epoch 083 | train_loss=5.3989e-04 | train_eval_loss=4.9569e-04 | val_loss=5.1441e-04 | | lr=1.00e-03
Saved best model to results/thesis_model_results/outputs/architecture_comparison_core/MTLSH__mse__minmax__seed42/mtlsh_state_dict_best.pt
Epoch 084 | train_loss=5.1498e-04 | train_eval_loss=4.7613e-04 | val_loss=5.0035e-04 | | lr=1.00e-03
Saved best model to results/thesis_model_results/outputs/architecture_comparison_core/MTLSH__mse__minmax__seed42/mtlsh_state_dict_best.pt
Epoch 085 | train_loss=5.0923e-04 | train_eval_loss=5.3216e-04 | val_loss=5.6035e-04 | | lr=1.00e-03
Epoch 086 | train_loss=5.1397e-04 | train_eval_loss=5.4873e-04 | val_loss=5.7786e-04 | | lr=1.00e-03
Epoch 087 | train_loss=5.0110e-04 | train_eval_loss=6.5733e-04 | val_loss=6.8984e-04 | | lr=1.00e-03
Epoch 088 | train_loss=5.9116e-04 | train_eval_loss=4.8411e-04 | val_loss=5.0490e-04 | | lr=1.00e-03
Epoch 089 | train_loss=5.5996e-04 | train_eval_loss=5.3965e-04 | val_loss=5.6290e-04 | | lr=1.00e-03
Epoch 090 | train_loss=5.5631e-04 | train_eval_loss=4.4604e-04 | val_loss=4.7910e-04 | | lr=1.00e-03
Saved best model to results/thesis_model_results/outputs/architecture_comparison_core/MTLSH__mse__minmax__seed42/mtlsh_state_dict_best.pt
Epoch 091 | train_loss=5.4512e-04 | train_eval_loss=4.7473e-04 | val_loss=4.9958e-04 | | lr=1.00e-03
Epoch 092 | train_loss=5.1111e-04 | train_eval_loss=4.3501e-04 | val_loss=4.7010e-04 | | lr=1.00e-03
Saved best model to results/thesis_model_results/outputs/architecture_comparison_core/MTLSH__mse__minmax__seed42/mtlsh_state_dict_best.pt
Epoch 093 | train_loss=4.8537e-04 | train_eval_loss=5.0301e-04 | val_loss=5.2492e-04 | | lr=1.00e-03
Epoch 094 | train_loss=5.3372e-04 | train_eval_loss=5.7151e-04 | val_loss=5.9459e-04 | | lr=1.00e-03
Epoch 095 | train_loss=4.9360e-04 | train_eval_loss=4.6483e-04 | val_loss=4.9949e-04 | | lr=1.00e-03
Epoch 096 | train_loss=5.1374e-04 | train_eval_loss=4.4454e-04 | val_loss=4.8057e-04 | | lr=1.00e-03
Epoch 097 | train_loss=5.0192e-04 | train_eval_loss=5.2380e-04 | val_loss=5.5276e-04 | | lr=1.00e-03
Epoch 098 | train_loss=4.8400e-04 | train_eval_loss=5.2027e-04 | val_loss=5.5968e-04 | | lr=1.00e-03
Epoch 099 | train_loss=5.0957e-04 | train_eval_loss=6.3112e-04 | val_loss=6.7241e-04 | | lr=1.00e-03
Epoch 100 | train_loss=4.7745e-04 | train_eval_loss=4.3970e-04 | val_loss=4.7580e-04 | | lr=1.00e-03
Epoch 101 | train_loss=4.8867e-04 | train_eval_loss=5.4464e-04 | val_loss=5.8627e-04 | | lr=1.00e-03
Epoch 102 | train_loss=4.0895e-04 | train_eval_loss=4.5499e-04 | val_loss=4.9248e-04 | | lr=5.00e-04
Epoch 103 | train_loss=4.0199e-04 | train_eval_loss=3.9729e-04 | val_loss=4.3592e-04 | | lr=5.00e-04
Saved best model to results/thesis_model_results/outputs/architecture_comparison_core/MTLSH__mse__minmax__seed42/mtlsh_state_dict_best.pt
Epoch 104 | train_loss=3.9703e-04 | train_eval_loss=3.8118e-04 | val_loss=4.2238e-04 | | lr=5.00e-04
Saved best model to results/thesis_model_results/outputs/architecture_comparison_core/MTLSH__mse__minmax__seed42/mtlsh_state_dict_best.pt
Epoch 105 | train_loss=3.9615e-04 | train_eval_loss=3.8451e-04 | val_loss=4.2368e-04 | | lr=5.00e-04
Epoch 106 | train_loss=4.0861e-04 | train_eval_loss=4.3133e-04 | val_loss=4.7706e-04 | | lr=5.00e-04
Epoch 107 | train_loss=3.9538e-04 | train_eval_loss=4.0179e-04 | val_loss=4.4102e-04 | | lr=5.00e-04
Epoch 108 | train_loss=3.9109e-04 | train_eval_loss=3.9727e-04 | val_loss=4.3956e-04 | | lr=5.00e-04
Epoch 109 | train_loss=4.0593e-04 | train_eval_loss=3.8898e-04 | val_loss=4.3075e-04 | | lr=5.00e-04
Epoch 110 | train_loss=4.0901e-04 | train_eval_loss=3.7472e-04 | val_loss=4.1617e-04 | | lr=5.00e-04
Saved best model to results/thesis_model_results/outputs/architecture_comparison_core/MTLSH__mse__minmax__seed42/mtlsh_state_dict_best.pt
Epoch 111 | train_loss=3.9428e-04 | train_eval_loss=4.5734e-04 | val_loss=5.0129e-04 | | lr=5.00e-04
Epoch 112 | train_loss=4.0422e-04 | train_eval_loss=4.4926e-04 | val_loss=4.8810e-04 | | lr=5.00e-04
Epoch 113 | train_loss=4.1385e-04 | train_eval_loss=5.2530e-04 | val_loss=5.7061e-04 | | lr=5.00e-04
Epoch 114 | train_loss=4.0497e-04 | train_eval_loss=3.7871e-04 | val_loss=4.1868e-04 | | lr=5.00e-04
Epoch 115 | train_loss=3.8157e-04 | train_eval_loss=3.7689e-04 | val_loss=4.1831e-04 | | lr=5.00e-04
Epoch 116 | train_loss=3.8504e-04 | train_eval_loss=3.8621e-04 | val_loss=4.3261e-04 | | lr=5.00e-04
Epoch 117 | train_loss=3.8834e-04 | train_eval_loss=3.7081e-04 | val_loss=4.1289e-04 | | lr=5.00e-04
Saved best model to results/thesis_model_results/outputs/architecture_comparison_core/MTLSH__mse__minmax__seed42/mtlsh_state_dict_best.pt
Epoch 118 | train_loss=3.9778e-04 | train_eval_loss=4.0184e-04 | val_loss=4.4454e-04 | | lr=5.00e-04
Epoch 119 | train_loss=3.9955e-04 | train_eval_loss=4.5848e-04 | val_loss=5.0300e-04 | | lr=5.00e-04
Epoch 120 | train_loss=4.0338e-04 | train_eval_loss=3.6997e-04 | val_loss=4.1648e-04 | | lr=5.00e-04
Epoch 121 | train_loss=3.9458e-04 | train_eval_loss=6.1206e-04 | val_loss=6.7113e-04 | | lr=5.00e-04
Epoch 122 | train_loss=4.0202e-04 | train_eval_loss=3.7262e-04 | val_loss=4.2392e-04 | | lr=5.00e-04
Epoch 123 | train_loss=3.8159e-04 | train_eval_loss=3.5330e-04 | val_loss=4.0295e-04 | | lr=5.00e-04
Saved best model to results/thesis_model_results/outputs/architecture_comparison_core/MTLSH__mse__minmax__seed42/mtlsh_state_dict_best.pt
Epoch 124 | train_loss=3.9236e-04 | train_eval_loss=3.6905e-04 | val_loss=4.1556e-04 | | lr=5.00e-04
Epoch 125 | train_loss=3.9398e-04 | train_eval_loss=3.7767e-04 | val_loss=4.2158e-04 | | lr=5.00e-04
Epoch 126 | train_loss=3.8334e-04 | train_eval_loss=4.1107e-04 | val_loss=4.5125e-04 | | lr=5.00e-04
Epoch 127 | train_loss=3.8924e-04 | train_eval_loss=3.7466e-04 | val_loss=4.2313e-04 | | lr=5.00e-04
Epoch 128 | train_loss=3.8301e-04 | train_eval_loss=3.9002e-04 | val_loss=4.2675e-04 | | lr=5.00e-04
Epoch 129 | train_loss=3.7757e-04 | train_eval_loss=3.9986e-04 | val_loss=4.4578e-04 | | lr=5.00e-04
Epoch 130 | train_loss=3.8232e-04 | train_eval_loss=3.5839e-04 | val_loss=3.9949e-04 | | lr=5.00e-04
Saved best model to results/thesis_model_results/outputs/architecture_comparison_core/MTLSH__mse__minmax__seed42/mtlsh_state_dict_best.pt
Epoch 131 | train_loss=3.7692e-04 | train_eval_loss=4.1412e-04 | val_loss=4.6443e-04 | | lr=5.00e-04
Epoch 132 | train_loss=3.7703e-04 | train_eval_loss=3.6223e-04 | val_loss=4.1482e-04 | | lr=5.00e-04
Epoch 133 | train_loss=3.9492e-04 | train_eval_loss=5.0562e-04 | val_loss=5.4755e-04 | | lr=5.00e-04
Epoch 134 | train_loss=3.9487e-04 | train_eval_loss=3.6506e-04 | val_loss=4.1082e-04 | | lr=5.00e-04
Epoch 135 | train_loss=3.7497e-04 | train_eval_loss=4.0792e-04 | val_loss=4.5516e-04 | | lr=5.00e-04
Epoch 136 | train_loss=3.9298e-04 | train_eval_loss=4.2737e-04 | val_loss=4.7490e-04 | | lr=5.00e-04
Epoch 137 | train_loss=4.0914e-04 | train_eval_loss=3.6456e-04 | val_loss=4.1261e-04 | | lr=5.00e-04
Epoch 138 | train_loss=3.8254e-04 | train_eval_loss=4.0893e-04 | val_loss=4.6408e-04 | | lr=5.00e-04
Epoch 139 | train_loss=3.7787e-04 | train_eval_loss=3.5286e-04 | val_loss=3.9877e-04 | | lr=5.00e-04
Saved best model to results/thesis_model_results/outputs/architecture_comparison_core/MTLSH__mse__minmax__seed42/mtlsh_state_dict_best.pt
Epoch 140 | train_loss=3.6644e-04 | train_eval_loss=3.6863e-04 | val_loss=4.0764e-04 | | lr=5.00e-04
Epoch 141 | train_loss=3.6915e-04 | train_eval_loss=4.1826e-04 | val_loss=4.5822e-04 | | lr=5.00e-04
Epoch 142 | train_loss=3.9141e-04 | train_eval_loss=4.2483e-04 | val_loss=4.8075e-04 | | lr=5.00e-04
Epoch 143 | train_loss=3.7061e-04 | train_eval_loss=3.3881e-04 | val_loss=3.8957e-04 | | lr=5.00e-04
Saved best model to results/thesis_model_results/outputs/architecture_comparison_core/MTLSH__mse__minmax__seed42/mtlsh_state_dict_best.pt
Epoch 144 | train_loss=3.6393e-04 | train_eval_loss=3.3667e-04 | val_loss=3.8522e-04 | | lr=5.00e-04
Saved best model to results/thesis_model_results/outputs/architecture_comparison_core/MTLSH__mse__minmax__seed42/mtlsh_state_dict_best.pt
Epoch 145 | train_loss=3.9106e-04 | train_eval_loss=3.7363e-04 | val_loss=4.1759e-04 | | lr=5.00e-04
Epoch 146 | train_loss=3.8537e-04 | train_eval_loss=5.7234e-04 | val_loss=6.4061e-04 | | lr=5.00e-04
Epoch 147 | train_loss=4.0219e-04 | train_eval_loss=3.3248e-04 | val_loss=3.8292e-04 | | lr=5.00e-04
Saved best model to results/thesis_model_results/outputs/architecture_comparison_core/MTLSH__mse__minmax__seed42/mtlsh_state_dict_best.pt
Epoch 148 | train_loss=3.5667e-04 | train_eval_loss=5.7757e-04 | val_loss=6.4312e-04 | | lr=5.00e-04
Epoch 149 | train_loss=3.7320e-04 | train_eval_loss=3.8755e-04 | val_loss=4.3087e-04 | | lr=5.00e-04
Epoch 150 | train_loss=3.7418e-04 | train_eval_loss=5.9929e-04 | val_loss=6.5352e-04 | | lr=5.00e-04
Epoch 151 | train_loss=3.7071e-04 | train_eval_loss=3.4942e-04 | val_loss=4.0350e-04 | | lr=5.00e-04
Epoch 152 | train_loss=3.6044e-04 | train_eval_loss=4.7313e-04 | val_loss=5.2898e-04 | | lr=5.00e-04
Epoch 153 | train_loss=3.6179e-04 | train_eval_loss=3.7367e-04 | val_loss=4.2382e-04 | | lr=5.00e-04
Epoch 154 | train_loss=3.6248e-04 | train_eval_loss=3.4567e-04 | val_loss=4.0218e-04 | | lr=5.00e-04
Epoch 155 | train_loss=3.5206e-04 | train_eval_loss=3.3330e-04 | val_loss=3.8857e-04 | | lr=5.00e-04
Epoch 156 | train_loss=3.5557e-04 | train_eval_loss=3.7977e-04 | val_loss=4.2772e-04 | | lr=5.00e-04
Epoch 157 | train_loss=3.2828e-04 | train_eval_loss=3.2038e-04 | val_loss=3.7469e-04 | | lr=2.50e-04
Saved best model to results/thesis_model_results/outputs/architecture_comparison_core/MTLSH__mse__minmax__seed42/mtlsh_state_dict_best.pt
Epoch 158 | train_loss=3.1438e-04 | train_eval_loss=3.1939e-04 | val_loss=3.7249e-04 | | lr=2.50e-04
Saved best model to results/thesis_model_results/outputs/architecture_comparison_core/MTLSH__mse__minmax__seed42/mtlsh_state_dict_best.pt
Epoch 159 | train_loss=3.1524e-04 | train_eval_loss=3.0681e-04 | val_loss=3.5783e-04 | | lr=2.50e-04
Saved best model to results/thesis_model_results/outputs/architecture_comparison_core/MTLSH__mse__minmax__seed42/mtlsh_state_dict_best.pt
Epoch 160 | train_loss=3.1672e-04 | train_eval_loss=3.1893e-04 | val_loss=3.7408e-04 | | lr=2.50e-04
Epoch 161 | train_loss=3.2194e-04 | train_eval_loss=3.3271e-04 | val_loss=3.8800e-04 | | lr=2.50e-04
Epoch 162 | train_loss=3.1837e-04 | train_eval_loss=3.0675e-04 | val_loss=3.6141e-04 | | lr=2.50e-04
Epoch 163 | train_loss=3.1700e-04 | train_eval_loss=3.0217e-04 | val_loss=3.5668e-04 | | lr=2.50e-04
Saved best model to results/thesis_model_results/outputs/architecture_comparison_core/MTLSH__mse__minmax__seed42/mtlsh_state_dict_best.pt
Epoch 164 | train_loss=3.1144e-04 | train_eval_loss=3.1663e-04 | val_loss=3.7336e-04 | | lr=2.50e-04
Epoch 165 | train_loss=3.1366e-04 | train_eval_loss=3.1265e-04 | val_loss=3.7464e-04 | | lr=2.50e-04
Epoch 166 | train_loss=3.1477e-04 | train_eval_loss=2.9941e-04 | val_loss=3.6070e-04 | | lr=2.50e-04
Epoch 167 | train_loss=3.2164e-04 | train_eval_loss=3.1283e-04 | val_loss=3.7189e-04 | | lr=2.50e-04
Epoch 168 | train_loss=3.1614e-04 | train_eval_loss=3.0076e-04 | val_loss=3.5917e-04 | | lr=2.50e-04
Epoch 169 | train_loss=3.1518e-04 | train_eval_loss=3.1219e-04 | val_loss=3.6871e-04 | | lr=2.50e-04
Epoch 170 | train_loss=3.2275e-04 | train_eval_loss=3.1515e-04 | val_loss=3.7169e-04 | | lr=2.50e-04
Epoch 171 | train_loss=3.1622e-04 | train_eval_loss=3.5902e-04 | val_loss=4.1486e-04 | | lr=2.50e-04
Epoch 172 | train_loss=3.1805e-04 | train_eval_loss=3.1148e-04 | val_loss=3.6821e-04 | | lr=2.50e-04
Epoch 173 | train_loss=2.9527e-04 | train_eval_loss=2.8887e-04 | val_loss=3.5086e-04 | | lr=1.25e-04
Saved best model to results/thesis_model_results/outputs/architecture_comparison_core/MTLSH__mse__minmax__seed42/mtlsh_state_dict_best.pt
Epoch 174 | train_loss=2.9143e-04 | train_eval_loss=2.8774e-04 | val_loss=3.4771e-04 | | lr=1.25e-04
Saved best model to results/thesis_model_results/outputs/architecture_comparison_core/MTLSH__mse__minmax__seed42/mtlsh_state_dict_best.pt
Epoch 175 | train_loss=2.9457e-04 | train_eval_loss=2.9477e-04 | val_loss=3.5756e-04 | | lr=1.25e-04
Epoch 176 | train_loss=2.9189e-04 | train_eval_loss=2.8848e-04 | val_loss=3.5140e-04 | | lr=1.25e-04
Epoch 177 | train_loss=2.9767e-04 | train_eval_loss=2.8469e-04 | val_loss=3.4842e-04 | | lr=1.25e-04
Epoch 178 | train_loss=2.9172e-04 | train_eval_loss=2.8918e-04 | val_loss=3.4984e-04 | | lr=1.25e-04
Epoch 179 | train_loss=2.9394e-04 | train_eval_loss=2.8740e-04 | val_loss=3.4678e-04 | | lr=1.25e-04
Saved best model to results/thesis_model_results/outputs/architecture_comparison_core/MTLSH__mse__minmax__seed42/mtlsh_state_dict_best.pt
Epoch 180 | train_loss=2.9599e-04 | train_eval_loss=3.0276e-04 | val_loss=3.6030e-04 | | lr=1.25e-04
Epoch 181 | train_loss=2.9140e-04 | train_eval_loss=2.9850e-04 | val_loss=3.5736e-04 | | lr=1.25e-04
Epoch 182 | train_loss=2.9696e-04 | train_eval_loss=2.9901e-04 | val_loss=3.6395e-04 | | lr=1.25e-04
Epoch 183 | train_loss=2.9501e-04 | train_eval_loss=2.8948e-04 | val_loss=3.5306e-04 | | lr=1.25e-04
Epoch 184 | train_loss=2.9143e-04 | train_eval_loss=2.8145e-04 | val_loss=3.4171e-04 | | lr=1.25e-04
Saved best model to results/thesis_model_results/outputs/architecture_comparison_core/MTLSH__mse__minmax__seed42/mtlsh_state_dict_best.pt
Epoch 185 | train_loss=2.9124e-04 | train_eval_loss=2.8457e-04 | val_loss=3.4624e-04 | | lr=1.25e-04
Epoch 186 | train_loss=2.9104e-04 | train_eval_loss=2.9655e-04 | val_loss=3.5963e-04 | | lr=1.25e-04
Epoch 187 | train_loss=2.9292e-04 | train_eval_loss=2.8668e-04 | val_loss=3.4854e-04 | | lr=1.25e-04
Epoch 188 | train_loss=2.9305e-04 | train_eval_loss=3.0348e-04 | val_loss=3.6497e-04 | | lr=1.25e-04
Epoch 189 | train_loss=2.8952e-04 | train_eval_loss=2.8854e-04 | val_loss=3.4806e-04 | | lr=1.25e-04
Epoch 190 | train_loss=2.9084e-04 | train_eval_loss=2.9649e-04 | val_loss=3.6226e-04 | | lr=1.25e-04
Epoch 191 | train_loss=2.8926e-04 | train_eval_loss=2.9150e-04 | val_loss=3.5023e-04 | | lr=1.25e-04
Epoch 192 | train_loss=2.9086e-04 | train_eval_loss=3.0027e-04 | val_loss=3.5964e-04 | | lr=1.25e-04
Epoch 193 | train_loss=2.9486e-04 | train_eval_loss=2.8356e-04 | val_loss=3.4718e-04 | | lr=1.25e-04
Epoch 194 | train_loss=2.7987e-04 | train_eval_loss=2.7996e-04 | val_loss=3.4258e-04 | | lr=6.25e-05
Epoch 195 | train_loss=2.8044e-04 | train_eval_loss=2.7820e-04 | val_loss=3.4072e-04 | | lr=6.25e-05
Saved best model to results/thesis_model_results/outputs/architecture_comparison_core/MTLSH__mse__minmax__seed42/mtlsh_state_dict_best.pt
Epoch 196 | train_loss=2.8319e-04 | train_eval_loss=2.7911e-04 | val_loss=3.4152e-04 | | lr=6.25e-05
Epoch 197 | train_loss=2.8023e-04 | train_eval_loss=2.7671e-04 | val_loss=3.3862e-04 | | lr=6.25e-05
Saved best model to results/thesis_model_results/outputs/architecture_comparison_core/MTLSH__mse__minmax__seed42/mtlsh_state_dict_best.pt
Epoch 198 | train_loss=2.8066e-04 | train_eval_loss=2.8061e-04 | val_loss=3.4354e-04 | | lr=6.25e-05
Epoch 199 | train_loss=2.7894e-04 | train_eval_loss=2.7827e-04 | val_loss=3.4222e-04 | | lr=6.25e-05
Epoch 200 | train_loss=2.8153e-04 | train_eval_loss=2.7707e-04 | val_loss=3.4085e-04 | | lr=6.25e-05
Saved training logs to results/thesis_model_results/outputs/architecture_comparison_core/MTLSH__mse__minmax__seed42/training_summary.txt
Test RMSE(rocof_COI) = 0.0132 | norm: 0.0100 | real_diff: 0.0089
Test RMSE(dev_COI) = 0.0219 | norm: 0.0081 | real_diff: 0.0127
Test RMSE(Delta_P_IBR_1) = 0.1085 | norm: 0.0171 | real_diff: 0.0697
Test RMSE(Delta_P_IBR_2) = 0.0987 | norm: 0.0137 | real_diff: 0.0537
Test RMSE(Delta_P_IBR_3) = 0.1803 | norm: 0.0317 | real_diff: 0.0956
Test RMSE(Delta_P_IBR_4) = 0.1798 | norm: 0.0186 | real_diff: 0.1072
Saved RMSE results to results/thesis_model_results/outputs/architecture_comparison_core/MTLSH__mse__minmax__seed42/rmse_results.txt
Saved detailed metrics to results/thesis_model_results/outputs/architecture_comparison_core/MTLSH__mse__minmax__seed42/metrics_by_target.csv
Saved aggregate metrics to results/thesis_model_results/outputs/architecture_comparison_core/MTLSH__mse__minmax__seed42/metrics_summary.json
Saved loss curves to results/thesis_model_results/outputs/architecture_comparison_core/MTLSH__mse__minmax__seed42/loss_curve.png
Saved scatter plot results/thesis_model_results/outputs/architecture_comparison_core/MTLSH__mse__minmax__seed42/scatter_rocof_COI.png
Saved scatter plot results/thesis_model_results/outputs/architecture_comparison_core/MTLSH__mse__minmax__seed42/scatter_dev_COI.png
Saved scatter plot results/thesis_model_results/outputs/architecture_comparison_core/MTLSH__mse__minmax__seed42/scatter_Delta_P_IBR_1.png
Saved scatter plot results/thesis_model_results/outputs/architecture_comparison_core/MTLSH__mse__minmax__seed42/scatter_Delta_P_IBR_2.png
Saved scatter plot results/thesis_model_results/outputs/architecture_comparison_core/MTLSH__mse__minmax__seed42/scatter_Delta_P_IBR_3.png
Saved scatter plot results/thesis_model_results/outputs/architecture_comparison_core/MTLSH__mse__minmax__seed42/scatter_Delta_P_IBR_4.png
Saved model to results/thesis_model_results/outputs/architecture_comparison_core/MTLSH__mse__minmax__seed42/mtlsh_state_dict.pt
Loss type: mse | weights=[]
Target stats (scaled):
train mean=[0.549  0.589  0.492  0.4884 0.4785 0.4192]
train std=[0.1365 0.1371 0.1141 0.1063 0.1158 0.1138]
train q05=[0.3074 0.3979 0.3192 0.303  0.3347 0.2205]
train q95=[0.7933 0.8652 0.6719 0.6491 0.6927 0.6016]
val mean=[0.5473 0.5873 0.4922 0.4893 0.4798 0.4201]
val std=[0.1343 0.1348 0.1123 0.1072 0.1141 0.1112]
val q05=[0.3103 0.3982 0.3195 0.303  0.3376 0.2251]
val q95=[0.7886 0.8626 0.6731 0.6514 0.6918 0.5984]
val/train std ratio=[0.984  0.9828 0.9844 1.0084 0.9848 0.9772]
LR scheduler: ReduceLROnPlateau (factor=0.5, patience=8, min_lr=1e-07)
Epoch 001 | train_loss=4.0172e-02 | train_eval_loss=1.4413e-02 | val_loss=1.3999e-02 | | lr=1.00e-03
Saved best model to results/thesis_model_results/outputs/architecture_comparison_core/MTLGSH__mse__minmax__seed42/mtlgsh_state_dict_best.pt
Epoch 002 | train_loss=1.5401e-02 | train_eval_loss=1.0978e-02 | val_loss=1.0664e-02 | | lr=1.00e-03
Saved best model to results/thesis_model_results/outputs/architecture_comparison_core/MTLGSH__mse__minmax__seed42/mtlgsh_state_dict_best.pt
Epoch 003 | train_loss=7.1580e-03 | train_eval_loss=3.9524e-03 | val_loss=3.8898e-03 | | lr=1.00e-03
Saved best model to results/thesis_model_results/outputs/architecture_comparison_core/MTLGSH__mse__minmax__seed42/mtlgsh_state_dict_best.pt
Epoch 004 | train_loss=5.1304e-03 | train_eval_loss=3.4512e-03 | val_loss=3.3892e-03 | | lr=1.00e-03
Saved best model to results/thesis_model_results/outputs/architecture_comparison_core/MTLGSH__mse__minmax__seed42/mtlgsh_state_dict_best.pt
Epoch 005 | train_loss=4.7556e-03 | train_eval_loss=3.2813e-03 | val_loss=3.2194e-03 | | lr=1.00e-03
Saved best model to results/thesis_model_results/outputs/architecture_comparison_core/MTLGSH__mse__minmax__seed42/mtlgsh_state_dict_best.pt
Epoch 006 | train_loss=4.5944e-03 | train_eval_loss=2.9740e-03 | val_loss=2.9322e-03 | | lr=1.00e-03
Saved best model to results/thesis_model_results/outputs/architecture_comparison_core/MTLGSH__mse__minmax__seed42/mtlgsh_state_dict_best.pt
Epoch 007 | train_loss=3.9535e-03 | train_eval_loss=2.4804e-03 | val_loss=2.4650e-03 | | lr=1.00e-03
Saved best model to results/thesis_model_results/outputs/architecture_comparison_core/MTLGSH__mse__minmax__seed42/mtlgsh_state_dict_best.pt
Epoch 008 | train_loss=3.5549e-03 | train_eval_loss=1.9500e-03 | val_loss=1.9188e-03 | | lr=1.00e-03
Saved best model to results/thesis_model_results/outputs/architecture_comparison_core/MTLGSH__mse__minmax__seed42/mtlgsh_state_dict_best.pt
Epoch 009 | train_loss=3.1120e-03 | train_eval_loss=1.5906e-03 | val_loss=1.5612e-03 | | lr=1.00e-03
Saved best model to results/thesis_model_results/outputs/architecture_comparison_core/MTLGSH__mse__minmax__seed42/mtlgsh_state_dict_best.pt
Epoch 010 | train_loss=2.8724e-03 | train_eval_loss=1.4559e-03 | val_loss=1.4294e-03 | | lr=1.00e-03
Saved best model to results/thesis_model_results/outputs/architecture_comparison_core/MTLGSH__mse__minmax__seed42/mtlgsh_state_dict_best.pt
Epoch 011 | train_loss=2.7002e-03 | train_eval_loss=1.3865e-03 | val_loss=1.3674e-03 | | lr=1.00e-03
Saved best model to results/thesis_model_results/outputs/architecture_comparison_core/MTLGSH__mse__minmax__seed42/mtlgsh_state_dict_best.pt
Epoch 012 | train_loss=2.5584e-03 | train_eval_loss=1.3883e-03 | val_loss=1.3681e-03 | | lr=1.00e-03
Epoch 013 | train_loss=2.4678e-03 | train_eval_loss=1.2189e-03 | val_loss=1.1992e-03 | | lr=1.00e-03
Saved best model to results/thesis_model_results/outputs/architecture_comparison_core/MTLGSH__mse__minmax__seed42/mtlgsh_state_dict_best.pt
Epoch 014 | train_loss=2.3482e-03 | train_eval_loss=1.2989e-03 | val_loss=1.2725e-03 | | lr=1.00e-03
Epoch 015 | train_loss=2.3643e-03 | train_eval_loss=1.5314e-03 | val_loss=1.5025e-03 | | lr=1.00e-03
Epoch 016 | train_loss=2.2888e-03 | train_eval_loss=1.1244e-03 | val_loss=1.1045e-03 | | lr=1.00e-03
Saved best model to results/thesis_model_results/outputs/architecture_comparison_core/MTLGSH__mse__minmax__seed42/mtlgsh_state_dict_best.pt
Epoch 017 | train_loss=2.1720e-03 | train_eval_loss=1.1267e-03 | val_loss=1.1140e-03 | | lr=1.00e-03
Epoch 018 | train_loss=2.1115e-03 | train_eval_loss=1.1510e-03 | val_loss=1.1314e-03 | | lr=1.00e-03
Epoch 019 | train_loss=2.0930e-03 | train_eval_loss=1.0575e-03 | val_loss=1.0453e-03 | | lr=1.00e-03
Saved best model to results/thesis_model_results/outputs/architecture_comparison_core/MTLGSH__mse__minmax__seed42/mtlgsh_state_dict_best.pt
Epoch 020 | train_loss=2.0608e-03 | train_eval_loss=1.2745e-03 | val_loss=1.2723e-03 | | lr=1.00e-03
Epoch 021 | train_loss=1.9790e-03 | train_eval_loss=1.0890e-03 | val_loss=1.0669e-03 | | lr=1.00e-03
Epoch 022 | train_loss=1.9084e-03 | train_eval_loss=1.1041e-03 | val_loss=1.1012e-03 | | lr=1.00e-03
Epoch 023 | train_loss=1.8890e-03 | train_eval_loss=1.4322e-03 | val_loss=1.4298e-03 | | lr=1.00e-03
Epoch 024 | train_loss=1.8643e-03 | train_eval_loss=1.2667e-03 | val_loss=1.2574e-03 | | lr=1.00e-03
Epoch 025 | train_loss=1.8691e-03 | train_eval_loss=1.0145e-03 | val_loss=1.0042e-03 | | lr=1.00e-03
Saved best model to results/thesis_model_results/outputs/architecture_comparison_core/MTLGSH__mse__minmax__seed42/mtlgsh_state_dict_best.pt
Epoch 026 | train_loss=1.7338e-03 | train_eval_loss=9.1560e-04 | val_loss=9.0363e-04 | | lr=1.00e-03
Saved best model to results/thesis_model_results/outputs/architecture_comparison_core/MTLGSH__mse__minmax__seed42/mtlgsh_state_dict_best.pt
Epoch 027 | train_loss=1.6946e-03 | train_eval_loss=8.4764e-04 | val_loss=8.3999e-04 | | lr=1.00e-03
Saved best model to results/thesis_model_results/outputs/architecture_comparison_core/MTLGSH__mse__minmax__seed42/mtlgsh_state_dict_best.pt
Epoch 028 | train_loss=1.6396e-03 | train_eval_loss=1.0825e-03 | val_loss=1.0810e-03 | | lr=1.00e-03
Epoch 029 | train_loss=1.6825e-03 | train_eval_loss=8.2522e-04 | val_loss=8.2217e-04 | | lr=1.00e-03
Saved best model to results/thesis_model_results/outputs/architecture_comparison_core/MTLGSH__mse__minmax__seed42/mtlgsh_state_dict_best.pt
Epoch 030 | train_loss=1.6774e-03 | train_eval_loss=1.1674e-03 | val_loss=1.1537e-03 | | lr=1.00e-03
Epoch 031 | train_loss=1.5736e-03 | train_eval_loss=8.4393e-04 | val_loss=8.3899e-04 | | lr=1.00e-03
Epoch 032 | train_loss=1.5427e-03 | train_eval_loss=8.6365e-04 | val_loss=8.6462e-04 | | lr=1.00e-03
Epoch 033 | train_loss=1.4979e-03 | train_eval_loss=9.2686e-04 | val_loss=9.1503e-04 | | lr=1.00e-03
Epoch 034 | train_loss=1.4344e-03 | train_eval_loss=8.1864e-04 | val_loss=8.2033e-04 | | lr=1.00e-03
Saved best model to results/thesis_model_results/outputs/architecture_comparison_core/MTLGSH__mse__minmax__seed42/mtlgsh_state_dict_best.pt
Epoch 035 | train_loss=1.4438e-03 | train_eval_loss=9.4590e-04 | val_loss=9.6376e-04 | | lr=1.00e-03
Epoch 036 | train_loss=1.4455e-03 | train_eval_loss=8.2671e-04 | val_loss=8.3097e-04 | | lr=1.00e-03
Epoch 037 | train_loss=1.3461e-03 | train_eval_loss=7.7071e-04 | val_loss=7.7365e-04 | | lr=1.00e-03
Saved best model to results/thesis_model_results/outputs/architecture_comparison_core/MTLGSH__mse__minmax__seed42/mtlgsh_state_dict_best.pt
Epoch 038 | train_loss=1.3259e-03 | train_eval_loss=7.4886e-04 | val_loss=7.4813e-04 | | lr=1.00e-03
Saved best model to results/thesis_model_results/outputs/architecture_comparison_core/MTLGSH__mse__minmax__seed42/mtlgsh_state_dict_best.pt
Epoch 039 | train_loss=1.3051e-03 | train_eval_loss=7.5531e-04 | val_loss=7.6115e-04 | | lr=1.00e-03
Epoch 040 | train_loss=1.2471e-03 | train_eval_loss=7.6653e-04 | val_loss=7.6666e-04 | | lr=1.00e-03
Epoch 041 | train_loss=1.2225e-03 | train_eval_loss=6.8170e-04 | val_loss=6.8116e-04 | | lr=1.00e-03
Saved best model to results/thesis_model_results/outputs/architecture_comparison_core/MTLGSH__mse__minmax__seed42/mtlgsh_state_dict_best.pt
Epoch 042 | train_loss=1.1871e-03 | train_eval_loss=8.0730e-04 | val_loss=8.0792e-04 | | lr=1.00e-03
Epoch 043 | train_loss=1.2182e-03 | train_eval_loss=6.8169e-04 | val_loss=6.9018e-04 | | lr=1.00e-03
Epoch 044 | train_loss=1.1434e-03 | train_eval_loss=6.8578e-04 | val_loss=6.8932e-04 | | lr=1.00e-03
Epoch 045 | train_loss=1.1449e-03 | train_eval_loss=7.5953e-04 | val_loss=7.6331e-04 | | lr=1.00e-03
Epoch 046 | train_loss=1.1036e-03 | train_eval_loss=6.9612e-04 | val_loss=6.9787e-04 | | lr=1.00e-03
Epoch 047 | train_loss=1.0601e-03 | train_eval_loss=7.9023e-04 | val_loss=7.9958e-04 | | lr=1.00e-03
Epoch 048 | train_loss=1.0162e-03 | train_eval_loss=7.6625e-04 | val_loss=7.8347e-04 | | lr=1.00e-03
Epoch 049 | train_loss=1.0179e-03 | train_eval_loss=6.6853e-04 | val_loss=6.8168e-04 | | lr=1.00e-03
Epoch 050 | train_loss=9.9118e-04 | train_eval_loss=6.1215e-04 | val_loss=6.2202e-04 | | lr=1.00e-03
Saved best model to results/thesis_model_results/outputs/architecture_comparison_core/MTLGSH__mse__minmax__seed42/mtlgsh_state_dict_best.pt
Epoch 051 | train_loss=9.6987e-04 | train_eval_loss=8.1704e-04 | val_loss=8.3110e-04 | | lr=1.00e-03
Epoch 052 | train_loss=9.9643e-04 | train_eval_loss=6.6350e-04 | val_loss=6.7565e-04 | | lr=1.00e-03
Epoch 053 | train_loss=9.2358e-04 | train_eval_loss=5.9684e-04 | val_loss=6.0294e-04 | | lr=1.00e-03
Saved best model to results/thesis_model_results/outputs/architecture_comparison_core/MTLGSH__mse__minmax__seed42/mtlgsh_state_dict_best.pt
Epoch 054 | train_loss=9.0691e-04 | train_eval_loss=6.4435e-04 | val_loss=6.4481e-04 | | lr=1.00e-03
Epoch 055 | train_loss=8.9879e-04 | train_eval_loss=6.4803e-04 | val_loss=6.6026e-04 | | lr=1.00e-03
Epoch 056 | train_loss=8.6620e-04 | train_eval_loss=6.7295e-04 | val_loss=6.7926e-04 | | lr=1.00e-03
Epoch 057 | train_loss=8.3521e-04 | train_eval_loss=5.6302e-04 | val_loss=5.7736e-04 | | lr=1.00e-03
Saved best model to results/thesis_model_results/outputs/architecture_comparison_core/MTLGSH__mse__minmax__seed42/mtlgsh_state_dict_best.pt
Epoch 058 | train_loss=8.5717e-04 | train_eval_loss=5.7672e-04 | val_loss=5.8857e-04 | | lr=1.00e-03
Epoch 059 | train_loss=9.5151e-04 | train_eval_loss=5.6560e-04 | val_loss=5.6934e-04 | | lr=1.00e-03
Saved best model to results/thesis_model_results/outputs/architecture_comparison_core/MTLGSH__mse__minmax__seed42/mtlgsh_state_dict_best.pt
Epoch 060 | train_loss=8.2820e-04 | train_eval_loss=6.3297e-04 | val_loss=6.4321e-04 | | lr=1.00e-03
Epoch 061 | train_loss=7.6882e-04 | train_eval_loss=6.1137e-04 | val_loss=6.2076e-04 | | lr=1.00e-03
Epoch 062 | train_loss=7.7445e-04 | train_eval_loss=5.2213e-04 | val_loss=5.3531e-04 | | lr=1.00e-03
Saved best model to results/thesis_model_results/outputs/architecture_comparison_core/MTLGSH__mse__minmax__seed42/mtlgsh_state_dict_best.pt
Epoch 063 | train_loss=7.6653e-04 | train_eval_loss=5.7426e-04 | val_loss=5.7914e-04 | | lr=1.00e-03
Epoch 064 | train_loss=7.8019e-04 | train_eval_loss=6.1226e-04 | val_loss=6.3972e-04 | | lr=1.00e-03
Epoch 065 | train_loss=7.5174e-04 | train_eval_loss=5.8097e-04 | val_loss=5.8898e-04 | | lr=1.00e-03
Epoch 066 | train_loss=7.3749e-04 | train_eval_loss=5.9648e-04 | val_loss=6.0584e-04 | | lr=1.00e-03
Epoch 067 | train_loss=7.8643e-04 | train_eval_loss=6.3233e-04 | val_loss=6.4916e-04 | | lr=1.00e-03
Epoch 068 | train_loss=7.1577e-04 | train_eval_loss=4.9246e-04 | val_loss=5.0778e-04 | | lr=1.00e-03
Saved best model to results/thesis_model_results/outputs/architecture_comparison_core/MTLGSH__mse__minmax__seed42/mtlgsh_state_dict_best.pt
Epoch 069 | train_loss=7.5884e-04 | train_eval_loss=5.0839e-04 | val_loss=5.2779e-04 | | lr=1.00e-03
Epoch 070 | train_loss=6.7188e-04 | train_eval_loss=5.9225e-04 | val_loss=6.1722e-04 | | lr=1.00e-03
Epoch 071 | train_loss=7.0289e-04 | train_eval_loss=5.4183e-04 | val_loss=5.6457e-04 | | lr=1.00e-03
Epoch 072 | train_loss=6.9008e-04 | train_eval_loss=5.5495e-04 | val_loss=5.6474e-04 | | lr=1.00e-03
Epoch 073 | train_loss=7.2291e-04 | train_eval_loss=5.0033e-04 | val_loss=5.2897e-04 | | lr=1.00e-03
Epoch 074 | train_loss=6.5689e-04 | train_eval_loss=5.3741e-04 | val_loss=5.7134e-04 | | lr=1.00e-03
Epoch 075 | train_loss=6.5020e-04 | train_eval_loss=4.6626e-04 | val_loss=4.9447e-04 | | lr=1.00e-03
Saved best model to results/thesis_model_results/outputs/architecture_comparison_core/MTLGSH__mse__minmax__seed42/mtlgsh_state_dict_best.pt
Epoch 076 | train_loss=6.2887e-04 | train_eval_loss=5.1896e-04 | val_loss=5.4316e-04 | | lr=1.00e-03
Epoch 077 | train_loss=6.7915e-04 | train_eval_loss=5.5467e-04 | val_loss=5.7663e-04 | | lr=1.00e-03
Epoch 078 | train_loss=6.5999e-04 | train_eval_loss=4.7973e-04 | val_loss=5.0442e-04 | | lr=1.00e-03
Epoch 079 | train_loss=6.5442e-04 | train_eval_loss=8.5373e-04 | val_loss=8.8592e-04 | | lr=1.00e-03
Epoch 080 | train_loss=6.8136e-04 | train_eval_loss=4.6291e-04 | val_loss=4.9821e-04 | | lr=1.00e-03
Epoch 081 | train_loss=6.2867e-04 | train_eval_loss=5.7668e-04 | val_loss=6.1263e-04 | | lr=1.00e-03
Epoch 082 | train_loss=5.9137e-04 | train_eval_loss=5.4404e-04 | val_loss=5.7827e-04 | | lr=1.00e-03
Epoch 083 | train_loss=6.0514e-04 | train_eval_loss=4.7378e-04 | val_loss=4.9708e-04 | | lr=1.00e-03
Epoch 084 | train_loss=6.1739e-04 | train_eval_loss=4.8885e-04 | val_loss=5.2281e-04 | | lr=1.00e-03
Epoch 085 | train_loss=5.3816e-04 | train_eval_loss=4.1076e-04 | val_loss=4.4792e-04 | | lr=5.00e-04
Saved best model to results/thesis_model_results/outputs/architecture_comparison_core/MTLGSH__mse__minmax__seed42/mtlgsh_state_dict_best.pt
Epoch 086 | train_loss=5.1029e-04 | train_eval_loss=4.1655e-04 | val_loss=4.4135e-04 | | lr=5.00e-04
Saved best model to results/thesis_model_results/outputs/architecture_comparison_core/MTLGSH__mse__minmax__seed42/mtlgsh_state_dict_best.pt
Epoch 087 | train_loss=5.2044e-04 | train_eval_loss=3.8441e-04 | val_loss=4.2394e-04 | | lr=5.00e-04
Saved best model to results/thesis_model_results/outputs/architecture_comparison_core/MTLGSH__mse__minmax__seed42/mtlgsh_state_dict_best.pt
Epoch 088 | train_loss=5.2252e-04 | train_eval_loss=3.8728e-04 | val_loss=4.2176e-04 | | lr=5.00e-04
Saved best model to results/thesis_model_results/outputs/architecture_comparison_core/MTLGSH__mse__minmax__seed42/mtlgsh_state_dict_best.pt
Epoch 089 | train_loss=5.0662e-04 | train_eval_loss=4.3866e-04 | val_loss=4.8146e-04 | | lr=5.00e-04
Epoch 090 | train_loss=5.0625e-04 | train_eval_loss=3.7631e-04 | val_loss=4.1603e-04 | | lr=5.00e-04
Saved best model to results/thesis_model_results/outputs/architecture_comparison_core/MTLGSH__mse__minmax__seed42/mtlgsh_state_dict_best.pt
Epoch 091 | train_loss=4.9760e-04 | train_eval_loss=3.8010e-04 | val_loss=4.2130e-04 | | lr=5.00e-04
Epoch 092 | train_loss=5.0005e-04 | train_eval_loss=3.9299e-04 | val_loss=4.3330e-04 | | lr=5.00e-04
Epoch 093 | train_loss=4.9853e-04 | train_eval_loss=3.8833e-04 | val_loss=4.3194e-04 | | lr=5.00e-04
Epoch 094 | train_loss=5.1961e-04 | train_eval_loss=4.0932e-04 | val_loss=4.4179e-04 | | lr=5.00e-04
Epoch 095 | train_loss=5.1247e-04 | train_eval_loss=3.9413e-04 | val_loss=4.3862e-04 | | lr=5.00e-04
Epoch 096 | train_loss=5.4210e-04 | train_eval_loss=4.8577e-04 | val_loss=5.2483e-04 | | lr=5.00e-04
Epoch 097 | train_loss=5.2924e-04 | train_eval_loss=4.5585e-04 | val_loss=4.9371e-04 | | lr=5.00e-04
Epoch 098 | train_loss=4.8826e-04 | train_eval_loss=4.4064e-04 | val_loss=4.8283e-04 | | lr=5.00e-04
Epoch 099 | train_loss=4.9663e-04 | train_eval_loss=3.6303e-04 | val_loss=4.0701e-04 | | lr=5.00e-04
Saved best model to results/thesis_model_results/outputs/architecture_comparison_core/MTLGSH__mse__minmax__seed42/mtlgsh_state_dict_best.pt
Epoch 100 | train_loss=5.1674e-04 | train_eval_loss=4.3693e-04 | val_loss=4.7372e-04 | | lr=5.00e-04
Epoch 101 | train_loss=5.1947e-04 | train_eval_loss=4.2572e-04 | val_loss=4.7145e-04 | | lr=5.00e-04
Epoch 102 | train_loss=5.0072e-04 | train_eval_loss=3.8518e-04 | val_loss=4.3068e-04 | | lr=5.00e-04
Epoch 103 | train_loss=4.8352e-04 | train_eval_loss=4.8839e-04 | val_loss=5.4343e-04 | | lr=5.00e-04
Epoch 104 | train_loss=4.8328e-04 | train_eval_loss=3.8528e-04 | val_loss=4.3454e-04 | | lr=5.00e-04
Epoch 105 | train_loss=4.8745e-04 | train_eval_loss=3.5720e-04 | val_loss=4.0203e-04 | | lr=5.00e-04
Saved best model to results/thesis_model_results/outputs/architecture_comparison_core/MTLGSH__mse__minmax__seed42/mtlgsh_state_dict_best.pt
Epoch 106 | train_loss=5.0703e-04 | train_eval_loss=3.5930e-04 | val_loss=4.0647e-04 | | lr=5.00e-04
Epoch 107 | train_loss=4.5872e-04 | train_eval_loss=3.9612e-04 | val_loss=4.4162e-04 | | lr=5.00e-04
Epoch 108 | train_loss=4.6652e-04 | train_eval_loss=3.8755e-04 | val_loss=4.3195e-04 | | lr=5.00e-04
Epoch 109 | train_loss=4.8243e-04 | train_eval_loss=5.2786e-04 | val_loss=5.4436e-04 | | lr=5.00e-04
Epoch 110 | train_loss=4.9289e-04 | train_eval_loss=4.2167e-04 | val_loss=4.6651e-04 | | lr=5.00e-04
Epoch 111 | train_loss=4.7043e-04 | train_eval_loss=3.3078e-04 | val_loss=3.7527e-04 | | lr=5.00e-04
Saved best model to results/thesis_model_results/outputs/architecture_comparison_core/MTLGSH__mse__minmax__seed42/mtlgsh_state_dict_best.pt
Epoch 112 | train_loss=4.7769e-04 | train_eval_loss=3.5137e-04 | val_loss=4.0632e-04 | | lr=5.00e-04
Epoch 113 | train_loss=4.5833e-04 | train_eval_loss=3.5352e-04 | val_loss=4.0062e-04 | | lr=5.00e-04
Epoch 114 | train_loss=4.6021e-04 | train_eval_loss=3.7277e-04 | val_loss=4.2613e-04 | | lr=5.00e-04
Epoch 115 | train_loss=4.7827e-04 | train_eval_loss=3.4564e-04 | val_loss=4.0194e-04 | | lr=5.00e-04
Epoch 116 | train_loss=4.6129e-04 | train_eval_loss=3.9495e-04 | val_loss=4.5307e-04 | | lr=5.00e-04
Epoch 117 | train_loss=4.7270e-04 | train_eval_loss=4.3589e-04 | val_loss=4.7534e-04 | | lr=5.00e-04
Epoch 118 | train_loss=5.0934e-04 | train_eval_loss=4.1343e-04 | val_loss=4.7244e-04 | | lr=5.00e-04
Epoch 119 | train_loss=4.6443e-04 | train_eval_loss=3.3291e-04 | val_loss=3.8346e-04 | | lr=5.00e-04
Epoch 120 | train_loss=4.5063e-04 | train_eval_loss=3.4267e-04 | val_loss=3.9729e-04 | | lr=5.00e-04
Epoch 121 | train_loss=4.1105e-04 | train_eval_loss=2.9860e-04 | val_loss=3.5818e-04 | | lr=2.50e-04
Saved best model to results/thesis_model_results/outputs/architecture_comparison_core/MTLGSH__mse__minmax__seed42/mtlgsh_state_dict_best.pt
Epoch 122 | train_loss=4.0258e-04 | train_eval_loss=2.9987e-04 | val_loss=3.5937e-04 | | lr=2.50e-04
Epoch 123 | train_loss=4.0261e-04 | train_eval_loss=3.0340e-04 | val_loss=3.6179e-04 | | lr=2.50e-04
Epoch 124 | train_loss=3.9768e-04 | train_eval_loss=2.9758e-04 | val_loss=3.5159e-04 | | lr=2.50e-04
Saved best model to results/thesis_model_results/outputs/architecture_comparison_core/MTLGSH__mse__minmax__seed42/mtlgsh_state_dict_best.pt
Epoch 125 | train_loss=4.0763e-04 | train_eval_loss=2.9269e-04 | val_loss=3.5366e-04 | | lr=2.50e-04
Epoch 126 | train_loss=3.9837e-04 | train_eval_loss=3.0716e-04 | val_loss=3.6978e-04 | | lr=2.50e-04
Epoch 127 | train_loss=3.9956e-04 | train_eval_loss=3.0308e-04 | val_loss=3.6188e-04 | | lr=2.50e-04
Epoch 128 | train_loss=3.9861e-04 | train_eval_loss=3.1547e-04 | val_loss=3.7735e-04 | | lr=2.50e-04
Epoch 129 | train_loss=4.0318e-04 | train_eval_loss=2.9925e-04 | val_loss=3.5933e-04 | | lr=2.50e-04
Epoch 130 | train_loss=4.0455e-04 | train_eval_loss=2.9229e-04 | val_loss=3.5174e-04 | | lr=2.50e-04
Epoch 131 | train_loss=3.8958e-04 | train_eval_loss=2.8656e-04 | val_loss=3.4371e-04 | | lr=2.50e-04
Saved best model to results/thesis_model_results/outputs/architecture_comparison_core/MTLGSH__mse__minmax__seed42/mtlgsh_state_dict_best.pt
Epoch 132 | train_loss=3.8565e-04 | train_eval_loss=3.2190e-04 | val_loss=3.8809e-04 | | lr=2.50e-04
Epoch 133 | train_loss=3.9416e-04 | train_eval_loss=3.1913e-04 | val_loss=3.7981e-04 | | lr=2.50e-04
Epoch 134 | train_loss=3.9353e-04 | train_eval_loss=2.9459e-04 | val_loss=3.6113e-04 | | lr=2.50e-04
Epoch 135 | train_loss=3.8571e-04 | train_eval_loss=2.9804e-04 | val_loss=3.6634e-04 | | lr=2.50e-04
Epoch 136 | train_loss=4.0069e-04 | train_eval_loss=3.1204e-04 | val_loss=3.7892e-04 | | lr=2.50e-04
Epoch 137 | train_loss=4.0975e-04 | train_eval_loss=3.0740e-04 | val_loss=3.6766e-04 | | lr=2.50e-04
Epoch 138 | train_loss=3.9285e-04 | train_eval_loss=2.9704e-04 | val_loss=3.6246e-04 | | lr=2.50e-04
Epoch 139 | train_loss=3.8994e-04 | train_eval_loss=2.8885e-04 | val_loss=3.5035e-04 | | lr=2.50e-04
Epoch 140 | train_loss=3.7966e-04 | train_eval_loss=2.8668e-04 | val_loss=3.4479e-04 | | lr=2.50e-04
Epoch 141 | train_loss=3.6257e-04 | train_eval_loss=2.7365e-04 | val_loss=3.4537e-04 | | lr=1.25e-04
Epoch 142 | train_loss=3.6170e-04 | train_eval_loss=2.6426e-04 | val_loss=3.3647e-04 | | lr=1.25e-04
Saved best model to results/thesis_model_results/outputs/architecture_comparison_core/MTLGSH__mse__minmax__seed42/mtlgsh_state_dict_best.pt
Epoch 143 | train_loss=3.6487e-04 | train_eval_loss=2.6568e-04 | val_loss=3.4127e-04 | | lr=1.25e-04
Epoch 144 | train_loss=3.6225e-04 | train_eval_loss=2.6828e-04 | val_loss=3.4072e-04 | | lr=1.25e-04
Epoch 145 | train_loss=3.6150e-04 | train_eval_loss=2.5665e-04 | val_loss=3.2659e-04 | | lr=1.25e-04
Saved best model to results/thesis_model_results/outputs/architecture_comparison_core/MTLGSH__mse__minmax__seed42/mtlgsh_state_dict_best.pt
Epoch 146 | train_loss=3.6321e-04 | train_eval_loss=2.7049e-04 | val_loss=3.4036e-04 | | lr=1.25e-04
Epoch 147 | train_loss=3.5969e-04 | train_eval_loss=2.5558e-04 | val_loss=3.2585e-04 | | lr=1.25e-04
Saved best model to results/thesis_model_results/outputs/architecture_comparison_core/MTLGSH__mse__minmax__seed42/mtlgsh_state_dict_best.pt
Epoch 148 | train_loss=3.5918e-04 | train_eval_loss=2.5995e-04 | val_loss=3.2939e-04 | | lr=1.25e-04
Epoch 149 | train_loss=3.5981e-04 | train_eval_loss=2.5790e-04 | val_loss=3.2945e-04 | | lr=1.25e-04
Epoch 150 | train_loss=3.6304e-04 | train_eval_loss=2.5998e-04 | val_loss=3.3131e-04 | | lr=1.25e-04
Epoch 151 | train_loss=3.5463e-04 | train_eval_loss=2.5306e-04 | val_loss=3.3016e-04 | | lr=1.25e-04
Epoch 152 | train_loss=3.5640e-04 | train_eval_loss=2.5472e-04 | val_loss=3.2373e-04 | | lr=1.25e-04
Saved best model to results/thesis_model_results/outputs/architecture_comparison_core/MTLGSH__mse__minmax__seed42/mtlgsh_state_dict_best.pt
Epoch 153 | train_loss=3.5467e-04 | train_eval_loss=2.5996e-04 | val_loss=3.3535e-04 | | lr=1.25e-04
Epoch 154 | train_loss=3.5406e-04 | train_eval_loss=2.5642e-04 | val_loss=3.3116e-04 | | lr=1.25e-04
Epoch 155 | train_loss=3.5309e-04 | train_eval_loss=2.5708e-04 | val_loss=3.2845e-04 | | lr=1.25e-04
Epoch 156 | train_loss=3.6302e-04 | train_eval_loss=2.9693e-04 | val_loss=3.7445e-04 | | lr=1.25e-04
Epoch 157 | train_loss=3.5327e-04 | train_eval_loss=2.5334e-04 | val_loss=3.2533e-04 | | lr=1.25e-04
Epoch 158 | train_loss=3.5389e-04 | train_eval_loss=2.5526e-04 | val_loss=3.3281e-04 | | lr=1.25e-04
Epoch 159 | train_loss=3.5032e-04 | train_eval_loss=2.5637e-04 | val_loss=3.2965e-04 | | lr=1.25e-04
Epoch 160 | train_loss=3.6319e-04 | train_eval_loss=2.5232e-04 | val_loss=3.2511e-04 | | lr=1.25e-04
Epoch 161 | train_loss=3.5504e-04 | train_eval_loss=2.5154e-04 | val_loss=3.2054e-04 | | lr=1.25e-04
Saved best model to results/thesis_model_results/outputs/architecture_comparison_core/MTLGSH__mse__minmax__seed42/mtlgsh_state_dict_best.pt
Epoch 162 | train_loss=3.5785e-04 | train_eval_loss=2.5553e-04 | val_loss=3.2666e-04 | | lr=1.25e-04
Epoch 163 | train_loss=3.5282e-04 | train_eval_loss=2.5020e-04 | val_loss=3.2889e-04 | | lr=1.25e-04
Epoch 164 | train_loss=3.6701e-04 | train_eval_loss=2.7286e-04 | val_loss=3.4151e-04 | | lr=1.25e-04
Epoch 165 | train_loss=3.5755e-04 | train_eval_loss=2.4953e-04 | val_loss=3.2695e-04 | | lr=1.25e-04
Epoch 166 | train_loss=3.5143e-04 | train_eval_loss=2.4972e-04 | val_loss=3.2328e-04 | | lr=1.25e-04
Epoch 167 | train_loss=3.4766e-04 | train_eval_loss=2.5945e-04 | val_loss=3.3314e-04 | | lr=1.25e-04
Epoch 168 | train_loss=3.5200e-04 | train_eval_loss=2.4302e-04 | val_loss=3.1808e-04 | | lr=1.25e-04
Saved best model to results/thesis_model_results/outputs/architecture_comparison_core/MTLGSH__mse__minmax__seed42/mtlgsh_state_dict_best.pt
Epoch 169 | train_loss=3.4845e-04 | train_eval_loss=2.4444e-04 | val_loss=3.2005e-04 | | lr=1.25e-04
Epoch 170 | train_loss=3.4939e-04 | train_eval_loss=2.6264e-04 | val_loss=3.4201e-04 | | lr=1.25e-04
Epoch 171 | train_loss=3.4526e-04 | train_eval_loss=2.5539e-04 | val_loss=3.3393e-04 | | lr=1.25e-04
Epoch 172 | train_loss=3.4383e-04 | train_eval_loss=2.4554e-04 | val_loss=3.2495e-04 | | lr=1.25e-04
Epoch 173 | train_loss=3.5140e-04 | train_eval_loss=3.1486e-04 | val_loss=3.9139e-04 | | lr=1.25e-04
Epoch 174 | train_loss=3.4986e-04 | train_eval_loss=2.3985e-04 | val_loss=3.1862e-04 | | lr=1.25e-04
Epoch 175 | train_loss=3.4900e-04 | train_eval_loss=2.4463e-04 | val_loss=3.2093e-04 | | lr=1.25e-04
Epoch 176 | train_loss=3.4507e-04 | train_eval_loss=2.4518e-04 | val_loss=3.2133e-04 | | lr=1.25e-04
Epoch 177 | train_loss=3.4094e-04 | train_eval_loss=2.3795e-04 | val_loss=3.1227e-04 | | lr=1.25e-04
Saved best model to results/thesis_model_results/outputs/architecture_comparison_core/MTLGSH__mse__minmax__seed42/mtlgsh_state_dict_best.pt
Epoch 178 | train_loss=3.4746e-04 | train_eval_loss=2.4148e-04 | val_loss=3.1847e-04 | | lr=1.25e-04
Epoch 179 | train_loss=3.3344e-04 | train_eval_loss=2.3278e-04 | val_loss=3.0842e-04 | | lr=1.25e-04
Saved best model to results/thesis_model_results/outputs/architecture_comparison_core/MTLGSH__mse__minmax__seed42/mtlgsh_state_dict_best.pt
Epoch 180 | train_loss=3.3421e-04 | train_eval_loss=2.5775e-04 | val_loss=3.3562e-04 | | lr=1.25e-04
Epoch 181 | train_loss=3.3995e-04 | train_eval_loss=2.3773e-04 | val_loss=3.1385e-04 | | lr=1.25e-04
Epoch 182 | train_loss=3.3294e-04 | train_eval_loss=2.4430e-04 | val_loss=3.1994e-04 | | lr=1.25e-04
Epoch 183 | train_loss=3.3968e-04 | train_eval_loss=2.4072e-04 | val_loss=3.1551e-04 | | lr=1.25e-04
Epoch 184 | train_loss=3.4812e-04 | train_eval_loss=2.4870e-04 | val_loss=3.2864e-04 | | lr=1.25e-04
Epoch 185 | train_loss=3.4627e-04 | train_eval_loss=2.4036e-04 | val_loss=3.1731e-04 | | lr=1.25e-04
Epoch 186 | train_loss=3.3849e-04 | train_eval_loss=2.4842e-04 | val_loss=3.2971e-04 | | lr=1.25e-04
Epoch 187 | train_loss=3.3778e-04 | train_eval_loss=2.3387e-04 | val_loss=3.1158e-04 | | lr=1.25e-04
Epoch 188 | train_loss=3.3249e-04 | train_eval_loss=2.3408e-04 | val_loss=3.1250e-04 | | lr=1.25e-04
Epoch 189 | train_loss=3.2539e-04 | train_eval_loss=2.2079e-04 | val_loss=3.0245e-04 | | lr=6.25e-05
Saved best model to results/thesis_model_results/outputs/architecture_comparison_core/MTLGSH__mse__minmax__seed42/mtlgsh_state_dict_best.pt
Epoch 190 | train_loss=3.2036e-04 | train_eval_loss=2.2614e-04 | val_loss=3.0754e-04 | | lr=6.25e-05
Epoch 191 | train_loss=3.2363e-04 | train_eval_loss=2.2753e-04 | val_loss=3.0640e-04 | | lr=6.25e-05
Epoch 192 | train_loss=3.2152e-04 | train_eval_loss=2.2539e-04 | val_loss=3.0655e-04 | | lr=6.25e-05
Epoch 193 | train_loss=3.2005e-04 | train_eval_loss=2.1905e-04 | val_loss=3.0175e-04 | | lr=6.25e-05
Saved best model to results/thesis_model_results/outputs/architecture_comparison_core/MTLGSH__mse__minmax__seed42/mtlgsh_state_dict_best.pt
Epoch 194 | train_loss=3.2288e-04 | train_eval_loss=2.2690e-04 | val_loss=3.0605e-04 | | lr=6.25e-05
Epoch 195 | train_loss=3.1980e-04 | train_eval_loss=2.2143e-04 | val_loss=3.0355e-04 | | lr=6.25e-05
Epoch 196 | train_loss=3.1955e-04 | train_eval_loss=2.2306e-04 | val_loss=3.0510e-04 | | lr=6.25e-05
Epoch 197 | train_loss=3.1937e-04 | train_eval_loss=2.2008e-04 | val_loss=3.0124e-04 | | lr=6.25e-05
Saved best model to results/thesis_model_results/outputs/architecture_comparison_core/MTLGSH__mse__minmax__seed42/mtlgsh_state_dict_best.pt
Epoch 198 | train_loss=3.2004e-04 | train_eval_loss=2.3471e-04 | val_loss=3.1746e-04 | | lr=6.25e-05
Epoch 199 | train_loss=3.1909e-04 | train_eval_loss=2.2085e-04 | val_loss=3.0106e-04 | | lr=6.25e-05
Saved best model to results/thesis_model_results/outputs/architecture_comparison_core/MTLGSH__mse__minmax__seed42/mtlgsh_state_dict_best.pt
Epoch 200 | train_loss=3.1936e-04 | train_eval_loss=2.2727e-04 | val_loss=3.0676e-04 | | lr=6.25e-05
Saved training logs to results/thesis_model_results/outputs/architecture_comparison_core/MTLGSH__mse__minmax__seed42/training_summary.txt
Test RMSE(rocof_COI) = 0.0117 | norm: 0.0089 | real_diff: 0.0075
Test RMSE(dev_COI) = 0.0184 | norm: 0.0068 | real_diff: 0.0096
Test RMSE(Delta_P_IBR_1) = 0.1100 | norm: 0.0174 | real_diff: 0.0711
Test RMSE(Delta_P_IBR_2) = 0.1036 | norm: 0.0144 | real_diff: 0.0587
Test RMSE(Delta_P_IBR_3) = 0.1632 | norm: 0.0287 | real_diff: 0.0825
Test RMSE(Delta_P_IBR_4) = 0.1821 | norm: 0.0188 | real_diff: 0.1154
Saved RMSE results to results/thesis_model_results/outputs/architecture_comparison_core/MTLGSH__mse__minmax__seed42/rmse_results.txt
Saved detailed metrics to results/thesis_model_results/outputs/architecture_comparison_core/MTLGSH__mse__minmax__seed42/metrics_by_target.csv
Saved aggregate metrics to results/thesis_model_results/outputs/architecture_comparison_core/MTLGSH__mse__minmax__seed42/metrics_summary.json
Saved loss curves to results/thesis_model_results/outputs/architecture_comparison_core/MTLGSH__mse__minmax__seed42/loss_curve.png
Saved scatter plot results/thesis_model_results/outputs/architecture_comparison_core/MTLGSH__mse__minmax__seed42/scatter_rocof_COI.png
Saved scatter plot results/thesis_model_results/outputs/architecture_comparison_core/MTLGSH__mse__minmax__seed42/scatter_dev_COI.png
Saved scatter plot results/thesis_model_results/outputs/architecture_comparison_core/MTLGSH__mse__minmax__seed42/scatter_Delta_P_IBR_1.png
Saved scatter plot results/thesis_model_results/outputs/architecture_comparison_core/MTLGSH__mse__minmax__seed42/scatter_Delta_P_IBR_2.png
Saved scatter plot results/thesis_model_results/outputs/architecture_comparison_core/MTLGSH__mse__minmax__seed42/scatter_Delta_P_IBR_3.png
Saved scatter plot results/thesis_model_results/outputs/architecture_comparison_core/MTLGSH__mse__minmax__seed42/scatter_Delta_P_IBR_4.png
Saved model to results/thesis_model_results/outputs/architecture_comparison_core/MTLGSH__mse__minmax__seed42/mtlgsh_state_dict.pt
Loss type: mse | weights=[]
Target stats (scaled):
train mean=[0.549  0.589  0.492  0.4884 0.4785 0.4192]
train std=[0.1365 0.1371 0.1141 0.1063 0.1158 0.1138]
train q05=[0.3074 0.3979 0.3192 0.303  0.3347 0.2205]
train q95=[0.7933 0.8652 0.6719 0.6491 0.6927 0.6016]
val mean=[0.5473 0.5873 0.4922 0.4893 0.4798 0.4201]
val std=[0.1343 0.1348 0.1123 0.1072 0.1141 0.1112]
val q05=[0.3103 0.3982 0.3195 0.303  0.3376 0.2251]
val q95=[0.7886 0.8626 0.6731 0.6514 0.6918 0.5984]
val/train std ratio=[0.984  0.9828 0.9844 1.0084 0.9848 0.9772]
LR scheduler: ReduceLROnPlateau (factor=0.5, patience=8, min_lr=1e-07)
Epoch 001 | train_loss=5.5505e+07 | train_eval_loss=4.8775e+00 | val_loss=4.8772e+00 | | lr=1.00e-03
Saved best model to results/thesis_model_results/outputs/architecture_comparison_core/FICNN__mse__minmax__seed42/ficnn_state_dict_best.pt
Epoch 002 | train_loss=4.8708e+00 | train_eval_loss=4.8559e+00 | val_loss=4.8556e+00 | | lr=1.00e-03
Saved best model to results/thesis_model_results/outputs/architecture_comparison_core/FICNN__mse__minmax__seed42/ficnn_state_dict_best.pt
Epoch 003 | train_loss=4.8375e+00 | train_eval_loss=4.8168e+00 | val_loss=4.8165e+00 | | lr=1.00e-03
Saved best model to results/thesis_model_results/outputs/architecture_comparison_core/FICNN__mse__minmax__seed42/ficnn_state_dict_best.pt
Epoch 004 | train_loss=4.7946e+00 | train_eval_loss=4.7701e+00 | val_loss=4.7699e+00 | | lr=1.00e-03
Saved best model to results/thesis_model_results/outputs/architecture_comparison_core/FICNN__mse__minmax__seed42/ficnn_state_dict_best.pt
Epoch 005 | train_loss=4.7446e+00 | train_eval_loss=4.7168e+00 | val_loss=4.7165e+00 | | lr=1.00e-03
Saved best model to results/thesis_model_results/outputs/architecture_comparison_core/FICNN__mse__minmax__seed42/ficnn_state_dict_best.pt
Epoch 006 | train_loss=4.6883e+00 | train_eval_loss=4.6575e+00 | val_loss=4.6572e+00 | | lr=1.00e-03
Saved best model to results/thesis_model_results/outputs/architecture_comparison_core/FICNN__mse__minmax__seed42/ficnn_state_dict_best.pt
Epoch 007 | train_loss=4.6263e+00 | train_eval_loss=4.5927e+00 | val_loss=4.5924e+00 | | lr=1.00e-03
Saved best model to results/thesis_model_results/outputs/architecture_comparison_core/FICNN__mse__minmax__seed42/ficnn_state_dict_best.pt
Epoch 008 | train_loss=4.5590e+00 | train_eval_loss=4.5228e+00 | val_loss=4.5225e+00 | | lr=1.00e-03
Saved best model to results/thesis_model_results/outputs/architecture_comparison_core/FICNN__mse__minmax__seed42/ficnn_state_dict_best.pt
Epoch 009 | train_loss=4.4868e+00 | train_eval_loss=4.4483e+00 | val_loss=4.4479e+00 | | lr=1.00e-03
Saved best model to results/thesis_model_results/outputs/architecture_comparison_core/FICNN__mse__minmax__seed42/ficnn_state_dict_best.pt
Epoch 010 | train_loss=4.4101e+00 | train_eval_loss=4.3693e+00 | val_loss=4.3690e+00 | | lr=1.00e-03
Saved best model to results/thesis_model_results/outputs/architecture_comparison_core/FICNN__mse__minmax__seed42/ficnn_state_dict_best.pt
Epoch 011 | train_loss=4.3291e+00 | train_eval_loss=4.2862e+00 | val_loss=4.2858e+00 | | lr=1.00e-03
Saved best model to results/thesis_model_results/outputs/architecture_comparison_core/FICNN__mse__minmax__seed42/ficnn_state_dict_best.pt
Epoch 012 | train_loss=4.2441e+00 | train_eval_loss=4.1993e+00 | val_loss=4.1989e+00 | | lr=1.00e-03
Saved best model to results/thesis_model_results/outputs/architecture_comparison_core/FICNN__mse__minmax__seed42/ficnn_state_dict_best.pt
Epoch 013 | train_loss=4.1554e+00 | train_eval_loss=4.1088e+00 | val_loss=4.1085e+00 | | lr=1.00e-03
Saved best model to results/thesis_model_results/outputs/architecture_comparison_core/FICNN__mse__minmax__seed42/ficnn_state_dict_best.pt
Epoch 014 | train_loss=4.0634e+00 | train_eval_loss=4.0151e+00 | val_loss=4.0147e+00 | | lr=1.00e-03
Saved best model to results/thesis_model_results/outputs/architecture_comparison_core/FICNN__mse__minmax__seed42/ficnn_state_dict_best.pt
Epoch 015 | train_loss=3.9682e+00 | train_eval_loss=3.9184e+00 | val_loss=3.9180e+00 | | lr=1.00e-03
Saved best model to results/thesis_model_results/outputs/architecture_comparison_core/FICNN__mse__minmax__seed42/ficnn_state_dict_best.pt
Epoch 016 | train_loss=3.8701e+00 | train_eval_loss=3.8190e+00 | val_loss=3.8185e+00 | | lr=1.00e-03
Saved best model to results/thesis_model_results/outputs/architecture_comparison_core/FICNN__mse__minmax__seed42/ficnn_state_dict_best.pt
Epoch 017 | train_loss=3.7693e+00 | train_eval_loss=3.7169e+00 | val_loss=3.7165e+00 | | lr=1.00e-03
Saved best model to results/thesis_model_results/outputs/architecture_comparison_core/FICNN__mse__minmax__seed42/ficnn_state_dict_best.pt
Epoch 018 | train_loss=3.6662e+00 | train_eval_loss=3.6127e+00 | val_loss=3.6122e+00 | | lr=1.00e-03
Saved best model to results/thesis_model_results/outputs/architecture_comparison_core/FICNN__mse__minmax__seed42/ficnn_state_dict_best.pt
Epoch 019 | train_loss=3.5610e+00 | train_eval_loss=3.5064e+00 | val_loss=3.5059e+00 | | lr=1.00e-03
Saved best model to results/thesis_model_results/outputs/architecture_comparison_core/FICNN__mse__minmax__seed42/ficnn_state_dict_best.pt
Epoch 020 | train_loss=3.4538e+00 | train_eval_loss=3.3984e+00 | val_loss=3.3979e+00 | | lr=1.00e-03
Saved best model to results/thesis_model_results/outputs/architecture_comparison_core/FICNN__mse__minmax__seed42/ficnn_state_dict_best.pt
Epoch 021 | train_loss=3.3450e+00 | train_eval_loss=3.2888e+00 | val_loss=3.2883e+00 | | lr=1.00e-03
Saved best model to results/thesis_model_results/outputs/architecture_comparison_core/FICNN__mse__minmax__seed42/ficnn_state_dict_best.pt
Epoch 022 | train_loss=3.2348e+00 | train_eval_loss=3.1780e+00 | val_loss=3.1775e+00 | | lr=1.00e-03
Saved best model to results/thesis_model_results/outputs/architecture_comparison_core/FICNN__mse__minmax__seed42/ficnn_state_dict_best.pt
Epoch 023 | train_loss=3.1236e+00 | train_eval_loss=3.0663e+00 | val_loss=3.0657e+00 | | lr=1.00e-03
Saved best model to results/thesis_model_results/outputs/architecture_comparison_core/FICNN__mse__minmax__seed42/ficnn_state_dict_best.pt
Epoch 024 | train_loss=3.0114e+00 | train_eval_loss=2.9538e+00 | val_loss=2.9533e+00 | | lr=1.00e-03
Saved best model to results/thesis_model_results/outputs/architecture_comparison_core/FICNN__mse__minmax__seed42/ficnn_state_dict_best.pt
Epoch 025 | train_loss=2.8987e+00 | train_eval_loss=2.8409e+00 | val_loss=2.8403e+00 | | lr=1.00e-03
Saved best model to results/thesis_model_results/outputs/architecture_comparison_core/FICNN__mse__minmax__seed42/ficnn_state_dict_best.pt
Epoch 026 | train_loss=2.7857e+00 | train_eval_loss=2.7278e+00 | val_loss=2.7272e+00 | | lr=1.00e-03
Saved best model to results/thesis_model_results/outputs/architecture_comparison_core/FICNN__mse__minmax__seed42/ficnn_state_dict_best.pt
Epoch 027 | train_loss=2.6726e+00 | train_eval_loss=2.6148e+00 | val_loss=2.6142e+00 | | lr=1.00e-03
Saved best model to results/thesis_model_results/outputs/architecture_comparison_core/FICNN__mse__minmax__seed42/ficnn_state_dict_best.pt
Epoch 028 | train_loss=2.5597e+00 | train_eval_loss=2.5020e+00 | val_loss=2.5014e+00 | | lr=1.00e-03
Saved best model to results/thesis_model_results/outputs/architecture_comparison_core/FICNN__mse__minmax__seed42/ficnn_state_dict_best.pt
Epoch 029 | train_loss=2.4473e+00 | train_eval_loss=2.3899e+00 | val_loss=2.3893e+00 | | lr=1.00e-03
Saved best model to results/thesis_model_results/outputs/architecture_comparison_core/FICNN__mse__minmax__seed42/ficnn_state_dict_best.pt
Epoch 030 | train_loss=2.3355e+00 | train_eval_loss=2.2787e+00 | val_loss=2.2781e+00 | | lr=1.00e-03
Saved best model to results/thesis_model_results/outputs/architecture_comparison_core/FICNN__mse__minmax__seed42/ficnn_state_dict_best.pt
Epoch 031 | train_loss=2.2248e+00 | train_eval_loss=2.1685e+00 | val_loss=2.1679e+00 | | lr=1.00e-03
Saved best model to results/thesis_model_results/outputs/architecture_comparison_core/FICNN__mse__minmax__seed42/ficnn_state_dict_best.pt
Epoch 032 | train_loss=2.1152e+00 | train_eval_loss=2.0597e+00 | val_loss=2.0590e+00 | | lr=1.00e-03
Saved best model to results/thesis_model_results/outputs/architecture_comparison_core/FICNN__mse__minmax__seed42/ficnn_state_dict_best.pt
Epoch 033 | train_loss=2.0071e+00 | train_eval_loss=1.9524e+00 | val_loss=1.9518e+00 | | lr=1.00e-03
Saved best model to results/thesis_model_results/outputs/architecture_comparison_core/FICNN__mse__minmax__seed42/ficnn_state_dict_best.pt
Epoch 034 | train_loss=1.9008e+00 | train_eval_loss=1.8470e+00 | val_loss=1.8463e+00 | | lr=1.00e-03
Saved best model to results/thesis_model_results/outputs/architecture_comparison_core/FICNN__mse__minmax__seed42/ficnn_state_dict_best.pt
Epoch 035 | train_loss=1.7963e+00 | train_eval_loss=1.7436e+00 | val_loss=1.7429e+00 | | lr=1.00e-03
Saved best model to results/thesis_model_results/outputs/architecture_comparison_core/FICNN__mse__minmax__seed42/ficnn_state_dict_best.pt
Epoch 036 | train_loss=1.6940e+00 | train_eval_loss=1.6424e+00 | val_loss=1.6417e+00 | | lr=1.00e-03
Saved best model to results/thesis_model_results/outputs/architecture_comparison_core/FICNN__mse__minmax__seed42/ficnn_state_dict_best.pt
Epoch 037 | train_loss=1.5940e+00 | train_eval_loss=1.5437e+00 | val_loss=1.5430e+00 | | lr=1.00e-03
Saved best model to results/thesis_model_results/outputs/architecture_comparison_core/FICNN__mse__minmax__seed42/ficnn_state_dict_best.pt
Epoch 038 | train_loss=1.4966e+00 | train_eval_loss=1.4477e+00 | val_loss=1.4469e+00 | | lr=1.00e-03
Saved best model to results/thesis_model_results/outputs/architecture_comparison_core/FICNN__mse__minmax__seed42/ficnn_state_dict_best.pt
Epoch 039 | train_loss=1.4019e+00 | train_eval_loss=1.3545e+00 | val_loss=1.3537e+00 | | lr=1.00e-03
Saved best model to results/thesis_model_results/outputs/architecture_comparison_core/FICNN__mse__minmax__seed42/ficnn_state_dict_best.pt
Epoch 040 | train_loss=1.3102e+00 | train_eval_loss=1.2642e+00 | val_loss=1.2634e+00 | | lr=1.00e-03
Saved best model to results/thesis_model_results/outputs/architecture_comparison_core/FICNN__mse__minmax__seed42/ficnn_state_dict_best.pt
Epoch 041 | train_loss=1.2214e+00 | train_eval_loss=1.1771e+00 | val_loss=1.1764e+00 | | lr=1.00e-03
Saved best model to results/thesis_model_results/outputs/architecture_comparison_core/FICNN__mse__minmax__seed42/ficnn_state_dict_best.pt
Epoch 042 | train_loss=1.1359e+00 | train_eval_loss=1.0933e+00 | val_loss=1.0925e+00 | | lr=1.00e-03
Saved best model to results/thesis_model_results/outputs/architecture_comparison_core/FICNN__mse__minmax__seed42/ficnn_state_dict_best.pt
Epoch 043 | train_loss=1.0538e+00 | train_eval_loss=1.0129e+00 | val_loss=1.0121e+00 | | lr=1.00e-03
Saved best model to results/thesis_model_results/outputs/architecture_comparison_core/FICNN__mse__minmax__seed42/ficnn_state_dict_best.pt
Epoch 044 | train_loss=9.7503e-01 | train_eval_loss=9.3594e-01 | val_loss=9.3513e-01 | | lr=1.00e-03
Saved best model to results/thesis_model_results/outputs/architecture_comparison_core/FICNN__mse__minmax__seed42/ficnn_state_dict_best.pt
Epoch 045 | train_loss=8.9981e-01 | train_eval_loss=8.6251e-01 | val_loss=8.6169e-01 | | lr=1.00e-03
Saved best model to results/thesis_model_results/outputs/architecture_comparison_core/FICNN__mse__minmax__seed42/ficnn_state_dict_best.pt
Epoch 046 | train_loss=8.2814e-01 | train_eval_loss=7.9272e-01 | val_loss=7.9190e-01 | | lr=1.00e-03
Saved best model to results/thesis_model_results/outputs/architecture_comparison_core/FICNN__mse__minmax__seed42/ficnn_state_dict_best.pt
Epoch 047 | train_loss=7.6011e-01 | train_eval_loss=7.2658e-01 | val_loss=7.2575e-01 | | lr=1.00e-03
Saved best model to results/thesis_model_results/outputs/architecture_comparison_core/FICNN__mse__minmax__seed42/ficnn_state_dict_best.pt
Epoch 048 | train_loss=6.9576e-01 | train_eval_loss=6.6409e-01 | val_loss=6.6326e-01 | | lr=1.00e-03
Saved best model to results/thesis_model_results/outputs/architecture_comparison_core/FICNN__mse__minmax__seed42/ficnn_state_dict_best.pt
Epoch 049 | train_loss=6.3507e-01 | train_eval_loss=6.0528e-01 | val_loss=6.0444e-01 | | lr=1.00e-03
Saved best model to results/thesis_model_results/outputs/architecture_comparison_core/FICNN__mse__minmax__seed42/ficnn_state_dict_best.pt
Epoch 050 | train_loss=5.7806e-01 | train_eval_loss=5.5012e-01 | val_loss=5.4928e-01 | | lr=1.00e-03
Saved best model to results/thesis_model_results/outputs/architecture_comparison_core/FICNN__mse__minmax__seed42/ficnn_state_dict_best.pt
Epoch 051 | train_loss=5.2468e-01 | train_eval_loss=4.9859e-01 | val_loss=4.9775e-01 | | lr=1.00e-03
Saved best model to results/thesis_model_results/outputs/architecture_comparison_core/FICNN__mse__minmax__seed42/ficnn_state_dict_best.pt
Epoch 052 | train_loss=4.7488e-01 | train_eval_loss=4.5059e-01 | val_loss=4.4975e-01 | | lr=1.00e-03
Saved best model to results/thesis_model_results/outputs/architecture_comparison_core/FICNN__mse__minmax__seed42/ficnn_state_dict_best.pt
Epoch 053 | train_loss=4.2860e-01 | train_eval_loss=4.0611e-01 | val_loss=4.0527e-01 | | lr=1.00e-03
Saved best model to results/thesis_model_results/outputs/architecture_comparison_core/FICNN__mse__minmax__seed42/ficnn_state_dict_best.pt
Epoch 054 | train_loss=3.8577e-01 | train_eval_loss=3.6502e-01 | val_loss=3.6418e-01 | | lr=1.00e-03
Saved best model to results/thesis_model_results/outputs/architecture_comparison_core/FICNN__mse__minmax__seed42/ficnn_state_dict_best.pt
Epoch 055 | train_loss=3.4629e-01 | train_eval_loss=3.2721e-01 | val_loss=3.2637e-01 | | lr=1.00e-03
Saved best model to results/thesis_model_results/outputs/architecture_comparison_core/FICNN__mse__minmax__seed42/ficnn_state_dict_best.pt
Epoch 056 | train_loss=3.1004e-01 | train_eval_loss=2.9257e-01 | val_loss=2.9174e-01 | | lr=1.00e-03
Saved best model to results/thesis_model_results/outputs/architecture_comparison_core/FICNN__mse__minmax__seed42/ficnn_state_dict_best.pt
Epoch 057 | train_loss=2.7690e-01 | train_eval_loss=2.6098e-01 | val_loss=2.6015e-01 | | lr=1.00e-03
Saved best model to results/thesis_model_results/outputs/architecture_comparison_core/FICNN__mse__minmax__seed42/ficnn_state_dict_best.pt
Epoch 058 | train_loss=2.4674e-01 | train_eval_loss=2.3230e-01 | val_loss=2.3147e-01 | | lr=1.00e-03
Saved best model to results/thesis_model_results/outputs/architecture_comparison_core/FICNN__mse__minmax__seed42/ficnn_state_dict_best.pt
Epoch 059 | train_loss=2.1941e-01 | train_eval_loss=2.0636e-01 | val_loss=2.0554e-01 | | lr=1.00e-03
Saved best model to results/thesis_model_results/outputs/architecture_comparison_core/FICNN__mse__minmax__seed42/ficnn_state_dict_best.pt
Epoch 060 | train_loss=1.9476e-01 | train_eval_loss=1.8303e-01 | val_loss=1.8222e-01 | | lr=1.00e-03
Saved best model to results/thesis_model_results/outputs/architecture_comparison_core/FICNN__mse__minmax__seed42/ficnn_state_dict_best.pt
Epoch 061 | train_loss=1.7263e-01 | train_eval_loss=1.6214e-01 | val_loss=1.6133e-01 | | lr=1.00e-03
Saved best model to results/thesis_model_results/outputs/architecture_comparison_core/FICNN__mse__minmax__seed42/ficnn_state_dict_best.pt
Epoch 062 | train_loss=1.5286e-01 | train_eval_loss=1.4352e-01 | val_loss=1.4272e-01 | | lr=1.00e-03
Saved best model to results/thesis_model_results/outputs/architecture_comparison_core/FICNN__mse__minmax__seed42/ficnn_state_dict_best.pt
Epoch 063 | train_loss=1.3528e-01 | train_eval_loss=1.2700e-01 | val_loss=1.2621e-01 | | lr=1.00e-03
Saved best model to results/thesis_model_results/outputs/architecture_comparison_core/FICNN__mse__minmax__seed42/ficnn_state_dict_best.pt
Epoch 064 | train_loss=1.1973e-01 | train_eval_loss=1.1242e-01 | val_loss=1.1165e-01 | | lr=1.00e-03
Saved best model to results/thesis_model_results/outputs/architecture_comparison_core/FICNN__mse__minmax__seed42/ficnn_state_dict_best.pt
Epoch 065 | train_loss=1.0603e-01 | train_eval_loss=9.9623e-02 | val_loss=9.8855e-02 | | lr=1.00e-03
Saved best model to results/thesis_model_results/outputs/architecture_comparison_core/FICNN__mse__minmax__seed42/ficnn_state_dict_best.pt
Epoch 066 | train_loss=9.4028e-02 | train_eval_loss=8.8428e-02 | val_loss=8.7672e-02 | | lr=1.00e-03
Saved best model to results/thesis_model_results/outputs/architecture_comparison_core/FICNN__mse__minmax__seed42/ficnn_state_dict_best.pt
Epoch 067 | train_loss=8.3565e-02 | train_eval_loss=7.8702e-02 | val_loss=7.7956e-02 | | lr=1.00e-03
Saved best model to results/thesis_model_results/outputs/architecture_comparison_core/FICNN__mse__minmax__seed42/ficnn_state_dict_best.pt
Epoch 068 | train_loss=7.4493e-02 | train_eval_loss=7.0293e-02 | val_loss=6.9559e-02 | | lr=1.00e-03
Saved best model to results/thesis_model_results/outputs/architecture_comparison_core/FICNN__mse__minmax__seed42/ficnn_state_dict_best.pt
Epoch 069 | train_loss=6.6656e-02 | train_eval_loss=6.3042e-02 | val_loss=6.2320e-02 | | lr=1.00e-03
Saved best model to results/thesis_model_results/outputs/architecture_comparison_core/FICNN__mse__minmax__seed42/ficnn_state_dict_best.pt
Epoch 070 | train_loss=5.9925e-02 | train_eval_loss=5.6823e-02 | val_loss=5.6113e-02 | | lr=1.00e-03
Saved best model to results/thesis_model_results/outputs/architecture_comparison_core/FICNN__mse__minmax__seed42/ficnn_state_dict_best.pt
Epoch 071 | train_loss=5.4161e-02 | train_eval_loss=5.1518e-02 | val_loss=5.0820e-02 | | lr=1.00e-03
Saved best model to results/thesis_model_results/outputs/architecture_comparison_core/FICNN__mse__minmax__seed42/ficnn_state_dict_best.pt
Epoch 072 | train_loss=4.9248e-02 | train_eval_loss=4.6996e-02 | val_loss=4.6310e-02 | | lr=1.00e-03
Saved best model to results/thesis_model_results/outputs/architecture_comparison_core/FICNN__mse__minmax__seed42/ficnn_state_dict_best.pt
Epoch 073 | train_loss=4.5072e-02 | train_eval_loss=4.3165e-02 | val_loss=4.2491e-02 | | lr=1.00e-03
Saved best model to results/thesis_model_results/outputs/architecture_comparison_core/FICNN__mse__minmax__seed42/ficnn_state_dict_best.pt
Epoch 074 | train_loss=4.1538e-02 | train_eval_loss=3.9922e-02 | val_loss=3.9261e-02 | | lr=1.00e-03
Saved best model to results/thesis_model_results/outputs/architecture_comparison_core/FICNN__mse__minmax__seed42/ficnn_state_dict_best.pt
Epoch 075 | train_loss=3.8545e-02 | train_eval_loss=3.7179e-02 | val_loss=3.6530e-02 | | lr=1.00e-03
Saved best model to results/thesis_model_results/outputs/architecture_comparison_core/FICNN__mse__minmax__seed42/ficnn_state_dict_best.pt
Epoch 076 | train_loss=3.6016e-02 | train_eval_loss=3.4860e-02 | val_loss=3.4224e-02 | | lr=1.00e-03
Saved best model to results/thesis_model_results/outputs/architecture_comparison_core/FICNN__mse__minmax__seed42/ficnn_state_dict_best.pt
Epoch 077 | train_loss=3.3877e-02 | train_eval_loss=3.2900e-02 | val_loss=3.2276e-02 | | lr=1.00e-03
Saved best model to results/thesis_model_results/outputs/architecture_comparison_core/FICNN__mse__minmax__seed42/ficnn_state_dict_best.pt
Epoch 078 | train_loss=3.2068e-02 | train_eval_loss=3.1238e-02 | val_loss=3.0626e-02 | | lr=1.00e-03
Saved best model to results/thesis_model_results/outputs/architecture_comparison_core/FICNN__mse__minmax__seed42/ficnn_state_dict_best.pt
Epoch 079 | train_loss=3.0527e-02 | train_eval_loss=2.9818e-02 | val_loss=2.9218e-02 | | lr=1.00e-03
Saved best model to results/thesis_model_results/outputs/architecture_comparison_core/FICNN__mse__minmax__seed42/ficnn_state_dict_best.pt
Epoch 080 | train_loss=2.9209e-02 | train_eval_loss=2.8601e-02 | val_loss=2.8012e-02 | | lr=1.00e-03
Saved best model to results/thesis_model_results/outputs/architecture_comparison_core/FICNN__mse__minmax__seed42/ficnn_state_dict_best.pt
Epoch 081 | train_loss=2.8075e-02 | train_eval_loss=2.7550e-02 | val_loss=2.6972e-02 | | lr=1.00e-03
Saved best model to results/thesis_model_results/outputs/architecture_comparison_core/FICNN__mse__minmax__seed42/ficnn_state_dict_best.pt
Epoch 082 | train_loss=2.7091e-02 | train_eval_loss=2.6631e-02 | val_loss=2.6064e-02 | | lr=1.00e-03
Saved best model to results/thesis_model_results/outputs/architecture_comparison_core/FICNN__mse__minmax__seed42/ficnn_state_dict_best.pt
Epoch 083 | train_loss=2.6227e-02 | train_eval_loss=2.5823e-02 | val_loss=2.5266e-02 | | lr=1.00e-03
Saved best model to results/thesis_model_results/outputs/architecture_comparison_core/FICNN__mse__minmax__seed42/ficnn_state_dict_best.pt
Epoch 084 | train_loss=2.5463e-02 | train_eval_loss=2.5101e-02 | val_loss=2.4554e-02 | | lr=1.00e-03
Saved best model to results/thesis_model_results/outputs/architecture_comparison_core/FICNN__mse__minmax__seed42/ficnn_state_dict_best.pt
Epoch 085 | train_loss=2.4778e-02 | train_eval_loss=2.4452e-02 | val_loss=2.3914e-02 | | lr=1.00e-03
Saved best model to results/thesis_model_results/outputs/architecture_comparison_core/FICNN__mse__minmax__seed42/ficnn_state_dict_best.pt
Epoch 086 | train_loss=2.4160e-02 | train_eval_loss=2.3863e-02 | val_loss=2.3335e-02 | | lr=1.00e-03
Saved best model to results/thesis_model_results/outputs/architecture_comparison_core/FICNN__mse__minmax__seed42/ficnn_state_dict_best.pt
Epoch 087 | train_loss=2.3595e-02 | train_eval_loss=2.3322e-02 | val_loss=2.2803e-02 | | lr=1.00e-03
Saved best model to results/thesis_model_results/outputs/architecture_comparison_core/FICNN__mse__minmax__seed42/ficnn_state_dict_best.pt
Epoch 088 | train_loss=2.3074e-02 | train_eval_loss=2.2822e-02 | val_loss=2.2310e-02 | | lr=1.00e-03
Saved best model to results/thesis_model_results/outputs/architecture_comparison_core/FICNN__mse__minmax__seed42/ficnn_state_dict_best.pt
Epoch 089 | train_loss=2.2589e-02 | train_eval_loss=2.2353e-02 | val_loss=2.1850e-02 | | lr=1.00e-03
Saved best model to results/thesis_model_results/outputs/architecture_comparison_core/FICNN__mse__minmax__seed42/ficnn_state_dict_best.pt
Epoch 090 | train_loss=2.2137e-02 | train_eval_loss=2.1917e-02 | val_loss=2.1421e-02 | | lr=1.00e-03
Saved best model to results/thesis_model_results/outputs/architecture_comparison_core/FICNN__mse__minmax__seed42/ficnn_state_dict_best.pt
Epoch 091 | train_loss=2.1714e-02 | train_eval_loss=2.1505e-02 | val_loss=2.1016e-02 | | lr=1.00e-03
Saved best model to results/thesis_model_results/outputs/architecture_comparison_core/FICNN__mse__minmax__seed42/ficnn_state_dict_best.pt
Epoch 092 | train_loss=2.1314e-02 | train_eval_loss=2.1118e-02 | val_loss=2.0636e-02 | | lr=1.00e-03
Saved best model to results/thesis_model_results/outputs/architecture_comparison_core/FICNN__mse__minmax__seed42/ficnn_state_dict_best.pt
Epoch 093 | train_loss=2.0937e-02 | train_eval_loss=2.0751e-02 | val_loss=2.0276e-02 | | lr=1.00e-03
Saved best model to results/thesis_model_results/outputs/architecture_comparison_core/FICNN__mse__minmax__seed42/ficnn_state_dict_best.pt
Epoch 094 | train_loss=2.0580e-02 | train_eval_loss=2.0404e-02 | val_loss=1.9934e-02 | | lr=1.00e-03
Saved best model to results/thesis_model_results/outputs/architecture_comparison_core/FICNN__mse__minmax__seed42/ficnn_state_dict_best.pt
Epoch 095 | train_loss=2.0243e-02 | train_eval_loss=2.0075e-02 | val_loss=1.9611e-02 | | lr=1.00e-03
Saved best model to results/thesis_model_results/outputs/architecture_comparison_core/FICNN__mse__minmax__seed42/ficnn_state_dict_best.pt
Epoch 096 | train_loss=1.9923e-02 | train_eval_loss=1.9766e-02 | val_loss=1.9307e-02 | | lr=1.00e-03
Saved best model to results/thesis_model_results/outputs/architecture_comparison_core/FICNN__mse__minmax__seed42/ficnn_state_dict_best.pt
Epoch 097 | train_loss=1.9621e-02 | train_eval_loss=1.9472e-02 | val_loss=1.9018e-02 | | lr=1.00e-03
Saved best model to results/thesis_model_results/outputs/architecture_comparison_core/FICNN__mse__minmax__seed42/ficnn_state_dict_best.pt
Epoch 098 | train_loss=1.9335e-02 | train_eval_loss=1.9194e-02 | val_loss=1.8745e-02 | | lr=1.00e-03
Saved best model to results/thesis_model_results/outputs/architecture_comparison_core/FICNN__mse__minmax__seed42/ficnn_state_dict_best.pt
Epoch 099 | train_loss=1.9065e-02 | train_eval_loss=1.8932e-02 | val_loss=1.8487e-02 | | lr=1.00e-03
Saved best model to results/thesis_model_results/outputs/architecture_comparison_core/FICNN__mse__minmax__seed42/ficnn_state_dict_best.pt
Epoch 100 | train_loss=1.8810e-02 | train_eval_loss=1.8684e-02 | val_loss=1.8243e-02 | | lr=1.00e-03
Saved best model to results/thesis_model_results/outputs/architecture_comparison_core/FICNN__mse__minmax__seed42/ficnn_state_dict_best.pt
Epoch 101 | train_loss=1.8569e-02 | train_eval_loss=1.8450e-02 | val_loss=1.8013e-02 | | lr=1.00e-03
Saved best model to results/thesis_model_results/outputs/architecture_comparison_core/FICNN__mse__minmax__seed42/ficnn_state_dict_best.pt
Epoch 102 | train_loss=1.8341e-02 | train_eval_loss=1.8229e-02 | val_loss=1.7796e-02 | | lr=1.00e-03
Saved best model to results/thesis_model_results/outputs/architecture_comparison_core/FICNN__mse__minmax__seed42/ficnn_state_dict_best.pt
Epoch 103 | train_loss=1.8127e-02 | train_eval_loss=1.8021e-02 | val_loss=1.7592e-02 | | lr=1.00e-03
Saved best model to results/thesis_model_results/outputs/architecture_comparison_core/FICNN__mse__minmax__seed42/ficnn_state_dict_best.pt
Epoch 104 | train_loss=1.7924e-02 | train_eval_loss=1.7824e-02 | val_loss=1.7398e-02 | | lr=1.00e-03
Saved best model to results/thesis_model_results/outputs/architecture_comparison_core/FICNN__mse__minmax__seed42/ficnn_state_dict_best.pt
Epoch 105 | train_loss=1.7732e-02 | train_eval_loss=1.7637e-02 | val_loss=1.7214e-02 | | lr=1.00e-03
Saved best model to results/thesis_model_results/outputs/architecture_comparison_core/FICNN__mse__minmax__seed42/ficnn_state_dict_best.pt
Epoch 106 | train_loss=1.7550e-02 | train_eval_loss=1.7460e-02 | val_loss=1.7040e-02 | | lr=1.00e-03
Saved best model to results/thesis_model_results/outputs/architecture_comparison_core/FICNN__mse__minmax__seed42/ficnn_state_dict_best.pt
Epoch 107 | train_loss=1.7378e-02 | train_eval_loss=1.7294e-02 | val_loss=1.6876e-02 | | lr=1.00e-03
Saved best model to results/thesis_model_results/outputs/architecture_comparison_core/FICNN__mse__minmax__seed42/ficnn_state_dict_best.pt
Epoch 108 | train_loss=1.7216e-02 | train_eval_loss=1.7135e-02 | val_loss=1.6720e-02 | | lr=1.00e-03
Saved best model to results/thesis_model_results/outputs/architecture_comparison_core/FICNN__mse__minmax__seed42/ficnn_state_dict_best.pt
Epoch 109 | train_loss=1.7061e-02 | train_eval_loss=1.6984e-02 | val_loss=1.6572e-02 | | lr=1.00e-03
Saved best model to results/thesis_model_results/outputs/architecture_comparison_core/FICNN__mse__minmax__seed42/ficnn_state_dict_best.pt
Epoch 110 | train_loss=1.6914e-02 | train_eval_loss=1.6840e-02 | val_loss=1.6431e-02 | | lr=1.00e-03
Saved best model to results/thesis_model_results/outputs/architecture_comparison_core/FICNN__mse__minmax__seed42/ficnn_state_dict_best.pt
Epoch 111 | train_loss=1.6773e-02 | train_eval_loss=1.6704e-02 | val_loss=1.6296e-02 | | lr=1.00e-03
Saved best model to results/thesis_model_results/outputs/architecture_comparison_core/FICNN__mse__minmax__seed42/ficnn_state_dict_best.pt
Epoch 112 | train_loss=1.6639e-02 | train_eval_loss=1.6572e-02 | val_loss=1.6167e-02 | | lr=1.00e-03
Saved best model to results/thesis_model_results/outputs/architecture_comparison_core/FICNN__mse__minmax__seed42/ficnn_state_dict_best.pt
Epoch 113 | train_loss=1.6510e-02 | train_eval_loss=1.6445e-02 | val_loss=1.6043e-02 | | lr=1.00e-03
Saved best model to results/thesis_model_results/outputs/architecture_comparison_core/FICNN__mse__minmax__seed42/ficnn_state_dict_best.pt
Epoch 114 | train_loss=1.6386e-02 | train_eval_loss=1.6324e-02 | val_loss=1.5923e-02 | | lr=1.00e-03
Saved best model to results/thesis_model_results/outputs/architecture_comparison_core/FICNN__mse__minmax__seed42/ficnn_state_dict_best.pt
Epoch 115 | train_loss=1.6266e-02 | train_eval_loss=1.6206e-02 | val_loss=1.5807e-02 | | lr=1.00e-03
Saved best model to results/thesis_model_results/outputs/architecture_comparison_core/FICNN__mse__minmax__seed42/ficnn_state_dict_best.pt
Epoch 116 | train_loss=1.6150e-02 | train_eval_loss=1.6091e-02 | val_loss=1.5695e-02 | | lr=1.00e-03
Saved best model to results/thesis_model_results/outputs/architecture_comparison_core/FICNN__mse__minmax__seed42/ficnn_state_dict_best.pt
Epoch 117 | train_loss=1.6037e-02 | train_eval_loss=1.5980e-02 | val_loss=1.5586e-02 | | lr=1.00e-03
Saved best model to results/thesis_model_results/outputs/architecture_comparison_core/FICNN__mse__minmax__seed42/ficnn_state_dict_best.pt
Epoch 118 | train_loss=1.5927e-02 | train_eval_loss=1.5871e-02 | val_loss=1.5478e-02 | | lr=1.00e-03
Saved best model to results/thesis_model_results/outputs/architecture_comparison_core/FICNN__mse__minmax__seed42/ficnn_state_dict_best.pt
Epoch 119 | train_loss=1.5819e-02 | train_eval_loss=1.5765e-02 | val_loss=1.5374e-02 | | lr=1.00e-03
Saved best model to results/thesis_model_results/outputs/architecture_comparison_core/FICNN__mse__minmax__seed42/ficnn_state_dict_best.pt
Epoch 120 | train_loss=1.5714e-02 | train_eval_loss=1.5660e-02 | val_loss=1.5271e-02 | | lr=1.00e-03
Saved best model to results/thesis_model_results/outputs/architecture_comparison_core/FICNN__mse__minmax__seed42/ficnn_state_dict_best.pt
Epoch 121 | train_loss=1.5610e-02 | train_eval_loss=1.5557e-02 | val_loss=1.5170e-02 | | lr=1.00e-03
Saved best model to results/thesis_model_results/outputs/architecture_comparison_core/FICNN__mse__minmax__seed42/ficnn_state_dict_best.pt
Epoch 122 | train_loss=1.5508e-02 | train_eval_loss=1.5456e-02 | val_loss=1.5071e-02 | | lr=1.00e-03
Saved best model to results/thesis_model_results/outputs/architecture_comparison_core/FICNN__mse__minmax__seed42/ficnn_state_dict_best.pt
Epoch 123 | train_loss=1.5407e-02 | train_eval_loss=1.5355e-02 | val_loss=1.4972e-02 | | lr=1.00e-03
Saved best model to results/thesis_model_results/outputs/architecture_comparison_core/FICNN__mse__minmax__seed42/ficnn_state_dict_best.pt
Epoch 124 | train_loss=1.5307e-02 | train_eval_loss=1.5256e-02 | val_loss=1.4875e-02 | | lr=1.00e-03
Saved best model to results/thesis_model_results/outputs/architecture_comparison_core/FICNN__mse__minmax__seed42/ficnn_state_dict_best.pt
Epoch 125 | train_loss=1.5209e-02 | train_eval_loss=1.5158e-02 | val_loss=1.4778e-02 | | lr=1.00e-03
Saved best model to results/thesis_model_results/outputs/architecture_comparison_core/FICNN__mse__minmax__seed42/ficnn_state_dict_best.pt
Epoch 126 | train_loss=1.5111e-02 | train_eval_loss=1.5061e-02 | val_loss=1.4683e-02 | | lr=1.00e-03
Saved best model to results/thesis_model_results/outputs/architecture_comparison_core/FICNN__mse__minmax__seed42/ficnn_state_dict_best.pt
Epoch 127 | train_loss=1.5014e-02 | train_eval_loss=1.4964e-02 | val_loss=1.4588e-02 | | lr=1.00e-03
Saved best model to results/thesis_model_results/outputs/architecture_comparison_core/FICNN__mse__minmax__seed42/ficnn_state_dict_best.pt
Epoch 128 | train_loss=1.4917e-02 | train_eval_loss=1.4868e-02 | val_loss=1.4494e-02 | | lr=1.00e-03
Saved best model to results/thesis_model_results/outputs/architecture_comparison_core/FICNN__mse__minmax__seed42/ficnn_state_dict_best.pt
Epoch 129 | train_loss=1.4821e-02 | train_eval_loss=1.4772e-02 | val_loss=1.4400e-02 | | lr=1.00e-03
Saved best model to results/thesis_model_results/outputs/architecture_comparison_core/FICNN__mse__minmax__seed42/ficnn_state_dict_best.pt
Epoch 130 | train_loss=1.4727e-02 | train_eval_loss=1.4678e-02 | val_loss=1.4308e-02 | | lr=1.00e-03
Saved best model to results/thesis_model_results/outputs/architecture_comparison_core/FICNN__mse__minmax__seed42/ficnn_state_dict_best.pt
Epoch 131 | train_loss=1.4632e-02 | train_eval_loss=1.4584e-02 | val_loss=1.4216e-02 | | lr=1.00e-03
Saved best model to results/thesis_model_results/outputs/architecture_comparison_core/FICNN__mse__minmax__seed42/ficnn_state_dict_best.pt
Epoch 132 | train_loss=1.4538e-02 | train_eval_loss=1.4490e-02 | val_loss=1.4124e-02 | | lr=1.00e-03
Saved best model to results/thesis_model_results/outputs/architecture_comparison_core/FICNN__mse__minmax__seed42/ficnn_state_dict_best.pt
Epoch 133 | train_loss=1.4444e-02 | train_eval_loss=1.4396e-02 | val_loss=1.4032e-02 | | lr=1.00e-03
Saved best model to results/thesis_model_results/outputs/architecture_comparison_core/FICNN__mse__minmax__seed42/ficnn_state_dict_best.pt
Epoch 134 | train_loss=1.4352e-02 | train_eval_loss=1.4304e-02 | val_loss=1.3941e-02 | | lr=1.00e-03
Saved best model to results/thesis_model_results/outputs/architecture_comparison_core/FICNN__mse__minmax__seed42/ficnn_state_dict_best.pt
Epoch 135 | train_loss=1.4259e-02 | train_eval_loss=1.4211e-02 | val_loss=1.3851e-02 | | lr=1.00e-03
Saved best model to results/thesis_model_results/outputs/architecture_comparison_core/FICNN__mse__minmax__seed42/ficnn_state_dict_best.pt
Epoch 136 | train_loss=1.4167e-02 | train_eval_loss=1.4119e-02 | val_loss=1.3760e-02 | | lr=1.00e-03
Saved best model to results/thesis_model_results/outputs/architecture_comparison_core/FICNN__mse__minmax__seed42/ficnn_state_dict_best.pt
Epoch 137 | train_loss=1.4075e-02 | train_eval_loss=1.4027e-02 | val_loss=1.3671e-02 | | lr=1.00e-03
Saved best model to results/thesis_model_results/outputs/architecture_comparison_core/FICNN__mse__minmax__seed42/ficnn_state_dict_best.pt
Epoch 138 | train_loss=1.3983e-02 | train_eval_loss=1.3935e-02 | val_loss=1.3582e-02 | | lr=1.00e-03
Saved best model to results/thesis_model_results/outputs/architecture_comparison_core/FICNN__mse__minmax__seed42/ficnn_state_dict_best.pt
Epoch 139 | train_loss=1.3891e-02 | train_eval_loss=1.3844e-02 | val_loss=1.3492e-02 | | lr=1.00e-03
Saved best model to results/thesis_model_results/outputs/architecture_comparison_core/FICNN__mse__minmax__seed42/ficnn_state_dict_best.pt
Epoch 140 | train_loss=1.3800e-02 | train_eval_loss=1.3753e-02 | val_loss=1.3403e-02 | | lr=1.00e-03
Saved best model to results/thesis_model_results/outputs/architecture_comparison_core/FICNN__mse__minmax__seed42/ficnn_state_dict_best.pt
Epoch 141 | train_loss=1.3709e-02 | train_eval_loss=1.3661e-02 | val_loss=1.3314e-02 | | lr=1.00e-03
Saved best model to results/thesis_model_results/outputs/architecture_comparison_core/FICNN__mse__minmax__seed42/ficnn_state_dict_best.pt
Epoch 142 | train_loss=1.3618e-02 | train_eval_loss=1.3570e-02 | val_loss=1.3224e-02 | | lr=1.00e-03
Saved best model to results/thesis_model_results/outputs/architecture_comparison_core/FICNN__mse__minmax__seed42/ficnn_state_dict_best.pt
Epoch 143 | train_loss=1.3527e-02 | train_eval_loss=1.3479e-02 | val_loss=1.3136e-02 | | lr=1.00e-03
Saved best model to results/thesis_model_results/outputs/architecture_comparison_core/FICNN__mse__minmax__seed42/ficnn_state_dict_best.pt
Epoch 144 | train_loss=1.3435e-02 | train_eval_loss=1.3388e-02 | val_loss=1.3046e-02 | | lr=1.00e-03
Saved best model to results/thesis_model_results/outputs/architecture_comparison_core/FICNN__mse__minmax__seed42/ficnn_state_dict_best.pt
Epoch 145 | train_loss=1.3344e-02 | train_eval_loss=1.3296e-02 | val_loss=1.2957e-02 | | lr=1.00e-03
Saved best model to results/thesis_model_results/outputs/architecture_comparison_core/FICNN__mse__minmax__seed42/ficnn_state_dict_best.pt
Epoch 146 | train_loss=1.3252e-02 | train_eval_loss=1.3204e-02 | val_loss=1.2868e-02 | | lr=1.00e-03
Saved best model to results/thesis_model_results/outputs/architecture_comparison_core/FICNN__mse__minmax__seed42/ficnn_state_dict_best.pt
Epoch 147 | train_loss=1.3160e-02 | train_eval_loss=1.3112e-02 | val_loss=1.2777e-02 | | lr=1.00e-03
Saved best model to results/thesis_model_results/outputs/architecture_comparison_core/FICNN__mse__minmax__seed42/ficnn_state_dict_best.pt
Epoch 148 | train_loss=1.3067e-02 | train_eval_loss=1.3019e-02 | val_loss=1.2687e-02 | | lr=1.00e-03
Saved best model to results/thesis_model_results/outputs/architecture_comparison_core/FICNN__mse__minmax__seed42/ficnn_state_dict_best.pt
Epoch 149 | train_loss=1.2974e-02 | train_eval_loss=1.2925e-02 | val_loss=1.2596e-02 | | lr=1.00e-03
Saved best model to results/thesis_model_results/outputs/architecture_comparison_core/FICNN__mse__minmax__seed42/ficnn_state_dict_best.pt
Epoch 150 | train_loss=1.2880e-02 | train_eval_loss=1.2831e-02 | val_loss=1.2504e-02 | | lr=1.00e-03
Saved best model to results/thesis_model_results/outputs/architecture_comparison_core/FICNN__mse__minmax__seed42/ficnn_state_dict_best.pt
Epoch 151 | train_loss=1.2785e-02 | train_eval_loss=1.2735e-02 | val_loss=1.2410e-02 | | lr=1.00e-03
Saved best model to results/thesis_model_results/outputs/architecture_comparison_core/FICNN__mse__minmax__seed42/ficnn_state_dict_best.pt
Epoch 152 | train_loss=1.2690e-02 | train_eval_loss=1.2639e-02 | val_loss=1.2318e-02 | | lr=1.00e-03
Saved best model to results/thesis_model_results/outputs/architecture_comparison_core/FICNN__mse__minmax__seed42/ficnn_state_dict_best.pt
Epoch 153 | train_loss=1.2593e-02 | train_eval_loss=1.2542e-02 | val_loss=1.2223e-02 | | lr=1.00e-03
Saved best model to results/thesis_model_results/outputs/architecture_comparison_core/FICNN__mse__minmax__seed42/ficnn_state_dict_best.pt
Epoch 154 | train_loss=1.2495e-02 | train_eval_loss=1.2444e-02 | val_loss=1.2127e-02 | | lr=1.00e-03
Saved best model to results/thesis_model_results/outputs/architecture_comparison_core/FICNN__mse__minmax__seed42/ficnn_state_dict_best.pt
Epoch 155 | train_loss=1.2396e-02 | train_eval_loss=1.2344e-02 | val_loss=1.2029e-02 | | lr=1.00e-03
Saved best model to results/thesis_model_results/outputs/architecture_comparison_core/FICNN__mse__minmax__seed42/ficnn_state_dict_best.pt
Epoch 156 | train_loss=1.2296e-02 | train_eval_loss=1.2243e-02 | val_loss=1.1932e-02 | | lr=1.00e-03
Saved best model to results/thesis_model_results/outputs/architecture_comparison_core/FICNN__mse__minmax__seed42/ficnn_state_dict_best.pt
Epoch 157 | train_loss=1.2194e-02 | train_eval_loss=1.2140e-02 | val_loss=1.1831e-02 | | lr=1.00e-03
Saved best model to results/thesis_model_results/outputs/architecture_comparison_core/FICNN__mse__minmax__seed42/ficnn_state_dict_best.pt
Epoch 158 | train_loss=1.2091e-02 | train_eval_loss=1.2037e-02 | val_loss=1.1731e-02 | | lr=1.00e-03
Saved best model to results/thesis_model_results/outputs/architecture_comparison_core/FICNN__mse__minmax__seed42/ficnn_state_dict_best.pt
Epoch 159 | train_loss=1.1986e-02 | train_eval_loss=1.1931e-02 | val_loss=1.1628e-02 | | lr=1.00e-03
Saved best model to results/thesis_model_results/outputs/architecture_comparison_core/FICNN__mse__minmax__seed42/ficnn_state_dict_best.pt
Epoch 160 | train_loss=1.1880e-02 | train_eval_loss=1.1825e-02 | val_loss=1.1523e-02 | | lr=1.00e-03
Saved best model to results/thesis_model_results/outputs/architecture_comparison_core/FICNN__mse__minmax__seed42/ficnn_state_dict_best.pt
Epoch 161 | train_loss=1.1772e-02 | train_eval_loss=1.1716e-02 | val_loss=1.1418e-02 | | lr=1.00e-03
Saved best model to results/thesis_model_results/outputs/architecture_comparison_core/FICNN__mse__minmax__seed42/ficnn_state_dict_best.pt
Epoch 162 | train_loss=1.1663e-02 | train_eval_loss=1.1605e-02 | val_loss=1.1310e-02 | | lr=1.00e-03
Saved best model to results/thesis_model_results/outputs/architecture_comparison_core/FICNN__mse__minmax__seed42/ficnn_state_dict_best.pt
Epoch 163 | train_loss=1.1551e-02 | train_eval_loss=1.1492e-02 | val_loss=1.1201e-02 | | lr=1.00e-03
Saved best model to results/thesis_model_results/outputs/architecture_comparison_core/FICNN__mse__minmax__seed42/ficnn_state_dict_best.pt
Epoch 164 | train_loss=1.1438e-02 | train_eval_loss=1.1378e-02 | val_loss=1.1090e-02 | | lr=1.00e-03
Saved best model to results/thesis_model_results/outputs/architecture_comparison_core/FICNN__mse__minmax__seed42/ficnn_state_dict_best.pt
Epoch 165 | train_loss=1.1322e-02 | train_eval_loss=1.1262e-02 | val_loss=1.0977e-02 | | lr=1.00e-03
Saved best model to results/thesis_model_results/outputs/architecture_comparison_core/FICNN__mse__minmax__seed42/ficnn_state_dict_best.pt
Epoch 166 | train_loss=1.1205e-02 | train_eval_loss=1.1143e-02 | val_loss=1.0862e-02 | | lr=1.00e-03
Saved best model to results/thesis_model_results/outputs/architecture_comparison_core/FICNN__mse__minmax__seed42/ficnn_state_dict_best.pt
Epoch 167 | train_loss=1.1086e-02 | train_eval_loss=1.1023e-02 | val_loss=1.0745e-02 | | lr=1.00e-03
Saved best model to results/thesis_model_results/outputs/architecture_comparison_core/FICNN__mse__minmax__seed42/ficnn_state_dict_best.pt
Epoch 168 | train_loss=1.0965e-02 | train_eval_loss=1.0901e-02 | val_loss=1.0627e-02 | | lr=1.00e-03
Saved best model to results/thesis_model_results/outputs/architecture_comparison_core/FICNN__mse__minmax__seed42/ficnn_state_dict_best.pt
Epoch 169 | train_loss=1.0842e-02 | train_eval_loss=1.0777e-02 | val_loss=1.0506e-02 | | lr=1.00e-03
Saved best model to results/thesis_model_results/outputs/architecture_comparison_core/FICNN__mse__minmax__seed42/ficnn_state_dict_best.pt
Epoch 170 | train_loss=1.0716e-02 | train_eval_loss=1.0651e-02 | val_loss=1.0384e-02 | | lr=1.00e-03
Saved best model to results/thesis_model_results/outputs/architecture_comparison_core/FICNN__mse__minmax__seed42/ficnn_state_dict_best.pt
Epoch 171 | train_loss=1.0589e-02 | train_eval_loss=1.0523e-02 | val_loss=1.0258e-02 | | lr=1.00e-03
Saved best model to results/thesis_model_results/outputs/architecture_comparison_core/FICNN__mse__minmax__seed42/ficnn_state_dict_best.pt
Epoch 172 | train_loss=1.0460e-02 | train_eval_loss=1.0393e-02 | val_loss=1.0132e-02 | | lr=1.00e-03
Saved best model to results/thesis_model_results/outputs/architecture_comparison_core/FICNN__mse__minmax__seed42/ficnn_state_dict_best.pt
Epoch 173 | train_loss=1.0330e-02 | train_eval_loss=1.0261e-02 | val_loss=1.0004e-02 | | lr=1.00e-03
Saved best model to results/thesis_model_results/outputs/architecture_comparison_core/FICNN__mse__minmax__seed42/ficnn_state_dict_best.pt
Epoch 174 | train_loss=1.0197e-02 | train_eval_loss=1.0126e-02 | val_loss=9.8729e-03 | | lr=1.00e-03
Saved best model to results/thesis_model_results/outputs/architecture_comparison_core/FICNN__mse__minmax__seed42/ficnn_state_dict_best.pt
Epoch 175 | train_loss=1.0061e-02 | train_eval_loss=9.9911e-03 | val_loss=9.7408e-03 | | lr=1.00e-03
Saved best model to results/thesis_model_results/outputs/architecture_comparison_core/FICNN__mse__minmax__seed42/ficnn_state_dict_best.pt
Epoch 176 | train_loss=9.9250e-03 | train_eval_loss=9.8536e-03 | val_loss=9.6093e-03 | | lr=1.00e-03
Saved best model to results/thesis_model_results/outputs/architecture_comparison_core/FICNN__mse__minmax__seed42/ficnn_state_dict_best.pt
Epoch 177 | train_loss=9.7874e-03 | train_eval_loss=9.7138e-03 | val_loss=9.4710e-03 | | lr=1.00e-03
Saved best model to results/thesis_model_results/outputs/architecture_comparison_core/FICNN__mse__minmax__seed42/ficnn_state_dict_best.pt
Epoch 178 | train_loss=9.6458e-03 | train_eval_loss=9.5727e-03 | val_loss=9.3331e-03 | | lr=1.00e-03
Saved best model to results/thesis_model_results/outputs/architecture_comparison_core/FICNN__mse__minmax__seed42/ficnn_state_dict_best.pt
Epoch 179 | train_loss=9.5037e-03 | train_eval_loss=9.4299e-03 | val_loss=9.1968e-03 | | lr=1.00e-03
Saved best model to results/thesis_model_results/outputs/architecture_comparison_core/FICNN__mse__minmax__seed42/ficnn_state_dict_best.pt
Epoch 180 | train_loss=9.3599e-03 | train_eval_loss=9.2850e-03 | val_loss=9.0554e-03 | | lr=1.00e-03
Saved best model to results/thesis_model_results/outputs/architecture_comparison_core/FICNN__mse__minmax__seed42/ficnn_state_dict_best.pt
Epoch 181 | train_loss=9.2148e-03 | train_eval_loss=9.1391e-03 | val_loss=8.9141e-03 | | lr=1.00e-03
Saved best model to results/thesis_model_results/outputs/architecture_comparison_core/FICNN__mse__minmax__seed42/ficnn_state_dict_best.pt
Epoch 182 | train_loss=9.0673e-03 | train_eval_loss=8.9909e-03 | val_loss=8.7667e-03 | | lr=1.00e-03
Saved best model to results/thesis_model_results/outputs/architecture_comparison_core/FICNN__mse__minmax__seed42/ficnn_state_dict_best.pt
Epoch 183 | train_loss=8.9194e-03 | train_eval_loss=8.8418e-03 | val_loss=8.6224e-03 | | lr=1.00e-03
Saved best model to results/thesis_model_results/outputs/architecture_comparison_core/FICNN__mse__minmax__seed42/ficnn_state_dict_best.pt
Epoch 184 | train_loss=8.7697e-03 | train_eval_loss=8.6912e-03 | val_loss=8.4767e-03 | | lr=1.00e-03
Saved best model to results/thesis_model_results/outputs/architecture_comparison_core/FICNN__mse__minmax__seed42/ficnn_state_dict_best.pt
Epoch 185 | train_loss=8.6187e-03 | train_eval_loss=8.5411e-03 | val_loss=8.3282e-03 | | lr=1.00e-03
Saved best model to results/thesis_model_results/outputs/architecture_comparison_core/FICNN__mse__minmax__seed42/ficnn_state_dict_best.pt
Epoch 186 | train_loss=8.4670e-03 | train_eval_loss=8.3877e-03 | val_loss=8.1814e-03 | | lr=1.00e-03
Saved best model to results/thesis_model_results/outputs/architecture_comparison_core/FICNN__mse__minmax__seed42/ficnn_state_dict_best.pt
Epoch 187 | train_loss=8.3140e-03 | train_eval_loss=8.2341e-03 | val_loss=8.0304e-03 | | lr=1.00e-03
Saved best model to results/thesis_model_results/outputs/architecture_comparison_core/FICNN__mse__minmax__seed42/ficnn_state_dict_best.pt
Epoch 188 | train_loss=8.1595e-03 | train_eval_loss=8.0796e-03 | val_loss=7.8813e-03 | | lr=1.00e-03
Saved best model to results/thesis_model_results/outputs/architecture_comparison_core/FICNN__mse__minmax__seed42/ficnn_state_dict_best.pt
Epoch 189 | train_loss=8.0043e-03 | train_eval_loss=7.9237e-03 | val_loss=7.7289e-03 | | lr=1.00e-03
Saved best model to results/thesis_model_results/outputs/architecture_comparison_core/FICNN__mse__minmax__seed42/ficnn_state_dict_best.pt
Epoch 190 | train_loss=7.8491e-03 | train_eval_loss=7.7678e-03 | val_loss=7.5778e-03 | | lr=1.00e-03
Saved best model to results/thesis_model_results/outputs/architecture_comparison_core/FICNN__mse__minmax__seed42/ficnn_state_dict_best.pt
Epoch 191 | train_loss=7.6932e-03 | train_eval_loss=7.6117e-03 | val_loss=7.4268e-03 | | lr=1.00e-03
Saved best model to results/thesis_model_results/outputs/architecture_comparison_core/FICNN__mse__minmax__seed42/ficnn_state_dict_best.pt
Epoch 192 | train_loss=7.5366e-03 | train_eval_loss=7.4553e-03 | val_loss=7.2750e-03 | | lr=1.00e-03
Saved best model to results/thesis_model_results/outputs/architecture_comparison_core/FICNN__mse__minmax__seed42/ficnn_state_dict_best.pt
Epoch 193 | train_loss=7.3795e-03 | train_eval_loss=7.2997e-03 | val_loss=7.1212e-03 | | lr=1.00e-03
Saved best model to results/thesis_model_results/outputs/architecture_comparison_core/FICNN__mse__minmax__seed42/ficnn_state_dict_best.pt
Epoch 194 | train_loss=7.2231e-03 | train_eval_loss=7.1412e-03 | val_loss=6.9693e-03 | | lr=1.00e-03
Saved best model to results/thesis_model_results/outputs/architecture_comparison_core/FICNN__mse__minmax__seed42/ficnn_state_dict_best.pt
Epoch 195 | train_loss=7.0658e-03 | train_eval_loss=6.9845e-03 | val_loss=6.8148e-03 | | lr=1.00e-03
Saved best model to results/thesis_model_results/outputs/architecture_comparison_core/FICNN__mse__minmax__seed42/ficnn_state_dict_best.pt
Epoch 196 | train_loss=6.9084e-03 | train_eval_loss=6.8274e-03 | val_loss=6.6638e-03 | | lr=1.00e-03
Saved best model to results/thesis_model_results/outputs/architecture_comparison_core/FICNN__mse__minmax__seed42/ficnn_state_dict_best.pt
Epoch 197 | train_loss=6.7524e-03 | train_eval_loss=6.6715e-03 | val_loss=6.5134e-03 | | lr=1.00e-03
Saved best model to results/thesis_model_results/outputs/architecture_comparison_core/FICNN__mse__minmax__seed42/ficnn_state_dict_best.pt
Epoch 198 | train_loss=6.5966e-03 | train_eval_loss=6.5151e-03 | val_loss=6.3588e-03 | | lr=1.00e-03
Saved best model to results/thesis_model_results/outputs/architecture_comparison_core/FICNN__mse__minmax__seed42/ficnn_state_dict_best.pt
Epoch 199 | train_loss=6.4410e-03 | train_eval_loss=6.3611e-03 | val_loss=6.2107e-03 | | lr=1.00e-03
Saved best model to results/thesis_model_results/outputs/architecture_comparison_core/FICNN__mse__minmax__seed42/ficnn_state_dict_best.pt
Epoch 200 | train_loss=6.2863e-03 | train_eval_loss=6.2060e-03 | val_loss=6.0580e-03 | | lr=1.00e-03
Saved best model to results/thesis_model_results/outputs/architecture_comparison_core/FICNN__mse__minmax__seed42/ficnn_state_dict_best.pt
Saved training logs to results/thesis_model_results/outputs/architecture_comparison_core/FICNN__mse__minmax__seed42/training_summary.txt
Test RMSE(rocof_COI) = 0.1099 | norm: 0.0834 | real_diff: 0.0821
Test RMSE(dev_COI) = 0.2305 | norm: 0.0855 | real_diff: 0.1786
Test RMSE(Delta_P_IBR_1) = 0.4179 | norm: 0.0660 | real_diff: 0.3337
Test RMSE(Delta_P_IBR_2) = 0.4817 | norm: 0.0670 | real_diff: 0.3538
Test RMSE(Delta_P_IBR_3) = 0.5270 | norm: 0.0925 | real_diff: 0.4263
Test RMSE(Delta_P_IBR_4) = 0.7030 | norm: 0.0727 | real_diff: 0.5429
Saved RMSE results to results/thesis_model_results/outputs/architecture_comparison_core/FICNN__mse__minmax__seed42/rmse_results.txt
Saved detailed metrics to results/thesis_model_results/outputs/architecture_comparison_core/FICNN__mse__minmax__seed42/metrics_by_target.csv
Saved aggregate metrics to results/thesis_model_results/outputs/architecture_comparison_core/FICNN__mse__minmax__seed42/metrics_summary.json
Saved loss curves to results/thesis_model_results/outputs/architecture_comparison_core/FICNN__mse__minmax__seed42/loss_curve.png
Saved scatter plot results/thesis_model_results/outputs/architecture_comparison_core/FICNN__mse__minmax__seed42/scatter_rocof_COI.png
Saved scatter plot results/thesis_model_results/outputs/architecture_comparison_core/FICNN__mse__minmax__seed42/scatter_dev_COI.png
Saved scatter plot results/thesis_model_results/outputs/architecture_comparison_core/FICNN__mse__minmax__seed42/scatter_Delta_P_IBR_1.png
Saved scatter plot results/thesis_model_results/outputs/architecture_comparison_core/FICNN__mse__minmax__seed42/scatter_Delta_P_IBR_2.png
Saved scatter plot results/thesis_model_results/outputs/architecture_comparison_core/FICNN__mse__minmax__seed42/scatter_Delta_P_IBR_3.png
Saved scatter plot results/thesis_model_results/outputs/architecture_comparison_core/FICNN__mse__minmax__seed42/scatter_Delta_P_IBR_4.png
Saved model to results/thesis_model_results/outputs/architecture_comparison_core/FICNN__mse__minmax__seed42/ficnn_state_dict.pt
Loss type: mse | weights=[]
Target stats (scaled):
train mean=[0.549  0.589  0.492  0.4884 0.4785 0.4192]
train std=[0.1365 0.1371 0.1141 0.1063 0.1158 0.1138]
train q05=[0.3074 0.3979 0.3192 0.303  0.3347 0.2205]
train q95=[0.7933 0.8652 0.6719 0.6491 0.6927 0.6016]
val mean=[0.5473 0.5873 0.4922 0.4893 0.4798 0.4201]
val std=[0.1343 0.1348 0.1123 0.1072 0.1141 0.1112]
val q05=[0.3103 0.3982 0.3195 0.303  0.3376 0.2251]
val q95=[0.7886 0.8626 0.6731 0.6514 0.6918 0.5984]
val/train std ratio=[0.984  0.9828 0.9844 1.0084 0.9848 0.9772]
LR scheduler: ReduceLROnPlateau (factor=0.5, patience=8, min_lr=1e-07)
Epoch 001 | train_loss=2.2130e+08 | train_eval_loss=6.7456e+00 | val_loss=6.7484e+00 | | lr=1.00e-03
Saved best model to results/thesis_model_results/outputs/architecture_comparison_core/PICNN__mse__minmax__seed42/picnn_state_dict_best.pt
Epoch 002 | train_loss=6.7471e+00 | train_eval_loss=6.7379e+00 | val_loss=6.7407e+00 | | lr=1.00e-03
Saved best model to results/thesis_model_results/outputs/architecture_comparison_core/PICNN__mse__minmax__seed42/picnn_state_dict_best.pt
Epoch 003 | train_loss=6.7252e+00 | train_eval_loss=6.7109e+00 | val_loss=6.7137e+00 | | lr=1.00e-03
Saved best model to results/thesis_model_results/outputs/architecture_comparison_core/PICNN__mse__minmax__seed42/picnn_state_dict_best.pt
Epoch 004 | train_loss=6.6955e+00 | train_eval_loss=6.6786e+00 | val_loss=6.6814e+00 | | lr=1.00e-03
Saved best model to results/thesis_model_results/outputs/architecture_comparison_core/PICNN__mse__minmax__seed42/picnn_state_dict_best.pt
Epoch 005 | train_loss=6.6608e+00 | train_eval_loss=6.6414e+00 | val_loss=6.6441e+00 | | lr=1.00e-03
Saved best model to results/thesis_model_results/outputs/architecture_comparison_core/PICNN__mse__minmax__seed42/picnn_state_dict_best.pt
Epoch 006 | train_loss=6.6214e+00 | train_eval_loss=6.5998e+00 | val_loss=6.6025e+00 | | lr=1.00e-03
Saved best model to results/thesis_model_results/outputs/architecture_comparison_core/PICNN__mse__minmax__seed42/picnn_state_dict_best.pt
Epoch 007 | train_loss=6.5778e+00 | train_eval_loss=6.5540e+00 | val_loss=6.5568e+00 | | lr=1.00e-03
Saved best model to results/thesis_model_results/outputs/architecture_comparison_core/PICNN__mse__minmax__seed42/picnn_state_dict_best.pt
Epoch 008 | train_loss=6.5301e+00 | train_eval_loss=6.5043e+00 | val_loss=6.5070e+00 | | lr=1.00e-03
Saved best model to results/thesis_model_results/outputs/architecture_comparison_core/PICNN__mse__minmax__seed42/picnn_state_dict_best.pt
Epoch 009 | train_loss=6.4786e+00 | train_eval_loss=6.4509e+00 | val_loss=6.4536e+00 | | lr=1.00e-03
Saved best model to results/thesis_model_results/outputs/architecture_comparison_core/PICNN__mse__minmax__seed42/picnn_state_dict_best.pt
Epoch 010 | train_loss=6.4233e+00 | train_eval_loss=6.3938e+00 | val_loss=6.3965e+00 | | lr=1.00e-03
Saved best model to results/thesis_model_results/outputs/architecture_comparison_core/PICNN__mse__minmax__seed42/picnn_state_dict_best.pt
Epoch 011 | train_loss=6.3645e+00 | train_eval_loss=6.3331e+00 | val_loss=6.3358e+00 | | lr=1.00e-03
Saved best model to results/thesis_model_results/outputs/architecture_comparison_core/PICNN__mse__minmax__seed42/picnn_state_dict_best.pt
Epoch 012 | train_loss=6.3022e+00 | train_eval_loss=6.2691e+00 | val_loss=6.2717e+00 | | lr=1.00e-03
Saved best model to results/thesis_model_results/outputs/architecture_comparison_core/PICNN__mse__minmax__seed42/picnn_state_dict_best.pt
Epoch 013 | train_loss=6.2365e+00 | train_eval_loss=6.2017e+00 | val_loss=6.2043e+00 | | lr=1.00e-03
Saved best model to results/thesis_model_results/outputs/architecture_comparison_core/PICNN__mse__minmax__seed42/picnn_state_dict_best.pt
Epoch 014 | train_loss=6.1675e+00 | train_eval_loss=6.1311e+00 | val_loss=6.1336e+00 | | lr=1.00e-03
Saved best model to results/thesis_model_results/outputs/architecture_comparison_core/PICNN__mse__minmax__seed42/picnn_state_dict_best.pt
Epoch 015 | train_loss=6.0953e+00 | train_eval_loss=6.0573e+00 | val_loss=6.0598e+00 | | lr=1.00e-03
Saved best model to results/thesis_model_results/outputs/architecture_comparison_core/PICNN__mse__minmax__seed42/picnn_state_dict_best.pt
Epoch 016 | train_loss=6.0200e+00 | train_eval_loss=5.9804e+00 | val_loss=5.9829e+00 | | lr=1.00e-03
Saved best model to results/thesis_model_results/outputs/architecture_comparison_core/PICNN__mse__minmax__seed42/picnn_state_dict_best.pt
Epoch 017 | train_loss=5.9417e+00 | train_eval_loss=5.9005e+00 | val_loss=5.9029e+00 | | lr=1.00e-03
Saved best model to results/thesis_model_results/outputs/architecture_comparison_core/PICNN__mse__minmax__seed42/picnn_state_dict_best.pt
Epoch 018 | train_loss=5.8603e+00 | train_eval_loss=5.8177e+00 | val_loss=5.8201e+00 | | lr=1.00e-03
Saved best model to results/thesis_model_results/outputs/architecture_comparison_core/PICNN__mse__minmax__seed42/picnn_state_dict_best.pt
Epoch 019 | train_loss=5.7762e+00 | train_eval_loss=5.7321e+00 | val_loss=5.7344e+00 | | lr=1.00e-03
Saved best model to results/thesis_model_results/outputs/architecture_comparison_core/PICNN__mse__minmax__seed42/picnn_state_dict_best.pt
Epoch 020 | train_loss=5.6892e+00 | train_eval_loss=5.6437e+00 | val_loss=5.6460e+00 | | lr=1.00e-03
Saved best model to results/thesis_model_results/outputs/architecture_comparison_core/PICNN__mse__minmax__seed42/picnn_state_dict_best.pt
Epoch 021 | train_loss=5.5994e+00 | train_eval_loss=5.5525e+00 | val_loss=5.5547e+00 | | lr=1.00e-03
Saved best model to results/thesis_model_results/outputs/architecture_comparison_core/PICNN__mse__minmax__seed42/picnn_state_dict_best.pt
Epoch 022 | train_loss=5.5069e+00 | train_eval_loss=5.4587e+00 | val_loss=5.4609e+00 | | lr=1.00e-03
Saved best model to results/thesis_model_results/outputs/architecture_comparison_core/PICNN__mse__minmax__seed42/picnn_state_dict_best.pt
Epoch 023 | train_loss=5.4119e+00 | train_eval_loss=5.3624e+00 | val_loss=5.3646e+00 | | lr=1.00e-03
Saved best model to results/thesis_model_results/outputs/architecture_comparison_core/PICNN__mse__minmax__seed42/picnn_state_dict_best.pt
Epoch 024 | train_loss=5.3144e+00 | train_eval_loss=5.2637e+00 | val_loss=5.2658e+00 | | lr=1.00e-03
Saved best model to results/thesis_model_results/outputs/architecture_comparison_core/PICNN__mse__minmax__seed42/picnn_state_dict_best.pt
Epoch 025 | train_loss=5.2145e+00 | train_eval_loss=5.1625e+00 | val_loss=5.1646e+00 | | lr=1.00e-03
Saved best model to results/thesis_model_results/outputs/architecture_comparison_core/PICNN__mse__minmax__seed42/picnn_state_dict_best.pt
Epoch 026 | train_loss=5.1123e+00 | train_eval_loss=5.0592e+00 | val_loss=5.0612e+00 | | lr=1.00e-03
Saved best model to results/thesis_model_results/outputs/architecture_comparison_core/PICNN__mse__minmax__seed42/picnn_state_dict_best.pt
Epoch 027 | train_loss=5.0079e+00 | train_eval_loss=4.9537e+00 | val_loss=4.9556e+00 | | lr=1.00e-03
Saved best model to results/thesis_model_results/outputs/architecture_comparison_core/PICNN__mse__minmax__seed42/picnn_state_dict_best.pt
Epoch 028 | train_loss=4.9014e+00 | train_eval_loss=4.8461e+00 | val_loss=4.8480e+00 | | lr=1.00e-03
Saved best model to results/thesis_model_results/outputs/architecture_comparison_core/PICNN__mse__minmax__seed42/picnn_state_dict_best.pt
Epoch 029 | train_loss=4.7928e+00 | train_eval_loss=4.7367e+00 | val_loss=4.7386e+00 | | lr=1.00e-03
Saved best model to results/thesis_model_results/outputs/architecture_comparison_core/PICNN__mse__minmax__seed42/picnn_state_dict_best.pt
Epoch 030 | train_loss=4.6825e+00 | train_eval_loss=4.6254e+00 | val_loss=4.6272e+00 | | lr=1.00e-03
Saved best model to results/thesis_model_results/outputs/architecture_comparison_core/PICNN__mse__minmax__seed42/picnn_state_dict_best.pt
Epoch 031 | train_loss=4.5704e+00 | train_eval_loss=4.5124e+00 | val_loss=4.5142e+00 | | lr=1.00e-03
Saved best model to results/thesis_model_results/outputs/architecture_comparison_core/PICNN__mse__minmax__seed42/picnn_state_dict_best.pt
Epoch 032 | train_loss=4.4567e+00 | train_eval_loss=4.3980e+00 | val_loss=4.3997e+00 | | lr=1.00e-03
Saved best model to results/thesis_model_results/outputs/architecture_comparison_core/PICNN__mse__minmax__seed42/picnn_state_dict_best.pt
Epoch 033 | train_loss=4.3415e+00 | train_eval_loss=4.2820e+00 | val_loss=4.2837e+00 | | lr=1.00e-03
Saved best model to results/thesis_model_results/outputs/architecture_comparison_core/PICNN__mse__minmax__seed42/picnn_state_dict_best.pt
Epoch 034 | train_loss=4.2249e+00 | train_eval_loss=4.1648e+00 | val_loss=4.1664e+00 | | lr=1.00e-03
Saved best model to results/thesis_model_results/outputs/architecture_comparison_core/PICNN__mse__minmax__seed42/picnn_state_dict_best.pt
Epoch 035 | train_loss=4.1071e+00 | train_eval_loss=4.0465e+00 | val_loss=4.0480e+00 | | lr=1.00e-03
Saved best model to results/thesis_model_results/outputs/architecture_comparison_core/PICNN__mse__minmax__seed42/picnn_state_dict_best.pt
Epoch 036 | train_loss=3.9883e+00 | train_eval_loss=3.9271e+00 | val_loss=3.9286e+00 | | lr=1.00e-03
Saved best model to results/thesis_model_results/outputs/architecture_comparison_core/PICNN__mse__minmax__seed42/picnn_state_dict_best.pt
Epoch 037 | train_loss=3.8686e+00 | train_eval_loss=3.8070e+00 | val_loss=3.8084e+00 | | lr=1.00e-03
Saved best model to results/thesis_model_results/outputs/architecture_comparison_core/PICNN__mse__minmax__seed42/picnn_state_dict_best.pt
Epoch 038 | train_loss=3.7481e+00 | train_eval_loss=3.6863e+00 | val_loss=3.6876e+00 | | lr=1.00e-03
Saved best model to results/thesis_model_results/outputs/architecture_comparison_core/PICNN__mse__minmax__seed42/picnn_state_dict_best.pt
Epoch 039 | train_loss=3.6271e+00 | train_eval_loss=3.5650e+00 | val_loss=3.5663e+00 | | lr=1.00e-03
Saved best model to results/thesis_model_results/outputs/architecture_comparison_core/PICNN__mse__minmax__seed42/picnn_state_dict_best.pt
Epoch 040 | train_loss=3.5057e+00 | train_eval_loss=3.4435e+00 | val_loss=3.4447e+00 | | lr=1.00e-03
Saved best model to results/thesis_model_results/outputs/architecture_comparison_core/PICNN__mse__minmax__seed42/picnn_state_dict_best.pt
Epoch 041 | train_loss=3.3840e+00 | train_eval_loss=3.3217e+00 | val_loss=3.3229e+00 | | lr=1.00e-03
Saved best model to results/thesis_model_results/outputs/architecture_comparison_core/PICNN__mse__minmax__seed42/picnn_state_dict_best.pt
Epoch 042 | train_loss=3.2624e+00 | train_eval_loss=3.2001e+00 | val_loss=3.2012e+00 | | lr=1.00e-03
Saved best model to results/thesis_model_results/outputs/architecture_comparison_core/PICNN__mse__minmax__seed42/picnn_state_dict_best.pt
Epoch 043 | train_loss=3.1408e+00 | train_eval_loss=3.0787e+00 | val_loss=3.0798e+00 | | lr=1.00e-03
Saved best model to results/thesis_model_results/outputs/architecture_comparison_core/PICNN__mse__minmax__seed42/picnn_state_dict_best.pt
Epoch 044 | train_loss=3.0196e+00 | train_eval_loss=2.9577e+00 | val_loss=2.9587e+00 | | lr=1.00e-03
Saved best model to results/thesis_model_results/outputs/architecture_comparison_core/PICNN__mse__minmax__seed42/picnn_state_dict_best.pt
Epoch 045 | train_loss=2.8989e+00 | train_eval_loss=2.8374e+00 | val_loss=2.8383e+00 | | lr=1.00e-03
Saved best model to results/thesis_model_results/outputs/architecture_comparison_core/PICNN__mse__minmax__seed42/picnn_state_dict_best.pt
Epoch 046 | train_loss=2.7789e+00 | train_eval_loss=2.7178e+00 | val_loss=2.7187e+00 | | lr=1.00e-03
Saved best model to results/thesis_model_results/outputs/architecture_comparison_core/PICNN__mse__minmax__seed42/picnn_state_dict_best.pt
Epoch 047 | train_loss=2.6598e+00 | train_eval_loss=2.5992e+00 | val_loss=2.6001e+00 | | lr=1.00e-03
Saved best model to results/thesis_model_results/outputs/architecture_comparison_core/PICNN__mse__minmax__seed42/picnn_state_dict_best.pt
Epoch 048 | train_loss=2.5418e+00 | train_eval_loss=2.4818e+00 | val_loss=2.4826e+00 | | lr=1.00e-03
Saved best model to results/thesis_model_results/outputs/architecture_comparison_core/PICNN__mse__minmax__seed42/picnn_state_dict_best.pt
Epoch 049 | train_loss=2.4252e+00 | train_eval_loss=2.3660e+00 | val_loss=2.3667e+00 | | lr=1.00e-03
Saved best model to results/thesis_model_results/outputs/architecture_comparison_core/PICNN__mse__minmax__seed42/picnn_state_dict_best.pt
Epoch 050 | train_loss=2.3101e+00 | train_eval_loss=2.2517e+00 | val_loss=2.2524e+00 | | lr=1.00e-03
Saved best model to results/thesis_model_results/outputs/architecture_comparison_core/PICNN__mse__minmax__seed42/picnn_state_dict_best.pt
Epoch 051 | train_loss=2.1965e+00 | train_eval_loss=2.1391e+00 | val_loss=2.1397e+00 | | lr=1.00e-03
Saved best model to results/thesis_model_results/outputs/architecture_comparison_core/PICNN__mse__minmax__seed42/picnn_state_dict_best.pt
Epoch 052 | train_loss=2.0849e+00 | train_eval_loss=2.0286e+00 | val_loss=2.0291e+00 | | lr=1.00e-03
Saved best model to results/thesis_model_results/outputs/architecture_comparison_core/PICNN__mse__minmax__seed42/picnn_state_dict_best.pt
Epoch 053 | train_loss=1.9754e+00 | train_eval_loss=1.9201e+00 | val_loss=1.9206e+00 | | lr=1.00e-03
Saved best model to results/thesis_model_results/outputs/architecture_comparison_core/PICNN__mse__minmax__seed42/picnn_state_dict_best.pt
Epoch 054 | train_loss=1.8681e+00 | train_eval_loss=1.8140e+00 | val_loss=1.8145e+00 | | lr=1.00e-03
Saved best model to results/thesis_model_results/outputs/architecture_comparison_core/PICNN__mse__minmax__seed42/picnn_state_dict_best.pt
Epoch 055 | train_loss=1.7632e+00 | train_eval_loss=1.7104e+00 | val_loss=1.7108e+00 | | lr=1.00e-03
Saved best model to results/thesis_model_results/outputs/architecture_comparison_core/PICNN__mse__minmax__seed42/picnn_state_dict_best.pt
Epoch 056 | train_loss=1.6609e+00 | train_eval_loss=1.6094e+00 | val_loss=1.6098e+00 | | lr=1.00e-03
Saved best model to results/thesis_model_results/outputs/architecture_comparison_core/PICNN__mse__minmax__seed42/picnn_state_dict_best.pt
Epoch 057 | train_loss=1.5614e+00 | train_eval_loss=1.5114e+00 | val_loss=1.5117e+00 | | lr=1.00e-03
Saved best model to results/thesis_model_results/outputs/architecture_comparison_core/PICNN__mse__minmax__seed42/picnn_state_dict_best.pt
Epoch 058 | train_loss=1.4647e+00 | train_eval_loss=1.4162e+00 | val_loss=1.4165e+00 | | lr=1.00e-03
Saved best model to results/thesis_model_results/outputs/architecture_comparison_core/PICNN__mse__minmax__seed42/picnn_state_dict_best.pt
Epoch 059 | train_loss=1.3711e+00 | train_eval_loss=1.3242e+00 | val_loss=1.3244e+00 | | lr=1.00e-03
Saved best model to results/thesis_model_results/outputs/architecture_comparison_core/PICNN__mse__minmax__seed42/picnn_state_dict_best.pt
Epoch 060 | train_loss=1.2806e+00 | train_eval_loss=1.2354e+00 | val_loss=1.2356e+00 | | lr=1.00e-03
Saved best model to results/thesis_model_results/outputs/architecture_comparison_core/PICNN__mse__minmax__seed42/picnn_state_dict_best.pt
Epoch 061 | train_loss=1.1934e+00 | train_eval_loss=1.1498e+00 | val_loss=1.1500e+00 | | lr=1.00e-03
Saved best model to results/thesis_model_results/outputs/architecture_comparison_core/PICNN__mse__minmax__seed42/picnn_state_dict_best.pt
Epoch 062 | train_loss=1.1095e+00 | train_eval_loss=1.0678e+00 | val_loss=1.0679e+00 | | lr=1.00e-03
Saved best model to results/thesis_model_results/outputs/architecture_comparison_core/PICNN__mse__minmax__seed42/picnn_state_dict_best.pt
Epoch 063 | train_loss=1.0291e+00 | train_eval_loss=9.8919e-01 | val_loss=9.8924e-01 | | lr=1.00e-03
Saved best model to results/thesis_model_results/outputs/architecture_comparison_core/PICNN__mse__minmax__seed42/picnn_state_dict_best.pt
Epoch 064 | train_loss=9.5226e-01 | train_eval_loss=9.1415e-01 | val_loss=9.1417e-01 | | lr=1.00e-03
Saved best model to results/thesis_model_results/outputs/architecture_comparison_core/PICNN__mse__minmax__seed42/picnn_state_dict_best.pt
Epoch 065 | train_loss=8.7897e-01 | train_eval_loss=8.4272e-01 | val_loss=8.4270e-01 | | lr=1.00e-03
Saved best model to results/thesis_model_results/outputs/architecture_comparison_core/PICNN__mse__minmax__seed42/picnn_state_dict_best.pt
Epoch 066 | train_loss=8.0932e-01 | train_eval_loss=7.7488e-01 | val_loss=7.7483e-01 | | lr=1.00e-03
Saved best model to results/thesis_model_results/outputs/architecture_comparison_core/PICNN__mse__minmax__seed42/picnn_state_dict_best.pt
Epoch 067 | train_loss=7.4330e-01 | train_eval_loss=7.1076e-01 | val_loss=7.1068e-01 | | lr=1.00e-03
Saved best model to results/thesis_model_results/outputs/architecture_comparison_core/PICNN__mse__minmax__seed42/picnn_state_dict_best.pt
Epoch 068 | train_loss=6.8097e-01 | train_eval_loss=6.5029e-01 | val_loss=6.5018e-01 | | lr=1.00e-03
Saved best model to results/thesis_model_results/outputs/architecture_comparison_core/PICNN__mse__minmax__seed42/picnn_state_dict_best.pt
Epoch 069 | train_loss=6.2225e-01 | train_eval_loss=5.9347e-01 | val_loss=5.9333e-01 | | lr=1.00e-03
Saved best model to results/thesis_model_results/outputs/architecture_comparison_core/PICNN__mse__minmax__seed42/picnn_state_dict_best.pt
Epoch 070 | train_loss=5.6717e-01 | train_eval_loss=5.4018e-01 | val_loss=5.4002e-01 | | lr=1.00e-03
Saved best model to results/thesis_model_results/outputs/architecture_comparison_core/PICNN__mse__minmax__seed42/picnn_state_dict_best.pt
Epoch 071 | train_loss=5.1565e-01 | train_eval_loss=4.9050e-01 | val_loss=4.9031e-01 | | lr=1.00e-03
Saved best model to results/thesis_model_results/outputs/architecture_comparison_core/PICNN__mse__minmax__seed42/picnn_state_dict_best.pt
Epoch 072 | train_loss=4.6767e-01 | train_eval_loss=4.4429e-01 | val_loss=4.4408e-01 | | lr=1.00e-03
Saved best model to results/thesis_model_results/outputs/architecture_comparison_core/PICNN__mse__minmax__seed42/picnn_state_dict_best.pt
Epoch 073 | train_loss=4.2312e-01 | train_eval_loss=4.0148e-01 | val_loss=4.0125e-01 | | lr=1.00e-03
Saved best model to results/thesis_model_results/outputs/architecture_comparison_core/PICNN__mse__minmax__seed42/picnn_state_dict_best.pt
Epoch 074 | train_loss=3.8192e-01 | train_eval_loss=3.6197e-01 | val_loss=3.6172e-01 | | lr=1.00e-03
Saved best model to results/thesis_model_results/outputs/architecture_comparison_core/PICNN__mse__minmax__seed42/picnn_state_dict_best.pt
Epoch 075 | train_loss=3.4399e-01 | train_eval_loss=3.2565e-01 | val_loss=3.2539e-01 | | lr=1.00e-03
Saved best model to results/thesis_model_results/outputs/architecture_comparison_core/PICNN__mse__minmax__seed42/picnn_state_dict_best.pt
Epoch 076 | train_loss=3.0919e-01 | train_eval_loss=2.9243e-01 | val_loss=2.9215e-01 | | lr=1.00e-03
Saved best model to results/thesis_model_results/outputs/architecture_comparison_core/PICNN__mse__minmax__seed42/picnn_state_dict_best.pt
Epoch 077 | train_loss=2.7741e-01 | train_eval_loss=2.6216e-01 | val_loss=2.6186e-01 | | lr=1.00e-03
Saved best model to results/thesis_model_results/outputs/architecture_comparison_core/PICNN__mse__minmax__seed42/picnn_state_dict_best.pt
Epoch 078 | train_loss=2.4851e-01 | train_eval_loss=2.3467e-01 | val_loss=2.3436e-01 | | lr=1.00e-03
Saved best model to results/thesis_model_results/outputs/architecture_comparison_core/PICNN__mse__minmax__seed42/picnn_state_dict_best.pt
Epoch 079 | train_loss=2.2235e-01 | train_eval_loss=2.0986e-01 | val_loss=2.0954e-01 | | lr=1.00e-03
Saved best model to results/thesis_model_results/outputs/architecture_comparison_core/PICNN__mse__minmax__seed42/picnn_state_dict_best.pt
Epoch 080 | train_loss=1.9877e-01 | train_eval_loss=1.8757e-01 | val_loss=1.8724e-01 | | lr=1.00e-03
Saved best model to results/thesis_model_results/outputs/architecture_comparison_core/PICNN__mse__minmax__seed42/picnn_state_dict_best.pt
Epoch 081 | train_loss=1.7764e-01 | train_eval_loss=1.6763e-01 | val_loss=1.6729e-01 | | lr=1.00e-03
Saved best model to results/thesis_model_results/outputs/architecture_comparison_core/PICNN__mse__minmax__seed42/picnn_state_dict_best.pt
Epoch 082 | train_loss=1.5879e-01 | train_eval_loss=1.4988e-01 | val_loss=1.4953e-01 | | lr=1.00e-03
Saved best model to results/thesis_model_results/outputs/architecture_comparison_core/PICNN__mse__minmax__seed42/picnn_state_dict_best.pt
Epoch 083 | train_loss=1.4204e-01 | train_eval_loss=1.3416e-01 | val_loss=1.3380e-01 | | lr=1.00e-03
Saved best model to results/thesis_model_results/outputs/architecture_comparison_core/PICNN__mse__minmax__seed42/picnn_state_dict_best.pt
Epoch 084 | train_loss=1.2725e-01 | train_eval_loss=1.2032e-01 | val_loss=1.1996e-01 | | lr=1.00e-03
Saved best model to results/thesis_model_results/outputs/architecture_comparison_core/PICNN__mse__minmax__seed42/picnn_state_dict_best.pt
Epoch 085 | train_loss=1.1426e-01 | train_eval_loss=1.0819e-01 | val_loss=1.0782e-01 | | lr=1.00e-03
Saved best model to results/thesis_model_results/outputs/architecture_comparison_core/PICNN__mse__minmax__seed42/picnn_state_dict_best.pt
Epoch 086 | train_loss=1.0291e-01 | train_eval_loss=9.7620e-02 | val_loss=9.7247e-02 | | lr=1.00e-03
Saved best model to results/thesis_model_results/outputs/architecture_comparison_core/PICNN__mse__minmax__seed42/picnn_state_dict_best.pt
Epoch 087 | train_loss=9.3046e-02 | train_eval_loss=8.8473e-02 | val_loss=8.8097e-02 | | lr=1.00e-03
Saved best model to results/thesis_model_results/outputs/architecture_comparison_core/PICNN__mse__minmax__seed42/picnn_state_dict_best.pt
Epoch 088 | train_loss=8.4524e-02 | train_eval_loss=8.0589e-02 | val_loss=8.0209e-02 | | lr=1.00e-03
Saved best model to results/thesis_model_results/outputs/architecture_comparison_core/PICNN__mse__minmax__seed42/picnn_state_dict_best.pt
Epoch 089 | train_loss=7.7203e-02 | train_eval_loss=7.3836e-02 | val_loss=7.3453e-02 | | lr=1.00e-03
Saved best model to results/thesis_model_results/outputs/architecture_comparison_core/PICNN__mse__minmax__seed42/picnn_state_dict_best.pt
Epoch 090 | train_loss=7.0946e-02 | train_eval_loss=6.8082e-02 | val_loss=6.7697e-02 | | lr=1.00e-03
Saved best model to results/thesis_model_results/outputs/architecture_comparison_core/PICNN__mse__minmax__seed42/picnn_state_dict_best.pt
Epoch 091 | train_loss=6.5628e-02 | train_eval_loss=6.3205e-02 | val_loss=6.2818e-02 | | lr=1.00e-03
Saved best model to results/thesis_model_results/outputs/architecture_comparison_core/PICNN__mse__minmax__seed42/picnn_state_dict_best.pt
Epoch 092 | train_loss=6.1135e-02 | train_eval_loss=5.9091e-02 | val_loss=5.8703e-02 | | lr=1.00e-03
Saved best model to results/thesis_model_results/outputs/architecture_comparison_core/PICNN__mse__minmax__seed42/picnn_state_dict_best.pt
Epoch 093 | train_loss=5.7359e-02 | train_eval_loss=5.5651e-02 | val_loss=5.5263e-02 | | lr=1.00e-03
Saved best model to results/thesis_model_results/outputs/architecture_comparison_core/PICNN__mse__minmax__seed42/picnn_state_dict_best.pt
Epoch 094 | train_loss=5.4202e-02 | train_eval_loss=5.2777e-02 | val_loss=5.2388e-02 | | lr=1.00e-03
Saved best model to results/thesis_model_results/outputs/architecture_comparison_core/PICNN__mse__minmax__seed42/picnn_state_dict_best.pt
Epoch 095 | train_loss=5.1575e-02 | train_eval_loss=5.0392e-02 | val_loss=5.0003e-02 | | lr=1.00e-03
Saved best model to results/thesis_model_results/outputs/architecture_comparison_core/PICNN__mse__minmax__seed42/picnn_state_dict_best.pt
Epoch 096 | train_loss=4.9397e-02 | train_eval_loss=4.8415e-02 | val_loss=4.8026e-02 | | lr=1.00e-03
Saved best model to results/thesis_model_results/outputs/architecture_comparison_core/PICNN__mse__minmax__seed42/picnn_state_dict_best.pt
Epoch 097 | train_loss=4.7597e-02 | train_eval_loss=4.6787e-02 | val_loss=4.6397e-02 | | lr=1.00e-03
Saved best model to results/thesis_model_results/outputs/architecture_comparison_core/PICNN__mse__minmax__seed42/picnn_state_dict_best.pt
Epoch 098 | train_loss=4.6112e-02 | train_eval_loss=4.5446e-02 | val_loss=4.5057e-02 | | lr=1.00e-03
Saved best model to results/thesis_model_results/outputs/architecture_comparison_core/PICNN__mse__minmax__seed42/picnn_state_dict_best.pt
Epoch 099 | train_loss=4.4887e-02 | train_eval_loss=4.4337e-02 | val_loss=4.3948e-02 | | lr=1.00e-03
Saved best model to results/thesis_model_results/outputs/architecture_comparison_core/PICNN__mse__minmax__seed42/picnn_state_dict_best.pt
Epoch 100 | train_loss=4.3875e-02 | train_eval_loss=4.3417e-02 | val_loss=4.3028e-02 | | lr=1.00e-03
Saved best model to results/thesis_model_results/outputs/architecture_comparison_core/PICNN__mse__minmax__seed42/picnn_state_dict_best.pt
Epoch 101 | train_loss=4.3036e-02 | train_eval_loss=4.2656e-02 | val_loss=4.2268e-02 | | lr=1.00e-03
Saved best model to results/thesis_model_results/outputs/architecture_comparison_core/PICNN__mse__minmax__seed42/picnn_state_dict_best.pt
Epoch 102 | train_loss=4.2337e-02 | train_eval_loss=4.2021e-02 | val_loss=4.1634e-02 | | lr=1.00e-03
Saved best model to results/thesis_model_results/outputs/architecture_comparison_core/PICNN__mse__minmax__seed42/picnn_state_dict_best.pt
Epoch 103 | train_loss=4.1750e-02 | train_eval_loss=4.1483e-02 | val_loss=4.1096e-02 | | lr=1.00e-03
Saved best model to results/thesis_model_results/outputs/architecture_comparison_core/PICNN__mse__minmax__seed42/picnn_state_dict_best.pt
Epoch 104 | train_loss=4.1252e-02 | train_eval_loss=4.1021e-02 | val_loss=4.0635e-02 | | lr=1.00e-03
Saved best model to results/thesis_model_results/outputs/architecture_comparison_core/PICNN__mse__minmax__seed42/picnn_state_dict_best.pt
Epoch 105 | train_loss=4.0824e-02 | train_eval_loss=4.0625e-02 | val_loss=4.0240e-02 | | lr=1.00e-03
Saved best model to results/thesis_model_results/outputs/architecture_comparison_core/PICNN__mse__minmax__seed42/picnn_state_dict_best.pt
Epoch 106 | train_loss=4.0451e-02 | train_eval_loss=4.0276e-02 | val_loss=3.9891e-02 | | lr=1.00e-03
Saved best model to results/thesis_model_results/outputs/architecture_comparison_core/PICNN__mse__minmax__seed42/picnn_state_dict_best.pt
Epoch 107 | train_loss=4.0120e-02 | train_eval_loss=3.9963e-02 | val_loss=3.9578e-02 | | lr=1.00e-03
Saved best model to results/thesis_model_results/outputs/architecture_comparison_core/PICNN__mse__minmax__seed42/picnn_state_dict_best.pt
Epoch 108 | train_loss=3.9823e-02 | train_eval_loss=3.9680e-02 | val_loss=3.9296e-02 | | lr=1.00e-03
Saved best model to results/thesis_model_results/outputs/architecture_comparison_core/PICNN__mse__minmax__seed42/picnn_state_dict_best.pt
Epoch 109 | train_loss=3.9551e-02 | train_eval_loss=3.9419e-02 | val_loss=3.9036e-02 | | lr=1.00e-03
Saved best model to results/thesis_model_results/outputs/architecture_comparison_core/PICNN__mse__minmax__seed42/picnn_state_dict_best.pt
Epoch 110 | train_loss=3.9300e-02 | train_eval_loss=3.9176e-02 | val_loss=3.8794e-02 | | lr=1.00e-03
Saved best model to results/thesis_model_results/outputs/architecture_comparison_core/PICNN__mse__minmax__seed42/picnn_state_dict_best.pt
Epoch 111 | train_loss=3.9065e-02 | train_eval_loss=3.8949e-02 | val_loss=3.8567e-02 | | lr=1.00e-03
Saved best model to results/thesis_model_results/outputs/architecture_comparison_core/PICNN__mse__minmax__seed42/picnn_state_dict_best.pt
Epoch 112 | train_loss=3.8842e-02 | train_eval_loss=3.8731e-02 | val_loss=3.8350e-02 | | lr=1.00e-03
Saved best model to results/thesis_model_results/outputs/architecture_comparison_core/PICNN__mse__minmax__seed42/picnn_state_dict_best.pt
Epoch 113 | train_loss=3.8629e-02 | train_eval_loss=3.8524e-02 | val_loss=3.8143e-02 | | lr=1.00e-03
Saved best model to results/thesis_model_results/outputs/architecture_comparison_core/PICNN__mse__minmax__seed42/picnn_state_dict_best.pt
Epoch 114 | train_loss=3.8426e-02 | train_eval_loss=3.8325e-02 | val_loss=3.7945e-02 | | lr=1.00e-03
Saved best model to results/thesis_model_results/outputs/architecture_comparison_core/PICNN__mse__minmax__seed42/picnn_state_dict_best.pt
Epoch 115 | train_loss=3.8230e-02 | train_eval_loss=3.8131e-02 | val_loss=3.7752e-02 | | lr=1.00e-03
Saved best model to results/thesis_model_results/outputs/architecture_comparison_core/PICNN__mse__minmax__seed42/picnn_state_dict_best.pt
Epoch 116 | train_loss=3.8041e-02 | train_eval_loss=3.7945e-02 | val_loss=3.7567e-02 | | lr=1.00e-03
Saved best model to results/thesis_model_results/outputs/architecture_comparison_core/PICNN__mse__minmax__seed42/picnn_state_dict_best.pt
Epoch 117 | train_loss=3.7857e-02 | train_eval_loss=3.7765e-02 | val_loss=3.7387e-02 | | lr=1.00e-03
Saved best model to results/thesis_model_results/outputs/architecture_comparison_core/PICNN__mse__minmax__seed42/picnn_state_dict_best.pt
Epoch 118 | train_loss=3.7679e-02 | train_eval_loss=3.7589e-02 | val_loss=3.7212e-02 | | lr=1.00e-03
Saved best model to results/thesis_model_results/outputs/architecture_comparison_core/PICNN__mse__minmax__seed42/picnn_state_dict_best.pt
Epoch 119 | train_loss=3.7506e-02 | train_eval_loss=3.7418e-02 | val_loss=3.7042e-02 | | lr=1.00e-03
Saved best model to results/thesis_model_results/outputs/architecture_comparison_core/PICNN__mse__minmax__seed42/picnn_state_dict_best.pt
Epoch 120 | train_loss=3.7337e-02 | train_eval_loss=3.7252e-02 | val_loss=3.6876e-02 | | lr=1.00e-03
Saved best model to results/thesis_model_results/outputs/architecture_comparison_core/PICNN__mse__minmax__seed42/picnn_state_dict_best.pt
Epoch 121 | train_loss=3.7173e-02 | train_eval_loss=3.7090e-02 | val_loss=3.6714e-02 | | lr=1.00e-03
Saved best model to results/thesis_model_results/outputs/architecture_comparison_core/PICNN__mse__minmax__seed42/picnn_state_dict_best.pt
Epoch 122 | train_loss=3.7012e-02 | train_eval_loss=3.6931e-02 | val_loss=3.6556e-02 | | lr=1.00e-03
Saved best model to results/thesis_model_results/outputs/architecture_comparison_core/PICNN__mse__minmax__seed42/picnn_state_dict_best.pt
Epoch 123 | train_loss=3.6855e-02 | train_eval_loss=3.6776e-02 | val_loss=3.6402e-02 | | lr=1.00e-03
Saved best model to results/thesis_model_results/outputs/architecture_comparison_core/PICNN__mse__minmax__seed42/picnn_state_dict_best.pt
Epoch 124 | train_loss=3.6702e-02 | train_eval_loss=3.6624e-02 | val_loss=3.6250e-02 | | lr=1.00e-03
Saved best model to results/thesis_model_results/outputs/architecture_comparison_core/PICNN__mse__minmax__seed42/picnn_state_dict_best.pt
Epoch 125 | train_loss=3.6551e-02 | train_eval_loss=3.6475e-02 | val_loss=3.6102e-02 | | lr=1.00e-03
Saved best model to results/thesis_model_results/outputs/architecture_comparison_core/PICNN__mse__minmax__seed42/picnn_state_dict_best.pt
Epoch 126 | train_loss=3.6404e-02 | train_eval_loss=3.6329e-02 | val_loss=3.5956e-02 | | lr=1.00e-03
Saved best model to results/thesis_model_results/outputs/architecture_comparison_core/PICNN__mse__minmax__seed42/picnn_state_dict_best.pt
Epoch 127 | train_loss=3.6259e-02 | train_eval_loss=3.6184e-02 | val_loss=3.5813e-02 | | lr=1.00e-03
Saved best model to results/thesis_model_results/outputs/architecture_comparison_core/PICNN__mse__minmax__seed42/picnn_state_dict_best.pt
Epoch 128 | train_loss=3.6116e-02 | train_eval_loss=3.6043e-02 | val_loss=3.5672e-02 | | lr=1.00e-03
Saved best model to results/thesis_model_results/outputs/architecture_comparison_core/PICNN__mse__minmax__seed42/picnn_state_dict_best.pt
Epoch 129 | train_loss=3.5975e-02 | train_eval_loss=3.5903e-02 | val_loss=3.5533e-02 | | lr=1.00e-03
Saved best model to results/thesis_model_results/outputs/architecture_comparison_core/PICNN__mse__minmax__seed42/picnn_state_dict_best.pt
Epoch 130 | train_loss=3.5835e-02 | train_eval_loss=3.5764e-02 | val_loss=3.5395e-02 | | lr=1.00e-03
Saved best model to results/thesis_model_results/outputs/architecture_comparison_core/PICNN__mse__minmax__seed42/picnn_state_dict_best.pt
Epoch 131 | train_loss=3.5698e-02 | train_eval_loss=3.5627e-02 | val_loss=3.5259e-02 | | lr=1.00e-03
Saved best model to results/thesis_model_results/outputs/architecture_comparison_core/PICNN__mse__minmax__seed42/picnn_state_dict_best.pt
Epoch 132 | train_loss=3.5561e-02 | train_eval_loss=3.5491e-02 | val_loss=3.5123e-02 | | lr=1.00e-03
Saved best model to results/thesis_model_results/outputs/architecture_comparison_core/PICNN__mse__minmax__seed42/picnn_state_dict_best.pt
Epoch 133 | train_loss=3.5426e-02 | train_eval_loss=3.5356e-02 | val_loss=3.4990e-02 | | lr=1.00e-03
Saved best model to results/thesis_model_results/outputs/architecture_comparison_core/PICNN__mse__minmax__seed42/picnn_state_dict_best.pt
Epoch 134 | train_loss=3.5291e-02 | train_eval_loss=3.5222e-02 | val_loss=3.4857e-02 | | lr=1.00e-03
Saved best model to results/thesis_model_results/outputs/architecture_comparison_core/PICNN__mse__minmax__seed42/picnn_state_dict_best.pt
Epoch 135 | train_loss=3.5157e-02 | train_eval_loss=3.5088e-02 | val_loss=3.4723e-02 | | lr=1.00e-03
Saved best model to results/thesis_model_results/outputs/architecture_comparison_core/PICNN__mse__minmax__seed42/picnn_state_dict_best.pt
Epoch 136 | train_loss=3.5024e-02 | train_eval_loss=3.4955e-02 | val_loss=3.4592e-02 | | lr=1.00e-03
Saved best model to results/thesis_model_results/outputs/architecture_comparison_core/PICNN__mse__minmax__seed42/picnn_state_dict_best.pt
Epoch 137 | train_loss=3.4891e-02 | train_eval_loss=3.4822e-02 | val_loss=3.4460e-02 | | lr=1.00e-03
Saved best model to results/thesis_model_results/outputs/architecture_comparison_core/PICNN__mse__minmax__seed42/picnn_state_dict_best.pt
Epoch 138 | train_loss=3.4758e-02 | train_eval_loss=3.4689e-02 | val_loss=3.4329e-02 | | lr=1.00e-03
Saved best model to results/thesis_model_results/outputs/architecture_comparison_core/PICNN__mse__minmax__seed42/picnn_state_dict_best.pt
Epoch 139 | train_loss=3.4626e-02 | train_eval_loss=3.4557e-02 | val_loss=3.4197e-02 | | lr=1.00e-03
Saved best model to results/thesis_model_results/outputs/architecture_comparison_core/PICNN__mse__minmax__seed42/picnn_state_dict_best.pt
Epoch 140 | train_loss=3.4493e-02 | train_eval_loss=3.4425e-02 | val_loss=3.4067e-02 | | lr=1.00e-03
Saved best model to results/thesis_model_results/outputs/architecture_comparison_core/PICNN__mse__minmax__seed42/picnn_state_dict_best.pt
Epoch 141 | train_loss=3.4361e-02 | train_eval_loss=3.4293e-02 | val_loss=3.3936e-02 | | lr=1.00e-03
Saved best model to results/thesis_model_results/outputs/architecture_comparison_core/PICNN__mse__minmax__seed42/picnn_state_dict_best.pt
Epoch 142 | train_loss=3.4229e-02 | train_eval_loss=3.4160e-02 | val_loss=3.3804e-02 | | lr=1.00e-03
Saved best model to results/thesis_model_results/outputs/architecture_comparison_core/PICNN__mse__minmax__seed42/picnn_state_dict_best.pt
Epoch 143 | train_loss=3.4096e-02 | train_eval_loss=3.4028e-02 | val_loss=3.3673e-02 | | lr=1.00e-03
Saved best model to results/thesis_model_results/outputs/architecture_comparison_core/PICNN__mse__minmax__seed42/picnn_state_dict_best.pt
Epoch 144 | train_loss=3.3964e-02 | train_eval_loss=3.3895e-02 | val_loss=3.3543e-02 | | lr=1.00e-03
Saved best model to results/thesis_model_results/outputs/architecture_comparison_core/PICNN__mse__minmax__seed42/picnn_state_dict_best.pt
Epoch 145 | train_loss=3.3831e-02 | train_eval_loss=3.3762e-02 | val_loss=3.3411e-02 | | lr=1.00e-03
Saved best model to results/thesis_model_results/outputs/architecture_comparison_core/PICNN__mse__minmax__seed42/picnn_state_dict_best.pt
Epoch 146 | train_loss=3.3698e-02 | train_eval_loss=3.3630e-02 | val_loss=3.3279e-02 | | lr=1.00e-03
Saved best model to results/thesis_model_results/outputs/architecture_comparison_core/PICNN__mse__minmax__seed42/picnn_state_dict_best.pt
Epoch 147 | train_loss=3.3565e-02 | train_eval_loss=3.3497e-02 | val_loss=3.3149e-02 | | lr=1.00e-03
Saved best model to results/thesis_model_results/outputs/architecture_comparison_core/PICNN__mse__minmax__seed42/picnn_state_dict_best.pt
Epoch 148 | train_loss=3.3432e-02 | train_eval_loss=3.3364e-02 | val_loss=3.3018e-02 | | lr=1.00e-03
Saved best model to results/thesis_model_results/outputs/architecture_comparison_core/PICNN__mse__minmax__seed42/picnn_state_dict_best.pt
Epoch 149 | train_loss=3.3299e-02 | train_eval_loss=3.3230e-02 | val_loss=3.2886e-02 | | lr=1.00e-03
Saved best model to results/thesis_model_results/outputs/architecture_comparison_core/PICNN__mse__minmax__seed42/picnn_state_dict_best.pt
Epoch 150 | train_loss=3.3166e-02 | train_eval_loss=3.3097e-02 | val_loss=3.2755e-02 | | lr=1.00e-03
Saved best model to results/thesis_model_results/outputs/architecture_comparison_core/PICNN__mse__minmax__seed42/picnn_state_dict_best.pt
Epoch 151 | train_loss=3.3033e-02 | train_eval_loss=3.2964e-02 | val_loss=3.2623e-02 | | lr=1.00e-03
Saved best model to results/thesis_model_results/outputs/architecture_comparison_core/PICNN__mse__minmax__seed42/picnn_state_dict_best.pt
Epoch 152 | train_loss=3.2900e-02 | train_eval_loss=3.2831e-02 | val_loss=3.2492e-02 | | lr=1.00e-03
Saved best model to results/thesis_model_results/outputs/architecture_comparison_core/PICNN__mse__minmax__seed42/picnn_state_dict_best.pt
Epoch 153 | train_loss=3.2767e-02 | train_eval_loss=3.2698e-02 | val_loss=3.2361e-02 | | lr=1.00e-03
Saved best model to results/thesis_model_results/outputs/architecture_comparison_core/PICNN__mse__minmax__seed42/picnn_state_dict_best.pt
Epoch 154 | train_loss=3.2633e-02 | train_eval_loss=3.2564e-02 | val_loss=3.2229e-02 | | lr=1.00e-03
Saved best model to results/thesis_model_results/outputs/architecture_comparison_core/PICNN__mse__minmax__seed42/picnn_state_dict_best.pt
Epoch 155 | train_loss=3.2500e-02 | train_eval_loss=3.2430e-02 | val_loss=3.2097e-02 | | lr=1.00e-03
Saved best model to results/thesis_model_results/outputs/architecture_comparison_core/PICNN__mse__minmax__seed42/picnn_state_dict_best.pt
Epoch 156 | train_loss=3.2366e-02 | train_eval_loss=3.2297e-02 | val_loss=3.1966e-02 | | lr=1.00e-03
Saved best model to results/thesis_model_results/outputs/architecture_comparison_core/PICNN__mse__minmax__seed42/picnn_state_dict_best.pt
Epoch 157 | train_loss=3.2232e-02 | train_eval_loss=3.2163e-02 | val_loss=3.1835e-02 | | lr=1.00e-03
Saved best model to results/thesis_model_results/outputs/architecture_comparison_core/PICNN__mse__minmax__seed42/picnn_state_dict_best.pt
Epoch 158 | train_loss=3.2098e-02 | train_eval_loss=3.2029e-02 | val_loss=3.1703e-02 | | lr=1.00e-03
Saved best model to results/thesis_model_results/outputs/architecture_comparison_core/PICNN__mse__minmax__seed42/picnn_state_dict_best.pt
Epoch 159 | train_loss=3.1965e-02 | train_eval_loss=3.1895e-02 | val_loss=3.1570e-02 | | lr=1.00e-03
Saved best model to results/thesis_model_results/outputs/architecture_comparison_core/PICNN__mse__minmax__seed42/picnn_state_dict_best.pt
Epoch 160 | train_loss=3.1831e-02 | train_eval_loss=3.1760e-02 | val_loss=3.1438e-02 | | lr=1.00e-03
Saved best model to results/thesis_model_results/outputs/architecture_comparison_core/PICNN__mse__minmax__seed42/picnn_state_dict_best.pt
Epoch 161 | train_loss=3.1696e-02 | train_eval_loss=3.1626e-02 | val_loss=3.1307e-02 | | lr=1.00e-03
Saved best model to results/thesis_model_results/outputs/architecture_comparison_core/PICNN__mse__minmax__seed42/picnn_state_dict_best.pt
Epoch 162 | train_loss=3.1561e-02 | train_eval_loss=3.1491e-02 | val_loss=3.1173e-02 | | lr=1.00e-03
Saved best model to results/thesis_model_results/outputs/architecture_comparison_core/PICNN__mse__minmax__seed42/picnn_state_dict_best.pt
Epoch 163 | train_loss=3.1426e-02 | train_eval_loss=3.1355e-02 | val_loss=3.1039e-02 | | lr=1.00e-03
Saved best model to results/thesis_model_results/outputs/architecture_comparison_core/PICNN__mse__minmax__seed42/picnn_state_dict_best.pt
Epoch 164 | train_loss=3.1290e-02 | train_eval_loss=3.1219e-02 | val_loss=3.0906e-02 | | lr=1.00e-03
Saved best model to results/thesis_model_results/outputs/architecture_comparison_core/PICNN__mse__minmax__seed42/picnn_state_dict_best.pt
Epoch 165 | train_loss=3.1153e-02 | train_eval_loss=3.1081e-02 | val_loss=3.0771e-02 | | lr=1.00e-03
Saved best model to results/thesis_model_results/outputs/architecture_comparison_core/PICNN__mse__minmax__seed42/picnn_state_dict_best.pt
Epoch 166 | train_loss=3.1016e-02 | train_eval_loss=3.0944e-02 | val_loss=3.0637e-02 | | lr=1.00e-03
Saved best model to results/thesis_model_results/outputs/architecture_comparison_core/PICNN__mse__minmax__seed42/picnn_state_dict_best.pt
Epoch 167 | train_loss=3.0877e-02 | train_eval_loss=3.0805e-02 | val_loss=3.0499e-02 | | lr=1.00e-03
Saved best model to results/thesis_model_results/outputs/architecture_comparison_core/PICNN__mse__minmax__seed42/picnn_state_dict_best.pt
Epoch 168 | train_loss=3.0737e-02 | train_eval_loss=3.0665e-02 | val_loss=3.0362e-02 | | lr=1.00e-03
Saved best model to results/thesis_model_results/outputs/architecture_comparison_core/PICNN__mse__minmax__seed42/picnn_state_dict_best.pt
Epoch 169 | train_loss=3.0597e-02 | train_eval_loss=3.0524e-02 | val_loss=3.0224e-02 | | lr=1.00e-03
Saved best model to results/thesis_model_results/outputs/architecture_comparison_core/PICNN__mse__minmax__seed42/picnn_state_dict_best.pt
Epoch 170 | train_loss=3.0456e-02 | train_eval_loss=3.0381e-02 | val_loss=3.0085e-02 | | lr=1.00e-03
Saved best model to results/thesis_model_results/outputs/architecture_comparison_core/PICNN__mse__minmax__seed42/picnn_state_dict_best.pt
Epoch 171 | train_loss=3.0312e-02 | train_eval_loss=3.0237e-02 | val_loss=2.9944e-02 | | lr=1.00e-03
Saved best model to results/thesis_model_results/outputs/architecture_comparison_core/PICNN__mse__minmax__seed42/picnn_state_dict_best.pt
Epoch 172 | train_loss=3.0168e-02 | train_eval_loss=3.0091e-02 | val_loss=2.9800e-02 | | lr=1.00e-03
Saved best model to results/thesis_model_results/outputs/architecture_comparison_core/PICNN__mse__minmax__seed42/picnn_state_dict_best.pt
Epoch 173 | train_loss=3.0021e-02 | train_eval_loss=2.9944e-02 | val_loss=2.9655e-02 | | lr=1.00e-03
Saved best model to results/thesis_model_results/outputs/architecture_comparison_core/PICNN__mse__minmax__seed42/picnn_state_dict_best.pt
Epoch 174 | train_loss=2.9872e-02 | train_eval_loss=2.9794e-02 | val_loss=2.9508e-02 | | lr=1.00e-03
Saved best model to results/thesis_model_results/outputs/architecture_comparison_core/PICNN__mse__minmax__seed42/picnn_state_dict_best.pt
Epoch 175 | train_loss=2.9723e-02 | train_eval_loss=2.9642e-02 | val_loss=2.9361e-02 | | lr=1.00e-03
Saved best model to results/thesis_model_results/outputs/architecture_comparison_core/PICNN__mse__minmax__seed42/picnn_state_dict_best.pt
Epoch 176 | train_loss=2.9569e-02 | train_eval_loss=2.9488e-02 | val_loss=2.9207e-02 | | lr=1.00e-03
Saved best model to results/thesis_model_results/outputs/architecture_comparison_core/PICNN__mse__minmax__seed42/picnn_state_dict_best.pt
Epoch 177 | train_loss=2.9414e-02 | train_eval_loss=2.9331e-02 | val_loss=2.9054e-02 | | lr=1.00e-03
Saved best model to results/thesis_model_results/outputs/architecture_comparison_core/PICNN__mse__minmax__seed42/picnn_state_dict_best.pt
Epoch 178 | train_loss=2.9256e-02 | train_eval_loss=2.9172e-02 | val_loss=2.8897e-02 | | lr=1.00e-03
Saved best model to results/thesis_model_results/outputs/architecture_comparison_core/PICNN__mse__minmax__seed42/picnn_state_dict_best.pt
Epoch 179 | train_loss=2.9095e-02 | train_eval_loss=2.9010e-02 | val_loss=2.8738e-02 | | lr=1.00e-03
Saved best model to results/thesis_model_results/outputs/architecture_comparison_core/PICNN__mse__minmax__seed42/picnn_state_dict_best.pt
Epoch 180 | train_loss=2.8931e-02 | train_eval_loss=2.8844e-02 | val_loss=2.8576e-02 | | lr=1.00e-03
Saved best model to results/thesis_model_results/outputs/architecture_comparison_core/PICNN__mse__minmax__seed42/picnn_state_dict_best.pt
Epoch 181 | train_loss=2.8765e-02 | train_eval_loss=2.8677e-02 | val_loss=2.8410e-02 | | lr=1.00e-03
Saved best model to results/thesis_model_results/outputs/architecture_comparison_core/PICNN__mse__minmax__seed42/picnn_state_dict_best.pt
Epoch 182 | train_loss=2.8595e-02 | train_eval_loss=2.8505e-02 | val_loss=2.8244e-02 | | lr=1.00e-03
Saved best model to results/thesis_model_results/outputs/architecture_comparison_core/PICNN__mse__minmax__seed42/picnn_state_dict_best.pt
Epoch 183 | train_loss=2.8422e-02 | train_eval_loss=2.8330e-02 | val_loss=2.8071e-02 | | lr=1.00e-03
Saved best model to results/thesis_model_results/outputs/architecture_comparison_core/PICNN__mse__minmax__seed42/picnn_state_dict_best.pt
Epoch 184 | train_loss=2.8245e-02 | train_eval_loss=2.8151e-02 | val_loss=2.7896e-02 | | lr=1.00e-03
Saved best model to results/thesis_model_results/outputs/architecture_comparison_core/PICNN__mse__minmax__seed42/picnn_state_dict_best.pt
Epoch 185 | train_loss=2.8064e-02 | train_eval_loss=2.7969e-02 | val_loss=2.7717e-02 | | lr=1.00e-03
Saved best model to results/thesis_model_results/outputs/architecture_comparison_core/PICNN__mse__minmax__seed42/picnn_state_dict_best.pt
Epoch 186 | train_loss=2.7881e-02 | train_eval_loss=2.7783e-02 | val_loss=2.7535e-02 | | lr=1.00e-03
Saved best model to results/thesis_model_results/outputs/architecture_comparison_core/PICNN__mse__minmax__seed42/picnn_state_dict_best.pt
Epoch 187 | train_loss=2.7692e-02 | train_eval_loss=2.7593e-02 | val_loss=2.7348e-02 | | lr=1.00e-03
Saved best model to results/thesis_model_results/outputs/architecture_comparison_core/PICNN__mse__minmax__seed42/picnn_state_dict_best.pt
Epoch 188 | train_loss=2.7501e-02 | train_eval_loss=2.7399e-02 | val_loss=2.7158e-02 | | lr=1.00e-03
Saved best model to results/thesis_model_results/outputs/architecture_comparison_core/PICNN__mse__minmax__seed42/picnn_state_dict_best.pt
Epoch 189 | train_loss=2.7306e-02 | train_eval_loss=2.7202e-02 | val_loss=2.6963e-02 | | lr=1.00e-03
Saved best model to results/thesis_model_results/outputs/architecture_comparison_core/PICNN__mse__minmax__seed42/picnn_state_dict_best.pt
Epoch 190 | train_loss=2.7106e-02 | train_eval_loss=2.7000e-02 | val_loss=2.6767e-02 | | lr=1.00e-03
Saved best model to results/thesis_model_results/outputs/architecture_comparison_core/PICNN__mse__minmax__seed42/picnn_state_dict_best.pt
Epoch 191 | train_loss=2.6902e-02 | train_eval_loss=2.6794e-02 | val_loss=2.6565e-02 | | lr=1.00e-03
Saved best model to results/thesis_model_results/outputs/architecture_comparison_core/PICNN__mse__minmax__seed42/picnn_state_dict_best.pt
Epoch 192 | train_loss=2.6694e-02 | train_eval_loss=2.6584e-02 | val_loss=2.6358e-02 | | lr=1.00e-03
Saved best model to results/thesis_model_results/outputs/architecture_comparison_core/PICNN__mse__minmax__seed42/picnn_state_dict_best.pt
Epoch 193 | train_loss=2.6482e-02 | train_eval_loss=2.6370e-02 | val_loss=2.6147e-02 | | lr=1.00e-03
Saved best model to results/thesis_model_results/outputs/architecture_comparison_core/PICNN__mse__minmax__seed42/picnn_state_dict_best.pt
Epoch 194 | train_loss=2.6266e-02 | train_eval_loss=2.6152e-02 | val_loss=2.5931e-02 | | lr=1.00e-03
Saved best model to results/thesis_model_results/outputs/architecture_comparison_core/PICNN__mse__minmax__seed42/picnn_state_dict_best.pt
Epoch 195 | train_loss=2.6046e-02 | train_eval_loss=2.5929e-02 | val_loss=2.5716e-02 | | lr=1.00e-03
Saved best model to results/thesis_model_results/outputs/architecture_comparison_core/PICNN__mse__minmax__seed42/picnn_state_dict_best.pt
Epoch 196 | train_loss=2.5820e-02 | train_eval_loss=2.5701e-02 | val_loss=2.5491e-02 | | lr=1.00e-03
Saved best model to results/thesis_model_results/outputs/architecture_comparison_core/PICNN__mse__minmax__seed42/picnn_state_dict_best.pt
Epoch 197 | train_loss=2.5591e-02 | train_eval_loss=2.5469e-02 | val_loss=2.5263e-02 | | lr=1.00e-03
Saved best model to results/thesis_model_results/outputs/architecture_comparison_core/PICNN__mse__minmax__seed42/picnn_state_dict_best.pt
Epoch 198 | train_loss=2.5357e-02 | train_eval_loss=2.5233e-02 | val_loss=2.5032e-02 | | lr=1.00e-03
Saved best model to results/thesis_model_results/outputs/architecture_comparison_core/PICNN__mse__minmax__seed42/picnn_state_dict_best.pt
Epoch 199 | train_loss=2.5119e-02 | train_eval_loss=2.4993e-02 | val_loss=2.4795e-02 | | lr=1.00e-03
Saved best model to results/thesis_model_results/outputs/architecture_comparison_core/PICNN__mse__minmax__seed42/picnn_state_dict_best.pt
Epoch 200 | train_loss=2.4876e-02 | train_eval_loss=2.4748e-02 | val_loss=2.4556e-02 | | lr=1.00e-03
Saved best model to results/thesis_model_results/outputs/architecture_comparison_core/PICNN__mse__minmax__seed42/picnn_state_dict_best.pt
Saved training logs to results/thesis_model_results/outputs/architecture_comparison_core/PICNN__mse__minmax__seed42/training_summary.txt
Test RMSE(rocof_COI) = 0.2435 | norm: 0.1847 | real_diff: 0.1945
Test RMSE(dev_COI) = 0.4748 | norm: 0.1761 | real_diff: 0.3792
Test RMSE(Delta_P_IBR_1) = 0.9080 | norm: 0.1434 | real_diff: 0.7172
Test RMSE(Delta_P_IBR_2) = 1.1243 | norm: 0.1564 | real_diff: 0.9029
Test RMSE(Delta_P_IBR_3) = 0.7794 | norm: 0.1368 | real_diff: 0.6197
Test RMSE(Delta_P_IBR_4) = 1.2451 | norm: 0.1287 | real_diff: 0.9904
Saved RMSE results to results/thesis_model_results/outputs/architecture_comparison_core/PICNN__mse__minmax__seed42/rmse_results.txt
Saved detailed metrics to results/thesis_model_results/outputs/architecture_comparison_core/PICNN__mse__minmax__seed42/metrics_by_target.csv
Saved aggregate metrics to results/thesis_model_results/outputs/architecture_comparison_core/PICNN__mse__minmax__seed42/metrics_summary.json
Saved loss curves to results/thesis_model_results/outputs/architecture_comparison_core/PICNN__mse__minmax__seed42/loss_curve.png
Saved scatter plot results/thesis_model_results/outputs/architecture_comparison_core/PICNN__mse__minmax__seed42/scatter_rocof_COI.png
Saved scatter plot results/thesis_model_results/outputs/architecture_comparison_core/PICNN__mse__minmax__seed42/scatter_dev_COI.png
Saved scatter plot results/thesis_model_results/outputs/architecture_comparison_core/PICNN__mse__minmax__seed42/scatter_Delta_P_IBR_1.png
Saved scatter plot results/thesis_model_results/outputs/architecture_comparison_core/PICNN__mse__minmax__seed42/scatter_Delta_P_IBR_2.png
Saved scatter plot results/thesis_model_results/outputs/architecture_comparison_core/PICNN__mse__minmax__seed42/scatter_Delta_P_IBR_3.png
Saved scatter plot results/thesis_model_results/outputs/architecture_comparison_core/PICNN__mse__minmax__seed42/scatter_Delta_P_IBR_4.png
Saved model to results/thesis_model_results/outputs/architecture_comparison_core/PICNN__mse__minmax__seed42/picnn_state_dict.pt
Loss type: mse | weights=[]
Target stats (scaled):
train mean=[0.549  0.589  0.492  0.4884 0.4785 0.4192]
train std=[0.1365 0.1371 0.1141 0.1063 0.1158 0.1138]
train q05=[0.3074 0.3979 0.3192 0.303  0.3347 0.2205]
train q95=[0.7933 0.8652 0.6719 0.6491 0.6927 0.6016]
val mean=[0.5473 0.5873 0.4922 0.4893 0.4798 0.4201]
val std=[0.1343 0.1348 0.1123 0.1072 0.1141 0.1112]
val q05=[0.3103 0.3982 0.3195 0.303  0.3376 0.2251]
val q95=[0.7886 0.8626 0.6731 0.6514 0.6918 0.5984]
val/train std ratio=[0.984  0.9828 0.9844 1.0084 0.9848 0.9772]
LR scheduler: ReduceLROnPlateau (factor=0.5, patience=8, min_lr=1e-07)
Epoch 001 | train_loss=2.2294e+08 | train_eval_loss=6.9569e+00 | val_loss=6.9550e+00 | | lr=1.00e-03
Saved best model to results/thesis_model_results/outputs/architecture_comparison_core/PICNN_MTLSH__mse__minmax__seed42/picnn_mtlsh_state_dict_best.pt
Epoch 002 | train_loss=6.9582e+00 | train_eval_loss=6.9487e+00 | val_loss=6.9468e+00 | | lr=1.00e-03
Saved best model to results/thesis_model_results/outputs/architecture_comparison_core/PICNN_MTLSH__mse__minmax__seed42/picnn_mtlsh_state_dict_best.pt
Epoch 003 | train_loss=6.9356e+00 | train_eval_loss=6.9208e+00 | val_loss=6.9189e+00 | | lr=1.00e-03
Saved best model to results/thesis_model_results/outputs/architecture_comparison_core/PICNN_MTLSH__mse__minmax__seed42/picnn_mtlsh_state_dict_best.pt
Epoch 004 | train_loss=6.9049e+00 | train_eval_loss=6.8873e+00 | val_loss=6.8854e+00 | | lr=1.00e-03
Saved best model to results/thesis_model_results/outputs/architecture_comparison_core/PICNN_MTLSH__mse__minmax__seed42/picnn_mtlsh_state_dict_best.pt
Epoch 005 | train_loss=6.8689e+00 | train_eval_loss=6.8489e+00 | val_loss=6.8470e+00 | | lr=1.00e-03
Saved best model to results/thesis_model_results/outputs/architecture_comparison_core/PICNN_MTLSH__mse__minmax__seed42/picnn_mtlsh_state_dict_best.pt
Epoch 006 | train_loss=6.8282e+00 | train_eval_loss=6.8058e+00 | val_loss=6.8040e+00 | | lr=1.00e-03
Saved best model to results/thesis_model_results/outputs/architecture_comparison_core/PICNN_MTLSH__mse__minmax__seed42/picnn_mtlsh_state_dict_best.pt
Epoch 007 | train_loss=6.7831e+00 | train_eval_loss=6.7585e+00 | val_loss=6.7566e+00 | | lr=1.00e-03
Saved best model to results/thesis_model_results/outputs/architecture_comparison_core/PICNN_MTLSH__mse__minmax__seed42/picnn_mtlsh_state_dict_best.pt
Epoch 008 | train_loss=6.7338e+00 | train_eval_loss=6.7071e+00 | val_loss=6.7053e+00 | | lr=1.00e-03
Saved best model to results/thesis_model_results/outputs/architecture_comparison_core/PICNN_MTLSH__mse__minmax__seed42/picnn_mtlsh_state_dict_best.pt
Epoch 009 | train_loss=6.6805e+00 | train_eval_loss=6.6518e+00 | val_loss=6.6499e+00 | | lr=1.00e-03
Saved best model to results/thesis_model_results/outputs/architecture_comparison_core/PICNN_MTLSH__mse__minmax__seed42/picnn_mtlsh_state_dict_best.pt
Epoch 010 | train_loss=6.6233e+00 | train_eval_loss=6.5928e+00 | val_loss=6.5909e+00 | | lr=1.00e-03
Saved best model to results/thesis_model_results/outputs/architecture_comparison_core/PICNN_MTLSH__mse__minmax__seed42/picnn_mtlsh_state_dict_best.pt
Epoch 011 | train_loss=6.5625e+00 | train_eval_loss=6.5301e+00 | val_loss=6.5282e+00 | | lr=1.00e-03
Saved best model to results/thesis_model_results/outputs/architecture_comparison_core/PICNN_MTLSH__mse__minmax__seed42/picnn_mtlsh_state_dict_best.pt
Epoch 012 | train_loss=6.4981e+00 | train_eval_loss=6.4639e+00 | val_loss=6.4619e+00 | | lr=1.00e-03
Saved best model to results/thesis_model_results/outputs/architecture_comparison_core/PICNN_MTLSH__mse__minmax__seed42/picnn_mtlsh_state_dict_best.pt
Epoch 013 | train_loss=6.4301e+00 | train_eval_loss=6.3942e+00 | val_loss=6.3923e+00 | | lr=1.00e-03
Saved best model to results/thesis_model_results/outputs/architecture_comparison_core/PICNN_MTLSH__mse__minmax__seed42/picnn_mtlsh_state_dict_best.pt
Epoch 014 | train_loss=6.3588e+00 | train_eval_loss=6.3212e+00 | val_loss=6.3192e+00 | | lr=1.00e-03
Saved best model to results/thesis_model_results/outputs/architecture_comparison_core/PICNN_MTLSH__mse__minmax__seed42/picnn_mtlsh_state_dict_best.pt
Epoch 015 | train_loss=6.2842e+00 | train_eval_loss=6.2449e+00 | val_loss=6.2430e+00 | | lr=1.00e-03
Saved best model to results/thesis_model_results/outputs/architecture_comparison_core/PICNN_MTLSH__mse__minmax__seed42/picnn_mtlsh_state_dict_best.pt
Epoch 016 | train_loss=6.2064e+00 | train_eval_loss=6.1655e+00 | val_loss=6.1635e+00 | | lr=1.00e-03
Saved best model to results/thesis_model_results/outputs/architecture_comparison_core/PICNN_MTLSH__mse__minmax__seed42/picnn_mtlsh_state_dict_best.pt
Epoch 017 | train_loss=6.1254e+00 | train_eval_loss=6.0829e+00 | val_loss=6.0809e+00 | | lr=1.00e-03
Saved best model to results/thesis_model_results/outputs/architecture_comparison_core/PICNN_MTLSH__mse__minmax__seed42/picnn_mtlsh_state_dict_best.pt
Epoch 018 | train_loss=6.0414e+00 | train_eval_loss=5.9973e+00 | val_loss=5.9953e+00 | | lr=1.00e-03
Saved best model to results/thesis_model_results/outputs/architecture_comparison_core/PICNN_MTLSH__mse__minmax__seed42/picnn_mtlsh_state_dict_best.pt
Epoch 019 | train_loss=5.9543e+00 | train_eval_loss=5.9087e+00 | val_loss=5.9068e+00 | | lr=1.00e-03
Saved best model to results/thesis_model_results/outputs/architecture_comparison_core/PICNN_MTLSH__mse__minmax__seed42/picnn_mtlsh_state_dict_best.pt
Epoch 020 | train_loss=5.8644e+00 | train_eval_loss=5.8173e+00 | val_loss=5.8153e+00 | | lr=1.00e-03
Saved best model to results/thesis_model_results/outputs/architecture_comparison_core/PICNN_MTLSH__mse__minmax__seed42/picnn_mtlsh_state_dict_best.pt
Epoch 021 | train_loss=5.7716e+00 | train_eval_loss=5.7232e+00 | val_loss=5.7212e+00 | | lr=1.00e-03
Saved best model to results/thesis_model_results/outputs/architecture_comparison_core/PICNN_MTLSH__mse__minmax__seed42/picnn_mtlsh_state_dict_best.pt
Epoch 022 | train_loss=5.6761e+00 | train_eval_loss=5.6262e+00 | val_loss=5.6242e+00 | | lr=1.00e-03
Saved best model to results/thesis_model_results/outputs/architecture_comparison_core/PICNN_MTLSH__mse__minmax__seed42/picnn_mtlsh_state_dict_best.pt
Epoch 023 | train_loss=5.5779e+00 | train_eval_loss=5.5268e+00 | val_loss=5.5248e+00 | | lr=1.00e-03
Saved best model to results/thesis_model_results/outputs/architecture_comparison_core/PICNN_MTLSH__mse__minmax__seed42/picnn_mtlsh_state_dict_best.pt
Epoch 024 | train_loss=5.4772e+00 | train_eval_loss=5.4248e+00 | val_loss=5.4228e+00 | | lr=1.00e-03
Saved best model to results/thesis_model_results/outputs/architecture_comparison_core/PICNN_MTLSH__mse__minmax__seed42/picnn_mtlsh_state_dict_best.pt
Epoch 025 | train_loss=5.3740e+00 | train_eval_loss=5.3204e+00 | val_loss=5.3183e+00 | | lr=1.00e-03
Saved best model to results/thesis_model_results/outputs/architecture_comparison_core/PICNN_MTLSH__mse__minmax__seed42/picnn_mtlsh_state_dict_best.pt
Epoch 026 | train_loss=5.2685e+00 | train_eval_loss=5.2137e+00 | val_loss=5.2116e+00 | | lr=1.00e-03
Saved best model to results/thesis_model_results/outputs/architecture_comparison_core/PICNN_MTLSH__mse__minmax__seed42/picnn_mtlsh_state_dict_best.pt
Epoch 027 | train_loss=5.1607e+00 | train_eval_loss=5.1047e+00 | val_loss=5.1026e+00 | | lr=1.00e-03
Saved best model to results/thesis_model_results/outputs/architecture_comparison_core/PICNN_MTLSH__mse__minmax__seed42/picnn_mtlsh_state_dict_best.pt
Epoch 028 | train_loss=5.0507e+00 | train_eval_loss=4.9937e+00 | val_loss=4.9916e+00 | | lr=1.00e-03
Saved best model to results/thesis_model_results/outputs/architecture_comparison_core/PICNN_MTLSH__mse__minmax__seed42/picnn_mtlsh_state_dict_best.pt
Epoch 029 | train_loss=4.9387e+00 | train_eval_loss=4.8807e+00 | val_loss=4.8786e+00 | | lr=1.00e-03
Saved best model to results/thesis_model_results/outputs/architecture_comparison_core/PICNN_MTLSH__mse__minmax__seed42/picnn_mtlsh_state_dict_best.pt
Epoch 030 | train_loss=4.8248e+00 | train_eval_loss=4.7658e+00 | val_loss=4.7637e+00 | | lr=1.00e-03
Saved best model to results/thesis_model_results/outputs/architecture_comparison_core/PICNN_MTLSH__mse__minmax__seed42/picnn_mtlsh_state_dict_best.pt
Epoch 031 | train_loss=4.7090e+00 | train_eval_loss=4.6492e+00 | val_loss=4.6471e+00 | | lr=1.00e-03
Saved best model to results/thesis_model_results/outputs/architecture_comparison_core/PICNN_MTLSH__mse__minmax__seed42/picnn_mtlsh_state_dict_best.pt
Epoch 032 | train_loss=4.5917e+00 | train_eval_loss=4.5310e+00 | val_loss=4.5289e+00 | | lr=1.00e-03
Saved best model to results/thesis_model_results/outputs/architecture_comparison_core/PICNN_MTLSH__mse__minmax__seed42/picnn_mtlsh_state_dict_best.pt
Epoch 033 | train_loss=4.4727e+00 | train_eval_loss=4.4114e+00 | val_loss=4.4093e+00 | | lr=1.00e-03
Saved best model to results/thesis_model_results/outputs/architecture_comparison_core/PICNN_MTLSH__mse__minmax__seed42/picnn_mtlsh_state_dict_best.pt
Epoch 034 | train_loss=4.3525e+00 | train_eval_loss=4.2905e+00 | val_loss=4.2883e+00 | | lr=1.00e-03
Saved best model to results/thesis_model_results/outputs/architecture_comparison_core/PICNN_MTLSH__mse__minmax__seed42/picnn_mtlsh_state_dict_best.pt
Epoch 035 | train_loss=4.2310e+00 | train_eval_loss=4.1684e+00 | val_loss=4.1663e+00 | | lr=1.00e-03
Saved best model to results/thesis_model_results/outputs/architecture_comparison_core/PICNN_MTLSH__mse__minmax__seed42/picnn_mtlsh_state_dict_best.pt
Epoch 036 | train_loss=4.1084e+00 | train_eval_loss=4.0454e+00 | val_loss=4.0432e+00 | | lr=1.00e-03
Saved best model to results/thesis_model_results/outputs/architecture_comparison_core/PICNN_MTLSH__mse__minmax__seed42/picnn_mtlsh_state_dict_best.pt
Epoch 037 | train_loss=3.9850e+00 | train_eval_loss=3.9215e+00 | val_loss=3.9193e+00 | | lr=1.00e-03
Saved best model to results/thesis_model_results/outputs/architecture_comparison_core/PICNN_MTLSH__mse__minmax__seed42/picnn_mtlsh_state_dict_best.pt
Epoch 038 | train_loss=3.8608e+00 | train_eval_loss=3.7970e+00 | val_loss=3.7948e+00 | | lr=1.00e-03
Saved best model to results/thesis_model_results/outputs/architecture_comparison_core/PICNN_MTLSH__mse__minmax__seed42/picnn_mtlsh_state_dict_best.pt
Epoch 039 | train_loss=3.7360e+00 | train_eval_loss=3.6720e+00 | val_loss=3.6698e+00 | | lr=1.00e-03
Saved best model to results/thesis_model_results/outputs/architecture_comparison_core/PICNN_MTLSH__mse__minmax__seed42/picnn_mtlsh_state_dict_best.pt
Epoch 040 | train_loss=3.6109e+00 | train_eval_loss=3.5467e+00 | val_loss=3.5445e+00 | | lr=1.00e-03
Saved best model to results/thesis_model_results/outputs/architecture_comparison_core/PICNN_MTLSH__mse__minmax__seed42/picnn_mtlsh_state_dict_best.pt
Epoch 041 | train_loss=3.4856e+00 | train_eval_loss=3.4214e+00 | val_loss=3.4192e+00 | | lr=1.00e-03
Saved best model to results/thesis_model_results/outputs/architecture_comparison_core/PICNN_MTLSH__mse__minmax__seed42/picnn_mtlsh_state_dict_best.pt
Epoch 042 | train_loss=3.3602e+00 | train_eval_loss=3.2960e+00 | val_loss=3.2938e+00 | | lr=1.00e-03
Saved best model to results/thesis_model_results/outputs/architecture_comparison_core/PICNN_MTLSH__mse__minmax__seed42/picnn_mtlsh_state_dict_best.pt
Epoch 043 | train_loss=3.2350e+00 | train_eval_loss=3.1710e+00 | val_loss=3.1688e+00 | | lr=1.00e-03
Saved best model to results/thesis_model_results/outputs/architecture_comparison_core/PICNN_MTLSH__mse__minmax__seed42/picnn_mtlsh_state_dict_best.pt
Epoch 044 | train_loss=3.1101e+00 | train_eval_loss=3.0464e+00 | val_loss=3.0442e+00 | | lr=1.00e-03
Saved best model to results/thesis_model_results/outputs/architecture_comparison_core/PICNN_MTLSH__mse__minmax__seed42/picnn_mtlsh_state_dict_best.pt
Epoch 045 | train_loss=2.9858e+00 | train_eval_loss=2.9225e+00 | val_loss=2.9203e+00 | | lr=1.00e-03
Saved best model to results/thesis_model_results/outputs/architecture_comparison_core/PICNN_MTLSH__mse__minmax__seed42/picnn_mtlsh_state_dict_best.pt
Epoch 046 | train_loss=2.8623e+00 | train_eval_loss=2.7994e+00 | val_loss=2.7972e+00 | | lr=1.00e-03
Saved best model to results/thesis_model_results/outputs/architecture_comparison_core/PICNN_MTLSH__mse__minmax__seed42/picnn_mtlsh_state_dict_best.pt
Epoch 047 | train_loss=2.7397e+00 | train_eval_loss=2.6774e+00 | val_loss=2.6752e+00 | | lr=1.00e-03
Saved best model to results/thesis_model_results/outputs/architecture_comparison_core/PICNN_MTLSH__mse__minmax__seed42/picnn_mtlsh_state_dict_best.pt
Epoch 048 | train_loss=2.6183e+00 | train_eval_loss=2.5567e+00 | val_loss=2.5545e+00 | | lr=1.00e-03
Saved best model to results/thesis_model_results/outputs/architecture_comparison_core/PICNN_MTLSH__mse__minmax__seed42/picnn_mtlsh_state_dict_best.pt
Epoch 049 | train_loss=2.4984e+00 | train_eval_loss=2.4375e+00 | val_loss=2.4353e+00 | | lr=1.00e-03
Saved best model to results/thesis_model_results/outputs/architecture_comparison_core/PICNN_MTLSH__mse__minmax__seed42/picnn_mtlsh_state_dict_best.pt
Epoch 050 | train_loss=2.3799e+00 | train_eval_loss=2.3199e+00 | val_loss=2.3177e+00 | | lr=1.00e-03
Saved best model to results/thesis_model_results/outputs/architecture_comparison_core/PICNN_MTLSH__mse__minmax__seed42/picnn_mtlsh_state_dict_best.pt
Epoch 051 | train_loss=2.2632e+00 | train_eval_loss=2.2041e+00 | val_loss=2.2019e+00 | | lr=1.00e-03
Saved best model to results/thesis_model_results/outputs/architecture_comparison_core/PICNN_MTLSH__mse__minmax__seed42/picnn_mtlsh_state_dict_best.pt
Epoch 052 | train_loss=2.1485e+00 | train_eval_loss=2.0904e+00 | val_loss=2.0883e+00 | | lr=1.00e-03
Saved best model to results/thesis_model_results/outputs/architecture_comparison_core/PICNN_MTLSH__mse__minmax__seed42/picnn_mtlsh_state_dict_best.pt
Epoch 053 | train_loss=2.0359e+00 | train_eval_loss=1.9791e+00 | val_loss=1.9769e+00 | | lr=1.00e-03
Saved best model to results/thesis_model_results/outputs/architecture_comparison_core/PICNN_MTLSH__mse__minmax__seed42/picnn_mtlsh_state_dict_best.pt
Epoch 054 | train_loss=1.9256e+00 | train_eval_loss=1.8701e+00 | val_loss=1.8680e+00 | | lr=1.00e-03
Saved best model to results/thesis_model_results/outputs/architecture_comparison_core/PICNN_MTLSH__mse__minmax__seed42/picnn_mtlsh_state_dict_best.pt
Epoch 055 | train_loss=1.8179e+00 | train_eval_loss=1.7636e+00 | val_loss=1.7615e+00 | | lr=1.00e-03
Saved best model to results/thesis_model_results/outputs/architecture_comparison_core/PICNN_MTLSH__mse__minmax__seed42/picnn_mtlsh_state_dict_best.pt
Epoch 056 | train_loss=1.7128e+00 | train_eval_loss=1.6600e+00 | val_loss=1.6580e+00 | | lr=1.00e-03
Saved best model to results/thesis_model_results/outputs/architecture_comparison_core/PICNN_MTLSH__mse__minmax__seed42/picnn_mtlsh_state_dict_best.pt
Epoch 057 | train_loss=1.6106e+00 | train_eval_loss=1.5593e+00 | val_loss=1.5573e+00 | | lr=1.00e-03
Saved best model to results/thesis_model_results/outputs/architecture_comparison_core/PICNN_MTLSH__mse__minmax__seed42/picnn_mtlsh_state_dict_best.pt
Epoch 058 | train_loss=1.5114e+00 | train_eval_loss=1.4617e+00 | val_loss=1.4596e+00 | | lr=1.00e-03
Saved best model to results/thesis_model_results/outputs/architecture_comparison_core/PICNN_MTLSH__mse__minmax__seed42/picnn_mtlsh_state_dict_best.pt
Epoch 059 | train_loss=1.4153e+00 | train_eval_loss=1.3672e+00 | val_loss=1.3652e+00 | | lr=1.00e-03
Saved best model to results/thesis_model_results/outputs/architecture_comparison_core/PICNN_MTLSH__mse__minmax__seed42/picnn_mtlsh_state_dict_best.pt
Epoch 060 | train_loss=1.3224e+00 | train_eval_loss=1.2760e+00 | val_loss=1.2741e+00 | | lr=1.00e-03
Saved best model to results/thesis_model_results/outputs/architecture_comparison_core/PICNN_MTLSH__mse__minmax__seed42/picnn_mtlsh_state_dict_best.pt
Epoch 061 | train_loss=1.2329e+00 | train_eval_loss=1.1884e+00 | val_loss=1.1864e+00 | | lr=1.00e-03
Saved best model to results/thesis_model_results/outputs/architecture_comparison_core/PICNN_MTLSH__mse__minmax__seed42/picnn_mtlsh_state_dict_best.pt
Epoch 062 | train_loss=1.1470e+00 | train_eval_loss=1.1042e+00 | val_loss=1.1023e+00 | | lr=1.00e-03
Saved best model to results/thesis_model_results/outputs/architecture_comparison_core/PICNN_MTLSH__mse__minmax__seed42/picnn_mtlsh_state_dict_best.pt
Epoch 063 | train_loss=1.0645e+00 | train_eval_loss=1.0236e+00 | val_loss=1.0217e+00 | | lr=1.00e-03
Saved best model to results/thesis_model_results/outputs/architecture_comparison_core/PICNN_MTLSH__mse__minmax__seed42/picnn_mtlsh_state_dict_best.pt
Epoch 064 | train_loss=9.8575e-01 | train_eval_loss=9.4673e-01 | val_loss=9.4486e-01 | | lr=1.00e-03
Saved best model to results/thesis_model_results/outputs/architecture_comparison_core/PICNN_MTLSH__mse__minmax__seed42/picnn_mtlsh_state_dict_best.pt
Epoch 065 | train_loss=9.1064e-01 | train_eval_loss=8.7348e-01 | val_loss=8.7164e-01 | | lr=1.00e-03
Saved best model to results/thesis_model_results/outputs/architecture_comparison_core/PICNN_MTLSH__mse__minmax__seed42/picnn_mtlsh_state_dict_best.pt
Epoch 066 | train_loss=8.3927e-01 | train_eval_loss=8.0403e-01 | val_loss=8.0222e-01 | | lr=1.00e-03
Saved best model to results/thesis_model_results/outputs/architecture_comparison_core/PICNN_MTLSH__mse__minmax__seed42/picnn_mtlsh_state_dict_best.pt
Epoch 067 | train_loss=7.7165e-01 | train_eval_loss=7.3832e-01 | val_loss=7.3655e-01 | | lr=1.00e-03
Saved best model to results/thesis_model_results/outputs/architecture_comparison_core/PICNN_MTLSH__mse__minmax__seed42/picnn_mtlsh_state_dict_best.pt
Epoch 068 | train_loss=7.0778e-01 | train_eval_loss=6.7637e-01 | val_loss=6.7464e-01 | | lr=1.00e-03
Saved best model to results/thesis_model_results/outputs/architecture_comparison_core/PICNN_MTLSH__mse__minmax__seed42/picnn_mtlsh_state_dict_best.pt
Epoch 069 | train_loss=6.4765e-01 | train_eval_loss=6.1817e-01 | val_loss=6.1648e-01 | | lr=1.00e-03
Saved best model to results/thesis_model_results/outputs/architecture_comparison_core/PICNN_MTLSH__mse__minmax__seed42/picnn_mtlsh_state_dict_best.pt
Epoch 070 | train_loss=5.9123e-01 | train_eval_loss=5.6363e-01 | val_loss=5.6197e-01 | | lr=1.00e-03
Saved best model to results/thesis_model_results/outputs/architecture_comparison_core/PICNN_MTLSH__mse__minmax__seed42/picnn_mtlsh_state_dict_best.pt
Epoch 071 | train_loss=5.3848e-01 | train_eval_loss=5.1273e-01 | val_loss=5.1110e-01 | | lr=1.00e-03
Saved best model to results/thesis_model_results/outputs/architecture_comparison_core/PICNN_MTLSH__mse__minmax__seed42/picnn_mtlsh_state_dict_best.pt
Epoch 072 | train_loss=4.8934e-01 | train_eval_loss=4.6541e-01 | val_loss=4.6382e-01 | | lr=1.00e-03
Saved best model to results/thesis_model_results/outputs/architecture_comparison_core/PICNN_MTLSH__mse__minmax__seed42/picnn_mtlsh_state_dict_best.pt
Epoch 073 | train_loss=4.4372e-01 | train_eval_loss=4.2157e-01 | val_loss=4.2002e-01 | | lr=1.00e-03
Saved best model to results/thesis_model_results/outputs/architecture_comparison_core/PICNN_MTLSH__mse__minmax__seed42/picnn_mtlsh_state_dict_best.pt
Epoch 074 | train_loss=4.0154e-01 | train_eval_loss=3.8110e-01 | val_loss=3.7959e-01 | | lr=1.00e-03
Saved best model to results/thesis_model_results/outputs/architecture_comparison_core/PICNN_MTLSH__mse__minmax__seed42/picnn_mtlsh_state_dict_best.pt
Epoch 075 | train_loss=3.6267e-01 | train_eval_loss=3.4390e-01 | val_loss=3.4243e-01 | | lr=1.00e-03
Saved best model to results/thesis_model_results/outputs/architecture_comparison_core/PICNN_MTLSH__mse__minmax__seed42/picnn_mtlsh_state_dict_best.pt
Epoch 076 | train_loss=3.2701e-01 | train_eval_loss=3.0984e-01 | val_loss=3.0841e-01 | | lr=1.00e-03
Saved best model to results/thesis_model_results/outputs/architecture_comparison_core/PICNN_MTLSH__mse__minmax__seed42/picnn_mtlsh_state_dict_best.pt
Epoch 077 | train_loss=2.9443e-01 | train_eval_loss=2.7878e-01 | val_loss=2.7739e-01 | | lr=1.00e-03
Saved best model to results/thesis_model_results/outputs/architecture_comparison_core/PICNN_MTLSH__mse__minmax__seed42/picnn_mtlsh_state_dict_best.pt
Epoch 078 | train_loss=2.6478e-01 | train_eval_loss=2.5058e-01 | val_loss=2.4923e-01 | | lr=1.00e-03
Saved best model to results/thesis_model_results/outputs/architecture_comparison_core/PICNN_MTLSH__mse__minmax__seed42/picnn_mtlsh_state_dict_best.pt
Epoch 079 | train_loss=2.3792e-01 | train_eval_loss=2.2510e-01 | val_loss=2.2378e-01 | | lr=1.00e-03
Saved best model to results/thesis_model_results/outputs/architecture_comparison_core/PICNN_MTLSH__mse__minmax__seed42/picnn_mtlsh_state_dict_best.pt
Epoch 080 | train_loss=2.1370e-01 | train_eval_loss=2.0216e-01 | val_loss=2.0088e-01 | | lr=1.00e-03
Saved best model to results/thesis_model_results/outputs/architecture_comparison_core/PICNN_MTLSH__mse__minmax__seed42/picnn_mtlsh_state_dict_best.pt
Epoch 081 | train_loss=1.9195e-01 | train_eval_loss=1.8163e-01 | val_loss=1.8039e-01 | | lr=1.00e-03
Saved best model to results/thesis_model_results/outputs/architecture_comparison_core/PICNN_MTLSH__mse__minmax__seed42/picnn_mtlsh_state_dict_best.pt
Epoch 082 | train_loss=1.7251e-01 | train_eval_loss=1.6332e-01 | val_loss=1.6211e-01 | | lr=1.00e-03
Saved best model to results/thesis_model_results/outputs/architecture_comparison_core/PICNN_MTLSH__mse__minmax__seed42/picnn_mtlsh_state_dict_best.pt
Epoch 083 | train_loss=1.5522e-01 | train_eval_loss=1.4705e-01 | val_loss=1.4588e-01 | | lr=1.00e-03
Saved best model to results/thesis_model_results/outputs/architecture_comparison_core/PICNN_MTLSH__mse__minmax__seed42/picnn_mtlsh_state_dict_best.pt
Epoch 084 | train_loss=1.3990e-01 | train_eval_loss=1.3272e-01 | val_loss=1.3158e-01 | | lr=1.00e-03
Saved best model to results/thesis_model_results/outputs/architecture_comparison_core/PICNN_MTLSH__mse__minmax__seed42/picnn_mtlsh_state_dict_best.pt
Epoch 085 | train_loss=1.2641e-01 | train_eval_loss=1.2010e-01 | val_loss=1.1899e-01 | | lr=1.00e-03
Saved best model to results/thesis_model_results/outputs/architecture_comparison_core/PICNN_MTLSH__mse__minmax__seed42/picnn_mtlsh_state_dict_best.pt
Epoch 086 | train_loss=1.1458e-01 | train_eval_loss=1.0906e-01 | val_loss=1.0799e-01 | | lr=1.00e-03
Saved best model to results/thesis_model_results/outputs/architecture_comparison_core/PICNN_MTLSH__mse__minmax__seed42/picnn_mtlsh_state_dict_best.pt
Epoch 087 | train_loss=1.0425e-01 | train_eval_loss=9.9452e-02 | val_loss=9.8405e-02 | | lr=1.00e-03
Saved best model to results/thesis_model_results/outputs/architecture_comparison_core/PICNN_MTLSH__mse__minmax__seed42/picnn_mtlsh_state_dict_best.pt
Epoch 088 | train_loss=9.5280e-02 | train_eval_loss=9.1123e-02 | val_loss=9.0105e-02 | | lr=1.00e-03
Saved best model to results/thesis_model_results/outputs/architecture_comparison_core/PICNN_MTLSH__mse__minmax__seed42/picnn_mtlsh_state_dict_best.pt
Epoch 089 | train_loss=8.7522e-02 | train_eval_loss=8.3930e-02 | val_loss=8.2938e-02 | | lr=1.00e-03
Saved best model to results/thesis_model_results/outputs/architecture_comparison_core/PICNN_MTLSH__mse__minmax__seed42/picnn_mtlsh_state_dict_best.pt
Epoch 090 | train_loss=8.0836e-02 | train_eval_loss=7.7756e-02 | val_loss=7.6789e-02 | | lr=1.00e-03
Saved best model to results/thesis_model_results/outputs/architecture_comparison_core/PICNN_MTLSH__mse__minmax__seed42/picnn_mtlsh_state_dict_best.pt
Epoch 091 | train_loss=7.5104e-02 | train_eval_loss=7.2467e-02 | val_loss=7.1524e-02 | | lr=1.00e-03
Saved best model to results/thesis_model_results/outputs/architecture_comparison_core/PICNN_MTLSH__mse__minmax__seed42/picnn_mtlsh_state_dict_best.pt
Epoch 092 | train_loss=7.0199e-02 | train_eval_loss=6.7949e-02 | val_loss=6.7028e-02 | | lr=1.00e-03
Saved best model to results/thesis_model_results/outputs/architecture_comparison_core/PICNN_MTLSH__mse__minmax__seed42/picnn_mtlsh_state_dict_best.pt
Epoch 093 | train_loss=6.6020e-02 | train_eval_loss=6.4105e-02 | val_loss=6.3204e-02 | | lr=1.00e-03
Saved best model to results/thesis_model_results/outputs/architecture_comparison_core/PICNN_MTLSH__mse__minmax__seed42/picnn_mtlsh_state_dict_best.pt
Epoch 094 | train_loss=6.2463e-02 | train_eval_loss=6.0836e-02 | val_loss=5.9953e-02 | | lr=1.00e-03
Saved best model to results/thesis_model_results/outputs/architecture_comparison_core/PICNN_MTLSH__mse__minmax__seed42/picnn_mtlsh_state_dict_best.pt
Epoch 095 | train_loss=5.9444e-02 | train_eval_loss=5.8066e-02 | val_loss=5.7201e-02 | | lr=1.00e-03
Saved best model to results/thesis_model_results/outputs/architecture_comparison_core/PICNN_MTLSH__mse__minmax__seed42/picnn_mtlsh_state_dict_best.pt
Epoch 096 | train_loss=5.6877e-02 | train_eval_loss=5.5703e-02 | val_loss=5.4853e-02 | | lr=1.00e-03
Saved best model to results/thesis_model_results/outputs/architecture_comparison_core/PICNN_MTLSH__mse__minmax__seed42/picnn_mtlsh_state_dict_best.pt
Epoch 097 | train_loss=5.4697e-02 | train_eval_loss=5.3697e-02 | val_loss=5.2861e-02 | | lr=1.00e-03
Saved best model to results/thesis_model_results/outputs/architecture_comparison_core/PICNN_MTLSH__mse__minmax__seed42/picnn_mtlsh_state_dict_best.pt
Epoch 098 | train_loss=5.2840e-02 | train_eval_loss=5.1986e-02 | val_loss=5.1162e-02 | | lr=1.00e-03
Saved best model to results/thesis_model_results/outputs/architecture_comparison_core/PICNN_MTLSH__mse__minmax__seed42/picnn_mtlsh_state_dict_best.pt
Epoch 099 | train_loss=5.1249e-02 | train_eval_loss=5.0518e-02 | val_loss=4.9705e-02 | | lr=1.00e-03
Saved best model to results/thesis_model_results/outputs/architecture_comparison_core/PICNN_MTLSH__mse__minmax__seed42/picnn_mtlsh_state_dict_best.pt
Epoch 100 | train_loss=4.9881e-02 | train_eval_loss=4.9251e-02 | val_loss=4.8448e-02 | | lr=1.00e-03
Saved best model to results/thesis_model_results/outputs/architecture_comparison_core/PICNN_MTLSH__mse__minmax__seed42/picnn_mtlsh_state_dict_best.pt
Epoch 101 | train_loss=4.8695e-02 | train_eval_loss=4.8144e-02 | val_loss=4.7350e-02 | | lr=1.00e-03
Saved best model to results/thesis_model_results/outputs/architecture_comparison_core/PICNN_MTLSH__mse__minmax__seed42/picnn_mtlsh_state_dict_best.pt
Epoch 102 | train_loss=4.7657e-02 | train_eval_loss=4.7170e-02 | val_loss=4.6383e-02 | | lr=1.00e-03
Saved best model to results/thesis_model_results/outputs/architecture_comparison_core/PICNN_MTLSH__mse__minmax__seed42/picnn_mtlsh_state_dict_best.pt
Epoch 103 | train_loss=4.6742e-02 | train_eval_loss=4.6308e-02 | val_loss=4.5527e-02 | | lr=1.00e-03
Saved best model to results/thesis_model_results/outputs/architecture_comparison_core/PICNN_MTLSH__mse__minmax__seed42/picnn_mtlsh_state_dict_best.pt
Epoch 104 | train_loss=4.5927e-02 | train_eval_loss=4.5539e-02 | val_loss=4.4763e-02 | | lr=1.00e-03
Saved best model to results/thesis_model_results/outputs/architecture_comparison_core/PICNN_MTLSH__mse__minmax__seed42/picnn_mtlsh_state_dict_best.pt
Epoch 105 | train_loss=4.5193e-02 | train_eval_loss=4.4840e-02 | val_loss=4.4068e-02 | | lr=1.00e-03
Saved best model to results/thesis_model_results/outputs/architecture_comparison_core/PICNN_MTLSH__mse__minmax__seed42/picnn_mtlsh_state_dict_best.pt
Epoch 106 | train_loss=4.4525e-02 | train_eval_loss=4.4203e-02 | val_loss=4.3435e-02 | | lr=1.00e-03
Saved best model to results/thesis_model_results/outputs/architecture_comparison_core/PICNN_MTLSH__mse__minmax__seed42/picnn_mtlsh_state_dict_best.pt
Epoch 107 | train_loss=4.3910e-02 | train_eval_loss=4.3612e-02 | val_loss=4.2845e-02 | | lr=1.00e-03
Saved best model to results/thesis_model_results/outputs/architecture_comparison_core/PICNN_MTLSH__mse__minmax__seed42/picnn_mtlsh_state_dict_best.pt
Epoch 108 | train_loss=4.3341e-02 | train_eval_loss=4.3064e-02 | val_loss=4.2300e-02 | | lr=1.00e-03
Saved best model to results/thesis_model_results/outputs/architecture_comparison_core/PICNN_MTLSH__mse__minmax__seed42/picnn_mtlsh_state_dict_best.pt
Epoch 109 | train_loss=4.2812e-02 | train_eval_loss=4.2552e-02 | val_loss=4.1789e-02 | | lr=1.00e-03
Saved best model to results/thesis_model_results/outputs/architecture_comparison_core/PICNN_MTLSH__mse__minmax__seed42/picnn_mtlsh_state_dict_best.pt
Epoch 110 | train_loss=4.2315e-02 | train_eval_loss=4.2070e-02 | val_loss=4.1307e-02 | | lr=1.00e-03
Saved best model to results/thesis_model_results/outputs/architecture_comparison_core/PICNN_MTLSH__mse__minmax__seed42/picnn_mtlsh_state_dict_best.pt
Epoch 111 | train_loss=4.1847e-02 | train_eval_loss=4.1616e-02 | val_loss=4.0853e-02 | | lr=1.00e-03
Saved best model to results/thesis_model_results/outputs/architecture_comparison_core/PICNN_MTLSH__mse__minmax__seed42/picnn_mtlsh_state_dict_best.pt
Epoch 112 | train_loss=4.1405e-02 | train_eval_loss=4.1187e-02 | val_loss=4.0424e-02 | | lr=1.00e-03
Saved best model to results/thesis_model_results/outputs/architecture_comparison_core/PICNN_MTLSH__mse__minmax__seed42/picnn_mtlsh_state_dict_best.pt
Epoch 113 | train_loss=4.0988e-02 | train_eval_loss=4.0781e-02 | val_loss=4.0017e-02 | | lr=1.00e-03
Saved best model to results/thesis_model_results/outputs/architecture_comparison_core/PICNN_MTLSH__mse__minmax__seed42/picnn_mtlsh_state_dict_best.pt
Epoch 114 | train_loss=4.0592e-02 | train_eval_loss=4.0397e-02 | val_loss=3.9632e-02 | | lr=1.00e-03
Saved best model to results/thesis_model_results/outputs/architecture_comparison_core/PICNN_MTLSH__mse__minmax__seed42/picnn_mtlsh_state_dict_best.pt
Epoch 115 | train_loss=4.0218e-02 | train_eval_loss=4.0032e-02 | val_loss=3.9265e-02 | | lr=1.00e-03
Saved best model to results/thesis_model_results/outputs/architecture_comparison_core/PICNN_MTLSH__mse__minmax__seed42/picnn_mtlsh_state_dict_best.pt
Epoch 116 | train_loss=3.9862e-02 | train_eval_loss=3.9687e-02 | val_loss=3.8918e-02 | | lr=1.00e-03
Saved best model to results/thesis_model_results/outputs/architecture_comparison_core/PICNN_MTLSH__mse__minmax__seed42/picnn_mtlsh_state_dict_best.pt
Epoch 117 | train_loss=3.9526e-02 | train_eval_loss=3.9360e-02 | val_loss=3.8589e-02 | | lr=1.00e-03
Saved best model to results/thesis_model_results/outputs/architecture_comparison_core/PICNN_MTLSH__mse__minmax__seed42/picnn_mtlsh_state_dict_best.pt
Epoch 118 | train_loss=3.9207e-02 | train_eval_loss=3.9050e-02 | val_loss=3.8277e-02 | | lr=1.00e-03
Saved best model to results/thesis_model_results/outputs/architecture_comparison_core/PICNN_MTLSH__mse__minmax__seed42/picnn_mtlsh_state_dict_best.pt
Epoch 119 | train_loss=3.8906e-02 | train_eval_loss=3.8757e-02 | val_loss=3.7982e-02 | | lr=1.00e-03
Saved best model to results/thesis_model_results/outputs/architecture_comparison_core/PICNN_MTLSH__mse__minmax__seed42/picnn_mtlsh_state_dict_best.pt
Epoch 120 | train_loss=3.8620e-02 | train_eval_loss=3.8479e-02 | val_loss=3.7702e-02 | | lr=1.00e-03
Saved best model to results/thesis_model_results/outputs/architecture_comparison_core/PICNN_MTLSH__mse__minmax__seed42/picnn_mtlsh_state_dict_best.pt
Epoch 121 | train_loss=3.8350e-02 | train_eval_loss=3.8217e-02 | val_loss=3.7437e-02 | | lr=1.00e-03
Saved best model to results/thesis_model_results/outputs/architecture_comparison_core/PICNN_MTLSH__mse__minmax__seed42/picnn_mtlsh_state_dict_best.pt
Epoch 122 | train_loss=3.8094e-02 | train_eval_loss=3.7968e-02 | val_loss=3.7187e-02 | | lr=1.00e-03
Saved best model to results/thesis_model_results/outputs/architecture_comparison_core/PICNN_MTLSH__mse__minmax__seed42/picnn_mtlsh_state_dict_best.pt
Epoch 123 | train_loss=3.7852e-02 | train_eval_loss=3.7732e-02 | val_loss=3.6948e-02 | | lr=1.00e-03
Saved best model to results/thesis_model_results/outputs/architecture_comparison_core/PICNN_MTLSH__mse__minmax__seed42/picnn_mtlsh_state_dict_best.pt
Epoch 124 | train_loss=3.7624e-02 | train_eval_loss=3.7510e-02 | val_loss=3.6724e-02 | | lr=1.00e-03
Saved best model to results/thesis_model_results/outputs/architecture_comparison_core/PICNN_MTLSH__mse__minmax__seed42/picnn_mtlsh_state_dict_best.pt
Epoch 125 | train_loss=3.7407e-02 | train_eval_loss=3.7299e-02 | val_loss=3.6511e-02 | | lr=1.00e-03
Saved best model to results/thesis_model_results/outputs/architecture_comparison_core/PICNN_MTLSH__mse__minmax__seed42/picnn_mtlsh_state_dict_best.pt
Epoch 126 | train_loss=3.7202e-02 | train_eval_loss=3.7100e-02 | val_loss=3.6310e-02 | | lr=1.00e-03
Saved best model to results/thesis_model_results/outputs/architecture_comparison_core/PICNN_MTLSH__mse__minmax__seed42/picnn_mtlsh_state_dict_best.pt
Epoch 127 | train_loss=3.7007e-02 | train_eval_loss=3.6910e-02 | val_loss=3.6118e-02 | | lr=1.00e-03
Saved best model to results/thesis_model_results/outputs/architecture_comparison_core/PICNN_MTLSH__mse__minmax__seed42/picnn_mtlsh_state_dict_best.pt
Epoch 128 | train_loss=3.6821e-02 | train_eval_loss=3.6729e-02 | val_loss=3.5935e-02 | | lr=1.00e-03
Saved best model to results/thesis_model_results/outputs/architecture_comparison_core/PICNN_MTLSH__mse__minmax__seed42/picnn_mtlsh_state_dict_best.pt
Epoch 129 | train_loss=3.6644e-02 | train_eval_loss=3.6555e-02 | val_loss=3.5760e-02 | | lr=1.00e-03
Saved best model to results/thesis_model_results/outputs/architecture_comparison_core/PICNN_MTLSH__mse__minmax__seed42/picnn_mtlsh_state_dict_best.pt
Epoch 130 | train_loss=3.6475e-02 | train_eval_loss=3.6391e-02 | val_loss=3.5594e-02 | | lr=1.00e-03
Saved best model to results/thesis_model_results/outputs/architecture_comparison_core/PICNN_MTLSH__mse__minmax__seed42/picnn_mtlsh_state_dict_best.pt
Epoch 131 | train_loss=3.6313e-02 | train_eval_loss=3.6231e-02 | val_loss=3.5433e-02 | | lr=1.00e-03
Saved best model to results/thesis_model_results/outputs/architecture_comparison_core/PICNN_MTLSH__mse__minmax__seed42/picnn_mtlsh_state_dict_best.pt
Epoch 132 | train_loss=3.6157e-02 | train_eval_loss=3.6078e-02 | val_loss=3.5279e-02 | | lr=1.00e-03
Saved best model to results/thesis_model_results/outputs/architecture_comparison_core/PICNN_MTLSH__mse__minmax__seed42/picnn_mtlsh_state_dict_best.pt
Epoch 133 | train_loss=3.6007e-02 | train_eval_loss=3.5930e-02 | val_loss=3.5131e-02 | | lr=1.00e-03
Saved best model to results/thesis_model_results/outputs/architecture_comparison_core/PICNN_MTLSH__mse__minmax__seed42/picnn_mtlsh_state_dict_best.pt
Epoch 134 | train_loss=3.5861e-02 | train_eval_loss=3.5787e-02 | val_loss=3.4987e-02 | | lr=1.00e-03
Saved best model to results/thesis_model_results/outputs/architecture_comparison_core/PICNN_MTLSH__mse__minmax__seed42/picnn_mtlsh_state_dict_best.pt
Epoch 135 | train_loss=3.5719e-02 | train_eval_loss=3.5648e-02 | val_loss=3.4847e-02 | | lr=1.00e-03
Saved best model to results/thesis_model_results/outputs/architecture_comparison_core/PICNN_MTLSH__mse__minmax__seed42/picnn_mtlsh_state_dict_best.pt
Epoch 136 | train_loss=3.5581e-02 | train_eval_loss=3.5511e-02 | val_loss=3.4709e-02 | | lr=1.00e-03
Saved best model to results/thesis_model_results/outputs/architecture_comparison_core/PICNN_MTLSH__mse__minmax__seed42/picnn_mtlsh_state_dict_best.pt
Epoch 137 | train_loss=3.5446e-02 | train_eval_loss=3.5377e-02 | val_loss=3.4575e-02 | | lr=1.00e-03
Saved best model to results/thesis_model_results/outputs/architecture_comparison_core/PICNN_MTLSH__mse__minmax__seed42/picnn_mtlsh_state_dict_best.pt
Epoch 138 | train_loss=3.5313e-02 | train_eval_loss=3.5246e-02 | val_loss=3.4444e-02 | | lr=1.00e-03
Saved best model to results/thesis_model_results/outputs/architecture_comparison_core/PICNN_MTLSH__mse__minmax__seed42/picnn_mtlsh_state_dict_best.pt
Epoch 139 | train_loss=3.5183e-02 | train_eval_loss=3.5116e-02 | val_loss=3.4314e-02 | | lr=1.00e-03
Saved best model to results/thesis_model_results/outputs/architecture_comparison_core/PICNN_MTLSH__mse__minmax__seed42/picnn_mtlsh_state_dict_best.pt
Epoch 140 | train_loss=3.5053e-02 | train_eval_loss=3.4987e-02 | val_loss=3.4186e-02 | | lr=1.00e-03
Saved best model to results/thesis_model_results/outputs/architecture_comparison_core/PICNN_MTLSH__mse__minmax__seed42/picnn_mtlsh_state_dict_best.pt
Epoch 141 | train_loss=3.4926e-02 | train_eval_loss=3.4861e-02 | val_loss=3.4060e-02 | | lr=1.00e-03
Saved best model to results/thesis_model_results/outputs/architecture_comparison_core/PICNN_MTLSH__mse__minmax__seed42/picnn_mtlsh_state_dict_best.pt
Epoch 142 | train_loss=3.4799e-02 | train_eval_loss=3.4734e-02 | val_loss=3.3933e-02 | | lr=1.00e-03
Saved best model to results/thesis_model_results/outputs/architecture_comparison_core/PICNN_MTLSH__mse__minmax__seed42/picnn_mtlsh_state_dict_best.pt
Epoch 143 | train_loss=3.4673e-02 | train_eval_loss=3.4608e-02 | val_loss=3.3809e-02 | | lr=1.00e-03
Saved best model to results/thesis_model_results/outputs/architecture_comparison_core/PICNN_MTLSH__mse__minmax__seed42/picnn_mtlsh_state_dict_best.pt
Epoch 144 | train_loss=3.4548e-02 | train_eval_loss=3.4483e-02 | val_loss=3.3684e-02 | | lr=1.00e-03
Saved best model to results/thesis_model_results/outputs/architecture_comparison_core/PICNN_MTLSH__mse__minmax__seed42/picnn_mtlsh_state_dict_best.pt
Epoch 145 | train_loss=3.4423e-02 | train_eval_loss=3.4358e-02 | val_loss=3.3560e-02 | | lr=1.00e-03
Saved best model to results/thesis_model_results/outputs/architecture_comparison_core/PICNN_MTLSH__mse__minmax__seed42/picnn_mtlsh_state_dict_best.pt
Epoch 146 | train_loss=3.4298e-02 | train_eval_loss=3.4233e-02 | val_loss=3.3436e-02 | | lr=1.00e-03
Saved best model to results/thesis_model_results/outputs/architecture_comparison_core/PICNN_MTLSH__mse__minmax__seed42/picnn_mtlsh_state_dict_best.pt
Epoch 147 | train_loss=3.4173e-02 | train_eval_loss=3.4108e-02 | val_loss=3.3313e-02 | | lr=1.00e-03
Saved best model to results/thesis_model_results/outputs/architecture_comparison_core/PICNN_MTLSH__mse__minmax__seed42/picnn_mtlsh_state_dict_best.pt
Epoch 148 | train_loss=3.4047e-02 | train_eval_loss=3.3983e-02 | val_loss=3.3190e-02 | | lr=1.00e-03
Saved best model to results/thesis_model_results/outputs/architecture_comparison_core/PICNN_MTLSH__mse__minmax__seed42/picnn_mtlsh_state_dict_best.pt
Epoch 149 | train_loss=3.3922e-02 | train_eval_loss=3.3857e-02 | val_loss=3.3066e-02 | | lr=1.00e-03
Saved best model to results/thesis_model_results/outputs/architecture_comparison_core/PICNN_MTLSH__mse__minmax__seed42/picnn_mtlsh_state_dict_best.pt
Epoch 150 | train_loss=3.3796e-02 | train_eval_loss=3.3732e-02 | val_loss=3.2942e-02 | | lr=1.00e-03
Saved best model to results/thesis_model_results/outputs/architecture_comparison_core/PICNN_MTLSH__mse__minmax__seed42/picnn_mtlsh_state_dict_best.pt
Epoch 151 | train_loss=3.3671e-02 | train_eval_loss=3.3605e-02 | val_loss=3.2818e-02 | | lr=1.00e-03
Saved best model to results/thesis_model_results/outputs/architecture_comparison_core/PICNN_MTLSH__mse__minmax__seed42/picnn_mtlsh_state_dict_best.pt
Epoch 152 | train_loss=3.3545e-02 | train_eval_loss=3.3479e-02 | val_loss=3.2694e-02 | | lr=1.00e-03
Saved best model to results/thesis_model_results/outputs/architecture_comparison_core/PICNN_MTLSH__mse__minmax__seed42/picnn_mtlsh_state_dict_best.pt
Epoch 153 | train_loss=3.3418e-02 | train_eval_loss=3.3352e-02 | val_loss=3.2569e-02 | | lr=1.00e-03
Saved best model to results/thesis_model_results/outputs/architecture_comparison_core/PICNN_MTLSH__mse__minmax__seed42/picnn_mtlsh_state_dict_best.pt
Epoch 154 | train_loss=3.3291e-02 | train_eval_loss=3.3225e-02 | val_loss=3.2444e-02 | | lr=1.00e-03
Saved best model to results/thesis_model_results/outputs/architecture_comparison_core/PICNN_MTLSH__mse__minmax__seed42/picnn_mtlsh_state_dict_best.pt
Epoch 155 | train_loss=3.3164e-02 | train_eval_loss=3.3098e-02 | val_loss=3.2319e-02 | | lr=1.00e-03
Saved best model to results/thesis_model_results/outputs/architecture_comparison_core/PICNN_MTLSH__mse__minmax__seed42/picnn_mtlsh_state_dict_best.pt
Epoch 156 | train_loss=3.3036e-02 | train_eval_loss=3.2970e-02 | val_loss=3.2194e-02 | | lr=1.00e-03
Saved best model to results/thesis_model_results/outputs/architecture_comparison_core/PICNN_MTLSH__mse__minmax__seed42/picnn_mtlsh_state_dict_best.pt
Epoch 157 | train_loss=3.2908e-02 | train_eval_loss=3.2841e-02 | val_loss=3.2068e-02 | | lr=1.00e-03
Saved best model to results/thesis_model_results/outputs/architecture_comparison_core/PICNN_MTLSH__mse__minmax__seed42/picnn_mtlsh_state_dict_best.pt
Epoch 158 | train_loss=3.2779e-02 | train_eval_loss=3.2712e-02 | val_loss=3.1941e-02 | | lr=1.00e-03
Saved best model to results/thesis_model_results/outputs/architecture_comparison_core/PICNN_MTLSH__mse__minmax__seed42/picnn_mtlsh_state_dict_best.pt
Epoch 159 | train_loss=3.2650e-02 | train_eval_loss=3.2583e-02 | val_loss=3.1814e-02 | | lr=1.00e-03
Saved best model to results/thesis_model_results/outputs/architecture_comparison_core/PICNN_MTLSH__mse__minmax__seed42/picnn_mtlsh_state_dict_best.pt
Epoch 160 | train_loss=3.2520e-02 | train_eval_loss=3.2452e-02 | val_loss=3.1687e-02 | | lr=1.00e-03
Saved best model to results/thesis_model_results/outputs/architecture_comparison_core/PICNN_MTLSH__mse__minmax__seed42/picnn_mtlsh_state_dict_best.pt
Epoch 161 | train_loss=3.2389e-02 | train_eval_loss=3.2321e-02 | val_loss=3.1559e-02 | | lr=1.00e-03
Saved best model to results/thesis_model_results/outputs/architecture_comparison_core/PICNN_MTLSH__mse__minmax__seed42/picnn_mtlsh_state_dict_best.pt
Epoch 162 | train_loss=3.2258e-02 | train_eval_loss=3.2189e-02 | val_loss=3.1429e-02 | | lr=1.00e-03
Saved best model to results/thesis_model_results/outputs/architecture_comparison_core/PICNN_MTLSH__mse__minmax__seed42/picnn_mtlsh_state_dict_best.pt
Epoch 163 | train_loss=3.2125e-02 | train_eval_loss=3.2056e-02 | val_loss=3.1299e-02 | | lr=1.00e-03
Saved best model to results/thesis_model_results/outputs/architecture_comparison_core/PICNN_MTLSH__mse__minmax__seed42/picnn_mtlsh_state_dict_best.pt
Epoch 164 | train_loss=3.1992e-02 | train_eval_loss=3.1922e-02 | val_loss=3.1169e-02 | | lr=1.00e-03
Saved best model to results/thesis_model_results/outputs/architecture_comparison_core/PICNN_MTLSH__mse__minmax__seed42/picnn_mtlsh_state_dict_best.pt
Epoch 165 | train_loss=3.1857e-02 | train_eval_loss=3.1787e-02 | val_loss=3.1036e-02 | | lr=1.00e-03
Saved best model to results/thesis_model_results/outputs/architecture_comparison_core/PICNN_MTLSH__mse__minmax__seed42/picnn_mtlsh_state_dict_best.pt
Epoch 166 | train_loss=3.1722e-02 | train_eval_loss=3.1650e-02 | val_loss=3.0904e-02 | | lr=1.00e-03
Saved best model to results/thesis_model_results/outputs/architecture_comparison_core/PICNN_MTLSH__mse__minmax__seed42/picnn_mtlsh_state_dict_best.pt
Epoch 167 | train_loss=3.1584e-02 | train_eval_loss=3.1513e-02 | val_loss=3.0769e-02 | | lr=1.00e-03
Saved best model to results/thesis_model_results/outputs/architecture_comparison_core/PICNN_MTLSH__mse__minmax__seed42/picnn_mtlsh_state_dict_best.pt
Epoch 168 | train_loss=3.1446e-02 | train_eval_loss=3.1373e-02 | val_loss=3.0633e-02 | | lr=1.00e-03
Saved best model to results/thesis_model_results/outputs/architecture_comparison_core/PICNN_MTLSH__mse__minmax__seed42/picnn_mtlsh_state_dict_best.pt
Epoch 169 | train_loss=3.1307e-02 | train_eval_loss=3.1233e-02 | val_loss=3.0497e-02 | | lr=1.00e-03
Saved best model to results/thesis_model_results/outputs/architecture_comparison_core/PICNN_MTLSH__mse__minmax__seed42/picnn_mtlsh_state_dict_best.pt
Epoch 170 | train_loss=3.1164e-02 | train_eval_loss=3.1090e-02 | val_loss=3.0357e-02 | | lr=1.00e-03
Saved best model to results/thesis_model_results/outputs/architecture_comparison_core/PICNN_MTLSH__mse__minmax__seed42/picnn_mtlsh_state_dict_best.pt
Epoch 171 | train_loss=3.1021e-02 | train_eval_loss=3.0945e-02 | val_loss=3.0216e-02 | | lr=1.00e-03
Saved best model to results/thesis_model_results/outputs/architecture_comparison_core/PICNN_MTLSH__mse__minmax__seed42/picnn_mtlsh_state_dict_best.pt
Epoch 172 | train_loss=3.0875e-02 | train_eval_loss=3.0799e-02 | val_loss=3.0073e-02 | | lr=1.00e-03
Saved best model to results/thesis_model_results/outputs/architecture_comparison_core/PICNN_MTLSH__mse__minmax__seed42/picnn_mtlsh_state_dict_best.pt
Epoch 173 | train_loss=3.0728e-02 | train_eval_loss=3.0650e-02 | val_loss=2.9928e-02 | | lr=1.00e-03
Saved best model to results/thesis_model_results/outputs/architecture_comparison_core/PICNN_MTLSH__mse__minmax__seed42/picnn_mtlsh_state_dict_best.pt
Epoch 174 | train_loss=3.0579e-02 | train_eval_loss=3.0498e-02 | val_loss=2.9780e-02 | | lr=1.00e-03
Saved best model to results/thesis_model_results/outputs/architecture_comparison_core/PICNN_MTLSH__mse__minmax__seed42/picnn_mtlsh_state_dict_best.pt
Epoch 175 | train_loss=3.0425e-02 | train_eval_loss=3.0345e-02 | val_loss=2.9630e-02 | | lr=1.00e-03
Saved best model to results/thesis_model_results/outputs/architecture_comparison_core/PICNN_MTLSH__mse__minmax__seed42/picnn_mtlsh_state_dict_best.pt
Epoch 176 | train_loss=3.0271e-02 | train_eval_loss=3.0189e-02 | val_loss=2.9478e-02 | | lr=1.00e-03
Saved best model to results/thesis_model_results/outputs/architecture_comparison_core/PICNN_MTLSH__mse__minmax__seed42/picnn_mtlsh_state_dict_best.pt
Epoch 177 | train_loss=3.0113e-02 | train_eval_loss=3.0029e-02 | val_loss=2.9324e-02 | | lr=1.00e-03
Saved best model to results/thesis_model_results/outputs/architecture_comparison_core/PICNN_MTLSH__mse__minmax__seed42/picnn_mtlsh_state_dict_best.pt
Epoch 178 | train_loss=2.9952e-02 | train_eval_loss=2.9867e-02 | val_loss=2.9166e-02 | | lr=1.00e-03
Saved best model to results/thesis_model_results/outputs/architecture_comparison_core/PICNN_MTLSH__mse__minmax__seed42/picnn_mtlsh_state_dict_best.pt
Epoch 179 | train_loss=2.9788e-02 | train_eval_loss=2.9702e-02 | val_loss=2.9006e-02 | | lr=1.00e-03
Saved best model to results/thesis_model_results/outputs/architecture_comparison_core/PICNN_MTLSH__mse__minmax__seed42/picnn_mtlsh_state_dict_best.pt
Epoch 180 | train_loss=2.9621e-02 | train_eval_loss=2.9533e-02 | val_loss=2.8840e-02 | | lr=1.00e-03
Saved best model to results/thesis_model_results/outputs/architecture_comparison_core/PICNN_MTLSH__mse__minmax__seed42/picnn_mtlsh_state_dict_best.pt
Epoch 181 | train_loss=2.9452e-02 | train_eval_loss=2.9362e-02 | val_loss=2.8674e-02 | | lr=1.00e-03
Saved best model to results/thesis_model_results/outputs/architecture_comparison_core/PICNN_MTLSH__mse__minmax__seed42/picnn_mtlsh_state_dict_best.pt
Epoch 182 | train_loss=2.9278e-02 | train_eval_loss=2.9187e-02 | val_loss=2.8502e-02 | | lr=1.00e-03
Saved best model to results/thesis_model_results/outputs/architecture_comparison_core/PICNN_MTLSH__mse__minmax__seed42/picnn_mtlsh_state_dict_best.pt
Epoch 183 | train_loss=2.9101e-02 | train_eval_loss=2.9008e-02 | val_loss=2.8329e-02 | | lr=1.00e-03
Saved best model to results/thesis_model_results/outputs/architecture_comparison_core/PICNN_MTLSH__mse__minmax__seed42/picnn_mtlsh_state_dict_best.pt
Epoch 184 | train_loss=2.8922e-02 | train_eval_loss=2.8826e-02 | val_loss=2.8151e-02 | | lr=1.00e-03
Saved best model to results/thesis_model_results/outputs/architecture_comparison_core/PICNN_MTLSH__mse__minmax__seed42/picnn_mtlsh_state_dict_best.pt
Epoch 185 | train_loss=2.8737e-02 | train_eval_loss=2.8639e-02 | val_loss=2.7970e-02 | | lr=1.00e-03
Saved best model to results/thesis_model_results/outputs/architecture_comparison_core/PICNN_MTLSH__mse__minmax__seed42/picnn_mtlsh_state_dict_best.pt
Epoch 186 | train_loss=2.8549e-02 | train_eval_loss=2.8449e-02 | val_loss=2.7786e-02 | | lr=1.00e-03
Saved best model to results/thesis_model_results/outputs/architecture_comparison_core/PICNN_MTLSH__mse__minmax__seed42/picnn_mtlsh_state_dict_best.pt
Epoch 187 | train_loss=2.8357e-02 | train_eval_loss=2.8256e-02 | val_loss=2.7596e-02 | | lr=1.00e-03
Saved best model to results/thesis_model_results/outputs/architecture_comparison_core/PICNN_MTLSH__mse__minmax__seed42/picnn_mtlsh_state_dict_best.pt
Epoch 188 | train_loss=2.8161e-02 | train_eval_loss=2.8057e-02 | val_loss=2.7404e-02 | | lr=1.00e-03
Saved best model to results/thesis_model_results/outputs/architecture_comparison_core/PICNN_MTLSH__mse__minmax__seed42/picnn_mtlsh_state_dict_best.pt
Epoch 189 | train_loss=2.7961e-02 | train_eval_loss=2.7856e-02 | val_loss=2.7206e-02 | | lr=1.00e-03
Saved best model to results/thesis_model_results/outputs/architecture_comparison_core/PICNN_MTLSH__mse__minmax__seed42/picnn_mtlsh_state_dict_best.pt
Epoch 190 | train_loss=2.7757e-02 | train_eval_loss=2.7649e-02 | val_loss=2.7005e-02 | | lr=1.00e-03
Saved best model to results/thesis_model_results/outputs/architecture_comparison_core/PICNN_MTLSH__mse__minmax__seed42/picnn_mtlsh_state_dict_best.pt
Epoch 191 | train_loss=2.7549e-02 | train_eval_loss=2.7438e-02 | val_loss=2.6800e-02 | | lr=1.00e-03
Saved best model to results/thesis_model_results/outputs/architecture_comparison_core/PICNN_MTLSH__mse__minmax__seed42/picnn_mtlsh_state_dict_best.pt
Epoch 192 | train_loss=2.7336e-02 | train_eval_loss=2.7223e-02 | val_loss=2.6592e-02 | | lr=1.00e-03
Saved best model to results/thesis_model_results/outputs/architecture_comparison_core/PICNN_MTLSH__mse__minmax__seed42/picnn_mtlsh_state_dict_best.pt
Epoch 193 | train_loss=2.7119e-02 | train_eval_loss=2.7004e-02 | val_loss=2.6378e-02 | | lr=1.00e-03
Saved best model to results/thesis_model_results/outputs/architecture_comparison_core/PICNN_MTLSH__mse__minmax__seed42/picnn_mtlsh_state_dict_best.pt
Epoch 194 | train_loss=2.6896e-02 | train_eval_loss=2.6780e-02 | val_loss=2.6161e-02 | | lr=1.00e-03
Saved best model to results/thesis_model_results/outputs/architecture_comparison_core/PICNN_MTLSH__mse__minmax__seed42/picnn_mtlsh_state_dict_best.pt
Epoch 195 | train_loss=2.6671e-02 | train_eval_loss=2.6552e-02 | val_loss=2.5940e-02 | | lr=1.00e-03
Saved best model to results/thesis_model_results/outputs/architecture_comparison_core/PICNN_MTLSH__mse__minmax__seed42/picnn_mtlsh_state_dict_best.pt
Epoch 196 | train_loss=2.6441e-02 | train_eval_loss=2.6319e-02 | val_loss=2.5713e-02 | | lr=1.00e-03
Saved best model to results/thesis_model_results/outputs/architecture_comparison_core/PICNN_MTLSH__mse__minmax__seed42/picnn_mtlsh_state_dict_best.pt
Epoch 197 | train_loss=2.6206e-02 | train_eval_loss=2.6083e-02 | val_loss=2.5484e-02 | | lr=1.00e-03
Saved best model to results/thesis_model_results/outputs/architecture_comparison_core/PICNN_MTLSH__mse__minmax__seed42/picnn_mtlsh_state_dict_best.pt
Epoch 198 | train_loss=2.5968e-02 | train_eval_loss=2.5841e-02 | val_loss=2.5246e-02 | | lr=1.00e-03
Saved best model to results/thesis_model_results/outputs/architecture_comparison_core/PICNN_MTLSH__mse__minmax__seed42/picnn_mtlsh_state_dict_best.pt
Epoch 199 | train_loss=2.5724e-02 | train_eval_loss=2.5595e-02 | val_loss=2.5007e-02 | | lr=1.00e-03
Saved best model to results/thesis_model_results/outputs/architecture_comparison_core/PICNN_MTLSH__mse__minmax__seed42/picnn_mtlsh_state_dict_best.pt
Epoch 200 | train_loss=2.5475e-02 | train_eval_loss=2.5346e-02 | val_loss=2.4766e-02 | | lr=1.00e-03
Saved best model to results/thesis_model_results/outputs/architecture_comparison_core/PICNN_MTLSH__mse__minmax__seed42/picnn_mtlsh_state_dict_best.pt
Saved training logs to results/thesis_model_results/outputs/architecture_comparison_core/PICNN_MTLSH__mse__minmax__seed42/training_summary.txt
Test RMSE(rocof_COI) = 0.2297 | norm: 0.1743 | real_diff: 0.1825
Test RMSE(dev_COI) = 0.4758 | norm: 0.1764 | real_diff: 0.3785
Test RMSE(Delta_P_IBR_1) = 1.0371 | norm: 0.1637 | real_diff: 0.8328
Test RMSE(Delta_P_IBR_2) = 1.2361 | norm: 0.1720 | real_diff: 0.9849
Test RMSE(Delta_P_IBR_3) = 0.7552 | norm: 0.1326 | real_diff: 0.5996
Test RMSE(Delta_P_IBR_4) = 1.2211 | norm: 0.1262 | real_diff: 0.9742
Saved RMSE results to results/thesis_model_results/outputs/architecture_comparison_core/PICNN_MTLSH__mse__minmax__seed42/rmse_results.txt
Saved detailed metrics to results/thesis_model_results/outputs/architecture_comparison_core/PICNN_MTLSH__mse__minmax__seed42/metrics_by_target.csv
Saved aggregate metrics to results/thesis_model_results/outputs/architecture_comparison_core/PICNN_MTLSH__mse__minmax__seed42/metrics_summary.json
Saved loss curves to results/thesis_model_results/outputs/architecture_comparison_core/PICNN_MTLSH__mse__minmax__seed42/loss_curve.png
Saved scatter plot results/thesis_model_results/outputs/architecture_comparison_core/PICNN_MTLSH__mse__minmax__seed42/scatter_rocof_COI.png
Saved scatter plot results/thesis_model_results/outputs/architecture_comparison_core/PICNN_MTLSH__mse__minmax__seed42/scatter_dev_COI.png
Saved scatter plot results/thesis_model_results/outputs/architecture_comparison_core/PICNN_MTLSH__mse__minmax__seed42/scatter_Delta_P_IBR_1.png
Saved scatter plot results/thesis_model_results/outputs/architecture_comparison_core/PICNN_MTLSH__mse__minmax__seed42/scatter_Delta_P_IBR_2.png
Saved scatter plot results/thesis_model_results/outputs/architecture_comparison_core/PICNN_MTLSH__mse__minmax__seed42/scatter_Delta_P_IBR_3.png
Saved scatter plot results/thesis_model_results/outputs/architecture_comparison_core/PICNN_MTLSH__mse__minmax__seed42/scatter_Delta_P_IBR_4.png
Saved model to results/thesis_model_results/outputs/architecture_comparison_core/PICNN_MTLSH__mse__minmax__seed42/picnn_mtlsh_state_dict.pt
Exported retained model bundle to results/thesis_model_results/exports/retained_core_model
FINISHED AT Thu Apr  2 01:23:50 AM CEST 2026
