STARTING AT Thu Apr  2 12:51:59 AM CEST 2026
Loss type: mse | weights=[]
Target stats (scaled):
train mean=[0.549  0.589  0.492  0.4884 0.4785 0.4192]
train std=[0.1365 0.1371 0.1141 0.1063 0.1158 0.1138]
train q05=[0.3074 0.3979 0.3192 0.303  0.3347 0.2205]
train q95=[0.7933 0.8652 0.6719 0.6491 0.6927 0.6016]
val mean=[0.5473 0.5873 0.4922 0.4893 0.4798 0.4201]
val std=[0.1343 0.1348 0.1123 0.1072 0.1141 0.1112]
val q05=[0.3103 0.3982 0.3195 0.303  0.3376 0.2251]
val q95=[0.7886 0.8626 0.6731 0.6514 0.6918 0.5984]
val/train std ratio=[0.984  0.9828 0.9844 1.0084 0.9848 0.9772]
LR scheduler: ReduceLROnPlateau (factor=0.5, patience=8, min_lr=1e-07)
Epoch 001 | train_loss=6.7154e-02 | train_eval_loss=1.4852e-02 | val_loss=1.4457e-02 | | lr=1.00e-03
Saved best model to results/thesis_model_results/outputs/feature_relevance_attention/MTLGSH_ATT__mse__minmax__seed42/mtlgsh_att_state_dict_best.pt
Epoch 002 | train_loss=1.6611e-02 | train_eval_loss=1.4461e-02 | val_loss=1.4067e-02 | | lr=1.00e-03
Saved best model to results/thesis_model_results/outputs/feature_relevance_attention/MTLGSH_ATT__mse__minmax__seed42/mtlgsh_att_state_dict_best.pt
Epoch 003 | train_loss=1.1959e-02 | train_eval_loss=4.8644e-03 | val_loss=4.7737e-03 | | lr=1.00e-03
Saved best model to results/thesis_model_results/outputs/feature_relevance_attention/MTLGSH_ATT__mse__minmax__seed42/mtlgsh_att_state_dict_best.pt
Epoch 004 | train_loss=5.8218e-03 | train_eval_loss=4.0018e-03 | val_loss=3.9242e-03 | | lr=1.00e-03
Saved best model to results/thesis_model_results/outputs/feature_relevance_attention/MTLGSH_ATT__mse__minmax__seed42/mtlgsh_att_state_dict_best.pt
Epoch 005 | train_loss=5.2828e-03 | train_eval_loss=3.7400e-03 | val_loss=3.6638e-03 | | lr=1.00e-03
Saved best model to results/thesis_model_results/outputs/feature_relevance_attention/MTLGSH_ATT__mse__minmax__seed42/mtlgsh_att_state_dict_best.pt
Epoch 006 | train_loss=5.0727e-03 | train_eval_loss=3.5699e-03 | val_loss=3.4930e-03 | | lr=1.00e-03
Saved best model to results/thesis_model_results/outputs/feature_relevance_attention/MTLGSH_ATT__mse__minmax__seed42/mtlgsh_att_state_dict_best.pt
Epoch 007 | train_loss=4.9518e-03 | train_eval_loss=3.5944e-03 | val_loss=3.5210e-03 | | lr=1.00e-03
Epoch 008 | train_loss=4.8952e-03 | train_eval_loss=3.4969e-03 | val_loss=3.4239e-03 | | lr=1.00e-03
Saved best model to results/thesis_model_results/outputs/feature_relevance_attention/MTLGSH_ATT__mse__minmax__seed42/mtlgsh_att_state_dict_best.pt
Epoch 009 | train_loss=4.8291e-03 | train_eval_loss=3.5248e-03 | val_loss=3.4523e-03 | | lr=1.00e-03
Epoch 010 | train_loss=4.7787e-03 | train_eval_loss=3.5660e-03 | val_loss=3.4918e-03 | | lr=1.00e-03
Epoch 011 | train_loss=4.7746e-03 | train_eval_loss=3.4968e-03 | val_loss=3.4258e-03 | | lr=1.00e-03
Epoch 012 | train_loss=4.7051e-03 | train_eval_loss=3.4854e-03 | val_loss=3.4136e-03 | | lr=1.00e-03
Saved best model to results/thesis_model_results/outputs/feature_relevance_attention/MTLGSH_ATT__mse__minmax__seed42/mtlgsh_att_state_dict_best.pt
Epoch 013 | train_loss=4.6469e-03 | train_eval_loss=3.4433e-03 | val_loss=3.3751e-03 | | lr=1.00e-03
Saved best model to results/thesis_model_results/outputs/feature_relevance_attention/MTLGSH_ATT__mse__minmax__seed42/mtlgsh_att_state_dict_best.pt
Epoch 014 | train_loss=4.5786e-03 | train_eval_loss=3.4037e-03 | val_loss=3.3347e-03 | | lr=1.00e-03
Saved best model to results/thesis_model_results/outputs/feature_relevance_attention/MTLGSH_ATT__mse__minmax__seed42/mtlgsh_att_state_dict_best.pt
Epoch 015 | train_loss=4.5121e-03 | train_eval_loss=3.3299e-03 | val_loss=3.2588e-03 | | lr=1.00e-03
Saved best model to results/thesis_model_results/outputs/feature_relevance_attention/MTLGSH_ATT__mse__minmax__seed42/mtlgsh_att_state_dict_best.pt
Epoch 016 | train_loss=4.5189e-03 | train_eval_loss=3.3142e-03 | val_loss=3.2478e-03 | | lr=1.00e-03
Saved best model to results/thesis_model_results/outputs/feature_relevance_attention/MTLGSH_ATT__mse__minmax__seed42/mtlgsh_att_state_dict_best.pt
Epoch 017 | train_loss=4.3964e-03 | train_eval_loss=3.2690e-03 | val_loss=3.1957e-03 | | lr=1.00e-03
Saved best model to results/thesis_model_results/outputs/feature_relevance_attention/MTLGSH_ATT__mse__minmax__seed42/mtlgsh_att_state_dict_best.pt
Epoch 018 | train_loss=4.2602e-03 | train_eval_loss=3.0803e-03 | val_loss=3.0063e-03 | | lr=1.00e-03
Saved best model to results/thesis_model_results/outputs/feature_relevance_attention/MTLGSH_ATT__mse__minmax__seed42/mtlgsh_att_state_dict_best.pt
Epoch 019 | train_loss=4.1213e-03 | train_eval_loss=3.0876e-03 | val_loss=2.9758e-03 | | lr=1.00e-03
Saved best model to results/thesis_model_results/outputs/feature_relevance_attention/MTLGSH_ATT__mse__minmax__seed42/mtlgsh_att_state_dict_best.pt
Epoch 020 | train_loss=3.9416e-03 | train_eval_loss=2.9613e-03 | val_loss=2.8587e-03 | | lr=1.00e-03
Saved best model to results/thesis_model_results/outputs/feature_relevance_attention/MTLGSH_ATT__mse__minmax__seed42/mtlgsh_att_state_dict_best.pt
Epoch 021 | train_loss=3.7829e-03 | train_eval_loss=2.6615e-03 | val_loss=2.5687e-03 | | lr=1.00e-03
Saved best model to results/thesis_model_results/outputs/feature_relevance_attention/MTLGSH_ATT__mse__minmax__seed42/mtlgsh_att_state_dict_best.pt
Epoch 022 | train_loss=3.7569e-03 | train_eval_loss=2.6409e-03 | val_loss=2.5550e-03 | | lr=1.00e-03
Saved best model to results/thesis_model_results/outputs/feature_relevance_attention/MTLGSH_ATT__mse__minmax__seed42/mtlgsh_att_state_dict_best.pt
Epoch 023 | train_loss=3.6692e-03 | train_eval_loss=2.5999e-03 | val_loss=2.5224e-03 | | lr=1.00e-03
Saved best model to results/thesis_model_results/outputs/feature_relevance_attention/MTLGSH_ATT__mse__minmax__seed42/mtlgsh_att_state_dict_best.pt
Epoch 024 | train_loss=3.5804e-03 | train_eval_loss=2.6400e-03 | val_loss=2.5726e-03 | | lr=1.00e-03
Epoch 025 | train_loss=3.4902e-03 | train_eval_loss=2.5132e-03 | val_loss=2.4442e-03 | | lr=1.00e-03
Saved best model to results/thesis_model_results/outputs/feature_relevance_attention/MTLGSH_ATT__mse__minmax__seed42/mtlgsh_att_state_dict_best.pt
Epoch 026 | train_loss=3.4646e-03 | train_eval_loss=2.4657e-03 | val_loss=2.4000e-03 | | lr=1.00e-03
Saved best model to results/thesis_model_results/outputs/feature_relevance_attention/MTLGSH_ATT__mse__minmax__seed42/mtlgsh_att_state_dict_best.pt
Epoch 027 | train_loss=3.4836e-03 | train_eval_loss=2.7623e-03 | val_loss=2.6914e-03 | | lr=1.00e-03
Epoch 028 | train_loss=3.3403e-03 | train_eval_loss=2.4473e-03 | val_loss=2.3867e-03 | | lr=1.00e-03
Saved best model to results/thesis_model_results/outputs/feature_relevance_attention/MTLGSH_ATT__mse__minmax__seed42/mtlgsh_att_state_dict_best.pt
Epoch 029 | train_loss=3.2236e-03 | train_eval_loss=2.3477e-03 | val_loss=2.2887e-03 | | lr=1.00e-03
Saved best model to results/thesis_model_results/outputs/feature_relevance_attention/MTLGSH_ATT__mse__minmax__seed42/mtlgsh_att_state_dict_best.pt
Epoch 030 | train_loss=3.1548e-03 | train_eval_loss=2.4515e-03 | val_loss=2.4116e-03 | | lr=1.00e-03
Epoch 031 | train_loss=3.1012e-03 | train_eval_loss=2.0872e-03 | val_loss=2.0371e-03 | | lr=1.00e-03
Saved best model to results/thesis_model_results/outputs/feature_relevance_attention/MTLGSH_ATT__mse__minmax__seed42/mtlgsh_att_state_dict_best.pt
Epoch 032 | train_loss=2.9188e-03 | train_eval_loss=2.1024e-03 | val_loss=2.0479e-03 | | lr=1.00e-03
Epoch 033 | train_loss=2.8781e-03 | train_eval_loss=2.1187e-03 | val_loss=2.0540e-03 | | lr=1.00e-03
Epoch 034 | train_loss=2.7741e-03 | train_eval_loss=1.9966e-03 | val_loss=1.9394e-03 | | lr=1.00e-03
Saved best model to results/thesis_model_results/outputs/feature_relevance_attention/MTLGSH_ATT__mse__minmax__seed42/mtlgsh_att_state_dict_best.pt
Epoch 035 | train_loss=2.7314e-03 | train_eval_loss=1.9773e-03 | val_loss=1.9314e-03 | | lr=1.00e-03
Saved best model to results/thesis_model_results/outputs/feature_relevance_attention/MTLGSH_ATT__mse__minmax__seed42/mtlgsh_att_state_dict_best.pt
Epoch 036 | train_loss=2.6460e-03 | train_eval_loss=1.9839e-03 | val_loss=1.9292e-03 | | lr=1.00e-03
Saved best model to results/thesis_model_results/outputs/feature_relevance_attention/MTLGSH_ATT__mse__minmax__seed42/mtlgsh_att_state_dict_best.pt
Epoch 037 | train_loss=2.6271e-03 | train_eval_loss=2.0129e-03 | val_loss=1.9606e-03 | | lr=1.00e-03
Epoch 038 | train_loss=2.7949e-03 | train_eval_loss=1.9574e-03 | val_loss=1.9076e-03 | | lr=1.00e-03
Saved best model to results/thesis_model_results/outputs/feature_relevance_attention/MTLGSH_ATT__mse__minmax__seed42/mtlgsh_att_state_dict_best.pt
Epoch 039 | train_loss=2.5377e-03 | train_eval_loss=1.9348e-03 | val_loss=1.8729e-03 | | lr=1.00e-03
Saved best model to results/thesis_model_results/outputs/feature_relevance_attention/MTLGSH_ATT__mse__minmax__seed42/mtlgsh_att_state_dict_best.pt
Epoch 040 | train_loss=2.4991e-03 | train_eval_loss=1.9614e-03 | val_loss=1.9202e-03 | | lr=1.00e-03
Epoch 041 | train_loss=2.4786e-03 | train_eval_loss=1.9192e-03 | val_loss=1.8803e-03 | | lr=1.00e-03
Epoch 042 | train_loss=2.4429e-03 | train_eval_loss=1.8796e-03 | val_loss=1.8354e-03 | | lr=1.00e-03
Saved best model to results/thesis_model_results/outputs/feature_relevance_attention/MTLGSH_ATT__mse__minmax__seed42/mtlgsh_att_state_dict_best.pt
Epoch 043 | train_loss=2.4407e-03 | train_eval_loss=1.9972e-03 | val_loss=1.9523e-03 | | lr=1.00e-03
Epoch 044 | train_loss=2.3475e-03 | train_eval_loss=1.7994e-03 | val_loss=1.7681e-03 | | lr=1.00e-03
Saved best model to results/thesis_model_results/outputs/feature_relevance_attention/MTLGSH_ATT__mse__minmax__seed42/mtlgsh_att_state_dict_best.pt
Epoch 045 | train_loss=2.3608e-03 | train_eval_loss=1.8098e-03 | val_loss=1.7792e-03 | | lr=1.00e-03
Epoch 046 | train_loss=2.3035e-03 | train_eval_loss=1.7921e-03 | val_loss=1.7502e-03 | | lr=1.00e-03
Saved best model to results/thesis_model_results/outputs/feature_relevance_attention/MTLGSH_ATT__mse__minmax__seed42/mtlgsh_att_state_dict_best.pt
Epoch 047 | train_loss=2.2306e-03 | train_eval_loss=1.8053e-03 | val_loss=1.7686e-03 | | lr=1.00e-03
Epoch 048 | train_loss=2.1567e-03 | train_eval_loss=1.7665e-03 | val_loss=1.7405e-03 | | lr=1.00e-03
Saved best model to results/thesis_model_results/outputs/feature_relevance_attention/MTLGSH_ATT__mse__minmax__seed42/mtlgsh_att_state_dict_best.pt
Epoch 049 | train_loss=2.2412e-03 | train_eval_loss=1.8511e-03 | val_loss=1.8271e-03 | | lr=1.00e-03
Epoch 050 | train_loss=2.0929e-03 | train_eval_loss=1.5666e-03 | val_loss=1.5524e-03 | | lr=1.00e-03
Saved best model to results/thesis_model_results/outputs/feature_relevance_attention/MTLGSH_ATT__mse__minmax__seed42/mtlgsh_att_state_dict_best.pt
Epoch 051 | train_loss=2.0905e-03 | train_eval_loss=1.6945e-03 | val_loss=1.6865e-03 | | lr=1.00e-03
Epoch 052 | train_loss=2.0468e-03 | train_eval_loss=1.5554e-03 | val_loss=1.5521e-03 | | lr=1.00e-03
Saved best model to results/thesis_model_results/outputs/feature_relevance_attention/MTLGSH_ATT__mse__minmax__seed42/mtlgsh_att_state_dict_best.pt
Epoch 053 | train_loss=1.9088e-03 | train_eval_loss=1.4816e-03 | val_loss=1.4734e-03 | | lr=1.00e-03
Saved best model to results/thesis_model_results/outputs/feature_relevance_attention/MTLGSH_ATT__mse__minmax__seed42/mtlgsh_att_state_dict_best.pt
Epoch 054 | train_loss=1.9992e-03 | train_eval_loss=1.6167e-03 | val_loss=1.6190e-03 | | lr=1.00e-03
Epoch 055 | train_loss=1.9627e-03 | train_eval_loss=1.4738e-03 | val_loss=1.4686e-03 | | lr=1.00e-03
Saved best model to results/thesis_model_results/outputs/feature_relevance_attention/MTLGSH_ATT__mse__minmax__seed42/mtlgsh_att_state_dict_best.pt
Epoch 056 | train_loss=1.8535e-03 | train_eval_loss=1.6869e-03 | val_loss=1.6766e-03 | | lr=1.00e-03
Epoch 057 | train_loss=1.8601e-03 | train_eval_loss=1.4209e-03 | val_loss=1.4103e-03 | | lr=1.00e-03
Saved best model to results/thesis_model_results/outputs/feature_relevance_attention/MTLGSH_ATT__mse__minmax__seed42/mtlgsh_att_state_dict_best.pt
Epoch 058 | train_loss=1.7865e-03 | train_eval_loss=1.5261e-03 | val_loss=1.5264e-03 | | lr=1.00e-03
Epoch 059 | train_loss=1.7942e-03 | train_eval_loss=1.4352e-03 | val_loss=1.4250e-03 | | lr=1.00e-03
Epoch 060 | train_loss=1.6920e-03 | train_eval_loss=1.3453e-03 | val_loss=1.3322e-03 | | lr=1.00e-03
Saved best model to results/thesis_model_results/outputs/feature_relevance_attention/MTLGSH_ATT__mse__minmax__seed42/mtlgsh_att_state_dict_best.pt
Epoch 061 | train_loss=1.6598e-03 | train_eval_loss=1.3935e-03 | val_loss=1.3805e-03 | | lr=1.00e-03
Epoch 062 | train_loss=1.6168e-03 | train_eval_loss=1.3526e-03 | val_loss=1.3483e-03 | | lr=1.00e-03
Epoch 063 | train_loss=1.6942e-03 | train_eval_loss=1.3574e-03 | val_loss=1.3510e-03 | | lr=1.00e-03
Epoch 064 | train_loss=1.6068e-03 | train_eval_loss=1.2759e-03 | val_loss=1.2730e-03 | | lr=1.00e-03
Saved best model to results/thesis_model_results/outputs/feature_relevance_attention/MTLGSH_ATT__mse__minmax__seed42/mtlgsh_att_state_dict_best.pt
Epoch 065 | train_loss=1.6147e-03 | train_eval_loss=1.2864e-03 | val_loss=1.2831e-03 | | lr=1.00e-03
Epoch 066 | train_loss=1.5242e-03 | train_eval_loss=1.6827e-03 | val_loss=1.6761e-03 | | lr=1.00e-03
Epoch 067 | train_loss=1.5805e-03 | train_eval_loss=1.2709e-03 | val_loss=1.2680e-03 | | lr=1.00e-03
Saved best model to results/thesis_model_results/outputs/feature_relevance_attention/MTLGSH_ATT__mse__minmax__seed42/mtlgsh_att_state_dict_best.pt
Epoch 068 | train_loss=1.5593e-03 | train_eval_loss=1.2892e-03 | val_loss=1.2894e-03 | | lr=1.00e-03
Epoch 069 | train_loss=1.5076e-03 | train_eval_loss=1.2190e-03 | val_loss=1.2089e-03 | | lr=1.00e-03
Saved best model to results/thesis_model_results/outputs/feature_relevance_attention/MTLGSH_ATT__mse__minmax__seed42/mtlgsh_att_state_dict_best.pt
Epoch 070 | train_loss=1.4632e-03 | train_eval_loss=1.2315e-03 | val_loss=1.2319e-03 | | lr=1.00e-03
Epoch 071 | train_loss=1.5810e-03 | train_eval_loss=1.3395e-03 | val_loss=1.3364e-03 | | lr=1.00e-03
Epoch 072 | train_loss=1.4758e-03 | train_eval_loss=1.3514e-03 | val_loss=1.3490e-03 | | lr=1.00e-03
Epoch 073 | train_loss=1.4727e-03 | train_eval_loss=1.3111e-03 | val_loss=1.3106e-03 | | lr=1.00e-03
Epoch 074 | train_loss=1.4790e-03 | train_eval_loss=1.2090e-03 | val_loss=1.2088e-03 | | lr=1.00e-03
Saved best model to results/thesis_model_results/outputs/feature_relevance_attention/MTLGSH_ATT__mse__minmax__seed42/mtlgsh_att_state_dict_best.pt
Epoch 075 | train_loss=1.3908e-03 | train_eval_loss=1.5475e-03 | val_loss=1.5525e-03 | | lr=1.00e-03
Epoch 076 | train_loss=1.4505e-03 | train_eval_loss=1.1527e-03 | val_loss=1.1485e-03 | | lr=1.00e-03
Saved best model to results/thesis_model_results/outputs/feature_relevance_attention/MTLGSH_ATT__mse__minmax__seed42/mtlgsh_att_state_dict_best.pt
Epoch 077 | train_loss=1.4501e-03 | train_eval_loss=1.2877e-03 | val_loss=1.2878e-03 | | lr=1.00e-03
Epoch 078 | train_loss=1.4557e-03 | train_eval_loss=1.1717e-03 | val_loss=1.1725e-03 | | lr=1.00e-03
Epoch 079 | train_loss=1.3932e-03 | train_eval_loss=1.2256e-03 | val_loss=1.2237e-03 | | lr=1.00e-03
Epoch 080 | train_loss=1.3747e-03 | train_eval_loss=1.1154e-03 | val_loss=1.1184e-03 | | lr=1.00e-03
Saved best model to results/thesis_model_results/outputs/feature_relevance_attention/MTLGSH_ATT__mse__minmax__seed42/mtlgsh_att_state_dict_best.pt
Epoch 081 | train_loss=1.4154e-03 | train_eval_loss=1.1946e-03 | val_loss=1.1972e-03 | | lr=1.00e-03
Epoch 082 | train_loss=1.3950e-03 | train_eval_loss=1.1151e-03 | val_loss=1.1186e-03 | | lr=1.00e-03
Epoch 083 | train_loss=1.3563e-03 | train_eval_loss=1.1508e-03 | val_loss=1.1542e-03 | | lr=1.00e-03
Epoch 084 | train_loss=1.3816e-03 | train_eval_loss=1.1935e-03 | val_loss=1.2006e-03 | | lr=1.00e-03
Epoch 085 | train_loss=1.3837e-03 | train_eval_loss=1.1571e-03 | val_loss=1.1591e-03 | | lr=1.00e-03
Epoch 086 | train_loss=1.4027e-03 | train_eval_loss=1.2455e-03 | val_loss=1.2485e-03 | | lr=1.00e-03
Epoch 087 | train_loss=1.3339e-03 | train_eval_loss=1.1271e-03 | val_loss=1.1345e-03 | | lr=1.00e-03
Epoch 088 | train_loss=1.3053e-03 | train_eval_loss=1.2395e-03 | val_loss=1.2445e-03 | | lr=1.00e-03
Epoch 089 | train_loss=1.3701e-03 | train_eval_loss=1.3066e-03 | val_loss=1.3196e-03 | | lr=1.00e-03
Epoch 090 | train_loss=1.2651e-03 | train_eval_loss=1.0625e-03 | val_loss=1.0705e-03 | | lr=5.00e-04
Saved best model to results/thesis_model_results/outputs/feature_relevance_attention/MTLGSH_ATT__mse__minmax__seed42/mtlgsh_att_state_dict_best.pt
Epoch 091 | train_loss=1.2342e-03 | train_eval_loss=1.0512e-03 | val_loss=1.0583e-03 | | lr=5.00e-04
Saved best model to results/thesis_model_results/outputs/feature_relevance_attention/MTLGSH_ATT__mse__minmax__seed42/mtlgsh_att_state_dict_best.pt
Epoch 092 | train_loss=1.2479e-03 | train_eval_loss=1.1164e-03 | val_loss=1.1273e-03 | | lr=5.00e-04
Epoch 093 | train_loss=1.2432e-03 | train_eval_loss=1.0632e-03 | val_loss=1.0670e-03 | | lr=5.00e-04
Epoch 094 | train_loss=1.2671e-03 | train_eval_loss=1.0952e-03 | val_loss=1.1000e-03 | | lr=5.00e-04
Epoch 095 | train_loss=1.2589e-03 | train_eval_loss=1.0973e-03 | val_loss=1.1074e-03 | | lr=5.00e-04
Epoch 096 | train_loss=1.2192e-03 | train_eval_loss=1.0598e-03 | val_loss=1.0712e-03 | | lr=5.00e-04
Epoch 097 | train_loss=1.2449e-03 | train_eval_loss=1.0751e-03 | val_loss=1.0822e-03 | | lr=5.00e-04
Epoch 098 | train_loss=1.2452e-03 | train_eval_loss=1.1096e-03 | val_loss=1.1209e-03 | | lr=5.00e-04
Epoch 099 | train_loss=1.2325e-03 | train_eval_loss=1.0351e-03 | val_loss=1.0427e-03 | | lr=5.00e-04
Saved best model to results/thesis_model_results/outputs/feature_relevance_attention/MTLGSH_ATT__mse__minmax__seed42/mtlgsh_att_state_dict_best.pt
Epoch 100 | train_loss=1.2096e-03 | train_eval_loss=1.0367e-03 | val_loss=1.0474e-03 | | lr=5.00e-04
Epoch 101 | train_loss=1.2435e-03 | train_eval_loss=1.0540e-03 | val_loss=1.0648e-03 | | lr=5.00e-04
Epoch 102 | train_loss=1.2182e-03 | train_eval_loss=1.0388e-03 | val_loss=1.0426e-03 | | lr=5.00e-04
Saved best model to results/thesis_model_results/outputs/feature_relevance_attention/MTLGSH_ATT__mse__minmax__seed42/mtlgsh_att_state_dict_best.pt
Epoch 103 | train_loss=1.2184e-03 | train_eval_loss=1.0315e-03 | val_loss=1.0363e-03 | | lr=5.00e-04
Saved best model to results/thesis_model_results/outputs/feature_relevance_attention/MTLGSH_ATT__mse__minmax__seed42/mtlgsh_att_state_dict_best.pt
Epoch 104 | train_loss=1.2139e-03 | train_eval_loss=1.0231e-03 | val_loss=1.0301e-03 | | lr=5.00e-04
Saved best model to results/thesis_model_results/outputs/feature_relevance_attention/MTLGSH_ATT__mse__minmax__seed42/mtlgsh_att_state_dict_best.pt
Epoch 105 | train_loss=1.2058e-03 | train_eval_loss=1.2492e-03 | val_loss=1.2598e-03 | | lr=5.00e-04
Epoch 106 | train_loss=1.2394e-03 | train_eval_loss=1.0436e-03 | val_loss=1.0559e-03 | | lr=5.00e-04
Epoch 107 | train_loss=1.2080e-03 | train_eval_loss=1.0261e-03 | val_loss=1.0365e-03 | | lr=5.00e-04
Epoch 108 | train_loss=1.2225e-03 | train_eval_loss=1.0205e-03 | val_loss=1.0275e-03 | | lr=5.00e-04
Saved best model to results/thesis_model_results/outputs/feature_relevance_attention/MTLGSH_ATT__mse__minmax__seed42/mtlgsh_att_state_dict_best.pt
Epoch 109 | train_loss=1.1966e-03 | train_eval_loss=1.0177e-03 | val_loss=1.0257e-03 | | lr=5.00e-04
Saved best model to results/thesis_model_results/outputs/feature_relevance_attention/MTLGSH_ATT__mse__minmax__seed42/mtlgsh_att_state_dict_best.pt
Epoch 110 | train_loss=1.1829e-03 | train_eval_loss=1.1945e-03 | val_loss=1.2120e-03 | | lr=5.00e-04
Epoch 111 | train_loss=1.2363e-03 | train_eval_loss=1.0250e-03 | val_loss=1.0320e-03 | | lr=5.00e-04
Epoch 112 | train_loss=1.2008e-03 | train_eval_loss=1.0112e-03 | val_loss=1.0200e-03 | | lr=5.00e-04
Saved best model to results/thesis_model_results/outputs/feature_relevance_attention/MTLGSH_ATT__mse__minmax__seed42/mtlgsh_att_state_dict_best.pt
Epoch 113 | train_loss=1.2666e-03 | train_eval_loss=1.1288e-03 | val_loss=1.1340e-03 | | lr=5.00e-04
Epoch 114 | train_loss=1.2016e-03 | train_eval_loss=1.0188e-03 | val_loss=1.0306e-03 | | lr=5.00e-04
Epoch 115 | train_loss=1.1782e-03 | train_eval_loss=1.0125e-03 | val_loss=1.0281e-03 | | lr=5.00e-04
Epoch 116 | train_loss=1.1801e-03 | train_eval_loss=1.0236e-03 | val_loss=1.0322e-03 | | lr=5.00e-04
Epoch 117 | train_loss=1.1678e-03 | train_eval_loss=1.0254e-03 | val_loss=1.0357e-03 | | lr=5.00e-04
Epoch 118 | train_loss=1.1989e-03 | train_eval_loss=1.0339e-03 | val_loss=1.0457e-03 | | lr=5.00e-04
Epoch 119 | train_loss=1.1930e-03 | train_eval_loss=1.0072e-03 | val_loss=1.0129e-03 | | lr=5.00e-04
Saved best model to results/thesis_model_results/outputs/feature_relevance_attention/MTLGSH_ATT__mse__minmax__seed42/mtlgsh_att_state_dict_best.pt
Epoch 120 | train_loss=1.1853e-03 | train_eval_loss=1.0071e-03 | val_loss=1.0184e-03 | | lr=5.00e-04
Epoch 121 | train_loss=1.1809e-03 | train_eval_loss=1.0123e-03 | val_loss=1.0258e-03 | | lr=5.00e-04
Epoch 122 | train_loss=1.1916e-03 | train_eval_loss=1.0838e-03 | val_loss=1.0976e-03 | | lr=5.00e-04
Epoch 123 | train_loss=1.1805e-03 | train_eval_loss=1.0071e-03 | val_loss=1.0179e-03 | | lr=5.00e-04
Epoch 124 | train_loss=1.1501e-03 | train_eval_loss=1.0107e-03 | val_loss=1.0220e-03 | | lr=5.00e-04
Epoch 125 | train_loss=1.2125e-03 | train_eval_loss=9.8050e-04 | val_loss=9.9375e-04 | | lr=5.00e-04
Saved best model to results/thesis_model_results/outputs/feature_relevance_attention/MTLGSH_ATT__mse__minmax__seed42/mtlgsh_att_state_dict_best.pt
Epoch 126 | train_loss=1.1677e-03 | train_eval_loss=1.0003e-03 | val_loss=1.0075e-03 | | lr=5.00e-04
Epoch 127 | train_loss=1.1668e-03 | train_eval_loss=1.0236e-03 | val_loss=1.0386e-03 | | lr=5.00e-04
Epoch 128 | train_loss=1.1522e-03 | train_eval_loss=1.0085e-03 | val_loss=1.0198e-03 | | lr=5.00e-04
Epoch 129 | train_loss=1.1398e-03 | train_eval_loss=1.1369e-03 | val_loss=1.1417e-03 | | lr=5.00e-04
Epoch 130 | train_loss=1.1645e-03 | train_eval_loss=9.7569e-04 | val_loss=9.9090e-04 | | lr=5.00e-04
Saved best model to results/thesis_model_results/outputs/feature_relevance_attention/MTLGSH_ATT__mse__minmax__seed42/mtlgsh_att_state_dict_best.pt
Epoch 131 | train_loss=1.1874e-03 | train_eval_loss=1.1333e-03 | val_loss=1.1517e-03 | | lr=5.00e-04
Epoch 132 | train_loss=1.2432e-03 | train_eval_loss=9.8337e-04 | val_loss=9.9386e-04 | | lr=5.00e-04
Epoch 133 | train_loss=1.1436e-03 | train_eval_loss=9.7820e-04 | val_loss=9.9250e-04 | | lr=5.00e-04
Epoch 134 | train_loss=1.1502e-03 | train_eval_loss=9.8334e-04 | val_loss=9.9378e-04 | | lr=5.00e-04
Epoch 135 | train_loss=1.1362e-03 | train_eval_loss=1.0158e-03 | val_loss=1.0250e-03 | | lr=5.00e-04
Epoch 136 | train_loss=1.1524e-03 | train_eval_loss=9.5642e-04 | val_loss=9.6703e-04 | | lr=5.00e-04
Saved best model to results/thesis_model_results/outputs/feature_relevance_attention/MTLGSH_ATT__mse__minmax__seed42/mtlgsh_att_state_dict_best.pt
Epoch 137 | train_loss=1.1363e-03 | train_eval_loss=9.6512e-04 | val_loss=9.7913e-04 | | lr=5.00e-04
Epoch 138 | train_loss=1.2225e-03 | train_eval_loss=1.0261e-03 | val_loss=1.0410e-03 | | lr=5.00e-04
Epoch 139 | train_loss=1.1766e-03 | train_eval_loss=1.0080e-03 | val_loss=1.0230e-03 | | lr=5.00e-04
Epoch 140 | train_loss=1.1444e-03 | train_eval_loss=9.4175e-04 | val_loss=9.5585e-04 | | lr=5.00e-04
Saved best model to results/thesis_model_results/outputs/feature_relevance_attention/MTLGSH_ATT__mse__minmax__seed42/mtlgsh_att_state_dict_best.pt
Epoch 141 | train_loss=1.1457e-03 | train_eval_loss=9.5941e-04 | val_loss=9.7341e-04 | | lr=5.00e-04
Epoch 142 | train_loss=1.1409e-03 | train_eval_loss=9.7063e-04 | val_loss=9.8276e-04 | | lr=5.00e-04
Epoch 143 | train_loss=1.1400e-03 | train_eval_loss=9.7575e-04 | val_loss=9.9067e-04 | | lr=5.00e-04
Epoch 144 | train_loss=1.1195e-03 | train_eval_loss=1.0101e-03 | val_loss=1.0229e-03 | | lr=5.00e-04
Epoch 145 | train_loss=1.1099e-03 | train_eval_loss=9.3678e-04 | val_loss=9.4937e-04 | | lr=5.00e-04
Saved best model to results/thesis_model_results/outputs/feature_relevance_attention/MTLGSH_ATT__mse__minmax__seed42/mtlgsh_att_state_dict_best.pt
Epoch 146 | train_loss=1.1495e-03 | train_eval_loss=9.3750e-04 | val_loss=9.5240e-04 | | lr=5.00e-04
Epoch 147 | train_loss=1.1486e-03 | train_eval_loss=1.0305e-03 | val_loss=1.0411e-03 | | lr=5.00e-04
Epoch 148 | train_loss=1.1766e-03 | train_eval_loss=9.6204e-04 | val_loss=9.7682e-04 | | lr=5.00e-04
Epoch 149 | train_loss=1.1418e-03 | train_eval_loss=9.5758e-04 | val_loss=9.7139e-04 | | lr=5.00e-04
Epoch 150 | train_loss=1.1145e-03 | train_eval_loss=9.7493e-04 | val_loss=9.8586e-04 | | lr=5.00e-04
Epoch 151 | train_loss=1.1118e-03 | train_eval_loss=1.1746e-03 | val_loss=1.1884e-03 | | lr=5.00e-04
Epoch 152 | train_loss=1.1173e-03 | train_eval_loss=1.2668e-03 | val_loss=1.2802e-03 | | lr=5.00e-04
Epoch 153 | train_loss=1.1543e-03 | train_eval_loss=1.0265e-03 | val_loss=1.0418e-03 | | lr=5.00e-04
Epoch 154 | train_loss=1.1234e-03 | train_eval_loss=9.9014e-04 | val_loss=1.0047e-03 | | lr=5.00e-04
Epoch 155 | train_loss=1.0769e-03 | train_eval_loss=9.6732e-04 | val_loss=9.8347e-04 | | lr=2.50e-04
Epoch 156 | train_loss=1.0701e-03 | train_eval_loss=9.0643e-04 | val_loss=9.2235e-04 | | lr=2.50e-04
Saved best model to results/thesis_model_results/outputs/feature_relevance_attention/MTLGSH_ATT__mse__minmax__seed42/mtlgsh_att_state_dict_best.pt
Epoch 157 | train_loss=1.0615e-03 | train_eval_loss=9.1484e-04 | val_loss=9.2946e-04 | | lr=2.50e-04
Epoch 158 | train_loss=1.0716e-03 | train_eval_loss=9.0969e-04 | val_loss=9.2388e-04 | | lr=2.50e-04
Epoch 159 | train_loss=1.0617e-03 | train_eval_loss=9.3021e-04 | val_loss=9.4139e-04 | | lr=2.50e-04
Epoch 160 | train_loss=1.0633e-03 | train_eval_loss=9.0890e-04 | val_loss=9.2223e-04 | | lr=2.50e-04
Saved best model to results/thesis_model_results/outputs/feature_relevance_attention/MTLGSH_ATT__mse__minmax__seed42/mtlgsh_att_state_dict_best.pt
Epoch 161 | train_loss=1.0655e-03 | train_eval_loss=9.0071e-04 | val_loss=9.1503e-04 | | lr=2.50e-04
Saved best model to results/thesis_model_results/outputs/feature_relevance_attention/MTLGSH_ATT__mse__minmax__seed42/mtlgsh_att_state_dict_best.pt
Epoch 162 | train_loss=1.0728e-03 | train_eval_loss=9.0743e-04 | val_loss=9.2437e-04 | | lr=2.50e-04
Epoch 163 | train_loss=1.0584e-03 | train_eval_loss=8.9222e-04 | val_loss=9.0922e-04 | | lr=2.50e-04
Saved best model to results/thesis_model_results/outputs/feature_relevance_attention/MTLGSH_ATT__mse__minmax__seed42/mtlgsh_att_state_dict_best.pt
Epoch 164 | train_loss=1.0608e-03 | train_eval_loss=9.0540e-04 | val_loss=9.2418e-04 | | lr=2.50e-04
Epoch 165 | train_loss=1.0596e-03 | train_eval_loss=9.0249e-04 | val_loss=9.1864e-04 | | lr=2.50e-04
Epoch 166 | train_loss=1.0563e-03 | train_eval_loss=9.5384e-04 | val_loss=9.7017e-04 | | lr=2.50e-04
Epoch 167 | train_loss=1.0596e-03 | train_eval_loss=9.1811e-04 | val_loss=9.3430e-04 | | lr=2.50e-04
Epoch 168 | train_loss=1.0594e-03 | train_eval_loss=9.0641e-04 | val_loss=9.2281e-04 | | lr=2.50e-04
Epoch 169 | train_loss=1.0558e-03 | train_eval_loss=9.3573e-04 | val_loss=9.5094e-04 | | lr=2.50e-04
Epoch 170 | train_loss=1.0753e-03 | train_eval_loss=9.2267e-04 | val_loss=9.4047e-04 | | lr=2.50e-04
Epoch 171 | train_loss=1.0567e-03 | train_eval_loss=8.9724e-04 | val_loss=9.1237e-04 | | lr=2.50e-04
Epoch 172 | train_loss=1.0473e-03 | train_eval_loss=9.1741e-04 | val_loss=9.3654e-04 | | lr=2.50e-04
Epoch 173 | train_loss=1.0402e-03 | train_eval_loss=8.8290e-04 | val_loss=8.9930e-04 | | lr=1.25e-04
Saved best model to results/thesis_model_results/outputs/feature_relevance_attention/MTLGSH_ATT__mse__minmax__seed42/mtlgsh_att_state_dict_best.pt
Epoch 174 | train_loss=1.0363e-03 | train_eval_loss=9.3294e-04 | val_loss=9.5123e-04 | | lr=1.25e-04
Epoch 175 | train_loss=1.0451e-03 | train_eval_loss=8.9685e-04 | val_loss=9.1340e-04 | | lr=1.25e-04
Epoch 176 | train_loss=1.0398e-03 | train_eval_loss=8.7804e-04 | val_loss=8.9566e-04 | | lr=1.25e-04
Saved best model to results/thesis_model_results/outputs/feature_relevance_attention/MTLGSH_ATT__mse__minmax__seed42/mtlgsh_att_state_dict_best.pt
Epoch 177 | train_loss=1.0372e-03 | train_eval_loss=8.9077e-04 | val_loss=9.1083e-04 | | lr=1.25e-04
Epoch 178 | train_loss=1.0377e-03 | train_eval_loss=8.8322e-04 | val_loss=8.9965e-04 | | lr=1.25e-04
Epoch 179 | train_loss=1.0280e-03 | train_eval_loss=8.7703e-04 | val_loss=8.9371e-04 | | lr=1.25e-04
Saved best model to results/thesis_model_results/outputs/feature_relevance_attention/MTLGSH_ATT__mse__minmax__seed42/mtlgsh_att_state_dict_best.pt
Epoch 180 | train_loss=1.0384e-03 | train_eval_loss=8.7592e-04 | val_loss=8.9159e-04 | | lr=1.25e-04
Saved best model to results/thesis_model_results/outputs/feature_relevance_attention/MTLGSH_ATT__mse__minmax__seed42/mtlgsh_att_state_dict_best.pt
Epoch 181 | train_loss=1.0416e-03 | train_eval_loss=9.0768e-04 | val_loss=9.2595e-04 | | lr=1.25e-04
Epoch 182 | train_loss=1.0403e-03 | train_eval_loss=8.8519e-04 | val_loss=9.0279e-04 | | lr=1.25e-04
Epoch 183 | train_loss=1.0281e-03 | train_eval_loss=8.8255e-04 | val_loss=8.9975e-04 | | lr=1.25e-04
Epoch 184 | train_loss=1.0360e-03 | train_eval_loss=9.2199e-04 | val_loss=9.4034e-04 | | lr=1.25e-04
Epoch 185 | train_loss=1.0501e-03 | train_eval_loss=8.8442e-04 | val_loss=9.0061e-04 | | lr=1.25e-04
Epoch 186 | train_loss=1.0306e-03 | train_eval_loss=8.7314e-04 | val_loss=8.8867e-04 | | lr=1.25e-04
Saved best model to results/thesis_model_results/outputs/feature_relevance_attention/MTLGSH_ATT__mse__minmax__seed42/mtlgsh_att_state_dict_best.pt
Epoch 187 | train_loss=1.0352e-03 | train_eval_loss=8.7866e-04 | val_loss=8.9371e-04 | | lr=1.25e-04
Epoch 188 | train_loss=1.0238e-03 | train_eval_loss=8.8046e-04 | val_loss=8.9698e-04 | | lr=1.25e-04
Epoch 189 | train_loss=1.0323e-03 | train_eval_loss=8.7843e-04 | val_loss=8.9653e-04 | | lr=1.25e-04
Epoch 190 | train_loss=1.0255e-03 | train_eval_loss=9.0848e-04 | val_loss=9.2443e-04 | | lr=1.25e-04
Epoch 191 | train_loss=1.0355e-03 | train_eval_loss=8.6599e-04 | val_loss=8.8364e-04 | | lr=1.25e-04
Saved best model to results/thesis_model_results/outputs/feature_relevance_attention/MTLGSH_ATT__mse__minmax__seed42/mtlgsh_att_state_dict_best.pt
Epoch 192 | train_loss=1.0275e-03 | train_eval_loss=9.2038e-04 | val_loss=9.4030e-04 | | lr=1.25e-04
Epoch 193 | train_loss=1.0302e-03 | train_eval_loss=8.6917e-04 | val_loss=8.8713e-04 | | lr=1.25e-04
Epoch 194 | train_loss=1.0349e-03 | train_eval_loss=8.7720e-04 | val_loss=8.9557e-04 | | lr=1.25e-04
Epoch 195 | train_loss=1.0281e-03 | train_eval_loss=9.1200e-04 | val_loss=9.2565e-04 | | lr=1.25e-04
Epoch 196 | train_loss=1.0267e-03 | train_eval_loss=8.7259e-04 | val_loss=8.9131e-04 | | lr=1.25e-04
Epoch 197 | train_loss=1.0232e-03 | train_eval_loss=9.1341e-04 | val_loss=9.3257e-04 | | lr=1.25e-04
Epoch 198 | train_loss=1.0306e-03 | train_eval_loss=9.0648e-04 | val_loss=9.2401e-04 | | lr=1.25e-04
Epoch 199 | train_loss=1.0245e-03 | train_eval_loss=8.6723e-04 | val_loss=8.8485e-04 | | lr=1.25e-04
Epoch 200 | train_loss=1.0236e-03 | train_eval_loss=8.9012e-04 | val_loss=9.1074e-04 | | lr=1.25e-04
Saved training logs to results/thesis_model_results/outputs/feature_relevance_attention/MTLGSH_ATT__mse__minmax__seed42/training_summary.txt
Test RMSE(rocof_COI) = 0.0200 | norm: 0.0152 | real_diff: 0.0137
Test RMSE(dev_COI) = 0.0411 | norm: 0.0153 | real_diff: 0.0240
Test RMSE(Delta_P_IBR_1) = 0.2049 | norm: 0.0323 | real_diff: 0.1465
Test RMSE(Delta_P_IBR_2) = 0.2236 | norm: 0.0311 | real_diff: 0.1583
Test RMSE(Delta_P_IBR_3) = 0.2263 | norm: 0.0397 | real_diff: 0.1320
Test RMSE(Delta_P_IBR_4) = 0.3441 | norm: 0.0356 | real_diff: 0.2465
Saved RMSE results to results/thesis_model_results/outputs/feature_relevance_attention/MTLGSH_ATT__mse__minmax__seed42/rmse_results.txt
Saved detailed metrics to results/thesis_model_results/outputs/feature_relevance_attention/MTLGSH_ATT__mse__minmax__seed42/metrics_by_target.csv
Saved aggregate metrics to results/thesis_model_results/outputs/feature_relevance_attention/MTLGSH_ATT__mse__minmax__seed42/metrics_summary.json
Saved loss curves to results/thesis_model_results/outputs/feature_relevance_attention/MTLGSH_ATT__mse__minmax__seed42/loss_curve.png
Saved scatter plot results/thesis_model_results/outputs/feature_relevance_attention/MTLGSH_ATT__mse__minmax__seed42/scatter_rocof_COI.png
Saved scatter plot results/thesis_model_results/outputs/feature_relevance_attention/MTLGSH_ATT__mse__minmax__seed42/scatter_dev_COI.png
Saved scatter plot results/thesis_model_results/outputs/feature_relevance_attention/MTLGSH_ATT__mse__minmax__seed42/scatter_Delta_P_IBR_1.png
Saved scatter plot results/thesis_model_results/outputs/feature_relevance_attention/MTLGSH_ATT__mse__minmax__seed42/scatter_Delta_P_IBR_2.png
Saved scatter plot results/thesis_model_results/outputs/feature_relevance_attention/MTLGSH_ATT__mse__minmax__seed42/scatter_Delta_P_IBR_3.png
Saved scatter plot results/thesis_model_results/outputs/feature_relevance_attention/MTLGSH_ATT__mse__minmax__seed42/scatter_Delta_P_IBR_4.png
Saved model to results/thesis_model_results/outputs/feature_relevance_attention/MTLGSH_ATT__mse__minmax__seed42/mtlgsh_att_state_dict.pt
Loss type: mse | weights=[]
Target stats (scaled):
train mean=[0.549  0.589  0.492  0.4884 0.4785 0.4192]
train std=[0.1365 0.1371 0.1141 0.1063 0.1158 0.1138]
train q05=[0.3074 0.3979 0.3192 0.303  0.3347 0.2205]
train q95=[0.7933 0.8652 0.6719 0.6491 0.6927 0.6016]
val mean=[0.5473 0.5873 0.4922 0.4893 0.4798 0.4201]
val std=[0.1343 0.1348 0.1123 0.1072 0.1141 0.1112]
val q05=[0.3103 0.3982 0.3195 0.303  0.3376 0.2251]
val q95=[0.7886 0.8626 0.6731 0.6514 0.6918 0.5984]
val/train std ratio=[0.984  0.9828 0.9844 1.0084 0.9848 0.9772]
LR scheduler: ReduceLROnPlateau (factor=0.5, patience=8, min_lr=1e-07)
Epoch 001 | train_loss=3.1634e-02 | train_eval_loss=1.3962e-02 | val_loss=1.3580e-02 | | lr=1.00e-03
Saved best model to results/thesis_model_results/outputs/shortlist_detailed_eval/MLP__mse__minmax__seed42/mlp_state_dict_best.pt
Epoch 002 | train_loss=1.0741e-02 | train_eval_loss=4.6903e-03 | val_loss=4.6251e-03 | | lr=1.00e-03
Saved best model to results/thesis_model_results/outputs/shortlist_detailed_eval/MLP__mse__minmax__seed42/mlp_state_dict_best.pt
Epoch 003 | train_loss=3.8350e-03 | train_eval_loss=3.4604e-03 | val_loss=3.4092e-03 | | lr=1.00e-03
Saved best model to results/thesis_model_results/outputs/shortlist_detailed_eval/MLP__mse__minmax__seed42/mlp_state_dict_best.pt
Epoch 004 | train_loss=3.3530e-03 | train_eval_loss=3.0775e-03 | val_loss=3.0370e-03 | | lr=1.00e-03
Saved best model to results/thesis_model_results/outputs/shortlist_detailed_eval/MLP__mse__minmax__seed42/mlp_state_dict_best.pt
Epoch 005 | train_loss=2.9001e-03 | train_eval_loss=2.6321e-03 | val_loss=2.5877e-03 | | lr=1.00e-03
Saved best model to results/thesis_model_results/outputs/shortlist_detailed_eval/MLP__mse__minmax__seed42/mlp_state_dict_best.pt
Epoch 006 | train_loss=2.4923e-03 | train_eval_loss=2.2499e-03 | val_loss=2.2092e-03 | | lr=1.00e-03
Saved best model to results/thesis_model_results/outputs/shortlist_detailed_eval/MLP__mse__minmax__seed42/mlp_state_dict_best.pt
Epoch 007 | train_loss=2.1571e-03 | train_eval_loss=2.1557e-03 | val_loss=2.1165e-03 | | lr=1.00e-03
Saved best model to results/thesis_model_results/outputs/shortlist_detailed_eval/MLP__mse__minmax__seed42/mlp_state_dict_best.pt
Epoch 008 | train_loss=1.9811e-03 | train_eval_loss=1.9435e-03 | val_loss=1.9058e-03 | | lr=1.00e-03
Saved best model to results/thesis_model_results/outputs/shortlist_detailed_eval/MLP__mse__minmax__seed42/mlp_state_dict_best.pt
Epoch 009 | train_loss=1.8567e-03 | train_eval_loss=1.7611e-03 | val_loss=1.7343e-03 | | lr=1.00e-03
Saved best model to results/thesis_model_results/outputs/shortlist_detailed_eval/MLP__mse__minmax__seed42/mlp_state_dict_best.pt
Epoch 010 | train_loss=1.7228e-03 | train_eval_loss=1.6656e-03 | val_loss=1.6335e-03 | | lr=1.00e-03
Saved best model to results/thesis_model_results/outputs/shortlist_detailed_eval/MLP__mse__minmax__seed42/mlp_state_dict_best.pt
Epoch 011 | train_loss=1.6657e-03 | train_eval_loss=1.6584e-03 | val_loss=1.6277e-03 | | lr=1.00e-03
Saved best model to results/thesis_model_results/outputs/shortlist_detailed_eval/MLP__mse__minmax__seed42/mlp_state_dict_best.pt
Epoch 012 | train_loss=1.6198e-03 | train_eval_loss=1.5315e-03 | val_loss=1.4997e-03 | | lr=1.00e-03
Saved best model to results/thesis_model_results/outputs/shortlist_detailed_eval/MLP__mse__minmax__seed42/mlp_state_dict_best.pt
Epoch 013 | train_loss=1.5954e-03 | train_eval_loss=1.6471e-03 | val_loss=1.6167e-03 | | lr=1.00e-03
Epoch 014 | train_loss=1.5155e-03 | train_eval_loss=1.4921e-03 | val_loss=1.4678e-03 | | lr=1.00e-03
Saved best model to results/thesis_model_results/outputs/shortlist_detailed_eval/MLP__mse__minmax__seed42/mlp_state_dict_best.pt
Epoch 015 | train_loss=1.4612e-03 | train_eval_loss=1.4657e-03 | val_loss=1.4403e-03 | | lr=1.00e-03
Saved best model to results/thesis_model_results/outputs/shortlist_detailed_eval/MLP__mse__minmax__seed42/mlp_state_dict_best.pt
Epoch 016 | train_loss=1.4379e-03 | train_eval_loss=1.4918e-03 | val_loss=1.4706e-03 | | lr=1.00e-03
Epoch 017 | train_loss=1.4335e-03 | train_eval_loss=1.3490e-03 | val_loss=1.3258e-03 | | lr=1.00e-03
Saved best model to results/thesis_model_results/outputs/shortlist_detailed_eval/MLP__mse__minmax__seed42/mlp_state_dict_best.pt
Epoch 018 | train_loss=1.3959e-03 | train_eval_loss=1.3559e-03 | val_loss=1.3361e-03 | | lr=1.00e-03
Epoch 019 | train_loss=1.3602e-03 | train_eval_loss=1.3493e-03 | val_loss=1.3250e-03 | | lr=1.00e-03
Saved best model to results/thesis_model_results/outputs/shortlist_detailed_eval/MLP__mse__minmax__seed42/mlp_state_dict_best.pt
Epoch 020 | train_loss=1.3388e-03 | train_eval_loss=1.2658e-03 | val_loss=1.2494e-03 | | lr=1.00e-03
Saved best model to results/thesis_model_results/outputs/shortlist_detailed_eval/MLP__mse__minmax__seed42/mlp_state_dict_best.pt
Epoch 021 | train_loss=1.2910e-03 | train_eval_loss=1.2288e-03 | val_loss=1.2148e-03 | | lr=1.00e-03
Saved best model to results/thesis_model_results/outputs/shortlist_detailed_eval/MLP__mse__minmax__seed42/mlp_state_dict_best.pt
Epoch 022 | train_loss=1.2540e-03 | train_eval_loss=1.2233e-03 | val_loss=1.2067e-03 | | lr=1.00e-03
Saved best model to results/thesis_model_results/outputs/shortlist_detailed_eval/MLP__mse__minmax__seed42/mlp_state_dict_best.pt
Epoch 023 | train_loss=1.2628e-03 | train_eval_loss=1.2192e-03 | val_loss=1.2066e-03 | | lr=1.00e-03
Saved best model to results/thesis_model_results/outputs/shortlist_detailed_eval/MLP__mse__minmax__seed42/mlp_state_dict_best.pt
Epoch 024 | train_loss=1.2408e-03 | train_eval_loss=1.1653e-03 | val_loss=1.1505e-03 | | lr=1.00e-03
Saved best model to results/thesis_model_results/outputs/shortlist_detailed_eval/MLP__mse__minmax__seed42/mlp_state_dict_best.pt
Epoch 025 | train_loss=1.2016e-03 | train_eval_loss=1.1609e-03 | val_loss=1.1454e-03 | | lr=1.00e-03
Saved best model to results/thesis_model_results/outputs/shortlist_detailed_eval/MLP__mse__minmax__seed42/mlp_state_dict_best.pt
Epoch 026 | train_loss=1.2227e-03 | train_eval_loss=1.2025e-03 | val_loss=1.1899e-03 | | lr=1.00e-03
Epoch 027 | train_loss=1.1827e-03 | train_eval_loss=1.1619e-03 | val_loss=1.1521e-03 | | lr=1.00e-03
Epoch 028 | train_loss=1.1656e-03 | train_eval_loss=1.2376e-03 | val_loss=1.2293e-03 | | lr=1.00e-03
Epoch 029 | train_loss=1.1476e-03 | train_eval_loss=1.0902e-03 | val_loss=1.0740e-03 | | lr=1.00e-03
Saved best model to results/thesis_model_results/outputs/shortlist_detailed_eval/MLP__mse__minmax__seed42/mlp_state_dict_best.pt
Epoch 030 | train_loss=1.1334e-03 | train_eval_loss=1.1669e-03 | val_loss=1.1486e-03 | | lr=1.00e-03
Epoch 031 | train_loss=1.0938e-03 | train_eval_loss=1.1409e-03 | val_loss=1.1324e-03 | | lr=1.00e-03
Epoch 032 | train_loss=1.0926e-03 | train_eval_loss=1.1190e-03 | val_loss=1.1093e-03 | | lr=1.00e-03
Epoch 033 | train_loss=1.0952e-03 | train_eval_loss=1.0330e-03 | val_loss=1.0223e-03 | | lr=1.00e-03
Saved best model to results/thesis_model_results/outputs/shortlist_detailed_eval/MLP__mse__minmax__seed42/mlp_state_dict_best.pt
Epoch 034 | train_loss=1.0715e-03 | train_eval_loss=1.2395e-03 | val_loss=1.2264e-03 | | lr=1.00e-03
Epoch 035 | train_loss=1.0684e-03 | train_eval_loss=1.1570e-03 | val_loss=1.1407e-03 | | lr=1.00e-03
Epoch 036 | train_loss=1.0753e-03 | train_eval_loss=1.0282e-03 | val_loss=1.0207e-03 | | lr=1.00e-03
Saved best model to results/thesis_model_results/outputs/shortlist_detailed_eval/MLP__mse__minmax__seed42/mlp_state_dict_best.pt
Epoch 037 | train_loss=1.0365e-03 | train_eval_loss=9.9509e-04 | val_loss=9.8403e-04 | | lr=1.00e-03
Saved best model to results/thesis_model_results/outputs/shortlist_detailed_eval/MLP__mse__minmax__seed42/mlp_state_dict_best.pt
Epoch 038 | train_loss=1.0207e-03 | train_eval_loss=1.0331e-03 | val_loss=1.0222e-03 | | lr=1.00e-03
Epoch 039 | train_loss=9.9134e-04 | train_eval_loss=9.4183e-04 | val_loss=9.3764e-04 | | lr=1.00e-03
Saved best model to results/thesis_model_results/outputs/shortlist_detailed_eval/MLP__mse__minmax__seed42/mlp_state_dict_best.pt
Epoch 040 | train_loss=9.5397e-04 | train_eval_loss=1.0436e-03 | val_loss=1.0309e-03 | | lr=1.00e-03
Epoch 041 | train_loss=9.6804e-04 | train_eval_loss=1.0499e-03 | val_loss=1.0426e-03 | | lr=1.00e-03
Epoch 042 | train_loss=9.6950e-04 | train_eval_loss=9.6368e-04 | val_loss=9.5863e-04 | | lr=1.00e-03
Epoch 043 | train_loss=9.7172e-04 | train_eval_loss=9.4476e-04 | val_loss=9.3754e-04 | | lr=1.00e-03
Saved best model to results/thesis_model_results/outputs/shortlist_detailed_eval/MLP__mse__minmax__seed42/mlp_state_dict_best.pt
Epoch 044 | train_loss=9.6215e-04 | train_eval_loss=8.9064e-04 | val_loss=8.8428e-04 | | lr=1.00e-03
Saved best model to results/thesis_model_results/outputs/shortlist_detailed_eval/MLP__mse__minmax__seed42/mlp_state_dict_best.pt
Epoch 045 | train_loss=9.0080e-04 | train_eval_loss=9.1568e-04 | val_loss=9.0986e-04 | | lr=1.00e-03
Epoch 046 | train_loss=9.0166e-04 | train_eval_loss=8.8107e-04 | val_loss=8.7320e-04 | | lr=1.00e-03
Saved best model to results/thesis_model_results/outputs/shortlist_detailed_eval/MLP__mse__minmax__seed42/mlp_state_dict_best.pt
Epoch 047 | train_loss=8.8078e-04 | train_eval_loss=8.9464e-04 | val_loss=8.8928e-04 | | lr=1.00e-03
Epoch 048 | train_loss=9.0335e-04 | train_eval_loss=8.4878e-04 | val_loss=8.4478e-04 | | lr=1.00e-03
Saved best model to results/thesis_model_results/outputs/shortlist_detailed_eval/MLP__mse__minmax__seed42/mlp_state_dict_best.pt
Epoch 049 | train_loss=8.9552e-04 | train_eval_loss=9.0583e-04 | val_loss=9.0496e-04 | | lr=1.00e-03
Epoch 050 | train_loss=8.3150e-04 | train_eval_loss=8.2284e-04 | val_loss=8.2278e-04 | | lr=1.00e-03
Saved best model to results/thesis_model_results/outputs/shortlist_detailed_eval/MLP__mse__minmax__seed42/mlp_state_dict_best.pt
Epoch 051 | train_loss=8.7797e-04 | train_eval_loss=8.9669e-04 | val_loss=8.9710e-04 | | lr=1.00e-03
Epoch 052 | train_loss=8.5372e-04 | train_eval_loss=7.7085e-04 | val_loss=7.7359e-04 | | lr=1.00e-03
Saved best model to results/thesis_model_results/outputs/shortlist_detailed_eval/MLP__mse__minmax__seed42/mlp_state_dict_best.pt
Epoch 053 | train_loss=8.0823e-04 | train_eval_loss=7.9678e-04 | val_loss=7.9713e-04 | | lr=1.00e-03
Epoch 054 | train_loss=7.8891e-04 | train_eval_loss=7.8117e-04 | val_loss=7.8036e-04 | | lr=1.00e-03
Epoch 055 | train_loss=8.1450e-04 | train_eval_loss=1.0001e-03 | val_loss=9.9330e-04 | | lr=1.00e-03
Epoch 056 | train_loss=7.8389e-04 | train_eval_loss=8.0856e-04 | val_loss=8.1033e-04 | | lr=1.00e-03
Epoch 057 | train_loss=7.8066e-04 | train_eval_loss=7.4211e-04 | val_loss=7.4707e-04 | | lr=1.00e-03
Saved best model to results/thesis_model_results/outputs/shortlist_detailed_eval/MLP__mse__minmax__seed42/mlp_state_dict_best.pt
Epoch 058 | train_loss=7.7117e-04 | train_eval_loss=7.3180e-04 | val_loss=7.3410e-04 | | lr=1.00e-03
Saved best model to results/thesis_model_results/outputs/shortlist_detailed_eval/MLP__mse__minmax__seed42/mlp_state_dict_best.pt
Epoch 059 | train_loss=7.3862e-04 | train_eval_loss=7.4348e-04 | val_loss=7.4524e-04 | | lr=1.00e-03
Epoch 060 | train_loss=7.4441e-04 | train_eval_loss=7.1886e-04 | val_loss=7.2296e-04 | | lr=1.00e-03
Saved best model to results/thesis_model_results/outputs/shortlist_detailed_eval/MLP__mse__minmax__seed42/mlp_state_dict_best.pt
Epoch 061 | train_loss=7.4620e-04 | train_eval_loss=7.4302e-04 | val_loss=7.4741e-04 | | lr=1.00e-03
Epoch 062 | train_loss=7.4183e-04 | train_eval_loss=9.0712e-04 | val_loss=9.0888e-04 | | lr=1.00e-03
Epoch 063 | train_loss=7.9484e-04 | train_eval_loss=7.1322e-04 | val_loss=7.1188e-04 | | lr=1.00e-03
Saved best model to results/thesis_model_results/outputs/shortlist_detailed_eval/MLP__mse__minmax__seed42/mlp_state_dict_best.pt
Epoch 064 | train_loss=7.3532e-04 | train_eval_loss=7.1651e-04 | val_loss=7.2165e-04 | | lr=1.00e-03
Epoch 065 | train_loss=7.2592e-04 | train_eval_loss=6.7625e-04 | val_loss=6.8468e-04 | | lr=1.00e-03
Saved best model to results/thesis_model_results/outputs/shortlist_detailed_eval/MLP__mse__minmax__seed42/mlp_state_dict_best.pt
Epoch 066 | train_loss=6.9276e-04 | train_eval_loss=6.8109e-04 | val_loss=6.9024e-04 | | lr=1.00e-03
Epoch 067 | train_loss=7.3398e-04 | train_eval_loss=7.4581e-04 | val_loss=7.5837e-04 | | lr=1.00e-03
Epoch 068 | train_loss=6.9249e-04 | train_eval_loss=8.2154e-04 | val_loss=8.2804e-04 | | lr=1.00e-03
Epoch 069 | train_loss=7.1031e-04 | train_eval_loss=7.4874e-04 | val_loss=7.6188e-04 | | lr=1.00e-03
Epoch 070 | train_loss=6.7820e-04 | train_eval_loss=6.6687e-04 | val_loss=6.7244e-04 | | lr=1.00e-03
Saved best model to results/thesis_model_results/outputs/shortlist_detailed_eval/MLP__mse__minmax__seed42/mlp_state_dict_best.pt
Epoch 071 | train_loss=6.9613e-04 | train_eval_loss=6.5859e-04 | val_loss=6.6415e-04 | | lr=1.00e-03
Saved best model to results/thesis_model_results/outputs/shortlist_detailed_eval/MLP__mse__minmax__seed42/mlp_state_dict_best.pt
Epoch 072 | train_loss=6.9809e-04 | train_eval_loss=7.8310e-04 | val_loss=7.8904e-04 | | lr=1.00e-03
Epoch 073 | train_loss=6.9437e-04 | train_eval_loss=6.3792e-04 | val_loss=6.5024e-04 | | lr=1.00e-03
Saved best model to results/thesis_model_results/outputs/shortlist_detailed_eval/MLP__mse__minmax__seed42/mlp_state_dict_best.pt
Epoch 074 | train_loss=6.7404e-04 | train_eval_loss=7.1182e-04 | val_loss=7.1770e-04 | | lr=1.00e-03
Epoch 075 | train_loss=6.4655e-04 | train_eval_loss=6.9797e-04 | val_loss=6.9832e-04 | | lr=1.00e-03
Epoch 076 | train_loss=6.9446e-04 | train_eval_loss=6.5115e-04 | val_loss=6.5636e-04 | | lr=1.00e-03
Epoch 077 | train_loss=6.8961e-04 | train_eval_loss=6.2624e-04 | val_loss=6.3314e-04 | | lr=1.00e-03
Saved best model to results/thesis_model_results/outputs/shortlist_detailed_eval/MLP__mse__minmax__seed42/mlp_state_dict_best.pt
Epoch 078 | train_loss=6.6007e-04 | train_eval_loss=6.7941e-04 | val_loss=6.8547e-04 | | lr=1.00e-03
Epoch 079 | train_loss=6.5587e-04 | train_eval_loss=7.3228e-04 | val_loss=7.3853e-04 | | lr=1.00e-03
Epoch 080 | train_loss=7.0258e-04 | train_eval_loss=8.4139e-04 | val_loss=8.5517e-04 | | lr=1.00e-03
Epoch 081 | train_loss=6.8873e-04 | train_eval_loss=6.3406e-04 | val_loss=6.4124e-04 | | lr=1.00e-03
Epoch 082 | train_loss=6.4370e-04 | train_eval_loss=6.2574e-04 | val_loss=6.3576e-04 | | lr=1.00e-03
Epoch 083 | train_loss=6.2659e-04 | train_eval_loss=6.2871e-04 | val_loss=6.4015e-04 | | lr=1.00e-03
Epoch 084 | train_loss=6.3556e-04 | train_eval_loss=6.1540e-04 | val_loss=6.2838e-04 | | lr=1.00e-03
Saved best model to results/thesis_model_results/outputs/shortlist_detailed_eval/MLP__mse__minmax__seed42/mlp_state_dict_best.pt
Epoch 085 | train_loss=6.4098e-04 | train_eval_loss=6.0449e-04 | val_loss=6.1374e-04 | | lr=1.00e-03
Saved best model to results/thesis_model_results/outputs/shortlist_detailed_eval/MLP__mse__minmax__seed42/mlp_state_dict_best.pt
Epoch 086 | train_loss=6.6303e-04 | train_eval_loss=6.7642e-04 | val_loss=6.7956e-04 | | lr=1.00e-03
Epoch 087 | train_loss=6.3998e-04 | train_eval_loss=6.4469e-04 | val_loss=6.5057e-04 | | lr=1.00e-03
Epoch 088 | train_loss=6.5476e-04 | train_eval_loss=5.9176e-04 | val_loss=6.0426e-04 | | lr=1.00e-03
Saved best model to results/thesis_model_results/outputs/shortlist_detailed_eval/MLP__mse__minmax__seed42/mlp_state_dict_best.pt
Epoch 089 | train_loss=6.2868e-04 | train_eval_loss=6.6199e-04 | val_loss=6.7177e-04 | | lr=1.00e-03
Epoch 090 | train_loss=6.2913e-04 | train_eval_loss=6.4088e-04 | val_loss=6.5271e-04 | | lr=1.00e-03
Epoch 091 | train_loss=6.1452e-04 | train_eval_loss=6.3340e-04 | val_loss=6.4190e-04 | | lr=1.00e-03
Epoch 092 | train_loss=6.2202e-04 | train_eval_loss=6.2144e-04 | val_loss=6.3239e-04 | | lr=1.00e-03
Epoch 093 | train_loss=6.1578e-04 | train_eval_loss=7.5557e-04 | val_loss=7.6607e-04 | | lr=1.00e-03
Epoch 094 | train_loss=6.3411e-04 | train_eval_loss=6.3283e-04 | val_loss=6.3987e-04 | | lr=1.00e-03
Epoch 095 | train_loss=6.1910e-04 | train_eval_loss=6.5790e-04 | val_loss=6.6485e-04 | | lr=1.00e-03
Epoch 096 | train_loss=6.0521e-04 | train_eval_loss=6.7432e-04 | val_loss=6.8533e-04 | | lr=1.00e-03
Epoch 097 | train_loss=6.3153e-04 | train_eval_loss=5.8455e-04 | val_loss=6.0144e-04 | | lr=1.00e-03
Saved best model to results/thesis_model_results/outputs/shortlist_detailed_eval/MLP__mse__minmax__seed42/mlp_state_dict_best.pt
Epoch 098 | train_loss=6.0449e-04 | train_eval_loss=5.7057e-04 | val_loss=5.8958e-04 | | lr=1.00e-03
Saved best model to results/thesis_model_results/outputs/shortlist_detailed_eval/MLP__mse__minmax__seed42/mlp_state_dict_best.pt
Epoch 099 | train_loss=6.1443e-04 | train_eval_loss=6.0609e-04 | val_loss=6.2789e-04 | | lr=1.00e-03
Epoch 100 | train_loss=6.1346e-04 | train_eval_loss=5.6369e-04 | val_loss=5.7848e-04 | | lr=1.00e-03
Saved best model to results/thesis_model_results/outputs/shortlist_detailed_eval/MLP__mse__minmax__seed42/mlp_state_dict_best.pt
Epoch 101 | train_loss=5.9806e-04 | train_eval_loss=6.3939e-04 | val_loss=6.5255e-04 | | lr=1.00e-03
Epoch 102 | train_loss=5.9248e-04 | train_eval_loss=5.9316e-04 | val_loss=6.1257e-04 | | lr=1.00e-03
Epoch 103 | train_loss=5.9030e-04 | train_eval_loss=6.7373e-04 | val_loss=6.9296e-04 | | lr=1.00e-03
Epoch 104 | train_loss=6.0148e-04 | train_eval_loss=5.8594e-04 | val_loss=6.0416e-04 | | lr=1.00e-03
Epoch 105 | train_loss=5.9180e-04 | train_eval_loss=5.6622e-04 | val_loss=5.8616e-04 | | lr=1.00e-03
Epoch 106 | train_loss=6.0560e-04 | train_eval_loss=5.8896e-04 | val_loss=6.0960e-04 | | lr=1.00e-03
Epoch 107 | train_loss=6.1233e-04 | train_eval_loss=5.5557e-04 | val_loss=5.7273e-04 | | lr=1.00e-03
Saved best model to results/thesis_model_results/outputs/shortlist_detailed_eval/MLP__mse__minmax__seed42/mlp_state_dict_best.pt
Epoch 108 | train_loss=5.5542e-04 | train_eval_loss=5.3876e-04 | val_loss=5.5612e-04 | | lr=1.00e-03
Saved best model to results/thesis_model_results/outputs/shortlist_detailed_eval/MLP__mse__minmax__seed42/mlp_state_dict_best.pt
Epoch 109 | train_loss=5.6283e-04 | train_eval_loss=5.3719e-04 | val_loss=5.5921e-04 | | lr=1.00e-03
Epoch 110 | train_loss=5.5477e-04 | train_eval_loss=5.6515e-04 | val_loss=5.8695e-04 | | lr=1.00e-03
Epoch 111 | train_loss=6.1008e-04 | train_eval_loss=6.0132e-04 | val_loss=6.0996e-04 | | lr=1.00e-03
Epoch 112 | train_loss=5.8702e-04 | train_eval_loss=5.8559e-04 | val_loss=5.9648e-04 | | lr=1.00e-03
Epoch 113 | train_loss=5.7582e-04 | train_eval_loss=7.0964e-04 | val_loss=7.2950e-04 | | lr=1.00e-03
Epoch 114 | train_loss=5.8881e-04 | train_eval_loss=5.3056e-04 | val_loss=5.4908e-04 | | lr=1.00e-03
Saved best model to results/thesis_model_results/outputs/shortlist_detailed_eval/MLP__mse__minmax__seed42/mlp_state_dict_best.pt
Epoch 115 | train_loss=5.6298e-04 | train_eval_loss=5.4104e-04 | val_loss=5.5944e-04 | | lr=1.00e-03
Epoch 116 | train_loss=5.5827e-04 | train_eval_loss=5.4332e-04 | val_loss=5.6427e-04 | | lr=1.00e-03
Epoch 117 | train_loss=5.7157e-04 | train_eval_loss=6.3108e-04 | val_loss=6.4830e-04 | | lr=1.00e-03
Epoch 118 | train_loss=5.8663e-04 | train_eval_loss=5.6936e-04 | val_loss=5.9097e-04 | | lr=1.00e-03
Epoch 119 | train_loss=5.5559e-04 | train_eval_loss=6.3092e-04 | val_loss=6.5277e-04 | | lr=1.00e-03
Epoch 120 | train_loss=5.9103e-04 | train_eval_loss=5.0931e-04 | val_loss=5.3178e-04 | | lr=1.00e-03
Saved best model to results/thesis_model_results/outputs/shortlist_detailed_eval/MLP__mse__minmax__seed42/mlp_state_dict_best.pt
Epoch 121 | train_loss=5.5565e-04 | train_eval_loss=5.0850e-04 | val_loss=5.2786e-04 | | lr=1.00e-03
Saved best model to results/thesis_model_results/outputs/shortlist_detailed_eval/MLP__mse__minmax__seed42/mlp_state_dict_best.pt
Epoch 122 | train_loss=5.7474e-04 | train_eval_loss=5.5994e-04 | val_loss=5.8257e-04 | | lr=1.00e-03
Epoch 123 | train_loss=5.6501e-04 | train_eval_loss=5.3459e-04 | val_loss=5.5589e-04 | | lr=1.00e-03
Epoch 124 | train_loss=5.4165e-04 | train_eval_loss=5.5529e-04 | val_loss=5.7749e-04 | | lr=1.00e-03
Epoch 125 | train_loss=5.6112e-04 | train_eval_loss=5.7335e-04 | val_loss=5.9995e-04 | | lr=1.00e-03
Epoch 126 | train_loss=5.3549e-04 | train_eval_loss=5.0760e-04 | val_loss=5.2603e-04 | | lr=1.00e-03
Saved best model to results/thesis_model_results/outputs/shortlist_detailed_eval/MLP__mse__minmax__seed42/mlp_state_dict_best.pt
Epoch 127 | train_loss=5.6608e-04 | train_eval_loss=5.1909e-04 | val_loss=5.4894e-04 | | lr=1.00e-03
Epoch 128 | train_loss=5.3954e-04 | train_eval_loss=5.2132e-04 | val_loss=5.4199e-04 | | lr=1.00e-03
Epoch 129 | train_loss=5.1212e-04 | train_eval_loss=4.8659e-04 | val_loss=5.1022e-04 | | lr=1.00e-03
Saved best model to results/thesis_model_results/outputs/shortlist_detailed_eval/MLP__mse__minmax__seed42/mlp_state_dict_best.pt
Epoch 130 | train_loss=5.2370e-04 | train_eval_loss=4.8046e-04 | val_loss=5.0645e-04 | | lr=1.00e-03
Saved best model to results/thesis_model_results/outputs/shortlist_detailed_eval/MLP__mse__minmax__seed42/mlp_state_dict_best.pt
Epoch 131 | train_loss=5.2188e-04 | train_eval_loss=4.9598e-04 | val_loss=5.2143e-04 | | lr=1.00e-03
Epoch 132 | train_loss=5.2708e-04 | train_eval_loss=6.3721e-04 | val_loss=6.7551e-04 | | lr=1.00e-03
Epoch 133 | train_loss=5.9686e-04 | train_eval_loss=4.9907e-04 | val_loss=5.2560e-04 | | lr=1.00e-03
Epoch 134 | train_loss=5.8597e-04 | train_eval_loss=5.1365e-04 | val_loss=5.4034e-04 | | lr=1.00e-03
Epoch 135 | train_loss=5.0306e-04 | train_eval_loss=5.2524e-04 | val_loss=5.5602e-04 | | lr=1.00e-03
Epoch 136 | train_loss=4.9696e-04 | train_eval_loss=5.6619e-04 | val_loss=5.8677e-04 | | lr=1.00e-03
Epoch 137 | train_loss=5.5669e-04 | train_eval_loss=4.8683e-04 | val_loss=5.1425e-04 | | lr=1.00e-03
Epoch 138 | train_loss=5.1877e-04 | train_eval_loss=5.5937e-04 | val_loss=5.8309e-04 | | lr=1.00e-03
Epoch 139 | train_loss=5.2886e-04 | train_eval_loss=4.9252e-04 | val_loss=5.2525e-04 | | lr=1.00e-03
Epoch 140 | train_loss=4.6335e-04 | train_eval_loss=4.3811e-04 | val_loss=4.7020e-04 | | lr=5.00e-04
Saved best model to results/thesis_model_results/outputs/shortlist_detailed_eval/MLP__mse__minmax__seed42/mlp_state_dict_best.pt
Epoch 141 | train_loss=4.3931e-04 | train_eval_loss=4.2805e-04 | val_loss=4.6270e-04 | | lr=5.00e-04
Saved best model to results/thesis_model_results/outputs/shortlist_detailed_eval/MLP__mse__minmax__seed42/mlp_state_dict_best.pt
Epoch 142 | train_loss=4.4290e-04 | train_eval_loss=4.4248e-04 | val_loss=4.7764e-04 | | lr=5.00e-04
Epoch 143 | train_loss=4.3849e-04 | train_eval_loss=4.3092e-04 | val_loss=4.6617e-04 | | lr=5.00e-04
Epoch 144 | train_loss=4.3097e-04 | train_eval_loss=4.2585e-04 | val_loss=4.6129e-04 | | lr=5.00e-04
Saved best model to results/thesis_model_results/outputs/shortlist_detailed_eval/MLP__mse__minmax__seed42/mlp_state_dict_best.pt
Epoch 145 | train_loss=4.5610e-04 | train_eval_loss=4.4862e-04 | val_loss=4.8386e-04 | | lr=5.00e-04
Epoch 146 | train_loss=4.4714e-04 | train_eval_loss=4.4149e-04 | val_loss=4.8163e-04 | | lr=5.00e-04
Epoch 147 | train_loss=4.4559e-04 | train_eval_loss=4.3823e-04 | val_loss=4.6756e-04 | | lr=5.00e-04
Epoch 148 | train_loss=4.4619e-04 | train_eval_loss=4.3852e-04 | val_loss=4.7747e-04 | | lr=5.00e-04
Epoch 149 | train_loss=4.4612e-04 | train_eval_loss=4.2242e-04 | val_loss=4.5439e-04 | | lr=5.00e-04
Saved best model to results/thesis_model_results/outputs/shortlist_detailed_eval/MLP__mse__minmax__seed42/mlp_state_dict_best.pt
Epoch 150 | train_loss=4.3245e-04 | train_eval_loss=4.5502e-04 | val_loss=4.9161e-04 | | lr=5.00e-04
Epoch 151 | train_loss=4.4084e-04 | train_eval_loss=4.3183e-04 | val_loss=4.6775e-04 | | lr=5.00e-04
Epoch 152 | train_loss=4.4675e-04 | train_eval_loss=4.6950e-04 | val_loss=5.0526e-04 | | lr=5.00e-04
Epoch 153 | train_loss=4.3429e-04 | train_eval_loss=4.4808e-04 | val_loss=4.8754e-04 | | lr=5.00e-04
Epoch 154 | train_loss=4.5336e-04 | train_eval_loss=4.3366e-04 | val_loss=4.6787e-04 | | lr=5.00e-04
Epoch 155 | train_loss=4.4391e-04 | train_eval_loss=4.5135e-04 | val_loss=4.8306e-04 | | lr=5.00e-04
Epoch 156 | train_loss=4.4532e-04 | train_eval_loss=4.3519e-04 | val_loss=4.7107e-04 | | lr=5.00e-04
Epoch 157 | train_loss=4.4387e-04 | train_eval_loss=4.5343e-04 | val_loss=4.9429e-04 | | lr=5.00e-04
Epoch 158 | train_loss=4.3869e-04 | train_eval_loss=6.2759e-04 | val_loss=6.7145e-04 | | lr=5.00e-04
Epoch 159 | train_loss=4.2472e-04 | train_eval_loss=4.0270e-04 | val_loss=4.4361e-04 | | lr=2.50e-04
Saved best model to results/thesis_model_results/outputs/shortlist_detailed_eval/MLP__mse__minmax__seed42/mlp_state_dict_best.pt
Epoch 160 | train_loss=4.0853e-04 | train_eval_loss=4.0240e-04 | val_loss=4.4417e-04 | | lr=2.50e-04
Epoch 161 | train_loss=4.1052e-04 | train_eval_loss=4.1610e-04 | val_loss=4.5579e-04 | | lr=2.50e-04
Epoch 162 | train_loss=4.0802e-04 | train_eval_loss=3.9514e-04 | val_loss=4.3573e-04 | | lr=2.50e-04
Saved best model to results/thesis_model_results/outputs/shortlist_detailed_eval/MLP__mse__minmax__seed42/mlp_state_dict_best.pt
Epoch 163 | train_loss=4.0282e-04 | train_eval_loss=3.9505e-04 | val_loss=4.3595e-04 | | lr=2.50e-04
Epoch 164 | train_loss=4.0662e-04 | train_eval_loss=4.2037e-04 | val_loss=4.5934e-04 | | lr=2.50e-04
Epoch 165 | train_loss=4.0702e-04 | train_eval_loss=4.0694e-04 | val_loss=4.4510e-04 | | lr=2.50e-04
Epoch 166 | train_loss=4.0475e-04 | train_eval_loss=4.0663e-04 | val_loss=4.4643e-04 | | lr=2.50e-04
Epoch 167 | train_loss=4.0634e-04 | train_eval_loss=4.3122e-04 | val_loss=4.7904e-04 | | lr=2.50e-04
Epoch 168 | train_loss=4.1167e-04 | train_eval_loss=4.2000e-04 | val_loss=4.6478e-04 | | lr=2.50e-04
Epoch 169 | train_loss=4.1021e-04 | train_eval_loss=4.0402e-04 | val_loss=4.4139e-04 | | lr=2.50e-04
Epoch 170 | train_loss=4.0462e-04 | train_eval_loss=4.0129e-04 | val_loss=4.3976e-04 | | lr=2.50e-04
Epoch 171 | train_loss=4.0330e-04 | train_eval_loss=3.9914e-04 | val_loss=4.4177e-04 | | lr=2.50e-04
Epoch 172 | train_loss=3.9446e-04 | train_eval_loss=3.8648e-04 | val_loss=4.2499e-04 | | lr=1.25e-04
Saved best model to results/thesis_model_results/outputs/shortlist_detailed_eval/MLP__mse__minmax__seed42/mlp_state_dict_best.pt
Epoch 173 | train_loss=3.8849e-04 | train_eval_loss=3.8319e-04 | val_loss=4.2703e-04 | | lr=1.25e-04
Epoch 174 | train_loss=3.8733e-04 | train_eval_loss=3.9202e-04 | val_loss=4.3515e-04 | | lr=1.25e-04
Epoch 175 | train_loss=3.8628e-04 | train_eval_loss=3.7941e-04 | val_loss=4.2506e-04 | | lr=1.25e-04
Epoch 176 | train_loss=3.8838e-04 | train_eval_loss=3.8537e-04 | val_loss=4.3090e-04 | | lr=1.25e-04
Epoch 177 | train_loss=3.8728e-04 | train_eval_loss=3.8641e-04 | val_loss=4.3041e-04 | | lr=1.25e-04
Epoch 178 | train_loss=3.8768e-04 | train_eval_loss=3.9105e-04 | val_loss=4.3396e-04 | | lr=1.25e-04
Epoch 179 | train_loss=3.9133e-04 | train_eval_loss=3.8863e-04 | val_loss=4.3659e-04 | | lr=1.25e-04
Epoch 180 | train_loss=3.8786e-04 | train_eval_loss=3.8690e-04 | val_loss=4.3075e-04 | | lr=1.25e-04
Epoch 181 | train_loss=3.8352e-04 | train_eval_loss=3.7947e-04 | val_loss=4.2306e-04 | | lr=1.25e-04
Saved best model to results/thesis_model_results/outputs/shortlist_detailed_eval/MLP__mse__minmax__seed42/mlp_state_dict_best.pt
Epoch 182 | train_loss=3.8508e-04 | train_eval_loss=3.8036e-04 | val_loss=4.2609e-04 | | lr=1.25e-04
Epoch 183 | train_loss=3.8479e-04 | train_eval_loss=3.9007e-04 | val_loss=4.3058e-04 | | lr=1.25e-04
Epoch 184 | train_loss=3.8909e-04 | train_eval_loss=3.8113e-04 | val_loss=4.2448e-04 | | lr=1.25e-04
Epoch 185 | train_loss=3.8573e-04 | train_eval_loss=3.8148e-04 | val_loss=4.2693e-04 | | lr=1.25e-04
Epoch 186 | train_loss=3.8658e-04 | train_eval_loss=3.8813e-04 | val_loss=4.2761e-04 | | lr=1.25e-04
Epoch 187 | train_loss=3.9033e-04 | train_eval_loss=3.9128e-04 | val_loss=4.3226e-04 | | lr=1.25e-04
Epoch 188 | train_loss=3.8733e-04 | train_eval_loss=3.8506e-04 | val_loss=4.3105e-04 | | lr=1.25e-04
Epoch 189 | train_loss=3.8245e-04 | train_eval_loss=3.8809e-04 | val_loss=4.3648e-04 | | lr=1.25e-04
Epoch 190 | train_loss=3.8373e-04 | train_eval_loss=3.7917e-04 | val_loss=4.2523e-04 | | lr=1.25e-04
Epoch 191 | train_loss=3.7623e-04 | train_eval_loss=3.7272e-04 | val_loss=4.1913e-04 | | lr=6.25e-05
Saved best model to results/thesis_model_results/outputs/shortlist_detailed_eval/MLP__mse__minmax__seed42/mlp_state_dict_best.pt
Epoch 192 | train_loss=3.7600e-04 | train_eval_loss=3.7230e-04 | val_loss=4.1655e-04 | | lr=6.25e-05
Saved best model to results/thesis_model_results/outputs/shortlist_detailed_eval/MLP__mse__minmax__seed42/mlp_state_dict_best.pt
Epoch 193 | train_loss=3.7488e-04 | train_eval_loss=3.7140e-04 | val_loss=4.1760e-04 | | lr=6.25e-05
Epoch 194 | train_loss=3.7475e-04 | train_eval_loss=3.6975e-04 | val_loss=4.1772e-04 | | lr=6.25e-05
Epoch 195 | train_loss=3.7509e-04 | train_eval_loss=3.7558e-04 | val_loss=4.2575e-04 | | lr=6.25e-05
Epoch 196 | train_loss=3.7369e-04 | train_eval_loss=3.7165e-04 | val_loss=4.1854e-04 | | lr=6.25e-05
Epoch 197 | train_loss=3.7312e-04 | train_eval_loss=3.7028e-04 | val_loss=4.1563e-04 | | lr=6.25e-05
Saved best model to results/thesis_model_results/outputs/shortlist_detailed_eval/MLP__mse__minmax__seed42/mlp_state_dict_best.pt
Epoch 198 | train_loss=3.7440e-04 | train_eval_loss=3.7024e-04 | val_loss=4.1587e-04 | | lr=6.25e-05
Epoch 199 | train_loss=3.7197e-04 | train_eval_loss=3.7418e-04 | val_loss=4.2301e-04 | | lr=6.25e-05
Epoch 200 | train_loss=3.7267e-04 | train_eval_loss=3.7301e-04 | val_loss=4.1999e-04 | | lr=6.25e-05
Saved training logs to results/thesis_model_results/outputs/shortlist_detailed_eval/MLP__mse__minmax__seed42/training_summary.txt
Test RMSE(rocof_COI) = 0.0150 | norm: 0.0114 | real_diff: 0.0106
Test RMSE(dev_COI) = 0.0287 | norm: 0.0106 | real_diff: 0.0168
Test RMSE(Delta_P_IBR_1) = 0.1266 | norm: 0.0200 | real_diff: 0.0879
Test RMSE(Delta_P_IBR_2) = 0.1262 | norm: 0.0176 | real_diff: 0.0776
Test RMSE(Delta_P_IBR_3) = 0.1860 | norm: 0.0327 | real_diff: 0.0996
Test RMSE(Delta_P_IBR_4) = 0.2019 | norm: 0.0209 | real_diff: 0.1316
Saved RMSE results to results/thesis_model_results/outputs/shortlist_detailed_eval/MLP__mse__minmax__seed42/rmse_results.txt
Saved detailed metrics to results/thesis_model_results/outputs/shortlist_detailed_eval/MLP__mse__minmax__seed42/metrics_by_target.csv
Saved aggregate metrics to results/thesis_model_results/outputs/shortlist_detailed_eval/MLP__mse__minmax__seed42/metrics_summary.json
Saved test predictions to results/thesis_model_results/outputs/shortlist_detailed_eval/MLP__mse__minmax__seed42/test_predictions.csv
Saved loss curves to results/thesis_model_results/outputs/shortlist_detailed_eval/MLP__mse__minmax__seed42/loss_curve.png
Saved scatter plot results/thesis_model_results/outputs/shortlist_detailed_eval/MLP__mse__minmax__seed42/scatter_rocof_COI.png
Saved scatter plot results/thesis_model_results/outputs/shortlist_detailed_eval/MLP__mse__minmax__seed42/scatter_dev_COI.png
Saved scatter plot results/thesis_model_results/outputs/shortlist_detailed_eval/MLP__mse__minmax__seed42/scatter_Delta_P_IBR_1.png
Saved scatter plot results/thesis_model_results/outputs/shortlist_detailed_eval/MLP__mse__minmax__seed42/scatter_Delta_P_IBR_2.png
Saved scatter plot results/thesis_model_results/outputs/shortlist_detailed_eval/MLP__mse__minmax__seed42/scatter_Delta_P_IBR_3.png
Saved scatter plot results/thesis_model_results/outputs/shortlist_detailed_eval/MLP__mse__minmax__seed42/scatter_Delta_P_IBR_4.png
Saved model to results/thesis_model_results/outputs/shortlist_detailed_eval/MLP__mse__minmax__seed42/mlp_state_dict.pt
Loss type: mse | weights=[]
Target stats (scaled):
train mean=[0.549  0.589  0.492  0.4884 0.4785 0.4192]
train std=[0.1365 0.1371 0.1141 0.1063 0.1158 0.1138]
train q05=[0.3074 0.3979 0.3192 0.303  0.3347 0.2205]
train q95=[0.7933 0.8652 0.6719 0.6491 0.6927 0.6016]
val mean=[0.5473 0.5873 0.4922 0.4893 0.4798 0.4201]
val std=[0.1343 0.1348 0.1123 0.1072 0.1141 0.1112]
val q05=[0.3103 0.3982 0.3195 0.303  0.3376 0.2251]
val q95=[0.7886 0.8626 0.6731 0.6514 0.6918 0.5984]
val/train std ratio=[0.984  0.9828 0.9844 1.0084 0.9848 0.9772]
LR scheduler: ReduceLROnPlateau (factor=0.5, patience=8, min_lr=1e-07)
Epoch 001 | train_loss=2.7848e-02 | train_eval_loss=1.4016e-02 | val_loss=1.3638e-02 | | lr=1.00e-03
Saved best model to results/thesis_model_results/outputs/shortlist_detailed_eval/MTLSH__mse__minmax__seed42/mtlsh_state_dict_best.pt
Epoch 002 | train_loss=1.1869e-02 | train_eval_loss=6.6298e-03 | val_loss=6.4836e-03 | | lr=1.00e-03
Saved best model to results/thesis_model_results/outputs/shortlist_detailed_eval/MTLSH__mse__minmax__seed42/mtlsh_state_dict_best.pt
Epoch 003 | train_loss=3.8877e-03 | train_eval_loss=3.0940e-03 | val_loss=3.0501e-03 | | lr=1.00e-03
Saved best model to results/thesis_model_results/outputs/shortlist_detailed_eval/MTLSH__mse__minmax__seed42/mtlsh_state_dict_best.pt
Epoch 004 | train_loss=2.6839e-03 | train_eval_loss=2.2972e-03 | val_loss=2.2515e-03 | | lr=1.00e-03
Saved best model to results/thesis_model_results/outputs/shortlist_detailed_eval/MTLSH__mse__minmax__seed42/mtlsh_state_dict_best.pt
Epoch 005 | train_loss=2.1873e-03 | train_eval_loss=1.9245e-03 | val_loss=1.8869e-03 | | lr=1.00e-03
Saved best model to results/thesis_model_results/outputs/shortlist_detailed_eval/MTLSH__mse__minmax__seed42/mtlsh_state_dict_best.pt
Epoch 006 | train_loss=1.8846e-03 | train_eval_loss=1.7597e-03 | val_loss=1.7285e-03 | | lr=1.00e-03
Saved best model to results/thesis_model_results/outputs/shortlist_detailed_eval/MTLSH__mse__minmax__seed42/mtlsh_state_dict_best.pt
Epoch 007 | train_loss=1.7549e-03 | train_eval_loss=1.6569e-03 | val_loss=1.6242e-03 | | lr=1.00e-03
Saved best model to results/thesis_model_results/outputs/shortlist_detailed_eval/MTLSH__mse__minmax__seed42/mtlsh_state_dict_best.pt
Epoch 008 | train_loss=1.6816e-03 | train_eval_loss=1.6980e-03 | val_loss=1.6761e-03 | | lr=1.00e-03
Epoch 009 | train_loss=1.6823e-03 | train_eval_loss=1.5880e-03 | val_loss=1.5737e-03 | | lr=1.00e-03
Saved best model to results/thesis_model_results/outputs/shortlist_detailed_eval/MTLSH__mse__minmax__seed42/mtlsh_state_dict_best.pt
Epoch 010 | train_loss=1.5483e-03 | train_eval_loss=1.5058e-03 | val_loss=1.4865e-03 | | lr=1.00e-03
Saved best model to results/thesis_model_results/outputs/shortlist_detailed_eval/MTLSH__mse__minmax__seed42/mtlsh_state_dict_best.pt
Epoch 011 | train_loss=1.4997e-03 | train_eval_loss=1.4248e-03 | val_loss=1.4121e-03 | | lr=1.00e-03
Saved best model to results/thesis_model_results/outputs/shortlist_detailed_eval/MTLSH__mse__minmax__seed42/mtlsh_state_dict_best.pt
Epoch 012 | train_loss=1.4005e-03 | train_eval_loss=1.3747e-03 | val_loss=1.3560e-03 | | lr=1.00e-03
Saved best model to results/thesis_model_results/outputs/shortlist_detailed_eval/MTLSH__mse__minmax__seed42/mtlsh_state_dict_best.pt
Epoch 013 | train_loss=1.3999e-03 | train_eval_loss=1.3929e-03 | val_loss=1.3739e-03 | | lr=1.00e-03
Epoch 014 | train_loss=1.3336e-03 | train_eval_loss=1.2483e-03 | val_loss=1.2387e-03 | | lr=1.00e-03
Saved best model to results/thesis_model_results/outputs/shortlist_detailed_eval/MTLSH__mse__minmax__seed42/mtlsh_state_dict_best.pt
Epoch 015 | train_loss=1.2841e-03 | train_eval_loss=1.2436e-03 | val_loss=1.2353e-03 | | lr=1.00e-03
Saved best model to results/thesis_model_results/outputs/shortlist_detailed_eval/MTLSH__mse__minmax__seed42/mtlsh_state_dict_best.pt
Epoch 016 | train_loss=1.3078e-03 | train_eval_loss=1.3200e-03 | val_loss=1.3099e-03 | | lr=1.00e-03
Epoch 017 | train_loss=1.2350e-03 | train_eval_loss=1.1919e-03 | val_loss=1.1833e-03 | | lr=1.00e-03
Saved best model to results/thesis_model_results/outputs/shortlist_detailed_eval/MTLSH__mse__minmax__seed42/mtlsh_state_dict_best.pt
Epoch 018 | train_loss=1.1873e-03 | train_eval_loss=1.1660e-03 | val_loss=1.1619e-03 | | lr=1.00e-03
Saved best model to results/thesis_model_results/outputs/shortlist_detailed_eval/MTLSH__mse__minmax__seed42/mtlsh_state_dict_best.pt
Epoch 019 | train_loss=1.1711e-03 | train_eval_loss=1.2374e-03 | val_loss=1.2280e-03 | | lr=1.00e-03
Epoch 020 | train_loss=1.1105e-03 | train_eval_loss=1.1056e-03 | val_loss=1.0974e-03 | | lr=1.00e-03
Saved best model to results/thesis_model_results/outputs/shortlist_detailed_eval/MTLSH__mse__minmax__seed42/mtlsh_state_dict_best.pt
Epoch 021 | train_loss=1.1075e-03 | train_eval_loss=1.0364e-03 | val_loss=1.0324e-03 | | lr=1.00e-03
Saved best model to results/thesis_model_results/outputs/shortlist_detailed_eval/MTLSH__mse__minmax__seed42/mtlsh_state_dict_best.pt
Epoch 022 | train_loss=1.0950e-03 | train_eval_loss=1.1403e-03 | val_loss=1.1383e-03 | | lr=1.00e-03
Epoch 023 | train_loss=1.1114e-03 | train_eval_loss=1.0702e-03 | val_loss=1.0672e-03 | | lr=1.00e-03
Epoch 024 | train_loss=1.0281e-03 | train_eval_loss=1.0196e-03 | val_loss=1.0152e-03 | | lr=1.00e-03
Saved best model to results/thesis_model_results/outputs/shortlist_detailed_eval/MTLSH__mse__minmax__seed42/mtlsh_state_dict_best.pt
Epoch 025 | train_loss=1.0287e-03 | train_eval_loss=1.0128e-03 | val_loss=1.0076e-03 | | lr=1.00e-03
Saved best model to results/thesis_model_results/outputs/shortlist_detailed_eval/MTLSH__mse__minmax__seed42/mtlsh_state_dict_best.pt
Epoch 026 | train_loss=9.8893e-04 | train_eval_loss=9.3871e-04 | val_loss=9.3879e-04 | | lr=1.00e-03
Saved best model to results/thesis_model_results/outputs/shortlist_detailed_eval/MTLSH__mse__minmax__seed42/mtlsh_state_dict_best.pt
Epoch 027 | train_loss=9.7418e-04 | train_eval_loss=1.0147e-03 | val_loss=1.0129e-03 | | lr=1.00e-03
Epoch 028 | train_loss=9.6083e-04 | train_eval_loss=1.0181e-03 | val_loss=1.0233e-03 | | lr=1.00e-03
Epoch 029 | train_loss=9.2157e-04 | train_eval_loss=8.4723e-04 | val_loss=8.4719e-04 | | lr=1.00e-03
Saved best model to results/thesis_model_results/outputs/shortlist_detailed_eval/MTLSH__mse__minmax__seed42/mtlsh_state_dict_best.pt
Epoch 030 | train_loss=9.2854e-04 | train_eval_loss=9.3121e-04 | val_loss=9.3057e-04 | | lr=1.00e-03
Epoch 031 | train_loss=8.8767e-04 | train_eval_loss=8.2690e-04 | val_loss=8.2563e-04 | | lr=1.00e-03
Saved best model to results/thesis_model_results/outputs/shortlist_detailed_eval/MTLSH__mse__minmax__seed42/mtlsh_state_dict_best.pt
Epoch 032 | train_loss=8.5600e-04 | train_eval_loss=8.1023e-04 | val_loss=8.0991e-04 | | lr=1.00e-03
Saved best model to results/thesis_model_results/outputs/shortlist_detailed_eval/MTLSH__mse__minmax__seed42/mtlsh_state_dict_best.pt
Epoch 033 | train_loss=8.4328e-04 | train_eval_loss=8.2770e-04 | val_loss=8.2699e-04 | | lr=1.00e-03
Epoch 034 | train_loss=8.3792e-04 | train_eval_loss=8.5966e-04 | val_loss=8.5752e-04 | | lr=1.00e-03
Epoch 035 | train_loss=8.1025e-04 | train_eval_loss=8.5912e-04 | val_loss=8.5743e-04 | | lr=1.00e-03
Epoch 036 | train_loss=7.7773e-04 | train_eval_loss=7.9578e-04 | val_loss=7.9666e-04 | | lr=1.00e-03
Saved best model to results/thesis_model_results/outputs/shortlist_detailed_eval/MTLSH__mse__minmax__seed42/mtlsh_state_dict_best.pt
Epoch 037 | train_loss=8.1284e-04 | train_eval_loss=8.6863e-04 | val_loss=8.6726e-04 | | lr=1.00e-03
Epoch 038 | train_loss=7.5795e-04 | train_eval_loss=7.1985e-04 | val_loss=7.2013e-04 | | lr=1.00e-03
Saved best model to results/thesis_model_results/outputs/shortlist_detailed_eval/MTLSH__mse__minmax__seed42/mtlsh_state_dict_best.pt
Epoch 039 | train_loss=7.6479e-04 | train_eval_loss=9.2609e-04 | val_loss=9.1886e-04 | | lr=1.00e-03
Epoch 040 | train_loss=8.4949e-04 | train_eval_loss=1.0709e-03 | val_loss=1.0692e-03 | | lr=1.00e-03
Epoch 041 | train_loss=7.8590e-04 | train_eval_loss=6.6394e-04 | val_loss=6.6691e-04 | | lr=1.00e-03
Saved best model to results/thesis_model_results/outputs/shortlist_detailed_eval/MTLSH__mse__minmax__seed42/mtlsh_state_dict_best.pt
Epoch 042 | train_loss=6.9084e-04 | train_eval_loss=6.9837e-04 | val_loss=6.9969e-04 | | lr=1.00e-03
Epoch 043 | train_loss=7.4763e-04 | train_eval_loss=6.7587e-04 | val_loss=6.7466e-04 | | lr=1.00e-03
Epoch 044 | train_loss=7.2900e-04 | train_eval_loss=7.2334e-04 | val_loss=7.2231e-04 | | lr=1.00e-03
Epoch 045 | train_loss=7.0767e-04 | train_eval_loss=6.9248e-04 | val_loss=6.9320e-04 | | lr=1.00e-03
Epoch 046 | train_loss=6.5798e-04 | train_eval_loss=8.5813e-04 | val_loss=8.6681e-04 | | lr=1.00e-03
Epoch 047 | train_loss=7.6846e-04 | train_eval_loss=6.0850e-04 | val_loss=6.0963e-04 | | lr=1.00e-03
Saved best model to results/thesis_model_results/outputs/shortlist_detailed_eval/MTLSH__mse__minmax__seed42/mtlsh_state_dict_best.pt
Epoch 048 | train_loss=6.5467e-04 | train_eval_loss=6.5745e-04 | val_loss=6.5777e-04 | | lr=1.00e-03
Epoch 049 | train_loss=7.6010e-04 | train_eval_loss=8.9338e-04 | val_loss=8.9637e-04 | | lr=1.00e-03
Epoch 050 | train_loss=6.8647e-04 | train_eval_loss=6.3040e-04 | val_loss=6.3449e-04 | | lr=1.00e-03
Epoch 051 | train_loss=6.4527e-04 | train_eval_loss=6.2538e-04 | val_loss=6.2815e-04 | | lr=1.00e-03
Epoch 052 | train_loss=6.3244e-04 | train_eval_loss=6.2319e-04 | val_loss=6.2503e-04 | | lr=1.00e-03
Epoch 053 | train_loss=6.5392e-04 | train_eval_loss=9.7862e-04 | val_loss=9.7829e-04 | | lr=1.00e-03
Epoch 054 | train_loss=7.0784e-04 | train_eval_loss=8.4151e-04 | val_loss=8.5659e-04 | | lr=1.00e-03
Epoch 055 | train_loss=6.7185e-04 | train_eval_loss=5.8563e-04 | val_loss=5.8916e-04 | | lr=1.00e-03
Saved best model to results/thesis_model_results/outputs/shortlist_detailed_eval/MTLSH__mse__minmax__seed42/mtlsh_state_dict_best.pt
Epoch 056 | train_loss=6.9023e-04 | train_eval_loss=6.3063e-04 | val_loss=6.3565e-04 | | lr=1.00e-03
Epoch 057 | train_loss=5.9139e-04 | train_eval_loss=5.8193e-04 | val_loss=5.8956e-04 | | lr=1.00e-03
Epoch 058 | train_loss=6.4204e-04 | train_eval_loss=6.6279e-04 | val_loss=6.6483e-04 | | lr=1.00e-03
Epoch 059 | train_loss=6.3151e-04 | train_eval_loss=6.1508e-04 | val_loss=6.2112e-04 | | lr=1.00e-03
Epoch 060 | train_loss=6.3889e-04 | train_eval_loss=6.5637e-04 | val_loss=6.6349e-04 | | lr=1.00e-03
Epoch 061 | train_loss=6.0418e-04 | train_eval_loss=7.0792e-04 | val_loss=7.1480e-04 | | lr=1.00e-03
Epoch 062 | train_loss=6.0751e-04 | train_eval_loss=5.6941e-04 | val_loss=5.7879e-04 | | lr=1.00e-03
Saved best model to results/thesis_model_results/outputs/shortlist_detailed_eval/MTLSH__mse__minmax__seed42/mtlsh_state_dict_best.pt
Epoch 063 | train_loss=7.2154e-04 | train_eval_loss=6.2376e-04 | val_loss=6.4546e-04 | | lr=1.00e-03
Epoch 064 | train_loss=5.9408e-04 | train_eval_loss=6.6401e-04 | val_loss=6.8202e-04 | | lr=1.00e-03
Epoch 065 | train_loss=5.8234e-04 | train_eval_loss=5.7950e-04 | val_loss=5.9683e-04 | | lr=1.00e-03
Epoch 066 | train_loss=5.8527e-04 | train_eval_loss=6.1504e-04 | val_loss=6.3678e-04 | | lr=1.00e-03
Epoch 067 | train_loss=5.9513e-04 | train_eval_loss=6.6812e-04 | val_loss=6.9216e-04 | | lr=1.00e-03
Epoch 068 | train_loss=6.2321e-04 | train_eval_loss=7.4358e-04 | val_loss=7.4869e-04 | | lr=1.00e-03
Epoch 069 | train_loss=5.9065e-04 | train_eval_loss=5.9946e-04 | val_loss=6.2280e-04 | | lr=1.00e-03
Epoch 070 | train_loss=5.8874e-04 | train_eval_loss=7.4033e-04 | val_loss=7.5694e-04 | | lr=1.00e-03
Epoch 071 | train_loss=6.0038e-04 | train_eval_loss=5.6300e-04 | val_loss=5.7504e-04 | | lr=1.00e-03
Saved best model to results/thesis_model_results/outputs/shortlist_detailed_eval/MTLSH__mse__minmax__seed42/mtlsh_state_dict_best.pt
Epoch 072 | train_loss=5.6916e-04 | train_eval_loss=6.3150e-04 | val_loss=6.5023e-04 | | lr=1.00e-03
Epoch 073 | train_loss=5.5928e-04 | train_eval_loss=5.4972e-04 | val_loss=5.6248e-04 | | lr=1.00e-03
Saved best model to results/thesis_model_results/outputs/shortlist_detailed_eval/MTLSH__mse__minmax__seed42/mtlsh_state_dict_best.pt
Epoch 074 | train_loss=5.3195e-04 | train_eval_loss=5.5555e-04 | val_loss=5.7785e-04 | | lr=1.00e-03
Epoch 075 | train_loss=5.7564e-04 | train_eval_loss=5.5576e-04 | val_loss=5.7416e-04 | | lr=1.00e-03
Epoch 076 | train_loss=5.8255e-04 | train_eval_loss=5.8116e-04 | val_loss=6.0336e-04 | | lr=1.00e-03
Epoch 077 | train_loss=5.7059e-04 | train_eval_loss=6.1380e-04 | val_loss=6.4024e-04 | | lr=1.00e-03
Epoch 078 | train_loss=5.5523e-04 | train_eval_loss=5.8463e-04 | val_loss=6.1410e-04 | | lr=1.00e-03
Epoch 079 | train_loss=5.3253e-04 | train_eval_loss=5.4222e-04 | val_loss=5.6974e-04 | | lr=1.00e-03
Epoch 080 | train_loss=6.3913e-04 | train_eval_loss=6.0248e-04 | val_loss=6.2948e-04 | | lr=1.00e-03
Epoch 081 | train_loss=5.7897e-04 | train_eval_loss=5.5792e-04 | val_loss=5.8599e-04 | | lr=1.00e-03
Epoch 082 | train_loss=5.4182e-04 | train_eval_loss=5.2336e-04 | val_loss=5.4423e-04 | | lr=1.00e-03
Saved best model to results/thesis_model_results/outputs/shortlist_detailed_eval/MTLSH__mse__minmax__seed42/mtlsh_state_dict_best.pt
Epoch 083 | train_loss=5.3989e-04 | train_eval_loss=4.9569e-04 | val_loss=5.1441e-04 | | lr=1.00e-03
Saved best model to results/thesis_model_results/outputs/shortlist_detailed_eval/MTLSH__mse__minmax__seed42/mtlsh_state_dict_best.pt
Epoch 084 | train_loss=5.1498e-04 | train_eval_loss=4.7613e-04 | val_loss=5.0035e-04 | | lr=1.00e-03
Saved best model to results/thesis_model_results/outputs/shortlist_detailed_eval/MTLSH__mse__minmax__seed42/mtlsh_state_dict_best.pt
Epoch 085 | train_loss=5.0923e-04 | train_eval_loss=5.3216e-04 | val_loss=5.6035e-04 | | lr=1.00e-03
Epoch 086 | train_loss=5.1397e-04 | train_eval_loss=5.4873e-04 | val_loss=5.7786e-04 | | lr=1.00e-03
Epoch 087 | train_loss=5.0110e-04 | train_eval_loss=6.5733e-04 | val_loss=6.8984e-04 | | lr=1.00e-03
Epoch 088 | train_loss=5.9116e-04 | train_eval_loss=4.8411e-04 | val_loss=5.0490e-04 | | lr=1.00e-03
Epoch 089 | train_loss=5.5996e-04 | train_eval_loss=5.3965e-04 | val_loss=5.6290e-04 | | lr=1.00e-03
Epoch 090 | train_loss=5.5631e-04 | train_eval_loss=4.4604e-04 | val_loss=4.7910e-04 | | lr=1.00e-03
Saved best model to results/thesis_model_results/outputs/shortlist_detailed_eval/MTLSH__mse__minmax__seed42/mtlsh_state_dict_best.pt
Epoch 091 | train_loss=5.4512e-04 | train_eval_loss=4.7473e-04 | val_loss=4.9958e-04 | | lr=1.00e-03
Epoch 092 | train_loss=5.1111e-04 | train_eval_loss=4.3501e-04 | val_loss=4.7010e-04 | | lr=1.00e-03
Saved best model to results/thesis_model_results/outputs/shortlist_detailed_eval/MTLSH__mse__minmax__seed42/mtlsh_state_dict_best.pt
Epoch 093 | train_loss=4.8537e-04 | train_eval_loss=5.0301e-04 | val_loss=5.2492e-04 | | lr=1.00e-03
Epoch 094 | train_loss=5.3372e-04 | train_eval_loss=5.7151e-04 | val_loss=5.9459e-04 | | lr=1.00e-03
Epoch 095 | train_loss=4.9360e-04 | train_eval_loss=4.6483e-04 | val_loss=4.9949e-04 | | lr=1.00e-03
Epoch 096 | train_loss=5.1374e-04 | train_eval_loss=4.4454e-04 | val_loss=4.8057e-04 | | lr=1.00e-03
Epoch 097 | train_loss=5.0192e-04 | train_eval_loss=5.2380e-04 | val_loss=5.5276e-04 | | lr=1.00e-03
Epoch 098 | train_loss=4.8400e-04 | train_eval_loss=5.2027e-04 | val_loss=5.5968e-04 | | lr=1.00e-03
Epoch 099 | train_loss=5.0957e-04 | train_eval_loss=6.3112e-04 | val_loss=6.7241e-04 | | lr=1.00e-03
Epoch 100 | train_loss=4.7745e-04 | train_eval_loss=4.3970e-04 | val_loss=4.7580e-04 | | lr=1.00e-03
Epoch 101 | train_loss=4.8867e-04 | train_eval_loss=5.4464e-04 | val_loss=5.8627e-04 | | lr=1.00e-03
Epoch 102 | train_loss=4.0895e-04 | train_eval_loss=4.5499e-04 | val_loss=4.9248e-04 | | lr=5.00e-04
Epoch 103 | train_loss=4.0199e-04 | train_eval_loss=3.9729e-04 | val_loss=4.3592e-04 | | lr=5.00e-04
Saved best model to results/thesis_model_results/outputs/shortlist_detailed_eval/MTLSH__mse__minmax__seed42/mtlsh_state_dict_best.pt
Epoch 104 | train_loss=3.9703e-04 | train_eval_loss=3.8118e-04 | val_loss=4.2238e-04 | | lr=5.00e-04
Saved best model to results/thesis_model_results/outputs/shortlist_detailed_eval/MTLSH__mse__minmax__seed42/mtlsh_state_dict_best.pt
Epoch 105 | train_loss=3.9615e-04 | train_eval_loss=3.8451e-04 | val_loss=4.2368e-04 | | lr=5.00e-04
Epoch 106 | train_loss=4.0861e-04 | train_eval_loss=4.3133e-04 | val_loss=4.7706e-04 | | lr=5.00e-04
Epoch 107 | train_loss=3.9538e-04 | train_eval_loss=4.0179e-04 | val_loss=4.4102e-04 | | lr=5.00e-04
Epoch 108 | train_loss=3.9109e-04 | train_eval_loss=3.9727e-04 | val_loss=4.3956e-04 | | lr=5.00e-04
Epoch 109 | train_loss=4.0593e-04 | train_eval_loss=3.8898e-04 | val_loss=4.3075e-04 | | lr=5.00e-04
Epoch 110 | train_loss=4.0901e-04 | train_eval_loss=3.7472e-04 | val_loss=4.1617e-04 | | lr=5.00e-04
Saved best model to results/thesis_model_results/outputs/shortlist_detailed_eval/MTLSH__mse__minmax__seed42/mtlsh_state_dict_best.pt
Epoch 111 | train_loss=3.9428e-04 | train_eval_loss=4.5734e-04 | val_loss=5.0129e-04 | | lr=5.00e-04
Epoch 112 | train_loss=4.0422e-04 | train_eval_loss=4.4926e-04 | val_loss=4.8810e-04 | | lr=5.00e-04
Epoch 113 | train_loss=4.1385e-04 | train_eval_loss=5.2530e-04 | val_loss=5.7061e-04 | | lr=5.00e-04
Epoch 114 | train_loss=4.0497e-04 | train_eval_loss=3.7871e-04 | val_loss=4.1868e-04 | | lr=5.00e-04
Epoch 115 | train_loss=3.8157e-04 | train_eval_loss=3.7689e-04 | val_loss=4.1831e-04 | | lr=5.00e-04
Epoch 116 | train_loss=3.8504e-04 | train_eval_loss=3.8621e-04 | val_loss=4.3261e-04 | | lr=5.00e-04
Epoch 117 | train_loss=3.8834e-04 | train_eval_loss=3.7081e-04 | val_loss=4.1289e-04 | | lr=5.00e-04
Saved best model to results/thesis_model_results/outputs/shortlist_detailed_eval/MTLSH__mse__minmax__seed42/mtlsh_state_dict_best.pt
Epoch 118 | train_loss=3.9778e-04 | train_eval_loss=4.0184e-04 | val_loss=4.4454e-04 | | lr=5.00e-04
Epoch 119 | train_loss=3.9955e-04 | train_eval_loss=4.5848e-04 | val_loss=5.0300e-04 | | lr=5.00e-04
Epoch 120 | train_loss=4.0338e-04 | train_eval_loss=3.6997e-04 | val_loss=4.1648e-04 | | lr=5.00e-04
Epoch 121 | train_loss=3.9458e-04 | train_eval_loss=6.1206e-04 | val_loss=6.7113e-04 | | lr=5.00e-04
Epoch 122 | train_loss=4.0202e-04 | train_eval_loss=3.7262e-04 | val_loss=4.2392e-04 | | lr=5.00e-04
Epoch 123 | train_loss=3.8159e-04 | train_eval_loss=3.5330e-04 | val_loss=4.0295e-04 | | lr=5.00e-04
Saved best model to results/thesis_model_results/outputs/shortlist_detailed_eval/MTLSH__mse__minmax__seed42/mtlsh_state_dict_best.pt
Epoch 124 | train_loss=3.9236e-04 | train_eval_loss=3.6905e-04 | val_loss=4.1556e-04 | | lr=5.00e-04
Epoch 125 | train_loss=3.9398e-04 | train_eval_loss=3.7767e-04 | val_loss=4.2158e-04 | | lr=5.00e-04
Epoch 126 | train_loss=3.8334e-04 | train_eval_loss=4.1107e-04 | val_loss=4.5125e-04 | | lr=5.00e-04
Epoch 127 | train_loss=3.8924e-04 | train_eval_loss=3.7466e-04 | val_loss=4.2313e-04 | | lr=5.00e-04
Epoch 128 | train_loss=3.8301e-04 | train_eval_loss=3.9002e-04 | val_loss=4.2675e-04 | | lr=5.00e-04
Epoch 129 | train_loss=3.7757e-04 | train_eval_loss=3.9986e-04 | val_loss=4.4578e-04 | | lr=5.00e-04
Epoch 130 | train_loss=3.8232e-04 | train_eval_loss=3.5839e-04 | val_loss=3.9949e-04 | | lr=5.00e-04
Saved best model to results/thesis_model_results/outputs/shortlist_detailed_eval/MTLSH__mse__minmax__seed42/mtlsh_state_dict_best.pt
Epoch 131 | train_loss=3.7692e-04 | train_eval_loss=4.1412e-04 | val_loss=4.6443e-04 | | lr=5.00e-04
Epoch 132 | train_loss=3.7703e-04 | train_eval_loss=3.6223e-04 | val_loss=4.1482e-04 | | lr=5.00e-04
Epoch 133 | train_loss=3.9492e-04 | train_eval_loss=5.0562e-04 | val_loss=5.4755e-04 | | lr=5.00e-04
Epoch 134 | train_loss=3.9487e-04 | train_eval_loss=3.6506e-04 | val_loss=4.1082e-04 | | lr=5.00e-04
Epoch 135 | train_loss=3.7497e-04 | train_eval_loss=4.0792e-04 | val_loss=4.5516e-04 | | lr=5.00e-04
Epoch 136 | train_loss=3.9298e-04 | train_eval_loss=4.2737e-04 | val_loss=4.7490e-04 | | lr=5.00e-04
Epoch 137 | train_loss=4.0914e-04 | train_eval_loss=3.6456e-04 | val_loss=4.1261e-04 | | lr=5.00e-04
Epoch 138 | train_loss=3.8254e-04 | train_eval_loss=4.0893e-04 | val_loss=4.6408e-04 | | lr=5.00e-04
Epoch 139 | train_loss=3.7787e-04 | train_eval_loss=3.5286e-04 | val_loss=3.9877e-04 | | lr=5.00e-04
Saved best model to results/thesis_model_results/outputs/shortlist_detailed_eval/MTLSH__mse__minmax__seed42/mtlsh_state_dict_best.pt
Epoch 140 | train_loss=3.6644e-04 | train_eval_loss=3.6863e-04 | val_loss=4.0764e-04 | | lr=5.00e-04
Epoch 141 | train_loss=3.6915e-04 | train_eval_loss=4.1826e-04 | val_loss=4.5822e-04 | | lr=5.00e-04
Epoch 142 | train_loss=3.9141e-04 | train_eval_loss=4.2483e-04 | val_loss=4.8075e-04 | | lr=5.00e-04
Epoch 143 | train_loss=3.7061e-04 | train_eval_loss=3.3881e-04 | val_loss=3.8957e-04 | | lr=5.00e-04
Saved best model to results/thesis_model_results/outputs/shortlist_detailed_eval/MTLSH__mse__minmax__seed42/mtlsh_state_dict_best.pt
Epoch 144 | train_loss=3.6393e-04 | train_eval_loss=3.3667e-04 | val_loss=3.8522e-04 | | lr=5.00e-04
Saved best model to results/thesis_model_results/outputs/shortlist_detailed_eval/MTLSH__mse__minmax__seed42/mtlsh_state_dict_best.pt
Epoch 145 | train_loss=3.9106e-04 | train_eval_loss=3.7363e-04 | val_loss=4.1759e-04 | | lr=5.00e-04
Epoch 146 | train_loss=3.8537e-04 | train_eval_loss=5.7234e-04 | val_loss=6.4061e-04 | | lr=5.00e-04
Epoch 147 | train_loss=4.0219e-04 | train_eval_loss=3.3248e-04 | val_loss=3.8292e-04 | | lr=5.00e-04
Saved best model to results/thesis_model_results/outputs/shortlist_detailed_eval/MTLSH__mse__minmax__seed42/mtlsh_state_dict_best.pt
Epoch 148 | train_loss=3.5667e-04 | train_eval_loss=5.7757e-04 | val_loss=6.4312e-04 | | lr=5.00e-04
Epoch 149 | train_loss=3.7320e-04 | train_eval_loss=3.8755e-04 | val_loss=4.3087e-04 | | lr=5.00e-04
Epoch 150 | train_loss=3.7418e-04 | train_eval_loss=5.9929e-04 | val_loss=6.5352e-04 | | lr=5.00e-04
Epoch 151 | train_loss=3.7071e-04 | train_eval_loss=3.4942e-04 | val_loss=4.0350e-04 | | lr=5.00e-04
Epoch 152 | train_loss=3.6044e-04 | train_eval_loss=4.7313e-04 | val_loss=5.2898e-04 | | lr=5.00e-04
Epoch 153 | train_loss=3.6179e-04 | train_eval_loss=3.7367e-04 | val_loss=4.2382e-04 | | lr=5.00e-04
Epoch 154 | train_loss=3.6248e-04 | train_eval_loss=3.4567e-04 | val_loss=4.0218e-04 | | lr=5.00e-04
Epoch 155 | train_loss=3.5206e-04 | train_eval_loss=3.3330e-04 | val_loss=3.8857e-04 | | lr=5.00e-04
Epoch 156 | train_loss=3.5557e-04 | train_eval_loss=3.7977e-04 | val_loss=4.2772e-04 | | lr=5.00e-04
Epoch 157 | train_loss=3.2828e-04 | train_eval_loss=3.2038e-04 | val_loss=3.7469e-04 | | lr=2.50e-04
Saved best model to results/thesis_model_results/outputs/shortlist_detailed_eval/MTLSH__mse__minmax__seed42/mtlsh_state_dict_best.pt
Epoch 158 | train_loss=3.1438e-04 | train_eval_loss=3.1939e-04 | val_loss=3.7249e-04 | | lr=2.50e-04
Saved best model to results/thesis_model_results/outputs/shortlist_detailed_eval/MTLSH__mse__minmax__seed42/mtlsh_state_dict_best.pt
Epoch 159 | train_loss=3.1524e-04 | train_eval_loss=3.0681e-04 | val_loss=3.5783e-04 | | lr=2.50e-04
Saved best model to results/thesis_model_results/outputs/shortlist_detailed_eval/MTLSH__mse__minmax__seed42/mtlsh_state_dict_best.pt
Epoch 160 | train_loss=3.1672e-04 | train_eval_loss=3.1893e-04 | val_loss=3.7408e-04 | | lr=2.50e-04
Epoch 161 | train_loss=3.2194e-04 | train_eval_loss=3.3271e-04 | val_loss=3.8800e-04 | | lr=2.50e-04
Epoch 162 | train_loss=3.1837e-04 | train_eval_loss=3.0675e-04 | val_loss=3.6141e-04 | | lr=2.50e-04
Epoch 163 | train_loss=3.1700e-04 | train_eval_loss=3.0217e-04 | val_loss=3.5668e-04 | | lr=2.50e-04
Saved best model to results/thesis_model_results/outputs/shortlist_detailed_eval/MTLSH__mse__minmax__seed42/mtlsh_state_dict_best.pt
Epoch 164 | train_loss=3.1144e-04 | train_eval_loss=3.1663e-04 | val_loss=3.7336e-04 | | lr=2.50e-04
Epoch 165 | train_loss=3.1366e-04 | train_eval_loss=3.1265e-04 | val_loss=3.7464e-04 | | lr=2.50e-04
Epoch 166 | train_loss=3.1477e-04 | train_eval_loss=2.9941e-04 | val_loss=3.6070e-04 | | lr=2.50e-04
Epoch 167 | train_loss=3.2164e-04 | train_eval_loss=3.1283e-04 | val_loss=3.7189e-04 | | lr=2.50e-04
Epoch 168 | train_loss=3.1614e-04 | train_eval_loss=3.0076e-04 | val_loss=3.5917e-04 | | lr=2.50e-04
Epoch 169 | train_loss=3.1518e-04 | train_eval_loss=3.1219e-04 | val_loss=3.6871e-04 | | lr=2.50e-04
Epoch 170 | train_loss=3.2275e-04 | train_eval_loss=3.1515e-04 | val_loss=3.7169e-04 | | lr=2.50e-04
Epoch 171 | train_loss=3.1622e-04 | train_eval_loss=3.5902e-04 | val_loss=4.1486e-04 | | lr=2.50e-04
Epoch 172 | train_loss=3.1805e-04 | train_eval_loss=3.1148e-04 | val_loss=3.6821e-04 | | lr=2.50e-04
Epoch 173 | train_loss=2.9527e-04 | train_eval_loss=2.8887e-04 | val_loss=3.5086e-04 | | lr=1.25e-04
Saved best model to results/thesis_model_results/outputs/shortlist_detailed_eval/MTLSH__mse__minmax__seed42/mtlsh_state_dict_best.pt
Epoch 174 | train_loss=2.9143e-04 | train_eval_loss=2.8774e-04 | val_loss=3.4771e-04 | | lr=1.25e-04
Saved best model to results/thesis_model_results/outputs/shortlist_detailed_eval/MTLSH__mse__minmax__seed42/mtlsh_state_dict_best.pt
Epoch 175 | train_loss=2.9457e-04 | train_eval_loss=2.9477e-04 | val_loss=3.5756e-04 | | lr=1.25e-04
Epoch 176 | train_loss=2.9189e-04 | train_eval_loss=2.8848e-04 | val_loss=3.5140e-04 | | lr=1.25e-04
Epoch 177 | train_loss=2.9767e-04 | train_eval_loss=2.8469e-04 | val_loss=3.4842e-04 | | lr=1.25e-04
Epoch 178 | train_loss=2.9172e-04 | train_eval_loss=2.8918e-04 | val_loss=3.4984e-04 | | lr=1.25e-04
Epoch 179 | train_loss=2.9394e-04 | train_eval_loss=2.8740e-04 | val_loss=3.4678e-04 | | lr=1.25e-04
Saved best model to results/thesis_model_results/outputs/shortlist_detailed_eval/MTLSH__mse__minmax__seed42/mtlsh_state_dict_best.pt
Epoch 180 | train_loss=2.9599e-04 | train_eval_loss=3.0276e-04 | val_loss=3.6030e-04 | | lr=1.25e-04
Epoch 181 | train_loss=2.9140e-04 | train_eval_loss=2.9850e-04 | val_loss=3.5736e-04 | | lr=1.25e-04
Epoch 182 | train_loss=2.9696e-04 | train_eval_loss=2.9901e-04 | val_loss=3.6395e-04 | | lr=1.25e-04
Epoch 183 | train_loss=2.9501e-04 | train_eval_loss=2.8948e-04 | val_loss=3.5306e-04 | | lr=1.25e-04
Epoch 184 | train_loss=2.9143e-04 | train_eval_loss=2.8145e-04 | val_loss=3.4171e-04 | | lr=1.25e-04
Saved best model to results/thesis_model_results/outputs/shortlist_detailed_eval/MTLSH__mse__minmax__seed42/mtlsh_state_dict_best.pt
Epoch 185 | train_loss=2.9124e-04 | train_eval_loss=2.8457e-04 | val_loss=3.4624e-04 | | lr=1.25e-04
Epoch 186 | train_loss=2.9104e-04 | train_eval_loss=2.9655e-04 | val_loss=3.5963e-04 | | lr=1.25e-04
Epoch 187 | train_loss=2.9292e-04 | train_eval_loss=2.8668e-04 | val_loss=3.4854e-04 | | lr=1.25e-04
Epoch 188 | train_loss=2.9305e-04 | train_eval_loss=3.0348e-04 | val_loss=3.6497e-04 | | lr=1.25e-04
Epoch 189 | train_loss=2.8952e-04 | train_eval_loss=2.8854e-04 | val_loss=3.4806e-04 | | lr=1.25e-04
Epoch 190 | train_loss=2.9084e-04 | train_eval_loss=2.9649e-04 | val_loss=3.6226e-04 | | lr=1.25e-04
Epoch 191 | train_loss=2.8926e-04 | train_eval_loss=2.9150e-04 | val_loss=3.5023e-04 | | lr=1.25e-04
Epoch 192 | train_loss=2.9086e-04 | train_eval_loss=3.0027e-04 | val_loss=3.5964e-04 | | lr=1.25e-04
Epoch 193 | train_loss=2.9486e-04 | train_eval_loss=2.8356e-04 | val_loss=3.4718e-04 | | lr=1.25e-04
Epoch 194 | train_loss=2.7987e-04 | train_eval_loss=2.7996e-04 | val_loss=3.4258e-04 | | lr=6.25e-05
Epoch 195 | train_loss=2.8044e-04 | train_eval_loss=2.7820e-04 | val_loss=3.4072e-04 | | lr=6.25e-05
Saved best model to results/thesis_model_results/outputs/shortlist_detailed_eval/MTLSH__mse__minmax__seed42/mtlsh_state_dict_best.pt
Epoch 196 | train_loss=2.8319e-04 | train_eval_loss=2.7911e-04 | val_loss=3.4152e-04 | | lr=6.25e-05
Epoch 197 | train_loss=2.8023e-04 | train_eval_loss=2.7671e-04 | val_loss=3.3862e-04 | | lr=6.25e-05
Saved best model to results/thesis_model_results/outputs/shortlist_detailed_eval/MTLSH__mse__minmax__seed42/mtlsh_state_dict_best.pt
Epoch 198 | train_loss=2.8066e-04 | train_eval_loss=2.8061e-04 | val_loss=3.4354e-04 | | lr=6.25e-05
Epoch 199 | train_loss=2.7894e-04 | train_eval_loss=2.7827e-04 | val_loss=3.4222e-04 | | lr=6.25e-05
Epoch 200 | train_loss=2.8153e-04 | train_eval_loss=2.7707e-04 | val_loss=3.4085e-04 | | lr=6.25e-05
Saved training logs to results/thesis_model_results/outputs/shortlist_detailed_eval/MTLSH__mse__minmax__seed42/training_summary.txt
Test RMSE(rocof_COI) = 0.0132 | norm: 0.0100 | real_diff: 0.0089
Test RMSE(dev_COI) = 0.0219 | norm: 0.0081 | real_diff: 0.0127
Test RMSE(Delta_P_IBR_1) = 0.1085 | norm: 0.0171 | real_diff: 0.0697
Test RMSE(Delta_P_IBR_2) = 0.0987 | norm: 0.0137 | real_diff: 0.0537
Test RMSE(Delta_P_IBR_3) = 0.1803 | norm: 0.0317 | real_diff: 0.0956
Test RMSE(Delta_P_IBR_4) = 0.1798 | norm: 0.0186 | real_diff: 0.1072
Saved RMSE results to results/thesis_model_results/outputs/shortlist_detailed_eval/MTLSH__mse__minmax__seed42/rmse_results.txt
Saved detailed metrics to results/thesis_model_results/outputs/shortlist_detailed_eval/MTLSH__mse__minmax__seed42/metrics_by_target.csv
Saved aggregate metrics to results/thesis_model_results/outputs/shortlist_detailed_eval/MTLSH__mse__minmax__seed42/metrics_summary.json
Saved test predictions to results/thesis_model_results/outputs/shortlist_detailed_eval/MTLSH__mse__minmax__seed42/test_predictions.csv
Saved loss curves to results/thesis_model_results/outputs/shortlist_detailed_eval/MTLSH__mse__minmax__seed42/loss_curve.png
Saved scatter plot results/thesis_model_results/outputs/shortlist_detailed_eval/MTLSH__mse__minmax__seed42/scatter_rocof_COI.png
Saved scatter plot results/thesis_model_results/outputs/shortlist_detailed_eval/MTLSH__mse__minmax__seed42/scatter_dev_COI.png
Saved scatter plot results/thesis_model_results/outputs/shortlist_detailed_eval/MTLSH__mse__minmax__seed42/scatter_Delta_P_IBR_1.png
Saved scatter plot results/thesis_model_results/outputs/shortlist_detailed_eval/MTLSH__mse__minmax__seed42/scatter_Delta_P_IBR_2.png
Saved scatter plot results/thesis_model_results/outputs/shortlist_detailed_eval/MTLSH__mse__minmax__seed42/scatter_Delta_P_IBR_3.png
Saved scatter plot results/thesis_model_results/outputs/shortlist_detailed_eval/MTLSH__mse__minmax__seed42/scatter_Delta_P_IBR_4.png
Saved model to results/thesis_model_results/outputs/shortlist_detailed_eval/MTLSH__mse__minmax__seed42/mtlsh_state_dict.pt
Loss type: mse | weights=[]
Target stats (scaled):
train mean=[0.549  0.589  0.492  0.4884 0.4785 0.4192]
train std=[0.1365 0.1371 0.1141 0.1063 0.1158 0.1138]
train q05=[0.3074 0.3979 0.3192 0.303  0.3347 0.2205]
train q95=[0.7933 0.8652 0.6719 0.6491 0.6927 0.6016]
val mean=[0.5473 0.5873 0.4922 0.4893 0.4798 0.4201]
val std=[0.1343 0.1348 0.1123 0.1072 0.1141 0.1112]
val q05=[0.3103 0.3982 0.3195 0.303  0.3376 0.2251]
val q95=[0.7886 0.8626 0.6731 0.6514 0.6918 0.5984]
val/train std ratio=[0.984  0.9828 0.9844 1.0084 0.9848 0.9772]
LR scheduler: ReduceLROnPlateau (factor=0.5, patience=8, min_lr=1e-07)
Epoch 001 | train_loss=4.0172e-02 | train_eval_loss=1.4413e-02 | val_loss=1.3999e-02 | | lr=1.00e-03
Saved best model to results/thesis_model_results/outputs/shortlist_detailed_eval/MTLGSH__mse__minmax__seed42/mtlgsh_state_dict_best.pt
Epoch 002 | train_loss=1.5401e-02 | train_eval_loss=1.0978e-02 | val_loss=1.0664e-02 | | lr=1.00e-03
Saved best model to results/thesis_model_results/outputs/shortlist_detailed_eval/MTLGSH__mse__minmax__seed42/mtlgsh_state_dict_best.pt
Epoch 003 | train_loss=7.1580e-03 | train_eval_loss=3.9524e-03 | val_loss=3.8898e-03 | | lr=1.00e-03
Saved best model to results/thesis_model_results/outputs/shortlist_detailed_eval/MTLGSH__mse__minmax__seed42/mtlgsh_state_dict_best.pt
Epoch 004 | train_loss=5.1304e-03 | train_eval_loss=3.4512e-03 | val_loss=3.3892e-03 | | lr=1.00e-03
Saved best model to results/thesis_model_results/outputs/shortlist_detailed_eval/MTLGSH__mse__minmax__seed42/mtlgsh_state_dict_best.pt
Epoch 005 | train_loss=4.7556e-03 | train_eval_loss=3.2813e-03 | val_loss=3.2194e-03 | | lr=1.00e-03
Saved best model to results/thesis_model_results/outputs/shortlist_detailed_eval/MTLGSH__mse__minmax__seed42/mtlgsh_state_dict_best.pt
Epoch 006 | train_loss=4.5944e-03 | train_eval_loss=2.9740e-03 | val_loss=2.9322e-03 | | lr=1.00e-03
Saved best model to results/thesis_model_results/outputs/shortlist_detailed_eval/MTLGSH__mse__minmax__seed42/mtlgsh_state_dict_best.pt
Epoch 007 | train_loss=3.9535e-03 | train_eval_loss=2.4804e-03 | val_loss=2.4650e-03 | | lr=1.00e-03
Saved best model to results/thesis_model_results/outputs/shortlist_detailed_eval/MTLGSH__mse__minmax__seed42/mtlgsh_state_dict_best.pt
Epoch 008 | train_loss=3.5549e-03 | train_eval_loss=1.9500e-03 | val_loss=1.9188e-03 | | lr=1.00e-03
Saved best model to results/thesis_model_results/outputs/shortlist_detailed_eval/MTLGSH__mse__minmax__seed42/mtlgsh_state_dict_best.pt
Epoch 009 | train_loss=3.1120e-03 | train_eval_loss=1.5906e-03 | val_loss=1.5612e-03 | | lr=1.00e-03
Saved best model to results/thesis_model_results/outputs/shortlist_detailed_eval/MTLGSH__mse__minmax__seed42/mtlgsh_state_dict_best.pt
Epoch 010 | train_loss=2.8724e-03 | train_eval_loss=1.4559e-03 | val_loss=1.4294e-03 | | lr=1.00e-03
Saved best model to results/thesis_model_results/outputs/shortlist_detailed_eval/MTLGSH__mse__minmax__seed42/mtlgsh_state_dict_best.pt
Epoch 011 | train_loss=2.7002e-03 | train_eval_loss=1.3865e-03 | val_loss=1.3674e-03 | | lr=1.00e-03
Saved best model to results/thesis_model_results/outputs/shortlist_detailed_eval/MTLGSH__mse__minmax__seed42/mtlgsh_state_dict_best.pt
Epoch 012 | train_loss=2.5584e-03 | train_eval_loss=1.3883e-03 | val_loss=1.3681e-03 | | lr=1.00e-03
Epoch 013 | train_loss=2.4678e-03 | train_eval_loss=1.2189e-03 | val_loss=1.1992e-03 | | lr=1.00e-03
Saved best model to results/thesis_model_results/outputs/shortlist_detailed_eval/MTLGSH__mse__minmax__seed42/mtlgsh_state_dict_best.pt
Epoch 014 | train_loss=2.3482e-03 | train_eval_loss=1.2989e-03 | val_loss=1.2725e-03 | | lr=1.00e-03
Epoch 015 | train_loss=2.3643e-03 | train_eval_loss=1.5314e-03 | val_loss=1.5025e-03 | | lr=1.00e-03
Epoch 016 | train_loss=2.2888e-03 | train_eval_loss=1.1244e-03 | val_loss=1.1045e-03 | | lr=1.00e-03
Saved best model to results/thesis_model_results/outputs/shortlist_detailed_eval/MTLGSH__mse__minmax__seed42/mtlgsh_state_dict_best.pt
Epoch 017 | train_loss=2.1720e-03 | train_eval_loss=1.1267e-03 | val_loss=1.1140e-03 | | lr=1.00e-03
Epoch 018 | train_loss=2.1115e-03 | train_eval_loss=1.1510e-03 | val_loss=1.1314e-03 | | lr=1.00e-03
Epoch 019 | train_loss=2.0930e-03 | train_eval_loss=1.0575e-03 | val_loss=1.0453e-03 | | lr=1.00e-03
Saved best model to results/thesis_model_results/outputs/shortlist_detailed_eval/MTLGSH__mse__minmax__seed42/mtlgsh_state_dict_best.pt
Epoch 020 | train_loss=2.0608e-03 | train_eval_loss=1.2745e-03 | val_loss=1.2723e-03 | | lr=1.00e-03
Epoch 021 | train_loss=1.9790e-03 | train_eval_loss=1.0890e-03 | val_loss=1.0669e-03 | | lr=1.00e-03
Epoch 022 | train_loss=1.9084e-03 | train_eval_loss=1.1041e-03 | val_loss=1.1012e-03 | | lr=1.00e-03
Epoch 023 | train_loss=1.8890e-03 | train_eval_loss=1.4322e-03 | val_loss=1.4298e-03 | | lr=1.00e-03
Epoch 024 | train_loss=1.8643e-03 | train_eval_loss=1.2667e-03 | val_loss=1.2574e-03 | | lr=1.00e-03
Epoch 025 | train_loss=1.8691e-03 | train_eval_loss=1.0145e-03 | val_loss=1.0042e-03 | | lr=1.00e-03
Saved best model to results/thesis_model_results/outputs/shortlist_detailed_eval/MTLGSH__mse__minmax__seed42/mtlgsh_state_dict_best.pt
Epoch 026 | train_loss=1.7338e-03 | train_eval_loss=9.1560e-04 | val_loss=9.0363e-04 | | lr=1.00e-03
Saved best model to results/thesis_model_results/outputs/shortlist_detailed_eval/MTLGSH__mse__minmax__seed42/mtlgsh_state_dict_best.pt
Epoch 027 | train_loss=1.6946e-03 | train_eval_loss=8.4764e-04 | val_loss=8.3999e-04 | | lr=1.00e-03
Saved best model to results/thesis_model_results/outputs/shortlist_detailed_eval/MTLGSH__mse__minmax__seed42/mtlgsh_state_dict_best.pt
Epoch 028 | train_loss=1.6396e-03 | train_eval_loss=1.0825e-03 | val_loss=1.0810e-03 | | lr=1.00e-03
Epoch 029 | train_loss=1.6825e-03 | train_eval_loss=8.2522e-04 | val_loss=8.2217e-04 | | lr=1.00e-03
Saved best model to results/thesis_model_results/outputs/shortlist_detailed_eval/MTLGSH__mse__minmax__seed42/mtlgsh_state_dict_best.pt
Epoch 030 | train_loss=1.6774e-03 | train_eval_loss=1.1674e-03 | val_loss=1.1537e-03 | | lr=1.00e-03
Epoch 031 | train_loss=1.5736e-03 | train_eval_loss=8.4393e-04 | val_loss=8.3899e-04 | | lr=1.00e-03
Epoch 032 | train_loss=1.5427e-03 | train_eval_loss=8.6365e-04 | val_loss=8.6462e-04 | | lr=1.00e-03
Epoch 033 | train_loss=1.4979e-03 | train_eval_loss=9.2686e-04 | val_loss=9.1503e-04 | | lr=1.00e-03
Epoch 034 | train_loss=1.4344e-03 | train_eval_loss=8.1864e-04 | val_loss=8.2033e-04 | | lr=1.00e-03
Saved best model to results/thesis_model_results/outputs/shortlist_detailed_eval/MTLGSH__mse__minmax__seed42/mtlgsh_state_dict_best.pt
Epoch 035 | train_loss=1.4438e-03 | train_eval_loss=9.4590e-04 | val_loss=9.6376e-04 | | lr=1.00e-03
Epoch 036 | train_loss=1.4455e-03 | train_eval_loss=8.2671e-04 | val_loss=8.3097e-04 | | lr=1.00e-03
Epoch 037 | train_loss=1.3461e-03 | train_eval_loss=7.7071e-04 | val_loss=7.7365e-04 | | lr=1.00e-03
Saved best model to results/thesis_model_results/outputs/shortlist_detailed_eval/MTLGSH__mse__minmax__seed42/mtlgsh_state_dict_best.pt
Epoch 038 | train_loss=1.3259e-03 | train_eval_loss=7.4886e-04 | val_loss=7.4813e-04 | | lr=1.00e-03
Saved best model to results/thesis_model_results/outputs/shortlist_detailed_eval/MTLGSH__mse__minmax__seed42/mtlgsh_state_dict_best.pt
Epoch 039 | train_loss=1.3051e-03 | train_eval_loss=7.5531e-04 | val_loss=7.6115e-04 | | lr=1.00e-03
Epoch 040 | train_loss=1.2471e-03 | train_eval_loss=7.6653e-04 | val_loss=7.6666e-04 | | lr=1.00e-03
Epoch 041 | train_loss=1.2225e-03 | train_eval_loss=6.8170e-04 | val_loss=6.8116e-04 | | lr=1.00e-03
Saved best model to results/thesis_model_results/outputs/shortlist_detailed_eval/MTLGSH__mse__minmax__seed42/mtlgsh_state_dict_best.pt
Epoch 042 | train_loss=1.1871e-03 | train_eval_loss=8.0730e-04 | val_loss=8.0792e-04 | | lr=1.00e-03
Epoch 043 | train_loss=1.2182e-03 | train_eval_loss=6.8169e-04 | val_loss=6.9018e-04 | | lr=1.00e-03
Epoch 044 | train_loss=1.1434e-03 | train_eval_loss=6.8578e-04 | val_loss=6.8932e-04 | | lr=1.00e-03
Epoch 045 | train_loss=1.1449e-03 | train_eval_loss=7.5953e-04 | val_loss=7.6331e-04 | | lr=1.00e-03
Epoch 046 | train_loss=1.1036e-03 | train_eval_loss=6.9612e-04 | val_loss=6.9787e-04 | | lr=1.00e-03
Epoch 047 | train_loss=1.0601e-03 | train_eval_loss=7.9023e-04 | val_loss=7.9958e-04 | | lr=1.00e-03
Epoch 048 | train_loss=1.0162e-03 | train_eval_loss=7.6625e-04 | val_loss=7.8347e-04 | | lr=1.00e-03
Epoch 049 | train_loss=1.0179e-03 | train_eval_loss=6.6853e-04 | val_loss=6.8168e-04 | | lr=1.00e-03
Epoch 050 | train_loss=9.9118e-04 | train_eval_loss=6.1215e-04 | val_loss=6.2202e-04 | | lr=1.00e-03
Saved best model to results/thesis_model_results/outputs/shortlist_detailed_eval/MTLGSH__mse__minmax__seed42/mtlgsh_state_dict_best.pt
Epoch 051 | train_loss=9.6987e-04 | train_eval_loss=8.1704e-04 | val_loss=8.3110e-04 | | lr=1.00e-03
Epoch 052 | train_loss=9.9643e-04 | train_eval_loss=6.6350e-04 | val_loss=6.7565e-04 | | lr=1.00e-03
Epoch 053 | train_loss=9.2358e-04 | train_eval_loss=5.9684e-04 | val_loss=6.0294e-04 | | lr=1.00e-03
Saved best model to results/thesis_model_results/outputs/shortlist_detailed_eval/MTLGSH__mse__minmax__seed42/mtlgsh_state_dict_best.pt
Epoch 054 | train_loss=9.0691e-04 | train_eval_loss=6.4435e-04 | val_loss=6.4481e-04 | | lr=1.00e-03
Epoch 055 | train_loss=8.9879e-04 | train_eval_loss=6.4803e-04 | val_loss=6.6026e-04 | | lr=1.00e-03
Epoch 056 | train_loss=8.6620e-04 | train_eval_loss=6.7295e-04 | val_loss=6.7926e-04 | | lr=1.00e-03
Epoch 057 | train_loss=8.3521e-04 | train_eval_loss=5.6302e-04 | val_loss=5.7736e-04 | | lr=1.00e-03
Saved best model to results/thesis_model_results/outputs/shortlist_detailed_eval/MTLGSH__mse__minmax__seed42/mtlgsh_state_dict_best.pt
Epoch 058 | train_loss=8.5717e-04 | train_eval_loss=5.7672e-04 | val_loss=5.8857e-04 | | lr=1.00e-03
Epoch 059 | train_loss=9.5151e-04 | train_eval_loss=5.6560e-04 | val_loss=5.6934e-04 | | lr=1.00e-03
Saved best model to results/thesis_model_results/outputs/shortlist_detailed_eval/MTLGSH__mse__minmax__seed42/mtlgsh_state_dict_best.pt
Epoch 060 | train_loss=8.2820e-04 | train_eval_loss=6.3297e-04 | val_loss=6.4321e-04 | | lr=1.00e-03
Epoch 061 | train_loss=7.6882e-04 | train_eval_loss=6.1137e-04 | val_loss=6.2076e-04 | | lr=1.00e-03
Epoch 062 | train_loss=7.7445e-04 | train_eval_loss=5.2213e-04 | val_loss=5.3531e-04 | | lr=1.00e-03
Saved best model to results/thesis_model_results/outputs/shortlist_detailed_eval/MTLGSH__mse__minmax__seed42/mtlgsh_state_dict_best.pt
Epoch 063 | train_loss=7.6653e-04 | train_eval_loss=5.7426e-04 | val_loss=5.7914e-04 | | lr=1.00e-03
Epoch 064 | train_loss=7.8019e-04 | train_eval_loss=6.1226e-04 | val_loss=6.3972e-04 | | lr=1.00e-03
Epoch 065 | train_loss=7.5174e-04 | train_eval_loss=5.8097e-04 | val_loss=5.8898e-04 | | lr=1.00e-03
Epoch 066 | train_loss=7.3749e-04 | train_eval_loss=5.9648e-04 | val_loss=6.0584e-04 | | lr=1.00e-03
Epoch 067 | train_loss=7.8643e-04 | train_eval_loss=6.3233e-04 | val_loss=6.4916e-04 | | lr=1.00e-03
Epoch 068 | train_loss=7.1577e-04 | train_eval_loss=4.9246e-04 | val_loss=5.0778e-04 | | lr=1.00e-03
Saved best model to results/thesis_model_results/outputs/shortlist_detailed_eval/MTLGSH__mse__minmax__seed42/mtlgsh_state_dict_best.pt
Epoch 069 | train_loss=7.5884e-04 | train_eval_loss=5.0839e-04 | val_loss=5.2779e-04 | | lr=1.00e-03
Epoch 070 | train_loss=6.7188e-04 | train_eval_loss=5.9225e-04 | val_loss=6.1722e-04 | | lr=1.00e-03
Epoch 071 | train_loss=7.0289e-04 | train_eval_loss=5.4183e-04 | val_loss=5.6457e-04 | | lr=1.00e-03
Epoch 072 | train_loss=6.9008e-04 | train_eval_loss=5.5495e-04 | val_loss=5.6474e-04 | | lr=1.00e-03
Epoch 073 | train_loss=7.2291e-04 | train_eval_loss=5.0033e-04 | val_loss=5.2897e-04 | | lr=1.00e-03
Epoch 074 | train_loss=6.5689e-04 | train_eval_loss=5.3741e-04 | val_loss=5.7134e-04 | | lr=1.00e-03
Epoch 075 | train_loss=6.5020e-04 | train_eval_loss=4.6626e-04 | val_loss=4.9447e-04 | | lr=1.00e-03
Saved best model to results/thesis_model_results/outputs/shortlist_detailed_eval/MTLGSH__mse__minmax__seed42/mtlgsh_state_dict_best.pt
Epoch 076 | train_loss=6.2887e-04 | train_eval_loss=5.1896e-04 | val_loss=5.4316e-04 | | lr=1.00e-03
Epoch 077 | train_loss=6.7915e-04 | train_eval_loss=5.5467e-04 | val_loss=5.7663e-04 | | lr=1.00e-03
Epoch 078 | train_loss=6.5999e-04 | train_eval_loss=4.7973e-04 | val_loss=5.0442e-04 | | lr=1.00e-03
Epoch 079 | train_loss=6.5442e-04 | train_eval_loss=8.5373e-04 | val_loss=8.8592e-04 | | lr=1.00e-03
Epoch 080 | train_loss=6.8136e-04 | train_eval_loss=4.6291e-04 | val_loss=4.9821e-04 | | lr=1.00e-03
Epoch 081 | train_loss=6.2867e-04 | train_eval_loss=5.7668e-04 | val_loss=6.1263e-04 | | lr=1.00e-03
Epoch 082 | train_loss=5.9137e-04 | train_eval_loss=5.4404e-04 | val_loss=5.7827e-04 | | lr=1.00e-03
Epoch 083 | train_loss=6.0514e-04 | train_eval_loss=4.7378e-04 | val_loss=4.9708e-04 | | lr=1.00e-03
Epoch 084 | train_loss=6.1739e-04 | train_eval_loss=4.8885e-04 | val_loss=5.2281e-04 | | lr=1.00e-03
Epoch 085 | train_loss=5.3816e-04 | train_eval_loss=4.1076e-04 | val_loss=4.4792e-04 | | lr=5.00e-04
Saved best model to results/thesis_model_results/outputs/shortlist_detailed_eval/MTLGSH__mse__minmax__seed42/mtlgsh_state_dict_best.pt
Epoch 086 | train_loss=5.1029e-04 | train_eval_loss=4.1655e-04 | val_loss=4.4135e-04 | | lr=5.00e-04
Saved best model to results/thesis_model_results/outputs/shortlist_detailed_eval/MTLGSH__mse__minmax__seed42/mtlgsh_state_dict_best.pt
Epoch 087 | train_loss=5.2044e-04 | train_eval_loss=3.8441e-04 | val_loss=4.2394e-04 | | lr=5.00e-04
Saved best model to results/thesis_model_results/outputs/shortlist_detailed_eval/MTLGSH__mse__minmax__seed42/mtlgsh_state_dict_best.pt
Epoch 088 | train_loss=5.2252e-04 | train_eval_loss=3.8728e-04 | val_loss=4.2176e-04 | | lr=5.00e-04
Saved best model to results/thesis_model_results/outputs/shortlist_detailed_eval/MTLGSH__mse__minmax__seed42/mtlgsh_state_dict_best.pt
Epoch 089 | train_loss=5.0662e-04 | train_eval_loss=4.3866e-04 | val_loss=4.8146e-04 | | lr=5.00e-04
Epoch 090 | train_loss=5.0625e-04 | train_eval_loss=3.7631e-04 | val_loss=4.1603e-04 | | lr=5.00e-04
Saved best model to results/thesis_model_results/outputs/shortlist_detailed_eval/MTLGSH__mse__minmax__seed42/mtlgsh_state_dict_best.pt
Epoch 091 | train_loss=4.9760e-04 | train_eval_loss=3.8010e-04 | val_loss=4.2130e-04 | | lr=5.00e-04
Epoch 092 | train_loss=5.0005e-04 | train_eval_loss=3.9299e-04 | val_loss=4.3330e-04 | | lr=5.00e-04
Epoch 093 | train_loss=4.9853e-04 | train_eval_loss=3.8833e-04 | val_loss=4.3194e-04 | | lr=5.00e-04
Epoch 094 | train_loss=5.1961e-04 | train_eval_loss=4.0932e-04 | val_loss=4.4179e-04 | | lr=5.00e-04
Epoch 095 | train_loss=5.1247e-04 | train_eval_loss=3.9413e-04 | val_loss=4.3862e-04 | | lr=5.00e-04
Epoch 096 | train_loss=5.4210e-04 | train_eval_loss=4.8577e-04 | val_loss=5.2483e-04 | | lr=5.00e-04
Epoch 097 | train_loss=5.2924e-04 | train_eval_loss=4.5585e-04 | val_loss=4.9371e-04 | | lr=5.00e-04
Epoch 098 | train_loss=4.8826e-04 | train_eval_loss=4.4064e-04 | val_loss=4.8283e-04 | | lr=5.00e-04
Epoch 099 | train_loss=4.9663e-04 | train_eval_loss=3.6303e-04 | val_loss=4.0701e-04 | | lr=5.00e-04
Saved best model to results/thesis_model_results/outputs/shortlist_detailed_eval/MTLGSH__mse__minmax__seed42/mtlgsh_state_dict_best.pt
Epoch 100 | train_loss=5.1674e-04 | train_eval_loss=4.3693e-04 | val_loss=4.7372e-04 | | lr=5.00e-04
Epoch 101 | train_loss=5.1947e-04 | train_eval_loss=4.2572e-04 | val_loss=4.7145e-04 | | lr=5.00e-04
Epoch 102 | train_loss=5.0072e-04 | train_eval_loss=3.8518e-04 | val_loss=4.3068e-04 | | lr=5.00e-04
Epoch 103 | train_loss=4.8352e-04 | train_eval_loss=4.8839e-04 | val_loss=5.4343e-04 | | lr=5.00e-04
Epoch 104 | train_loss=4.8328e-04 | train_eval_loss=3.8528e-04 | val_loss=4.3454e-04 | | lr=5.00e-04
Epoch 105 | train_loss=4.8745e-04 | train_eval_loss=3.5720e-04 | val_loss=4.0203e-04 | | lr=5.00e-04
Saved best model to results/thesis_model_results/outputs/shortlist_detailed_eval/MTLGSH__mse__minmax__seed42/mtlgsh_state_dict_best.pt
Epoch 106 | train_loss=5.0703e-04 | train_eval_loss=3.5930e-04 | val_loss=4.0647e-04 | | lr=5.00e-04
Epoch 107 | train_loss=4.5872e-04 | train_eval_loss=3.9612e-04 | val_loss=4.4162e-04 | | lr=5.00e-04
Epoch 108 | train_loss=4.6652e-04 | train_eval_loss=3.8755e-04 | val_loss=4.3195e-04 | | lr=5.00e-04
Epoch 109 | train_loss=4.8243e-04 | train_eval_loss=5.2786e-04 | val_loss=5.4436e-04 | | lr=5.00e-04
Epoch 110 | train_loss=4.9289e-04 | train_eval_loss=4.2167e-04 | val_loss=4.6651e-04 | | lr=5.00e-04
Epoch 111 | train_loss=4.7043e-04 | train_eval_loss=3.3078e-04 | val_loss=3.7527e-04 | | lr=5.00e-04
Saved best model to results/thesis_model_results/outputs/shortlist_detailed_eval/MTLGSH__mse__minmax__seed42/mtlgsh_state_dict_best.pt
Epoch 112 | train_loss=4.7769e-04 | train_eval_loss=3.5137e-04 | val_loss=4.0632e-04 | | lr=5.00e-04
Epoch 113 | train_loss=4.5833e-04 | train_eval_loss=3.5352e-04 | val_loss=4.0062e-04 | | lr=5.00e-04
Epoch 114 | train_loss=4.6021e-04 | train_eval_loss=3.7277e-04 | val_loss=4.2613e-04 | | lr=5.00e-04
Epoch 115 | train_loss=4.7827e-04 | train_eval_loss=3.4564e-04 | val_loss=4.0194e-04 | | lr=5.00e-04
Epoch 116 | train_loss=4.6129e-04 | train_eval_loss=3.9495e-04 | val_loss=4.5307e-04 | | lr=5.00e-04
Epoch 117 | train_loss=4.7270e-04 | train_eval_loss=4.3589e-04 | val_loss=4.7534e-04 | | lr=5.00e-04
Epoch 118 | train_loss=5.0934e-04 | train_eval_loss=4.1343e-04 | val_loss=4.7244e-04 | | lr=5.00e-04
Epoch 119 | train_loss=4.6443e-04 | train_eval_loss=3.3291e-04 | val_loss=3.8346e-04 | | lr=5.00e-04
Epoch 120 | train_loss=4.5063e-04 | train_eval_loss=3.4267e-04 | val_loss=3.9729e-04 | | lr=5.00e-04
Epoch 121 | train_loss=4.1105e-04 | train_eval_loss=2.9860e-04 | val_loss=3.5818e-04 | | lr=2.50e-04
Saved best model to results/thesis_model_results/outputs/shortlist_detailed_eval/MTLGSH__mse__minmax__seed42/mtlgsh_state_dict_best.pt
Epoch 122 | train_loss=4.0258e-04 | train_eval_loss=2.9987e-04 | val_loss=3.5937e-04 | | lr=2.50e-04
Epoch 123 | train_loss=4.0261e-04 | train_eval_loss=3.0340e-04 | val_loss=3.6179e-04 | | lr=2.50e-04
Epoch 124 | train_loss=3.9768e-04 | train_eval_loss=2.9758e-04 | val_loss=3.5159e-04 | | lr=2.50e-04
Saved best model to results/thesis_model_results/outputs/shortlist_detailed_eval/MTLGSH__mse__minmax__seed42/mtlgsh_state_dict_best.pt
Epoch 125 | train_loss=4.0763e-04 | train_eval_loss=2.9269e-04 | val_loss=3.5366e-04 | | lr=2.50e-04
Epoch 126 | train_loss=3.9837e-04 | train_eval_loss=3.0716e-04 | val_loss=3.6978e-04 | | lr=2.50e-04
Epoch 127 | train_loss=3.9956e-04 | train_eval_loss=3.0308e-04 | val_loss=3.6188e-04 | | lr=2.50e-04
Epoch 128 | train_loss=3.9861e-04 | train_eval_loss=3.1547e-04 | val_loss=3.7735e-04 | | lr=2.50e-04
Epoch 129 | train_loss=4.0318e-04 | train_eval_loss=2.9925e-04 | val_loss=3.5933e-04 | | lr=2.50e-04
Epoch 130 | train_loss=4.0455e-04 | train_eval_loss=2.9229e-04 | val_loss=3.5174e-04 | | lr=2.50e-04
Epoch 131 | train_loss=3.8958e-04 | train_eval_loss=2.8656e-04 | val_loss=3.4371e-04 | | lr=2.50e-04
Saved best model to results/thesis_model_results/outputs/shortlist_detailed_eval/MTLGSH__mse__minmax__seed42/mtlgsh_state_dict_best.pt
Epoch 132 | train_loss=3.8565e-04 | train_eval_loss=3.2190e-04 | val_loss=3.8809e-04 | | lr=2.50e-04
Epoch 133 | train_loss=3.9416e-04 | train_eval_loss=3.1913e-04 | val_loss=3.7981e-04 | | lr=2.50e-04
Epoch 134 | train_loss=3.9353e-04 | train_eval_loss=2.9459e-04 | val_loss=3.6113e-04 | | lr=2.50e-04
Epoch 135 | train_loss=3.8571e-04 | train_eval_loss=2.9804e-04 | val_loss=3.6634e-04 | | lr=2.50e-04
Epoch 136 | train_loss=4.0069e-04 | train_eval_loss=3.1204e-04 | val_loss=3.7892e-04 | | lr=2.50e-04
Epoch 137 | train_loss=4.0975e-04 | train_eval_loss=3.0740e-04 | val_loss=3.6766e-04 | | lr=2.50e-04
Epoch 138 | train_loss=3.9285e-04 | train_eval_loss=2.9704e-04 | val_loss=3.6246e-04 | | lr=2.50e-04
Epoch 139 | train_loss=3.8994e-04 | train_eval_loss=2.8885e-04 | val_loss=3.5035e-04 | | lr=2.50e-04
Epoch 140 | train_loss=3.7966e-04 | train_eval_loss=2.8668e-04 | val_loss=3.4479e-04 | | lr=2.50e-04
Epoch 141 | train_loss=3.6257e-04 | train_eval_loss=2.7365e-04 | val_loss=3.4537e-04 | | lr=1.25e-04
Epoch 142 | train_loss=3.6170e-04 | train_eval_loss=2.6426e-04 | val_loss=3.3647e-04 | | lr=1.25e-04
Saved best model to results/thesis_model_results/outputs/shortlist_detailed_eval/MTLGSH__mse__minmax__seed42/mtlgsh_state_dict_best.pt
Epoch 143 | train_loss=3.6487e-04 | train_eval_loss=2.6568e-04 | val_loss=3.4127e-04 | | lr=1.25e-04
Epoch 144 | train_loss=3.6225e-04 | train_eval_loss=2.6828e-04 | val_loss=3.4072e-04 | | lr=1.25e-04
Epoch 145 | train_loss=3.6150e-04 | train_eval_loss=2.5665e-04 | val_loss=3.2659e-04 | | lr=1.25e-04
Saved best model to results/thesis_model_results/outputs/shortlist_detailed_eval/MTLGSH__mse__minmax__seed42/mtlgsh_state_dict_best.pt
Epoch 146 | train_loss=3.6321e-04 | train_eval_loss=2.7049e-04 | val_loss=3.4036e-04 | | lr=1.25e-04
Epoch 147 | train_loss=3.5969e-04 | train_eval_loss=2.5558e-04 | val_loss=3.2585e-04 | | lr=1.25e-04
Saved best model to results/thesis_model_results/outputs/shortlist_detailed_eval/MTLGSH__mse__minmax__seed42/mtlgsh_state_dict_best.pt
Epoch 148 | train_loss=3.5918e-04 | train_eval_loss=2.5995e-04 | val_loss=3.2939e-04 | | lr=1.25e-04
Epoch 149 | train_loss=3.5981e-04 | train_eval_loss=2.5790e-04 | val_loss=3.2945e-04 | | lr=1.25e-04
Epoch 150 | train_loss=3.6304e-04 | train_eval_loss=2.5998e-04 | val_loss=3.3131e-04 | | lr=1.25e-04
Epoch 151 | train_loss=3.5463e-04 | train_eval_loss=2.5306e-04 | val_loss=3.3016e-04 | | lr=1.25e-04
Epoch 152 | train_loss=3.5640e-04 | train_eval_loss=2.5472e-04 | val_loss=3.2373e-04 | | lr=1.25e-04
Saved best model to results/thesis_model_results/outputs/shortlist_detailed_eval/MTLGSH__mse__minmax__seed42/mtlgsh_state_dict_best.pt
Epoch 153 | train_loss=3.5467e-04 | train_eval_loss=2.5996e-04 | val_loss=3.3535e-04 | | lr=1.25e-04
Epoch 154 | train_loss=3.5406e-04 | train_eval_loss=2.5642e-04 | val_loss=3.3116e-04 | | lr=1.25e-04
Epoch 155 | train_loss=3.5309e-04 | train_eval_loss=2.5708e-04 | val_loss=3.2845e-04 | | lr=1.25e-04
Epoch 156 | train_loss=3.6302e-04 | train_eval_loss=2.9693e-04 | val_loss=3.7445e-04 | | lr=1.25e-04
Epoch 157 | train_loss=3.5327e-04 | train_eval_loss=2.5334e-04 | val_loss=3.2533e-04 | | lr=1.25e-04
Epoch 158 | train_loss=3.5389e-04 | train_eval_loss=2.5526e-04 | val_loss=3.3281e-04 | | lr=1.25e-04
Epoch 159 | train_loss=3.5032e-04 | train_eval_loss=2.5637e-04 | val_loss=3.2965e-04 | | lr=1.25e-04
Epoch 160 | train_loss=3.6319e-04 | train_eval_loss=2.5232e-04 | val_loss=3.2511e-04 | | lr=1.25e-04
Epoch 161 | train_loss=3.5504e-04 | train_eval_loss=2.5154e-04 | val_loss=3.2054e-04 | | lr=1.25e-04
Saved best model to results/thesis_model_results/outputs/shortlist_detailed_eval/MTLGSH__mse__minmax__seed42/mtlgsh_state_dict_best.pt
Epoch 162 | train_loss=3.5785e-04 | train_eval_loss=2.5553e-04 | val_loss=3.2666e-04 | | lr=1.25e-04
Epoch 163 | train_loss=3.5282e-04 | train_eval_loss=2.5020e-04 | val_loss=3.2889e-04 | | lr=1.25e-04
Epoch 164 | train_loss=3.6701e-04 | train_eval_loss=2.7286e-04 | val_loss=3.4151e-04 | | lr=1.25e-04
Epoch 165 | train_loss=3.5755e-04 | train_eval_loss=2.4953e-04 | val_loss=3.2695e-04 | | lr=1.25e-04
Epoch 166 | train_loss=3.5143e-04 | train_eval_loss=2.4972e-04 | val_loss=3.2328e-04 | | lr=1.25e-04
Epoch 167 | train_loss=3.4766e-04 | train_eval_loss=2.5945e-04 | val_loss=3.3314e-04 | | lr=1.25e-04
Epoch 168 | train_loss=3.5200e-04 | train_eval_loss=2.4302e-04 | val_loss=3.1808e-04 | | lr=1.25e-04
Saved best model to results/thesis_model_results/outputs/shortlist_detailed_eval/MTLGSH__mse__minmax__seed42/mtlgsh_state_dict_best.pt
Epoch 169 | train_loss=3.4845e-04 | train_eval_loss=2.4444e-04 | val_loss=3.2005e-04 | | lr=1.25e-04
Epoch 170 | train_loss=3.4939e-04 | train_eval_loss=2.6264e-04 | val_loss=3.4201e-04 | | lr=1.25e-04
Epoch 171 | train_loss=3.4526e-04 | train_eval_loss=2.5539e-04 | val_loss=3.3393e-04 | | lr=1.25e-04
Epoch 172 | train_loss=3.4383e-04 | train_eval_loss=2.4554e-04 | val_loss=3.2495e-04 | | lr=1.25e-04
Epoch 173 | train_loss=3.5140e-04 | train_eval_loss=3.1486e-04 | val_loss=3.9139e-04 | | lr=1.25e-04
Epoch 174 | train_loss=3.4986e-04 | train_eval_loss=2.3985e-04 | val_loss=3.1862e-04 | | lr=1.25e-04
Epoch 175 | train_loss=3.4900e-04 | train_eval_loss=2.4463e-04 | val_loss=3.2093e-04 | | lr=1.25e-04
Epoch 176 | train_loss=3.4507e-04 | train_eval_loss=2.4518e-04 | val_loss=3.2133e-04 | | lr=1.25e-04
Epoch 177 | train_loss=3.4094e-04 | train_eval_loss=2.3795e-04 | val_loss=3.1227e-04 | | lr=1.25e-04
Saved best model to results/thesis_model_results/outputs/shortlist_detailed_eval/MTLGSH__mse__minmax__seed42/mtlgsh_state_dict_best.pt
Epoch 178 | train_loss=3.4746e-04 | train_eval_loss=2.4148e-04 | val_loss=3.1847e-04 | | lr=1.25e-04
Epoch 179 | train_loss=3.3344e-04 | train_eval_loss=2.3278e-04 | val_loss=3.0842e-04 | | lr=1.25e-04
Saved best model to results/thesis_model_results/outputs/shortlist_detailed_eval/MTLGSH__mse__minmax__seed42/mtlgsh_state_dict_best.pt
Epoch 180 | train_loss=3.3421e-04 | train_eval_loss=2.5775e-04 | val_loss=3.3562e-04 | | lr=1.25e-04
Epoch 181 | train_loss=3.3995e-04 | train_eval_loss=2.3773e-04 | val_loss=3.1385e-04 | | lr=1.25e-04
Epoch 182 | train_loss=3.3294e-04 | train_eval_loss=2.4430e-04 | val_loss=3.1994e-04 | | lr=1.25e-04
Epoch 183 | train_loss=3.3968e-04 | train_eval_loss=2.4072e-04 | val_loss=3.1551e-04 | | lr=1.25e-04
Epoch 184 | train_loss=3.4812e-04 | train_eval_loss=2.4870e-04 | val_loss=3.2864e-04 | | lr=1.25e-04
Epoch 185 | train_loss=3.4627e-04 | train_eval_loss=2.4036e-04 | val_loss=3.1731e-04 | | lr=1.25e-04
Epoch 186 | train_loss=3.3849e-04 | train_eval_loss=2.4842e-04 | val_loss=3.2971e-04 | | lr=1.25e-04
Epoch 187 | train_loss=3.3778e-04 | train_eval_loss=2.3387e-04 | val_loss=3.1158e-04 | | lr=1.25e-04
Epoch 188 | train_loss=3.3249e-04 | train_eval_loss=2.3408e-04 | val_loss=3.1250e-04 | | lr=1.25e-04
Epoch 189 | train_loss=3.2539e-04 | train_eval_loss=2.2079e-04 | val_loss=3.0245e-04 | | lr=6.25e-05
Saved best model to results/thesis_model_results/outputs/shortlist_detailed_eval/MTLGSH__mse__minmax__seed42/mtlgsh_state_dict_best.pt
Epoch 190 | train_loss=3.2036e-04 | train_eval_loss=2.2614e-04 | val_loss=3.0754e-04 | | lr=6.25e-05
Epoch 191 | train_loss=3.2363e-04 | train_eval_loss=2.2753e-04 | val_loss=3.0640e-04 | | lr=6.25e-05
Epoch 192 | train_loss=3.2152e-04 | train_eval_loss=2.2539e-04 | val_loss=3.0655e-04 | | lr=6.25e-05
Epoch 193 | train_loss=3.2005e-04 | train_eval_loss=2.1905e-04 | val_loss=3.0175e-04 | | lr=6.25e-05
Saved best model to results/thesis_model_results/outputs/shortlist_detailed_eval/MTLGSH__mse__minmax__seed42/mtlgsh_state_dict_best.pt
Epoch 194 | train_loss=3.2288e-04 | train_eval_loss=2.2690e-04 | val_loss=3.0605e-04 | | lr=6.25e-05
Epoch 195 | train_loss=3.1980e-04 | train_eval_loss=2.2143e-04 | val_loss=3.0355e-04 | | lr=6.25e-05
Epoch 196 | train_loss=3.1955e-04 | train_eval_loss=2.2306e-04 | val_loss=3.0510e-04 | | lr=6.25e-05
Epoch 197 | train_loss=3.1937e-04 | train_eval_loss=2.2008e-04 | val_loss=3.0124e-04 | | lr=6.25e-05
Saved best model to results/thesis_model_results/outputs/shortlist_detailed_eval/MTLGSH__mse__minmax__seed42/mtlgsh_state_dict_best.pt
Epoch 198 | train_loss=3.2004e-04 | train_eval_loss=2.3471e-04 | val_loss=3.1746e-04 | | lr=6.25e-05
Epoch 199 | train_loss=3.1909e-04 | train_eval_loss=2.2085e-04 | val_loss=3.0106e-04 | | lr=6.25e-05
Saved best model to results/thesis_model_results/outputs/shortlist_detailed_eval/MTLGSH__mse__minmax__seed42/mtlgsh_state_dict_best.pt
Epoch 200 | train_loss=3.1936e-04 | train_eval_loss=2.2727e-04 | val_loss=3.0676e-04 | | lr=6.25e-05
Saved training logs to results/thesis_model_results/outputs/shortlist_detailed_eval/MTLGSH__mse__minmax__seed42/training_summary.txt
Test RMSE(rocof_COI) = 0.0117 | norm: 0.0089 | real_diff: 0.0075
Test RMSE(dev_COI) = 0.0184 | norm: 0.0068 | real_diff: 0.0096
Test RMSE(Delta_P_IBR_1) = 0.1100 | norm: 0.0174 | real_diff: 0.0711
Test RMSE(Delta_P_IBR_2) = 0.1036 | norm: 0.0144 | real_diff: 0.0587
Test RMSE(Delta_P_IBR_3) = 0.1632 | norm: 0.0287 | real_diff: 0.0825
Test RMSE(Delta_P_IBR_4) = 0.1821 | norm: 0.0188 | real_diff: 0.1154
Saved RMSE results to results/thesis_model_results/outputs/shortlist_detailed_eval/MTLGSH__mse__minmax__seed42/rmse_results.txt
Saved detailed metrics to results/thesis_model_results/outputs/shortlist_detailed_eval/MTLGSH__mse__minmax__seed42/metrics_by_target.csv
Saved aggregate metrics to results/thesis_model_results/outputs/shortlist_detailed_eval/MTLGSH__mse__minmax__seed42/metrics_summary.json
Saved test predictions to results/thesis_model_results/outputs/shortlist_detailed_eval/MTLGSH__mse__minmax__seed42/test_predictions.csv
Saved loss curves to results/thesis_model_results/outputs/shortlist_detailed_eval/MTLGSH__mse__minmax__seed42/loss_curve.png
Saved scatter plot results/thesis_model_results/outputs/shortlist_detailed_eval/MTLGSH__mse__minmax__seed42/scatter_rocof_COI.png
Saved scatter plot results/thesis_model_results/outputs/shortlist_detailed_eval/MTLGSH__mse__minmax__seed42/scatter_dev_COI.png
Saved scatter plot results/thesis_model_results/outputs/shortlist_detailed_eval/MTLGSH__mse__minmax__seed42/scatter_Delta_P_IBR_1.png
Saved scatter plot results/thesis_model_results/outputs/shortlist_detailed_eval/MTLGSH__mse__minmax__seed42/scatter_Delta_P_IBR_2.png
Saved scatter plot results/thesis_model_results/outputs/shortlist_detailed_eval/MTLGSH__mse__minmax__seed42/scatter_Delta_P_IBR_3.png
Saved scatter plot results/thesis_model_results/outputs/shortlist_detailed_eval/MTLGSH__mse__minmax__seed42/scatter_Delta_P_IBR_4.png
Saved model to results/thesis_model_results/outputs/shortlist_detailed_eval/MTLGSH__mse__minmax__seed42/mtlgsh_state_dict.pt
Loss type: mse | weights=[]
Target stats (scaled):
train mean=[0.549  0.589  0.492  0.4884 0.4785 0.4192]
train std=[0.1365 0.1371 0.1141 0.1063 0.1158 0.1138]
train q05=[0.3074 0.3979 0.3192 0.303  0.3347 0.2205]
train q95=[0.7933 0.8652 0.6719 0.6491 0.6927 0.6016]
val mean=[0.5473 0.5873 0.4922 0.4893 0.4798 0.4201]
val std=[0.1343 0.1348 0.1123 0.1072 0.1141 0.1112]
val q05=[0.3103 0.3982 0.3195 0.303  0.3376 0.2251]
val q95=[0.7886 0.8626 0.6731 0.6514 0.6918 0.5984]
val/train std ratio=[0.984  0.9828 0.9844 1.0084 0.9848 0.9772]
LR scheduler: ReduceLROnPlateau (factor=0.5, patience=8, min_lr=1e-07)
Epoch 001 | train_loss=2.2294e+08 | train_eval_loss=6.9569e+00 | val_loss=6.9550e+00 | | lr=1.00e-03
Saved best model to results/thesis_model_results/outputs/shortlist_detailed_eval/PICNN_MTLSH__mse__minmax__seed42/picnn_mtlsh_state_dict_best.pt
Epoch 002 | train_loss=6.9582e+00 | train_eval_loss=6.9487e+00 | val_loss=6.9468e+00 | | lr=1.00e-03
Saved best model to results/thesis_model_results/outputs/shortlist_detailed_eval/PICNN_MTLSH__mse__minmax__seed42/picnn_mtlsh_state_dict_best.pt
Epoch 003 | train_loss=6.9356e+00 | train_eval_loss=6.9208e+00 | val_loss=6.9189e+00 | | lr=1.00e-03
Saved best model to results/thesis_model_results/outputs/shortlist_detailed_eval/PICNN_MTLSH__mse__minmax__seed42/picnn_mtlsh_state_dict_best.pt
Epoch 004 | train_loss=6.9049e+00 | train_eval_loss=6.8873e+00 | val_loss=6.8854e+00 | | lr=1.00e-03
Saved best model to results/thesis_model_results/outputs/shortlist_detailed_eval/PICNN_MTLSH__mse__minmax__seed42/picnn_mtlsh_state_dict_best.pt
Epoch 005 | train_loss=6.8689e+00 | train_eval_loss=6.8489e+00 | val_loss=6.8470e+00 | | lr=1.00e-03
Saved best model to results/thesis_model_results/outputs/shortlist_detailed_eval/PICNN_MTLSH__mse__minmax__seed42/picnn_mtlsh_state_dict_best.pt
Epoch 006 | train_loss=6.8282e+00 | train_eval_loss=6.8058e+00 | val_loss=6.8040e+00 | | lr=1.00e-03
Saved best model to results/thesis_model_results/outputs/shortlist_detailed_eval/PICNN_MTLSH__mse__minmax__seed42/picnn_mtlsh_state_dict_best.pt
Epoch 007 | train_loss=6.7831e+00 | train_eval_loss=6.7585e+00 | val_loss=6.7566e+00 | | lr=1.00e-03
Saved best model to results/thesis_model_results/outputs/shortlist_detailed_eval/PICNN_MTLSH__mse__minmax__seed42/picnn_mtlsh_state_dict_best.pt
Epoch 008 | train_loss=6.7338e+00 | train_eval_loss=6.7071e+00 | val_loss=6.7053e+00 | | lr=1.00e-03
Saved best model to results/thesis_model_results/outputs/shortlist_detailed_eval/PICNN_MTLSH__mse__minmax__seed42/picnn_mtlsh_state_dict_best.pt
Epoch 009 | train_loss=6.6805e+00 | train_eval_loss=6.6518e+00 | val_loss=6.6499e+00 | | lr=1.00e-03
Saved best model to results/thesis_model_results/outputs/shortlist_detailed_eval/PICNN_MTLSH__mse__minmax__seed42/picnn_mtlsh_state_dict_best.pt
Epoch 010 | train_loss=6.6233e+00 | train_eval_loss=6.5928e+00 | val_loss=6.5909e+00 | | lr=1.00e-03
Saved best model to results/thesis_model_results/outputs/shortlist_detailed_eval/PICNN_MTLSH__mse__minmax__seed42/picnn_mtlsh_state_dict_best.pt
Epoch 011 | train_loss=6.5625e+00 | train_eval_loss=6.5301e+00 | val_loss=6.5282e+00 | | lr=1.00e-03
Saved best model to results/thesis_model_results/outputs/shortlist_detailed_eval/PICNN_MTLSH__mse__minmax__seed42/picnn_mtlsh_state_dict_best.pt
Epoch 012 | train_loss=6.4981e+00 | train_eval_loss=6.4639e+00 | val_loss=6.4619e+00 | | lr=1.00e-03
Saved best model to results/thesis_model_results/outputs/shortlist_detailed_eval/PICNN_MTLSH__mse__minmax__seed42/picnn_mtlsh_state_dict_best.pt
Epoch 013 | train_loss=6.4301e+00 | train_eval_loss=6.3942e+00 | val_loss=6.3923e+00 | | lr=1.00e-03
Saved best model to results/thesis_model_results/outputs/shortlist_detailed_eval/PICNN_MTLSH__mse__minmax__seed42/picnn_mtlsh_state_dict_best.pt
Epoch 014 | train_loss=6.3588e+00 | train_eval_loss=6.3212e+00 | val_loss=6.3192e+00 | | lr=1.00e-03
Saved best model to results/thesis_model_results/outputs/shortlist_detailed_eval/PICNN_MTLSH__mse__minmax__seed42/picnn_mtlsh_state_dict_best.pt
Epoch 015 | train_loss=6.2842e+00 | train_eval_loss=6.2449e+00 | val_loss=6.2430e+00 | | lr=1.00e-03
Saved best model to results/thesis_model_results/outputs/shortlist_detailed_eval/PICNN_MTLSH__mse__minmax__seed42/picnn_mtlsh_state_dict_best.pt
Epoch 016 | train_loss=6.2064e+00 | train_eval_loss=6.1655e+00 | val_loss=6.1635e+00 | | lr=1.00e-03
Saved best model to results/thesis_model_results/outputs/shortlist_detailed_eval/PICNN_MTLSH__mse__minmax__seed42/picnn_mtlsh_state_dict_best.pt
Epoch 017 | train_loss=6.1254e+00 | train_eval_loss=6.0829e+00 | val_loss=6.0809e+00 | | lr=1.00e-03
Saved best model to results/thesis_model_results/outputs/shortlist_detailed_eval/PICNN_MTLSH__mse__minmax__seed42/picnn_mtlsh_state_dict_best.pt
Epoch 018 | train_loss=6.0414e+00 | train_eval_loss=5.9973e+00 | val_loss=5.9953e+00 | | lr=1.00e-03
Saved best model to results/thesis_model_results/outputs/shortlist_detailed_eval/PICNN_MTLSH__mse__minmax__seed42/picnn_mtlsh_state_dict_best.pt
Epoch 019 | train_loss=5.9543e+00 | train_eval_loss=5.9087e+00 | val_loss=5.9068e+00 | | lr=1.00e-03
Saved best model to results/thesis_model_results/outputs/shortlist_detailed_eval/PICNN_MTLSH__mse__minmax__seed42/picnn_mtlsh_state_dict_best.pt
Epoch 020 | train_loss=5.8644e+00 | train_eval_loss=5.8173e+00 | val_loss=5.8153e+00 | | lr=1.00e-03
Saved best model to results/thesis_model_results/outputs/shortlist_detailed_eval/PICNN_MTLSH__mse__minmax__seed42/picnn_mtlsh_state_dict_best.pt
Epoch 021 | train_loss=5.7716e+00 | train_eval_loss=5.7232e+00 | val_loss=5.7212e+00 | | lr=1.00e-03
Saved best model to results/thesis_model_results/outputs/shortlist_detailed_eval/PICNN_MTLSH__mse__minmax__seed42/picnn_mtlsh_state_dict_best.pt
Epoch 022 | train_loss=5.6761e+00 | train_eval_loss=5.6262e+00 | val_loss=5.6242e+00 | | lr=1.00e-03
Saved best model to results/thesis_model_results/outputs/shortlist_detailed_eval/PICNN_MTLSH__mse__minmax__seed42/picnn_mtlsh_state_dict_best.pt
Epoch 023 | train_loss=5.5779e+00 | train_eval_loss=5.5268e+00 | val_loss=5.5248e+00 | | lr=1.00e-03
Saved best model to results/thesis_model_results/outputs/shortlist_detailed_eval/PICNN_MTLSH__mse__minmax__seed42/picnn_mtlsh_state_dict_best.pt
Epoch 024 | train_loss=5.4772e+00 | train_eval_loss=5.4248e+00 | val_loss=5.4228e+00 | | lr=1.00e-03
Saved best model to results/thesis_model_results/outputs/shortlist_detailed_eval/PICNN_MTLSH__mse__minmax__seed42/picnn_mtlsh_state_dict_best.pt
Epoch 025 | train_loss=5.3740e+00 | train_eval_loss=5.3204e+00 | val_loss=5.3183e+00 | | lr=1.00e-03
Saved best model to results/thesis_model_results/outputs/shortlist_detailed_eval/PICNN_MTLSH__mse__minmax__seed42/picnn_mtlsh_state_dict_best.pt
Epoch 026 | train_loss=5.2685e+00 | train_eval_loss=5.2137e+00 | val_loss=5.2116e+00 | | lr=1.00e-03
Saved best model to results/thesis_model_results/outputs/shortlist_detailed_eval/PICNN_MTLSH__mse__minmax__seed42/picnn_mtlsh_state_dict_best.pt
Epoch 027 | train_loss=5.1607e+00 | train_eval_loss=5.1047e+00 | val_loss=5.1026e+00 | | lr=1.00e-03
Saved best model to results/thesis_model_results/outputs/shortlist_detailed_eval/PICNN_MTLSH__mse__minmax__seed42/picnn_mtlsh_state_dict_best.pt
Epoch 028 | train_loss=5.0507e+00 | train_eval_loss=4.9937e+00 | val_loss=4.9916e+00 | | lr=1.00e-03
Saved best model to results/thesis_model_results/outputs/shortlist_detailed_eval/PICNN_MTLSH__mse__minmax__seed42/picnn_mtlsh_state_dict_best.pt
Epoch 029 | train_loss=4.9387e+00 | train_eval_loss=4.8807e+00 | val_loss=4.8786e+00 | | lr=1.00e-03
Saved best model to results/thesis_model_results/outputs/shortlist_detailed_eval/PICNN_MTLSH__mse__minmax__seed42/picnn_mtlsh_state_dict_best.pt
Epoch 030 | train_loss=4.8248e+00 | train_eval_loss=4.7658e+00 | val_loss=4.7637e+00 | | lr=1.00e-03
Saved best model to results/thesis_model_results/outputs/shortlist_detailed_eval/PICNN_MTLSH__mse__minmax__seed42/picnn_mtlsh_state_dict_best.pt
Epoch 031 | train_loss=4.7090e+00 | train_eval_loss=4.6492e+00 | val_loss=4.6471e+00 | | lr=1.00e-03
Saved best model to results/thesis_model_results/outputs/shortlist_detailed_eval/PICNN_MTLSH__mse__minmax__seed42/picnn_mtlsh_state_dict_best.pt
Epoch 032 | train_loss=4.5917e+00 | train_eval_loss=4.5310e+00 | val_loss=4.5289e+00 | | lr=1.00e-03
Saved best model to results/thesis_model_results/outputs/shortlist_detailed_eval/PICNN_MTLSH__mse__minmax__seed42/picnn_mtlsh_state_dict_best.pt
Epoch 033 | train_loss=4.4727e+00 | train_eval_loss=4.4114e+00 | val_loss=4.4093e+00 | | lr=1.00e-03
Saved best model to results/thesis_model_results/outputs/shortlist_detailed_eval/PICNN_MTLSH__mse__minmax__seed42/picnn_mtlsh_state_dict_best.pt
Epoch 034 | train_loss=4.3525e+00 | train_eval_loss=4.2905e+00 | val_loss=4.2883e+00 | | lr=1.00e-03
Saved best model to results/thesis_model_results/outputs/shortlist_detailed_eval/PICNN_MTLSH__mse__minmax__seed42/picnn_mtlsh_state_dict_best.pt
Epoch 035 | train_loss=4.2310e+00 | train_eval_loss=4.1684e+00 | val_loss=4.1663e+00 | | lr=1.00e-03
Saved best model to results/thesis_model_results/outputs/shortlist_detailed_eval/PICNN_MTLSH__mse__minmax__seed42/picnn_mtlsh_state_dict_best.pt
Epoch 036 | train_loss=4.1084e+00 | train_eval_loss=4.0454e+00 | val_loss=4.0432e+00 | | lr=1.00e-03
Saved best model to results/thesis_model_results/outputs/shortlist_detailed_eval/PICNN_MTLSH__mse__minmax__seed42/picnn_mtlsh_state_dict_best.pt
Epoch 037 | train_loss=3.9850e+00 | train_eval_loss=3.9215e+00 | val_loss=3.9193e+00 | | lr=1.00e-03
Saved best model to results/thesis_model_results/outputs/shortlist_detailed_eval/PICNN_MTLSH__mse__minmax__seed42/picnn_mtlsh_state_dict_best.pt
Epoch 038 | train_loss=3.8608e+00 | train_eval_loss=3.7970e+00 | val_loss=3.7948e+00 | | lr=1.00e-03
Saved best model to results/thesis_model_results/outputs/shortlist_detailed_eval/PICNN_MTLSH__mse__minmax__seed42/picnn_mtlsh_state_dict_best.pt
Epoch 039 | train_loss=3.7360e+00 | train_eval_loss=3.6720e+00 | val_loss=3.6698e+00 | | lr=1.00e-03
Saved best model to results/thesis_model_results/outputs/shortlist_detailed_eval/PICNN_MTLSH__mse__minmax__seed42/picnn_mtlsh_state_dict_best.pt
Epoch 040 | train_loss=3.6109e+00 | train_eval_loss=3.5467e+00 | val_loss=3.5445e+00 | | lr=1.00e-03
Saved best model to results/thesis_model_results/outputs/shortlist_detailed_eval/PICNN_MTLSH__mse__minmax__seed42/picnn_mtlsh_state_dict_best.pt
Epoch 041 | train_loss=3.4856e+00 | train_eval_loss=3.4214e+00 | val_loss=3.4192e+00 | | lr=1.00e-03
Saved best model to results/thesis_model_results/outputs/shortlist_detailed_eval/PICNN_MTLSH__mse__minmax__seed42/picnn_mtlsh_state_dict_best.pt
Epoch 042 | train_loss=3.3602e+00 | train_eval_loss=3.2960e+00 | val_loss=3.2938e+00 | | lr=1.00e-03
Saved best model to results/thesis_model_results/outputs/shortlist_detailed_eval/PICNN_MTLSH__mse__minmax__seed42/picnn_mtlsh_state_dict_best.pt
Epoch 043 | train_loss=3.2350e+00 | train_eval_loss=3.1710e+00 | val_loss=3.1688e+00 | | lr=1.00e-03
Saved best model to results/thesis_model_results/outputs/shortlist_detailed_eval/PICNN_MTLSH__mse__minmax__seed42/picnn_mtlsh_state_dict_best.pt
Epoch 044 | train_loss=3.1101e+00 | train_eval_loss=3.0464e+00 | val_loss=3.0442e+00 | | lr=1.00e-03
Saved best model to results/thesis_model_results/outputs/shortlist_detailed_eval/PICNN_MTLSH__mse__minmax__seed42/picnn_mtlsh_state_dict_best.pt
Epoch 045 | train_loss=2.9858e+00 | train_eval_loss=2.9225e+00 | val_loss=2.9203e+00 | | lr=1.00e-03
Saved best model to results/thesis_model_results/outputs/shortlist_detailed_eval/PICNN_MTLSH__mse__minmax__seed42/picnn_mtlsh_state_dict_best.pt
Epoch 046 | train_loss=2.8623e+00 | train_eval_loss=2.7994e+00 | val_loss=2.7972e+00 | | lr=1.00e-03
Saved best model to results/thesis_model_results/outputs/shortlist_detailed_eval/PICNN_MTLSH__mse__minmax__seed42/picnn_mtlsh_state_dict_best.pt
Epoch 047 | train_loss=2.7397e+00 | train_eval_loss=2.6774e+00 | val_loss=2.6752e+00 | | lr=1.00e-03
Saved best model to results/thesis_model_results/outputs/shortlist_detailed_eval/PICNN_MTLSH__mse__minmax__seed42/picnn_mtlsh_state_dict_best.pt
Epoch 048 | train_loss=2.6183e+00 | train_eval_loss=2.5567e+00 | val_loss=2.5545e+00 | | lr=1.00e-03
Saved best model to results/thesis_model_results/outputs/shortlist_detailed_eval/PICNN_MTLSH__mse__minmax__seed42/picnn_mtlsh_state_dict_best.pt
Epoch 049 | train_loss=2.4984e+00 | train_eval_loss=2.4375e+00 | val_loss=2.4353e+00 | | lr=1.00e-03
Saved best model to results/thesis_model_results/outputs/shortlist_detailed_eval/PICNN_MTLSH__mse__minmax__seed42/picnn_mtlsh_state_dict_best.pt
Epoch 050 | train_loss=2.3799e+00 | train_eval_loss=2.3199e+00 | val_loss=2.3177e+00 | | lr=1.00e-03
Saved best model to results/thesis_model_results/outputs/shortlist_detailed_eval/PICNN_MTLSH__mse__minmax__seed42/picnn_mtlsh_state_dict_best.pt
Epoch 051 | train_loss=2.2632e+00 | train_eval_loss=2.2041e+00 | val_loss=2.2019e+00 | | lr=1.00e-03
Saved best model to results/thesis_model_results/outputs/shortlist_detailed_eval/PICNN_MTLSH__mse__minmax__seed42/picnn_mtlsh_state_dict_best.pt
Epoch 052 | train_loss=2.1485e+00 | train_eval_loss=2.0904e+00 | val_loss=2.0883e+00 | | lr=1.00e-03
Saved best model to results/thesis_model_results/outputs/shortlist_detailed_eval/PICNN_MTLSH__mse__minmax__seed42/picnn_mtlsh_state_dict_best.pt
Epoch 053 | train_loss=2.0359e+00 | train_eval_loss=1.9791e+00 | val_loss=1.9769e+00 | | lr=1.00e-03
Saved best model to results/thesis_model_results/outputs/shortlist_detailed_eval/PICNN_MTLSH__mse__minmax__seed42/picnn_mtlsh_state_dict_best.pt
Epoch 054 | train_loss=1.9256e+00 | train_eval_loss=1.8701e+00 | val_loss=1.8680e+00 | | lr=1.00e-03
Saved best model to results/thesis_model_results/outputs/shortlist_detailed_eval/PICNN_MTLSH__mse__minmax__seed42/picnn_mtlsh_state_dict_best.pt
Epoch 055 | train_loss=1.8179e+00 | train_eval_loss=1.7636e+00 | val_loss=1.7615e+00 | | lr=1.00e-03
Saved best model to results/thesis_model_results/outputs/shortlist_detailed_eval/PICNN_MTLSH__mse__minmax__seed42/picnn_mtlsh_state_dict_best.pt
Epoch 056 | train_loss=1.7128e+00 | train_eval_loss=1.6600e+00 | val_loss=1.6580e+00 | | lr=1.00e-03
Saved best model to results/thesis_model_results/outputs/shortlist_detailed_eval/PICNN_MTLSH__mse__minmax__seed42/picnn_mtlsh_state_dict_best.pt
Epoch 057 | train_loss=1.6106e+00 | train_eval_loss=1.5593e+00 | val_loss=1.5573e+00 | | lr=1.00e-03
Saved best model to results/thesis_model_results/outputs/shortlist_detailed_eval/PICNN_MTLSH__mse__minmax__seed42/picnn_mtlsh_state_dict_best.pt
Epoch 058 | train_loss=1.5114e+00 | train_eval_loss=1.4617e+00 | val_loss=1.4596e+00 | | lr=1.00e-03
Saved best model to results/thesis_model_results/outputs/shortlist_detailed_eval/PICNN_MTLSH__mse__minmax__seed42/picnn_mtlsh_state_dict_best.pt
Epoch 059 | train_loss=1.4153e+00 | train_eval_loss=1.3672e+00 | val_loss=1.3652e+00 | | lr=1.00e-03
Saved best model to results/thesis_model_results/outputs/shortlist_detailed_eval/PICNN_MTLSH__mse__minmax__seed42/picnn_mtlsh_state_dict_best.pt
Epoch 060 | train_loss=1.3224e+00 | train_eval_loss=1.2760e+00 | val_loss=1.2741e+00 | | lr=1.00e-03
Saved best model to results/thesis_model_results/outputs/shortlist_detailed_eval/PICNN_MTLSH__mse__minmax__seed42/picnn_mtlsh_state_dict_best.pt
Epoch 061 | train_loss=1.2329e+00 | train_eval_loss=1.1884e+00 | val_loss=1.1864e+00 | | lr=1.00e-03
Saved best model to results/thesis_model_results/outputs/shortlist_detailed_eval/PICNN_MTLSH__mse__minmax__seed42/picnn_mtlsh_state_dict_best.pt
Epoch 062 | train_loss=1.1470e+00 | train_eval_loss=1.1042e+00 | val_loss=1.1023e+00 | | lr=1.00e-03
Saved best model to results/thesis_model_results/outputs/shortlist_detailed_eval/PICNN_MTLSH__mse__minmax__seed42/picnn_mtlsh_state_dict_best.pt
Epoch 063 | train_loss=1.0645e+00 | train_eval_loss=1.0236e+00 | val_loss=1.0217e+00 | | lr=1.00e-03
Saved best model to results/thesis_model_results/outputs/shortlist_detailed_eval/PICNN_MTLSH__mse__minmax__seed42/picnn_mtlsh_state_dict_best.pt
Epoch 064 | train_loss=9.8575e-01 | train_eval_loss=9.4673e-01 | val_loss=9.4486e-01 | | lr=1.00e-03
Saved best model to results/thesis_model_results/outputs/shortlist_detailed_eval/PICNN_MTLSH__mse__minmax__seed42/picnn_mtlsh_state_dict_best.pt
Epoch 065 | train_loss=9.1064e-01 | train_eval_loss=8.7348e-01 | val_loss=8.7164e-01 | | lr=1.00e-03
Saved best model to results/thesis_model_results/outputs/shortlist_detailed_eval/PICNN_MTLSH__mse__minmax__seed42/picnn_mtlsh_state_dict_best.pt
Epoch 066 | train_loss=8.3927e-01 | train_eval_loss=8.0403e-01 | val_loss=8.0222e-01 | | lr=1.00e-03
Saved best model to results/thesis_model_results/outputs/shortlist_detailed_eval/PICNN_MTLSH__mse__minmax__seed42/picnn_mtlsh_state_dict_best.pt
Epoch 067 | train_loss=7.7165e-01 | train_eval_loss=7.3832e-01 | val_loss=7.3655e-01 | | lr=1.00e-03
Saved best model to results/thesis_model_results/outputs/shortlist_detailed_eval/PICNN_MTLSH__mse__minmax__seed42/picnn_mtlsh_state_dict_best.pt
Epoch 068 | train_loss=7.0778e-01 | train_eval_loss=6.7637e-01 | val_loss=6.7464e-01 | | lr=1.00e-03
Saved best model to results/thesis_model_results/outputs/shortlist_detailed_eval/PICNN_MTLSH__mse__minmax__seed42/picnn_mtlsh_state_dict_best.pt
Epoch 069 | train_loss=6.4765e-01 | train_eval_loss=6.1817e-01 | val_loss=6.1648e-01 | | lr=1.00e-03
Saved best model to results/thesis_model_results/outputs/shortlist_detailed_eval/PICNN_MTLSH__mse__minmax__seed42/picnn_mtlsh_state_dict_best.pt
Epoch 070 | train_loss=5.9123e-01 | train_eval_loss=5.6363e-01 | val_loss=5.6197e-01 | | lr=1.00e-03
Saved best model to results/thesis_model_results/outputs/shortlist_detailed_eval/PICNN_MTLSH__mse__minmax__seed42/picnn_mtlsh_state_dict_best.pt
Epoch 071 | train_loss=5.3848e-01 | train_eval_loss=5.1273e-01 | val_loss=5.1110e-01 | | lr=1.00e-03
Saved best model to results/thesis_model_results/outputs/shortlist_detailed_eval/PICNN_MTLSH__mse__minmax__seed42/picnn_mtlsh_state_dict_best.pt
Epoch 072 | train_loss=4.8934e-01 | train_eval_loss=4.6541e-01 | val_loss=4.6382e-01 | | lr=1.00e-03
Saved best model to results/thesis_model_results/outputs/shortlist_detailed_eval/PICNN_MTLSH__mse__minmax__seed42/picnn_mtlsh_state_dict_best.pt
Epoch 073 | train_loss=4.4372e-01 | train_eval_loss=4.2157e-01 | val_loss=4.2002e-01 | | lr=1.00e-03
Saved best model to results/thesis_model_results/outputs/shortlist_detailed_eval/PICNN_MTLSH__mse__minmax__seed42/picnn_mtlsh_state_dict_best.pt
Epoch 074 | train_loss=4.0154e-01 | train_eval_loss=3.8110e-01 | val_loss=3.7959e-01 | | lr=1.00e-03
Saved best model to results/thesis_model_results/outputs/shortlist_detailed_eval/PICNN_MTLSH__mse__minmax__seed42/picnn_mtlsh_state_dict_best.pt
Epoch 075 | train_loss=3.6267e-01 | train_eval_loss=3.4390e-01 | val_loss=3.4243e-01 | | lr=1.00e-03
Saved best model to results/thesis_model_results/outputs/shortlist_detailed_eval/PICNN_MTLSH__mse__minmax__seed42/picnn_mtlsh_state_dict_best.pt
Epoch 076 | train_loss=3.2701e-01 | train_eval_loss=3.0984e-01 | val_loss=3.0841e-01 | | lr=1.00e-03
Saved best model to results/thesis_model_results/outputs/shortlist_detailed_eval/PICNN_MTLSH__mse__minmax__seed42/picnn_mtlsh_state_dict_best.pt
Epoch 077 | train_loss=2.9443e-01 | train_eval_loss=2.7878e-01 | val_loss=2.7739e-01 | | lr=1.00e-03
Saved best model to results/thesis_model_results/outputs/shortlist_detailed_eval/PICNN_MTLSH__mse__minmax__seed42/picnn_mtlsh_state_dict_best.pt
Epoch 078 | train_loss=2.6478e-01 | train_eval_loss=2.5058e-01 | val_loss=2.4923e-01 | | lr=1.00e-03
Saved best model to results/thesis_model_results/outputs/shortlist_detailed_eval/PICNN_MTLSH__mse__minmax__seed42/picnn_mtlsh_state_dict_best.pt
Epoch 079 | train_loss=2.3792e-01 | train_eval_loss=2.2510e-01 | val_loss=2.2378e-01 | | lr=1.00e-03
Saved best model to results/thesis_model_results/outputs/shortlist_detailed_eval/PICNN_MTLSH__mse__minmax__seed42/picnn_mtlsh_state_dict_best.pt
Epoch 080 | train_loss=2.1370e-01 | train_eval_loss=2.0216e-01 | val_loss=2.0088e-01 | | lr=1.00e-03
Saved best model to results/thesis_model_results/outputs/shortlist_detailed_eval/PICNN_MTLSH__mse__minmax__seed42/picnn_mtlsh_state_dict_best.pt
Epoch 081 | train_loss=1.9195e-01 | train_eval_loss=1.8163e-01 | val_loss=1.8039e-01 | | lr=1.00e-03
Saved best model to results/thesis_model_results/outputs/shortlist_detailed_eval/PICNN_MTLSH__mse__minmax__seed42/picnn_mtlsh_state_dict_best.pt
Epoch 082 | train_loss=1.7251e-01 | train_eval_loss=1.6332e-01 | val_loss=1.6211e-01 | | lr=1.00e-03
Saved best model to results/thesis_model_results/outputs/shortlist_detailed_eval/PICNN_MTLSH__mse__minmax__seed42/picnn_mtlsh_state_dict_best.pt
Epoch 083 | train_loss=1.5522e-01 | train_eval_loss=1.4705e-01 | val_loss=1.4588e-01 | | lr=1.00e-03
Saved best model to results/thesis_model_results/outputs/shortlist_detailed_eval/PICNN_MTLSH__mse__minmax__seed42/picnn_mtlsh_state_dict_best.pt
Epoch 084 | train_loss=1.3990e-01 | train_eval_loss=1.3272e-01 | val_loss=1.3158e-01 | | lr=1.00e-03
Saved best model to results/thesis_model_results/outputs/shortlist_detailed_eval/PICNN_MTLSH__mse__minmax__seed42/picnn_mtlsh_state_dict_best.pt
Epoch 085 | train_loss=1.2641e-01 | train_eval_loss=1.2010e-01 | val_loss=1.1899e-01 | | lr=1.00e-03
Saved best model to results/thesis_model_results/outputs/shortlist_detailed_eval/PICNN_MTLSH__mse__minmax__seed42/picnn_mtlsh_state_dict_best.pt
Epoch 086 | train_loss=1.1458e-01 | train_eval_loss=1.0906e-01 | val_loss=1.0799e-01 | | lr=1.00e-03
Saved best model to results/thesis_model_results/outputs/shortlist_detailed_eval/PICNN_MTLSH__mse__minmax__seed42/picnn_mtlsh_state_dict_best.pt
Epoch 087 | train_loss=1.0425e-01 | train_eval_loss=9.9452e-02 | val_loss=9.8405e-02 | | lr=1.00e-03
Saved best model to results/thesis_model_results/outputs/shortlist_detailed_eval/PICNN_MTLSH__mse__minmax__seed42/picnn_mtlsh_state_dict_best.pt
Epoch 088 | train_loss=9.5280e-02 | train_eval_loss=9.1123e-02 | val_loss=9.0105e-02 | | lr=1.00e-03
Saved best model to results/thesis_model_results/outputs/shortlist_detailed_eval/PICNN_MTLSH__mse__minmax__seed42/picnn_mtlsh_state_dict_best.pt
Epoch 089 | train_loss=8.7522e-02 | train_eval_loss=8.3930e-02 | val_loss=8.2938e-02 | | lr=1.00e-03
Saved best model to results/thesis_model_results/outputs/shortlist_detailed_eval/PICNN_MTLSH__mse__minmax__seed42/picnn_mtlsh_state_dict_best.pt
Epoch 090 | train_loss=8.0836e-02 | train_eval_loss=7.7756e-02 | val_loss=7.6789e-02 | | lr=1.00e-03
Saved best model to results/thesis_model_results/outputs/shortlist_detailed_eval/PICNN_MTLSH__mse__minmax__seed42/picnn_mtlsh_state_dict_best.pt
Epoch 091 | train_loss=7.5104e-02 | train_eval_loss=7.2467e-02 | val_loss=7.1524e-02 | | lr=1.00e-03
Saved best model to results/thesis_model_results/outputs/shortlist_detailed_eval/PICNN_MTLSH__mse__minmax__seed42/picnn_mtlsh_state_dict_best.pt
Epoch 092 | train_loss=7.0199e-02 | train_eval_loss=6.7949e-02 | val_loss=6.7028e-02 | | lr=1.00e-03
Saved best model to results/thesis_model_results/outputs/shortlist_detailed_eval/PICNN_MTLSH__mse__minmax__seed42/picnn_mtlsh_state_dict_best.pt
Epoch 093 | train_loss=6.6020e-02 | train_eval_loss=6.4105e-02 | val_loss=6.3204e-02 | | lr=1.00e-03
Saved best model to results/thesis_model_results/outputs/shortlist_detailed_eval/PICNN_MTLSH__mse__minmax__seed42/picnn_mtlsh_state_dict_best.pt
Epoch 094 | train_loss=6.2463e-02 | train_eval_loss=6.0836e-02 | val_loss=5.9953e-02 | | lr=1.00e-03
Saved best model to results/thesis_model_results/outputs/shortlist_detailed_eval/PICNN_MTLSH__mse__minmax__seed42/picnn_mtlsh_state_dict_best.pt
Epoch 095 | train_loss=5.9444e-02 | train_eval_loss=5.8066e-02 | val_loss=5.7201e-02 | | lr=1.00e-03
Saved best model to results/thesis_model_results/outputs/shortlist_detailed_eval/PICNN_MTLSH__mse__minmax__seed42/picnn_mtlsh_state_dict_best.pt
Epoch 096 | train_loss=5.6877e-02 | train_eval_loss=5.5703e-02 | val_loss=5.4853e-02 | | lr=1.00e-03
Saved best model to results/thesis_model_results/outputs/shortlist_detailed_eval/PICNN_MTLSH__mse__minmax__seed42/picnn_mtlsh_state_dict_best.pt
Epoch 097 | train_loss=5.4697e-02 | train_eval_loss=5.3697e-02 | val_loss=5.2861e-02 | | lr=1.00e-03
Saved best model to results/thesis_model_results/outputs/shortlist_detailed_eval/PICNN_MTLSH__mse__minmax__seed42/picnn_mtlsh_state_dict_best.pt
Epoch 098 | train_loss=5.2840e-02 | train_eval_loss=5.1986e-02 | val_loss=5.1162e-02 | | lr=1.00e-03
Saved best model to results/thesis_model_results/outputs/shortlist_detailed_eval/PICNN_MTLSH__mse__minmax__seed42/picnn_mtlsh_state_dict_best.pt
Epoch 099 | train_loss=5.1249e-02 | train_eval_loss=5.0518e-02 | val_loss=4.9705e-02 | | lr=1.00e-03
Saved best model to results/thesis_model_results/outputs/shortlist_detailed_eval/PICNN_MTLSH__mse__minmax__seed42/picnn_mtlsh_state_dict_best.pt
Epoch 100 | train_loss=4.9881e-02 | train_eval_loss=4.9251e-02 | val_loss=4.8448e-02 | | lr=1.00e-03
Saved best model to results/thesis_model_results/outputs/shortlist_detailed_eval/PICNN_MTLSH__mse__minmax__seed42/picnn_mtlsh_state_dict_best.pt
Epoch 101 | train_loss=4.8695e-02 | train_eval_loss=4.8144e-02 | val_loss=4.7350e-02 | | lr=1.00e-03
Saved best model to results/thesis_model_results/outputs/shortlist_detailed_eval/PICNN_MTLSH__mse__minmax__seed42/picnn_mtlsh_state_dict_best.pt
Epoch 102 | train_loss=4.7657e-02 | train_eval_loss=4.7170e-02 | val_loss=4.6383e-02 | | lr=1.00e-03
Saved best model to results/thesis_model_results/outputs/shortlist_detailed_eval/PICNN_MTLSH__mse__minmax__seed42/picnn_mtlsh_state_dict_best.pt
Epoch 103 | train_loss=4.6742e-02 | train_eval_loss=4.6308e-02 | val_loss=4.5527e-02 | | lr=1.00e-03
Saved best model to results/thesis_model_results/outputs/shortlist_detailed_eval/PICNN_MTLSH__mse__minmax__seed42/picnn_mtlsh_state_dict_best.pt
Epoch 104 | train_loss=4.5927e-02 | train_eval_loss=4.5539e-02 | val_loss=4.4763e-02 | | lr=1.00e-03
Saved best model to results/thesis_model_results/outputs/shortlist_detailed_eval/PICNN_MTLSH__mse__minmax__seed42/picnn_mtlsh_state_dict_best.pt
Epoch 105 | train_loss=4.5193e-02 | train_eval_loss=4.4840e-02 | val_loss=4.4068e-02 | | lr=1.00e-03
Saved best model to results/thesis_model_results/outputs/shortlist_detailed_eval/PICNN_MTLSH__mse__minmax__seed42/picnn_mtlsh_state_dict_best.pt
Epoch 106 | train_loss=4.4525e-02 | train_eval_loss=4.4203e-02 | val_loss=4.3435e-02 | | lr=1.00e-03
Saved best model to results/thesis_model_results/outputs/shortlist_detailed_eval/PICNN_MTLSH__mse__minmax__seed42/picnn_mtlsh_state_dict_best.pt
Epoch 107 | train_loss=4.3910e-02 | train_eval_loss=4.3612e-02 | val_loss=4.2845e-02 | | lr=1.00e-03
Saved best model to results/thesis_model_results/outputs/shortlist_detailed_eval/PICNN_MTLSH__mse__minmax__seed42/picnn_mtlsh_state_dict_best.pt
Epoch 108 | train_loss=4.3341e-02 | train_eval_loss=4.3064e-02 | val_loss=4.2300e-02 | | lr=1.00e-03
Saved best model to results/thesis_model_results/outputs/shortlist_detailed_eval/PICNN_MTLSH__mse__minmax__seed42/picnn_mtlsh_state_dict_best.pt
Epoch 109 | train_loss=4.2812e-02 | train_eval_loss=4.2552e-02 | val_loss=4.1789e-02 | | lr=1.00e-03
Saved best model to results/thesis_model_results/outputs/shortlist_detailed_eval/PICNN_MTLSH__mse__minmax__seed42/picnn_mtlsh_state_dict_best.pt
Epoch 110 | train_loss=4.2315e-02 | train_eval_loss=4.2070e-02 | val_loss=4.1307e-02 | | lr=1.00e-03
Saved best model to results/thesis_model_results/outputs/shortlist_detailed_eval/PICNN_MTLSH__mse__minmax__seed42/picnn_mtlsh_state_dict_best.pt
Epoch 111 | train_loss=4.1847e-02 | train_eval_loss=4.1616e-02 | val_loss=4.0853e-02 | | lr=1.00e-03
Saved best model to results/thesis_model_results/outputs/shortlist_detailed_eval/PICNN_MTLSH__mse__minmax__seed42/picnn_mtlsh_state_dict_best.pt
Epoch 112 | train_loss=4.1405e-02 | train_eval_loss=4.1187e-02 | val_loss=4.0424e-02 | | lr=1.00e-03
Saved best model to results/thesis_model_results/outputs/shortlist_detailed_eval/PICNN_MTLSH__mse__minmax__seed42/picnn_mtlsh_state_dict_best.pt
Epoch 113 | train_loss=4.0988e-02 | train_eval_loss=4.0781e-02 | val_loss=4.0017e-02 | | lr=1.00e-03
Saved best model to results/thesis_model_results/outputs/shortlist_detailed_eval/PICNN_MTLSH__mse__minmax__seed42/picnn_mtlsh_state_dict_best.pt
Epoch 114 | train_loss=4.0592e-02 | train_eval_loss=4.0397e-02 | val_loss=3.9632e-02 | | lr=1.00e-03
Saved best model to results/thesis_model_results/outputs/shortlist_detailed_eval/PICNN_MTLSH__mse__minmax__seed42/picnn_mtlsh_state_dict_best.pt
Epoch 115 | train_loss=4.0218e-02 | train_eval_loss=4.0032e-02 | val_loss=3.9265e-02 | | lr=1.00e-03
Saved best model to results/thesis_model_results/outputs/shortlist_detailed_eval/PICNN_MTLSH__mse__minmax__seed42/picnn_mtlsh_state_dict_best.pt
Epoch 116 | train_loss=3.9862e-02 | train_eval_loss=3.9687e-02 | val_loss=3.8918e-02 | | lr=1.00e-03
Saved best model to results/thesis_model_results/outputs/shortlist_detailed_eval/PICNN_MTLSH__mse__minmax__seed42/picnn_mtlsh_state_dict_best.pt
Epoch 117 | train_loss=3.9526e-02 | train_eval_loss=3.9360e-02 | val_loss=3.8589e-02 | | lr=1.00e-03
Saved best model to results/thesis_model_results/outputs/shortlist_detailed_eval/PICNN_MTLSH__mse__minmax__seed42/picnn_mtlsh_state_dict_best.pt
Epoch 118 | train_loss=3.9207e-02 | train_eval_loss=3.9050e-02 | val_loss=3.8277e-02 | | lr=1.00e-03
Saved best model to results/thesis_model_results/outputs/shortlist_detailed_eval/PICNN_MTLSH__mse__minmax__seed42/picnn_mtlsh_state_dict_best.pt
Epoch 119 | train_loss=3.8906e-02 | train_eval_loss=3.8757e-02 | val_loss=3.7982e-02 | | lr=1.00e-03
Saved best model to results/thesis_model_results/outputs/shortlist_detailed_eval/PICNN_MTLSH__mse__minmax__seed42/picnn_mtlsh_state_dict_best.pt
Epoch 120 | train_loss=3.8620e-02 | train_eval_loss=3.8479e-02 | val_loss=3.7702e-02 | | lr=1.00e-03
Saved best model to results/thesis_model_results/outputs/shortlist_detailed_eval/PICNN_MTLSH__mse__minmax__seed42/picnn_mtlsh_state_dict_best.pt
Epoch 121 | train_loss=3.8350e-02 | train_eval_loss=3.8217e-02 | val_loss=3.7437e-02 | | lr=1.00e-03
Saved best model to results/thesis_model_results/outputs/shortlist_detailed_eval/PICNN_MTLSH__mse__minmax__seed42/picnn_mtlsh_state_dict_best.pt
Epoch 122 | train_loss=3.8094e-02 | train_eval_loss=3.7968e-02 | val_loss=3.7187e-02 | | lr=1.00e-03
Saved best model to results/thesis_model_results/outputs/shortlist_detailed_eval/PICNN_MTLSH__mse__minmax__seed42/picnn_mtlsh_state_dict_best.pt
Epoch 123 | train_loss=3.7852e-02 | train_eval_loss=3.7732e-02 | val_loss=3.6948e-02 | | lr=1.00e-03
Saved best model to results/thesis_model_results/outputs/shortlist_detailed_eval/PICNN_MTLSH__mse__minmax__seed42/picnn_mtlsh_state_dict_best.pt
Epoch 124 | train_loss=3.7624e-02 | train_eval_loss=3.7510e-02 | val_loss=3.6724e-02 | | lr=1.00e-03
Saved best model to results/thesis_model_results/outputs/shortlist_detailed_eval/PICNN_MTLSH__mse__minmax__seed42/picnn_mtlsh_state_dict_best.pt
Epoch 125 | train_loss=3.7407e-02 | train_eval_loss=3.7299e-02 | val_loss=3.6511e-02 | | lr=1.00e-03
Saved best model to results/thesis_model_results/outputs/shortlist_detailed_eval/PICNN_MTLSH__mse__minmax__seed42/picnn_mtlsh_state_dict_best.pt
Epoch 126 | train_loss=3.7202e-02 | train_eval_loss=3.7100e-02 | val_loss=3.6310e-02 | | lr=1.00e-03
Saved best model to results/thesis_model_results/outputs/shortlist_detailed_eval/PICNN_MTLSH__mse__minmax__seed42/picnn_mtlsh_state_dict_best.pt
Epoch 127 | train_loss=3.7007e-02 | train_eval_loss=3.6910e-02 | val_loss=3.6118e-02 | | lr=1.00e-03
Saved best model to results/thesis_model_results/outputs/shortlist_detailed_eval/PICNN_MTLSH__mse__minmax__seed42/picnn_mtlsh_state_dict_best.pt
Epoch 128 | train_loss=3.6821e-02 | train_eval_loss=3.6729e-02 | val_loss=3.5935e-02 | | lr=1.00e-03
Saved best model to results/thesis_model_results/outputs/shortlist_detailed_eval/PICNN_MTLSH__mse__minmax__seed42/picnn_mtlsh_state_dict_best.pt
Epoch 129 | train_loss=3.6644e-02 | train_eval_loss=3.6555e-02 | val_loss=3.5760e-02 | | lr=1.00e-03
Saved best model to results/thesis_model_results/outputs/shortlist_detailed_eval/PICNN_MTLSH__mse__minmax__seed42/picnn_mtlsh_state_dict_best.pt
Epoch 130 | train_loss=3.6475e-02 | train_eval_loss=3.6391e-02 | val_loss=3.5594e-02 | | lr=1.00e-03
Saved best model to results/thesis_model_results/outputs/shortlist_detailed_eval/PICNN_MTLSH__mse__minmax__seed42/picnn_mtlsh_state_dict_best.pt
Epoch 131 | train_loss=3.6313e-02 | train_eval_loss=3.6231e-02 | val_loss=3.5433e-02 | | lr=1.00e-03
Saved best model to results/thesis_model_results/outputs/shortlist_detailed_eval/PICNN_MTLSH__mse__minmax__seed42/picnn_mtlsh_state_dict_best.pt
Epoch 132 | train_loss=3.6157e-02 | train_eval_loss=3.6078e-02 | val_loss=3.5279e-02 | | lr=1.00e-03
Saved best model to results/thesis_model_results/outputs/shortlist_detailed_eval/PICNN_MTLSH__mse__minmax__seed42/picnn_mtlsh_state_dict_best.pt
Epoch 133 | train_loss=3.6007e-02 | train_eval_loss=3.5930e-02 | val_loss=3.5131e-02 | | lr=1.00e-03
Saved best model to results/thesis_model_results/outputs/shortlist_detailed_eval/PICNN_MTLSH__mse__minmax__seed42/picnn_mtlsh_state_dict_best.pt
Epoch 134 | train_loss=3.5861e-02 | train_eval_loss=3.5787e-02 | val_loss=3.4987e-02 | | lr=1.00e-03
Saved best model to results/thesis_model_results/outputs/shortlist_detailed_eval/PICNN_MTLSH__mse__minmax__seed42/picnn_mtlsh_state_dict_best.pt
Epoch 135 | train_loss=3.5719e-02 | train_eval_loss=3.5648e-02 | val_loss=3.4847e-02 | | lr=1.00e-03
Saved best model to results/thesis_model_results/outputs/shortlist_detailed_eval/PICNN_MTLSH__mse__minmax__seed42/picnn_mtlsh_state_dict_best.pt
Epoch 136 | train_loss=3.5581e-02 | train_eval_loss=3.5511e-02 | val_loss=3.4709e-02 | | lr=1.00e-03
Saved best model to results/thesis_model_results/outputs/shortlist_detailed_eval/PICNN_MTLSH__mse__minmax__seed42/picnn_mtlsh_state_dict_best.pt
Epoch 137 | train_loss=3.5446e-02 | train_eval_loss=3.5377e-02 | val_loss=3.4575e-02 | | lr=1.00e-03
Saved best model to results/thesis_model_results/outputs/shortlist_detailed_eval/PICNN_MTLSH__mse__minmax__seed42/picnn_mtlsh_state_dict_best.pt
Epoch 138 | train_loss=3.5313e-02 | train_eval_loss=3.5246e-02 | val_loss=3.4444e-02 | | lr=1.00e-03
Saved best model to results/thesis_model_results/outputs/shortlist_detailed_eval/PICNN_MTLSH__mse__minmax__seed42/picnn_mtlsh_state_dict_best.pt
Epoch 139 | train_loss=3.5183e-02 | train_eval_loss=3.5116e-02 | val_loss=3.4314e-02 | | lr=1.00e-03
Saved best model to results/thesis_model_results/outputs/shortlist_detailed_eval/PICNN_MTLSH__mse__minmax__seed42/picnn_mtlsh_state_dict_best.pt
Epoch 140 | train_loss=3.5053e-02 | train_eval_loss=3.4987e-02 | val_loss=3.4186e-02 | | lr=1.00e-03
Saved best model to results/thesis_model_results/outputs/shortlist_detailed_eval/PICNN_MTLSH__mse__minmax__seed42/picnn_mtlsh_state_dict_best.pt
Epoch 141 | train_loss=3.4926e-02 | train_eval_loss=3.4861e-02 | val_loss=3.4060e-02 | | lr=1.00e-03
Saved best model to results/thesis_model_results/outputs/shortlist_detailed_eval/PICNN_MTLSH__mse__minmax__seed42/picnn_mtlsh_state_dict_best.pt
Epoch 142 | train_loss=3.4799e-02 | train_eval_loss=3.4734e-02 | val_loss=3.3933e-02 | | lr=1.00e-03
Saved best model to results/thesis_model_results/outputs/shortlist_detailed_eval/PICNN_MTLSH__mse__minmax__seed42/picnn_mtlsh_state_dict_best.pt
Epoch 143 | train_loss=3.4673e-02 | train_eval_loss=3.4608e-02 | val_loss=3.3809e-02 | | lr=1.00e-03
Saved best model to results/thesis_model_results/outputs/shortlist_detailed_eval/PICNN_MTLSH__mse__minmax__seed42/picnn_mtlsh_state_dict_best.pt
Epoch 144 | train_loss=3.4548e-02 | train_eval_loss=3.4483e-02 | val_loss=3.3684e-02 | | lr=1.00e-03
Saved best model to results/thesis_model_results/outputs/shortlist_detailed_eval/PICNN_MTLSH__mse__minmax__seed42/picnn_mtlsh_state_dict_best.pt
Epoch 145 | train_loss=3.4423e-02 | train_eval_loss=3.4358e-02 | val_loss=3.3560e-02 | | lr=1.00e-03
Saved best model to results/thesis_model_results/outputs/shortlist_detailed_eval/PICNN_MTLSH__mse__minmax__seed42/picnn_mtlsh_state_dict_best.pt
Epoch 146 | train_loss=3.4298e-02 | train_eval_loss=3.4233e-02 | val_loss=3.3436e-02 | | lr=1.00e-03
Saved best model to results/thesis_model_results/outputs/shortlist_detailed_eval/PICNN_MTLSH__mse__minmax__seed42/picnn_mtlsh_state_dict_best.pt
Epoch 147 | train_loss=3.4173e-02 | train_eval_loss=3.4108e-02 | val_loss=3.3313e-02 | | lr=1.00e-03
Saved best model to results/thesis_model_results/outputs/shortlist_detailed_eval/PICNN_MTLSH__mse__minmax__seed42/picnn_mtlsh_state_dict_best.pt
Epoch 148 | train_loss=3.4047e-02 | train_eval_loss=3.3983e-02 | val_loss=3.3190e-02 | | lr=1.00e-03
Saved best model to results/thesis_model_results/outputs/shortlist_detailed_eval/PICNN_MTLSH__mse__minmax__seed42/picnn_mtlsh_state_dict_best.pt
Epoch 149 | train_loss=3.3922e-02 | train_eval_loss=3.3857e-02 | val_loss=3.3066e-02 | | lr=1.00e-03
Saved best model to results/thesis_model_results/outputs/shortlist_detailed_eval/PICNN_MTLSH__mse__minmax__seed42/picnn_mtlsh_state_dict_best.pt
Epoch 150 | train_loss=3.3796e-02 | train_eval_loss=3.3732e-02 | val_loss=3.2942e-02 | | lr=1.00e-03
Saved best model to results/thesis_model_results/outputs/shortlist_detailed_eval/PICNN_MTLSH__mse__minmax__seed42/picnn_mtlsh_state_dict_best.pt
Epoch 151 | train_loss=3.3671e-02 | train_eval_loss=3.3605e-02 | val_loss=3.2818e-02 | | lr=1.00e-03
Saved best model to results/thesis_model_results/outputs/shortlist_detailed_eval/PICNN_MTLSH__mse__minmax__seed42/picnn_mtlsh_state_dict_best.pt
Epoch 152 | train_loss=3.3545e-02 | train_eval_loss=3.3479e-02 | val_loss=3.2694e-02 | | lr=1.00e-03
Saved best model to results/thesis_model_results/outputs/shortlist_detailed_eval/PICNN_MTLSH__mse__minmax__seed42/picnn_mtlsh_state_dict_best.pt
Epoch 153 | train_loss=3.3418e-02 | train_eval_loss=3.3352e-02 | val_loss=3.2569e-02 | | lr=1.00e-03
Saved best model to results/thesis_model_results/outputs/shortlist_detailed_eval/PICNN_MTLSH__mse__minmax__seed42/picnn_mtlsh_state_dict_best.pt
Epoch 154 | train_loss=3.3291e-02 | train_eval_loss=3.3225e-02 | val_loss=3.2444e-02 | | lr=1.00e-03
Saved best model to results/thesis_model_results/outputs/shortlist_detailed_eval/PICNN_MTLSH__mse__minmax__seed42/picnn_mtlsh_state_dict_best.pt
Epoch 155 | train_loss=3.3164e-02 | train_eval_loss=3.3098e-02 | val_loss=3.2319e-02 | | lr=1.00e-03
Saved best model to results/thesis_model_results/outputs/shortlist_detailed_eval/PICNN_MTLSH__mse__minmax__seed42/picnn_mtlsh_state_dict_best.pt
Epoch 156 | train_loss=3.3036e-02 | train_eval_loss=3.2970e-02 | val_loss=3.2194e-02 | | lr=1.00e-03
Saved best model to results/thesis_model_results/outputs/shortlist_detailed_eval/PICNN_MTLSH__mse__minmax__seed42/picnn_mtlsh_state_dict_best.pt
Epoch 157 | train_loss=3.2908e-02 | train_eval_loss=3.2841e-02 | val_loss=3.2068e-02 | | lr=1.00e-03
Saved best model to results/thesis_model_results/outputs/shortlist_detailed_eval/PICNN_MTLSH__mse__minmax__seed42/picnn_mtlsh_state_dict_best.pt
Epoch 158 | train_loss=3.2779e-02 | train_eval_loss=3.2712e-02 | val_loss=3.1941e-02 | | lr=1.00e-03
Saved best model to results/thesis_model_results/outputs/shortlist_detailed_eval/PICNN_MTLSH__mse__minmax__seed42/picnn_mtlsh_state_dict_best.pt
Epoch 159 | train_loss=3.2650e-02 | train_eval_loss=3.2583e-02 | val_loss=3.1814e-02 | | lr=1.00e-03
Saved best model to results/thesis_model_results/outputs/shortlist_detailed_eval/PICNN_MTLSH__mse__minmax__seed42/picnn_mtlsh_state_dict_best.pt
Epoch 160 | train_loss=3.2520e-02 | train_eval_loss=3.2452e-02 | val_loss=3.1687e-02 | | lr=1.00e-03
Saved best model to results/thesis_model_results/outputs/shortlist_detailed_eval/PICNN_MTLSH__mse__minmax__seed42/picnn_mtlsh_state_dict_best.pt
Epoch 161 | train_loss=3.2389e-02 | train_eval_loss=3.2321e-02 | val_loss=3.1559e-02 | | lr=1.00e-03
Saved best model to results/thesis_model_results/outputs/shortlist_detailed_eval/PICNN_MTLSH__mse__minmax__seed42/picnn_mtlsh_state_dict_best.pt
Epoch 162 | train_loss=3.2258e-02 | train_eval_loss=3.2189e-02 | val_loss=3.1429e-02 | | lr=1.00e-03
Saved best model to results/thesis_model_results/outputs/shortlist_detailed_eval/PICNN_MTLSH__mse__minmax__seed42/picnn_mtlsh_state_dict_best.pt
Epoch 163 | train_loss=3.2125e-02 | train_eval_loss=3.2056e-02 | val_loss=3.1299e-02 | | lr=1.00e-03
Saved best model to results/thesis_model_results/outputs/shortlist_detailed_eval/PICNN_MTLSH__mse__minmax__seed42/picnn_mtlsh_state_dict_best.pt
Epoch 164 | train_loss=3.1992e-02 | train_eval_loss=3.1922e-02 | val_loss=3.1169e-02 | | lr=1.00e-03
Saved best model to results/thesis_model_results/outputs/shortlist_detailed_eval/PICNN_MTLSH__mse__minmax__seed42/picnn_mtlsh_state_dict_best.pt
Epoch 165 | train_loss=3.1857e-02 | train_eval_loss=3.1787e-02 | val_loss=3.1036e-02 | | lr=1.00e-03
Saved best model to results/thesis_model_results/outputs/shortlist_detailed_eval/PICNN_MTLSH__mse__minmax__seed42/picnn_mtlsh_state_dict_best.pt
Epoch 166 | train_loss=3.1722e-02 | train_eval_loss=3.1650e-02 | val_loss=3.0904e-02 | | lr=1.00e-03
Saved best model to results/thesis_model_results/outputs/shortlist_detailed_eval/PICNN_MTLSH__mse__minmax__seed42/picnn_mtlsh_state_dict_best.pt
Epoch 167 | train_loss=3.1584e-02 | train_eval_loss=3.1513e-02 | val_loss=3.0769e-02 | | lr=1.00e-03
Saved best model to results/thesis_model_results/outputs/shortlist_detailed_eval/PICNN_MTLSH__mse__minmax__seed42/picnn_mtlsh_state_dict_best.pt
Epoch 168 | train_loss=3.1446e-02 | train_eval_loss=3.1373e-02 | val_loss=3.0633e-02 | | lr=1.00e-03
Saved best model to results/thesis_model_results/outputs/shortlist_detailed_eval/PICNN_MTLSH__mse__minmax__seed42/picnn_mtlsh_state_dict_best.pt
Epoch 169 | train_loss=3.1307e-02 | train_eval_loss=3.1233e-02 | val_loss=3.0497e-02 | | lr=1.00e-03
Saved best model to results/thesis_model_results/outputs/shortlist_detailed_eval/PICNN_MTLSH__mse__minmax__seed42/picnn_mtlsh_state_dict_best.pt
Epoch 170 | train_loss=3.1164e-02 | train_eval_loss=3.1090e-02 | val_loss=3.0357e-02 | | lr=1.00e-03
Saved best model to results/thesis_model_results/outputs/shortlist_detailed_eval/PICNN_MTLSH__mse__minmax__seed42/picnn_mtlsh_state_dict_best.pt
Epoch 171 | train_loss=3.1021e-02 | train_eval_loss=3.0945e-02 | val_loss=3.0216e-02 | | lr=1.00e-03
Saved best model to results/thesis_model_results/outputs/shortlist_detailed_eval/PICNN_MTLSH__mse__minmax__seed42/picnn_mtlsh_state_dict_best.pt
Epoch 172 | train_loss=3.0875e-02 | train_eval_loss=3.0799e-02 | val_loss=3.0073e-02 | | lr=1.00e-03
Saved best model to results/thesis_model_results/outputs/shortlist_detailed_eval/PICNN_MTLSH__mse__minmax__seed42/picnn_mtlsh_state_dict_best.pt
Epoch 173 | train_loss=3.0728e-02 | train_eval_loss=3.0650e-02 | val_loss=2.9928e-02 | | lr=1.00e-03
Saved best model to results/thesis_model_results/outputs/shortlist_detailed_eval/PICNN_MTLSH__mse__minmax__seed42/picnn_mtlsh_state_dict_best.pt
Epoch 174 | train_loss=3.0579e-02 | train_eval_loss=3.0498e-02 | val_loss=2.9780e-02 | | lr=1.00e-03
Saved best model to results/thesis_model_results/outputs/shortlist_detailed_eval/PICNN_MTLSH__mse__minmax__seed42/picnn_mtlsh_state_dict_best.pt
Epoch 175 | train_loss=3.0425e-02 | train_eval_loss=3.0345e-02 | val_loss=2.9630e-02 | | lr=1.00e-03
Saved best model to results/thesis_model_results/outputs/shortlist_detailed_eval/PICNN_MTLSH__mse__minmax__seed42/picnn_mtlsh_state_dict_best.pt
Epoch 176 | train_loss=3.0271e-02 | train_eval_loss=3.0189e-02 | val_loss=2.9478e-02 | | lr=1.00e-03
Saved best model to results/thesis_model_results/outputs/shortlist_detailed_eval/PICNN_MTLSH__mse__minmax__seed42/picnn_mtlsh_state_dict_best.pt
Epoch 177 | train_loss=3.0113e-02 | train_eval_loss=3.0029e-02 | val_loss=2.9324e-02 | | lr=1.00e-03
Saved best model to results/thesis_model_results/outputs/shortlist_detailed_eval/PICNN_MTLSH__mse__minmax__seed42/picnn_mtlsh_state_dict_best.pt
Epoch 178 | train_loss=2.9952e-02 | train_eval_loss=2.9867e-02 | val_loss=2.9166e-02 | | lr=1.00e-03
Saved best model to results/thesis_model_results/outputs/shortlist_detailed_eval/PICNN_MTLSH__mse__minmax__seed42/picnn_mtlsh_state_dict_best.pt
Epoch 179 | train_loss=2.9788e-02 | train_eval_loss=2.9702e-02 | val_loss=2.9006e-02 | | lr=1.00e-03
Saved best model to results/thesis_model_results/outputs/shortlist_detailed_eval/PICNN_MTLSH__mse__minmax__seed42/picnn_mtlsh_state_dict_best.pt
Epoch 180 | train_loss=2.9621e-02 | train_eval_loss=2.9533e-02 | val_loss=2.8840e-02 | | lr=1.00e-03
Saved best model to results/thesis_model_results/outputs/shortlist_detailed_eval/PICNN_MTLSH__mse__minmax__seed42/picnn_mtlsh_state_dict_best.pt
Epoch 181 | train_loss=2.9452e-02 | train_eval_loss=2.9362e-02 | val_loss=2.8674e-02 | | lr=1.00e-03
Saved best model to results/thesis_model_results/outputs/shortlist_detailed_eval/PICNN_MTLSH__mse__minmax__seed42/picnn_mtlsh_state_dict_best.pt
Epoch 182 | train_loss=2.9278e-02 | train_eval_loss=2.9187e-02 | val_loss=2.8502e-02 | | lr=1.00e-03
Saved best model to results/thesis_model_results/outputs/shortlist_detailed_eval/PICNN_MTLSH__mse__minmax__seed42/picnn_mtlsh_state_dict_best.pt
Epoch 183 | train_loss=2.9101e-02 | train_eval_loss=2.9008e-02 | val_loss=2.8329e-02 | | lr=1.00e-03
Saved best model to results/thesis_model_results/outputs/shortlist_detailed_eval/PICNN_MTLSH__mse__minmax__seed42/picnn_mtlsh_state_dict_best.pt
Epoch 184 | train_loss=2.8922e-02 | train_eval_loss=2.8826e-02 | val_loss=2.8151e-02 | | lr=1.00e-03
Saved best model to results/thesis_model_results/outputs/shortlist_detailed_eval/PICNN_MTLSH__mse__minmax__seed42/picnn_mtlsh_state_dict_best.pt
Epoch 185 | train_loss=2.8737e-02 | train_eval_loss=2.8639e-02 | val_loss=2.7970e-02 | | lr=1.00e-03
Saved best model to results/thesis_model_results/outputs/shortlist_detailed_eval/PICNN_MTLSH__mse__minmax__seed42/picnn_mtlsh_state_dict_best.pt
Epoch 186 | train_loss=2.8549e-02 | train_eval_loss=2.8449e-02 | val_loss=2.7786e-02 | | lr=1.00e-03
Saved best model to results/thesis_model_results/outputs/shortlist_detailed_eval/PICNN_MTLSH__mse__minmax__seed42/picnn_mtlsh_state_dict_best.pt
Epoch 187 | train_loss=2.8357e-02 | train_eval_loss=2.8256e-02 | val_loss=2.7596e-02 | | lr=1.00e-03
Saved best model to results/thesis_model_results/outputs/shortlist_detailed_eval/PICNN_MTLSH__mse__minmax__seed42/picnn_mtlsh_state_dict_best.pt
Epoch 188 | train_loss=2.8161e-02 | train_eval_loss=2.8057e-02 | val_loss=2.7404e-02 | | lr=1.00e-03
Saved best model to results/thesis_model_results/outputs/shortlist_detailed_eval/PICNN_MTLSH__mse__minmax__seed42/picnn_mtlsh_state_dict_best.pt
Epoch 189 | train_loss=2.7961e-02 | train_eval_loss=2.7856e-02 | val_loss=2.7206e-02 | | lr=1.00e-03
Saved best model to results/thesis_model_results/outputs/shortlist_detailed_eval/PICNN_MTLSH__mse__minmax__seed42/picnn_mtlsh_state_dict_best.pt
Epoch 190 | train_loss=2.7757e-02 | train_eval_loss=2.7649e-02 | val_loss=2.7005e-02 | | lr=1.00e-03
Saved best model to results/thesis_model_results/outputs/shortlist_detailed_eval/PICNN_MTLSH__mse__minmax__seed42/picnn_mtlsh_state_dict_best.pt
Epoch 191 | train_loss=2.7549e-02 | train_eval_loss=2.7438e-02 | val_loss=2.6800e-02 | | lr=1.00e-03
Saved best model to results/thesis_model_results/outputs/shortlist_detailed_eval/PICNN_MTLSH__mse__minmax__seed42/picnn_mtlsh_state_dict_best.pt
Epoch 192 | train_loss=2.7336e-02 | train_eval_loss=2.7223e-02 | val_loss=2.6592e-02 | | lr=1.00e-03
Saved best model to results/thesis_model_results/outputs/shortlist_detailed_eval/PICNN_MTLSH__mse__minmax__seed42/picnn_mtlsh_state_dict_best.pt
Epoch 193 | train_loss=2.7119e-02 | train_eval_loss=2.7004e-02 | val_loss=2.6378e-02 | | lr=1.00e-03
Saved best model to results/thesis_model_results/outputs/shortlist_detailed_eval/PICNN_MTLSH__mse__minmax__seed42/picnn_mtlsh_state_dict_best.pt
Epoch 194 | train_loss=2.6896e-02 | train_eval_loss=2.6780e-02 | val_loss=2.6161e-02 | | lr=1.00e-03
Saved best model to results/thesis_model_results/outputs/shortlist_detailed_eval/PICNN_MTLSH__mse__minmax__seed42/picnn_mtlsh_state_dict_best.pt
Epoch 195 | train_loss=2.6671e-02 | train_eval_loss=2.6552e-02 | val_loss=2.5940e-02 | | lr=1.00e-03
Saved best model to results/thesis_model_results/outputs/shortlist_detailed_eval/PICNN_MTLSH__mse__minmax__seed42/picnn_mtlsh_state_dict_best.pt
Epoch 196 | train_loss=2.6441e-02 | train_eval_loss=2.6319e-02 | val_loss=2.5713e-02 | | lr=1.00e-03
Saved best model to results/thesis_model_results/outputs/shortlist_detailed_eval/PICNN_MTLSH__mse__minmax__seed42/picnn_mtlsh_state_dict_best.pt
Epoch 197 | train_loss=2.6206e-02 | train_eval_loss=2.6083e-02 | val_loss=2.5484e-02 | | lr=1.00e-03
Saved best model to results/thesis_model_results/outputs/shortlist_detailed_eval/PICNN_MTLSH__mse__minmax__seed42/picnn_mtlsh_state_dict_best.pt
Epoch 198 | train_loss=2.5968e-02 | train_eval_loss=2.5841e-02 | val_loss=2.5246e-02 | | lr=1.00e-03
Saved best model to results/thesis_model_results/outputs/shortlist_detailed_eval/PICNN_MTLSH__mse__minmax__seed42/picnn_mtlsh_state_dict_best.pt
Epoch 199 | train_loss=2.5724e-02 | train_eval_loss=2.5595e-02 | val_loss=2.5007e-02 | | lr=1.00e-03
Saved best model to results/thesis_model_results/outputs/shortlist_detailed_eval/PICNN_MTLSH__mse__minmax__seed42/picnn_mtlsh_state_dict_best.pt
Epoch 200 | train_loss=2.5475e-02 | train_eval_loss=2.5346e-02 | val_loss=2.4766e-02 | | lr=1.00e-03
Saved best model to results/thesis_model_results/outputs/shortlist_detailed_eval/PICNN_MTLSH__mse__minmax__seed42/picnn_mtlsh_state_dict_best.pt
Saved training logs to results/thesis_model_results/outputs/shortlist_detailed_eval/PICNN_MTLSH__mse__minmax__seed42/training_summary.txt
Test RMSE(rocof_COI) = 0.2297 | norm: 0.1743 | real_diff: 0.1825
Test RMSE(dev_COI) = 0.4758 | norm: 0.1764 | real_diff: 0.3785
Test RMSE(Delta_P_IBR_1) = 1.0371 | norm: 0.1637 | real_diff: 0.8328
Test RMSE(Delta_P_IBR_2) = 1.2361 | norm: 0.1720 | real_diff: 0.9849
Test RMSE(Delta_P_IBR_3) = 0.7552 | norm: 0.1326 | real_diff: 0.5996
Test RMSE(Delta_P_IBR_4) = 1.2211 | norm: 0.1262 | real_diff: 0.9742
Saved RMSE results to results/thesis_model_results/outputs/shortlist_detailed_eval/PICNN_MTLSH__mse__minmax__seed42/rmse_results.txt
Saved detailed metrics to results/thesis_model_results/outputs/shortlist_detailed_eval/PICNN_MTLSH__mse__minmax__seed42/metrics_by_target.csv
Saved aggregate metrics to results/thesis_model_results/outputs/shortlist_detailed_eval/PICNN_MTLSH__mse__minmax__seed42/metrics_summary.json
Saved test predictions to results/thesis_model_results/outputs/shortlist_detailed_eval/PICNN_MTLSH__mse__minmax__seed42/test_predictions.csv
Saved loss curves to results/thesis_model_results/outputs/shortlist_detailed_eval/PICNN_MTLSH__mse__minmax__seed42/loss_curve.png
Saved scatter plot results/thesis_model_results/outputs/shortlist_detailed_eval/PICNN_MTLSH__mse__minmax__seed42/scatter_rocof_COI.png
Saved scatter plot results/thesis_model_results/outputs/shortlist_detailed_eval/PICNN_MTLSH__mse__minmax__seed42/scatter_dev_COI.png
Saved scatter plot results/thesis_model_results/outputs/shortlist_detailed_eval/PICNN_MTLSH__mse__minmax__seed42/scatter_Delta_P_IBR_1.png
Saved scatter plot results/thesis_model_results/outputs/shortlist_detailed_eval/PICNN_MTLSH__mse__minmax__seed42/scatter_Delta_P_IBR_2.png
Saved scatter plot results/thesis_model_results/outputs/shortlist_detailed_eval/PICNN_MTLSH__mse__minmax__seed42/scatter_Delta_P_IBR_3.png
Saved scatter plot results/thesis_model_results/outputs/shortlist_detailed_eval/PICNN_MTLSH__mse__minmax__seed42/scatter_Delta_P_IBR_4.png
Saved model to results/thesis_model_results/outputs/shortlist_detailed_eval/PICNN_MTLSH__mse__minmax__seed42/picnn_mtlsh_state_dict.pt
