STARTING AT Thu Apr  2 12:51:58 AM CEST 2026
Loss type: mse | weights=[]
Target stats (scaled):
train mean=[0.549  0.589  0.492  0.4884 0.4785 0.4192]
train std=[0.1365 0.1371 0.1141 0.1063 0.1158 0.1138]
train q05=[0.3074 0.3979 0.3192 0.303  0.3347 0.2205]
train q95=[0.7933 0.8652 0.6719 0.6491 0.6927 0.6016]
val mean=[0.5473 0.5873 0.4922 0.4893 0.4798 0.4201]
val std=[0.1343 0.1348 0.1123 0.1072 0.1141 0.1112]
val q05=[0.3103 0.3982 0.3195 0.303  0.3376 0.2251]
val q95=[0.7886 0.8626 0.6731 0.6514 0.6918 0.5984]
val/train std ratio=[0.984  0.9828 0.9844 1.0084 0.9848 0.9772]
LR scheduler: ReduceLROnPlateau (factor=0.5, patience=8, min_lr=1e-07)
Epoch 001 | train_loss=3.1634e-02 | train_eval_loss=1.3962e-02 | val_loss=1.3580e-02 | | lr=1.00e-03
Saved best model to results/thesis_model_results/outputs/loss_comparison_mlp/MLP__mse__minmax__seed42/mlp_state_dict_best.pt
Epoch 002 | train_loss=1.0741e-02 | train_eval_loss=4.6903e-03 | val_loss=4.6251e-03 | | lr=1.00e-03
Saved best model to results/thesis_model_results/outputs/loss_comparison_mlp/MLP__mse__minmax__seed42/mlp_state_dict_best.pt
Epoch 003 | train_loss=3.8350e-03 | train_eval_loss=3.4604e-03 | val_loss=3.4092e-03 | | lr=1.00e-03
Saved best model to results/thesis_model_results/outputs/loss_comparison_mlp/MLP__mse__minmax__seed42/mlp_state_dict_best.pt
Epoch 004 | train_loss=3.3530e-03 | train_eval_loss=3.0775e-03 | val_loss=3.0370e-03 | | lr=1.00e-03
Saved best model to results/thesis_model_results/outputs/loss_comparison_mlp/MLP__mse__minmax__seed42/mlp_state_dict_best.pt
Epoch 005 | train_loss=2.9001e-03 | train_eval_loss=2.6321e-03 | val_loss=2.5877e-03 | | lr=1.00e-03
Saved best model to results/thesis_model_results/outputs/loss_comparison_mlp/MLP__mse__minmax__seed42/mlp_state_dict_best.pt
Epoch 006 | train_loss=2.4923e-03 | train_eval_loss=2.2499e-03 | val_loss=2.2092e-03 | | lr=1.00e-03
Saved best model to results/thesis_model_results/outputs/loss_comparison_mlp/MLP__mse__minmax__seed42/mlp_state_dict_best.pt
Epoch 007 | train_loss=2.1571e-03 | train_eval_loss=2.1557e-03 | val_loss=2.1165e-03 | | lr=1.00e-03
Saved best model to results/thesis_model_results/outputs/loss_comparison_mlp/MLP__mse__minmax__seed42/mlp_state_dict_best.pt
Epoch 008 | train_loss=1.9811e-03 | train_eval_loss=1.9435e-03 | val_loss=1.9058e-03 | | lr=1.00e-03
Saved best model to results/thesis_model_results/outputs/loss_comparison_mlp/MLP__mse__minmax__seed42/mlp_state_dict_best.pt
Epoch 009 | train_loss=1.8567e-03 | train_eval_loss=1.7611e-03 | val_loss=1.7343e-03 | | lr=1.00e-03
Saved best model to results/thesis_model_results/outputs/loss_comparison_mlp/MLP__mse__minmax__seed42/mlp_state_dict_best.pt
Epoch 010 | train_loss=1.7228e-03 | train_eval_loss=1.6656e-03 | val_loss=1.6335e-03 | | lr=1.00e-03
Saved best model to results/thesis_model_results/outputs/loss_comparison_mlp/MLP__mse__minmax__seed42/mlp_state_dict_best.pt
Epoch 011 | train_loss=1.6657e-03 | train_eval_loss=1.6584e-03 | val_loss=1.6277e-03 | | lr=1.00e-03
Saved best model to results/thesis_model_results/outputs/loss_comparison_mlp/MLP__mse__minmax__seed42/mlp_state_dict_best.pt
Epoch 012 | train_loss=1.6198e-03 | train_eval_loss=1.5315e-03 | val_loss=1.4997e-03 | | lr=1.00e-03
Saved best model to results/thesis_model_results/outputs/loss_comparison_mlp/MLP__mse__minmax__seed42/mlp_state_dict_best.pt
Epoch 013 | train_loss=1.5954e-03 | train_eval_loss=1.6471e-03 | val_loss=1.6167e-03 | | lr=1.00e-03
Epoch 014 | train_loss=1.5155e-03 | train_eval_loss=1.4921e-03 | val_loss=1.4678e-03 | | lr=1.00e-03
Saved best model to results/thesis_model_results/outputs/loss_comparison_mlp/MLP__mse__minmax__seed42/mlp_state_dict_best.pt
Epoch 015 | train_loss=1.4612e-03 | train_eval_loss=1.4657e-03 | val_loss=1.4403e-03 | | lr=1.00e-03
Saved best model to results/thesis_model_results/outputs/loss_comparison_mlp/MLP__mse__minmax__seed42/mlp_state_dict_best.pt
Epoch 016 | train_loss=1.4379e-03 | train_eval_loss=1.4918e-03 | val_loss=1.4706e-03 | | lr=1.00e-03
Epoch 017 | train_loss=1.4335e-03 | train_eval_loss=1.3490e-03 | val_loss=1.3258e-03 | | lr=1.00e-03
Saved best model to results/thesis_model_results/outputs/loss_comparison_mlp/MLP__mse__minmax__seed42/mlp_state_dict_best.pt
Epoch 018 | train_loss=1.3959e-03 | train_eval_loss=1.3559e-03 | val_loss=1.3361e-03 | | lr=1.00e-03
Epoch 019 | train_loss=1.3602e-03 | train_eval_loss=1.3493e-03 | val_loss=1.3250e-03 | | lr=1.00e-03
Saved best model to results/thesis_model_results/outputs/loss_comparison_mlp/MLP__mse__minmax__seed42/mlp_state_dict_best.pt
Epoch 020 | train_loss=1.3388e-03 | train_eval_loss=1.2658e-03 | val_loss=1.2494e-03 | | lr=1.00e-03
Saved best model to results/thesis_model_results/outputs/loss_comparison_mlp/MLP__mse__minmax__seed42/mlp_state_dict_best.pt
Epoch 021 | train_loss=1.2910e-03 | train_eval_loss=1.2288e-03 | val_loss=1.2148e-03 | | lr=1.00e-03
Saved best model to results/thesis_model_results/outputs/loss_comparison_mlp/MLP__mse__minmax__seed42/mlp_state_dict_best.pt
Epoch 022 | train_loss=1.2540e-03 | train_eval_loss=1.2233e-03 | val_loss=1.2067e-03 | | lr=1.00e-03
Saved best model to results/thesis_model_results/outputs/loss_comparison_mlp/MLP__mse__minmax__seed42/mlp_state_dict_best.pt
Epoch 023 | train_loss=1.2628e-03 | train_eval_loss=1.2192e-03 | val_loss=1.2066e-03 | | lr=1.00e-03
Saved best model to results/thesis_model_results/outputs/loss_comparison_mlp/MLP__mse__minmax__seed42/mlp_state_dict_best.pt
Epoch 024 | train_loss=1.2408e-03 | train_eval_loss=1.1653e-03 | val_loss=1.1505e-03 | | lr=1.00e-03
Saved best model to results/thesis_model_results/outputs/loss_comparison_mlp/MLP__mse__minmax__seed42/mlp_state_dict_best.pt
Epoch 025 | train_loss=1.2016e-03 | train_eval_loss=1.1609e-03 | val_loss=1.1454e-03 | | lr=1.00e-03
Saved best model to results/thesis_model_results/outputs/loss_comparison_mlp/MLP__mse__minmax__seed42/mlp_state_dict_best.pt
Epoch 026 | train_loss=1.2227e-03 | train_eval_loss=1.2025e-03 | val_loss=1.1899e-03 | | lr=1.00e-03
Epoch 027 | train_loss=1.1827e-03 | train_eval_loss=1.1619e-03 | val_loss=1.1521e-03 | | lr=1.00e-03
Epoch 028 | train_loss=1.1656e-03 | train_eval_loss=1.2376e-03 | val_loss=1.2293e-03 | | lr=1.00e-03
Epoch 029 | train_loss=1.1476e-03 | train_eval_loss=1.0902e-03 | val_loss=1.0740e-03 | | lr=1.00e-03
Saved best model to results/thesis_model_results/outputs/loss_comparison_mlp/MLP__mse__minmax__seed42/mlp_state_dict_best.pt
Epoch 030 | train_loss=1.1334e-03 | train_eval_loss=1.1669e-03 | val_loss=1.1486e-03 | | lr=1.00e-03
Epoch 031 | train_loss=1.0938e-03 | train_eval_loss=1.1409e-03 | val_loss=1.1324e-03 | | lr=1.00e-03
Epoch 032 | train_loss=1.0926e-03 | train_eval_loss=1.1190e-03 | val_loss=1.1093e-03 | | lr=1.00e-03
Epoch 033 | train_loss=1.0952e-03 | train_eval_loss=1.0330e-03 | val_loss=1.0223e-03 | | lr=1.00e-03
Saved best model to results/thesis_model_results/outputs/loss_comparison_mlp/MLP__mse__minmax__seed42/mlp_state_dict_best.pt
Epoch 034 | train_loss=1.0715e-03 | train_eval_loss=1.2395e-03 | val_loss=1.2264e-03 | | lr=1.00e-03
Epoch 035 | train_loss=1.0684e-03 | train_eval_loss=1.1570e-03 | val_loss=1.1407e-03 | | lr=1.00e-03
Epoch 036 | train_loss=1.0753e-03 | train_eval_loss=1.0282e-03 | val_loss=1.0207e-03 | | lr=1.00e-03
Saved best model to results/thesis_model_results/outputs/loss_comparison_mlp/MLP__mse__minmax__seed42/mlp_state_dict_best.pt
Epoch 037 | train_loss=1.0365e-03 | train_eval_loss=9.9509e-04 | val_loss=9.8403e-04 | | lr=1.00e-03
Saved best model to results/thesis_model_results/outputs/loss_comparison_mlp/MLP__mse__minmax__seed42/mlp_state_dict_best.pt
Epoch 038 | train_loss=1.0207e-03 | train_eval_loss=1.0331e-03 | val_loss=1.0222e-03 | | lr=1.00e-03
Epoch 039 | train_loss=9.9134e-04 | train_eval_loss=9.4183e-04 | val_loss=9.3764e-04 | | lr=1.00e-03
Saved best model to results/thesis_model_results/outputs/loss_comparison_mlp/MLP__mse__minmax__seed42/mlp_state_dict_best.pt
Epoch 040 | train_loss=9.5397e-04 | train_eval_loss=1.0436e-03 | val_loss=1.0309e-03 | | lr=1.00e-03
Epoch 041 | train_loss=9.6804e-04 | train_eval_loss=1.0499e-03 | val_loss=1.0426e-03 | | lr=1.00e-03
Epoch 042 | train_loss=9.6950e-04 | train_eval_loss=9.6368e-04 | val_loss=9.5863e-04 | | lr=1.00e-03
Epoch 043 | train_loss=9.7172e-04 | train_eval_loss=9.4476e-04 | val_loss=9.3754e-04 | | lr=1.00e-03
Saved best model to results/thesis_model_results/outputs/loss_comparison_mlp/MLP__mse__minmax__seed42/mlp_state_dict_best.pt
Epoch 044 | train_loss=9.6215e-04 | train_eval_loss=8.9064e-04 | val_loss=8.8428e-04 | | lr=1.00e-03
Saved best model to results/thesis_model_results/outputs/loss_comparison_mlp/MLP__mse__minmax__seed42/mlp_state_dict_best.pt
Epoch 045 | train_loss=9.0080e-04 | train_eval_loss=9.1568e-04 | val_loss=9.0986e-04 | | lr=1.00e-03
Epoch 046 | train_loss=9.0166e-04 | train_eval_loss=8.8107e-04 | val_loss=8.7320e-04 | | lr=1.00e-03
Saved best model to results/thesis_model_results/outputs/loss_comparison_mlp/MLP__mse__minmax__seed42/mlp_state_dict_best.pt
Epoch 047 | train_loss=8.8078e-04 | train_eval_loss=8.9464e-04 | val_loss=8.8928e-04 | | lr=1.00e-03
Epoch 048 | train_loss=9.0335e-04 | train_eval_loss=8.4878e-04 | val_loss=8.4478e-04 | | lr=1.00e-03
Saved best model to results/thesis_model_results/outputs/loss_comparison_mlp/MLP__mse__minmax__seed42/mlp_state_dict_best.pt
Epoch 049 | train_loss=8.9552e-04 | train_eval_loss=9.0583e-04 | val_loss=9.0496e-04 | | lr=1.00e-03
Epoch 050 | train_loss=8.3150e-04 | train_eval_loss=8.2284e-04 | val_loss=8.2278e-04 | | lr=1.00e-03
Saved best model to results/thesis_model_results/outputs/loss_comparison_mlp/MLP__mse__minmax__seed42/mlp_state_dict_best.pt
Epoch 051 | train_loss=8.7797e-04 | train_eval_loss=8.9669e-04 | val_loss=8.9710e-04 | | lr=1.00e-03
Epoch 052 | train_loss=8.5372e-04 | train_eval_loss=7.7085e-04 | val_loss=7.7359e-04 | | lr=1.00e-03
Saved best model to results/thesis_model_results/outputs/loss_comparison_mlp/MLP__mse__minmax__seed42/mlp_state_dict_best.pt
Epoch 053 | train_loss=8.0823e-04 | train_eval_loss=7.9678e-04 | val_loss=7.9713e-04 | | lr=1.00e-03
Epoch 054 | train_loss=7.8891e-04 | train_eval_loss=7.8117e-04 | val_loss=7.8036e-04 | | lr=1.00e-03
Epoch 055 | train_loss=8.1450e-04 | train_eval_loss=1.0001e-03 | val_loss=9.9330e-04 | | lr=1.00e-03
Epoch 056 | train_loss=7.8389e-04 | train_eval_loss=8.0856e-04 | val_loss=8.1033e-04 | | lr=1.00e-03
Epoch 057 | train_loss=7.8066e-04 | train_eval_loss=7.4211e-04 | val_loss=7.4707e-04 | | lr=1.00e-03
Saved best model to results/thesis_model_results/outputs/loss_comparison_mlp/MLP__mse__minmax__seed42/mlp_state_dict_best.pt
Epoch 058 | train_loss=7.7117e-04 | train_eval_loss=7.3180e-04 | val_loss=7.3410e-04 | | lr=1.00e-03
Saved best model to results/thesis_model_results/outputs/loss_comparison_mlp/MLP__mse__minmax__seed42/mlp_state_dict_best.pt
Epoch 059 | train_loss=7.3862e-04 | train_eval_loss=7.4348e-04 | val_loss=7.4524e-04 | | lr=1.00e-03
Epoch 060 | train_loss=7.4441e-04 | train_eval_loss=7.1886e-04 | val_loss=7.2296e-04 | | lr=1.00e-03
Saved best model to results/thesis_model_results/outputs/loss_comparison_mlp/MLP__mse__minmax__seed42/mlp_state_dict_best.pt
Epoch 061 | train_loss=7.4620e-04 | train_eval_loss=7.4302e-04 | val_loss=7.4741e-04 | | lr=1.00e-03
Epoch 062 | train_loss=7.4183e-04 | train_eval_loss=9.0712e-04 | val_loss=9.0888e-04 | | lr=1.00e-03
Epoch 063 | train_loss=7.9484e-04 | train_eval_loss=7.1322e-04 | val_loss=7.1188e-04 | | lr=1.00e-03
Saved best model to results/thesis_model_results/outputs/loss_comparison_mlp/MLP__mse__minmax__seed42/mlp_state_dict_best.pt
Epoch 064 | train_loss=7.3532e-04 | train_eval_loss=7.1651e-04 | val_loss=7.2165e-04 | | lr=1.00e-03
Epoch 065 | train_loss=7.2592e-04 | train_eval_loss=6.7625e-04 | val_loss=6.8468e-04 | | lr=1.00e-03
Saved best model to results/thesis_model_results/outputs/loss_comparison_mlp/MLP__mse__minmax__seed42/mlp_state_dict_best.pt
Epoch 066 | train_loss=6.9276e-04 | train_eval_loss=6.8109e-04 | val_loss=6.9024e-04 | | lr=1.00e-03
Epoch 067 | train_loss=7.3398e-04 | train_eval_loss=7.4581e-04 | val_loss=7.5837e-04 | | lr=1.00e-03
Epoch 068 | train_loss=6.9249e-04 | train_eval_loss=8.2154e-04 | val_loss=8.2804e-04 | | lr=1.00e-03
Epoch 069 | train_loss=7.1031e-04 | train_eval_loss=7.4874e-04 | val_loss=7.6188e-04 | | lr=1.00e-03
Epoch 070 | train_loss=6.7820e-04 | train_eval_loss=6.6687e-04 | val_loss=6.7244e-04 | | lr=1.00e-03
Saved best model to results/thesis_model_results/outputs/loss_comparison_mlp/MLP__mse__minmax__seed42/mlp_state_dict_best.pt
Epoch 071 | train_loss=6.9613e-04 | train_eval_loss=6.5859e-04 | val_loss=6.6415e-04 | | lr=1.00e-03
Saved best model to results/thesis_model_results/outputs/loss_comparison_mlp/MLP__mse__minmax__seed42/mlp_state_dict_best.pt
Epoch 072 | train_loss=6.9809e-04 | train_eval_loss=7.8310e-04 | val_loss=7.8904e-04 | | lr=1.00e-03
Epoch 073 | train_loss=6.9437e-04 | train_eval_loss=6.3792e-04 | val_loss=6.5024e-04 | | lr=1.00e-03
Saved best model to results/thesis_model_results/outputs/loss_comparison_mlp/MLP__mse__minmax__seed42/mlp_state_dict_best.pt
Epoch 074 | train_loss=6.7404e-04 | train_eval_loss=7.1182e-04 | val_loss=7.1770e-04 | | lr=1.00e-03
Epoch 075 | train_loss=6.4655e-04 | train_eval_loss=6.9797e-04 | val_loss=6.9832e-04 | | lr=1.00e-03
Epoch 076 | train_loss=6.9446e-04 | train_eval_loss=6.5115e-04 | val_loss=6.5636e-04 | | lr=1.00e-03
Epoch 077 | train_loss=6.8961e-04 | train_eval_loss=6.2624e-04 | val_loss=6.3314e-04 | | lr=1.00e-03
Saved best model to results/thesis_model_results/outputs/loss_comparison_mlp/MLP__mse__minmax__seed42/mlp_state_dict_best.pt
Epoch 078 | train_loss=6.6007e-04 | train_eval_loss=6.7941e-04 | val_loss=6.8547e-04 | | lr=1.00e-03
Epoch 079 | train_loss=6.5587e-04 | train_eval_loss=7.3228e-04 | val_loss=7.3853e-04 | | lr=1.00e-03
Epoch 080 | train_loss=7.0258e-04 | train_eval_loss=8.4139e-04 | val_loss=8.5517e-04 | | lr=1.00e-03
Epoch 081 | train_loss=6.8873e-04 | train_eval_loss=6.3406e-04 | val_loss=6.4124e-04 | | lr=1.00e-03
Epoch 082 | train_loss=6.4370e-04 | train_eval_loss=6.2574e-04 | val_loss=6.3576e-04 | | lr=1.00e-03
Epoch 083 | train_loss=6.2659e-04 | train_eval_loss=6.2871e-04 | val_loss=6.4015e-04 | | lr=1.00e-03
Epoch 084 | train_loss=6.3556e-04 | train_eval_loss=6.1540e-04 | val_loss=6.2838e-04 | | lr=1.00e-03
Saved best model to results/thesis_model_results/outputs/loss_comparison_mlp/MLP__mse__minmax__seed42/mlp_state_dict_best.pt
Epoch 085 | train_loss=6.4098e-04 | train_eval_loss=6.0449e-04 | val_loss=6.1374e-04 | | lr=1.00e-03
Saved best model to results/thesis_model_results/outputs/loss_comparison_mlp/MLP__mse__minmax__seed42/mlp_state_dict_best.pt
Epoch 086 | train_loss=6.6303e-04 | train_eval_loss=6.7642e-04 | val_loss=6.7956e-04 | | lr=1.00e-03
Epoch 087 | train_loss=6.3998e-04 | train_eval_loss=6.4469e-04 | val_loss=6.5057e-04 | | lr=1.00e-03
Epoch 088 | train_loss=6.5476e-04 | train_eval_loss=5.9176e-04 | val_loss=6.0426e-04 | | lr=1.00e-03
Saved best model to results/thesis_model_results/outputs/loss_comparison_mlp/MLP__mse__minmax__seed42/mlp_state_dict_best.pt
Epoch 089 | train_loss=6.2868e-04 | train_eval_loss=6.6199e-04 | val_loss=6.7177e-04 | | lr=1.00e-03
Epoch 090 | train_loss=6.2913e-04 | train_eval_loss=6.4088e-04 | val_loss=6.5271e-04 | | lr=1.00e-03
Epoch 091 | train_loss=6.1452e-04 | train_eval_loss=6.3340e-04 | val_loss=6.4190e-04 | | lr=1.00e-03
Epoch 092 | train_loss=6.2202e-04 | train_eval_loss=6.2144e-04 | val_loss=6.3239e-04 | | lr=1.00e-03
Epoch 093 | train_loss=6.1578e-04 | train_eval_loss=7.5557e-04 | val_loss=7.6607e-04 | | lr=1.00e-03
Epoch 094 | train_loss=6.3411e-04 | train_eval_loss=6.3283e-04 | val_loss=6.3987e-04 | | lr=1.00e-03
Epoch 095 | train_loss=6.1910e-04 | train_eval_loss=6.5790e-04 | val_loss=6.6485e-04 | | lr=1.00e-03
Epoch 096 | train_loss=6.0521e-04 | train_eval_loss=6.7432e-04 | val_loss=6.8533e-04 | | lr=1.00e-03
Epoch 097 | train_loss=6.3153e-04 | train_eval_loss=5.8455e-04 | val_loss=6.0144e-04 | | lr=1.00e-03
Saved best model to results/thesis_model_results/outputs/loss_comparison_mlp/MLP__mse__minmax__seed42/mlp_state_dict_best.pt
Epoch 098 | train_loss=6.0449e-04 | train_eval_loss=5.7057e-04 | val_loss=5.8958e-04 | | lr=1.00e-03
Saved best model to results/thesis_model_results/outputs/loss_comparison_mlp/MLP__mse__minmax__seed42/mlp_state_dict_best.pt
Epoch 099 | train_loss=6.1443e-04 | train_eval_loss=6.0609e-04 | val_loss=6.2789e-04 | | lr=1.00e-03
Epoch 100 | train_loss=6.1346e-04 | train_eval_loss=5.6369e-04 | val_loss=5.7848e-04 | | lr=1.00e-03
Saved best model to results/thesis_model_results/outputs/loss_comparison_mlp/MLP__mse__minmax__seed42/mlp_state_dict_best.pt
Epoch 101 | train_loss=5.9806e-04 | train_eval_loss=6.3939e-04 | val_loss=6.5255e-04 | | lr=1.00e-03
Epoch 102 | train_loss=5.9248e-04 | train_eval_loss=5.9316e-04 | val_loss=6.1257e-04 | | lr=1.00e-03
Epoch 103 | train_loss=5.9030e-04 | train_eval_loss=6.7373e-04 | val_loss=6.9296e-04 | | lr=1.00e-03
Epoch 104 | train_loss=6.0148e-04 | train_eval_loss=5.8594e-04 | val_loss=6.0416e-04 | | lr=1.00e-03
Epoch 105 | train_loss=5.9180e-04 | train_eval_loss=5.6622e-04 | val_loss=5.8616e-04 | | lr=1.00e-03
Epoch 106 | train_loss=6.0560e-04 | train_eval_loss=5.8896e-04 | val_loss=6.0960e-04 | | lr=1.00e-03
Epoch 107 | train_loss=6.1233e-04 | train_eval_loss=5.5557e-04 | val_loss=5.7273e-04 | | lr=1.00e-03
Saved best model to results/thesis_model_results/outputs/loss_comparison_mlp/MLP__mse__minmax__seed42/mlp_state_dict_best.pt
Epoch 108 | train_loss=5.5542e-04 | train_eval_loss=5.3876e-04 | val_loss=5.5612e-04 | | lr=1.00e-03
Saved best model to results/thesis_model_results/outputs/loss_comparison_mlp/MLP__mse__minmax__seed42/mlp_state_dict_best.pt
Epoch 109 | train_loss=5.6283e-04 | train_eval_loss=5.3719e-04 | val_loss=5.5921e-04 | | lr=1.00e-03
Epoch 110 | train_loss=5.5477e-04 | train_eval_loss=5.6515e-04 | val_loss=5.8695e-04 | | lr=1.00e-03
Epoch 111 | train_loss=6.1008e-04 | train_eval_loss=6.0132e-04 | val_loss=6.0996e-04 | | lr=1.00e-03
Epoch 112 | train_loss=5.8702e-04 | train_eval_loss=5.8559e-04 | val_loss=5.9648e-04 | | lr=1.00e-03
Epoch 113 | train_loss=5.7582e-04 | train_eval_loss=7.0964e-04 | val_loss=7.2950e-04 | | lr=1.00e-03
Epoch 114 | train_loss=5.8881e-04 | train_eval_loss=5.3056e-04 | val_loss=5.4908e-04 | | lr=1.00e-03
Saved best model to results/thesis_model_results/outputs/loss_comparison_mlp/MLP__mse__minmax__seed42/mlp_state_dict_best.pt
Epoch 115 | train_loss=5.6298e-04 | train_eval_loss=5.4104e-04 | val_loss=5.5944e-04 | | lr=1.00e-03
Epoch 116 | train_loss=5.5827e-04 | train_eval_loss=5.4332e-04 | val_loss=5.6427e-04 | | lr=1.00e-03
Epoch 117 | train_loss=5.7157e-04 | train_eval_loss=6.3108e-04 | val_loss=6.4830e-04 | | lr=1.00e-03
Epoch 118 | train_loss=5.8663e-04 | train_eval_loss=5.6936e-04 | val_loss=5.9097e-04 | | lr=1.00e-03
Epoch 119 | train_loss=5.5559e-04 | train_eval_loss=6.3092e-04 | val_loss=6.5277e-04 | | lr=1.00e-03
Epoch 120 | train_loss=5.9103e-04 | train_eval_loss=5.0931e-04 | val_loss=5.3178e-04 | | lr=1.00e-03
Saved best model to results/thesis_model_results/outputs/loss_comparison_mlp/MLP__mse__minmax__seed42/mlp_state_dict_best.pt
Epoch 121 | train_loss=5.5565e-04 | train_eval_loss=5.0850e-04 | val_loss=5.2786e-04 | | lr=1.00e-03
Saved best model to results/thesis_model_results/outputs/loss_comparison_mlp/MLP__mse__minmax__seed42/mlp_state_dict_best.pt
Epoch 122 | train_loss=5.7474e-04 | train_eval_loss=5.5994e-04 | val_loss=5.8257e-04 | | lr=1.00e-03
Epoch 123 | train_loss=5.6501e-04 | train_eval_loss=5.3459e-04 | val_loss=5.5589e-04 | | lr=1.00e-03
Epoch 124 | train_loss=5.4165e-04 | train_eval_loss=5.5529e-04 | val_loss=5.7749e-04 | | lr=1.00e-03
Epoch 125 | train_loss=5.6112e-04 | train_eval_loss=5.7335e-04 | val_loss=5.9995e-04 | | lr=1.00e-03
Epoch 126 | train_loss=5.3549e-04 | train_eval_loss=5.0760e-04 | val_loss=5.2603e-04 | | lr=1.00e-03
Saved best model to results/thesis_model_results/outputs/loss_comparison_mlp/MLP__mse__minmax__seed42/mlp_state_dict_best.pt
Epoch 127 | train_loss=5.6608e-04 | train_eval_loss=5.1909e-04 | val_loss=5.4894e-04 | | lr=1.00e-03
Epoch 128 | train_loss=5.3954e-04 | train_eval_loss=5.2132e-04 | val_loss=5.4199e-04 | | lr=1.00e-03
Epoch 129 | train_loss=5.1212e-04 | train_eval_loss=4.8659e-04 | val_loss=5.1022e-04 | | lr=1.00e-03
Saved best model to results/thesis_model_results/outputs/loss_comparison_mlp/MLP__mse__minmax__seed42/mlp_state_dict_best.pt
Epoch 130 | train_loss=5.2370e-04 | train_eval_loss=4.8046e-04 | val_loss=5.0645e-04 | | lr=1.00e-03
Saved best model to results/thesis_model_results/outputs/loss_comparison_mlp/MLP__mse__minmax__seed42/mlp_state_dict_best.pt
Epoch 131 | train_loss=5.2188e-04 | train_eval_loss=4.9598e-04 | val_loss=5.2143e-04 | | lr=1.00e-03
Epoch 132 | train_loss=5.2708e-04 | train_eval_loss=6.3721e-04 | val_loss=6.7551e-04 | | lr=1.00e-03
Epoch 133 | train_loss=5.9686e-04 | train_eval_loss=4.9907e-04 | val_loss=5.2560e-04 | | lr=1.00e-03
Epoch 134 | train_loss=5.8597e-04 | train_eval_loss=5.1365e-04 | val_loss=5.4034e-04 | | lr=1.00e-03
Epoch 135 | train_loss=5.0306e-04 | train_eval_loss=5.2524e-04 | val_loss=5.5602e-04 | | lr=1.00e-03
Epoch 136 | train_loss=4.9696e-04 | train_eval_loss=5.6619e-04 | val_loss=5.8677e-04 | | lr=1.00e-03
Epoch 137 | train_loss=5.5669e-04 | train_eval_loss=4.8683e-04 | val_loss=5.1425e-04 | | lr=1.00e-03
Epoch 138 | train_loss=5.1877e-04 | train_eval_loss=5.5937e-04 | val_loss=5.8309e-04 | | lr=1.00e-03
Epoch 139 | train_loss=5.2886e-04 | train_eval_loss=4.9252e-04 | val_loss=5.2525e-04 | | lr=1.00e-03
Epoch 140 | train_loss=4.6335e-04 | train_eval_loss=4.3811e-04 | val_loss=4.7020e-04 | | lr=5.00e-04
Saved best model to results/thesis_model_results/outputs/loss_comparison_mlp/MLP__mse__minmax__seed42/mlp_state_dict_best.pt
Epoch 141 | train_loss=4.3931e-04 | train_eval_loss=4.2805e-04 | val_loss=4.6270e-04 | | lr=5.00e-04
Saved best model to results/thesis_model_results/outputs/loss_comparison_mlp/MLP__mse__minmax__seed42/mlp_state_dict_best.pt
Epoch 142 | train_loss=4.4290e-04 | train_eval_loss=4.4248e-04 | val_loss=4.7764e-04 | | lr=5.00e-04
Epoch 143 | train_loss=4.3849e-04 | train_eval_loss=4.3092e-04 | val_loss=4.6617e-04 | | lr=5.00e-04
Epoch 144 | train_loss=4.3097e-04 | train_eval_loss=4.2585e-04 | val_loss=4.6129e-04 | | lr=5.00e-04
Saved best model to results/thesis_model_results/outputs/loss_comparison_mlp/MLP__mse__minmax__seed42/mlp_state_dict_best.pt
Epoch 145 | train_loss=4.5610e-04 | train_eval_loss=4.4862e-04 | val_loss=4.8386e-04 | | lr=5.00e-04
Epoch 146 | train_loss=4.4714e-04 | train_eval_loss=4.4149e-04 | val_loss=4.8163e-04 | | lr=5.00e-04
Epoch 147 | train_loss=4.4559e-04 | train_eval_loss=4.3823e-04 | val_loss=4.6756e-04 | | lr=5.00e-04
Epoch 148 | train_loss=4.4619e-04 | train_eval_loss=4.3852e-04 | val_loss=4.7747e-04 | | lr=5.00e-04
Epoch 149 | train_loss=4.4612e-04 | train_eval_loss=4.2242e-04 | val_loss=4.5439e-04 | | lr=5.00e-04
Saved best model to results/thesis_model_results/outputs/loss_comparison_mlp/MLP__mse__minmax__seed42/mlp_state_dict_best.pt
Epoch 150 | train_loss=4.3245e-04 | train_eval_loss=4.5502e-04 | val_loss=4.9161e-04 | | lr=5.00e-04
Epoch 151 | train_loss=4.4084e-04 | train_eval_loss=4.3183e-04 | val_loss=4.6775e-04 | | lr=5.00e-04
Epoch 152 | train_loss=4.4675e-04 | train_eval_loss=4.6950e-04 | val_loss=5.0526e-04 | | lr=5.00e-04
Epoch 153 | train_loss=4.3429e-04 | train_eval_loss=4.4808e-04 | val_loss=4.8754e-04 | | lr=5.00e-04
Epoch 154 | train_loss=4.5336e-04 | train_eval_loss=4.3366e-04 | val_loss=4.6787e-04 | | lr=5.00e-04
Epoch 155 | train_loss=4.4391e-04 | train_eval_loss=4.5135e-04 | val_loss=4.8306e-04 | | lr=5.00e-04
Epoch 156 | train_loss=4.4532e-04 | train_eval_loss=4.3519e-04 | val_loss=4.7107e-04 | | lr=5.00e-04
Epoch 157 | train_loss=4.4387e-04 | train_eval_loss=4.5343e-04 | val_loss=4.9429e-04 | | lr=5.00e-04
Epoch 158 | train_loss=4.3869e-04 | train_eval_loss=6.2759e-04 | val_loss=6.7145e-04 | | lr=5.00e-04
Epoch 159 | train_loss=4.2472e-04 | train_eval_loss=4.0270e-04 | val_loss=4.4361e-04 | | lr=2.50e-04
Saved best model to results/thesis_model_results/outputs/loss_comparison_mlp/MLP__mse__minmax__seed42/mlp_state_dict_best.pt
Epoch 160 | train_loss=4.0853e-04 | train_eval_loss=4.0240e-04 | val_loss=4.4417e-04 | | lr=2.50e-04
Epoch 161 | train_loss=4.1052e-04 | train_eval_loss=4.1610e-04 | val_loss=4.5579e-04 | | lr=2.50e-04
Epoch 162 | train_loss=4.0802e-04 | train_eval_loss=3.9514e-04 | val_loss=4.3573e-04 | | lr=2.50e-04
Saved best model to results/thesis_model_results/outputs/loss_comparison_mlp/MLP__mse__minmax__seed42/mlp_state_dict_best.pt
Epoch 163 | train_loss=4.0282e-04 | train_eval_loss=3.9505e-04 | val_loss=4.3595e-04 | | lr=2.50e-04
Epoch 164 | train_loss=4.0662e-04 | train_eval_loss=4.2037e-04 | val_loss=4.5934e-04 | | lr=2.50e-04
Epoch 165 | train_loss=4.0702e-04 | train_eval_loss=4.0694e-04 | val_loss=4.4510e-04 | | lr=2.50e-04
Epoch 166 | train_loss=4.0475e-04 | train_eval_loss=4.0663e-04 | val_loss=4.4643e-04 | | lr=2.50e-04
Epoch 167 | train_loss=4.0634e-04 | train_eval_loss=4.3122e-04 | val_loss=4.7904e-04 | | lr=2.50e-04
Epoch 168 | train_loss=4.1167e-04 | train_eval_loss=4.2000e-04 | val_loss=4.6478e-04 | | lr=2.50e-04
Epoch 169 | train_loss=4.1021e-04 | train_eval_loss=4.0402e-04 | val_loss=4.4139e-04 | | lr=2.50e-04
Epoch 170 | train_loss=4.0462e-04 | train_eval_loss=4.0129e-04 | val_loss=4.3976e-04 | | lr=2.50e-04
Epoch 171 | train_loss=4.0330e-04 | train_eval_loss=3.9914e-04 | val_loss=4.4177e-04 | | lr=2.50e-04
Epoch 172 | train_loss=3.9446e-04 | train_eval_loss=3.8648e-04 | val_loss=4.2499e-04 | | lr=1.25e-04
Saved best model to results/thesis_model_results/outputs/loss_comparison_mlp/MLP__mse__minmax__seed42/mlp_state_dict_best.pt
Epoch 173 | train_loss=3.8849e-04 | train_eval_loss=3.8319e-04 | val_loss=4.2703e-04 | | lr=1.25e-04
Epoch 174 | train_loss=3.8733e-04 | train_eval_loss=3.9202e-04 | val_loss=4.3515e-04 | | lr=1.25e-04
Epoch 175 | train_loss=3.8628e-04 | train_eval_loss=3.7941e-04 | val_loss=4.2506e-04 | | lr=1.25e-04
Epoch 176 | train_loss=3.8838e-04 | train_eval_loss=3.8537e-04 | val_loss=4.3090e-04 | | lr=1.25e-04
Epoch 177 | train_loss=3.8728e-04 | train_eval_loss=3.8641e-04 | val_loss=4.3041e-04 | | lr=1.25e-04
Epoch 178 | train_loss=3.8768e-04 | train_eval_loss=3.9105e-04 | val_loss=4.3396e-04 | | lr=1.25e-04
Epoch 179 | train_loss=3.9133e-04 | train_eval_loss=3.8863e-04 | val_loss=4.3659e-04 | | lr=1.25e-04
Epoch 180 | train_loss=3.8786e-04 | train_eval_loss=3.8690e-04 | val_loss=4.3075e-04 | | lr=1.25e-04
Epoch 181 | train_loss=3.8352e-04 | train_eval_loss=3.7947e-04 | val_loss=4.2306e-04 | | lr=1.25e-04
Saved best model to results/thesis_model_results/outputs/loss_comparison_mlp/MLP__mse__minmax__seed42/mlp_state_dict_best.pt
Epoch 182 | train_loss=3.8508e-04 | train_eval_loss=3.8036e-04 | val_loss=4.2609e-04 | | lr=1.25e-04
Epoch 183 | train_loss=3.8479e-04 | train_eval_loss=3.9007e-04 | val_loss=4.3058e-04 | | lr=1.25e-04
Epoch 184 | train_loss=3.8909e-04 | train_eval_loss=3.8113e-04 | val_loss=4.2448e-04 | | lr=1.25e-04
Epoch 185 | train_loss=3.8573e-04 | train_eval_loss=3.8148e-04 | val_loss=4.2693e-04 | | lr=1.25e-04
Epoch 186 | train_loss=3.8658e-04 | train_eval_loss=3.8813e-04 | val_loss=4.2761e-04 | | lr=1.25e-04
Epoch 187 | train_loss=3.9033e-04 | train_eval_loss=3.9128e-04 | val_loss=4.3226e-04 | | lr=1.25e-04
Epoch 188 | train_loss=3.8733e-04 | train_eval_loss=3.8506e-04 | val_loss=4.3105e-04 | | lr=1.25e-04
Epoch 189 | train_loss=3.8245e-04 | train_eval_loss=3.8809e-04 | val_loss=4.3648e-04 | | lr=1.25e-04
Epoch 190 | train_loss=3.8373e-04 | train_eval_loss=3.7917e-04 | val_loss=4.2523e-04 | | lr=1.25e-04
Epoch 191 | train_loss=3.7623e-04 | train_eval_loss=3.7272e-04 | val_loss=4.1913e-04 | | lr=6.25e-05
Saved best model to results/thesis_model_results/outputs/loss_comparison_mlp/MLP__mse__minmax__seed42/mlp_state_dict_best.pt
Epoch 192 | train_loss=3.7600e-04 | train_eval_loss=3.7230e-04 | val_loss=4.1655e-04 | | lr=6.25e-05
Saved best model to results/thesis_model_results/outputs/loss_comparison_mlp/MLP__mse__minmax__seed42/mlp_state_dict_best.pt
Epoch 193 | train_loss=3.7488e-04 | train_eval_loss=3.7140e-04 | val_loss=4.1760e-04 | | lr=6.25e-05
Epoch 194 | train_loss=3.7475e-04 | train_eval_loss=3.6975e-04 | val_loss=4.1772e-04 | | lr=6.25e-05
Epoch 195 | train_loss=3.7509e-04 | train_eval_loss=3.7558e-04 | val_loss=4.2575e-04 | | lr=6.25e-05
Epoch 196 | train_loss=3.7369e-04 | train_eval_loss=3.7165e-04 | val_loss=4.1854e-04 | | lr=6.25e-05
Epoch 197 | train_loss=3.7312e-04 | train_eval_loss=3.7028e-04 | val_loss=4.1563e-04 | | lr=6.25e-05
Saved best model to results/thesis_model_results/outputs/loss_comparison_mlp/MLP__mse__minmax__seed42/mlp_state_dict_best.pt
Epoch 198 | train_loss=3.7440e-04 | train_eval_loss=3.7024e-04 | val_loss=4.1587e-04 | | lr=6.25e-05
Epoch 199 | train_loss=3.7197e-04 | train_eval_loss=3.7418e-04 | val_loss=4.2301e-04 | | lr=6.25e-05
Epoch 200 | train_loss=3.7267e-04 | train_eval_loss=3.7301e-04 | val_loss=4.1999e-04 | | lr=6.25e-05
Saved training logs to results/thesis_model_results/outputs/loss_comparison_mlp/MLP__mse__minmax__seed42/training_summary.txt
Test RMSE(rocof_COI) = 0.0150 | norm: 0.0114 | real_diff: 0.0106
Test RMSE(dev_COI) = 0.0287 | norm: 0.0106 | real_diff: 0.0168
Test RMSE(Delta_P_IBR_1) = 0.1266 | norm: 0.0200 | real_diff: 0.0879
Test RMSE(Delta_P_IBR_2) = 0.1262 | norm: 0.0176 | real_diff: 0.0776
Test RMSE(Delta_P_IBR_3) = 0.1860 | norm: 0.0327 | real_diff: 0.0996
Test RMSE(Delta_P_IBR_4) = 0.2019 | norm: 0.0209 | real_diff: 0.1316
Saved RMSE results to results/thesis_model_results/outputs/loss_comparison_mlp/MLP__mse__minmax__seed42/rmse_results.txt
Saved detailed metrics to results/thesis_model_results/outputs/loss_comparison_mlp/MLP__mse__minmax__seed42/metrics_by_target.csv
Saved aggregate metrics to results/thesis_model_results/outputs/loss_comparison_mlp/MLP__mse__minmax__seed42/metrics_summary.json
Saved loss curves to results/thesis_model_results/outputs/loss_comparison_mlp/MLP__mse__minmax__seed42/loss_curve.png
Saved scatter plot results/thesis_model_results/outputs/loss_comparison_mlp/MLP__mse__minmax__seed42/scatter_rocof_COI.png
Saved scatter plot results/thesis_model_results/outputs/loss_comparison_mlp/MLP__mse__minmax__seed42/scatter_dev_COI.png
Saved scatter plot results/thesis_model_results/outputs/loss_comparison_mlp/MLP__mse__minmax__seed42/scatter_Delta_P_IBR_1.png
Saved scatter plot results/thesis_model_results/outputs/loss_comparison_mlp/MLP__mse__minmax__seed42/scatter_Delta_P_IBR_2.png
Saved scatter plot results/thesis_model_results/outputs/loss_comparison_mlp/MLP__mse__minmax__seed42/scatter_Delta_P_IBR_3.png
Saved scatter plot results/thesis_model_results/outputs/loss_comparison_mlp/MLP__mse__minmax__seed42/scatter_Delta_P_IBR_4.png
Saved model to results/thesis_model_results/outputs/loss_comparison_mlp/MLP__mse__minmax__seed42/mlp_state_dict.pt
Loss type: l1 | weights=[]
Target stats (scaled):
train mean=[0.549  0.589  0.492  0.4884 0.4785 0.4192]
train std=[0.1365 0.1371 0.1141 0.1063 0.1158 0.1138]
train q05=[0.3074 0.3979 0.3192 0.303  0.3347 0.2205]
train q95=[0.7933 0.8652 0.6719 0.6491 0.6927 0.6016]
val mean=[0.5473 0.5873 0.4922 0.4893 0.4798 0.4201]
val std=[0.1343 0.1348 0.1123 0.1072 0.1141 0.1112]
val q05=[0.3103 0.3982 0.3195 0.303  0.3376 0.2251]
val q95=[0.7886 0.8626 0.6731 0.6514 0.6918 0.5984]
val/train std ratio=[0.984  0.9828 0.9844 1.0084 0.9848 0.9772]
LR scheduler: ReduceLROnPlateau (factor=0.5, patience=8, min_lr=1e-07)
Epoch 001 | train_loss=1.2217e-01 | train_eval_loss=8.4959e-02 | val_loss=8.3536e-02 | | lr=1.00e-03
Saved best model to results/thesis_model_results/outputs/loss_comparison_mlp/MLP__l1__minmax__seed42/mlp_state_dict_best.pt
Epoch 002 | train_loss=6.8530e-02 | train_eval_loss=6.1406e-02 | val_loss=6.0955e-02 | | lr=1.00e-03
Saved best model to results/thesis_model_results/outputs/loss_comparison_mlp/MLP__l1__minmax__seed42/mlp_state_dict_best.pt
Epoch 003 | train_loss=4.2036e-02 | train_eval_loss=3.7219e-02 | val_loss=3.6923e-02 | | lr=1.00e-03
Saved best model to results/thesis_model_results/outputs/loss_comparison_mlp/MLP__l1__minmax__seed42/mlp_state_dict_best.pt
Epoch 004 | train_loss=3.7090e-02 | train_eval_loss=3.6796e-02 | val_loss=3.6576e-02 | | lr=1.00e-03
Saved best model to results/thesis_model_results/outputs/loss_comparison_mlp/MLP__l1__minmax__seed42/mlp_state_dict_best.pt
Epoch 005 | train_loss=3.5971e-02 | train_eval_loss=3.6282e-02 | val_loss=3.6083e-02 | | lr=1.00e-03
Saved best model to results/thesis_model_results/outputs/loss_comparison_mlp/MLP__l1__minmax__seed42/mlp_state_dict_best.pt
Epoch 006 | train_loss=3.4845e-02 | train_eval_loss=3.4011e-02 | val_loss=3.3793e-02 | | lr=1.00e-03
Saved best model to results/thesis_model_results/outputs/loss_comparison_mlp/MLP__l1__minmax__seed42/mlp_state_dict_best.pt
Epoch 007 | train_loss=3.3575e-02 | train_eval_loss=3.2772e-02 | val_loss=3.2567e-02 | | lr=1.00e-03
Saved best model to results/thesis_model_results/outputs/loss_comparison_mlp/MLP__l1__minmax__seed42/mlp_state_dict_best.pt
Epoch 008 | train_loss=3.2601e-02 | train_eval_loss=3.2198e-02 | val_loss=3.2008e-02 | | lr=1.00e-03
Saved best model to results/thesis_model_results/outputs/loss_comparison_mlp/MLP__l1__minmax__seed42/mlp_state_dict_best.pt
Epoch 009 | train_loss=3.0514e-02 | train_eval_loss=3.0554e-02 | val_loss=3.0393e-02 | | lr=1.00e-03
Saved best model to results/thesis_model_results/outputs/loss_comparison_mlp/MLP__l1__minmax__seed42/mlp_state_dict_best.pt
Epoch 010 | train_loss=2.9533e-02 | train_eval_loss=2.7872e-02 | val_loss=2.7791e-02 | | lr=1.00e-03
Saved best model to results/thesis_model_results/outputs/loss_comparison_mlp/MLP__l1__minmax__seed42/mlp_state_dict_best.pt
Epoch 011 | train_loss=2.7943e-02 | train_eval_loss=2.6664e-02 | val_loss=2.6510e-02 | | lr=1.00e-03
Saved best model to results/thesis_model_results/outputs/loss_comparison_mlp/MLP__l1__minmax__seed42/mlp_state_dict_best.pt
Epoch 012 | train_loss=2.6954e-02 | train_eval_loss=2.4676e-02 | val_loss=2.4501e-02 | | lr=1.00e-03
Saved best model to results/thesis_model_results/outputs/loss_comparison_mlp/MLP__l1__minmax__seed42/mlp_state_dict_best.pt
Epoch 013 | train_loss=2.5493e-02 | train_eval_loss=2.5471e-02 | val_loss=2.5290e-02 | | lr=1.00e-03
Epoch 014 | train_loss=2.4633e-02 | train_eval_loss=2.7073e-02 | val_loss=2.6947e-02 | | lr=1.00e-03
Epoch 015 | train_loss=2.4051e-02 | train_eval_loss=2.3614e-02 | val_loss=2.3468e-02 | | lr=1.00e-03
Saved best model to results/thesis_model_results/outputs/loss_comparison_mlp/MLP__l1__minmax__seed42/mlp_state_dict_best.pt
Epoch 016 | train_loss=2.4360e-02 | train_eval_loss=2.4339e-02 | val_loss=2.4257e-02 | | lr=1.00e-03
Epoch 017 | train_loss=2.3074e-02 | train_eval_loss=2.2295e-02 | val_loss=2.2191e-02 | | lr=1.00e-03
Saved best model to results/thesis_model_results/outputs/loss_comparison_mlp/MLP__l1__minmax__seed42/mlp_state_dict_best.pt
Epoch 018 | train_loss=2.3008e-02 | train_eval_loss=2.3060e-02 | val_loss=2.3009e-02 | | lr=1.00e-03
Epoch 019 | train_loss=2.2570e-02 | train_eval_loss=2.2099e-02 | val_loss=2.2012e-02 | | lr=1.00e-03
Saved best model to results/thesis_model_results/outputs/loss_comparison_mlp/MLP__l1__minmax__seed42/mlp_state_dict_best.pt
Epoch 020 | train_loss=2.4651e-02 | train_eval_loss=2.4606e-02 | val_loss=2.4470e-02 | | lr=1.00e-03
Epoch 021 | train_loss=2.2185e-02 | train_eval_loss=2.1754e-02 | val_loss=2.1654e-02 | | lr=1.00e-03
Saved best model to results/thesis_model_results/outputs/loss_comparison_mlp/MLP__l1__minmax__seed42/mlp_state_dict_best.pt
Epoch 022 | train_loss=2.2614e-02 | train_eval_loss=2.1635e-02 | val_loss=2.1562e-02 | | lr=1.00e-03
Saved best model to results/thesis_model_results/outputs/loss_comparison_mlp/MLP__l1__minmax__seed42/mlp_state_dict_best.pt
Epoch 023 | train_loss=2.2082e-02 | train_eval_loss=2.1679e-02 | val_loss=2.1646e-02 | | lr=1.00e-03
Epoch 024 | train_loss=2.2640e-02 | train_eval_loss=2.2446e-02 | val_loss=2.2432e-02 | | lr=1.00e-03
Epoch 025 | train_loss=2.1877e-02 | train_eval_loss=2.3291e-02 | val_loss=2.3316e-02 | | lr=1.00e-03
Epoch 026 | train_loss=2.2469e-02 | train_eval_loss=2.1949e-02 | val_loss=2.1996e-02 | | lr=1.00e-03
Epoch 027 | train_loss=2.1472e-02 | train_eval_loss=2.0445e-02 | val_loss=2.0439e-02 | | lr=1.00e-03
Saved best model to results/thesis_model_results/outputs/loss_comparison_mlp/MLP__l1__minmax__seed42/mlp_state_dict_best.pt
Epoch 028 | train_loss=2.1225e-02 | train_eval_loss=2.3340e-02 | val_loss=2.3272e-02 | | lr=1.00e-03
Epoch 029 | train_loss=2.1293e-02 | train_eval_loss=1.9996e-02 | val_loss=1.9966e-02 | | lr=1.00e-03
Saved best model to results/thesis_model_results/outputs/loss_comparison_mlp/MLP__l1__minmax__seed42/mlp_state_dict_best.pt
Epoch 030 | train_loss=2.1170e-02 | train_eval_loss=1.9993e-02 | val_loss=1.9924e-02 | | lr=1.00e-03
Saved best model to results/thesis_model_results/outputs/loss_comparison_mlp/MLP__l1__minmax__seed42/mlp_state_dict_best.pt
Epoch 031 | train_loss=2.0703e-02 | train_eval_loss=2.0468e-02 | val_loss=2.0485e-02 | | lr=1.00e-03
Epoch 032 | train_loss=2.0344e-02 | train_eval_loss=2.2407e-02 | val_loss=2.2427e-02 | | lr=1.00e-03
Epoch 033 | train_loss=2.0889e-02 | train_eval_loss=2.0509e-02 | val_loss=2.0469e-02 | | lr=1.00e-03
Epoch 034 | train_loss=2.0865e-02 | train_eval_loss=2.0257e-02 | val_loss=2.0251e-02 | | lr=1.00e-03
Epoch 035 | train_loss=2.0767e-02 | train_eval_loss=2.0418e-02 | val_loss=2.0388e-02 | | lr=1.00e-03
Epoch 036 | train_loss=2.0601e-02 | train_eval_loss=2.1143e-02 | val_loss=2.1216e-02 | | lr=1.00e-03
Epoch 037 | train_loss=2.0002e-02 | train_eval_loss=2.0351e-02 | val_loss=2.0313e-02 | | lr=1.00e-03
Epoch 038 | train_loss=2.0236e-02 | train_eval_loss=2.0140e-02 | val_loss=2.0143e-02 | | lr=1.00e-03
Epoch 039 | train_loss=1.9926e-02 | train_eval_loss=1.8683e-02 | val_loss=1.8690e-02 | | lr=1.00e-03
Saved best model to results/thesis_model_results/outputs/loss_comparison_mlp/MLP__l1__minmax__seed42/mlp_state_dict_best.pt
Epoch 040 | train_loss=1.9555e-02 | train_eval_loss=2.4041e-02 | val_loss=2.4027e-02 | | lr=1.00e-03
Epoch 041 | train_loss=2.1180e-02 | train_eval_loss=2.2566e-02 | val_loss=2.2530e-02 | | lr=1.00e-03
Epoch 042 | train_loss=2.0410e-02 | train_eval_loss=1.8618e-02 | val_loss=1.8672e-02 | | lr=1.00e-03
Saved best model to results/thesis_model_results/outputs/loss_comparison_mlp/MLP__l1__minmax__seed42/mlp_state_dict_best.pt
Epoch 043 | train_loss=1.8736e-02 | train_eval_loss=1.7855e-02 | val_loss=1.7906e-02 | | lr=1.00e-03
Saved best model to results/thesis_model_results/outputs/loss_comparison_mlp/MLP__l1__minmax__seed42/mlp_state_dict_best.pt
Epoch 044 | train_loss=1.9147e-02 | train_eval_loss=1.8890e-02 | val_loss=1.8912e-02 | | lr=1.00e-03
Epoch 045 | train_loss=1.9738e-02 | train_eval_loss=2.0015e-02 | val_loss=2.0101e-02 | | lr=1.00e-03
Epoch 046 | train_loss=2.1739e-02 | train_eval_loss=2.2185e-02 | val_loss=2.2205e-02 | | lr=1.00e-03
Epoch 047 | train_loss=2.0326e-02 | train_eval_loss=1.9073e-02 | val_loss=1.9115e-02 | | lr=1.00e-03
Epoch 048 | train_loss=1.9817e-02 | train_eval_loss=1.8159e-02 | val_loss=1.8183e-02 | | lr=1.00e-03
Epoch 049 | train_loss=1.8848e-02 | train_eval_loss=1.8796e-02 | val_loss=1.8790e-02 | | lr=1.00e-03
Epoch 050 | train_loss=1.8478e-02 | train_eval_loss=1.9783e-02 | val_loss=1.9759e-02 | | lr=1.00e-03
Epoch 051 | train_loss=1.8071e-02 | train_eval_loss=1.9592e-02 | val_loss=1.9681e-02 | | lr=1.00e-03
Epoch 052 | train_loss=1.8152e-02 | train_eval_loss=2.0175e-02 | val_loss=2.0187e-02 | | lr=1.00e-03
Epoch 053 | train_loss=1.7034e-02 | train_eval_loss=1.6826e-02 | val_loss=1.6848e-02 | | lr=5.00e-04
Saved best model to results/thesis_model_results/outputs/loss_comparison_mlp/MLP__l1__minmax__seed42/mlp_state_dict_best.pt
Epoch 054 | train_loss=1.6573e-02 | train_eval_loss=1.6955e-02 | val_loss=1.6994e-02 | | lr=5.00e-04
Epoch 055 | train_loss=1.6593e-02 | train_eval_loss=1.6342e-02 | val_loss=1.6400e-02 | | lr=5.00e-04
Saved best model to results/thesis_model_results/outputs/loss_comparison_mlp/MLP__l1__minmax__seed42/mlp_state_dict_best.pt
Epoch 056 | train_loss=1.6526e-02 | train_eval_loss=1.6376e-02 | val_loss=1.6456e-02 | | lr=5.00e-04
Epoch 057 | train_loss=1.6478e-02 | train_eval_loss=1.6709e-02 | val_loss=1.6799e-02 | | lr=5.00e-04
Epoch 058 | train_loss=1.7087e-02 | train_eval_loss=1.6709e-02 | val_loss=1.6787e-02 | | lr=5.00e-04
Epoch 059 | train_loss=1.6301e-02 | train_eval_loss=1.6483e-02 | val_loss=1.6586e-02 | | lr=5.00e-04
Epoch 060 | train_loss=1.6252e-02 | train_eval_loss=1.6183e-02 | val_loss=1.6268e-02 | | lr=5.00e-04
Saved best model to results/thesis_model_results/outputs/loss_comparison_mlp/MLP__l1__minmax__seed42/mlp_state_dict_best.pt
Epoch 061 | train_loss=1.6209e-02 | train_eval_loss=1.6507e-02 | val_loss=1.6621e-02 | | lr=5.00e-04
Epoch 062 | train_loss=1.6301e-02 | train_eval_loss=1.6374e-02 | val_loss=1.6480e-02 | | lr=5.00e-04
Epoch 063 | train_loss=1.6258e-02 | train_eval_loss=1.5899e-02 | val_loss=1.5987e-02 | | lr=5.00e-04
Saved best model to results/thesis_model_results/outputs/loss_comparison_mlp/MLP__l1__minmax__seed42/mlp_state_dict_best.pt
Epoch 064 | train_loss=1.6094e-02 | train_eval_loss=1.6015e-02 | val_loss=1.6131e-02 | | lr=5.00e-04
Epoch 065 | train_loss=1.6324e-02 | train_eval_loss=1.6061e-02 | val_loss=1.6189e-02 | | lr=5.00e-04
Epoch 066 | train_loss=1.6070e-02 | train_eval_loss=1.5899e-02 | val_loss=1.6051e-02 | | lr=5.00e-04
Epoch 067 | train_loss=1.6103e-02 | train_eval_loss=1.5966e-02 | val_loss=1.6073e-02 | | lr=5.00e-04
Epoch 068 | train_loss=1.5979e-02 | train_eval_loss=1.6360e-02 | val_loss=1.6473e-02 | | lr=5.00e-04
Epoch 069 | train_loss=1.6340e-02 | train_eval_loss=1.5870e-02 | val_loss=1.6019e-02 | | lr=5.00e-04
Epoch 070 | train_loss=1.6067e-02 | train_eval_loss=1.6416e-02 | val_loss=1.6588e-02 | | lr=5.00e-04
Epoch 071 | train_loss=1.5997e-02 | train_eval_loss=1.5699e-02 | val_loss=1.5852e-02 | | lr=5.00e-04
Saved best model to results/thesis_model_results/outputs/loss_comparison_mlp/MLP__l1__minmax__seed42/mlp_state_dict_best.pt
Epoch 072 | train_loss=1.6204e-02 | train_eval_loss=1.5867e-02 | val_loss=1.5984e-02 | | lr=5.00e-04
Epoch 073 | train_loss=1.6328e-02 | train_eval_loss=1.6033e-02 | val_loss=1.6166e-02 | | lr=5.00e-04
Epoch 074 | train_loss=1.6789e-02 | train_eval_loss=1.6692e-02 | val_loss=1.6838e-02 | | lr=5.00e-04
Epoch 075 | train_loss=1.5860e-02 | train_eval_loss=1.5538e-02 | val_loss=1.5622e-02 | | lr=5.00e-04
Saved best model to results/thesis_model_results/outputs/loss_comparison_mlp/MLP__l1__minmax__seed42/mlp_state_dict_best.pt
Epoch 076 | train_loss=1.5668e-02 | train_eval_loss=1.5978e-02 | val_loss=1.6069e-02 | | lr=5.00e-04
Epoch 077 | train_loss=1.5838e-02 | train_eval_loss=1.5483e-02 | val_loss=1.5650e-02 | | lr=5.00e-04
Epoch 078 | train_loss=1.5700e-02 | train_eval_loss=1.6402e-02 | val_loss=1.6546e-02 | | lr=5.00e-04
Epoch 079 | train_loss=1.6155e-02 | train_eval_loss=1.5376e-02 | val_loss=1.5537e-02 | | lr=5.00e-04
Saved best model to results/thesis_model_results/outputs/loss_comparison_mlp/MLP__l1__minmax__seed42/mlp_state_dict_best.pt
Epoch 080 | train_loss=1.5458e-02 | train_eval_loss=1.5048e-02 | val_loss=1.5253e-02 | | lr=5.00e-04
Saved best model to results/thesis_model_results/outputs/loss_comparison_mlp/MLP__l1__minmax__seed42/mlp_state_dict_best.pt
Epoch 081 | train_loss=1.5386e-02 | train_eval_loss=1.5925e-02 | val_loss=1.6012e-02 | | lr=5.00e-04
Epoch 082 | train_loss=1.5516e-02 | train_eval_loss=1.5202e-02 | val_loss=1.5357e-02 | | lr=5.00e-04
Epoch 083 | train_loss=1.5304e-02 | train_eval_loss=1.4796e-02 | val_loss=1.4960e-02 | | lr=5.00e-04
Saved best model to results/thesis_model_results/outputs/loss_comparison_mlp/MLP__l1__minmax__seed42/mlp_state_dict_best.pt
Epoch 084 | train_loss=1.5384e-02 | train_eval_loss=1.6242e-02 | val_loss=1.6412e-02 | | lr=5.00e-04
Epoch 085 | train_loss=1.5881e-02 | train_eval_loss=1.5141e-02 | val_loss=1.5281e-02 | | lr=5.00e-04
Epoch 086 | train_loss=1.6134e-02 | train_eval_loss=1.6378e-02 | val_loss=1.6503e-02 | | lr=5.00e-04
Epoch 087 | train_loss=1.6384e-02 | train_eval_loss=1.6159e-02 | val_loss=1.6306e-02 | | lr=5.00e-04
Epoch 088 | train_loss=1.5438e-02 | train_eval_loss=1.5031e-02 | val_loss=1.5197e-02 | | lr=5.00e-04
Epoch 089 | train_loss=1.4857e-02 | train_eval_loss=1.4888e-02 | val_loss=1.5044e-02 | | lr=5.00e-04
Epoch 090 | train_loss=1.5013e-02 | train_eval_loss=1.5354e-02 | val_loss=1.5566e-02 | | lr=5.00e-04
Epoch 091 | train_loss=1.4858e-02 | train_eval_loss=1.4933e-02 | val_loss=1.5157e-02 | | lr=5.00e-04
Epoch 092 | train_loss=1.5437e-02 | train_eval_loss=1.5441e-02 | val_loss=1.5608e-02 | | lr=5.00e-04
Epoch 093 | train_loss=1.4376e-02 | train_eval_loss=1.4403e-02 | val_loss=1.4594e-02 | | lr=2.50e-04
Saved best model to results/thesis_model_results/outputs/loss_comparison_mlp/MLP__l1__minmax__seed42/mlp_state_dict_best.pt
Epoch 094 | train_loss=1.4208e-02 | train_eval_loss=1.4268e-02 | val_loss=1.4429e-02 | | lr=2.50e-04
Saved best model to results/thesis_model_results/outputs/loss_comparison_mlp/MLP__l1__minmax__seed42/mlp_state_dict_best.pt
Epoch 095 | train_loss=1.4275e-02 | train_eval_loss=1.4239e-02 | val_loss=1.4407e-02 | | lr=2.50e-04
Saved best model to results/thesis_model_results/outputs/loss_comparison_mlp/MLP__l1__minmax__seed42/mlp_state_dict_best.pt
Epoch 096 | train_loss=1.4245e-02 | train_eval_loss=1.4200e-02 | val_loss=1.4415e-02 | | lr=2.50e-04
Epoch 097 | train_loss=1.4198e-02 | train_eval_loss=1.4202e-02 | val_loss=1.4404e-02 | | lr=2.50e-04
Saved best model to results/thesis_model_results/outputs/loss_comparison_mlp/MLP__l1__minmax__seed42/mlp_state_dict_best.pt
Epoch 098 | train_loss=1.4130e-02 | train_eval_loss=1.4140e-02 | val_loss=1.4360e-02 | | lr=2.50e-04
Saved best model to results/thesis_model_results/outputs/loss_comparison_mlp/MLP__l1__minmax__seed42/mlp_state_dict_best.pt
Epoch 099 | train_loss=1.4168e-02 | train_eval_loss=1.4296e-02 | val_loss=1.4507e-02 | | lr=2.50e-04
Epoch 100 | train_loss=1.4072e-02 | train_eval_loss=1.4139e-02 | val_loss=1.4337e-02 | | lr=2.50e-04
Saved best model to results/thesis_model_results/outputs/loss_comparison_mlp/MLP__l1__minmax__seed42/mlp_state_dict_best.pt
Epoch 101 | train_loss=1.4146e-02 | train_eval_loss=1.4255e-02 | val_loss=1.4425e-02 | | lr=2.50e-04
Epoch 102 | train_loss=1.4262e-02 | train_eval_loss=1.4051e-02 | val_loss=1.4231e-02 | | lr=2.50e-04
Saved best model to results/thesis_model_results/outputs/loss_comparison_mlp/MLP__l1__minmax__seed42/mlp_state_dict_best.pt
Epoch 103 | train_loss=1.4145e-02 | train_eval_loss=1.4053e-02 | val_loss=1.4260e-02 | | lr=2.50e-04
Epoch 104 | train_loss=1.4208e-02 | train_eval_loss=1.4288e-02 | val_loss=1.4514e-02 | | lr=2.50e-04
Epoch 105 | train_loss=1.4088e-02 | train_eval_loss=1.4205e-02 | val_loss=1.4426e-02 | | lr=2.50e-04
Epoch 106 | train_loss=1.3984e-02 | train_eval_loss=1.3951e-02 | val_loss=1.4192e-02 | | lr=2.50e-04
Saved best model to results/thesis_model_results/outputs/loss_comparison_mlp/MLP__l1__minmax__seed42/mlp_state_dict_best.pt
Epoch 107 | train_loss=1.3956e-02 | train_eval_loss=1.3882e-02 | val_loss=1.4091e-02 | | lr=2.50e-04
Saved best model to results/thesis_model_results/outputs/loss_comparison_mlp/MLP__l1__minmax__seed42/mlp_state_dict_best.pt
Epoch 108 | train_loss=1.4063e-02 | train_eval_loss=1.3780e-02 | val_loss=1.4000e-02 | | lr=2.50e-04
Saved best model to results/thesis_model_results/outputs/loss_comparison_mlp/MLP__l1__minmax__seed42/mlp_state_dict_best.pt
Epoch 109 | train_loss=1.3990e-02 | train_eval_loss=1.3820e-02 | val_loss=1.4048e-02 | | lr=2.50e-04
Epoch 110 | train_loss=1.4086e-02 | train_eval_loss=1.3916e-02 | val_loss=1.4138e-02 | | lr=2.50e-04
Epoch 111 | train_loss=1.3988e-02 | train_eval_loss=1.4144e-02 | val_loss=1.4376e-02 | | lr=2.50e-04
Epoch 112 | train_loss=1.4358e-02 | train_eval_loss=1.4290e-02 | val_loss=1.4498e-02 | | lr=2.50e-04
Epoch 113 | train_loss=1.3928e-02 | train_eval_loss=1.3966e-02 | val_loss=1.4187e-02 | | lr=2.50e-04
Epoch 114 | train_loss=1.4067e-02 | train_eval_loss=1.4014e-02 | val_loss=1.4207e-02 | | lr=2.50e-04
Epoch 115 | train_loss=1.4033e-02 | train_eval_loss=1.3936e-02 | val_loss=1.4147e-02 | | lr=2.50e-04
Epoch 116 | train_loss=1.3903e-02 | train_eval_loss=1.4222e-02 | val_loss=1.4450e-02 | | lr=2.50e-04
Epoch 117 | train_loss=1.3936e-02 | train_eval_loss=1.3869e-02 | val_loss=1.4068e-02 | | lr=2.50e-04
Epoch 118 | train_loss=1.3587e-02 | train_eval_loss=1.3515e-02 | val_loss=1.3757e-02 | | lr=1.25e-04
Saved best model to results/thesis_model_results/outputs/loss_comparison_mlp/MLP__l1__minmax__seed42/mlp_state_dict_best.pt
Epoch 119 | train_loss=1.3542e-02 | train_eval_loss=1.3517e-02 | val_loss=1.3756e-02 | | lr=1.25e-04
Saved best model to results/thesis_model_results/outputs/loss_comparison_mlp/MLP__l1__minmax__seed42/mlp_state_dict_best.pt
Epoch 120 | train_loss=1.3546e-02 | train_eval_loss=1.3571e-02 | val_loss=1.3792e-02 | | lr=1.25e-04
Epoch 121 | train_loss=1.3568e-02 | train_eval_loss=1.3476e-02 | val_loss=1.3713e-02 | | lr=1.25e-04
Saved best model to results/thesis_model_results/outputs/loss_comparison_mlp/MLP__l1__minmax__seed42/mlp_state_dict_best.pt
Epoch 122 | train_loss=1.3524e-02 | train_eval_loss=1.3729e-02 | val_loss=1.3942e-02 | | lr=1.25e-04
Epoch 123 | train_loss=1.3558e-02 | train_eval_loss=1.3510e-02 | val_loss=1.3742e-02 | | lr=1.25e-04
Epoch 124 | train_loss=1.3507e-02 | train_eval_loss=1.3594e-02 | val_loss=1.3837e-02 | | lr=1.25e-04
Epoch 125 | train_loss=1.3515e-02 | train_eval_loss=1.3520e-02 | val_loss=1.3763e-02 | | lr=1.25e-04
Epoch 126 | train_loss=1.3475e-02 | train_eval_loss=1.3496e-02 | val_loss=1.3738e-02 | | lr=1.25e-04
Epoch 127 | train_loss=1.3515e-02 | train_eval_loss=1.3421e-02 | val_loss=1.3663e-02 | | lr=1.25e-04
Saved best model to results/thesis_model_results/outputs/loss_comparison_mlp/MLP__l1__minmax__seed42/mlp_state_dict_best.pt
Epoch 128 | train_loss=1.3461e-02 | train_eval_loss=1.3409e-02 | val_loss=1.3675e-02 | | lr=1.25e-04
Epoch 129 | train_loss=1.3479e-02 | train_eval_loss=1.3453e-02 | val_loss=1.3703e-02 | | lr=1.25e-04
Epoch 130 | train_loss=1.3493e-02 | train_eval_loss=1.3413e-02 | val_loss=1.3654e-02 | | lr=1.25e-04
Saved best model to results/thesis_model_results/outputs/loss_comparison_mlp/MLP__l1__minmax__seed42/mlp_state_dict_best.pt
Epoch 131 | train_loss=1.3422e-02 | train_eval_loss=1.3465e-02 | val_loss=1.3707e-02 | | lr=1.25e-04
Epoch 132 | train_loss=1.3437e-02 | train_eval_loss=1.3487e-02 | val_loss=1.3722e-02 | | lr=1.25e-04
Epoch 133 | train_loss=1.3436e-02 | train_eval_loss=1.3572e-02 | val_loss=1.3802e-02 | | lr=1.25e-04
Epoch 134 | train_loss=1.3436e-02 | train_eval_loss=1.3541e-02 | val_loss=1.3810e-02 | | lr=1.25e-04
Epoch 135 | train_loss=1.3452e-02 | train_eval_loss=1.3379e-02 | val_loss=1.3645e-02 | | lr=1.25e-04
Saved best model to results/thesis_model_results/outputs/loss_comparison_mlp/MLP__l1__minmax__seed42/mlp_state_dict_best.pt
Epoch 136 | train_loss=1.3415e-02 | train_eval_loss=1.3308e-02 | val_loss=1.3558e-02 | | lr=1.25e-04
Saved best model to results/thesis_model_results/outputs/loss_comparison_mlp/MLP__l1__minmax__seed42/mlp_state_dict_best.pt
Epoch 137 | train_loss=1.3352e-02 | train_eval_loss=1.3462e-02 | val_loss=1.3705e-02 | | lr=1.25e-04
Epoch 138 | train_loss=1.3414e-02 | train_eval_loss=1.3331e-02 | val_loss=1.3588e-02 | | lr=1.25e-04
Epoch 139 | train_loss=1.3400e-02 | train_eval_loss=1.3426e-02 | val_loss=1.3660e-02 | | lr=1.25e-04
Epoch 140 | train_loss=1.3351e-02 | train_eval_loss=1.3315e-02 | val_loss=1.3567e-02 | | lr=1.25e-04
Epoch 141 | train_loss=1.3366e-02 | train_eval_loss=1.3470e-02 | val_loss=1.3724e-02 | | lr=1.25e-04
Epoch 142 | train_loss=1.3409e-02 | train_eval_loss=1.3520e-02 | val_loss=1.3801e-02 | | lr=1.25e-04
Epoch 143 | train_loss=1.3382e-02 | train_eval_loss=1.3213e-02 | val_loss=1.3480e-02 | | lr=1.25e-04
Saved best model to results/thesis_model_results/outputs/loss_comparison_mlp/MLP__l1__minmax__seed42/mlp_state_dict_best.pt
Epoch 144 | train_loss=1.3332e-02 | train_eval_loss=1.3212e-02 | val_loss=1.3459e-02 | | lr=1.25e-04
Saved best model to results/thesis_model_results/outputs/loss_comparison_mlp/MLP__l1__minmax__seed42/mlp_state_dict_best.pt
Epoch 145 | train_loss=1.3308e-02 | train_eval_loss=1.3409e-02 | val_loss=1.3638e-02 | | lr=1.25e-04
Epoch 146 | train_loss=1.3352e-02 | train_eval_loss=1.3380e-02 | val_loss=1.3636e-02 | | lr=1.25e-04
Epoch 147 | train_loss=1.3310e-02 | train_eval_loss=1.3318e-02 | val_loss=1.3566e-02 | | lr=1.25e-04
Epoch 148 | train_loss=1.3284e-02 | train_eval_loss=1.3404e-02 | val_loss=1.3672e-02 | | lr=1.25e-04
Epoch 149 | train_loss=1.3299e-02 | train_eval_loss=1.3245e-02 | val_loss=1.3523e-02 | | lr=1.25e-04
Epoch 150 | train_loss=1.3322e-02 | train_eval_loss=1.3407e-02 | val_loss=1.3652e-02 | | lr=1.25e-04
Epoch 151 | train_loss=1.3224e-02 | train_eval_loss=1.3346e-02 | val_loss=1.3599e-02 | | lr=1.25e-04
Epoch 152 | train_loss=1.3264e-02 | train_eval_loss=1.3274e-02 | val_loss=1.3545e-02 | | lr=1.25e-04
Epoch 153 | train_loss=1.3215e-02 | train_eval_loss=1.3228e-02 | val_loss=1.3510e-02 | | lr=1.25e-04
Epoch 154 | train_loss=1.3115e-02 | train_eval_loss=1.3069e-02 | val_loss=1.3346e-02 | | lr=6.25e-05
Saved best model to results/thesis_model_results/outputs/loss_comparison_mlp/MLP__l1__minmax__seed42/mlp_state_dict_best.pt
Epoch 155 | train_loss=1.3087e-02 | train_eval_loss=1.3126e-02 | val_loss=1.3402e-02 | | lr=6.25e-05
Epoch 156 | train_loss=1.3065e-02 | train_eval_loss=1.3032e-02 | val_loss=1.3310e-02 | | lr=6.25e-05
Saved best model to results/thesis_model_results/outputs/loss_comparison_mlp/MLP__l1__minmax__seed42/mlp_state_dict_best.pt
Epoch 157 | train_loss=1.3062e-02 | train_eval_loss=1.3116e-02 | val_loss=1.3385e-02 | | lr=6.25e-05
Epoch 158 | train_loss=1.3068e-02 | train_eval_loss=1.3051e-02 | val_loss=1.3331e-02 | | lr=6.25e-05
Epoch 159 | train_loss=1.3063e-02 | train_eval_loss=1.3049e-02 | val_loss=1.3311e-02 | | lr=6.25e-05
Epoch 160 | train_loss=1.3063e-02 | train_eval_loss=1.3037e-02 | val_loss=1.3315e-02 | | lr=6.25e-05
Epoch 161 | train_loss=1.3078e-02 | train_eval_loss=1.2990e-02 | val_loss=1.3281e-02 | | lr=6.25e-05
Saved best model to results/thesis_model_results/outputs/loss_comparison_mlp/MLP__l1__minmax__seed42/mlp_state_dict_best.pt
Epoch 162 | train_loss=1.3057e-02 | train_eval_loss=1.3020e-02 | val_loss=1.3275e-02 | | lr=6.25e-05
Saved best model to results/thesis_model_results/outputs/loss_comparison_mlp/MLP__l1__minmax__seed42/mlp_state_dict_best.pt
Epoch 163 | train_loss=1.3034e-02 | train_eval_loss=1.3024e-02 | val_loss=1.3302e-02 | | lr=6.25e-05
Epoch 164 | train_loss=1.3029e-02 | train_eval_loss=1.3022e-02 | val_loss=1.3301e-02 | | lr=6.25e-05
Epoch 165 | train_loss=1.3033e-02 | train_eval_loss=1.3052e-02 | val_loss=1.3316e-02 | | lr=6.25e-05
Epoch 166 | train_loss=1.3051e-02 | train_eval_loss=1.3027e-02 | val_loss=1.3300e-02 | | lr=6.25e-05
Epoch 167 | train_loss=1.3020e-02 | train_eval_loss=1.2960e-02 | val_loss=1.3243e-02 | | lr=6.25e-05
Saved best model to results/thesis_model_results/outputs/loss_comparison_mlp/MLP__l1__minmax__seed42/mlp_state_dict_best.pt
Epoch 168 | train_loss=1.2994e-02 | train_eval_loss=1.2991e-02 | val_loss=1.3269e-02 | | lr=6.25e-05
Epoch 169 | train_loss=1.3041e-02 | train_eval_loss=1.2958e-02 | val_loss=1.3245e-02 | | lr=6.25e-05
Epoch 170 | train_loss=1.3024e-02 | train_eval_loss=1.3043e-02 | val_loss=1.3309e-02 | | lr=6.25e-05
Epoch 171 | train_loss=1.3049e-02 | train_eval_loss=1.3093e-02 | val_loss=1.3377e-02 | | lr=6.25e-05
Epoch 172 | train_loss=1.2998e-02 | train_eval_loss=1.2943e-02 | val_loss=1.3227e-02 | | lr=6.25e-05
Saved best model to results/thesis_model_results/outputs/loss_comparison_mlp/MLP__l1__minmax__seed42/mlp_state_dict_best.pt
Epoch 173 | train_loss=1.2984e-02 | train_eval_loss=1.2947e-02 | val_loss=1.3219e-02 | | lr=6.25e-05
Saved best model to results/thesis_model_results/outputs/loss_comparison_mlp/MLP__l1__minmax__seed42/mlp_state_dict_best.pt
Epoch 174 | train_loss=1.2982e-02 | train_eval_loss=1.2935e-02 | val_loss=1.3223e-02 | | lr=6.25e-05
Epoch 175 | train_loss=1.2992e-02 | train_eval_loss=1.3059e-02 | val_loss=1.3335e-02 | | lr=6.25e-05
Epoch 176 | train_loss=1.2985e-02 | train_eval_loss=1.2926e-02 | val_loss=1.3213e-02 | | lr=6.25e-05
Saved best model to results/thesis_model_results/outputs/loss_comparison_mlp/MLP__l1__minmax__seed42/mlp_state_dict_best.pt
Epoch 177 | train_loss=1.2954e-02 | train_eval_loss=1.2953e-02 | val_loss=1.3231e-02 | | lr=6.25e-05
Epoch 178 | train_loss=1.2956e-02 | train_eval_loss=1.2933e-02 | val_loss=1.3221e-02 | | lr=6.25e-05
Epoch 179 | train_loss=1.2945e-02 | train_eval_loss=1.2931e-02 | val_loss=1.3200e-02 | | lr=6.25e-05
Saved best model to results/thesis_model_results/outputs/loss_comparison_mlp/MLP__l1__minmax__seed42/mlp_state_dict_best.pt
Epoch 180 | train_loss=1.2960e-02 | train_eval_loss=1.2889e-02 | val_loss=1.3161e-02 | | lr=6.25e-05
Saved best model to results/thesis_model_results/outputs/loss_comparison_mlp/MLP__l1__minmax__seed42/mlp_state_dict_best.pt
Epoch 181 | train_loss=1.2920e-02 | train_eval_loss=1.2901e-02 | val_loss=1.3186e-02 | | lr=6.25e-05
Epoch 182 | train_loss=1.2926e-02 | train_eval_loss=1.2958e-02 | val_loss=1.3241e-02 | | lr=6.25e-05
Epoch 183 | train_loss=1.2942e-02 | train_eval_loss=1.2864e-02 | val_loss=1.3147e-02 | | lr=6.25e-05
Saved best model to results/thesis_model_results/outputs/loss_comparison_mlp/MLP__l1__minmax__seed42/mlp_state_dict_best.pt
Epoch 184 | train_loss=1.2904e-02 | train_eval_loss=1.2880e-02 | val_loss=1.3155e-02 | | lr=6.25e-05
Epoch 185 | train_loss=1.2934e-02 | train_eval_loss=1.2886e-02 | val_loss=1.3168e-02 | | lr=6.25e-05
Epoch 186 | train_loss=1.2918e-02 | train_eval_loss=1.2879e-02 | val_loss=1.3147e-02 | | lr=6.25e-05
Epoch 187 | train_loss=1.2891e-02 | train_eval_loss=1.2855e-02 | val_loss=1.3145e-02 | | lr=6.25e-05
Saved best model to results/thesis_model_results/outputs/loss_comparison_mlp/MLP__l1__minmax__seed42/mlp_state_dict_best.pt
Epoch 188 | train_loss=1.2886e-02 | train_eval_loss=1.2943e-02 | val_loss=1.3225e-02 | | lr=6.25e-05
Epoch 189 | train_loss=1.2888e-02 | train_eval_loss=1.2952e-02 | val_loss=1.3230e-02 | | lr=6.25e-05
Epoch 190 | train_loss=1.2889e-02 | train_eval_loss=1.2832e-02 | val_loss=1.3105e-02 | | lr=6.25e-05
Saved best model to results/thesis_model_results/outputs/loss_comparison_mlp/MLP__l1__minmax__seed42/mlp_state_dict_best.pt
Epoch 191 | train_loss=1.2881e-02 | train_eval_loss=1.2895e-02 | val_loss=1.3188e-02 | | lr=6.25e-05
Epoch 192 | train_loss=1.2861e-02 | train_eval_loss=1.2824e-02 | val_loss=1.3110e-02 | | lr=6.25e-05
Epoch 193 | train_loss=1.2844e-02 | train_eval_loss=1.2911e-02 | val_loss=1.3187e-02 | | lr=6.25e-05
Epoch 194 | train_loss=1.2841e-02 | train_eval_loss=1.2810e-02 | val_loss=1.3110e-02 | | lr=6.25e-05
Epoch 195 | train_loss=1.2863e-02 | train_eval_loss=1.2943e-02 | val_loss=1.3208e-02 | | lr=6.25e-05
Epoch 196 | train_loss=1.2850e-02 | train_eval_loss=1.2834e-02 | val_loss=1.3129e-02 | | lr=6.25e-05
Epoch 197 | train_loss=1.2840e-02 | train_eval_loss=1.2818e-02 | val_loss=1.3083e-02 | | lr=6.25e-05
Saved best model to results/thesis_model_results/outputs/loss_comparison_mlp/MLP__l1__minmax__seed42/mlp_state_dict_best.pt
Epoch 198 | train_loss=1.2814e-02 | train_eval_loss=1.2883e-02 | val_loss=1.3167e-02 | | lr=6.25e-05
Epoch 199 | train_loss=1.2816e-02 | train_eval_loss=1.2855e-02 | val_loss=1.3147e-02 | | lr=6.25e-05
Epoch 200 | train_loss=1.2800e-02 | train_eval_loss=1.2748e-02 | val_loss=1.3033e-02 | | lr=6.25e-05
Saved best model to results/thesis_model_results/outputs/loss_comparison_mlp/MLP__l1__minmax__seed42/mlp_state_dict_best.pt
Saved training logs to results/thesis_model_results/outputs/loss_comparison_mlp/MLP__l1__minmax__seed42/training_summary.txt
Test RMSE(rocof_COI) = 0.0167 | norm: 0.0127 | real_diff: 0.0108
Test RMSE(dev_COI) = 0.0253 | norm: 0.0094 | real_diff: 0.0117
Test RMSE(Delta_P_IBR_1) = 0.1488 | norm: 0.0235 | real_diff: 0.0983
Test RMSE(Delta_P_IBR_2) = 0.1488 | norm: 0.0207 | real_diff: 0.0817
Test RMSE(Delta_P_IBR_3) = 0.2318 | norm: 0.0407 | real_diff: 0.1184
Test RMSE(Delta_P_IBR_4) = 0.2866 | norm: 0.0296 | real_diff: 0.1626
Saved RMSE results to results/thesis_model_results/outputs/loss_comparison_mlp/MLP__l1__minmax__seed42/rmse_results.txt
Saved detailed metrics to results/thesis_model_results/outputs/loss_comparison_mlp/MLP__l1__minmax__seed42/metrics_by_target.csv
Saved aggregate metrics to results/thesis_model_results/outputs/loss_comparison_mlp/MLP__l1__minmax__seed42/metrics_summary.json
Saved loss curves to results/thesis_model_results/outputs/loss_comparison_mlp/MLP__l1__minmax__seed42/loss_curve.png
Saved scatter plot results/thesis_model_results/outputs/loss_comparison_mlp/MLP__l1__minmax__seed42/scatter_rocof_COI.png
Saved scatter plot results/thesis_model_results/outputs/loss_comparison_mlp/MLP__l1__minmax__seed42/scatter_dev_COI.png
Saved scatter plot results/thesis_model_results/outputs/loss_comparison_mlp/MLP__l1__minmax__seed42/scatter_Delta_P_IBR_1.png
Saved scatter plot results/thesis_model_results/outputs/loss_comparison_mlp/MLP__l1__minmax__seed42/scatter_Delta_P_IBR_2.png
Saved scatter plot results/thesis_model_results/outputs/loss_comparison_mlp/MLP__l1__minmax__seed42/scatter_Delta_P_IBR_3.png
Saved scatter plot results/thesis_model_results/outputs/loss_comparison_mlp/MLP__l1__minmax__seed42/scatter_Delta_P_IBR_4.png
Saved model to results/thesis_model_results/outputs/loss_comparison_mlp/MLP__l1__minmax__seed42/mlp_state_dict.pt
Loss type: smooth_l1 | weights=[]
Target stats (scaled):
train mean=[0.549  0.589  0.492  0.4884 0.4785 0.4192]
train std=[0.1365 0.1371 0.1141 0.1063 0.1158 0.1138]
train q05=[0.3074 0.3979 0.3192 0.303  0.3347 0.2205]
train q95=[0.7933 0.8652 0.6719 0.6491 0.6927 0.6016]
val mean=[0.5473 0.5873 0.4922 0.4893 0.4798 0.4201]
val std=[0.1343 0.1348 0.1123 0.1072 0.1141 0.1112]
val q05=[0.3103 0.3982 0.3195 0.303  0.3376 0.2251]
val q95=[0.7886 0.8626 0.6731 0.6514 0.6918 0.5984]
val/train std ratio=[0.984  0.9828 0.9844 1.0084 0.9848 0.9772]
LR scheduler: ReduceLROnPlateau (factor=0.5, patience=8, min_lr=1e-07)
Epoch 001 | train_loss=1.5850e-02 | train_eval_loss=7.0568e-03 | val_loss=6.8604e-03 | | lr=1.00e-03
Saved best model to results/thesis_model_results/outputs/loss_comparison_mlp/MLP__smooth_l1__minmax__seed42/mlp_state_dict_best.pt
Epoch 002 | train_loss=6.3309e-03 | train_eval_loss=4.9059e-03 | val_loss=4.8131e-03 | | lr=1.00e-03
Saved best model to results/thesis_model_results/outputs/loss_comparison_mlp/MLP__smooth_l1__minmax__seed42/mlp_state_dict_best.pt
Epoch 003 | train_loss=2.5692e-03 | train_eval_loss=1.7910e-03 | val_loss=1.7645e-03 | | lr=1.00e-03
Saved best model to results/thesis_model_results/outputs/loss_comparison_mlp/MLP__smooth_l1__minmax__seed42/mlp_state_dict_best.pt
Epoch 004 | train_loss=1.6607e-03 | train_eval_loss=1.5269e-03 | val_loss=1.4989e-03 | | lr=1.00e-03
Saved best model to results/thesis_model_results/outputs/loss_comparison_mlp/MLP__smooth_l1__minmax__seed42/mlp_state_dict_best.pt
Epoch 005 | train_loss=1.3851e-03 | train_eval_loss=1.2493e-03 | val_loss=1.2160e-03 | | lr=1.00e-03
Saved best model to results/thesis_model_results/outputs/loss_comparison_mlp/MLP__smooth_l1__minmax__seed42/mlp_state_dict_best.pt
Epoch 006 | train_loss=1.1875e-03 | train_eval_loss=1.0994e-03 | val_loss=1.0699e-03 | | lr=1.00e-03
Saved best model to results/thesis_model_results/outputs/loss_comparison_mlp/MLP__smooth_l1__minmax__seed42/mlp_state_dict_best.pt
Epoch 007 | train_loss=1.0672e-03 | train_eval_loss=1.0220e-03 | val_loss=9.9469e-04 | | lr=1.00e-03
Saved best model to results/thesis_model_results/outputs/loss_comparison_mlp/MLP__smooth_l1__minmax__seed42/mlp_state_dict_best.pt
Epoch 008 | train_loss=9.8560e-04 | train_eval_loss=9.3528e-04 | val_loss=9.1333e-04 | | lr=1.00e-03
Saved best model to results/thesis_model_results/outputs/loss_comparison_mlp/MLP__smooth_l1__minmax__seed42/mlp_state_dict_best.pt
Epoch 009 | train_loss=8.9650e-04 | train_eval_loss=8.6165e-04 | val_loss=8.4436e-04 | | lr=1.00e-03
Saved best model to results/thesis_model_results/outputs/loss_comparison_mlp/MLP__smooth_l1__minmax__seed42/mlp_state_dict_best.pt
Epoch 010 | train_loss=8.5025e-04 | train_eval_loss=8.2059e-04 | val_loss=8.0511e-04 | | lr=1.00e-03
Saved best model to results/thesis_model_results/outputs/loss_comparison_mlp/MLP__smooth_l1__minmax__seed42/mlp_state_dict_best.pt
Epoch 011 | train_loss=8.1831e-04 | train_eval_loss=8.3791e-04 | val_loss=8.2618e-04 | | lr=1.00e-03
Epoch 012 | train_loss=7.9300e-04 | train_eval_loss=7.4698e-04 | val_loss=7.3416e-04 | | lr=1.00e-03
Saved best model to results/thesis_model_results/outputs/loss_comparison_mlp/MLP__smooth_l1__minmax__seed42/mlp_state_dict_best.pt
Epoch 013 | train_loss=7.6126e-04 | train_eval_loss=7.4575e-04 | val_loss=7.3442e-04 | | lr=1.00e-03
Epoch 014 | train_loss=7.5401e-04 | train_eval_loss=8.0745e-04 | val_loss=7.9869e-04 | | lr=1.00e-03
Epoch 015 | train_loss=7.3235e-04 | train_eval_loss=7.1646e-04 | val_loss=7.0821e-04 | | lr=1.00e-03
Saved best model to results/thesis_model_results/outputs/loss_comparison_mlp/MLP__smooth_l1__minmax__seed42/mlp_state_dict_best.pt
Epoch 016 | train_loss=7.3650e-04 | train_eval_loss=6.9306e-04 | val_loss=6.8439e-04 | | lr=1.00e-03
Saved best model to results/thesis_model_results/outputs/loss_comparison_mlp/MLP__smooth_l1__minmax__seed42/mlp_state_dict_best.pt
Epoch 017 | train_loss=7.2658e-04 | train_eval_loss=6.7904e-04 | val_loss=6.7104e-04 | | lr=1.00e-03
Saved best model to results/thesis_model_results/outputs/loss_comparison_mlp/MLP__smooth_l1__minmax__seed42/mlp_state_dict_best.pt
Epoch 018 | train_loss=6.7983e-04 | train_eval_loss=6.7098e-04 | val_loss=6.6510e-04 | | lr=1.00e-03
Saved best model to results/thesis_model_results/outputs/loss_comparison_mlp/MLP__smooth_l1__minmax__seed42/mlp_state_dict_best.pt
Epoch 019 | train_loss=6.5752e-04 | train_eval_loss=6.4746e-04 | val_loss=6.3942e-04 | | lr=1.00e-03
Saved best model to results/thesis_model_results/outputs/loss_comparison_mlp/MLP__smooth_l1__minmax__seed42/mlp_state_dict_best.pt
Epoch 020 | train_loss=6.5366e-04 | train_eval_loss=6.3443e-04 | val_loss=6.2590e-04 | | lr=1.00e-03
Saved best model to results/thesis_model_results/outputs/loss_comparison_mlp/MLP__smooth_l1__minmax__seed42/mlp_state_dict_best.pt
Epoch 021 | train_loss=6.4588e-04 | train_eval_loss=6.5313e-04 | val_loss=6.4809e-04 | | lr=1.00e-03
Epoch 022 | train_loss=6.3701e-04 | train_eval_loss=6.2523e-04 | val_loss=6.1448e-04 | | lr=1.00e-03
Saved best model to results/thesis_model_results/outputs/loss_comparison_mlp/MLP__smooth_l1__minmax__seed42/mlp_state_dict_best.pt
Epoch 023 | train_loss=6.2793e-04 | train_eval_loss=6.0542e-04 | val_loss=5.9804e-04 | | lr=1.00e-03
Saved best model to results/thesis_model_results/outputs/loss_comparison_mlp/MLP__smooth_l1__minmax__seed42/mlp_state_dict_best.pt
Epoch 024 | train_loss=6.1966e-04 | train_eval_loss=6.2053e-04 | val_loss=6.1207e-04 | | lr=1.00e-03
Epoch 025 | train_loss=6.0701e-04 | train_eval_loss=5.7739e-04 | val_loss=5.6913e-04 | | lr=1.00e-03
Saved best model to results/thesis_model_results/outputs/loss_comparison_mlp/MLP__smooth_l1__minmax__seed42/mlp_state_dict_best.pt
Epoch 026 | train_loss=6.0491e-04 | train_eval_loss=5.8290e-04 | val_loss=5.7635e-04 | | lr=1.00e-03
Epoch 027 | train_loss=6.0364e-04 | train_eval_loss=5.8539e-04 | val_loss=5.7905e-04 | | lr=1.00e-03
Epoch 028 | train_loss=5.9939e-04 | train_eval_loss=5.6974e-04 | val_loss=5.6335e-04 | | lr=1.00e-03
Saved best model to results/thesis_model_results/outputs/loss_comparison_mlp/MLP__smooth_l1__minmax__seed42/mlp_state_dict_best.pt
Epoch 029 | train_loss=5.8054e-04 | train_eval_loss=5.9426e-04 | val_loss=5.8536e-04 | | lr=1.00e-03
Epoch 030 | train_loss=5.7130e-04 | train_eval_loss=5.7562e-04 | val_loss=5.6597e-04 | | lr=1.00e-03
Epoch 031 | train_loss=5.6338e-04 | train_eval_loss=5.5680e-04 | val_loss=5.5272e-04 | | lr=1.00e-03
Saved best model to results/thesis_model_results/outputs/loss_comparison_mlp/MLP__smooth_l1__minmax__seed42/mlp_state_dict_best.pt
Epoch 032 | train_loss=5.5117e-04 | train_eval_loss=5.5621e-04 | val_loss=5.4988e-04 | | lr=1.00e-03
Saved best model to results/thesis_model_results/outputs/loss_comparison_mlp/MLP__smooth_l1__minmax__seed42/mlp_state_dict_best.pt
Epoch 033 | train_loss=5.5751e-04 | train_eval_loss=5.4624e-04 | val_loss=5.4052e-04 | | lr=1.00e-03
Saved best model to results/thesis_model_results/outputs/loss_comparison_mlp/MLP__smooth_l1__minmax__seed42/mlp_state_dict_best.pt
Epoch 034 | train_loss=5.6257e-04 | train_eval_loss=5.7890e-04 | val_loss=5.7185e-04 | | lr=1.00e-03
Epoch 035 | train_loss=5.5421e-04 | train_eval_loss=5.4779e-04 | val_loss=5.4320e-04 | | lr=1.00e-03
Epoch 036 | train_loss=5.2919e-04 | train_eval_loss=5.2039e-04 | val_loss=5.1597e-04 | | lr=1.00e-03
Saved best model to results/thesis_model_results/outputs/loss_comparison_mlp/MLP__smooth_l1__minmax__seed42/mlp_state_dict_best.pt
Epoch 037 | train_loss=5.2205e-04 | train_eval_loss=5.3119e-04 | val_loss=5.2701e-04 | | lr=1.00e-03
Epoch 038 | train_loss=5.1427e-04 | train_eval_loss=5.9690e-04 | val_loss=5.9294e-04 | | lr=1.00e-03
Epoch 039 | train_loss=5.2106e-04 | train_eval_loss=5.0286e-04 | val_loss=4.9934e-04 | | lr=1.00e-03
Saved best model to results/thesis_model_results/outputs/loss_comparison_mlp/MLP__smooth_l1__minmax__seed42/mlp_state_dict_best.pt
Epoch 040 | train_loss=4.9401e-04 | train_eval_loss=5.9244e-04 | val_loss=5.8763e-04 | | lr=1.00e-03
Epoch 041 | train_loss=5.1341e-04 | train_eval_loss=4.7421e-04 | val_loss=4.7083e-04 | | lr=1.00e-03
Saved best model to results/thesis_model_results/outputs/loss_comparison_mlp/MLP__smooth_l1__minmax__seed42/mlp_state_dict_best.pt
Epoch 042 | train_loss=4.9091e-04 | train_eval_loss=4.8190e-04 | val_loss=4.7759e-04 | | lr=1.00e-03
Epoch 043 | train_loss=4.9179e-04 | train_eval_loss=5.5294e-04 | val_loss=5.5132e-04 | | lr=1.00e-03
Epoch 044 | train_loss=4.7013e-04 | train_eval_loss=4.7139e-04 | val_loss=4.7246e-04 | | lr=1.00e-03
Epoch 045 | train_loss=4.5765e-04 | train_eval_loss=4.7787e-04 | val_loss=4.7706e-04 | | lr=1.00e-03
Epoch 046 | train_loss=4.5591e-04 | train_eval_loss=4.4104e-04 | val_loss=4.4013e-04 | | lr=1.00e-03
Saved best model to results/thesis_model_results/outputs/loss_comparison_mlp/MLP__smooth_l1__minmax__seed42/mlp_state_dict_best.pt
Epoch 047 | train_loss=4.5340e-04 | train_eval_loss=5.3623e-04 | val_loss=5.3106e-04 | | lr=1.00e-03
Epoch 048 | train_loss=4.7256e-04 | train_eval_loss=4.3715e-04 | val_loss=4.3803e-04 | | lr=1.00e-03
Saved best model to results/thesis_model_results/outputs/loss_comparison_mlp/MLP__smooth_l1__minmax__seed42/mlp_state_dict_best.pt
Epoch 049 | train_loss=4.4765e-04 | train_eval_loss=4.0883e-04 | val_loss=4.1027e-04 | | lr=1.00e-03
Saved best model to results/thesis_model_results/outputs/loss_comparison_mlp/MLP__smooth_l1__minmax__seed42/mlp_state_dict_best.pt
Epoch 050 | train_loss=4.2174e-04 | train_eval_loss=4.3105e-04 | val_loss=4.3172e-04 | | lr=1.00e-03
Epoch 051 | train_loss=4.4098e-04 | train_eval_loss=4.5568e-04 | val_loss=4.5316e-04 | | lr=1.00e-03
Epoch 052 | train_loss=4.3378e-04 | train_eval_loss=3.9424e-04 | val_loss=3.9519e-04 | | lr=1.00e-03
Saved best model to results/thesis_model_results/outputs/loss_comparison_mlp/MLP__smooth_l1__minmax__seed42/mlp_state_dict_best.pt
Epoch 053 | train_loss=4.0772e-04 | train_eval_loss=3.8875e-04 | val_loss=3.8948e-04 | | lr=1.00e-03
Saved best model to results/thesis_model_results/outputs/loss_comparison_mlp/MLP__smooth_l1__minmax__seed42/mlp_state_dict_best.pt
Epoch 054 | train_loss=3.9701e-04 | train_eval_loss=4.0123e-04 | val_loss=3.9946e-04 | | lr=1.00e-03
Epoch 055 | train_loss=4.0695e-04 | train_eval_loss=4.5112e-04 | val_loss=4.5188e-04 | | lr=1.00e-03
Epoch 056 | train_loss=4.0267e-04 | train_eval_loss=3.8300e-04 | val_loss=3.8103e-04 | | lr=1.00e-03
Saved best model to results/thesis_model_results/outputs/loss_comparison_mlp/MLP__smooth_l1__minmax__seed42/mlp_state_dict_best.pt
Epoch 057 | train_loss=3.9786e-04 | train_eval_loss=4.1104e-04 | val_loss=4.1178e-04 | | lr=1.00e-03
Epoch 058 | train_loss=3.9411e-04 | train_eval_loss=3.8165e-04 | val_loss=3.7959e-04 | | lr=1.00e-03
Saved best model to results/thesis_model_results/outputs/loss_comparison_mlp/MLP__smooth_l1__minmax__seed42/mlp_state_dict_best.pt
Epoch 059 | train_loss=3.8288e-04 | train_eval_loss=4.2580e-04 | val_loss=4.2547e-04 | | lr=1.00e-03
Epoch 060 | train_loss=3.8582e-04 | train_eval_loss=3.7959e-04 | val_loss=3.8137e-04 | | lr=1.00e-03
Epoch 061 | train_loss=3.8554e-04 | train_eval_loss=3.8907e-04 | val_loss=3.8562e-04 | | lr=1.00e-03
Epoch 062 | train_loss=3.8446e-04 | train_eval_loss=4.4566e-04 | val_loss=4.4448e-04 | | lr=1.00e-03
Epoch 063 | train_loss=4.1087e-04 | train_eval_loss=3.6736e-04 | val_loss=3.7148e-04 | | lr=1.00e-03
Saved best model to results/thesis_model_results/outputs/loss_comparison_mlp/MLP__smooth_l1__minmax__seed42/mlp_state_dict_best.pt
Epoch 064 | train_loss=3.7598e-04 | train_eval_loss=3.5471e-04 | val_loss=3.5759e-04 | | lr=1.00e-03
Saved best model to results/thesis_model_results/outputs/loss_comparison_mlp/MLP__smooth_l1__minmax__seed42/mlp_state_dict_best.pt
Epoch 065 | train_loss=3.8953e-04 | train_eval_loss=3.5856e-04 | val_loss=3.6012e-04 | | lr=1.00e-03
Epoch 066 | train_loss=3.5664e-04 | train_eval_loss=3.4707e-04 | val_loss=3.5103e-04 | | lr=1.00e-03
Saved best model to results/thesis_model_results/outputs/loss_comparison_mlp/MLP__smooth_l1__minmax__seed42/mlp_state_dict_best.pt
Epoch 067 | train_loss=3.6537e-04 | train_eval_loss=3.4498e-04 | val_loss=3.4982e-04 | | lr=1.00e-03
Saved best model to results/thesis_model_results/outputs/loss_comparison_mlp/MLP__smooth_l1__minmax__seed42/mlp_state_dict_best.pt
Epoch 068 | train_loss=3.5991e-04 | train_eval_loss=3.5574e-04 | val_loss=3.5806e-04 | | lr=1.00e-03
Epoch 069 | train_loss=3.5496e-04 | train_eval_loss=4.0228e-04 | val_loss=4.1059e-04 | | lr=1.00e-03
Epoch 070 | train_loss=3.5535e-04 | train_eval_loss=3.4444e-04 | val_loss=3.4577e-04 | | lr=1.00e-03
Saved best model to results/thesis_model_results/outputs/loss_comparison_mlp/MLP__smooth_l1__minmax__seed42/mlp_state_dict_best.pt
Epoch 071 | train_loss=3.6551e-04 | train_eval_loss=3.3905e-04 | val_loss=3.4358e-04 | | lr=1.00e-03
Saved best model to results/thesis_model_results/outputs/loss_comparison_mlp/MLP__smooth_l1__minmax__seed42/mlp_state_dict_best.pt
Epoch 072 | train_loss=3.5823e-04 | train_eval_loss=3.9626e-04 | val_loss=3.9632e-04 | | lr=1.00e-03
Epoch 073 | train_loss=3.6491e-04 | train_eval_loss=3.2854e-04 | val_loss=3.3093e-04 | | lr=1.00e-03
Saved best model to results/thesis_model_results/outputs/loss_comparison_mlp/MLP__smooth_l1__minmax__seed42/mlp_state_dict_best.pt
Epoch 074 | train_loss=3.4918e-04 | train_eval_loss=3.7706e-04 | val_loss=3.7968e-04 | | lr=1.00e-03
Epoch 075 | train_loss=3.4615e-04 | train_eval_loss=3.3500e-04 | val_loss=3.3738e-04 | | lr=1.00e-03
Epoch 076 | train_loss=3.5660e-04 | train_eval_loss=3.5734e-04 | val_loss=3.5609e-04 | | lr=1.00e-03
Epoch 077 | train_loss=3.5274e-04 | train_eval_loss=3.3352e-04 | val_loss=3.3708e-04 | | lr=1.00e-03
Epoch 078 | train_loss=3.4083e-04 | train_eval_loss=4.1579e-04 | val_loss=4.1652e-04 | | lr=1.00e-03
Epoch 079 | train_loss=3.5012e-04 | train_eval_loss=4.6218e-04 | val_loss=4.6820e-04 | | lr=1.00e-03
Epoch 080 | train_loss=3.7271e-04 | train_eval_loss=3.3000e-04 | val_loss=3.3557e-04 | | lr=1.00e-03
Epoch 081 | train_loss=3.4982e-04 | train_eval_loss=3.7431e-04 | val_loss=3.7639e-04 | | lr=1.00e-03
Epoch 082 | train_loss=3.4015e-04 | train_eval_loss=3.4125e-04 | val_loss=3.4534e-04 | | lr=1.00e-03
Epoch 083 | train_loss=3.0970e-04 | train_eval_loss=3.0493e-04 | val_loss=3.1092e-04 | | lr=5.00e-04
Saved best model to results/thesis_model_results/outputs/loss_comparison_mlp/MLP__smooth_l1__minmax__seed42/mlp_state_dict_best.pt
Epoch 084 | train_loss=3.0678e-04 | train_eval_loss=2.9603e-04 | val_loss=3.0063e-04 | | lr=5.00e-04
Saved best model to results/thesis_model_results/outputs/loss_comparison_mlp/MLP__smooth_l1__minmax__seed42/mlp_state_dict_best.pt
Epoch 085 | train_loss=3.0352e-04 | train_eval_loss=2.9739e-04 | val_loss=3.0369e-04 | | lr=5.00e-04
Epoch 086 | train_loss=3.0505e-04 | train_eval_loss=3.0584e-04 | val_loss=3.1085e-04 | | lr=5.00e-04
Epoch 087 | train_loss=3.0631e-04 | train_eval_loss=2.9977e-04 | val_loss=3.0543e-04 | | lr=5.00e-04
Epoch 088 | train_loss=3.0011e-04 | train_eval_loss=2.9515e-04 | val_loss=3.0125e-04 | | lr=5.00e-04
Epoch 089 | train_loss=3.0042e-04 | train_eval_loss=3.0504e-04 | val_loss=3.1021e-04 | | lr=5.00e-04
Epoch 090 | train_loss=3.0506e-04 | train_eval_loss=2.9336e-04 | val_loss=3.0037e-04 | | lr=5.00e-04
Saved best model to results/thesis_model_results/outputs/loss_comparison_mlp/MLP__smooth_l1__minmax__seed42/mlp_state_dict_best.pt
Epoch 091 | train_loss=3.0084e-04 | train_eval_loss=3.0691e-04 | val_loss=3.1171e-04 | | lr=5.00e-04
Epoch 092 | train_loss=3.0404e-04 | train_eval_loss=2.9104e-04 | val_loss=2.9851e-04 | | lr=5.00e-04
Saved best model to results/thesis_model_results/outputs/loss_comparison_mlp/MLP__smooth_l1__minmax__seed42/mlp_state_dict_best.pt
Epoch 093 | train_loss=2.9932e-04 | train_eval_loss=2.9469e-04 | val_loss=3.0077e-04 | | lr=5.00e-04
Epoch 094 | train_loss=3.0701e-04 | train_eval_loss=2.9683e-04 | val_loss=3.0134e-04 | | lr=5.00e-04
Epoch 095 | train_loss=3.0419e-04 | train_eval_loss=3.2130e-04 | val_loss=3.2535e-04 | | lr=5.00e-04
Epoch 096 | train_loss=3.0613e-04 | train_eval_loss=2.9804e-04 | val_loss=3.0418e-04 | | lr=5.00e-04
Epoch 097 | train_loss=2.9999e-04 | train_eval_loss=3.0791e-04 | val_loss=3.1270e-04 | | lr=5.00e-04
Epoch 098 | train_loss=2.9790e-04 | train_eval_loss=3.0080e-04 | val_loss=3.0696e-04 | | lr=5.00e-04
Epoch 099 | train_loss=3.0019e-04 | train_eval_loss=3.0379e-04 | val_loss=3.1314e-04 | | lr=5.00e-04
Epoch 100 | train_loss=3.0482e-04 | train_eval_loss=2.9220e-04 | val_loss=2.9715e-04 | | lr=5.00e-04
Saved best model to results/thesis_model_results/outputs/loss_comparison_mlp/MLP__smooth_l1__minmax__seed42/mlp_state_dict_best.pt
Epoch 101 | train_loss=2.9798e-04 | train_eval_loss=3.0015e-04 | val_loss=3.0499e-04 | | lr=5.00e-04
Epoch 102 | train_loss=3.0347e-04 | train_eval_loss=3.1681e-04 | val_loss=3.2543e-04 | | lr=5.00e-04
Epoch 103 | train_loss=2.9804e-04 | train_eval_loss=2.8590e-04 | val_loss=2.9292e-04 | | lr=5.00e-04
Saved best model to results/thesis_model_results/outputs/loss_comparison_mlp/MLP__smooth_l1__minmax__seed42/mlp_state_dict_best.pt
Epoch 104 | train_loss=2.9997e-04 | train_eval_loss=2.8989e-04 | val_loss=2.9437e-04 | | lr=5.00e-04
Epoch 105 | train_loss=2.9869e-04 | train_eval_loss=2.8689e-04 | val_loss=2.9412e-04 | | lr=5.00e-04
Epoch 106 | train_loss=2.9934e-04 | train_eval_loss=3.0377e-04 | val_loss=3.1243e-04 | | lr=5.00e-04
Epoch 107 | train_loss=2.9771e-04 | train_eval_loss=2.9039e-04 | val_loss=2.9793e-04 | | lr=5.00e-04
Epoch 108 | train_loss=2.9034e-04 | train_eval_loss=2.8489e-04 | val_loss=2.9184e-04 | | lr=5.00e-04
Saved best model to results/thesis_model_results/outputs/loss_comparison_mlp/MLP__smooth_l1__minmax__seed42/mlp_state_dict_best.pt
Epoch 109 | train_loss=2.9607e-04 | train_eval_loss=2.9338e-04 | val_loss=3.0114e-04 | | lr=5.00e-04
Epoch 110 | train_loss=2.8899e-04 | train_eval_loss=2.9075e-04 | val_loss=2.9820e-04 | | lr=5.00e-04
Epoch 111 | train_loss=2.9467e-04 | train_eval_loss=3.4409e-04 | val_loss=3.4594e-04 | | lr=5.00e-04
Epoch 112 | train_loss=2.9746e-04 | train_eval_loss=2.8680e-04 | val_loss=2.9552e-04 | | lr=5.00e-04
Epoch 113 | train_loss=2.9317e-04 | train_eval_loss=2.9769e-04 | val_loss=3.0324e-04 | | lr=5.00e-04
Epoch 114 | train_loss=2.9427e-04 | train_eval_loss=2.7869e-04 | val_loss=2.8497e-04 | | lr=5.00e-04
Saved best model to results/thesis_model_results/outputs/loss_comparison_mlp/MLP__smooth_l1__minmax__seed42/mlp_state_dict_best.pt
Epoch 115 | train_loss=2.9241e-04 | train_eval_loss=2.7819e-04 | val_loss=2.8684e-04 | | lr=5.00e-04
Epoch 116 | train_loss=2.9295e-04 | train_eval_loss=2.8284e-04 | val_loss=2.9139e-04 | | lr=5.00e-04
Epoch 117 | train_loss=2.8599e-04 | train_eval_loss=2.8451e-04 | val_loss=2.9384e-04 | | lr=5.00e-04
Epoch 118 | train_loss=2.9009e-04 | train_eval_loss=2.9160e-04 | val_loss=3.0095e-04 | | lr=5.00e-04
Epoch 119 | train_loss=2.8338e-04 | train_eval_loss=2.7326e-04 | val_loss=2.8261e-04 | | lr=5.00e-04
Saved best model to results/thesis_model_results/outputs/loss_comparison_mlp/MLP__smooth_l1__minmax__seed42/mlp_state_dict_best.pt
Epoch 120 | train_loss=2.8564e-04 | train_eval_loss=2.8508e-04 | val_loss=2.9170e-04 | | lr=5.00e-04
Epoch 121 | train_loss=2.8850e-04 | train_eval_loss=2.7566e-04 | val_loss=2.8135e-04 | | lr=5.00e-04
Saved best model to results/thesis_model_results/outputs/loss_comparison_mlp/MLP__smooth_l1__minmax__seed42/mlp_state_dict_best.pt
Epoch 122 | train_loss=2.8042e-04 | train_eval_loss=2.7953e-04 | val_loss=2.8926e-04 | | lr=5.00e-04
Epoch 123 | train_loss=2.8315e-04 | train_eval_loss=2.7096e-04 | val_loss=2.7907e-04 | | lr=5.00e-04
Saved best model to results/thesis_model_results/outputs/loss_comparison_mlp/MLP__smooth_l1__minmax__seed42/mlp_state_dict_best.pt
Epoch 124 | train_loss=2.8163e-04 | train_eval_loss=2.8162e-04 | val_loss=2.8988e-04 | | lr=5.00e-04
Epoch 125 | train_loss=2.8240e-04 | train_eval_loss=2.7864e-04 | val_loss=2.8935e-04 | | lr=5.00e-04
Epoch 126 | train_loss=2.8865e-04 | train_eval_loss=2.7530e-04 | val_loss=2.8346e-04 | | lr=5.00e-04
Epoch 127 | train_loss=2.8107e-04 | train_eval_loss=2.7418e-04 | val_loss=2.8117e-04 | | lr=5.00e-04
Epoch 128 | train_loss=2.7962e-04 | train_eval_loss=2.7295e-04 | val_loss=2.8084e-04 | | lr=5.00e-04
Epoch 129 | train_loss=2.7787e-04 | train_eval_loss=2.8578e-04 | val_loss=2.9360e-04 | | lr=5.00e-04
Epoch 130 | train_loss=2.8065e-04 | train_eval_loss=2.8607e-04 | val_loss=2.9768e-04 | | lr=5.00e-04
Epoch 131 | train_loss=2.7439e-04 | train_eval_loss=2.8283e-04 | val_loss=2.9109e-04 | | lr=5.00e-04
Epoch 132 | train_loss=2.7831e-04 | train_eval_loss=2.6960e-04 | val_loss=2.7885e-04 | | lr=5.00e-04
Saved best model to results/thesis_model_results/outputs/loss_comparison_mlp/MLP__smooth_l1__minmax__seed42/mlp_state_dict_best.pt
Epoch 133 | train_loss=2.7324e-04 | train_eval_loss=2.6984e-04 | val_loss=2.8148e-04 | | lr=5.00e-04
Epoch 134 | train_loss=2.6999e-04 | train_eval_loss=2.6318e-04 | val_loss=2.7520e-04 | | lr=5.00e-04
Saved best model to results/thesis_model_results/outputs/loss_comparison_mlp/MLP__smooth_l1__minmax__seed42/mlp_state_dict_best.pt
Epoch 135 | train_loss=2.7161e-04 | train_eval_loss=2.7469e-04 | val_loss=2.8582e-04 | | lr=5.00e-04
Epoch 136 | train_loss=2.6736e-04 | train_eval_loss=3.0163e-04 | val_loss=3.1087e-04 | | lr=5.00e-04
Epoch 137 | train_loss=2.7565e-04 | train_eval_loss=2.5949e-04 | val_loss=2.6796e-04 | | lr=5.00e-04
Saved best model to results/thesis_model_results/outputs/loss_comparison_mlp/MLP__smooth_l1__minmax__seed42/mlp_state_dict_best.pt
Epoch 138 | train_loss=2.7805e-04 | train_eval_loss=2.7563e-04 | val_loss=2.8461e-04 | | lr=5.00e-04
Epoch 139 | train_loss=2.7098e-04 | train_eval_loss=2.6572e-04 | val_loss=2.7458e-04 | | lr=5.00e-04
Epoch 140 | train_loss=2.6616e-04 | train_eval_loss=2.7302e-04 | val_loss=2.8367e-04 | | lr=5.00e-04
Epoch 141 | train_loss=2.6177e-04 | train_eval_loss=2.5298e-04 | val_loss=2.6274e-04 | | lr=5.00e-04
Saved best model to results/thesis_model_results/outputs/loss_comparison_mlp/MLP__smooth_l1__minmax__seed42/mlp_state_dict_best.pt
Epoch 142 | train_loss=2.6277e-04 | train_eval_loss=2.5615e-04 | val_loss=2.6570e-04 | | lr=5.00e-04
Epoch 143 | train_loss=2.6674e-04 | train_eval_loss=2.5589e-04 | val_loss=2.6473e-04 | | lr=5.00e-04
Epoch 144 | train_loss=2.6444e-04 | train_eval_loss=2.5040e-04 | val_loss=2.6299e-04 | | lr=5.00e-04
Epoch 145 | train_loss=2.7000e-04 | train_eval_loss=2.5536e-04 | val_loss=2.6815e-04 | | lr=5.00e-04
Epoch 146 | train_loss=2.6428e-04 | train_eval_loss=2.6098e-04 | val_loss=2.6963e-04 | | lr=5.00e-04
Epoch 147 | train_loss=2.5878e-04 | train_eval_loss=2.6159e-04 | val_loss=2.6877e-04 | | lr=5.00e-04
Epoch 148 | train_loss=2.6021e-04 | train_eval_loss=2.4158e-04 | val_loss=2.5287e-04 | | lr=5.00e-04
Saved best model to results/thesis_model_results/outputs/loss_comparison_mlp/MLP__smooth_l1__minmax__seed42/mlp_state_dict_best.pt
Epoch 149 | train_loss=2.6040e-04 | train_eval_loss=2.4854e-04 | val_loss=2.5888e-04 | | lr=5.00e-04
Epoch 150 | train_loss=2.5535e-04 | train_eval_loss=2.7880e-04 | val_loss=2.9274e-04 | | lr=5.00e-04
Epoch 151 | train_loss=2.5857e-04 | train_eval_loss=2.6370e-04 | val_loss=2.7059e-04 | | lr=5.00e-04
Epoch 152 | train_loss=2.6980e-04 | train_eval_loss=2.6277e-04 | val_loss=2.7425e-04 | | lr=5.00e-04
Epoch 153 | train_loss=2.5740e-04 | train_eval_loss=2.4982e-04 | val_loss=2.5922e-04 | | lr=5.00e-04
Epoch 154 | train_loss=2.6349e-04 | train_eval_loss=2.4562e-04 | val_loss=2.5659e-04 | | lr=5.00e-04
Epoch 155 | train_loss=2.5310e-04 | train_eval_loss=2.5139e-04 | val_loss=2.6332e-04 | | lr=5.00e-04
Epoch 156 | train_loss=2.5930e-04 | train_eval_loss=2.5246e-04 | val_loss=2.6201e-04 | | lr=5.00e-04
Epoch 157 | train_loss=2.5598e-04 | train_eval_loss=2.5383e-04 | val_loss=2.6812e-04 | | lr=5.00e-04
Epoch 158 | train_loss=2.3894e-04 | train_eval_loss=2.5101e-04 | val_loss=2.6320e-04 | | lr=2.50e-04
Epoch 159 | train_loss=2.3799e-04 | train_eval_loss=2.3871e-04 | val_loss=2.4991e-04 | | lr=2.50e-04
Saved best model to results/thesis_model_results/outputs/loss_comparison_mlp/MLP__smooth_l1__minmax__seed42/mlp_state_dict_best.pt
Epoch 160 | train_loss=2.3604e-04 | train_eval_loss=2.3360e-04 | val_loss=2.4822e-04 | | lr=2.50e-04
Saved best model to results/thesis_model_results/outputs/loss_comparison_mlp/MLP__smooth_l1__minmax__seed42/mlp_state_dict_best.pt
Epoch 161 | train_loss=2.3741e-04 | train_eval_loss=2.3505e-04 | val_loss=2.4717e-04 | | lr=2.50e-04
Saved best model to results/thesis_model_results/outputs/loss_comparison_mlp/MLP__smooth_l1__minmax__seed42/mlp_state_dict_best.pt
Epoch 162 | train_loss=2.3752e-04 | train_eval_loss=2.3270e-04 | val_loss=2.4504e-04 | | lr=2.50e-04
Saved best model to results/thesis_model_results/outputs/loss_comparison_mlp/MLP__smooth_l1__minmax__seed42/mlp_state_dict_best.pt
Epoch 163 | train_loss=2.3498e-04 | train_eval_loss=2.3377e-04 | val_loss=2.4701e-04 | | lr=2.50e-04
Epoch 164 | train_loss=2.3605e-04 | train_eval_loss=2.3964e-04 | val_loss=2.5166e-04 | | lr=2.50e-04
Epoch 165 | train_loss=2.3587e-04 | train_eval_loss=2.3407e-04 | val_loss=2.4523e-04 | | lr=2.50e-04
Epoch 166 | train_loss=2.3467e-04 | train_eval_loss=2.4678e-04 | val_loss=2.5807e-04 | | lr=2.50e-04
Epoch 167 | train_loss=2.3446e-04 | train_eval_loss=2.3378e-04 | val_loss=2.4705e-04 | | lr=2.50e-04
Epoch 168 | train_loss=2.3484e-04 | train_eval_loss=2.3437e-04 | val_loss=2.4818e-04 | | lr=2.50e-04
Epoch 169 | train_loss=2.3389e-04 | train_eval_loss=2.3268e-04 | val_loss=2.4497e-04 | | lr=2.50e-04
Saved best model to results/thesis_model_results/outputs/loss_comparison_mlp/MLP__smooth_l1__minmax__seed42/mlp_state_dict_best.pt
Epoch 170 | train_loss=2.3239e-04 | train_eval_loss=2.2688e-04 | val_loss=2.3822e-04 | | lr=2.50e-04
Saved best model to results/thesis_model_results/outputs/loss_comparison_mlp/MLP__smooth_l1__minmax__seed42/mlp_state_dict_best.pt
Epoch 171 | train_loss=2.3267e-04 | train_eval_loss=2.3842e-04 | val_loss=2.5292e-04 | | lr=2.50e-04
Epoch 172 | train_loss=2.3295e-04 | train_eval_loss=2.3783e-04 | val_loss=2.4763e-04 | | lr=2.50e-04
Epoch 173 | train_loss=2.3342e-04 | train_eval_loss=2.2986e-04 | val_loss=2.4337e-04 | | lr=2.50e-04
Epoch 174 | train_loss=2.3398e-04 | train_eval_loss=2.3777e-04 | val_loss=2.5428e-04 | | lr=2.50e-04
Epoch 175 | train_loss=2.4099e-04 | train_eval_loss=2.2948e-04 | val_loss=2.4222e-04 | | lr=2.50e-04
Epoch 176 | train_loss=2.3508e-04 | train_eval_loss=2.2626e-04 | val_loss=2.4037e-04 | | lr=2.50e-04
Epoch 177 | train_loss=2.3128e-04 | train_eval_loss=2.2683e-04 | val_loss=2.4046e-04 | | lr=2.50e-04
Epoch 178 | train_loss=2.3182e-04 | train_eval_loss=2.2989e-04 | val_loss=2.4303e-04 | | lr=2.50e-04
Epoch 179 | train_loss=2.3021e-04 | train_eval_loss=2.2616e-04 | val_loss=2.4070e-04 | | lr=2.50e-04
Epoch 180 | train_loss=2.2370e-04 | train_eval_loss=2.2382e-04 | val_loss=2.3874e-04 | | lr=1.25e-04
Epoch 181 | train_loss=2.2161e-04 | train_eval_loss=2.2057e-04 | val_loss=2.3367e-04 | | lr=1.25e-04
Saved best model to results/thesis_model_results/outputs/loss_comparison_mlp/MLP__smooth_l1__minmax__seed42/mlp_state_dict_best.pt
Epoch 182 | train_loss=2.2169e-04 | train_eval_loss=2.2092e-04 | val_loss=2.3382e-04 | | lr=1.25e-04
Epoch 183 | train_loss=2.2224e-04 | train_eval_loss=2.2096e-04 | val_loss=2.3557e-04 | | lr=1.25e-04
Epoch 184 | train_loss=2.2258e-04 | train_eval_loss=2.1913e-04 | val_loss=2.3257e-04 | | lr=1.25e-04
Saved best model to results/thesis_model_results/outputs/loss_comparison_mlp/MLP__smooth_l1__minmax__seed42/mlp_state_dict_best.pt
Epoch 185 | train_loss=2.2174e-04 | train_eval_loss=2.1998e-04 | val_loss=2.3507e-04 | | lr=1.25e-04
Epoch 186 | train_loss=2.2160e-04 | train_eval_loss=2.2046e-04 | val_loss=2.3378e-04 | | lr=1.25e-04
Epoch 187 | train_loss=2.2333e-04 | train_eval_loss=2.2423e-04 | val_loss=2.3712e-04 | | lr=1.25e-04
Epoch 188 | train_loss=2.2176e-04 | train_eval_loss=2.2222e-04 | val_loss=2.3664e-04 | | lr=1.25e-04
Epoch 189 | train_loss=2.2138e-04 | train_eval_loss=2.2042e-04 | val_loss=2.3600e-04 | | lr=1.25e-04
Epoch 190 | train_loss=2.2130e-04 | train_eval_loss=2.1707e-04 | val_loss=2.3175e-04 | | lr=1.25e-04
Saved best model to results/thesis_model_results/outputs/loss_comparison_mlp/MLP__smooth_l1__minmax__seed42/mlp_state_dict_best.pt
Epoch 191 | train_loss=2.2100e-04 | train_eval_loss=2.2947e-04 | val_loss=2.4620e-04 | | lr=1.25e-04
Epoch 192 | train_loss=2.2193e-04 | train_eval_loss=2.2253e-04 | val_loss=2.3797e-04 | | lr=1.25e-04
Epoch 193 | train_loss=2.2161e-04 | train_eval_loss=2.1973e-04 | val_loss=2.3522e-04 | | lr=1.25e-04
Epoch 194 | train_loss=2.2212e-04 | train_eval_loss=2.1996e-04 | val_loss=2.3473e-04 | | lr=1.25e-04
Epoch 195 | train_loss=2.2067e-04 | train_eval_loss=2.1818e-04 | val_loss=2.3463e-04 | | lr=1.25e-04
Epoch 196 | train_loss=2.2118e-04 | train_eval_loss=2.1644e-04 | val_loss=2.3184e-04 | | lr=1.25e-04
Epoch 197 | train_loss=2.2021e-04 | train_eval_loss=2.1939e-04 | val_loss=2.3331e-04 | | lr=1.25e-04
Epoch 198 | train_loss=2.1992e-04 | train_eval_loss=2.1939e-04 | val_loss=2.3406e-04 | | lr=1.25e-04
Epoch 199 | train_loss=2.1756e-04 | train_eval_loss=2.2200e-04 | val_loss=2.3942e-04 | | lr=1.25e-04
Epoch 200 | train_loss=2.1610e-04 | train_eval_loss=2.2181e-04 | val_loss=2.3589e-04 | | lr=6.25e-05
Saved training logs to results/thesis_model_results/outputs/loss_comparison_mlp/MLP__smooth_l1__minmax__seed42/training_summary.txt
Test RMSE(rocof_COI) = 0.0157 | norm: 0.0119 | real_diff: 0.0112
Test RMSE(dev_COI) = 0.0308 | norm: 0.0114 | real_diff: 0.0186
Test RMSE(Delta_P_IBR_1) = 0.1347 | norm: 0.0213 | real_diff: 0.0954
Test RMSE(Delta_P_IBR_2) = 0.1330 | norm: 0.0185 | real_diff: 0.0812
Test RMSE(Delta_P_IBR_3) = 0.1939 | norm: 0.0340 | real_diff: 0.1113
Test RMSE(Delta_P_IBR_4) = 0.2200 | norm: 0.0227 | real_diff: 0.1508
Saved RMSE results to results/thesis_model_results/outputs/loss_comparison_mlp/MLP__smooth_l1__minmax__seed42/rmse_results.txt
Saved detailed metrics to results/thesis_model_results/outputs/loss_comparison_mlp/MLP__smooth_l1__minmax__seed42/metrics_by_target.csv
Saved aggregate metrics to results/thesis_model_results/outputs/loss_comparison_mlp/MLP__smooth_l1__minmax__seed42/metrics_summary.json
Saved loss curves to results/thesis_model_results/outputs/loss_comparison_mlp/MLP__smooth_l1__minmax__seed42/loss_curve.png
Saved scatter plot results/thesis_model_results/outputs/loss_comparison_mlp/MLP__smooth_l1__minmax__seed42/scatter_rocof_COI.png
Saved scatter plot results/thesis_model_results/outputs/loss_comparison_mlp/MLP__smooth_l1__minmax__seed42/scatter_dev_COI.png
Saved scatter plot results/thesis_model_results/outputs/loss_comparison_mlp/MLP__smooth_l1__minmax__seed42/scatter_Delta_P_IBR_1.png
Saved scatter plot results/thesis_model_results/outputs/loss_comparison_mlp/MLP__smooth_l1__minmax__seed42/scatter_Delta_P_IBR_2.png
Saved scatter plot results/thesis_model_results/outputs/loss_comparison_mlp/MLP__smooth_l1__minmax__seed42/scatter_Delta_P_IBR_3.png
Saved scatter plot results/thesis_model_results/outputs/loss_comparison_mlp/MLP__smooth_l1__minmax__seed42/scatter_Delta_P_IBR_4.png
Saved model to results/thesis_model_results/outputs/loss_comparison_mlp/MLP__smooth_l1__minmax__seed42/mlp_state_dict.pt
Loss type: huber | weights=[]
Target stats (scaled):
train mean=[0.549  0.589  0.492  0.4884 0.4785 0.4192]
train std=[0.1365 0.1371 0.1141 0.1063 0.1158 0.1138]
train q05=[0.3074 0.3979 0.3192 0.303  0.3347 0.2205]
train q95=[0.7933 0.8652 0.6719 0.6491 0.6927 0.6016]
val mean=[0.5473 0.5873 0.4922 0.4893 0.4798 0.4201]
val std=[0.1343 0.1348 0.1123 0.1072 0.1141 0.1112]
val q05=[0.3103 0.3982 0.3195 0.303  0.3376 0.2251]
val q95=[0.7886 0.8626 0.6731 0.6514 0.6918 0.5984]
val/train std ratio=[0.984  0.9828 0.9844 1.0084 0.9848 0.9772]
LR scheduler: ReduceLROnPlateau (factor=0.5, patience=8, min_lr=1e-07)
Epoch 001 | train_loss=1.5850e-02 | train_eval_loss=7.0568e-03 | val_loss=6.8604e-03 | | lr=1.00e-03
Saved best model to results/thesis_model_results/outputs/loss_comparison_mlp/MLP__huber__minmax__seed42/mlp_state_dict_best.pt
Epoch 002 | train_loss=6.3309e-03 | train_eval_loss=4.9059e-03 | val_loss=4.8131e-03 | | lr=1.00e-03
Saved best model to results/thesis_model_results/outputs/loss_comparison_mlp/MLP__huber__minmax__seed42/mlp_state_dict_best.pt
Epoch 003 | train_loss=2.5692e-03 | train_eval_loss=1.7910e-03 | val_loss=1.7645e-03 | | lr=1.00e-03
Saved best model to results/thesis_model_results/outputs/loss_comparison_mlp/MLP__huber__minmax__seed42/mlp_state_dict_best.pt
Epoch 004 | train_loss=1.6607e-03 | train_eval_loss=1.5269e-03 | val_loss=1.4989e-03 | | lr=1.00e-03
Saved best model to results/thesis_model_results/outputs/loss_comparison_mlp/MLP__huber__minmax__seed42/mlp_state_dict_best.pt
Epoch 005 | train_loss=1.3851e-03 | train_eval_loss=1.2493e-03 | val_loss=1.2160e-03 | | lr=1.00e-03
Saved best model to results/thesis_model_results/outputs/loss_comparison_mlp/MLP__huber__minmax__seed42/mlp_state_dict_best.pt
Epoch 006 | train_loss=1.1875e-03 | train_eval_loss=1.0994e-03 | val_loss=1.0699e-03 | | lr=1.00e-03
Saved best model to results/thesis_model_results/outputs/loss_comparison_mlp/MLP__huber__minmax__seed42/mlp_state_dict_best.pt
Epoch 007 | train_loss=1.0672e-03 | train_eval_loss=1.0220e-03 | val_loss=9.9469e-04 | | lr=1.00e-03
Saved best model to results/thesis_model_results/outputs/loss_comparison_mlp/MLP__huber__minmax__seed42/mlp_state_dict_best.pt
Epoch 008 | train_loss=9.8560e-04 | train_eval_loss=9.3528e-04 | val_loss=9.1333e-04 | | lr=1.00e-03
Saved best model to results/thesis_model_results/outputs/loss_comparison_mlp/MLP__huber__minmax__seed42/mlp_state_dict_best.pt
Epoch 009 | train_loss=8.9650e-04 | train_eval_loss=8.6165e-04 | val_loss=8.4436e-04 | | lr=1.00e-03
Saved best model to results/thesis_model_results/outputs/loss_comparison_mlp/MLP__huber__minmax__seed42/mlp_state_dict_best.pt
Epoch 010 | train_loss=8.5025e-04 | train_eval_loss=8.2059e-04 | val_loss=8.0511e-04 | | lr=1.00e-03
Saved best model to results/thesis_model_results/outputs/loss_comparison_mlp/MLP__huber__minmax__seed42/mlp_state_dict_best.pt
Epoch 011 | train_loss=8.1831e-04 | train_eval_loss=8.3791e-04 | val_loss=8.2618e-04 | | lr=1.00e-03
Epoch 012 | train_loss=7.9300e-04 | train_eval_loss=7.4698e-04 | val_loss=7.3416e-04 | | lr=1.00e-03
Saved best model to results/thesis_model_results/outputs/loss_comparison_mlp/MLP__huber__minmax__seed42/mlp_state_dict_best.pt
Epoch 013 | train_loss=7.6126e-04 | train_eval_loss=7.4575e-04 | val_loss=7.3442e-04 | | lr=1.00e-03
Epoch 014 | train_loss=7.5401e-04 | train_eval_loss=8.0745e-04 | val_loss=7.9869e-04 | | lr=1.00e-03
Epoch 015 | train_loss=7.3235e-04 | train_eval_loss=7.1646e-04 | val_loss=7.0821e-04 | | lr=1.00e-03
Saved best model to results/thesis_model_results/outputs/loss_comparison_mlp/MLP__huber__minmax__seed42/mlp_state_dict_best.pt
Epoch 016 | train_loss=7.3650e-04 | train_eval_loss=6.9306e-04 | val_loss=6.8439e-04 | | lr=1.00e-03
Saved best model to results/thesis_model_results/outputs/loss_comparison_mlp/MLP__huber__minmax__seed42/mlp_state_dict_best.pt
Epoch 017 | train_loss=7.2658e-04 | train_eval_loss=6.7904e-04 | val_loss=6.7104e-04 | | lr=1.00e-03
Saved best model to results/thesis_model_results/outputs/loss_comparison_mlp/MLP__huber__minmax__seed42/mlp_state_dict_best.pt
Epoch 018 | train_loss=6.7983e-04 | train_eval_loss=6.7098e-04 | val_loss=6.6510e-04 | | lr=1.00e-03
Saved best model to results/thesis_model_results/outputs/loss_comparison_mlp/MLP__huber__minmax__seed42/mlp_state_dict_best.pt
Epoch 019 | train_loss=6.5752e-04 | train_eval_loss=6.4746e-04 | val_loss=6.3942e-04 | | lr=1.00e-03
Saved best model to results/thesis_model_results/outputs/loss_comparison_mlp/MLP__huber__minmax__seed42/mlp_state_dict_best.pt
Epoch 020 | train_loss=6.5366e-04 | train_eval_loss=6.3443e-04 | val_loss=6.2590e-04 | | lr=1.00e-03
Saved best model to results/thesis_model_results/outputs/loss_comparison_mlp/MLP__huber__minmax__seed42/mlp_state_dict_best.pt
Epoch 021 | train_loss=6.4588e-04 | train_eval_loss=6.5313e-04 | val_loss=6.4809e-04 | | lr=1.00e-03
Epoch 022 | train_loss=6.3701e-04 | train_eval_loss=6.2523e-04 | val_loss=6.1448e-04 | | lr=1.00e-03
Saved best model to results/thesis_model_results/outputs/loss_comparison_mlp/MLP__huber__minmax__seed42/mlp_state_dict_best.pt
Epoch 023 | train_loss=6.2793e-04 | train_eval_loss=6.0542e-04 | val_loss=5.9804e-04 | | lr=1.00e-03
Saved best model to results/thesis_model_results/outputs/loss_comparison_mlp/MLP__huber__minmax__seed42/mlp_state_dict_best.pt
Epoch 024 | train_loss=6.1966e-04 | train_eval_loss=6.2053e-04 | val_loss=6.1207e-04 | | lr=1.00e-03
Epoch 025 | train_loss=6.0701e-04 | train_eval_loss=5.7739e-04 | val_loss=5.6913e-04 | | lr=1.00e-03
Saved best model to results/thesis_model_results/outputs/loss_comparison_mlp/MLP__huber__minmax__seed42/mlp_state_dict_best.pt
Epoch 026 | train_loss=6.0491e-04 | train_eval_loss=5.8290e-04 | val_loss=5.7635e-04 | | lr=1.00e-03
Epoch 027 | train_loss=6.0364e-04 | train_eval_loss=5.8539e-04 | val_loss=5.7905e-04 | | lr=1.00e-03
Epoch 028 | train_loss=5.9939e-04 | train_eval_loss=5.6974e-04 | val_loss=5.6335e-04 | | lr=1.00e-03
Saved best model to results/thesis_model_results/outputs/loss_comparison_mlp/MLP__huber__minmax__seed42/mlp_state_dict_best.pt
Epoch 029 | train_loss=5.8054e-04 | train_eval_loss=5.9426e-04 | val_loss=5.8536e-04 | | lr=1.00e-03
Epoch 030 | train_loss=5.7130e-04 | train_eval_loss=5.7562e-04 | val_loss=5.6597e-04 | | lr=1.00e-03
Epoch 031 | train_loss=5.6338e-04 | train_eval_loss=5.5680e-04 | val_loss=5.5272e-04 | | lr=1.00e-03
Saved best model to results/thesis_model_results/outputs/loss_comparison_mlp/MLP__huber__minmax__seed42/mlp_state_dict_best.pt
Epoch 032 | train_loss=5.5117e-04 | train_eval_loss=5.5621e-04 | val_loss=5.4988e-04 | | lr=1.00e-03
Saved best model to results/thesis_model_results/outputs/loss_comparison_mlp/MLP__huber__minmax__seed42/mlp_state_dict_best.pt
Epoch 033 | train_loss=5.5751e-04 | train_eval_loss=5.4624e-04 | val_loss=5.4052e-04 | | lr=1.00e-03
Saved best model to results/thesis_model_results/outputs/loss_comparison_mlp/MLP__huber__minmax__seed42/mlp_state_dict_best.pt
Epoch 034 | train_loss=5.6257e-04 | train_eval_loss=5.7890e-04 | val_loss=5.7185e-04 | | lr=1.00e-03
Epoch 035 | train_loss=5.5421e-04 | train_eval_loss=5.4779e-04 | val_loss=5.4320e-04 | | lr=1.00e-03
Epoch 036 | train_loss=5.2919e-04 | train_eval_loss=5.2039e-04 | val_loss=5.1597e-04 | | lr=1.00e-03
Saved best model to results/thesis_model_results/outputs/loss_comparison_mlp/MLP__huber__minmax__seed42/mlp_state_dict_best.pt
Epoch 037 | train_loss=5.2205e-04 | train_eval_loss=5.3119e-04 | val_loss=5.2701e-04 | | lr=1.00e-03
Epoch 038 | train_loss=5.1427e-04 | train_eval_loss=5.9690e-04 | val_loss=5.9294e-04 | | lr=1.00e-03
Epoch 039 | train_loss=5.2106e-04 | train_eval_loss=5.0286e-04 | val_loss=4.9934e-04 | | lr=1.00e-03
Saved best model to results/thesis_model_results/outputs/loss_comparison_mlp/MLP__huber__minmax__seed42/mlp_state_dict_best.pt
Epoch 040 | train_loss=4.9401e-04 | train_eval_loss=5.9244e-04 | val_loss=5.8763e-04 | | lr=1.00e-03
Epoch 041 | train_loss=5.1341e-04 | train_eval_loss=4.7421e-04 | val_loss=4.7083e-04 | | lr=1.00e-03
Saved best model to results/thesis_model_results/outputs/loss_comparison_mlp/MLP__huber__minmax__seed42/mlp_state_dict_best.pt
Epoch 042 | train_loss=4.9091e-04 | train_eval_loss=4.8190e-04 | val_loss=4.7759e-04 | | lr=1.00e-03
Epoch 043 | train_loss=4.9179e-04 | train_eval_loss=5.5294e-04 | val_loss=5.5132e-04 | | lr=1.00e-03
Epoch 044 | train_loss=4.7013e-04 | train_eval_loss=4.7139e-04 | val_loss=4.7246e-04 | | lr=1.00e-03
Epoch 045 | train_loss=4.5765e-04 | train_eval_loss=4.7787e-04 | val_loss=4.7706e-04 | | lr=1.00e-03
Epoch 046 | train_loss=4.5591e-04 | train_eval_loss=4.4104e-04 | val_loss=4.4013e-04 | | lr=1.00e-03
Saved best model to results/thesis_model_results/outputs/loss_comparison_mlp/MLP__huber__minmax__seed42/mlp_state_dict_best.pt
Epoch 047 | train_loss=4.5340e-04 | train_eval_loss=5.3623e-04 | val_loss=5.3106e-04 | | lr=1.00e-03
Epoch 048 | train_loss=4.7256e-04 | train_eval_loss=4.3715e-04 | val_loss=4.3803e-04 | | lr=1.00e-03
Saved best model to results/thesis_model_results/outputs/loss_comparison_mlp/MLP__huber__minmax__seed42/mlp_state_dict_best.pt
Epoch 049 | train_loss=4.4765e-04 | train_eval_loss=4.0883e-04 | val_loss=4.1027e-04 | | lr=1.00e-03
Saved best model to results/thesis_model_results/outputs/loss_comparison_mlp/MLP__huber__minmax__seed42/mlp_state_dict_best.pt
Epoch 050 | train_loss=4.2174e-04 | train_eval_loss=4.3105e-04 | val_loss=4.3172e-04 | | lr=1.00e-03
Epoch 051 | train_loss=4.4098e-04 | train_eval_loss=4.5568e-04 | val_loss=4.5316e-04 | | lr=1.00e-03
Epoch 052 | train_loss=4.3378e-04 | train_eval_loss=3.9424e-04 | val_loss=3.9519e-04 | | lr=1.00e-03
Saved best model to results/thesis_model_results/outputs/loss_comparison_mlp/MLP__huber__minmax__seed42/mlp_state_dict_best.pt
Epoch 053 | train_loss=4.0772e-04 | train_eval_loss=3.8875e-04 | val_loss=3.8948e-04 | | lr=1.00e-03
Saved best model to results/thesis_model_results/outputs/loss_comparison_mlp/MLP__huber__minmax__seed42/mlp_state_dict_best.pt
Epoch 054 | train_loss=3.9701e-04 | train_eval_loss=4.0123e-04 | val_loss=3.9946e-04 | | lr=1.00e-03
Epoch 055 | train_loss=4.0695e-04 | train_eval_loss=4.5112e-04 | val_loss=4.5188e-04 | | lr=1.00e-03
Epoch 056 | train_loss=4.0267e-04 | train_eval_loss=3.8300e-04 | val_loss=3.8103e-04 | | lr=1.00e-03
Saved best model to results/thesis_model_results/outputs/loss_comparison_mlp/MLP__huber__minmax__seed42/mlp_state_dict_best.pt
Epoch 057 | train_loss=3.9786e-04 | train_eval_loss=4.1104e-04 | val_loss=4.1178e-04 | | lr=1.00e-03
Epoch 058 | train_loss=3.9411e-04 | train_eval_loss=3.8165e-04 | val_loss=3.7959e-04 | | lr=1.00e-03
Saved best model to results/thesis_model_results/outputs/loss_comparison_mlp/MLP__huber__minmax__seed42/mlp_state_dict_best.pt
Epoch 059 | train_loss=3.8288e-04 | train_eval_loss=4.2580e-04 | val_loss=4.2547e-04 | | lr=1.00e-03
Epoch 060 | train_loss=3.8582e-04 | train_eval_loss=3.7959e-04 | val_loss=3.8137e-04 | | lr=1.00e-03
Epoch 061 | train_loss=3.8554e-04 | train_eval_loss=3.8907e-04 | val_loss=3.8562e-04 | | lr=1.00e-03
Epoch 062 | train_loss=3.8446e-04 | train_eval_loss=4.4566e-04 | val_loss=4.4448e-04 | | lr=1.00e-03
Epoch 063 | train_loss=4.1087e-04 | train_eval_loss=3.6736e-04 | val_loss=3.7148e-04 | | lr=1.00e-03
Saved best model to results/thesis_model_results/outputs/loss_comparison_mlp/MLP__huber__minmax__seed42/mlp_state_dict_best.pt
Epoch 064 | train_loss=3.7598e-04 | train_eval_loss=3.5471e-04 | val_loss=3.5759e-04 | | lr=1.00e-03
Saved best model to results/thesis_model_results/outputs/loss_comparison_mlp/MLP__huber__minmax__seed42/mlp_state_dict_best.pt
Epoch 065 | train_loss=3.8953e-04 | train_eval_loss=3.5856e-04 | val_loss=3.6012e-04 | | lr=1.00e-03
Epoch 066 | train_loss=3.5664e-04 | train_eval_loss=3.4707e-04 | val_loss=3.5103e-04 | | lr=1.00e-03
Saved best model to results/thesis_model_results/outputs/loss_comparison_mlp/MLP__huber__minmax__seed42/mlp_state_dict_best.pt
Epoch 067 | train_loss=3.6537e-04 | train_eval_loss=3.4498e-04 | val_loss=3.4982e-04 | | lr=1.00e-03
Saved best model to results/thesis_model_results/outputs/loss_comparison_mlp/MLP__huber__minmax__seed42/mlp_state_dict_best.pt
Epoch 068 | train_loss=3.5991e-04 | train_eval_loss=3.5574e-04 | val_loss=3.5806e-04 | | lr=1.00e-03
Epoch 069 | train_loss=3.5496e-04 | train_eval_loss=4.0228e-04 | val_loss=4.1059e-04 | | lr=1.00e-03
Epoch 070 | train_loss=3.5535e-04 | train_eval_loss=3.4444e-04 | val_loss=3.4577e-04 | | lr=1.00e-03
Saved best model to results/thesis_model_results/outputs/loss_comparison_mlp/MLP__huber__minmax__seed42/mlp_state_dict_best.pt
Epoch 071 | train_loss=3.6551e-04 | train_eval_loss=3.3905e-04 | val_loss=3.4358e-04 | | lr=1.00e-03
Saved best model to results/thesis_model_results/outputs/loss_comparison_mlp/MLP__huber__minmax__seed42/mlp_state_dict_best.pt
Epoch 072 | train_loss=3.5823e-04 | train_eval_loss=3.9626e-04 | val_loss=3.9632e-04 | | lr=1.00e-03
Epoch 073 | train_loss=3.6491e-04 | train_eval_loss=3.2854e-04 | val_loss=3.3093e-04 | | lr=1.00e-03
Saved best model to results/thesis_model_results/outputs/loss_comparison_mlp/MLP__huber__minmax__seed42/mlp_state_dict_best.pt
Epoch 074 | train_loss=3.4918e-04 | train_eval_loss=3.7706e-04 | val_loss=3.7968e-04 | | lr=1.00e-03
Epoch 075 | train_loss=3.4615e-04 | train_eval_loss=3.3500e-04 | val_loss=3.3738e-04 | | lr=1.00e-03
Epoch 076 | train_loss=3.5660e-04 | train_eval_loss=3.5734e-04 | val_loss=3.5609e-04 | | lr=1.00e-03
Epoch 077 | train_loss=3.5274e-04 | train_eval_loss=3.3352e-04 | val_loss=3.3708e-04 | | lr=1.00e-03
Epoch 078 | train_loss=3.4083e-04 | train_eval_loss=4.1579e-04 | val_loss=4.1652e-04 | | lr=1.00e-03
Epoch 079 | train_loss=3.5012e-04 | train_eval_loss=4.6218e-04 | val_loss=4.6820e-04 | | lr=1.00e-03
Epoch 080 | train_loss=3.7271e-04 | train_eval_loss=3.3000e-04 | val_loss=3.3557e-04 | | lr=1.00e-03
Epoch 081 | train_loss=3.4982e-04 | train_eval_loss=3.7431e-04 | val_loss=3.7639e-04 | | lr=1.00e-03
Epoch 082 | train_loss=3.4015e-04 | train_eval_loss=3.4125e-04 | val_loss=3.4534e-04 | | lr=1.00e-03
Epoch 083 | train_loss=3.0970e-04 | train_eval_loss=3.0493e-04 | val_loss=3.1092e-04 | | lr=5.00e-04
Saved best model to results/thesis_model_results/outputs/loss_comparison_mlp/MLP__huber__minmax__seed42/mlp_state_dict_best.pt
Epoch 084 | train_loss=3.0678e-04 | train_eval_loss=2.9603e-04 | val_loss=3.0063e-04 | | lr=5.00e-04
Saved best model to results/thesis_model_results/outputs/loss_comparison_mlp/MLP__huber__minmax__seed42/mlp_state_dict_best.pt
Epoch 085 | train_loss=3.0352e-04 | train_eval_loss=2.9739e-04 | val_loss=3.0369e-04 | | lr=5.00e-04
Epoch 086 | train_loss=3.0505e-04 | train_eval_loss=3.0584e-04 | val_loss=3.1085e-04 | | lr=5.00e-04
Epoch 087 | train_loss=3.0631e-04 | train_eval_loss=2.9977e-04 | val_loss=3.0543e-04 | | lr=5.00e-04
Epoch 088 | train_loss=3.0011e-04 | train_eval_loss=2.9515e-04 | val_loss=3.0125e-04 | | lr=5.00e-04
Epoch 089 | train_loss=3.0042e-04 | train_eval_loss=3.0504e-04 | val_loss=3.1021e-04 | | lr=5.00e-04
Epoch 090 | train_loss=3.0506e-04 | train_eval_loss=2.9336e-04 | val_loss=3.0037e-04 | | lr=5.00e-04
Saved best model to results/thesis_model_results/outputs/loss_comparison_mlp/MLP__huber__minmax__seed42/mlp_state_dict_best.pt
Epoch 091 | train_loss=3.0084e-04 | train_eval_loss=3.0691e-04 | val_loss=3.1171e-04 | | lr=5.00e-04
Epoch 092 | train_loss=3.0404e-04 | train_eval_loss=2.9104e-04 | val_loss=2.9851e-04 | | lr=5.00e-04
Saved best model to results/thesis_model_results/outputs/loss_comparison_mlp/MLP__huber__minmax__seed42/mlp_state_dict_best.pt
Epoch 093 | train_loss=2.9932e-04 | train_eval_loss=2.9469e-04 | val_loss=3.0077e-04 | | lr=5.00e-04
Epoch 094 | train_loss=3.0701e-04 | train_eval_loss=2.9683e-04 | val_loss=3.0134e-04 | | lr=5.00e-04
Epoch 095 | train_loss=3.0419e-04 | train_eval_loss=3.2130e-04 | val_loss=3.2535e-04 | | lr=5.00e-04
Epoch 096 | train_loss=3.0613e-04 | train_eval_loss=2.9804e-04 | val_loss=3.0418e-04 | | lr=5.00e-04
Epoch 097 | train_loss=2.9999e-04 | train_eval_loss=3.0791e-04 | val_loss=3.1270e-04 | | lr=5.00e-04
Epoch 098 | train_loss=2.9790e-04 | train_eval_loss=3.0080e-04 | val_loss=3.0696e-04 | | lr=5.00e-04
Epoch 099 | train_loss=3.0019e-04 | train_eval_loss=3.0379e-04 | val_loss=3.1314e-04 | | lr=5.00e-04
Epoch 100 | train_loss=3.0482e-04 | train_eval_loss=2.9220e-04 | val_loss=2.9715e-04 | | lr=5.00e-04
Saved best model to results/thesis_model_results/outputs/loss_comparison_mlp/MLP__huber__minmax__seed42/mlp_state_dict_best.pt
Epoch 101 | train_loss=2.9798e-04 | train_eval_loss=3.0015e-04 | val_loss=3.0499e-04 | | lr=5.00e-04
Epoch 102 | train_loss=3.0347e-04 | train_eval_loss=3.1681e-04 | val_loss=3.2543e-04 | | lr=5.00e-04
Epoch 103 | train_loss=2.9804e-04 | train_eval_loss=2.8590e-04 | val_loss=2.9292e-04 | | lr=5.00e-04
Saved best model to results/thesis_model_results/outputs/loss_comparison_mlp/MLP__huber__minmax__seed42/mlp_state_dict_best.pt
Epoch 104 | train_loss=2.9997e-04 | train_eval_loss=2.8989e-04 | val_loss=2.9437e-04 | | lr=5.00e-04
Epoch 105 | train_loss=2.9869e-04 | train_eval_loss=2.8689e-04 | val_loss=2.9412e-04 | | lr=5.00e-04
Epoch 106 | train_loss=2.9934e-04 | train_eval_loss=3.0377e-04 | val_loss=3.1243e-04 | | lr=5.00e-04
Epoch 107 | train_loss=2.9771e-04 | train_eval_loss=2.9039e-04 | val_loss=2.9793e-04 | | lr=5.00e-04
Epoch 108 | train_loss=2.9034e-04 | train_eval_loss=2.8489e-04 | val_loss=2.9184e-04 | | lr=5.00e-04
Saved best model to results/thesis_model_results/outputs/loss_comparison_mlp/MLP__huber__minmax__seed42/mlp_state_dict_best.pt
Epoch 109 | train_loss=2.9607e-04 | train_eval_loss=2.9338e-04 | val_loss=3.0114e-04 | | lr=5.00e-04
Epoch 110 | train_loss=2.8899e-04 | train_eval_loss=2.9075e-04 | val_loss=2.9820e-04 | | lr=5.00e-04
Epoch 111 | train_loss=2.9467e-04 | train_eval_loss=3.4409e-04 | val_loss=3.4594e-04 | | lr=5.00e-04
Epoch 112 | train_loss=2.9746e-04 | train_eval_loss=2.8680e-04 | val_loss=2.9552e-04 | | lr=5.00e-04
Epoch 113 | train_loss=2.9317e-04 | train_eval_loss=2.9769e-04 | val_loss=3.0324e-04 | | lr=5.00e-04
Epoch 114 | train_loss=2.9427e-04 | train_eval_loss=2.7869e-04 | val_loss=2.8497e-04 | | lr=5.00e-04
Saved best model to results/thesis_model_results/outputs/loss_comparison_mlp/MLP__huber__minmax__seed42/mlp_state_dict_best.pt
Epoch 115 | train_loss=2.9241e-04 | train_eval_loss=2.7819e-04 | val_loss=2.8684e-04 | | lr=5.00e-04
Epoch 116 | train_loss=2.9295e-04 | train_eval_loss=2.8284e-04 | val_loss=2.9139e-04 | | lr=5.00e-04
Epoch 117 | train_loss=2.8599e-04 | train_eval_loss=2.8451e-04 | val_loss=2.9384e-04 | | lr=5.00e-04
Epoch 118 | train_loss=2.9009e-04 | train_eval_loss=2.9160e-04 | val_loss=3.0095e-04 | | lr=5.00e-04
Epoch 119 | train_loss=2.8338e-04 | train_eval_loss=2.7326e-04 | val_loss=2.8261e-04 | | lr=5.00e-04
Saved best model to results/thesis_model_results/outputs/loss_comparison_mlp/MLP__huber__minmax__seed42/mlp_state_dict_best.pt
Epoch 120 | train_loss=2.8564e-04 | train_eval_loss=2.8508e-04 | val_loss=2.9170e-04 | | lr=5.00e-04
Epoch 121 | train_loss=2.8850e-04 | train_eval_loss=2.7566e-04 | val_loss=2.8135e-04 | | lr=5.00e-04
Saved best model to results/thesis_model_results/outputs/loss_comparison_mlp/MLP__huber__minmax__seed42/mlp_state_dict_best.pt
Epoch 122 | train_loss=2.8042e-04 | train_eval_loss=2.7953e-04 | val_loss=2.8926e-04 | | lr=5.00e-04
Epoch 123 | train_loss=2.8315e-04 | train_eval_loss=2.7096e-04 | val_loss=2.7907e-04 | | lr=5.00e-04
Saved best model to results/thesis_model_results/outputs/loss_comparison_mlp/MLP__huber__minmax__seed42/mlp_state_dict_best.pt
Epoch 124 | train_loss=2.8163e-04 | train_eval_loss=2.8162e-04 | val_loss=2.8988e-04 | | lr=5.00e-04
Epoch 125 | train_loss=2.8240e-04 | train_eval_loss=2.7864e-04 | val_loss=2.8935e-04 | | lr=5.00e-04
Epoch 126 | train_loss=2.8865e-04 | train_eval_loss=2.7530e-04 | val_loss=2.8346e-04 | | lr=5.00e-04
Epoch 127 | train_loss=2.8107e-04 | train_eval_loss=2.7418e-04 | val_loss=2.8117e-04 | | lr=5.00e-04
Epoch 128 | train_loss=2.7962e-04 | train_eval_loss=2.7295e-04 | val_loss=2.8084e-04 | | lr=5.00e-04
Epoch 129 | train_loss=2.7787e-04 | train_eval_loss=2.8578e-04 | val_loss=2.9360e-04 | | lr=5.00e-04
Epoch 130 | train_loss=2.8065e-04 | train_eval_loss=2.8607e-04 | val_loss=2.9768e-04 | | lr=5.00e-04
Epoch 131 | train_loss=2.7439e-04 | train_eval_loss=2.8283e-04 | val_loss=2.9109e-04 | | lr=5.00e-04
Epoch 132 | train_loss=2.7831e-04 | train_eval_loss=2.6960e-04 | val_loss=2.7885e-04 | | lr=5.00e-04
Saved best model to results/thesis_model_results/outputs/loss_comparison_mlp/MLP__huber__minmax__seed42/mlp_state_dict_best.pt
Epoch 133 | train_loss=2.7324e-04 | train_eval_loss=2.6984e-04 | val_loss=2.8148e-04 | | lr=5.00e-04
Epoch 134 | train_loss=2.6999e-04 | train_eval_loss=2.6318e-04 | val_loss=2.7520e-04 | | lr=5.00e-04
Saved best model to results/thesis_model_results/outputs/loss_comparison_mlp/MLP__huber__minmax__seed42/mlp_state_dict_best.pt
Epoch 135 | train_loss=2.7161e-04 | train_eval_loss=2.7469e-04 | val_loss=2.8582e-04 | | lr=5.00e-04
Epoch 136 | train_loss=2.6736e-04 | train_eval_loss=3.0163e-04 | val_loss=3.1087e-04 | | lr=5.00e-04
Epoch 137 | train_loss=2.7565e-04 | train_eval_loss=2.5949e-04 | val_loss=2.6796e-04 | | lr=5.00e-04
Saved best model to results/thesis_model_results/outputs/loss_comparison_mlp/MLP__huber__minmax__seed42/mlp_state_dict_best.pt
Epoch 138 | train_loss=2.7805e-04 | train_eval_loss=2.7563e-04 | val_loss=2.8461e-04 | | lr=5.00e-04
Epoch 139 | train_loss=2.7098e-04 | train_eval_loss=2.6572e-04 | val_loss=2.7458e-04 | | lr=5.00e-04
Epoch 140 | train_loss=2.6616e-04 | train_eval_loss=2.7302e-04 | val_loss=2.8367e-04 | | lr=5.00e-04
Epoch 141 | train_loss=2.6177e-04 | train_eval_loss=2.5298e-04 | val_loss=2.6274e-04 | | lr=5.00e-04
Saved best model to results/thesis_model_results/outputs/loss_comparison_mlp/MLP__huber__minmax__seed42/mlp_state_dict_best.pt
Epoch 142 | train_loss=2.6277e-04 | train_eval_loss=2.5615e-04 | val_loss=2.6570e-04 | | lr=5.00e-04
Epoch 143 | train_loss=2.6674e-04 | train_eval_loss=2.5589e-04 | val_loss=2.6473e-04 | | lr=5.00e-04
Epoch 144 | train_loss=2.6444e-04 | train_eval_loss=2.5040e-04 | val_loss=2.6299e-04 | | lr=5.00e-04
Epoch 145 | train_loss=2.7000e-04 | train_eval_loss=2.5536e-04 | val_loss=2.6815e-04 | | lr=5.00e-04
Epoch 146 | train_loss=2.6428e-04 | train_eval_loss=2.6098e-04 | val_loss=2.6963e-04 | | lr=5.00e-04
Epoch 147 | train_loss=2.5878e-04 | train_eval_loss=2.6159e-04 | val_loss=2.6877e-04 | | lr=5.00e-04
Epoch 148 | train_loss=2.6021e-04 | train_eval_loss=2.4158e-04 | val_loss=2.5287e-04 | | lr=5.00e-04
Saved best model to results/thesis_model_results/outputs/loss_comparison_mlp/MLP__huber__minmax__seed42/mlp_state_dict_best.pt
Epoch 149 | train_loss=2.6040e-04 | train_eval_loss=2.4854e-04 | val_loss=2.5888e-04 | | lr=5.00e-04
Epoch 150 | train_loss=2.5535e-04 | train_eval_loss=2.7880e-04 | val_loss=2.9274e-04 | | lr=5.00e-04
Epoch 151 | train_loss=2.5857e-04 | train_eval_loss=2.6370e-04 | val_loss=2.7059e-04 | | lr=5.00e-04
Epoch 152 | train_loss=2.6980e-04 | train_eval_loss=2.6277e-04 | val_loss=2.7425e-04 | | lr=5.00e-04
Epoch 153 | train_loss=2.5740e-04 | train_eval_loss=2.4982e-04 | val_loss=2.5922e-04 | | lr=5.00e-04
Epoch 154 | train_loss=2.6349e-04 | train_eval_loss=2.4562e-04 | val_loss=2.5659e-04 | | lr=5.00e-04
Epoch 155 | train_loss=2.5310e-04 | train_eval_loss=2.5139e-04 | val_loss=2.6332e-04 | | lr=5.00e-04
Epoch 156 | train_loss=2.5930e-04 | train_eval_loss=2.5246e-04 | val_loss=2.6201e-04 | | lr=5.00e-04
Epoch 157 | train_loss=2.5598e-04 | train_eval_loss=2.5383e-04 | val_loss=2.6812e-04 | | lr=5.00e-04
Epoch 158 | train_loss=2.3894e-04 | train_eval_loss=2.5101e-04 | val_loss=2.6320e-04 | | lr=2.50e-04
Epoch 159 | train_loss=2.3799e-04 | train_eval_loss=2.3871e-04 | val_loss=2.4991e-04 | | lr=2.50e-04
Saved best model to results/thesis_model_results/outputs/loss_comparison_mlp/MLP__huber__minmax__seed42/mlp_state_dict_best.pt
Epoch 160 | train_loss=2.3604e-04 | train_eval_loss=2.3360e-04 | val_loss=2.4822e-04 | | lr=2.50e-04
Saved best model to results/thesis_model_results/outputs/loss_comparison_mlp/MLP__huber__minmax__seed42/mlp_state_dict_best.pt
Epoch 161 | train_loss=2.3741e-04 | train_eval_loss=2.3505e-04 | val_loss=2.4717e-04 | | lr=2.50e-04
Saved best model to results/thesis_model_results/outputs/loss_comparison_mlp/MLP__huber__minmax__seed42/mlp_state_dict_best.pt
Epoch 162 | train_loss=2.3752e-04 | train_eval_loss=2.3270e-04 | val_loss=2.4504e-04 | | lr=2.50e-04
Saved best model to results/thesis_model_results/outputs/loss_comparison_mlp/MLP__huber__minmax__seed42/mlp_state_dict_best.pt
Epoch 163 | train_loss=2.3498e-04 | train_eval_loss=2.3377e-04 | val_loss=2.4701e-04 | | lr=2.50e-04
Epoch 164 | train_loss=2.3605e-04 | train_eval_loss=2.3964e-04 | val_loss=2.5166e-04 | | lr=2.50e-04
Epoch 165 | train_loss=2.3587e-04 | train_eval_loss=2.3407e-04 | val_loss=2.4523e-04 | | lr=2.50e-04
Epoch 166 | train_loss=2.3467e-04 | train_eval_loss=2.4678e-04 | val_loss=2.5807e-04 | | lr=2.50e-04
Epoch 167 | train_loss=2.3446e-04 | train_eval_loss=2.3378e-04 | val_loss=2.4705e-04 | | lr=2.50e-04
Epoch 168 | train_loss=2.3484e-04 | train_eval_loss=2.3437e-04 | val_loss=2.4818e-04 | | lr=2.50e-04
Epoch 169 | train_loss=2.3389e-04 | train_eval_loss=2.3268e-04 | val_loss=2.4497e-04 | | lr=2.50e-04
Saved best model to results/thesis_model_results/outputs/loss_comparison_mlp/MLP__huber__minmax__seed42/mlp_state_dict_best.pt
Epoch 170 | train_loss=2.3239e-04 | train_eval_loss=2.2688e-04 | val_loss=2.3822e-04 | | lr=2.50e-04
Saved best model to results/thesis_model_results/outputs/loss_comparison_mlp/MLP__huber__minmax__seed42/mlp_state_dict_best.pt
Epoch 171 | train_loss=2.3267e-04 | train_eval_loss=2.3842e-04 | val_loss=2.5292e-04 | | lr=2.50e-04
Epoch 172 | train_loss=2.3295e-04 | train_eval_loss=2.3783e-04 | val_loss=2.4763e-04 | | lr=2.50e-04
Epoch 173 | train_loss=2.3342e-04 | train_eval_loss=2.2986e-04 | val_loss=2.4337e-04 | | lr=2.50e-04
Epoch 174 | train_loss=2.3398e-04 | train_eval_loss=2.3777e-04 | val_loss=2.5428e-04 | | lr=2.50e-04
Epoch 175 | train_loss=2.4099e-04 | train_eval_loss=2.2948e-04 | val_loss=2.4222e-04 | | lr=2.50e-04
Epoch 176 | train_loss=2.3508e-04 | train_eval_loss=2.2626e-04 | val_loss=2.4037e-04 | | lr=2.50e-04
Epoch 177 | train_loss=2.3128e-04 | train_eval_loss=2.2683e-04 | val_loss=2.4046e-04 | | lr=2.50e-04
Epoch 178 | train_loss=2.3182e-04 | train_eval_loss=2.2989e-04 | val_loss=2.4303e-04 | | lr=2.50e-04
Epoch 179 | train_loss=2.3021e-04 | train_eval_loss=2.2616e-04 | val_loss=2.4070e-04 | | lr=2.50e-04
Epoch 180 | train_loss=2.2370e-04 | train_eval_loss=2.2382e-04 | val_loss=2.3874e-04 | | lr=1.25e-04
Epoch 181 | train_loss=2.2161e-04 | train_eval_loss=2.2057e-04 | val_loss=2.3367e-04 | | lr=1.25e-04
Saved best model to results/thesis_model_results/outputs/loss_comparison_mlp/MLP__huber__minmax__seed42/mlp_state_dict_best.pt
Epoch 182 | train_loss=2.2169e-04 | train_eval_loss=2.2092e-04 | val_loss=2.3382e-04 | | lr=1.25e-04
Epoch 183 | train_loss=2.2224e-04 | train_eval_loss=2.2096e-04 | val_loss=2.3557e-04 | | lr=1.25e-04
Epoch 184 | train_loss=2.2258e-04 | train_eval_loss=2.1913e-04 | val_loss=2.3257e-04 | | lr=1.25e-04
Saved best model to results/thesis_model_results/outputs/loss_comparison_mlp/MLP__huber__minmax__seed42/mlp_state_dict_best.pt
Epoch 185 | train_loss=2.2174e-04 | train_eval_loss=2.1998e-04 | val_loss=2.3507e-04 | | lr=1.25e-04
Epoch 186 | train_loss=2.2160e-04 | train_eval_loss=2.2046e-04 | val_loss=2.3378e-04 | | lr=1.25e-04
Epoch 187 | train_loss=2.2333e-04 | train_eval_loss=2.2423e-04 | val_loss=2.3712e-04 | | lr=1.25e-04
Epoch 188 | train_loss=2.2176e-04 | train_eval_loss=2.2222e-04 | val_loss=2.3664e-04 | | lr=1.25e-04
Epoch 189 | train_loss=2.2138e-04 | train_eval_loss=2.2042e-04 | val_loss=2.3600e-04 | | lr=1.25e-04
Epoch 190 | train_loss=2.2130e-04 | train_eval_loss=2.1707e-04 | val_loss=2.3175e-04 | | lr=1.25e-04
Saved best model to results/thesis_model_results/outputs/loss_comparison_mlp/MLP__huber__minmax__seed42/mlp_state_dict_best.pt
Epoch 191 | train_loss=2.2100e-04 | train_eval_loss=2.2947e-04 | val_loss=2.4620e-04 | | lr=1.25e-04
Epoch 192 | train_loss=2.2193e-04 | train_eval_loss=2.2253e-04 | val_loss=2.3797e-04 | | lr=1.25e-04
Epoch 193 | train_loss=2.2161e-04 | train_eval_loss=2.1973e-04 | val_loss=2.3522e-04 | | lr=1.25e-04
Epoch 194 | train_loss=2.2212e-04 | train_eval_loss=2.1996e-04 | val_loss=2.3473e-04 | | lr=1.25e-04
Epoch 195 | train_loss=2.2067e-04 | train_eval_loss=2.1818e-04 | val_loss=2.3463e-04 | | lr=1.25e-04
Epoch 196 | train_loss=2.2118e-04 | train_eval_loss=2.1644e-04 | val_loss=2.3184e-04 | | lr=1.25e-04
Epoch 197 | train_loss=2.2021e-04 | train_eval_loss=2.1939e-04 | val_loss=2.3331e-04 | | lr=1.25e-04
Epoch 198 | train_loss=2.1992e-04 | train_eval_loss=2.1939e-04 | val_loss=2.3406e-04 | | lr=1.25e-04
Epoch 199 | train_loss=2.1756e-04 | train_eval_loss=2.2200e-04 | val_loss=2.3942e-04 | | lr=1.25e-04
Epoch 200 | train_loss=2.1610e-04 | train_eval_loss=2.2181e-04 | val_loss=2.3589e-04 | | lr=6.25e-05
Saved training logs to results/thesis_model_results/outputs/loss_comparison_mlp/MLP__huber__minmax__seed42/training_summary.txt
Test RMSE(rocof_COI) = 0.0157 | norm: 0.0119 | real_diff: 0.0112
Test RMSE(dev_COI) = 0.0308 | norm: 0.0114 | real_diff: 0.0186
Test RMSE(Delta_P_IBR_1) = 0.1347 | norm: 0.0213 | real_diff: 0.0954
Test RMSE(Delta_P_IBR_2) = 0.1330 | norm: 0.0185 | real_diff: 0.0812
Test RMSE(Delta_P_IBR_3) = 0.1939 | norm: 0.0340 | real_diff: 0.1113
Test RMSE(Delta_P_IBR_4) = 0.2200 | norm: 0.0227 | real_diff: 0.1508
Saved RMSE results to results/thesis_model_results/outputs/loss_comparison_mlp/MLP__huber__minmax__seed42/rmse_results.txt
Saved detailed metrics to results/thesis_model_results/outputs/loss_comparison_mlp/MLP__huber__minmax__seed42/metrics_by_target.csv
Saved aggregate metrics to results/thesis_model_results/outputs/loss_comparison_mlp/MLP__huber__minmax__seed42/metrics_summary.json
Saved loss curves to results/thesis_model_results/outputs/loss_comparison_mlp/MLP__huber__minmax__seed42/loss_curve.png
Saved scatter plot results/thesis_model_results/outputs/loss_comparison_mlp/MLP__huber__minmax__seed42/scatter_rocof_COI.png
Saved scatter plot results/thesis_model_results/outputs/loss_comparison_mlp/MLP__huber__minmax__seed42/scatter_dev_COI.png
Saved scatter plot results/thesis_model_results/outputs/loss_comparison_mlp/MLP__huber__minmax__seed42/scatter_Delta_P_IBR_1.png
Saved scatter plot results/thesis_model_results/outputs/loss_comparison_mlp/MLP__huber__minmax__seed42/scatter_Delta_P_IBR_2.png
Saved scatter plot results/thesis_model_results/outputs/loss_comparison_mlp/MLP__huber__minmax__seed42/scatter_Delta_P_IBR_3.png
Saved scatter plot results/thesis_model_results/outputs/loss_comparison_mlp/MLP__huber__minmax__seed42/scatter_Delta_P_IBR_4.png
Saved model to results/thesis_model_results/outputs/loss_comparison_mlp/MLP__huber__minmax__seed42/mlp_state_dict.pt
Loss type: kendall | weights=[]
Target stats (scaled):
train mean=[0.549  0.589  0.492  0.4884 0.4785 0.4192]
train std=[0.1365 0.1371 0.1141 0.1063 0.1158 0.1138]
train q05=[0.3074 0.3979 0.3192 0.303  0.3347 0.2205]
train q95=[0.7933 0.8652 0.6719 0.6491 0.6927 0.6016]
val mean=[0.5473 0.5873 0.4922 0.4893 0.4798 0.4201]
val std=[0.1343 0.1348 0.1123 0.1072 0.1141 0.1112]
val q05=[0.3103 0.3982 0.3195 0.303  0.3376 0.2251]
val q95=[0.7886 0.8626 0.6731 0.6514 0.6918 0.5984]
val/train std ratio=[0.984  0.9828 0.9844 1.0084 0.9848 0.9772]
LR scheduler: ReduceLROnPlateau (factor=0.5, patience=8, min_lr=1e-07)
Epoch 001 | train_loss=-6.5457e-03 | train_eval_loss=-1.6646e-01 | val_loss=-1.6768e-01 | log_vars=[-0.0701485  -0.07062983 -0.07129751 -0.070012   -0.07029276 -0.07009851] | lr=1.00e-03
Saved best model to results/thesis_model_results/outputs/loss_comparison_mlp/MLP__kendall__minmax__seed42/mlp_state_dict_best.pt
Epoch 002 | train_loss=-2.7895e-01 | train_eval_loss=-4.0464e-01 | val_loss=-4.0484e-01 | log_vars=[-0.14003386 -0.14059378 -0.14156274 -0.13971528 -0.13996126 -0.13981888] | lr=1.00e-03
Saved best model to results/thesis_model_results/outputs/loss_comparison_mlp/MLP__kendall__minmax__seed42/mlp_state_dict_best.pt
Epoch 003 | train_loss=-5.0958e-01 | train_eval_loss=-6.1782e-01 | val_loss=-6.1801e-01 | log_vars=[-0.21018088 -0.21091095 -0.21148518 -0.20936824 -0.20946696 -0.20945998] | lr=1.00e-03
Saved best model to results/thesis_model_results/outputs/loss_comparison_mlp/MLP__kendall__minmax__seed42/mlp_state_dict_best.pt
Epoch 004 | train_loss=-7.1976e-01 | train_eval_loss=-8.2720e-01 | val_loss=-8.2737e-01 | log_vars=[-0.27999088 -0.28087696 -0.28113884 -0.27884287 -0.27884018 -0.27889907] | lr=1.00e-03
Saved best model to results/thesis_model_results/outputs/loss_comparison_mlp/MLP__kendall__minmax__seed42/mlp_state_dict_best.pt
Epoch 005 | train_loss=-9.2920e-01 | train_eval_loss=-1.0345e+00 | val_loss=-1.0347e+00 | log_vars=[-0.3495974  -0.3506019  -0.350679   -0.3482202  -0.34811276 -0.348234  ] | lr=1.00e-03
Saved best model to results/thesis_model_results/outputs/loss_comparison_mlp/MLP__kendall__minmax__seed42/mlp_state_dict_best.pt
Epoch 006 | train_loss=-1.1383e+00 | train_eval_loss=-1.2459e+00 | val_loss=-1.2461e+00 | log_vars=[-0.41905615 -0.42015752 -0.42015976 -0.41755605 -0.41734853 -0.41749448] | lr=1.00e-03
Saved best model to results/thesis_model_results/outputs/loss_comparison_mlp/MLP__kendall__minmax__seed42/mlp_state_dict_best.pt
Epoch 007 | train_loss=-1.3478e+00 | train_eval_loss=-1.4546e+00 | val_loss=-1.4547e+00 | log_vars=[-0.48844415 -0.48961934 -0.48958555 -0.4868749  -0.4865865  -0.48671842] | lr=1.00e-03
Saved best model to results/thesis_model_results/outputs/loss_comparison_mlp/MLP__kendall__minmax__seed42/mlp_state_dict_best.pt
Epoch 008 | train_loss=-1.5553e+00 | train_eval_loss=-1.6618e+00 | val_loss=-1.6620e+00 | log_vars=[-0.5577464  -0.558987   -0.5589357  -0.55614513 -0.55579925 -0.55589765] | lr=1.00e-03
Saved best model to results/thesis_model_results/outputs/loss_comparison_mlp/MLP__kendall__minmax__seed42/mlp_state_dict_best.pt
Epoch 009 | train_loss=-1.7632e+00 | train_eval_loss=-1.8695e+00 | val_loss=-1.8697e+00 | log_vars=[-0.6270121  -0.62830156 -0.6282304  -0.62537867 -0.62496996 -0.62504965] | lr=1.00e-03
Saved best model to results/thesis_model_results/outputs/loss_comparison_mlp/MLP__kendall__minmax__seed42/mlp_state_dict_best.pt
Epoch 010 | train_loss=-1.9709e+00 | train_eval_loss=-2.0772e+00 | val_loss=-2.0773e+00 | log_vars=[-0.6962525  -0.69758147 -0.697475   -0.69457304 -0.69410914 -0.6941842 ] | lr=1.00e-03
Saved best model to results/thesis_model_results/outputs/loss_comparison_mlp/MLP__kendall__minmax__seed42/mlp_state_dict_best.pt
Epoch 011 | train_loss=-2.1781e+00 | train_eval_loss=-2.2838e+00 | val_loss=-2.2839e+00 | log_vars=[-0.7654558 -0.7668212 -0.7666761 -0.7637373 -0.7632249 -0.7632842] | lr=1.00e-03
Saved best model to results/thesis_model_results/outputs/loss_comparison_mlp/MLP__kendall__minmax__seed42/mlp_state_dict_best.pt
Epoch 012 | train_loss=-2.3852e+00 | train_eval_loss=-2.4902e+00 | val_loss=-2.4903e+00 | log_vars=[-0.83462524 -0.8360203  -0.83583266 -0.8328695  -0.83231497 -0.8323576 ] | lr=1.00e-03
Saved best model to results/thesis_model_results/outputs/loss_comparison_mlp/MLP__kendall__minmax__seed42/mlp_state_dict_best.pt
Epoch 013 | train_loss=-2.5917e+00 | train_eval_loss=-2.6982e+00 | val_loss=-2.6984e+00 | log_vars=[-0.9037615  -0.9051827  -0.9049574  -0.90197396 -0.90136063 -0.9014069 ] | lr=1.00e-03
Saved best model to results/thesis_model_results/outputs/loss_comparison_mlp/MLP__kendall__minmax__seed42/mlp_state_dict_best.pt
Epoch 014 | train_loss=-2.7992e+00 | train_eval_loss=-2.9035e+00 | val_loss=-2.9037e+00 | log_vars=[-0.97289526 -0.9743399  -0.9740613  -0.9710639  -0.9704063  -0.9704473 ] | lr=1.00e-03
Saved best model to results/thesis_model_results/outputs/loss_comparison_mlp/MLP__kendall__minmax__seed42/mlp_state_dict_best.pt
Epoch 015 | train_loss=-3.0054e+00 | train_eval_loss=-3.1112e+00 | val_loss=-3.1114e+00 | log_vars=[-1.0419991 -1.043467  -1.0431349 -1.0401216 -1.0393949 -1.0394655] | lr=1.00e-03
Saved best model to results/thesis_model_results/outputs/loss_comparison_mlp/MLP__kendall__minmax__seed42/mlp_state_dict_best.pt
Epoch 016 | train_loss=-3.2121e+00 | train_eval_loss=-3.3190e+00 | val_loss=-3.3191e+00 | log_vars=[-1.1110885 -1.1125797 -1.112176  -1.1091683 -1.1083801 -1.10846  ] | lr=1.00e-03
Saved best model to results/thesis_model_results/outputs/loss_comparison_mlp/MLP__kendall__minmax__seed42/mlp_state_dict_best.pt
Epoch 017 | train_loss=-3.4194e+00 | train_eval_loss=-3.5240e+00 | val_loss=-3.5242e+00 | log_vars=[-1.1801808 -1.1816889 -1.1812158 -1.1782106 -1.1773692 -1.1774459] | lr=1.00e-03
Saved best model to results/thesis_model_results/outputs/loss_comparison_mlp/MLP__kendall__minmax__seed42/mlp_state_dict_best.pt
Epoch 018 | train_loss=-3.6254e+00 | train_eval_loss=-3.7315e+00 | val_loss=-3.7317e+00 | log_vars=[-1.2492386 -1.2507668 -1.2502345 -1.2472323 -1.2463084 -1.246417 ] | lr=1.00e-03
Saved best model to results/thesis_model_results/outputs/loss_comparison_mlp/MLP__kendall__minmax__seed42/mlp_state_dict_best.pt
Epoch 019 | train_loss=-3.8317e+00 | train_eval_loss=-3.9363e+00 | val_loss=-3.9364e+00 | log_vars=[-1.3182917 -1.3198421 -1.3192292 -1.3162367 -1.3152157 -1.3153684] | lr=1.00e-03
Saved best model to results/thesis_model_results/outputs/loss_comparison_mlp/MLP__kendall__minmax__seed42/mlp_state_dict_best.pt
Epoch 020 | train_loss=-4.0377e+00 | train_eval_loss=-4.1446e+00 | val_loss=-4.1448e+00 | log_vars=[-1.3873312 -1.3889107 -1.388203  -1.3852149 -1.3840715 -1.384305 ] | lr=1.00e-03
Saved best model to results/thesis_model_results/outputs/loss_comparison_mlp/MLP__kendall__minmax__seed42/mlp_state_dict_best.pt
Epoch 021 | train_loss=-4.2439e+00 | train_eval_loss=-4.3501e+00 | val_loss=-4.3502e+00 | log_vars=[-1.456358  -1.4579624 -1.4571791 -1.4541733 -1.4529078 -1.4532334] | lr=1.00e-03
Saved best model to results/thesis_model_results/outputs/loss_comparison_mlp/MLP__kendall__minmax__seed42/mlp_state_dict_best.pt
Epoch 022 | train_loss=-4.4507e+00 | train_eval_loss=-4.5565e+00 | val_loss=-4.5567e+00 | log_vars=[-1.5253873 -1.5270151 -1.5261438 -1.5231392 -1.5217348 -1.5221592] | lr=1.00e-03
Saved best model to results/thesis_model_results/outputs/loss_comparison_mlp/MLP__kendall__minmax__seed42/mlp_state_dict_best.pt
Epoch 023 | train_loss=-4.6560e+00 | train_eval_loss=-4.7624e+00 | val_loss=-4.7625e+00 | log_vars=[-1.5943828 -1.5960349 -1.5950662 -1.5920764 -1.5905092 -1.5910327] | lr=1.00e-03
Saved best model to results/thesis_model_results/outputs/loss_comparison_mlp/MLP__kendall__minmax__seed42/mlp_state_dict_best.pt
Epoch 024 | train_loss=-4.8625e+00 | train_eval_loss=-4.9650e+00 | val_loss=-4.9650e+00 | log_vars=[-1.6633822 -1.6650579 -1.663989  -1.661013  -1.6592897 -1.6599135] | lr=1.00e-03
Saved best model to results/thesis_model_results/outputs/loss_comparison_mlp/MLP__kendall__minmax__seed42/mlp_state_dict_best.pt
Epoch 025 | train_loss=-5.0674e+00 | train_eval_loss=-5.1716e+00 | val_loss=-5.1717e+00 | log_vars=[-1.7323688 -1.7340709 -1.7328638 -1.72991   -1.7279996 -1.7287525] | lr=1.00e-03
Saved best model to results/thesis_model_results/outputs/loss_comparison_mlp/MLP__kendall__minmax__seed42/mlp_state_dict_best.pt
Epoch 026 | train_loss=-5.2734e+00 | train_eval_loss=-5.3783e+00 | val_loss=-5.3784e+00 | log_vars=[-1.8013433 -1.8030672 -1.8017522 -1.7988231 -1.7966672 -1.7975901] | lr=1.00e-03
Saved best model to results/thesis_model_results/outputs/loss_comparison_mlp/MLP__kendall__minmax__seed42/mlp_state_dict_best.pt
Epoch 027 | train_loss=-5.4766e+00 | train_eval_loss=-5.5842e+00 | val_loss=-5.5845e+00 | log_vars=[-1.8702502 -1.8720081 -1.8705804 -1.8676902 -1.8652741 -1.8663996] | lr=1.00e-03
Saved best model to results/thesis_model_results/outputs/loss_comparison_mlp/MLP__kendall__minmax__seed42/mlp_state_dict_best.pt
Epoch 028 | train_loss=-5.6854e+00 | train_eval_loss=-5.7921e+00 | val_loss=-5.7922e+00 | log_vars=[-1.9392161 -1.9409982 -1.9394442 -1.936586  -1.9339175 -1.9352286] | lr=1.00e-03
Saved best model to results/thesis_model_results/outputs/loss_comparison_mlp/MLP__kendall__minmax__seed42/mlp_state_dict_best.pt
Epoch 029 | train_loss=-5.8911e+00 | train_eval_loss=-5.9890e+00 | val_loss=-5.9894e+00 | log_vars=[-2.0081933 -2.0099967 -2.008322  -2.005504  -2.002549  -2.0040793] | lr=1.00e-03
Saved best model to results/thesis_model_results/outputs/loss_comparison_mlp/MLP__kendall__minmax__seed42/mlp_state_dict_best.pt
Epoch 030 | train_loss=-6.0961e+00 | train_eval_loss=-6.2027e+00 | val_loss=-6.2031e+00 | log_vars=[-2.0771296 -2.0789607 -2.0771701 -2.0743747 -2.071097  -2.0728965] | lr=1.00e-03
Saved best model to results/thesis_model_results/outputs/loss_comparison_mlp/MLP__kendall__minmax__seed42/mlp_state_dict_best.pt
Epoch 031 | train_loss=-6.3011e+00 | train_eval_loss=-6.4068e+00 | val_loss=-6.4067e+00 | log_vars=[-2.14607   -2.147922  -2.145991  -2.1432283 -2.1396272 -2.1417065] | lr=1.00e-03
Saved best model to results/thesis_model_results/outputs/loss_comparison_mlp/MLP__kendall__minmax__seed42/mlp_state_dict_best.pt
Epoch 032 | train_loss=-6.5065e+00 | train_eval_loss=-6.6114e+00 | val_loss=-6.6118e+00 | log_vars=[-2.2149904 -2.2168589 -2.2148268 -2.212088  -2.2081273 -2.2105095] | lr=1.00e-03
Saved best model to results/thesis_model_results/outputs/loss_comparison_mlp/MLP__kendall__minmax__seed42/mlp_state_dict_best.pt
Epoch 033 | train_loss=-6.7123e+00 | train_eval_loss=-6.8149e+00 | val_loss=-6.8149e+00 | log_vars=[-2.283932  -2.2858133 -2.2836213 -2.280918  -2.276671  -2.279295 ] | lr=1.00e-03
Saved best model to results/thesis_model_results/outputs/loss_comparison_mlp/MLP__kendall__minmax__seed42/mlp_state_dict_best.pt
Epoch 034 | train_loss=-6.9178e+00 | train_eval_loss=-7.0235e+00 | val_loss=-7.0239e+00 | log_vars=[-2.3528588 -2.3547494 -2.3524296 -2.3497617 -2.3451695 -2.348074 ] | lr=1.00e-03
Saved best model to results/thesis_model_results/outputs/loss_comparison_mlp/MLP__kendall__minmax__seed42/mlp_state_dict_best.pt
Epoch 035 | train_loss=-7.1203e+00 | train_eval_loss=-7.2291e+00 | val_loss=-7.2293e+00 | log_vars=[-2.4216766 -2.4235878 -2.4212122 -2.4186256 -2.4135447 -2.4168003] | lr=1.00e-03
Saved best model to results/thesis_model_results/outputs/loss_comparison_mlp/MLP__kendall__minmax__seed42/mlp_state_dict_best.pt
Epoch 036 | train_loss=-7.3270e+00 | train_eval_loss=-7.4328e+00 | val_loss=-7.4324e+00 | log_vars=[-2.4905953 -2.4925034 -2.4899457 -2.4874103 -2.4820442 -2.4855301] | lr=1.00e-03
Saved best model to results/thesis_model_results/outputs/loss_comparison_mlp/MLP__kendall__minmax__seed42/mlp_state_dict_best.pt
Epoch 037 | train_loss=-7.5336e+00 | train_eval_loss=-7.6408e+00 | val_loss=-7.6407e+00 | log_vars=[-2.5595267 -2.5614417 -2.5586803 -2.5562196 -2.5505145 -2.554251 ] | lr=1.00e-03
Saved best model to results/thesis_model_results/outputs/loss_comparison_mlp/MLP__kendall__minmax__seed42/mlp_state_dict_best.pt
Epoch 038 | train_loss=-7.7359e+00 | train_eval_loss=-7.8335e+00 | val_loss=-7.8336e+00 | log_vars=[-2.628413  -2.630334  -2.6274123 -2.6249843 -2.6189277 -2.622963 ] | lr=1.00e-03
Saved best model to results/thesis_model_results/outputs/loss_comparison_mlp/MLP__kendall__minmax__seed42/mlp_state_dict_best.pt
Epoch 039 | train_loss=-7.9389e+00 | train_eval_loss=-8.0492e+00 | val_loss=-8.0491e+00 | log_vars=[-2.6971872 -2.6991243 -2.696056  -2.6937628 -2.6870914 -2.6916275] | lr=1.00e-03
Saved best model to results/thesis_model_results/outputs/loss_comparison_mlp/MLP__kendall__minmax__seed42/mlp_state_dict_best.pt
Epoch 040 | train_loss=-8.1473e+00 | train_eval_loss=-8.2489e+00 | val_loss=-8.2489e+00 | log_vars=[-2.766104  -2.7680337 -2.7647867 -2.7625637 -2.7554529 -2.7603061] | lr=1.00e-03
Saved best model to results/thesis_model_results/outputs/loss_comparison_mlp/MLP__kendall__minmax__seed42/mlp_state_dict_best.pt
Epoch 041 | train_loss=-8.3487e+00 | train_eval_loss=-8.4497e+00 | val_loss=-8.4499e+00 | log_vars=[-2.8349416 -2.8368711 -2.8334801 -2.8313239 -2.8236773 -2.8289816] | lr=1.00e-03
Saved best model to results/thesis_model_results/outputs/loss_comparison_mlp/MLP__kendall__minmax__seed42/mlp_state_dict_best.pt
Epoch 042 | train_loss=-8.5505e+00 | train_eval_loss=-8.6565e+00 | val_loss=-8.6566e+00 | log_vars=[-2.9037728 -2.9056947 -2.9020293 -2.900009  -2.8917522 -2.897497 ] | lr=1.00e-03
Saved best model to results/thesis_model_results/outputs/loss_comparison_mlp/MLP__kendall__minmax__seed42/mlp_state_dict_best.pt
Epoch 043 | train_loss=-8.7565e+00 | train_eval_loss=-8.8569e+00 | val_loss=-8.8561e+00 | log_vars=[-2.9726493 -2.9745553 -2.9706264 -2.968687  -2.9599211 -2.9660275] | lr=1.00e-03
Saved best model to results/thesis_model_results/outputs/loss_comparison_mlp/MLP__kendall__minmax__seed42/mlp_state_dict_best.pt
Epoch 044 | train_loss=-8.9564e+00 | train_eval_loss=-9.0649e+00 | val_loss=-9.0640e+00 | log_vars=[-3.0413792 -3.0433009 -3.0391402 -3.0373027 -3.0278218 -3.0344968] | lr=1.00e-03
Saved best model to results/thesis_model_results/outputs/loss_comparison_mlp/MLP__kendall__minmax__seed42/mlp_state_dict_best.pt
Epoch 045 | train_loss=-9.1577e+00 | train_eval_loss=-9.2692e+00 | val_loss=-9.2689e+00 | log_vars=[-3.1101217 -3.1120636 -3.1075337 -3.1057975 -3.0956132 -3.1028507] | lr=1.00e-03
Saved best model to results/thesis_model_results/outputs/loss_comparison_mlp/MLP__kendall__minmax__seed42/mlp_state_dict_best.pt
Epoch 046 | train_loss=-9.3646e+00 | train_eval_loss=-9.4726e+00 | val_loss=-9.4722e+00 | log_vars=[-3.1789603 -3.180878  -3.1760716 -3.1744432 -3.1635108 -3.171263 ] | lr=1.00e-03
Saved best model to results/thesis_model_results/outputs/loss_comparison_mlp/MLP__kendall__minmax__seed42/mlp_state_dict_best.pt
Epoch 047 | train_loss=-9.5665e+00 | train_eval_loss=-9.6714e+00 | val_loss=-9.6714e+00 | log_vars=[-3.2477577 -3.249664  -3.2445729 -3.2430336 -3.2311845 -3.2396095] | lr=1.00e-03
Saved best model to results/thesis_model_results/outputs/loss_comparison_mlp/MLP__kendall__minmax__seed42/mlp_state_dict_best.pt
Epoch 048 | train_loss=-9.7626e+00 | train_eval_loss=-9.8764e+00 | val_loss=-9.8760e+00 | log_vars=[-3.3164134 -3.318316  -3.3129475 -3.311541  -3.298537  -3.3078003] | lr=1.00e-03
Saved best model to results/thesis_model_results/outputs/loss_comparison_mlp/MLP__kendall__minmax__seed42/mlp_state_dict_best.pt
Epoch 049 | train_loss=-9.9720e+00 | train_eval_loss=-1.0079e+01 | val_loss=-1.0079e+01 | log_vars=[-3.385168  -3.387068  -3.3813615 -3.3801482 -3.366288  -3.3761377] | lr=1.00e-03
Saved best model to results/thesis_model_results/outputs/loss_comparison_mlp/MLP__kendall__minmax__seed42/mlp_state_dict_best.pt
Epoch 050 | train_loss=-1.0175e+01 | train_eval_loss=-1.0278e+01 | val_loss=-1.0276e+01 | log_vars=[-3.4539366 -3.4558322 -3.4497914 -3.4486847 -3.4340463 -3.4444888] | lr=1.00e-03
Saved best model to results/thesis_model_results/outputs/loss_comparison_mlp/MLP__kendall__minmax__seed42/mlp_state_dict_best.pt
Epoch 051 | train_loss=-1.0369e+01 | train_eval_loss=-1.0473e+01 | val_loss=-1.0472e+01 | log_vars=[-3.522563  -3.5244284 -3.5179896 -3.5172038 -3.5012724 -3.512548 ] | lr=1.00e-03
Saved best model to results/thesis_model_results/outputs/loss_comparison_mlp/MLP__kendall__minmax__seed42/mlp_state_dict_best.pt
Epoch 052 | train_loss=-1.0573e+01 | train_eval_loss=-1.0684e+01 | val_loss=-1.0682e+01 | log_vars=[-3.5913172 -3.593175  -3.586189  -3.5855262 -3.568543  -3.5806997] | lr=1.00e-03
Saved best model to results/thesis_model_results/outputs/loss_comparison_mlp/MLP__kendall__minmax__seed42/mlp_state_dict_best.pt
Epoch 053 | train_loss=-1.0769e+01 | train_eval_loss=-1.0879e+01 | val_loss=-1.0878e+01 | log_vars=[-3.6598558 -3.661738  -3.6543887 -3.653967  -3.6354506 -3.6487834] | lr=1.00e-03
Saved best model to results/thesis_model_results/outputs/loss_comparison_mlp/MLP__kendall__minmax__seed42/mlp_state_dict_best.pt
Epoch 054 | train_loss=-1.0975e+01 | train_eval_loss=-1.1070e+01 | val_loss=-1.1070e+01 | log_vars=[-3.7285376 -3.7304404 -3.722631  -3.722303  -3.7027001 -3.7167685] | lr=1.00e-03
Saved best model to results/thesis_model_results/outputs/loss_comparison_mlp/MLP__kendall__minmax__seed42/mlp_state_dict_best.pt
Epoch 055 | train_loss=-1.1164e+01 | train_eval_loss=-1.1277e+01 | val_loss=-1.1276e+01 | log_vars=[-3.7970576 -3.798954  -3.7905161 -3.7904654 -3.7691195 -3.7846394] | lr=1.00e-03
Saved best model to results/thesis_model_results/outputs/loss_comparison_mlp/MLP__kendall__minmax__seed42/mlp_state_dict_best.pt
Epoch 056 | train_loss=-1.1369e+01 | train_eval_loss=-1.1458e+01 | val_loss=-1.1458e+01 | log_vars=[-3.8657002 -3.867605  -3.8585634 -3.8587081 -3.8358052 -3.8524337] | lr=1.00e-03
Saved best model to results/thesis_model_results/outputs/loss_comparison_mlp/MLP__kendall__minmax__seed42/mlp_state_dict_best.pt
Epoch 057 | train_loss=-1.1558e+01 | train_eval_loss=-1.1680e+01 | val_loss=-1.1679e+01 | log_vars=[-3.9341764 -3.936068  -3.9263697 -3.92692   -3.9016225 -3.9201283] | lr=1.00e-03
Saved best model to results/thesis_model_results/outputs/loss_comparison_mlp/MLP__kendall__minmax__seed42/mlp_state_dict_best.pt
Epoch 058 | train_loss=-1.1763e+01 | train_eval_loss=-1.1868e+01 | val_loss=-1.1867e+01 | log_vars=[-4.00266   -4.004534  -3.99435   -3.995218  -3.967869  -3.9878986] | lr=1.00e-03
Saved best model to results/thesis_model_results/outputs/loss_comparison_mlp/MLP__kendall__minmax__seed42/mlp_state_dict_best.pt
Epoch 059 | train_loss=-1.1965e+01 | train_eval_loss=-1.2067e+01 | val_loss=-1.2067e+01 | log_vars=[-4.071217  -4.0730743 -4.06235   -4.0633836 -4.034015  -4.0555577] | lr=1.00e-03
Saved best model to results/thesis_model_results/outputs/loss_comparison_mlp/MLP__kendall__minmax__seed42/mlp_state_dict_best.pt
Epoch 060 | train_loss=-1.2156e+01 | train_eval_loss=-1.2268e+01 | val_loss=-1.2267e+01 | log_vars=[-4.1396017 -4.1414247 -4.1300335 -4.131553  -4.100132  -4.123088 ] | lr=1.00e-03
Saved best model to results/thesis_model_results/outputs/loss_comparison_mlp/MLP__kendall__minmax__seed42/mlp_state_dict_best.pt
Epoch 061 | train_loss=-1.2357e+01 | train_eval_loss=-1.2451e+01 | val_loss=-1.2450e+01 | log_vars=[-4.2080684 -4.209922  -4.1977873 -4.199638  -4.166034  -4.190706 ] | lr=1.00e-03
Saved best model to results/thesis_model_results/outputs/loss_comparison_mlp/MLP__kendall__minmax__seed42/mlp_state_dict_best.pt
Epoch 062 | train_loss=-1.2544e+01 | train_eval_loss=-1.2654e+01 | val_loss=-1.2651e+01 | log_vars=[-4.2763577 -4.278251  -4.2653017 -4.2675557 -4.23117   -4.258063 ] | lr=1.00e-03
Saved best model to results/thesis_model_results/outputs/loss_comparison_mlp/MLP__kendall__minmax__seed42/mlp_state_dict_best.pt
Epoch 063 | train_loss=-1.2732e+01 | train_eval_loss=-1.2847e+01 | val_loss=-1.2845e+01 | log_vars=[-4.3445344 -4.346423  -4.332434  -4.3353176 -4.2965727 -4.325129 ] | lr=1.00e-03
Saved best model to results/thesis_model_results/outputs/loss_comparison_mlp/MLP__kendall__minmax__seed42/mlp_state_dict_best.pt
Epoch 064 | train_loss=-1.2940e+01 | train_eval_loss=-1.2988e+01 | val_loss=-1.2985e+01 | log_vars=[-4.4130397 -4.4149146 -4.399945  -4.4030676 -4.362016  -4.392034 ] | lr=1.00e-03
Saved best model to results/thesis_model_results/outputs/loss_comparison_mlp/MLP__kendall__minmax__seed42/mlp_state_dict_best.pt
Epoch 065 | train_loss=-1.3125e+01 | train_eval_loss=-1.3189e+01 | val_loss=-1.3182e+01 | log_vars=[-4.4813976 -4.4832134 -4.467204  -4.470724  -4.4267044 -4.4589853] | lr=1.00e-03
Saved best model to results/thesis_model_results/outputs/loss_comparison_mlp/MLP__kendall__minmax__seed42/mlp_state_dict_best.pt
Epoch 066 | train_loss=-1.3302e+01 | train_eval_loss=-1.3424e+01 | val_loss=-1.3421e+01 | log_vars=[-4.549393  -4.5511622 -4.5339766 -4.538121  -4.490168  -4.5256395] | lr=1.00e-03
Saved best model to results/thesis_model_results/outputs/loss_comparison_mlp/MLP__kendall__minmax__seed42/mlp_state_dict_best.pt
Epoch 067 | train_loss=-1.3500e+01 | train_eval_loss=-1.3625e+01 | val_loss=-1.3621e+01 | log_vars=[-4.617416  -4.6190777 -4.6008234 -4.6056113 -4.553949  -4.592324 ] | lr=1.00e-03
Saved best model to results/thesis_model_results/outputs/loss_comparison_mlp/MLP__kendall__minmax__seed42/mlp_state_dict_best.pt
Epoch 068 | train_loss=-1.3699e+01 | train_eval_loss=-1.3764e+01 | val_loss=-1.3761e+01 | log_vars=[-4.6855545 -4.6871533 -4.667878  -4.673195  -4.6178856 -4.658805 ] | lr=1.00e-03
Saved best model to results/thesis_model_results/outputs/loss_comparison_mlp/MLP__kendall__minmax__seed42/mlp_state_dict_best.pt
Epoch 069 | train_loss=-1.3879e+01 | train_eval_loss=-1.3993e+01 | val_loss=-1.3986e+01 | log_vars=[-4.753626  -4.7552023 -4.734348  -4.740417  -4.6817017 -4.7249928] | lr=1.00e-03
Saved best model to results/thesis_model_results/outputs/loss_comparison_mlp/MLP__kendall__minmax__seed42/mlp_state_dict_best.pt
Epoch 070 | train_loss=-1.4069e+01 | train_eval_loss=-1.4150e+01 | val_loss=-1.4146e+01 | log_vars=[-4.8218007 -4.823377  -4.800701  -4.8076563 -4.7447314 -4.7911487] | lr=1.00e-03
Saved best model to results/thesis_model_results/outputs/loss_comparison_mlp/MLP__kendall__minmax__seed42/mlp_state_dict_best.pt
Epoch 071 | train_loss=-1.4232e+01 | train_eval_loss=-1.4372e+01 | val_loss=-1.4368e+01 | log_vars=[-4.8892856 -4.890968  -4.8667245 -4.874702  -4.805185  -4.8569775] | lr=1.00e-03
Saved best model to results/thesis_model_results/outputs/loss_comparison_mlp/MLP__kendall__minmax__seed42/mlp_state_dict_best.pt
Epoch 072 | train_loss=-1.4435e+01 | train_eval_loss=-1.4484e+01 | val_loss=-1.4482e+01 | log_vars=[-4.9572644 -4.95899   -4.9329815 -4.9413652 -4.8677588 -4.922808 ] | lr=1.00e-03
Saved best model to results/thesis_model_results/outputs/loss_comparison_mlp/MLP__kendall__minmax__seed42/mlp_state_dict_best.pt
Epoch 073 | train_loss=-1.4624e+01 | train_eval_loss=-1.4676e+01 | val_loss=-1.4674e+01 | log_vars=[-5.0251627 -5.026797  -4.999043  -5.008438  -4.9296827 -4.9880853] | lr=1.00e-03
Saved best model to results/thesis_model_results/outputs/loss_comparison_mlp/MLP__kendall__minmax__seed42/mlp_state_dict_best.pt
Epoch 074 | train_loss=-1.4773e+01 | train_eval_loss=-1.4892e+01 | val_loss=-1.4884e+01 | log_vars=[-5.0922766 -5.093799  -5.064449  -5.074768  -4.9896555 -5.0531435] | lr=1.00e-03
Saved best model to results/thesis_model_results/outputs/loss_comparison_mlp/MLP__kendall__minmax__seed42/mlp_state_dict_best.pt
Epoch 075 | train_loss=-1.4993e+01 | train_eval_loss=-1.5122e+01 | val_loss=-1.5113e+01 | log_vars=[-5.1600494 -5.161447  -5.130372  -5.1416802 -5.0511894 -5.118656 ] | lr=1.00e-03
Saved best model to results/thesis_model_results/outputs/loss_comparison_mlp/MLP__kendall__minmax__seed42/mlp_state_dict_best.pt
Epoch 076 | train_loss=-1.5164e+01 | train_eval_loss=-1.5254e+01 | val_loss=-1.5244e+01 | log_vars=[-5.2279673 -5.2293816 -5.195468  -5.2084413 -5.1123385 -5.1830935] | lr=1.00e-03
Saved best model to results/thesis_model_results/outputs/loss_comparison_mlp/MLP__kendall__minmax__seed42/mlp_state_dict_best.pt
Epoch 077 | train_loss=-1.5345e+01 | train_eval_loss=-1.5412e+01 | val_loss=-1.5406e+01 | log_vars=[-5.295534  -5.297047  -5.261001  -5.275269  -5.1721487 -5.2478356] | lr=1.00e-03
Saved best model to results/thesis_model_results/outputs/loss_comparison_mlp/MLP__kendall__minmax__seed42/mlp_state_dict_best.pt
Epoch 078 | train_loss=-1.5507e+01 | train_eval_loss=-1.5641e+01 | val_loss=-1.5631e+01 | log_vars=[-5.362433  -5.364249  -5.3259273 -5.3414674 -5.230858  -5.3119807] | lr=1.00e-03
Saved best model to results/thesis_model_results/outputs/loss_comparison_mlp/MLP__kendall__minmax__seed42/mlp_state_dict_best.pt
Epoch 079 | train_loss=-1.5684e+01 | train_eval_loss=-1.5802e+01 | val_loss=-1.5792e+01 | log_vars=[-5.4297667 -5.4314156 -5.390449  -5.4077272 -5.2897015 -5.37604  ] | lr=1.00e-03
Saved best model to results/thesis_model_results/outputs/loss_comparison_mlp/MLP__kendall__minmax__seed42/mlp_state_dict_best.pt
Epoch 080 | train_loss=-1.5864e+01 | train_eval_loss=-1.5924e+01 | val_loss=-1.5911e+01 | log_vars=[-5.4968643 -5.498465  -5.45512   -5.4734    -5.3481183 -5.439982 ] | lr=1.00e-03
Saved best model to results/thesis_model_results/outputs/loss_comparison_mlp/MLP__kendall__minmax__seed42/mlp_state_dict_best.pt
Epoch 081 | train_loss=-1.6035e+01 | train_eval_loss=-1.6072e+01 | val_loss=-1.6063e+01 | log_vars=[-5.563981  -5.5655737 -5.518903  -5.5389333 -5.40654   -5.5029387] | lr=1.00e-03
Saved best model to results/thesis_model_results/outputs/loss_comparison_mlp/MLP__kendall__minmax__seed42/mlp_state_dict_best.pt
Epoch 082 | train_loss=-1.6153e+01 | train_eval_loss=-1.6290e+01 | val_loss=-1.6276e+01 | log_vars=[-5.629205  -5.631059  -5.582368  -5.6042666 -5.4603767 -5.5656075] | lr=1.00e-03
Saved best model to results/thesis_model_results/outputs/loss_comparison_mlp/MLP__kendall__minmax__seed42/mlp_state_dict_best.pt
Epoch 083 | train_loss=-1.6384e+01 | train_eval_loss=-1.6440e+01 | val_loss=-1.6416e+01 | log_vars=[-5.6967316 -5.698434  -5.645837  -5.6693645 -5.5180483 -5.6281285] | lr=1.00e-03
Saved best model to results/thesis_model_results/outputs/loss_comparison_mlp/MLP__kendall__minmax__seed42/mlp_state_dict_best.pt
Epoch 084 | train_loss=-1.6513e+01 | train_eval_loss=-1.6601e+01 | val_loss=-1.6595e+01 | log_vars=[-5.7635436 -5.7653475 -5.7078857 -5.7344966 -5.573759  -5.6894035] | lr=1.00e-03
Saved best model to results/thesis_model_results/outputs/loss_comparison_mlp/MLP__kendall__minmax__seed42/mlp_state_dict_best.pt
Epoch 085 | train_loss=-1.6672e+01 | train_eval_loss=-1.6553e+01 | val_loss=-1.6543e+01 | log_vars=[-5.829754  -5.8316617 -5.770676  -5.7995577 -5.6284456 -5.751407 ] | lr=1.00e-03
Epoch 086 | train_loss=-1.6830e+01 | train_eval_loss=-1.6954e+01 | val_loss=-1.6940e+01 | log_vars=[-5.8944016 -5.8965054 -5.832478  -5.8642054 -5.679878  -5.8122287] | lr=1.00e-03
Saved best model to results/thesis_model_results/outputs/loss_comparison_mlp/MLP__kendall__minmax__seed42/mlp_state_dict_best.pt
Epoch 087 | train_loss=-1.6989e+01 | train_eval_loss=-1.7145e+01 | val_loss=-1.7124e+01 | log_vars=[-5.9603205 -5.9627852 -5.8944387 -5.9284005 -5.731734  -5.872611 ] | lr=1.00e-03
Saved best model to results/thesis_model_results/outputs/loss_comparison_mlp/MLP__kendall__minmax__seed42/mlp_state_dict_best.pt
Epoch 088 | train_loss=-1.7151e+01 | train_eval_loss=-1.7062e+01 | val_loss=-1.7068e+01 | log_vars=[-6.0269637 -6.0290284 -5.955956  -5.9927816 -5.783472  -5.93272  ] | lr=1.00e-03
Epoch 089 | train_loss=-1.7290e+01 | train_eval_loss=-1.7351e+01 | val_loss=-1.7331e+01 | log_vars=[-6.0926886 -6.094776  -6.016396  -6.055911  -5.8321285 -5.9917755] | lr=1.00e-03
Saved best model to results/thesis_model_results/outputs/loss_comparison_mlp/MLP__kendall__minmax__seed42/mlp_state_dict_best.pt
Epoch 090 | train_loss=-1.7451e+01 | train_eval_loss=-1.7579e+01 | val_loss=-1.7564e+01 | log_vars=[-6.1586385 -6.1606455 -6.076589  -6.11927   -5.8803854 -6.050484 ] | lr=1.00e-03
Saved best model to results/thesis_model_results/outputs/loss_comparison_mlp/MLP__kendall__minmax__seed42/mlp_state_dict_best.pt
Epoch 091 | train_loss=-1.7560e+01 | train_eval_loss=-1.7339e+01 | val_loss=-1.7329e+01 | log_vars=[-6.2236323 -6.225524  -6.135217  -6.181879  -5.928518  -6.108577 ] | lr=1.00e-03
Epoch 092 | train_loss=-1.7721e+01 | train_eval_loss=-1.7847e+01 | val_loss=-1.7816e+01 | log_vars=[-6.288468  -6.2904267 -6.192607  -6.2431536 -5.9758773 -6.164636 ] | lr=1.00e-03
Saved best model to results/thesis_model_results/outputs/loss_comparison_mlp/MLP__kendall__minmax__seed42/mlp_state_dict_best.pt
Epoch 093 | train_loss=-1.7865e+01 | train_eval_loss=-1.7786e+01 | val_loss=-1.7773e+01 | log_vars=[-6.353105  -6.3553677 -6.2512794 -6.3055453 -6.0224595 -6.2217846] | lr=1.00e-03
Epoch 094 | train_loss=-1.7872e+01 | train_eval_loss=-1.7873e+01 | val_loss=-1.7827e+01 | log_vars=[-6.414689  -6.417231  -6.306097  -6.3643017 -6.0580997 -6.274647 ] | lr=1.00e-03
Saved best model to results/thesis_model_results/outputs/loss_comparison_mlp/MLP__kendall__minmax__seed42/mlp_state_dict_best.pt
Epoch 095 | train_loss=-1.8056e+01 | train_eval_loss=-1.8308e+01 | val_loss=-1.8289e+01 | log_vars=[-6.4763103 -6.4784307 -6.363365  -6.426566  -6.0931244 -6.32923  ] | lr=1.00e-03
Saved best model to results/thesis_model_results/outputs/loss_comparison_mlp/MLP__kendall__minmax__seed42/mlp_state_dict_best.pt
Epoch 096 | train_loss=-1.8332e+01 | train_eval_loss=-1.8397e+01 | val_loss=-1.8359e+01 | log_vars=[-6.5423203 -6.5446677 -6.421383  -6.4885592 -6.139422  -6.38535  ] | lr=1.00e-03
Saved best model to results/thesis_model_results/outputs/loss_comparison_mlp/MLP__kendall__minmax__seed42/mlp_state_dict_best.pt
Epoch 097 | train_loss=-1.8493e+01 | train_eval_loss=-1.8485e+01 | val_loss=-1.8440e+01 | log_vars=[-6.608092  -6.6107802 -6.4796953 -6.5518336 -6.1866283 -6.4412766] | lr=1.00e-03
Saved best model to results/thesis_model_results/outputs/loss_comparison_mlp/MLP__kendall__minmax__seed42/mlp_state_dict_best.pt
Epoch 098 | train_loss=-1.8554e+01 | train_eval_loss=-1.8732e+01 | val_loss=-1.8701e+01 | log_vars=[-6.6723666 -6.6752596 -6.5338936 -6.613208  -6.227685  -6.4938993] | lr=1.00e-03
Saved best model to results/thesis_model_results/outputs/loss_comparison_mlp/MLP__kendall__minmax__seed42/mlp_state_dict_best.pt
Epoch 099 | train_loss=-1.8630e+01 | train_eval_loss=-1.8830e+01 | val_loss=-1.8785e+01 | log_vars=[-6.734057  -6.737733  -6.5894156 -6.6734247 -6.260179  -6.5461926] | lr=1.00e-03
Saved best model to results/thesis_model_results/outputs/loss_comparison_mlp/MLP__kendall__minmax__seed42/mlp_state_dict_best.pt
Epoch 100 | train_loss=-1.8753e+01 | train_eval_loss=-1.8785e+01 | val_loss=-1.8730e+01 | log_vars=[-6.794721  -6.798692  -6.6439342 -6.733243  -6.295723  -6.5987544] | lr=1.00e-03
Epoch 101 | train_loss=-1.8885e+01 | train_eval_loss=-1.9098e+01 | val_loss=-1.9063e+01 | log_vars=[-6.857146  -6.861728  -6.6964955 -6.7929573 -6.3280816 -6.6484747] | lr=1.00e-03
Saved best model to results/thesis_model_results/outputs/loss_comparison_mlp/MLP__kendall__minmax__seed42/mlp_state_dict_best.pt
Epoch 102 | train_loss=-1.9103e+01 | train_eval_loss=-1.8993e+01 | val_loss=-1.8945e+01 | log_vars=[-6.920883  -6.9258304 -6.750705  -6.8522367 -6.3676543 -6.698705 ] | lr=1.00e-03
Epoch 103 | train_loss=-1.9086e+01 | train_eval_loss=-1.8898e+01 | val_loss=-1.8879e+01 | log_vars=[-6.9834466 -6.9883184 -6.797965  -6.907849  -6.4019866 -6.7445507] | lr=1.00e-03
Epoch 104 | train_loss=-1.9201e+01 | train_eval_loss=-1.9113e+01 | val_loss=-1.9070e+01 | log_vars=[-7.0444365 -7.050247  -6.846526  -6.9644885 -6.429519  -6.7897544] | lr=1.00e-03
Saved best model to results/thesis_model_results/outputs/loss_comparison_mlp/MLP__kendall__minmax__seed42/mlp_state_dict_best.pt
Epoch 105 | train_loss=-1.9191e+01 | train_eval_loss=-1.9335e+01 | val_loss=-1.9303e+01 | log_vars=[-7.103292  -7.108841  -6.893623  -7.020329  -6.4453025 -6.8330927] | lr=1.00e-03
Saved best model to results/thesis_model_results/outputs/loss_comparison_mlp/MLP__kendall__minmax__seed42/mlp_state_dict_best.pt
Epoch 106 | train_loss=-1.9439e+01 | train_eval_loss=-1.9353e+01 | val_loss=-1.9289e+01 | log_vars=[-7.1634088 -7.169395  -6.9413185 -7.0766687 -6.4652915 -6.8786874] | lr=1.00e-03
Epoch 107 | train_loss=-1.9570e+01 | train_eval_loss=-1.9714e+01 | val_loss=-1.9653e+01 | log_vars=[-7.22314   -7.2300696 -6.990963  -7.132915  -6.4951334 -6.921445 ] | lr=1.00e-03
Saved best model to results/thesis_model_results/outputs/loss_comparison_mlp/MLP__kendall__minmax__seed42/mlp_state_dict_best.pt
Epoch 108 | train_loss=-1.9705e+01 | train_eval_loss=-1.9626e+01 | val_loss=-1.9565e+01 | log_vars=[-7.284309  -7.2915435 -7.037634  -7.187873  -6.531425  -6.965127 ] | lr=1.00e-03
Epoch 109 | train_loss=-1.9685e+01 | train_eval_loss=-1.9639e+01 | val_loss=-1.9576e+01 | log_vars=[-7.3404922 -7.348546  -7.081119  -7.242865  -6.5533147 -7.003664 ] | lr=1.00e-03
Epoch 110 | train_loss=-1.9598e+01 | train_eval_loss=-1.9783e+01 | val_loss=-1.9726e+01 | log_vars=[-7.3913493 -7.4018097 -7.119455  -7.295418  -6.5588346 -7.040322 ] | lr=1.00e-03
Saved best model to results/thesis_model_results/outputs/loss_comparison_mlp/MLP__kendall__minmax__seed42/mlp_state_dict_best.pt
Epoch 111 | train_loss=-1.9879e+01 | train_eval_loss=-1.9828e+01 | val_loss=-1.9764e+01 | log_vars=[-7.4493904 -7.462035  -7.157739  -7.3456383 -6.580502  -7.076336 ] | lr=1.00e-03
Saved best model to results/thesis_model_results/outputs/loss_comparison_mlp/MLP__kendall__minmax__seed42/mlp_state_dict_best.pt
Epoch 112 | train_loss=-1.9911e+01 | train_eval_loss=-2.0201e+01 | val_loss=-2.0123e+01 | log_vars=[-7.50542   -7.518726  -7.1972647 -7.394426  -6.5950646 -7.1110716] | lr=1.00e-03
Saved best model to results/thesis_model_results/outputs/loss_comparison_mlp/MLP__kendall__minmax__seed42/mlp_state_dict_best.pt
Epoch 113 | train_loss=-2.0099e+01 | train_eval_loss=-1.9657e+01 | val_loss=-1.9566e+01 | log_vars=[-7.564182  -7.578035  -7.2391157 -7.4457545 -6.6204076 -7.1470213] | lr=1.00e-03
Epoch 114 | train_loss=-2.0043e+01 | train_eval_loss=-2.0322e+01 | val_loss=-2.0229e+01 | log_vars=[-7.6174607 -7.6323657 -7.276298  -7.4943585 -6.625895  -7.179625 ] | lr=1.00e-03
Saved best model to results/thesis_model_results/outputs/loss_comparison_mlp/MLP__kendall__minmax__seed42/mlp_state_dict_best.pt
Epoch 115 | train_loss=-2.0233e+01 | train_eval_loss=-1.9936e+01 | val_loss=-1.9874e+01 | log_vars=[-7.6735067 -7.689785  -7.315645  -7.5457144 -6.6459875 -7.211401 ] | lr=1.00e-03
Epoch 116 | train_loss=-2.0234e+01 | train_eval_loss=-2.0404e+01 | val_loss=-2.0303e+01 | log_vars=[-7.7283645 -7.7455883 -7.348863  -7.5905585 -6.6586637 -7.240757 ] | lr=1.00e-03
Saved best model to results/thesis_model_results/outputs/loss_comparison_mlp/MLP__kendall__minmax__seed42/mlp_state_dict_best.pt
Epoch 117 | train_loss=-2.0257e+01 | train_eval_loss=-2.0412e+01 | val_loss=-2.0330e+01 | log_vars=[-7.7816405 -7.799218  -7.381662  -7.63043   -6.6664596 -7.266213 ] | lr=1.00e-03
Saved best model to results/thesis_model_results/outputs/loss_comparison_mlp/MLP__kendall__minmax__seed42/mlp_state_dict_best.pt
Epoch 118 | train_loss=-2.0404e+01 | train_eval_loss=-2.0523e+01 | val_loss=-2.0442e+01 | log_vars=[-7.834302  -7.8537803 -7.413884  -7.6810703 -6.6746454 -7.2869964] | lr=1.00e-03
Saved best model to results/thesis_model_results/outputs/loss_comparison_mlp/MLP__kendall__minmax__seed42/mlp_state_dict_best.pt
Epoch 119 | train_loss=-2.0500e+01 | train_eval_loss=-2.0647e+01 | val_loss=-2.0554e+01 | log_vars=[-7.8879094 -7.908778  -7.448046  -7.723884  -6.698623  -7.309767 ] | lr=1.00e-03
Saved best model to results/thesis_model_results/outputs/loss_comparison_mlp/MLP__kendall__minmax__seed42/mlp_state_dict_best.pt
Epoch 120 | train_loss=-2.0268e+01 | train_eval_loss=-2.0575e+01 | val_loss=-2.0474e+01 | log_vars=[-7.933426  -7.956996  -7.4691305 -7.7522206 -6.688611  -7.327335 ] | lr=1.00e-03
Epoch 121 | train_loss=-2.0610e+01 | train_eval_loss=-2.0731e+01 | val_loss=-2.0636e+01 | log_vars=[-7.982006  -8.008575  -7.4999337 -7.797208  -6.705535  -7.351007 ] | lr=1.00e-03
Saved best model to results/thesis_model_results/outputs/loss_comparison_mlp/MLP__kendall__minmax__seed42/mlp_state_dict_best.pt
Epoch 122 | train_loss=-2.0526e+01 | train_eval_loss=-2.0506e+01 | val_loss=-2.0414e+01 | log_vars=[-8.0277    -8.056946  -7.5249033 -7.836595  -6.7183423 -7.3721066] | lr=1.00e-03
Epoch 123 | train_loss=-2.0708e+01 | train_eval_loss=-1.9625e+01 | val_loss=-1.9551e+01 | log_vars=[-8.072178  -8.104089  -7.5491776 -7.878439  -6.732502  -7.393363 ] | lr=1.00e-03
Epoch 124 | train_loss=-2.0530e+01 | train_eval_loss=-2.0833e+01 | val_loss=-2.0717e+01 | log_vars=[-8.109152  -8.14248   -7.5693154 -7.911702  -6.73923   -7.405761 ] | lr=1.00e-03
Saved best model to results/thesis_model_results/outputs/loss_comparison_mlp/MLP__kendall__minmax__seed42/mlp_state_dict_best.pt
Epoch 125 | train_loss=-2.0745e+01 | train_eval_loss=-2.0861e+01 | val_loss=-2.0747e+01 | log_vars=[-8.153392  -8.189216  -7.591866  -7.9517612 -6.7516413 -7.4225183] | lr=1.00e-03
Saved best model to results/thesis_model_results/outputs/loss_comparison_mlp/MLP__kendall__minmax__seed42/mlp_state_dict_best.pt
Epoch 126 | train_loss=-2.0880e+01 | train_eval_loss=-2.1003e+01 | val_loss=-2.0877e+01 | log_vars=[-8.200478  -8.239005  -7.6129146 -7.9906564 -6.759697  -7.4434114] | lr=1.00e-03
Saved best model to results/thesis_model_results/outputs/loss_comparison_mlp/MLP__kendall__minmax__seed42/mlp_state_dict_best.pt
Epoch 127 | train_loss=-2.0911e+01 | train_eval_loss=-2.0943e+01 | val_loss=-2.0836e+01 | log_vars=[-8.246221  -8.288453  -7.633293  -8.020488  -6.7792263 -7.461548 ] | lr=1.00e-03
Epoch 128 | train_loss=-2.0858e+01 | train_eval_loss=-2.0691e+01 | val_loss=-2.0609e+01 | log_vars=[-8.286065  -8.330915  -7.65149   -8.054695  -6.786805  -7.4693613] | lr=1.00e-03
Epoch 129 | train_loss=-2.0729e+01 | train_eval_loss=-2.0584e+01 | val_loss=-2.0489e+01 | log_vars=[-8.311883  -8.361554  -7.6640553 -8.081514  -6.770454  -7.484505 ] | lr=1.00e-03
Epoch 130 | train_loss=-2.0934e+01 | train_eval_loss=-2.1239e+01 | val_loss=-2.1119e+01 | log_vars=[-8.349154  -8.401789  -7.682654  -8.109096  -6.7759376 -7.494239 ] | lr=1.00e-03
Saved best model to results/thesis_model_results/outputs/loss_comparison_mlp/MLP__kendall__minmax__seed42/mlp_state_dict_best.pt
Epoch 131 | train_loss=-2.0936e+01 | train_eval_loss=-2.0170e+01 | val_loss=-2.0132e+01 | log_vars=[-8.387932  -8.447836  -7.7002053 -8.131264  -6.7826867 -7.506828 ] | lr=1.00e-03
Epoch 132 | train_loss=-2.0996e+01 | train_eval_loss=-2.1063e+01 | val_loss=-2.0953e+01 | log_vars=[-8.417061  -8.48153   -7.713198  -8.1649885 -6.780843  -7.5086946] | lr=1.00e-03
Epoch 133 | train_loss=-2.1076e+01 | train_eval_loss=-2.1094e+01 | val_loss=-2.0943e+01 | log_vars=[-8.447524  -8.518654  -7.733213  -8.197199  -6.7926636 -7.523761 ] | lr=1.00e-03
Epoch 134 | train_loss=-2.1121e+01 | train_eval_loss=-2.0762e+01 | val_loss=-2.0601e+01 | log_vars=[-8.48386   -8.56001   -7.7426896 -8.22267   -6.801374  -7.535327 ] | lr=1.00e-03
Epoch 135 | train_loss=-2.1144e+01 | train_eval_loss=-2.1203e+01 | val_loss=-2.1037e+01 | log_vars=[-8.51077   -8.593163  -7.7616057 -8.25131   -6.80461   -7.546378 ] | lr=1.00e-03
Epoch 136 | train_loss=-2.1232e+01 | train_eval_loss=-2.1324e+01 | val_loss=-2.1117e+01 | log_vars=[-8.544683  -8.632063  -7.7768755 -8.282497  -6.816241  -7.555195 ] | lr=1.00e-03
Epoch 137 | train_loss=-2.1163e+01 | train_eval_loss=-2.0842e+01 | val_loss=-2.0712e+01 | log_vars=[-8.571952  -8.662807  -7.7879972 -8.300901  -6.823333  -7.5624228] | lr=1.00e-03
Epoch 138 | train_loss=-2.1116e+01 | train_eval_loss=-2.1269e+01 | val_loss=-2.1135e+01 | log_vars=[-8.600146  -8.698327  -7.7812104 -8.31349   -6.8090086 -7.5623393] | lr=1.00e-03
Saved best model to results/thesis_model_results/outputs/loss_comparison_mlp/MLP__kendall__minmax__seed42/mlp_state_dict_best.pt
Epoch 139 | train_loss=-2.1252e+01 | train_eval_loss=-2.1308e+01 | val_loss=-2.1130e+01 | log_vars=[-8.618935 -8.723856 -7.795518 -8.345873 -6.809749 -7.570482] | lr=1.00e-03
Epoch 140 | train_loss=-2.1264e+01 | train_eval_loss=-2.1089e+01 | val_loss=-2.0953e+01 | log_vars=[-8.643448  -8.756798  -7.8060546 -8.375     -6.8153553 -7.5731945] | lr=1.00e-03
Epoch 141 | train_loss=-2.1223e+01 | train_eval_loss=-2.0416e+01 | val_loss=-2.0307e+01 | log_vars=[-8.66448   -8.788458  -7.813205  -8.389093  -6.819696  -7.5742106] | lr=1.00e-03
Epoch 142 | train_loss=-2.1200e+01 | train_eval_loss=-2.1488e+01 | val_loss=-2.1338e+01 | log_vars=[-8.674194  -8.804376  -7.810166  -8.401125  -6.8165665 -7.58257  ] | lr=1.00e-03
Saved best model to results/thesis_model_results/outputs/loss_comparison_mlp/MLP__kendall__minmax__seed42/mlp_state_dict_best.pt
Epoch 143 | train_loss=-2.1296e+01 | train_eval_loss=-2.1254e+01 | val_loss=-2.1081e+01 | log_vars=[-8.691645  -8.832588  -7.8085938 -8.421621  -6.817554  -7.5889244] | lr=1.00e-03
Epoch 144 | train_loss=-2.1191e+01 | train_eval_loss=-2.1146e+01 | val_loss=-2.0953e+01 | log_vars=[-8.712343  -8.859914  -7.8154583 -8.412995  -6.818014  -7.5787015] | lr=1.00e-03
Epoch 145 | train_loss=-2.0867e+01 | train_eval_loss=-2.1286e+01 | val_loss=-2.1123e+01 | log_vars=[-8.690473  -8.843626  -7.816472  -8.422245  -6.8030343 -7.569307 ] | lr=1.00e-03
Epoch 146 | train_loss=-2.1388e+01 | train_eval_loss=-2.1476e+01 | val_loss=-2.1297e+01 | log_vars=[-8.701421  -8.860593  -7.8223324 -8.436592  -6.801375  -7.574404 ] | lr=1.00e-03
Epoch 147 | train_loss=-2.1453e+01 | train_eval_loss=-2.0959e+01 | val_loss=-2.0874e+01 | log_vars=[-8.726066  -8.8961735 -7.8369207 -8.462249  -6.8222423 -7.587689 ] | lr=1.00e-03
Epoch 148 | train_loss=-2.1318e+01 | train_eval_loss=-2.1645e+01 | val_loss=-2.1435e+01 | log_vars=[-8.735958  -8.9098015 -7.832806  -8.474416  -6.830625  -7.588305 ] | lr=1.00e-03
Saved best model to results/thesis_model_results/outputs/loss_comparison_mlp/MLP__kendall__minmax__seed42/mlp_state_dict_best.pt
Epoch 149 | train_loss=-2.1568e+01 | train_eval_loss=-2.1262e+01 | val_loss=-2.1104e+01 | log_vars=[-8.760898  -8.946815  -7.844737  -8.502444  -6.8375597 -7.5975213] | lr=1.00e-03
Epoch 150 | train_loss=-2.1491e+01 | train_eval_loss=-2.0551e+01 | val_loss=-2.0404e+01 | log_vars=[-8.782211  -8.975174  -7.8468113 -8.517883  -6.845073  -7.605767 ] | lr=1.00e-03
Epoch 151 | train_loss=-2.1455e+01 | train_eval_loss=-2.1173e+01 | val_loss=-2.1035e+01 | log_vars=[-8.788256 -8.985791 -7.865544 -8.537009 -6.842623 -7.614407] | lr=1.00e-03
Epoch 152 | train_loss=-2.1597e+01 | train_eval_loss=-2.1650e+01 | val_loss=-2.1463e+01 | log_vars=[-8.807108 -9.016013 -7.868927 -8.560691 -6.840558 -7.622039] | lr=1.00e-03
Saved best model to results/thesis_model_results/outputs/loss_comparison_mlp/MLP__kendall__minmax__seed42/mlp_state_dict_best.pt
Epoch 153 | train_loss=-2.1500e+01 | train_eval_loss=-2.1643e+01 | val_loss=-2.1466e+01 | log_vars=[-8.821606  -9.039797  -7.8756123 -8.569136  -6.8348846 -7.620933 ] | lr=1.00e-03
Saved best model to results/thesis_model_results/outputs/loss_comparison_mlp/MLP__kendall__minmax__seed42/mlp_state_dict_best.pt
Epoch 154 | train_loss=-2.1338e+01 | train_eval_loss=-2.0568e+01 | val_loss=-2.0428e+01 | log_vars=[-8.820101  -9.046823  -7.8653464 -8.574459  -6.819793  -7.6202583] | lr=1.00e-03
Epoch 155 | train_loss=-2.1322e+01 | train_eval_loss=-1.9894e+01 | val_loss=-1.9685e+01 | log_vars=[-8.819081  -9.054612  -7.8534083 -8.569426  -6.8006687 -7.6172185] | lr=1.00e-03
Epoch 156 | train_loss=-2.1326e+01 | train_eval_loss=-2.1550e+01 | val_loss=-2.1362e+01 | log_vars=[-8.828239 -9.069139 -7.825284 -8.566995 -6.791918 -7.612264] | lr=1.00e-03
Epoch 157 | train_loss=-2.1527e+01 | train_eval_loss=-2.1640e+01 | val_loss=-2.1477e+01 | log_vars=[-8.847254  -9.096776  -7.8277135 -8.557699  -6.7967167 -7.617458 ] | lr=1.00e-03
Saved best model to results/thesis_model_results/outputs/loss_comparison_mlp/MLP__kendall__minmax__seed42/mlp_state_dict_best.pt
Epoch 158 | train_loss=-2.1641e+01 | train_eval_loss=-2.1455e+01 | val_loss=-2.1249e+01 | log_vars=[-8.858     -9.115694  -7.8501596 -8.58432   -6.8025117 -7.6320486] | lr=1.00e-03
Epoch 159 | train_loss=-2.1693e+01 | train_eval_loss=-2.1093e+01 | val_loss=-2.0861e+01 | log_vars=[-8.874871  -9.143346  -7.86026   -8.614686  -6.8099766 -7.637305 ] | lr=1.00e-03
Epoch 160 | train_loss=-2.1715e+01 | train_eval_loss=-2.1444e+01 | val_loss=-2.1225e+01 | log_vars=[-8.889224  -9.170059  -7.868573  -8.6464205 -6.824586  -7.639007 ] | lr=1.00e-03
Epoch 161 | train_loss=-2.1429e+01 | train_eval_loss=-2.1359e+01 | val_loss=-2.1239e+01 | log_vars=[-8.891186  -9.192758  -7.854183  -8.609081  -6.8177214 -7.6420965] | lr=1.00e-03
Epoch 162 | train_loss=-2.1678e+01 | train_eval_loss=-1.9260e+01 | val_loss=-1.9146e+01 | log_vars=[-8.899814 -9.220937 -7.85342  -8.628632 -6.81979  -7.644099] | lr=1.00e-03
Epoch 163 | train_loss=-2.0878e+01 | train_eval_loss=-2.1390e+01 | val_loss=-2.1207e+01 | log_vars=[-8.882481  -9.210717  -7.8142767 -8.525667  -6.795183  -7.623824 ] | lr=1.00e-03
Epoch 164 | train_loss=-2.1592e+01 | train_eval_loss=-2.1975e+01 | val_loss=-2.1788e+01 | log_vars=[-8.895437 -9.235113 -7.831833 -8.521265 -6.800193 -7.631925] | lr=1.00e-03
Saved best model to results/thesis_model_results/outputs/loss_comparison_mlp/MLP__kendall__minmax__seed42/mlp_state_dict_best.pt
Epoch 165 | train_loss=-2.1785e+01 | train_eval_loss=-2.1979e+01 | val_loss=-2.1796e+01 | log_vars=[-8.909854  -9.261301  -7.849446  -8.551976  -6.8126307 -7.6466665] | lr=1.00e-03
Saved best model to results/thesis_model_results/outputs/loss_comparison_mlp/MLP__kendall__minmax__seed42/mlp_state_dict_best.pt
Epoch 166 | train_loss=-2.1435e+01 | train_eval_loss=-2.1714e+01 | val_loss=-2.1470e+01 | log_vars=[-8.873237  -9.222827  -7.8714843 -8.576847  -6.8024864 -7.6609488] | lr=1.00e-03
Epoch 167 | train_loss=-2.1737e+01 | train_eval_loss=-2.1815e+01 | val_loss=-2.1625e+01 | log_vars=[-8.89262   -9.2528715 -7.871743  -8.59349   -6.8181334 -7.651797 ] | lr=1.00e-03
Epoch 168 | train_loss=-2.1653e+01 | train_eval_loss=-2.1786e+01 | val_loss=-2.1572e+01 | log_vars=[-8.8973    -9.270847  -7.869624  -8.599512  -6.8209476 -7.6550097] | lr=1.00e-03
Epoch 169 | train_loss=-2.1916e+01 | train_eval_loss=-2.1036e+01 | val_loss=-2.0810e+01 | log_vars=[-8.923766 -9.310461 -7.898458 -8.62184  -6.831797 -7.664216] | lr=1.00e-03
Epoch 170 | train_loss=-2.1188e+01 | train_eval_loss=-2.1656e+01 | val_loss=-2.1460e+01 | log_vars=[-8.887395  -9.276162  -7.8881907 -8.589336  -6.800334  -7.665837 ] | lr=1.00e-03
Epoch 171 | train_loss=-2.1817e+01 | train_eval_loss=-2.1928e+01 | val_loss=-2.1667e+01 | log_vars=[-8.901868  -9.2972355 -7.895672  -8.609189  -6.802147  -7.6707   ] | lr=1.00e-03
Epoch 172 | train_loss=-2.1621e+01 | train_eval_loss=-2.1574e+01 | val_loss=-2.1436e+01 | log_vars=[-8.905231  -9.309261  -7.8938775 -8.629509  -6.8002753 -7.6715984] | lr=1.00e-03
Epoch 173 | train_loss=-2.1532e+01 | train_eval_loss=-2.1996e+01 | val_loss=-2.1785e+01 | log_vars=[-8.879979  -9.277735  -7.8880844 -8.643881  -6.7848334 -7.668984 ] | lr=1.00e-03
Epoch 174 | train_loss=-2.1752e+01 | train_eval_loss=-2.1999e+01 | val_loss=-2.1800e+01 | log_vars=[-8.88045   -9.287652  -7.9065948 -8.66955   -6.789748  -7.673521 ] | lr=1.00e-03
Saved best model to results/thesis_model_results/outputs/loss_comparison_mlp/MLP__kendall__minmax__seed42/mlp_state_dict_best.pt
Epoch 175 | train_loss=-2.1924e+01 | train_eval_loss=-2.0955e+01 | val_loss=-2.0723e+01 | log_vars=[-8.906953  -9.32595   -7.9282055 -8.696489  -6.8095913 -7.677871 ] | lr=1.00e-03
Epoch 176 | train_loss=-2.1685e+01 | train_eval_loss=-2.1981e+01 | val_loss=-2.1686e+01 | log_vars=[-8.913815  -9.339064  -7.912317  -8.685855  -6.801958  -7.6844707] | lr=1.00e-03
Epoch 177 | train_loss=-2.1646e+01 | train_eval_loss=-2.2076e+01 | val_loss=-2.1866e+01 | log_vars=[-8.9186125 -9.346214  -7.9113708 -8.680372  -6.8027387 -7.6819177] | lr=1.00e-03
Saved best model to results/thesis_model_results/outputs/loss_comparison_mlp/MLP__kendall__minmax__seed42/mlp_state_dict_best.pt
Epoch 178 | train_loss=-2.1950e+01 | train_eval_loss=-2.1993e+01 | val_loss=-2.1780e+01 | log_vars=[-8.935841  -9.374409  -7.9201546 -8.693044  -6.822564  -7.691297 ] | lr=1.00e-03
Epoch 179 | train_loss=-2.1998e+01 | train_eval_loss=-2.0691e+01 | val_loss=-2.0417e+01 | log_vars=[-8.959439 -9.413373 -7.932829 -8.715299 -6.837245 -7.700583] | lr=1.00e-03
Epoch 180 | train_loss=-2.1756e+01 | train_eval_loss=-2.1769e+01 | val_loss=-2.1534e+01 | log_vars=[-8.959505  -9.4288025 -7.9193687 -8.702376  -6.825989  -7.689559 ] | lr=1.00e-03
Epoch 181 | train_loss=-2.1783e+01 | train_eval_loss=-2.1656e+01 | val_loss=-2.1379e+01 | log_vars=[-8.966168  -9.43636   -7.922301  -8.707953  -6.824473  -7.6761913] | lr=1.00e-03
Epoch 182 | train_loss=-2.2007e+01 | train_eval_loss=-2.0822e+01 | val_loss=-2.0627e+01 | log_vars=[-8.983146  -9.467521  -7.935344  -8.725694  -6.835469  -7.6891108] | lr=1.00e-03
Epoch 183 | train_loss=-2.1801e+01 | train_eval_loss=-2.2039e+01 | val_loss=-2.1693e+01 | log_vars=[-8.971588  -9.453323  -7.9303856 -8.741932  -6.832467  -7.6949286] | lr=1.00e-03
Epoch 184 | train_loss=-2.1917e+01 | train_eval_loss=-2.1706e+01 | val_loss=-2.1455e+01 | log_vars=[-8.977558 -9.476791 -7.933067 -8.74182  -6.846862 -7.703227] | lr=1.00e-03
Epoch 185 | train_loss=-2.1831e+01 | train_eval_loss=-2.2009e+01 | val_loss=-2.1801e+01 | log_vars=[-8.967848  -9.478372  -7.9238167 -8.749406  -6.833137  -7.6916475] | lr=1.00e-03
Epoch 186 | train_loss=-2.1724e+01 | train_eval_loss=-2.1168e+01 | val_loss=-2.0909e+01 | log_vars=[-8.952943 -9.457607 -7.933687 -8.751988 -6.832344 -7.692866] | lr=1.00e-03
Epoch 187 | train_loss=-2.2318e+01 | train_eval_loss=-2.2398e+01 | val_loss=-2.2119e+01 | log_vars=[-8.9673815 -9.4769945 -7.951043  -8.770466  -6.847403  -7.7031965] | lr=5.00e-04
Saved best model to results/thesis_model_results/outputs/loss_comparison_mlp/MLP__kendall__minmax__seed42/mlp_state_dict_best.pt
Epoch 188 | train_loss=-2.2430e+01 | train_eval_loss=-2.2399e+01 | val_loss=-2.2074e+01 | log_vars=[-8.987998  -9.50144   -7.971942  -8.796058  -6.867098  -7.7183666] | lr=5.00e-04
Epoch 189 | train_loss=-2.2479e+01 | train_eval_loss=-2.2328e+01 | val_loss=-2.2089e+01 | log_vars=[-9.00662   -9.526618  -7.9872875 -8.822716  -6.886149  -7.733034 ] | lr=5.00e-04
Epoch 190 | train_loss=-2.2493e+01 | train_eval_loss=-2.2314e+01 | val_loss=-2.1957e+01 | log_vars=[-9.019968  -9.550085  -8.003732  -8.84874   -6.901587  -7.7463617] | lr=5.00e-04
Epoch 191 | train_loss=-2.2429e+01 | train_eval_loss=-2.2663e+01 | val_loss=-2.2299e+01 | log_vars=[-9.035418  -9.568465  -8.017317  -8.865074  -6.9170156 -7.755171 ] | lr=5.00e-04
Saved best model to results/thesis_model_results/outputs/loss_comparison_mlp/MLP__kendall__minmax__seed42/mlp_state_dict_best.pt
Epoch 192 | train_loss=-2.2556e+01 | train_eval_loss=-2.2664e+01 | val_loss=-2.2308e+01 | log_vars=[-9.052193  -9.595288  -8.031876  -8.8875265 -6.9265146 -7.764693 ] | lr=5.00e-04
Saved best model to results/thesis_model_results/outputs/loss_comparison_mlp/MLP__kendall__minmax__seed42/mlp_state_dict_best.pt
Epoch 193 | train_loss=-2.2525e+01 | train_eval_loss=-2.2550e+01 | val_loss=-2.2237e+01 | log_vars=[-9.064683  -9.617513  -8.043287  -8.905196  -6.9383793 -7.77622  ] | lr=5.00e-04
Epoch 194 | train_loss=-2.2544e+01 | train_eval_loss=-2.2579e+01 | val_loss=-2.2246e+01 | log_vars=[-9.077798 -9.640719 -8.049495 -8.924179 -6.951447 -7.782979] | lr=5.00e-04
Epoch 195 | train_loss=-2.2565e+01 | train_eval_loss=-2.2619e+01 | val_loss=-2.2271e+01 | log_vars=[-9.089523  -9.664251  -8.052682  -8.943222  -6.9560437 -7.791018 ] | lr=5.00e-04
Epoch 196 | train_loss=-2.2498e+01 | train_eval_loss=-2.2470e+01 | val_loss=-2.2070e+01 | log_vars=[-9.099802 -9.683778 -8.055485 -8.953551 -6.961518 -7.796667] | lr=5.00e-04
Epoch 197 | train_loss=-2.2461e+01 | train_eval_loss=-2.2595e+01 | val_loss=-2.2257e+01 | log_vars=[-9.101625  -9.702719  -8.056947  -8.957553  -6.9680247 -7.802886 ] | lr=5.00e-04
Epoch 198 | train_loss=-2.2480e+01 | train_eval_loss=-2.2620e+01 | val_loss=-2.2300e+01 | log_vars=[-9.106944  -9.716973  -8.057178  -8.968695  -6.97451   -7.8093176] | lr=5.00e-04
Epoch 199 | train_loss=-2.2528e+01 | train_eval_loss=-2.2249e+01 | val_loss=-2.1873e+01 | log_vars=[-9.109783  -9.729601  -8.061246  -8.9823675 -6.9786286 -7.8127027] | lr=5.00e-04
Epoch 200 | train_loss=-2.2515e+01 | train_eval_loss=-2.2731e+01 | val_loss=-2.2342e+01 | log_vars=[-9.112346  -9.746336  -8.059654  -8.988107  -6.9851065 -7.81949  ] | lr=5.00e-04
Saved best model to results/thesis_model_results/outputs/loss_comparison_mlp/MLP__kendall__minmax__seed42/mlp_state_dict_best.pt
Saved training logs to results/thesis_model_results/outputs/loss_comparison_mlp/MLP__kendall__minmax__seed42/training_summary.txt
Test RMSE(rocof_COI) = 0.0135 | norm: 0.0103 | real_diff: 0.0093
Test RMSE(dev_COI) = 0.0186 | norm: 0.0069 | real_diff: 0.0097
Test RMSE(Delta_P_IBR_1) = 0.1196 | norm: 0.0189 | real_diff: 0.0752
Test RMSE(Delta_P_IBR_2) = 0.0927 | norm: 0.0129 | real_diff: 0.0528
Test RMSE(Delta_P_IBR_3) = 0.1923 | norm: 0.0338 | real_diff: 0.1017
Test RMSE(Delta_P_IBR_4) = 0.1882 | norm: 0.0194 | real_diff: 0.1228
Saved RMSE results to results/thesis_model_results/outputs/loss_comparison_mlp/MLP__kendall__minmax__seed42/rmse_results.txt
Saved detailed metrics to results/thesis_model_results/outputs/loss_comparison_mlp/MLP__kendall__minmax__seed42/metrics_by_target.csv
Saved aggregate metrics to results/thesis_model_results/outputs/loss_comparison_mlp/MLP__kendall__minmax__seed42/metrics_summary.json
Saved loss curves to results/thesis_model_results/outputs/loss_comparison_mlp/MLP__kendall__minmax__seed42/loss_curve.png
Saved scatter plot results/thesis_model_results/outputs/loss_comparison_mlp/MLP__kendall__minmax__seed42/scatter_rocof_COI.png
Saved scatter plot results/thesis_model_results/outputs/loss_comparison_mlp/MLP__kendall__minmax__seed42/scatter_dev_COI.png
Saved scatter plot results/thesis_model_results/outputs/loss_comparison_mlp/MLP__kendall__minmax__seed42/scatter_Delta_P_IBR_1.png
Saved scatter plot results/thesis_model_results/outputs/loss_comparison_mlp/MLP__kendall__minmax__seed42/scatter_Delta_P_IBR_2.png
Saved scatter plot results/thesis_model_results/outputs/loss_comparison_mlp/MLP__kendall__minmax__seed42/scatter_Delta_P_IBR_3.png
Saved scatter plot results/thesis_model_results/outputs/loss_comparison_mlp/MLP__kendall__minmax__seed42/scatter_Delta_P_IBR_4.png
Saved model to results/thesis_model_results/outputs/loss_comparison_mlp/MLP__kendall__minmax__seed42/mlp_state_dict.pt
Loss type: mse | weights=[]
Target stats (scaled):
train mean=[0.549  0.589  0.492  0.4884 0.4785 0.4192]
train std=[0.1365 0.1371 0.1141 0.1063 0.1158 0.1138]
train q05=[0.3074 0.3979 0.3192 0.303  0.3347 0.2205]
train q95=[0.7933 0.8652 0.6719 0.6491 0.6927 0.6016]
val mean=[0.5473 0.5873 0.4922 0.4893 0.4798 0.4201]
val std=[0.1343 0.1348 0.1123 0.1072 0.1141 0.1112]
val q05=[0.3103 0.3982 0.3195 0.303  0.3376 0.2251]
val q95=[0.7886 0.8626 0.6731 0.6514 0.6918 0.5984]
val/train std ratio=[0.984  0.9828 0.9844 1.0084 0.9848 0.9772]
LR scheduler: ReduceLROnPlateau (factor=0.5, patience=8, min_lr=1e-07)
Epoch 001 | train_loss=2.7848e-02 | train_eval_loss=1.4016e-02 | val_loss=1.3638e-02 | | lr=1.00e-03
Saved best model to results/thesis_model_results/outputs/loss_comparison_mtlsh/MTLSH__mse__minmax__seed42/mtlsh_state_dict_best.pt
Epoch 002 | train_loss=1.1869e-02 | train_eval_loss=6.6298e-03 | val_loss=6.4836e-03 | | lr=1.00e-03
Saved best model to results/thesis_model_results/outputs/loss_comparison_mtlsh/MTLSH__mse__minmax__seed42/mtlsh_state_dict_best.pt
Epoch 003 | train_loss=3.8877e-03 | train_eval_loss=3.0940e-03 | val_loss=3.0501e-03 | | lr=1.00e-03
Saved best model to results/thesis_model_results/outputs/loss_comparison_mtlsh/MTLSH__mse__minmax__seed42/mtlsh_state_dict_best.pt
Epoch 004 | train_loss=2.6839e-03 | train_eval_loss=2.2972e-03 | val_loss=2.2515e-03 | | lr=1.00e-03
Saved best model to results/thesis_model_results/outputs/loss_comparison_mtlsh/MTLSH__mse__minmax__seed42/mtlsh_state_dict_best.pt
Epoch 005 | train_loss=2.1873e-03 | train_eval_loss=1.9245e-03 | val_loss=1.8869e-03 | | lr=1.00e-03
Saved best model to results/thesis_model_results/outputs/loss_comparison_mtlsh/MTLSH__mse__minmax__seed42/mtlsh_state_dict_best.pt
Epoch 006 | train_loss=1.8846e-03 | train_eval_loss=1.7597e-03 | val_loss=1.7285e-03 | | lr=1.00e-03
Saved best model to results/thesis_model_results/outputs/loss_comparison_mtlsh/MTLSH__mse__minmax__seed42/mtlsh_state_dict_best.pt
Epoch 007 | train_loss=1.7549e-03 | train_eval_loss=1.6569e-03 | val_loss=1.6242e-03 | | lr=1.00e-03
Saved best model to results/thesis_model_results/outputs/loss_comparison_mtlsh/MTLSH__mse__minmax__seed42/mtlsh_state_dict_best.pt
Epoch 008 | train_loss=1.6816e-03 | train_eval_loss=1.6980e-03 | val_loss=1.6761e-03 | | lr=1.00e-03
Epoch 009 | train_loss=1.6823e-03 | train_eval_loss=1.5880e-03 | val_loss=1.5737e-03 | | lr=1.00e-03
Saved best model to results/thesis_model_results/outputs/loss_comparison_mtlsh/MTLSH__mse__minmax__seed42/mtlsh_state_dict_best.pt
Epoch 010 | train_loss=1.5483e-03 | train_eval_loss=1.5058e-03 | val_loss=1.4865e-03 | | lr=1.00e-03
Saved best model to results/thesis_model_results/outputs/loss_comparison_mtlsh/MTLSH__mse__minmax__seed42/mtlsh_state_dict_best.pt
Epoch 011 | train_loss=1.4997e-03 | train_eval_loss=1.4248e-03 | val_loss=1.4121e-03 | | lr=1.00e-03
Saved best model to results/thesis_model_results/outputs/loss_comparison_mtlsh/MTLSH__mse__minmax__seed42/mtlsh_state_dict_best.pt
Epoch 012 | train_loss=1.4005e-03 | train_eval_loss=1.3747e-03 | val_loss=1.3560e-03 | | lr=1.00e-03
Saved best model to results/thesis_model_results/outputs/loss_comparison_mtlsh/MTLSH__mse__minmax__seed42/mtlsh_state_dict_best.pt
Epoch 013 | train_loss=1.3999e-03 | train_eval_loss=1.3929e-03 | val_loss=1.3739e-03 | | lr=1.00e-03
Epoch 014 | train_loss=1.3336e-03 | train_eval_loss=1.2483e-03 | val_loss=1.2387e-03 | | lr=1.00e-03
Saved best model to results/thesis_model_results/outputs/loss_comparison_mtlsh/MTLSH__mse__minmax__seed42/mtlsh_state_dict_best.pt
Epoch 015 | train_loss=1.2841e-03 | train_eval_loss=1.2436e-03 | val_loss=1.2353e-03 | | lr=1.00e-03
Saved best model to results/thesis_model_results/outputs/loss_comparison_mtlsh/MTLSH__mse__minmax__seed42/mtlsh_state_dict_best.pt
Epoch 016 | train_loss=1.3078e-03 | train_eval_loss=1.3200e-03 | val_loss=1.3099e-03 | | lr=1.00e-03
Epoch 017 | train_loss=1.2350e-03 | train_eval_loss=1.1919e-03 | val_loss=1.1833e-03 | | lr=1.00e-03
Saved best model to results/thesis_model_results/outputs/loss_comparison_mtlsh/MTLSH__mse__minmax__seed42/mtlsh_state_dict_best.pt
Epoch 018 | train_loss=1.1873e-03 | train_eval_loss=1.1660e-03 | val_loss=1.1619e-03 | | lr=1.00e-03
Saved best model to results/thesis_model_results/outputs/loss_comparison_mtlsh/MTLSH__mse__minmax__seed42/mtlsh_state_dict_best.pt
Epoch 019 | train_loss=1.1711e-03 | train_eval_loss=1.2374e-03 | val_loss=1.2280e-03 | | lr=1.00e-03
Epoch 020 | train_loss=1.1105e-03 | train_eval_loss=1.1056e-03 | val_loss=1.0974e-03 | | lr=1.00e-03
Saved best model to results/thesis_model_results/outputs/loss_comparison_mtlsh/MTLSH__mse__minmax__seed42/mtlsh_state_dict_best.pt
Epoch 021 | train_loss=1.1075e-03 | train_eval_loss=1.0364e-03 | val_loss=1.0324e-03 | | lr=1.00e-03
Saved best model to results/thesis_model_results/outputs/loss_comparison_mtlsh/MTLSH__mse__minmax__seed42/mtlsh_state_dict_best.pt
Epoch 022 | train_loss=1.0950e-03 | train_eval_loss=1.1403e-03 | val_loss=1.1383e-03 | | lr=1.00e-03
Epoch 023 | train_loss=1.1114e-03 | train_eval_loss=1.0702e-03 | val_loss=1.0672e-03 | | lr=1.00e-03
Epoch 024 | train_loss=1.0281e-03 | train_eval_loss=1.0196e-03 | val_loss=1.0152e-03 | | lr=1.00e-03
Saved best model to results/thesis_model_results/outputs/loss_comparison_mtlsh/MTLSH__mse__minmax__seed42/mtlsh_state_dict_best.pt
Epoch 025 | train_loss=1.0287e-03 | train_eval_loss=1.0128e-03 | val_loss=1.0076e-03 | | lr=1.00e-03
Saved best model to results/thesis_model_results/outputs/loss_comparison_mtlsh/MTLSH__mse__minmax__seed42/mtlsh_state_dict_best.pt
Epoch 026 | train_loss=9.8893e-04 | train_eval_loss=9.3871e-04 | val_loss=9.3879e-04 | | lr=1.00e-03
Saved best model to results/thesis_model_results/outputs/loss_comparison_mtlsh/MTLSH__mse__minmax__seed42/mtlsh_state_dict_best.pt
Epoch 027 | train_loss=9.7418e-04 | train_eval_loss=1.0147e-03 | val_loss=1.0129e-03 | | lr=1.00e-03
Epoch 028 | train_loss=9.6083e-04 | train_eval_loss=1.0181e-03 | val_loss=1.0233e-03 | | lr=1.00e-03
Epoch 029 | train_loss=9.2157e-04 | train_eval_loss=8.4723e-04 | val_loss=8.4719e-04 | | lr=1.00e-03
Saved best model to results/thesis_model_results/outputs/loss_comparison_mtlsh/MTLSH__mse__minmax__seed42/mtlsh_state_dict_best.pt
Epoch 030 | train_loss=9.2854e-04 | train_eval_loss=9.3121e-04 | val_loss=9.3057e-04 | | lr=1.00e-03
Epoch 031 | train_loss=8.8767e-04 | train_eval_loss=8.2690e-04 | val_loss=8.2563e-04 | | lr=1.00e-03
Saved best model to results/thesis_model_results/outputs/loss_comparison_mtlsh/MTLSH__mse__minmax__seed42/mtlsh_state_dict_best.pt
Epoch 032 | train_loss=8.5600e-04 | train_eval_loss=8.1023e-04 | val_loss=8.0991e-04 | | lr=1.00e-03
Saved best model to results/thesis_model_results/outputs/loss_comparison_mtlsh/MTLSH__mse__minmax__seed42/mtlsh_state_dict_best.pt
Epoch 033 | train_loss=8.4328e-04 | train_eval_loss=8.2770e-04 | val_loss=8.2699e-04 | | lr=1.00e-03
Epoch 034 | train_loss=8.3792e-04 | train_eval_loss=8.5966e-04 | val_loss=8.5752e-04 | | lr=1.00e-03
Epoch 035 | train_loss=8.1025e-04 | train_eval_loss=8.5912e-04 | val_loss=8.5743e-04 | | lr=1.00e-03
Epoch 036 | train_loss=7.7773e-04 | train_eval_loss=7.9578e-04 | val_loss=7.9666e-04 | | lr=1.00e-03
Saved best model to results/thesis_model_results/outputs/loss_comparison_mtlsh/MTLSH__mse__minmax__seed42/mtlsh_state_dict_best.pt
Epoch 037 | train_loss=8.1284e-04 | train_eval_loss=8.6863e-04 | val_loss=8.6726e-04 | | lr=1.00e-03
Epoch 038 | train_loss=7.5795e-04 | train_eval_loss=7.1985e-04 | val_loss=7.2013e-04 | | lr=1.00e-03
Saved best model to results/thesis_model_results/outputs/loss_comparison_mtlsh/MTLSH__mse__minmax__seed42/mtlsh_state_dict_best.pt
Epoch 039 | train_loss=7.6479e-04 | train_eval_loss=9.2609e-04 | val_loss=9.1886e-04 | | lr=1.00e-03
Epoch 040 | train_loss=8.4949e-04 | train_eval_loss=1.0709e-03 | val_loss=1.0692e-03 | | lr=1.00e-03
Epoch 041 | train_loss=7.8590e-04 | train_eval_loss=6.6394e-04 | val_loss=6.6691e-04 | | lr=1.00e-03
Saved best model to results/thesis_model_results/outputs/loss_comparison_mtlsh/MTLSH__mse__minmax__seed42/mtlsh_state_dict_best.pt
Epoch 042 | train_loss=6.9084e-04 | train_eval_loss=6.9837e-04 | val_loss=6.9969e-04 | | lr=1.00e-03
Epoch 043 | train_loss=7.4763e-04 | train_eval_loss=6.7587e-04 | val_loss=6.7466e-04 | | lr=1.00e-03
Epoch 044 | train_loss=7.2900e-04 | train_eval_loss=7.2334e-04 | val_loss=7.2231e-04 | | lr=1.00e-03
Epoch 045 | train_loss=7.0767e-04 | train_eval_loss=6.9248e-04 | val_loss=6.9320e-04 | | lr=1.00e-03
Epoch 046 | train_loss=6.5798e-04 | train_eval_loss=8.5813e-04 | val_loss=8.6681e-04 | | lr=1.00e-03
Epoch 047 | train_loss=7.6846e-04 | train_eval_loss=6.0850e-04 | val_loss=6.0963e-04 | | lr=1.00e-03
Saved best model to results/thesis_model_results/outputs/loss_comparison_mtlsh/MTLSH__mse__minmax__seed42/mtlsh_state_dict_best.pt
Epoch 048 | train_loss=6.5467e-04 | train_eval_loss=6.5745e-04 | val_loss=6.5777e-04 | | lr=1.00e-03
Epoch 049 | train_loss=7.6010e-04 | train_eval_loss=8.9338e-04 | val_loss=8.9637e-04 | | lr=1.00e-03
Epoch 050 | train_loss=6.8647e-04 | train_eval_loss=6.3040e-04 | val_loss=6.3449e-04 | | lr=1.00e-03
Epoch 051 | train_loss=6.4527e-04 | train_eval_loss=6.2538e-04 | val_loss=6.2815e-04 | | lr=1.00e-03
Epoch 052 | train_loss=6.3244e-04 | train_eval_loss=6.2319e-04 | val_loss=6.2503e-04 | | lr=1.00e-03
Epoch 053 | train_loss=6.5392e-04 | train_eval_loss=9.7862e-04 | val_loss=9.7829e-04 | | lr=1.00e-03
Epoch 054 | train_loss=7.0784e-04 | train_eval_loss=8.4151e-04 | val_loss=8.5659e-04 | | lr=1.00e-03
Epoch 055 | train_loss=6.7185e-04 | train_eval_loss=5.8563e-04 | val_loss=5.8916e-04 | | lr=1.00e-03
Saved best model to results/thesis_model_results/outputs/loss_comparison_mtlsh/MTLSH__mse__minmax__seed42/mtlsh_state_dict_best.pt
Epoch 056 | train_loss=6.9023e-04 | train_eval_loss=6.3063e-04 | val_loss=6.3565e-04 | | lr=1.00e-03
Epoch 057 | train_loss=5.9139e-04 | train_eval_loss=5.8193e-04 | val_loss=5.8956e-04 | | lr=1.00e-03
Epoch 058 | train_loss=6.4204e-04 | train_eval_loss=6.6279e-04 | val_loss=6.6483e-04 | | lr=1.00e-03
Epoch 059 | train_loss=6.3151e-04 | train_eval_loss=6.1508e-04 | val_loss=6.2112e-04 | | lr=1.00e-03
Epoch 060 | train_loss=6.3889e-04 | train_eval_loss=6.5637e-04 | val_loss=6.6349e-04 | | lr=1.00e-03
Epoch 061 | train_loss=6.0418e-04 | train_eval_loss=7.0792e-04 | val_loss=7.1480e-04 | | lr=1.00e-03
Epoch 062 | train_loss=6.0751e-04 | train_eval_loss=5.6941e-04 | val_loss=5.7879e-04 | | lr=1.00e-03
Saved best model to results/thesis_model_results/outputs/loss_comparison_mtlsh/MTLSH__mse__minmax__seed42/mtlsh_state_dict_best.pt
Epoch 063 | train_loss=7.2154e-04 | train_eval_loss=6.2376e-04 | val_loss=6.4546e-04 | | lr=1.00e-03
Epoch 064 | train_loss=5.9408e-04 | train_eval_loss=6.6401e-04 | val_loss=6.8202e-04 | | lr=1.00e-03
Epoch 065 | train_loss=5.8234e-04 | train_eval_loss=5.7950e-04 | val_loss=5.9683e-04 | | lr=1.00e-03
Epoch 066 | train_loss=5.8527e-04 | train_eval_loss=6.1504e-04 | val_loss=6.3678e-04 | | lr=1.00e-03
Epoch 067 | train_loss=5.9513e-04 | train_eval_loss=6.6812e-04 | val_loss=6.9216e-04 | | lr=1.00e-03
Epoch 068 | train_loss=6.2321e-04 | train_eval_loss=7.4358e-04 | val_loss=7.4869e-04 | | lr=1.00e-03
Epoch 069 | train_loss=5.9065e-04 | train_eval_loss=5.9946e-04 | val_loss=6.2280e-04 | | lr=1.00e-03
Epoch 070 | train_loss=5.8874e-04 | train_eval_loss=7.4033e-04 | val_loss=7.5694e-04 | | lr=1.00e-03
Epoch 071 | train_loss=6.0038e-04 | train_eval_loss=5.6300e-04 | val_loss=5.7504e-04 | | lr=1.00e-03
Saved best model to results/thesis_model_results/outputs/loss_comparison_mtlsh/MTLSH__mse__minmax__seed42/mtlsh_state_dict_best.pt
Epoch 072 | train_loss=5.6916e-04 | train_eval_loss=6.3150e-04 | val_loss=6.5023e-04 | | lr=1.00e-03
Epoch 073 | train_loss=5.5928e-04 | train_eval_loss=5.4972e-04 | val_loss=5.6248e-04 | | lr=1.00e-03
Saved best model to results/thesis_model_results/outputs/loss_comparison_mtlsh/MTLSH__mse__minmax__seed42/mtlsh_state_dict_best.pt
Epoch 074 | train_loss=5.3195e-04 | train_eval_loss=5.5555e-04 | val_loss=5.7785e-04 | | lr=1.00e-03
Epoch 075 | train_loss=5.7564e-04 | train_eval_loss=5.5576e-04 | val_loss=5.7416e-04 | | lr=1.00e-03
Epoch 076 | train_loss=5.8255e-04 | train_eval_loss=5.8116e-04 | val_loss=6.0336e-04 | | lr=1.00e-03
Epoch 077 | train_loss=5.7059e-04 | train_eval_loss=6.1380e-04 | val_loss=6.4024e-04 | | lr=1.00e-03
Epoch 078 | train_loss=5.5523e-04 | train_eval_loss=5.8463e-04 | val_loss=6.1410e-04 | | lr=1.00e-03
Epoch 079 | train_loss=5.3253e-04 | train_eval_loss=5.4222e-04 | val_loss=5.6974e-04 | | lr=1.00e-03
Epoch 080 | train_loss=6.3913e-04 | train_eval_loss=6.0248e-04 | val_loss=6.2948e-04 | | lr=1.00e-03
Epoch 081 | train_loss=5.7897e-04 | train_eval_loss=5.5792e-04 | val_loss=5.8599e-04 | | lr=1.00e-03
Epoch 082 | train_loss=5.4182e-04 | train_eval_loss=5.2336e-04 | val_loss=5.4423e-04 | | lr=1.00e-03
Saved best model to results/thesis_model_results/outputs/loss_comparison_mtlsh/MTLSH__mse__minmax__seed42/mtlsh_state_dict_best.pt
Epoch 083 | train_loss=5.3989e-04 | train_eval_loss=4.9569e-04 | val_loss=5.1441e-04 | | lr=1.00e-03
Saved best model to results/thesis_model_results/outputs/loss_comparison_mtlsh/MTLSH__mse__minmax__seed42/mtlsh_state_dict_best.pt
Epoch 084 | train_loss=5.1498e-04 | train_eval_loss=4.7613e-04 | val_loss=5.0035e-04 | | lr=1.00e-03
Saved best model to results/thesis_model_results/outputs/loss_comparison_mtlsh/MTLSH__mse__minmax__seed42/mtlsh_state_dict_best.pt
Epoch 085 | train_loss=5.0923e-04 | train_eval_loss=5.3216e-04 | val_loss=5.6035e-04 | | lr=1.00e-03
Epoch 086 | train_loss=5.1397e-04 | train_eval_loss=5.4873e-04 | val_loss=5.7786e-04 | | lr=1.00e-03
Epoch 087 | train_loss=5.0110e-04 | train_eval_loss=6.5733e-04 | val_loss=6.8984e-04 | | lr=1.00e-03
Epoch 088 | train_loss=5.9116e-04 | train_eval_loss=4.8411e-04 | val_loss=5.0490e-04 | | lr=1.00e-03
Epoch 089 | train_loss=5.5996e-04 | train_eval_loss=5.3965e-04 | val_loss=5.6290e-04 | | lr=1.00e-03
Epoch 090 | train_loss=5.5631e-04 | train_eval_loss=4.4604e-04 | val_loss=4.7910e-04 | | lr=1.00e-03
Saved best model to results/thesis_model_results/outputs/loss_comparison_mtlsh/MTLSH__mse__minmax__seed42/mtlsh_state_dict_best.pt
Epoch 091 | train_loss=5.4512e-04 | train_eval_loss=4.7473e-04 | val_loss=4.9958e-04 | | lr=1.00e-03
Epoch 092 | train_loss=5.1111e-04 | train_eval_loss=4.3501e-04 | val_loss=4.7010e-04 | | lr=1.00e-03
Saved best model to results/thesis_model_results/outputs/loss_comparison_mtlsh/MTLSH__mse__minmax__seed42/mtlsh_state_dict_best.pt
Epoch 093 | train_loss=4.8537e-04 | train_eval_loss=5.0301e-04 | val_loss=5.2492e-04 | | lr=1.00e-03
Epoch 094 | train_loss=5.3372e-04 | train_eval_loss=5.7151e-04 | val_loss=5.9459e-04 | | lr=1.00e-03
Epoch 095 | train_loss=4.9360e-04 | train_eval_loss=4.6483e-04 | val_loss=4.9949e-04 | | lr=1.00e-03
Epoch 096 | train_loss=5.1374e-04 | train_eval_loss=4.4454e-04 | val_loss=4.8057e-04 | | lr=1.00e-03
Epoch 097 | train_loss=5.0192e-04 | train_eval_loss=5.2380e-04 | val_loss=5.5276e-04 | | lr=1.00e-03
Epoch 098 | train_loss=4.8400e-04 | train_eval_loss=5.2027e-04 | val_loss=5.5968e-04 | | lr=1.00e-03
Epoch 099 | train_loss=5.0957e-04 | train_eval_loss=6.3112e-04 | val_loss=6.7241e-04 | | lr=1.00e-03
Epoch 100 | train_loss=4.7745e-04 | train_eval_loss=4.3970e-04 | val_loss=4.7580e-04 | | lr=1.00e-03
Epoch 101 | train_loss=4.8867e-04 | train_eval_loss=5.4464e-04 | val_loss=5.8627e-04 | | lr=1.00e-03
Epoch 102 | train_loss=4.0895e-04 | train_eval_loss=4.5499e-04 | val_loss=4.9248e-04 | | lr=5.00e-04
Epoch 103 | train_loss=4.0199e-04 | train_eval_loss=3.9729e-04 | val_loss=4.3592e-04 | | lr=5.00e-04
Saved best model to results/thesis_model_results/outputs/loss_comparison_mtlsh/MTLSH__mse__minmax__seed42/mtlsh_state_dict_best.pt
Epoch 104 | train_loss=3.9703e-04 | train_eval_loss=3.8118e-04 | val_loss=4.2238e-04 | | lr=5.00e-04
Saved best model to results/thesis_model_results/outputs/loss_comparison_mtlsh/MTLSH__mse__minmax__seed42/mtlsh_state_dict_best.pt
Epoch 105 | train_loss=3.9615e-04 | train_eval_loss=3.8451e-04 | val_loss=4.2368e-04 | | lr=5.00e-04
Epoch 106 | train_loss=4.0861e-04 | train_eval_loss=4.3133e-04 | val_loss=4.7706e-04 | | lr=5.00e-04
Epoch 107 | train_loss=3.9538e-04 | train_eval_loss=4.0179e-04 | val_loss=4.4102e-04 | | lr=5.00e-04
Epoch 108 | train_loss=3.9109e-04 | train_eval_loss=3.9727e-04 | val_loss=4.3956e-04 | | lr=5.00e-04
Epoch 109 | train_loss=4.0593e-04 | train_eval_loss=3.8898e-04 | val_loss=4.3075e-04 | | lr=5.00e-04
Epoch 110 | train_loss=4.0901e-04 | train_eval_loss=3.7472e-04 | val_loss=4.1617e-04 | | lr=5.00e-04
Saved best model to results/thesis_model_results/outputs/loss_comparison_mtlsh/MTLSH__mse__minmax__seed42/mtlsh_state_dict_best.pt
Epoch 111 | train_loss=3.9428e-04 | train_eval_loss=4.5734e-04 | val_loss=5.0129e-04 | | lr=5.00e-04
Epoch 112 | train_loss=4.0422e-04 | train_eval_loss=4.4926e-04 | val_loss=4.8810e-04 | | lr=5.00e-04
Epoch 113 | train_loss=4.1385e-04 | train_eval_loss=5.2530e-04 | val_loss=5.7061e-04 | | lr=5.00e-04
Epoch 114 | train_loss=4.0497e-04 | train_eval_loss=3.7871e-04 | val_loss=4.1868e-04 | | lr=5.00e-04
Epoch 115 | train_loss=3.8157e-04 | train_eval_loss=3.7689e-04 | val_loss=4.1831e-04 | | lr=5.00e-04
Epoch 116 | train_loss=3.8504e-04 | train_eval_loss=3.8621e-04 | val_loss=4.3261e-04 | | lr=5.00e-04
Epoch 117 | train_loss=3.8834e-04 | train_eval_loss=3.7081e-04 | val_loss=4.1289e-04 | | lr=5.00e-04
Saved best model to results/thesis_model_results/outputs/loss_comparison_mtlsh/MTLSH__mse__minmax__seed42/mtlsh_state_dict_best.pt
Epoch 118 | train_loss=3.9778e-04 | train_eval_loss=4.0184e-04 | val_loss=4.4454e-04 | | lr=5.00e-04
Epoch 119 | train_loss=3.9955e-04 | train_eval_loss=4.5848e-04 | val_loss=5.0300e-04 | | lr=5.00e-04
Epoch 120 | train_loss=4.0338e-04 | train_eval_loss=3.6997e-04 | val_loss=4.1648e-04 | | lr=5.00e-04
Epoch 121 | train_loss=3.9458e-04 | train_eval_loss=6.1206e-04 | val_loss=6.7113e-04 | | lr=5.00e-04
Epoch 122 | train_loss=4.0202e-04 | train_eval_loss=3.7262e-04 | val_loss=4.2392e-04 | | lr=5.00e-04
Epoch 123 | train_loss=3.8159e-04 | train_eval_loss=3.5330e-04 | val_loss=4.0295e-04 | | lr=5.00e-04
Saved best model to results/thesis_model_results/outputs/loss_comparison_mtlsh/MTLSH__mse__minmax__seed42/mtlsh_state_dict_best.pt
Epoch 124 | train_loss=3.9236e-04 | train_eval_loss=3.6905e-04 | val_loss=4.1556e-04 | | lr=5.00e-04
Epoch 125 | train_loss=3.9398e-04 | train_eval_loss=3.7767e-04 | val_loss=4.2158e-04 | | lr=5.00e-04
Epoch 126 | train_loss=3.8334e-04 | train_eval_loss=4.1107e-04 | val_loss=4.5125e-04 | | lr=5.00e-04
Epoch 127 | train_loss=3.8924e-04 | train_eval_loss=3.7466e-04 | val_loss=4.2313e-04 | | lr=5.00e-04
Epoch 128 | train_loss=3.8301e-04 | train_eval_loss=3.9002e-04 | val_loss=4.2675e-04 | | lr=5.00e-04
Epoch 129 | train_loss=3.7757e-04 | train_eval_loss=3.9986e-04 | val_loss=4.4578e-04 | | lr=5.00e-04
Epoch 130 | train_loss=3.8232e-04 | train_eval_loss=3.5839e-04 | val_loss=3.9949e-04 | | lr=5.00e-04
Saved best model to results/thesis_model_results/outputs/loss_comparison_mtlsh/MTLSH__mse__minmax__seed42/mtlsh_state_dict_best.pt
Epoch 131 | train_loss=3.7692e-04 | train_eval_loss=4.1412e-04 | val_loss=4.6443e-04 | | lr=5.00e-04
Epoch 132 | train_loss=3.7703e-04 | train_eval_loss=3.6223e-04 | val_loss=4.1482e-04 | | lr=5.00e-04
Epoch 133 | train_loss=3.9492e-04 | train_eval_loss=5.0562e-04 | val_loss=5.4755e-04 | | lr=5.00e-04
Epoch 134 | train_loss=3.9487e-04 | train_eval_loss=3.6506e-04 | val_loss=4.1082e-04 | | lr=5.00e-04
Epoch 135 | train_loss=3.7497e-04 | train_eval_loss=4.0792e-04 | val_loss=4.5516e-04 | | lr=5.00e-04
Epoch 136 | train_loss=3.9298e-04 | train_eval_loss=4.2737e-04 | val_loss=4.7490e-04 | | lr=5.00e-04
Epoch 137 | train_loss=4.0914e-04 | train_eval_loss=3.6456e-04 | val_loss=4.1261e-04 | | lr=5.00e-04
Epoch 138 | train_loss=3.8254e-04 | train_eval_loss=4.0893e-04 | val_loss=4.6408e-04 | | lr=5.00e-04
Epoch 139 | train_loss=3.7787e-04 | train_eval_loss=3.5286e-04 | val_loss=3.9877e-04 | | lr=5.00e-04
Saved best model to results/thesis_model_results/outputs/loss_comparison_mtlsh/MTLSH__mse__minmax__seed42/mtlsh_state_dict_best.pt
Epoch 140 | train_loss=3.6644e-04 | train_eval_loss=3.6863e-04 | val_loss=4.0764e-04 | | lr=5.00e-04
Epoch 141 | train_loss=3.6915e-04 | train_eval_loss=4.1826e-04 | val_loss=4.5822e-04 | | lr=5.00e-04
Epoch 142 | train_loss=3.9141e-04 | train_eval_loss=4.2483e-04 | val_loss=4.8075e-04 | | lr=5.00e-04
Epoch 143 | train_loss=3.7061e-04 | train_eval_loss=3.3881e-04 | val_loss=3.8957e-04 | | lr=5.00e-04
Saved best model to results/thesis_model_results/outputs/loss_comparison_mtlsh/MTLSH__mse__minmax__seed42/mtlsh_state_dict_best.pt
Epoch 144 | train_loss=3.6393e-04 | train_eval_loss=3.3667e-04 | val_loss=3.8522e-04 | | lr=5.00e-04
Saved best model to results/thesis_model_results/outputs/loss_comparison_mtlsh/MTLSH__mse__minmax__seed42/mtlsh_state_dict_best.pt
Epoch 145 | train_loss=3.9106e-04 | train_eval_loss=3.7363e-04 | val_loss=4.1759e-04 | | lr=5.00e-04
Epoch 146 | train_loss=3.8537e-04 | train_eval_loss=5.7234e-04 | val_loss=6.4061e-04 | | lr=5.00e-04
Epoch 147 | train_loss=4.0219e-04 | train_eval_loss=3.3248e-04 | val_loss=3.8292e-04 | | lr=5.00e-04
Saved best model to results/thesis_model_results/outputs/loss_comparison_mtlsh/MTLSH__mse__minmax__seed42/mtlsh_state_dict_best.pt
Epoch 148 | train_loss=3.5667e-04 | train_eval_loss=5.7757e-04 | val_loss=6.4312e-04 | | lr=5.00e-04
Epoch 149 | train_loss=3.7320e-04 | train_eval_loss=3.8755e-04 | val_loss=4.3087e-04 | | lr=5.00e-04
Epoch 150 | train_loss=3.7418e-04 | train_eval_loss=5.9929e-04 | val_loss=6.5352e-04 | | lr=5.00e-04
Epoch 151 | train_loss=3.7071e-04 | train_eval_loss=3.4942e-04 | val_loss=4.0350e-04 | | lr=5.00e-04
Epoch 152 | train_loss=3.6044e-04 | train_eval_loss=4.7313e-04 | val_loss=5.2898e-04 | | lr=5.00e-04
Epoch 153 | train_loss=3.6179e-04 | train_eval_loss=3.7367e-04 | val_loss=4.2382e-04 | | lr=5.00e-04
Epoch 154 | train_loss=3.6248e-04 | train_eval_loss=3.4567e-04 | val_loss=4.0218e-04 | | lr=5.00e-04
Epoch 155 | train_loss=3.5206e-04 | train_eval_loss=3.3330e-04 | val_loss=3.8857e-04 | | lr=5.00e-04
Epoch 156 | train_loss=3.5557e-04 | train_eval_loss=3.7977e-04 | val_loss=4.2772e-04 | | lr=5.00e-04
Epoch 157 | train_loss=3.2828e-04 | train_eval_loss=3.2038e-04 | val_loss=3.7469e-04 | | lr=2.50e-04
Saved best model to results/thesis_model_results/outputs/loss_comparison_mtlsh/MTLSH__mse__minmax__seed42/mtlsh_state_dict_best.pt
Epoch 158 | train_loss=3.1438e-04 | train_eval_loss=3.1939e-04 | val_loss=3.7249e-04 | | lr=2.50e-04
Saved best model to results/thesis_model_results/outputs/loss_comparison_mtlsh/MTLSH__mse__minmax__seed42/mtlsh_state_dict_best.pt
Epoch 159 | train_loss=3.1524e-04 | train_eval_loss=3.0681e-04 | val_loss=3.5783e-04 | | lr=2.50e-04
Saved best model to results/thesis_model_results/outputs/loss_comparison_mtlsh/MTLSH__mse__minmax__seed42/mtlsh_state_dict_best.pt
Epoch 160 | train_loss=3.1672e-04 | train_eval_loss=3.1893e-04 | val_loss=3.7408e-04 | | lr=2.50e-04
Epoch 161 | train_loss=3.2194e-04 | train_eval_loss=3.3271e-04 | val_loss=3.8800e-04 | | lr=2.50e-04
Epoch 162 | train_loss=3.1837e-04 | train_eval_loss=3.0675e-04 | val_loss=3.6141e-04 | | lr=2.50e-04
Epoch 163 | train_loss=3.1700e-04 | train_eval_loss=3.0217e-04 | val_loss=3.5668e-04 | | lr=2.50e-04
Saved best model to results/thesis_model_results/outputs/loss_comparison_mtlsh/MTLSH__mse__minmax__seed42/mtlsh_state_dict_best.pt
Epoch 164 | train_loss=3.1144e-04 | train_eval_loss=3.1663e-04 | val_loss=3.7336e-04 | | lr=2.50e-04
Epoch 165 | train_loss=3.1366e-04 | train_eval_loss=3.1265e-04 | val_loss=3.7464e-04 | | lr=2.50e-04
Epoch 166 | train_loss=3.1477e-04 | train_eval_loss=2.9941e-04 | val_loss=3.6070e-04 | | lr=2.50e-04
Epoch 167 | train_loss=3.2164e-04 | train_eval_loss=3.1283e-04 | val_loss=3.7189e-04 | | lr=2.50e-04
Epoch 168 | train_loss=3.1614e-04 | train_eval_loss=3.0076e-04 | val_loss=3.5917e-04 | | lr=2.50e-04
Epoch 169 | train_loss=3.1518e-04 | train_eval_loss=3.1219e-04 | val_loss=3.6871e-04 | | lr=2.50e-04
Epoch 170 | train_loss=3.2275e-04 | train_eval_loss=3.1515e-04 | val_loss=3.7169e-04 | | lr=2.50e-04
Epoch 171 | train_loss=3.1622e-04 | train_eval_loss=3.5902e-04 | val_loss=4.1486e-04 | | lr=2.50e-04
Epoch 172 | train_loss=3.1805e-04 | train_eval_loss=3.1148e-04 | val_loss=3.6821e-04 | | lr=2.50e-04
Epoch 173 | train_loss=2.9527e-04 | train_eval_loss=2.8887e-04 | val_loss=3.5086e-04 | | lr=1.25e-04
Saved best model to results/thesis_model_results/outputs/loss_comparison_mtlsh/MTLSH__mse__minmax__seed42/mtlsh_state_dict_best.pt
Epoch 174 | train_loss=2.9143e-04 | train_eval_loss=2.8774e-04 | val_loss=3.4771e-04 | | lr=1.25e-04
Saved best model to results/thesis_model_results/outputs/loss_comparison_mtlsh/MTLSH__mse__minmax__seed42/mtlsh_state_dict_best.pt
Epoch 175 | train_loss=2.9457e-04 | train_eval_loss=2.9477e-04 | val_loss=3.5756e-04 | | lr=1.25e-04
Epoch 176 | train_loss=2.9189e-04 | train_eval_loss=2.8848e-04 | val_loss=3.5140e-04 | | lr=1.25e-04
Epoch 177 | train_loss=2.9767e-04 | train_eval_loss=2.8469e-04 | val_loss=3.4842e-04 | | lr=1.25e-04
Epoch 178 | train_loss=2.9172e-04 | train_eval_loss=2.8918e-04 | val_loss=3.4984e-04 | | lr=1.25e-04
Epoch 179 | train_loss=2.9394e-04 | train_eval_loss=2.8740e-04 | val_loss=3.4678e-04 | | lr=1.25e-04
Saved best model to results/thesis_model_results/outputs/loss_comparison_mtlsh/MTLSH__mse__minmax__seed42/mtlsh_state_dict_best.pt
Epoch 180 | train_loss=2.9599e-04 | train_eval_loss=3.0276e-04 | val_loss=3.6030e-04 | | lr=1.25e-04
Epoch 181 | train_loss=2.9140e-04 | train_eval_loss=2.9850e-04 | val_loss=3.5736e-04 | | lr=1.25e-04
Epoch 182 | train_loss=2.9696e-04 | train_eval_loss=2.9901e-04 | val_loss=3.6395e-04 | | lr=1.25e-04
Epoch 183 | train_loss=2.9501e-04 | train_eval_loss=2.8948e-04 | val_loss=3.5306e-04 | | lr=1.25e-04
Epoch 184 | train_loss=2.9143e-04 | train_eval_loss=2.8145e-04 | val_loss=3.4171e-04 | | lr=1.25e-04
Saved best model to results/thesis_model_results/outputs/loss_comparison_mtlsh/MTLSH__mse__minmax__seed42/mtlsh_state_dict_best.pt
Epoch 185 | train_loss=2.9124e-04 | train_eval_loss=2.8457e-04 | val_loss=3.4624e-04 | | lr=1.25e-04
Epoch 186 | train_loss=2.9104e-04 | train_eval_loss=2.9655e-04 | val_loss=3.5963e-04 | | lr=1.25e-04
Epoch 187 | train_loss=2.9292e-04 | train_eval_loss=2.8668e-04 | val_loss=3.4854e-04 | | lr=1.25e-04
Epoch 188 | train_loss=2.9305e-04 | train_eval_loss=3.0348e-04 | val_loss=3.6497e-04 | | lr=1.25e-04
Epoch 189 | train_loss=2.8952e-04 | train_eval_loss=2.8854e-04 | val_loss=3.4806e-04 | | lr=1.25e-04
Epoch 190 | train_loss=2.9084e-04 | train_eval_loss=2.9649e-04 | val_loss=3.6226e-04 | | lr=1.25e-04
Epoch 191 | train_loss=2.8926e-04 | train_eval_loss=2.9150e-04 | val_loss=3.5023e-04 | | lr=1.25e-04
Epoch 192 | train_loss=2.9086e-04 | train_eval_loss=3.0027e-04 | val_loss=3.5964e-04 | | lr=1.25e-04
Epoch 193 | train_loss=2.9486e-04 | train_eval_loss=2.8356e-04 | val_loss=3.4718e-04 | | lr=1.25e-04
Epoch 194 | train_loss=2.7987e-04 | train_eval_loss=2.7996e-04 | val_loss=3.4258e-04 | | lr=6.25e-05
Epoch 195 | train_loss=2.8044e-04 | train_eval_loss=2.7820e-04 | val_loss=3.4072e-04 | | lr=6.25e-05
Saved best model to results/thesis_model_results/outputs/loss_comparison_mtlsh/MTLSH__mse__minmax__seed42/mtlsh_state_dict_best.pt
Epoch 196 | train_loss=2.8319e-04 | train_eval_loss=2.7911e-04 | val_loss=3.4152e-04 | | lr=6.25e-05
Epoch 197 | train_loss=2.8023e-04 | train_eval_loss=2.7671e-04 | val_loss=3.3862e-04 | | lr=6.25e-05
Saved best model to results/thesis_model_results/outputs/loss_comparison_mtlsh/MTLSH__mse__minmax__seed42/mtlsh_state_dict_best.pt
Epoch 198 | train_loss=2.8066e-04 | train_eval_loss=2.8061e-04 | val_loss=3.4354e-04 | | lr=6.25e-05
Epoch 199 | train_loss=2.7894e-04 | train_eval_loss=2.7827e-04 | val_loss=3.4222e-04 | | lr=6.25e-05
Epoch 200 | train_loss=2.8153e-04 | train_eval_loss=2.7707e-04 | val_loss=3.4085e-04 | | lr=6.25e-05
Saved training logs to results/thesis_model_results/outputs/loss_comparison_mtlsh/MTLSH__mse__minmax__seed42/training_summary.txt
Test RMSE(rocof_COI) = 0.0132 | norm: 0.0100 | real_diff: 0.0089
Test RMSE(dev_COI) = 0.0219 | norm: 0.0081 | real_diff: 0.0127
Test RMSE(Delta_P_IBR_1) = 0.1085 | norm: 0.0171 | real_diff: 0.0697
Test RMSE(Delta_P_IBR_2) = 0.0987 | norm: 0.0137 | real_diff: 0.0537
Test RMSE(Delta_P_IBR_3) = 0.1803 | norm: 0.0317 | real_diff: 0.0956
Test RMSE(Delta_P_IBR_4) = 0.1798 | norm: 0.0186 | real_diff: 0.1072
Saved RMSE results to results/thesis_model_results/outputs/loss_comparison_mtlsh/MTLSH__mse__minmax__seed42/rmse_results.txt
Saved detailed metrics to results/thesis_model_results/outputs/loss_comparison_mtlsh/MTLSH__mse__minmax__seed42/metrics_by_target.csv
Saved aggregate metrics to results/thesis_model_results/outputs/loss_comparison_mtlsh/MTLSH__mse__minmax__seed42/metrics_summary.json
Saved loss curves to results/thesis_model_results/outputs/loss_comparison_mtlsh/MTLSH__mse__minmax__seed42/loss_curve.png
Saved scatter plot results/thesis_model_results/outputs/loss_comparison_mtlsh/MTLSH__mse__minmax__seed42/scatter_rocof_COI.png
Saved scatter plot results/thesis_model_results/outputs/loss_comparison_mtlsh/MTLSH__mse__minmax__seed42/scatter_dev_COI.png
Saved scatter plot results/thesis_model_results/outputs/loss_comparison_mtlsh/MTLSH__mse__minmax__seed42/scatter_Delta_P_IBR_1.png
Saved scatter plot results/thesis_model_results/outputs/loss_comparison_mtlsh/MTLSH__mse__minmax__seed42/scatter_Delta_P_IBR_2.png
Saved scatter plot results/thesis_model_results/outputs/loss_comparison_mtlsh/MTLSH__mse__minmax__seed42/scatter_Delta_P_IBR_3.png
Saved scatter plot results/thesis_model_results/outputs/loss_comparison_mtlsh/MTLSH__mse__minmax__seed42/scatter_Delta_P_IBR_4.png
Saved model to results/thesis_model_results/outputs/loss_comparison_mtlsh/MTLSH__mse__minmax__seed42/mtlsh_state_dict.pt
Loss type: l1 | weights=[]
Target stats (scaled):
train mean=[0.549  0.589  0.492  0.4884 0.4785 0.4192]
train std=[0.1365 0.1371 0.1141 0.1063 0.1158 0.1138]
train q05=[0.3074 0.3979 0.3192 0.303  0.3347 0.2205]
train q95=[0.7933 0.8652 0.6719 0.6491 0.6927 0.6016]
val mean=[0.5473 0.5873 0.4922 0.4893 0.4798 0.4201]
val std=[0.1343 0.1348 0.1123 0.1072 0.1141 0.1112]
val q05=[0.3103 0.3982 0.3195 0.303  0.3376 0.2251]
val q95=[0.7886 0.8626 0.6731 0.6514 0.6918 0.5984]
val/train std ratio=[0.984  0.9828 0.9844 1.0084 0.9848 0.9772]
LR scheduler: ReduceLROnPlateau (factor=0.5, patience=8, min_lr=1e-07)
Epoch 001 | train_loss=1.1410e-01 | train_eval_loss=8.5554e-02 | val_loss=8.4201e-02 | | lr=1.00e-03
Saved best model to results/thesis_model_results/outputs/loss_comparison_mtlsh/MTLSH__l1__minmax__seed42/mtlsh_state_dict_best.pt
Epoch 002 | train_loss=6.6958e-02 | train_eval_loss=4.6215e-02 | val_loss=4.5818e-02 | | lr=1.00e-03
Saved best model to results/thesis_model_results/outputs/loss_comparison_mtlsh/MTLSH__l1__minmax__seed42/mtlsh_state_dict_best.pt
Epoch 003 | train_loss=4.1507e-02 | train_eval_loss=3.7284e-02 | val_loss=3.7026e-02 | | lr=1.00e-03
Saved best model to results/thesis_model_results/outputs/loss_comparison_mtlsh/MTLSH__l1__minmax__seed42/mtlsh_state_dict_best.pt
Epoch 004 | train_loss=3.6933e-02 | train_eval_loss=3.5307e-02 | val_loss=3.5082e-02 | | lr=1.00e-03
Saved best model to results/thesis_model_results/outputs/loss_comparison_mtlsh/MTLSH__l1__minmax__seed42/mtlsh_state_dict_best.pt
Epoch 005 | train_loss=3.4003e-02 | train_eval_loss=3.3837e-02 | val_loss=3.3696e-02 | | lr=1.00e-03
Saved best model to results/thesis_model_results/outputs/loss_comparison_mtlsh/MTLSH__l1__minmax__seed42/mtlsh_state_dict_best.pt
Epoch 006 | train_loss=3.2152e-02 | train_eval_loss=3.1820e-02 | val_loss=3.1818e-02 | | lr=1.00e-03
Saved best model to results/thesis_model_results/outputs/loss_comparison_mtlsh/MTLSH__l1__minmax__seed42/mtlsh_state_dict_best.pt
Epoch 007 | train_loss=3.0489e-02 | train_eval_loss=2.8479e-02 | val_loss=2.8390e-02 | | lr=1.00e-03
Saved best model to results/thesis_model_results/outputs/loss_comparison_mtlsh/MTLSH__l1__minmax__seed42/mtlsh_state_dict_best.pt
Epoch 008 | train_loss=2.8686e-02 | train_eval_loss=2.7424e-02 | val_loss=2.7303e-02 | | lr=1.00e-03
Saved best model to results/thesis_model_results/outputs/loss_comparison_mtlsh/MTLSH__l1__minmax__seed42/mtlsh_state_dict_best.pt
Epoch 009 | train_loss=2.7976e-02 | train_eval_loss=2.6360e-02 | val_loss=2.6324e-02 | | lr=1.00e-03
Saved best model to results/thesis_model_results/outputs/loss_comparison_mtlsh/MTLSH__l1__minmax__seed42/mtlsh_state_dict_best.pt
Epoch 010 | train_loss=2.8444e-02 | train_eval_loss=2.9166e-02 | val_loss=2.9222e-02 | | lr=1.00e-03
Epoch 011 | train_loss=2.7432e-02 | train_eval_loss=2.5737e-02 | val_loss=2.5649e-02 | | lr=1.00e-03
Saved best model to results/thesis_model_results/outputs/loss_comparison_mtlsh/MTLSH__l1__minmax__seed42/mtlsh_state_dict_best.pt
Epoch 012 | train_loss=2.5175e-02 | train_eval_loss=2.3474e-02 | val_loss=2.3480e-02 | | lr=1.00e-03
Saved best model to results/thesis_model_results/outputs/loss_comparison_mtlsh/MTLSH__l1__minmax__seed42/mtlsh_state_dict_best.pt
Epoch 013 | train_loss=2.7044e-02 | train_eval_loss=2.2673e-02 | val_loss=2.2667e-02 | | lr=1.00e-03
Saved best model to results/thesis_model_results/outputs/loss_comparison_mtlsh/MTLSH__l1__minmax__seed42/mtlsh_state_dict_best.pt
Epoch 014 | train_loss=2.3236e-02 | train_eval_loss=2.3308e-02 | val_loss=2.3190e-02 | | lr=1.00e-03
Epoch 015 | train_loss=2.2902e-02 | train_eval_loss=2.4057e-02 | val_loss=2.3913e-02 | | lr=1.00e-03
Epoch 016 | train_loss=2.3744e-02 | train_eval_loss=2.2214e-02 | val_loss=2.2180e-02 | | lr=1.00e-03
Saved best model to results/thesis_model_results/outputs/loss_comparison_mtlsh/MTLSH__l1__minmax__seed42/mtlsh_state_dict_best.pt
Epoch 017 | train_loss=2.2638e-02 | train_eval_loss=2.1287e-02 | val_loss=2.1228e-02 | | lr=1.00e-03
Saved best model to results/thesis_model_results/outputs/loss_comparison_mtlsh/MTLSH__l1__minmax__seed42/mtlsh_state_dict_best.pt
Epoch 018 | train_loss=2.2254e-02 | train_eval_loss=2.2567e-02 | val_loss=2.2459e-02 | | lr=1.00e-03
Epoch 019 | train_loss=2.3304e-02 | train_eval_loss=3.2200e-02 | val_loss=3.2143e-02 | | lr=1.00e-03
Epoch 020 | train_loss=2.3324e-02 | train_eval_loss=2.1844e-02 | val_loss=2.1844e-02 | | lr=1.00e-03
Epoch 021 | train_loss=2.3297e-02 | train_eval_loss=2.4613e-02 | val_loss=2.4637e-02 | | lr=1.00e-03
Epoch 022 | train_loss=2.1887e-02 | train_eval_loss=2.2108e-02 | val_loss=2.2231e-02 | | lr=1.00e-03
Epoch 023 | train_loss=2.0837e-02 | train_eval_loss=2.0530e-02 | val_loss=2.0513e-02 | | lr=1.00e-03
Saved best model to results/thesis_model_results/outputs/loss_comparison_mtlsh/MTLSH__l1__minmax__seed42/mtlsh_state_dict_best.pt
Epoch 024 | train_loss=2.0109e-02 | train_eval_loss=2.1094e-02 | val_loss=2.1043e-02 | | lr=1.00e-03
Epoch 025 | train_loss=1.8912e-02 | train_eval_loss=1.9770e-02 | val_loss=1.9776e-02 | | lr=1.00e-03
Saved best model to results/thesis_model_results/outputs/loss_comparison_mtlsh/MTLSH__l1__minmax__seed42/mtlsh_state_dict_best.pt
Epoch 026 | train_loss=2.0369e-02 | train_eval_loss=1.7307e-02 | val_loss=1.7300e-02 | | lr=1.00e-03
Saved best model to results/thesis_model_results/outputs/loss_comparison_mtlsh/MTLSH__l1__minmax__seed42/mtlsh_state_dict_best.pt
Epoch 027 | train_loss=2.0340e-02 | train_eval_loss=2.3596e-02 | val_loss=2.3545e-02 | | lr=1.00e-03
Epoch 028 | train_loss=1.9745e-02 | train_eval_loss=1.8242e-02 | val_loss=1.8274e-02 | | lr=1.00e-03
Epoch 029 | train_loss=2.0091e-02 | train_eval_loss=1.7441e-02 | val_loss=1.7397e-02 | | lr=1.00e-03
Epoch 030 | train_loss=1.7873e-02 | train_eval_loss=1.9515e-02 | val_loss=1.9470e-02 | | lr=1.00e-03
Epoch 031 | train_loss=1.7717e-02 | train_eval_loss=1.8610e-02 | val_loss=1.8558e-02 | | lr=1.00e-03
Epoch 032 | train_loss=1.7418e-02 | train_eval_loss=1.7755e-02 | val_loss=1.7775e-02 | | lr=1.00e-03
Epoch 033 | train_loss=1.7437e-02 | train_eval_loss=1.6552e-02 | val_loss=1.6572e-02 | | lr=1.00e-03
Saved best model to results/thesis_model_results/outputs/loss_comparison_mtlsh/MTLSH__l1__minmax__seed42/mtlsh_state_dict_best.pt
Epoch 034 | train_loss=1.6829e-02 | train_eval_loss=1.5712e-02 | val_loss=1.5726e-02 | | lr=1.00e-03
Saved best model to results/thesis_model_results/outputs/loss_comparison_mtlsh/MTLSH__l1__minmax__seed42/mtlsh_state_dict_best.pt
Epoch 035 | train_loss=1.6539e-02 | train_eval_loss=1.5711e-02 | val_loss=1.5788e-02 | | lr=1.00e-03
Epoch 036 | train_loss=1.7604e-02 | train_eval_loss=1.6708e-02 | val_loss=1.6766e-02 | | lr=1.00e-03
Epoch 037 | train_loss=1.6932e-02 | train_eval_loss=1.7034e-02 | val_loss=1.7101e-02 | | lr=1.00e-03
Epoch 038 | train_loss=1.7574e-02 | train_eval_loss=1.7088e-02 | val_loss=1.7139e-02 | | lr=1.00e-03
Epoch 039 | train_loss=1.7580e-02 | train_eval_loss=1.4417e-02 | val_loss=1.4450e-02 | | lr=1.00e-03
Saved best model to results/thesis_model_results/outputs/loss_comparison_mtlsh/MTLSH__l1__minmax__seed42/mtlsh_state_dict_best.pt
Epoch 040 | train_loss=1.5587e-02 | train_eval_loss=1.5190e-02 | val_loss=1.5251e-02 | | lr=1.00e-03
Epoch 041 | train_loss=1.5192e-02 | train_eval_loss=1.7314e-02 | val_loss=1.7404e-02 | | lr=1.00e-03
Epoch 042 | train_loss=1.7872e-02 | train_eval_loss=1.6462e-02 | val_loss=1.6609e-02 | | lr=1.00e-03
Epoch 043 | train_loss=1.5594e-02 | train_eval_loss=1.5262e-02 | val_loss=1.5320e-02 | | lr=1.00e-03
Epoch 044 | train_loss=1.8893e-02 | train_eval_loss=1.7187e-02 | val_loss=1.7232e-02 | | lr=1.00e-03
Epoch 045 | train_loss=1.7751e-02 | train_eval_loss=1.7461e-02 | val_loss=1.7607e-02 | | lr=1.00e-03
Epoch 046 | train_loss=1.4637e-02 | train_eval_loss=1.4727e-02 | val_loss=1.4822e-02 | | lr=1.00e-03
Epoch 047 | train_loss=1.5573e-02 | train_eval_loss=1.6129e-02 | val_loss=1.6220e-02 | | lr=1.00e-03
Epoch 048 | train_loss=1.4765e-02 | train_eval_loss=1.3406e-02 | val_loss=1.3466e-02 | | lr=1.00e-03
Saved best model to results/thesis_model_results/outputs/loss_comparison_mtlsh/MTLSH__l1__minmax__seed42/mtlsh_state_dict_best.pt
Epoch 049 | train_loss=1.7462e-02 | train_eval_loss=1.4760e-02 | val_loss=1.4855e-02 | | lr=1.00e-03
Epoch 050 | train_loss=1.5029e-02 | train_eval_loss=1.7532e-02 | val_loss=1.7590e-02 | | lr=1.00e-03
Epoch 051 | train_loss=1.6899e-02 | train_eval_loss=1.6714e-02 | val_loss=1.6743e-02 | | lr=1.00e-03
Epoch 052 | train_loss=1.5408e-02 | train_eval_loss=2.0642e-02 | val_loss=2.0596e-02 | | lr=1.00e-03
Epoch 053 | train_loss=1.7455e-02 | train_eval_loss=1.5537e-02 | val_loss=1.5647e-02 | | lr=1.00e-03
Epoch 054 | train_loss=1.7140e-02 | train_eval_loss=1.9799e-02 | val_loss=1.9881e-02 | | lr=1.00e-03
Epoch 055 | train_loss=1.4346e-02 | train_eval_loss=1.2978e-02 | val_loss=1.3086e-02 | | lr=1.00e-03
Saved best model to results/thesis_model_results/outputs/loss_comparison_mtlsh/MTLSH__l1__minmax__seed42/mtlsh_state_dict_best.pt
Epoch 056 | train_loss=1.3466e-02 | train_eval_loss=1.2631e-02 | val_loss=1.2825e-02 | | lr=1.00e-03
Saved best model to results/thesis_model_results/outputs/loss_comparison_mtlsh/MTLSH__l1__minmax__seed42/mtlsh_state_dict_best.pt
Epoch 057 | train_loss=1.3415e-02 | train_eval_loss=1.5092e-02 | val_loss=1.5138e-02 | | lr=1.00e-03
Epoch 058 | train_loss=1.4963e-02 | train_eval_loss=1.4736e-02 | val_loss=1.4850e-02 | | lr=1.00e-03
Epoch 059 | train_loss=1.3676e-02 | train_eval_loss=1.3780e-02 | val_loss=1.3927e-02 | | lr=1.00e-03
Epoch 060 | train_loss=1.3718e-02 | train_eval_loss=1.6545e-02 | val_loss=1.6675e-02 | | lr=1.00e-03
Epoch 061 | train_loss=1.5476e-02 | train_eval_loss=1.4046e-02 | val_loss=1.4115e-02 | | lr=1.00e-03
Epoch 062 | train_loss=1.4095e-02 | train_eval_loss=1.6793e-02 | val_loss=1.6865e-02 | | lr=1.00e-03
Epoch 063 | train_loss=1.5688e-02 | train_eval_loss=1.7028e-02 | val_loss=1.7112e-02 | | lr=1.00e-03
Epoch 064 | train_loss=1.3278e-02 | train_eval_loss=1.2187e-02 | val_loss=1.2362e-02 | | lr=1.00e-03
Saved best model to results/thesis_model_results/outputs/loss_comparison_mtlsh/MTLSH__l1__minmax__seed42/mtlsh_state_dict_best.pt
Epoch 065 | train_loss=1.2651e-02 | train_eval_loss=1.2902e-02 | val_loss=1.3120e-02 | | lr=1.00e-03
Epoch 066 | train_loss=1.3615e-02 | train_eval_loss=1.2562e-02 | val_loss=1.2760e-02 | | lr=1.00e-03
Epoch 067 | train_loss=1.5140e-02 | train_eval_loss=1.5689e-02 | val_loss=1.5821e-02 | | lr=1.00e-03
Epoch 068 | train_loss=1.5476e-02 | train_eval_loss=1.4426e-02 | val_loss=1.4513e-02 | | lr=1.00e-03
Epoch 069 | train_loss=1.4042e-02 | train_eval_loss=1.2453e-02 | val_loss=1.2544e-02 | | lr=1.00e-03
Epoch 070 | train_loss=1.2361e-02 | train_eval_loss=1.4596e-02 | val_loss=1.4799e-02 | | lr=1.00e-03
Epoch 071 | train_loss=1.5456e-02 | train_eval_loss=1.4127e-02 | val_loss=1.4299e-02 | | lr=1.00e-03
Epoch 072 | train_loss=1.3526e-02 | train_eval_loss=1.5440e-02 | val_loss=1.5498e-02 | | lr=1.00e-03
Epoch 073 | train_loss=1.4143e-02 | train_eval_loss=1.3091e-02 | val_loss=1.3238e-02 | | lr=1.00e-03
Epoch 074 | train_loss=1.0833e-02 | train_eval_loss=1.0458e-02 | val_loss=1.0731e-02 | | lr=5.00e-04
Saved best model to results/thesis_model_results/outputs/loss_comparison_mtlsh/MTLSH__l1__minmax__seed42/mtlsh_state_dict_best.pt
Epoch 075 | train_loss=1.0370e-02 | train_eval_loss=1.0425e-02 | val_loss=1.0668e-02 | | lr=5.00e-04
Saved best model to results/thesis_model_results/outputs/loss_comparison_mtlsh/MTLSH__l1__minmax__seed42/mtlsh_state_dict_best.pt
Epoch 076 | train_loss=1.0459e-02 | train_eval_loss=1.0754e-02 | val_loss=1.0979e-02 | | lr=5.00e-04
Epoch 077 | train_loss=1.0388e-02 | train_eval_loss=1.0422e-02 | val_loss=1.0703e-02 | | lr=5.00e-04
Epoch 078 | train_loss=1.0312e-02 | train_eval_loss=1.0079e-02 | val_loss=1.0356e-02 | | lr=5.00e-04
Saved best model to results/thesis_model_results/outputs/loss_comparison_mtlsh/MTLSH__l1__minmax__seed42/mtlsh_state_dict_best.pt
Epoch 079 | train_loss=1.0445e-02 | train_eval_loss=1.0904e-02 | val_loss=1.1179e-02 | | lr=5.00e-04
Epoch 080 | train_loss=1.0760e-02 | train_eval_loss=1.0225e-02 | val_loss=1.0495e-02 | | lr=5.00e-04
Epoch 081 | train_loss=1.0145e-02 | train_eval_loss=1.0257e-02 | val_loss=1.0523e-02 | | lr=5.00e-04
Epoch 082 | train_loss=1.0237e-02 | train_eval_loss=1.0404e-02 | val_loss=1.0625e-02 | | lr=5.00e-04
Epoch 083 | train_loss=1.0423e-02 | train_eval_loss=1.0120e-02 | val_loss=1.0399e-02 | | lr=5.00e-04
Epoch 084 | train_loss=1.0299e-02 | train_eval_loss=9.9513e-03 | val_loss=1.0205e-02 | | lr=5.00e-04
Saved best model to results/thesis_model_results/outputs/loss_comparison_mtlsh/MTLSH__l1__minmax__seed42/mtlsh_state_dict_best.pt
Epoch 085 | train_loss=1.0211e-02 | train_eval_loss=1.0664e-02 | val_loss=1.0897e-02 | | lr=5.00e-04
Epoch 086 | train_loss=1.0366e-02 | train_eval_loss=1.1676e-02 | val_loss=1.1933e-02 | | lr=5.00e-04
Epoch 087 | train_loss=1.0612e-02 | train_eval_loss=1.1023e-02 | val_loss=1.1318e-02 | | lr=5.00e-04
Epoch 088 | train_loss=1.0753e-02 | train_eval_loss=1.0670e-02 | val_loss=1.0892e-02 | | lr=5.00e-04
Epoch 089 | train_loss=1.0082e-02 | train_eval_loss=1.0054e-02 | val_loss=1.0298e-02 | | lr=5.00e-04
Epoch 090 | train_loss=1.0073e-02 | train_eval_loss=1.0603e-02 | val_loss=1.0855e-02 | | lr=5.00e-04
Epoch 091 | train_loss=1.0409e-02 | train_eval_loss=9.8850e-03 | val_loss=1.0137e-02 | | lr=5.00e-04
Saved best model to results/thesis_model_results/outputs/loss_comparison_mtlsh/MTLSH__l1__minmax__seed42/mtlsh_state_dict_best.pt
Epoch 092 | train_loss=1.0069e-02 | train_eval_loss=1.0700e-02 | val_loss=1.0960e-02 | | lr=5.00e-04
Epoch 093 | train_loss=1.0296e-02 | train_eval_loss=1.0034e-02 | val_loss=1.0313e-02 | | lr=5.00e-04
Epoch 094 | train_loss=1.0326e-02 | train_eval_loss=1.0350e-02 | val_loss=1.0611e-02 | | lr=5.00e-04
Epoch 095 | train_loss=9.9909e-03 | train_eval_loss=9.9631e-03 | val_loss=1.0245e-02 | | lr=5.00e-04
Epoch 096 | train_loss=1.0334e-02 | train_eval_loss=9.5086e-03 | val_loss=9.7387e-03 | | lr=5.00e-04
Saved best model to results/thesis_model_results/outputs/loss_comparison_mtlsh/MTLSH__l1__minmax__seed42/mtlsh_state_dict_best.pt
Epoch 097 | train_loss=1.0294e-02 | train_eval_loss=9.8579e-03 | val_loss=1.0169e-02 | | lr=5.00e-04
Epoch 098 | train_loss=9.8322e-03 | train_eval_loss=1.0855e-02 | val_loss=1.1085e-02 | | lr=5.00e-04
Epoch 099 | train_loss=9.9874e-03 | train_eval_loss=1.0349e-02 | val_loss=1.0567e-02 | | lr=5.00e-04
Epoch 100 | train_loss=9.9836e-03 | train_eval_loss=9.9854e-03 | val_loss=1.0227e-02 | | lr=5.00e-04
Epoch 101 | train_loss=1.0112e-02 | train_eval_loss=9.5180e-03 | val_loss=9.8372e-03 | | lr=5.00e-04
Epoch 102 | train_loss=9.9806e-03 | train_eval_loss=1.0929e-02 | val_loss=1.1187e-02 | | lr=5.00e-04
Epoch 103 | train_loss=1.0196e-02 | train_eval_loss=1.0820e-02 | val_loss=1.1058e-02 | | lr=5.00e-04
Epoch 104 | train_loss=1.0744e-02 | train_eval_loss=9.8459e-03 | val_loss=1.0078e-02 | | lr=5.00e-04
Epoch 105 | train_loss=1.0059e-02 | train_eval_loss=1.1720e-02 | val_loss=1.1928e-02 | | lr=5.00e-04
Epoch 106 | train_loss=9.2981e-03 | train_eval_loss=8.9558e-03 | val_loss=9.2884e-03 | | lr=2.50e-04
Saved best model to results/thesis_model_results/outputs/loss_comparison_mtlsh/MTLSH__l1__minmax__seed42/mtlsh_state_dict_best.pt
Epoch 107 | train_loss=8.9113e-03 | train_eval_loss=8.7691e-03 | val_loss=9.0966e-03 | | lr=2.50e-04
Saved best model to results/thesis_model_results/outputs/loss_comparison_mtlsh/MTLSH__l1__minmax__seed42/mtlsh_state_dict_best.pt
Epoch 108 | train_loss=8.8071e-03 | train_eval_loss=9.0021e-03 | val_loss=9.3131e-03 | | lr=2.50e-04
Epoch 109 | train_loss=8.9169e-03 | train_eval_loss=8.8513e-03 | val_loss=9.2025e-03 | | lr=2.50e-04
Epoch 110 | train_loss=8.7894e-03 | train_eval_loss=8.8464e-03 | val_loss=9.1744e-03 | | lr=2.50e-04
Epoch 111 | train_loss=8.8454e-03 | train_eval_loss=9.4802e-03 | val_loss=9.7795e-03 | | lr=2.50e-04
Epoch 112 | train_loss=8.8537e-03 | train_eval_loss=8.9128e-03 | val_loss=9.2504e-03 | | lr=2.50e-04
Epoch 113 | train_loss=9.1201e-03 | train_eval_loss=8.8717e-03 | val_loss=9.1978e-03 | | lr=2.50e-04
Epoch 114 | train_loss=8.8949e-03 | train_eval_loss=8.6520e-03 | val_loss=9.0113e-03 | | lr=2.50e-04
Saved best model to results/thesis_model_results/outputs/loss_comparison_mtlsh/MTLSH__l1__minmax__seed42/mtlsh_state_dict_best.pt
Epoch 115 | train_loss=8.7785e-03 | train_eval_loss=8.5601e-03 | val_loss=8.9110e-03 | | lr=2.50e-04
Saved best model to results/thesis_model_results/outputs/loss_comparison_mtlsh/MTLSH__l1__minmax__seed42/mtlsh_state_dict_best.pt
Epoch 116 | train_loss=8.7609e-03 | train_eval_loss=8.7506e-03 | val_loss=9.0907e-03 | | lr=2.50e-04
Epoch 117 | train_loss=8.8399e-03 | train_eval_loss=8.8323e-03 | val_loss=9.1610e-03 | | lr=2.50e-04
Epoch 118 | train_loss=8.7891e-03 | train_eval_loss=9.0291e-03 | val_loss=9.3335e-03 | | lr=2.50e-04
Epoch 119 | train_loss=8.7450e-03 | train_eval_loss=8.6632e-03 | val_loss=9.0025e-03 | | lr=2.50e-04
Epoch 120 | train_loss=8.7952e-03 | train_eval_loss=9.0542e-03 | val_loss=9.4178e-03 | | lr=2.50e-04
Epoch 121 | train_loss=8.7152e-03 | train_eval_loss=8.6521e-03 | val_loss=8.9712e-03 | | lr=2.50e-04
Epoch 122 | train_loss=8.7170e-03 | train_eval_loss=8.6217e-03 | val_loss=8.9247e-03 | | lr=2.50e-04
Epoch 123 | train_loss=8.5881e-03 | train_eval_loss=8.7354e-03 | val_loss=9.0889e-03 | | lr=2.50e-04
Epoch 124 | train_loss=8.8575e-03 | train_eval_loss=8.4389e-03 | val_loss=8.7909e-03 | | lr=2.50e-04
Saved best model to results/thesis_model_results/outputs/loss_comparison_mtlsh/MTLSH__l1__minmax__seed42/mtlsh_state_dict_best.pt
Epoch 125 | train_loss=8.7250e-03 | train_eval_loss=8.8537e-03 | val_loss=9.2071e-03 | | lr=2.50e-04
Epoch 126 | train_loss=8.6574e-03 | train_eval_loss=8.4302e-03 | val_loss=8.7896e-03 | | lr=2.50e-04
Saved best model to results/thesis_model_results/outputs/loss_comparison_mtlsh/MTLSH__l1__minmax__seed42/mtlsh_state_dict_best.pt
Epoch 127 | train_loss=8.8549e-03 | train_eval_loss=9.0678e-03 | val_loss=9.3512e-03 | | lr=2.50e-04
Epoch 128 | train_loss=8.6931e-03 | train_eval_loss=8.5870e-03 | val_loss=8.9385e-03 | | lr=2.50e-04
Epoch 129 | train_loss=8.7386e-03 | train_eval_loss=8.8378e-03 | val_loss=9.1848e-03 | | lr=2.50e-04
Epoch 130 | train_loss=8.6196e-03 | train_eval_loss=8.5174e-03 | val_loss=8.8556e-03 | | lr=2.50e-04
Epoch 131 | train_loss=8.5903e-03 | train_eval_loss=8.6230e-03 | val_loss=8.9255e-03 | | lr=2.50e-04
Epoch 132 | train_loss=8.6599e-03 | train_eval_loss=8.6085e-03 | val_loss=8.9735e-03 | | lr=2.50e-04
Epoch 133 | train_loss=8.5853e-03 | train_eval_loss=8.7290e-03 | val_loss=9.0839e-03 | | lr=2.50e-04
Epoch 134 | train_loss=8.6108e-03 | train_eval_loss=8.5349e-03 | val_loss=8.8881e-03 | | lr=2.50e-04
Epoch 135 | train_loss=8.6014e-03 | train_eval_loss=8.7991e-03 | val_loss=9.1452e-03 | | lr=2.50e-04
Epoch 136 | train_loss=8.2473e-03 | train_eval_loss=8.1841e-03 | val_loss=8.5602e-03 | | lr=1.25e-04
Saved best model to results/thesis_model_results/outputs/loss_comparison_mtlsh/MTLSH__l1__minmax__seed42/mtlsh_state_dict_best.pt
Epoch 137 | train_loss=8.2014e-03 | train_eval_loss=8.1532e-03 | val_loss=8.5172e-03 | | lr=1.25e-04
Saved best model to results/thesis_model_results/outputs/loss_comparison_mtlsh/MTLSH__l1__minmax__seed42/mtlsh_state_dict_best.pt
Epoch 138 | train_loss=8.1990e-03 | train_eval_loss=8.4346e-03 | val_loss=8.8027e-03 | | lr=1.25e-04
Epoch 139 | train_loss=8.1964e-03 | train_eval_loss=8.1811e-03 | val_loss=8.5531e-03 | | lr=1.25e-04
Epoch 140 | train_loss=8.1521e-03 | train_eval_loss=8.1512e-03 | val_loss=8.5394e-03 | | lr=1.25e-04
Epoch 141 | train_loss=8.1809e-03 | train_eval_loss=8.0573e-03 | val_loss=8.4601e-03 | | lr=1.25e-04
Saved best model to results/thesis_model_results/outputs/loss_comparison_mtlsh/MTLSH__l1__minmax__seed42/mtlsh_state_dict_best.pt
Epoch 142 | train_loss=8.1316e-03 | train_eval_loss=8.1494e-03 | val_loss=8.5255e-03 | | lr=1.25e-04
Epoch 143 | train_loss=8.1730e-03 | train_eval_loss=8.2785e-03 | val_loss=8.6129e-03 | | lr=1.25e-04
Epoch 144 | train_loss=8.1202e-03 | train_eval_loss=8.1138e-03 | val_loss=8.4982e-03 | | lr=1.25e-04
Epoch 145 | train_loss=8.1712e-03 | train_eval_loss=8.1265e-03 | val_loss=8.4779e-03 | | lr=1.25e-04
Epoch 146 | train_loss=8.1194e-03 | train_eval_loss=8.0898e-03 | val_loss=8.4915e-03 | | lr=1.25e-04
Epoch 147 | train_loss=8.1617e-03 | train_eval_loss=8.2509e-03 | val_loss=8.5918e-03 | | lr=1.25e-04
Epoch 148 | train_loss=8.1659e-03 | train_eval_loss=8.5327e-03 | val_loss=8.8794e-03 | | lr=1.25e-04
Epoch 149 | train_loss=8.1590e-03 | train_eval_loss=8.1012e-03 | val_loss=8.4764e-03 | | lr=1.25e-04
Epoch 150 | train_loss=8.1754e-03 | train_eval_loss=8.2557e-03 | val_loss=8.6240e-03 | | lr=1.25e-04
Epoch 151 | train_loss=7.9860e-03 | train_eval_loss=7.9172e-03 | val_loss=8.2936e-03 | | lr=6.25e-05
Saved best model to results/thesis_model_results/outputs/loss_comparison_mtlsh/MTLSH__l1__minmax__seed42/mtlsh_state_dict_best.pt
Epoch 152 | train_loss=7.9531e-03 | train_eval_loss=7.9037e-03 | val_loss=8.2901e-03 | | lr=6.25e-05
Saved best model to results/thesis_model_results/outputs/loss_comparison_mtlsh/MTLSH__l1__minmax__seed42/mtlsh_state_dict_best.pt
Epoch 153 | train_loss=7.9411e-03 | train_eval_loss=7.9900e-03 | val_loss=8.3948e-03 | | lr=6.25e-05
Epoch 154 | train_loss=7.9455e-03 | train_eval_loss=7.9001e-03 | val_loss=8.2815e-03 | | lr=6.25e-05
Saved best model to results/thesis_model_results/outputs/loss_comparison_mtlsh/MTLSH__l1__minmax__seed42/mtlsh_state_dict_best.pt
Epoch 155 | train_loss=7.9286e-03 | train_eval_loss=7.9248e-03 | val_loss=8.2981e-03 | | lr=6.25e-05
Epoch 156 | train_loss=7.9411e-03 | train_eval_loss=7.9766e-03 | val_loss=8.3647e-03 | | lr=6.25e-05
Epoch 157 | train_loss=7.9273e-03 | train_eval_loss=7.8740e-03 | val_loss=8.2745e-03 | | lr=6.25e-05
Saved best model to results/thesis_model_results/outputs/loss_comparison_mtlsh/MTLSH__l1__minmax__seed42/mtlsh_state_dict_best.pt
Epoch 158 | train_loss=7.9295e-03 | train_eval_loss=7.8992e-03 | val_loss=8.3174e-03 | | lr=6.25e-05
Epoch 159 | train_loss=7.9214e-03 | train_eval_loss=7.9060e-03 | val_loss=8.3102e-03 | | lr=6.25e-05
Epoch 160 | train_loss=7.9254e-03 | train_eval_loss=7.9335e-03 | val_loss=8.3284e-03 | | lr=6.25e-05
Epoch 161 | train_loss=7.9139e-03 | train_eval_loss=7.9403e-03 | val_loss=8.3501e-03 | | lr=6.25e-05
Epoch 162 | train_loss=7.9368e-03 | train_eval_loss=8.0102e-03 | val_loss=8.4162e-03 | | lr=6.25e-05
Epoch 163 | train_loss=7.9256e-03 | train_eval_loss=7.8887e-03 | val_loss=8.2944e-03 | | lr=6.25e-05
Epoch 164 | train_loss=7.9307e-03 | train_eval_loss=8.0642e-03 | val_loss=8.4387e-03 | | lr=6.25e-05
Epoch 165 | train_loss=7.9135e-03 | train_eval_loss=7.9267e-03 | val_loss=8.2888e-03 | | lr=6.25e-05
Epoch 166 | train_loss=7.8950e-03 | train_eval_loss=7.8788e-03 | val_loss=8.2800e-03 | | lr=6.25e-05
Epoch 167 | train_loss=7.8194e-03 | train_eval_loss=7.8145e-03 | val_loss=8.2116e-03 | | lr=3.13e-05
Saved best model to results/thesis_model_results/outputs/loss_comparison_mtlsh/MTLSH__l1__minmax__seed42/mtlsh_state_dict_best.pt
Epoch 168 | train_loss=7.8172e-03 | train_eval_loss=7.7977e-03 | val_loss=8.2196e-03 | | lr=3.13e-05
Epoch 169 | train_loss=7.8012e-03 | train_eval_loss=7.7842e-03 | val_loss=8.1961e-03 | | lr=3.13e-05
Saved best model to results/thesis_model_results/outputs/loss_comparison_mtlsh/MTLSH__l1__minmax__seed42/mtlsh_state_dict_best.pt
Epoch 170 | train_loss=7.8242e-03 | train_eval_loss=7.8279e-03 | val_loss=8.2495e-03 | | lr=3.13e-05
Epoch 171 | train_loss=7.8092e-03 | train_eval_loss=7.7894e-03 | val_loss=8.2018e-03 | | lr=3.13e-05
Epoch 172 | train_loss=7.8129e-03 | train_eval_loss=7.7824e-03 | val_loss=8.1980e-03 | | lr=3.13e-05
Epoch 173 | train_loss=7.8000e-03 | train_eval_loss=7.7667e-03 | val_loss=8.1866e-03 | | lr=3.13e-05
Saved best model to results/thesis_model_results/outputs/loss_comparison_mtlsh/MTLSH__l1__minmax__seed42/mtlsh_state_dict_best.pt
Epoch 174 | train_loss=7.7958e-03 | train_eval_loss=7.7677e-03 | val_loss=8.1919e-03 | | lr=3.13e-05
Epoch 175 | train_loss=7.7975e-03 | train_eval_loss=7.8434e-03 | val_loss=8.2536e-03 | | lr=3.13e-05
Epoch 176 | train_loss=7.8085e-03 | train_eval_loss=7.7833e-03 | val_loss=8.1586e-03 | | lr=3.13e-05
Saved best model to results/thesis_model_results/outputs/loss_comparison_mtlsh/MTLSH__l1__minmax__seed42/mtlsh_state_dict_best.pt
Epoch 177 | train_loss=7.7980e-03 | train_eval_loss=7.7569e-03 | val_loss=8.1802e-03 | | lr=3.13e-05
Epoch 178 | train_loss=7.7857e-03 | train_eval_loss=7.7684e-03 | val_loss=8.1821e-03 | | lr=3.13e-05
Epoch 179 | train_loss=7.7765e-03 | train_eval_loss=7.7741e-03 | val_loss=8.1770e-03 | | lr=3.13e-05
Epoch 180 | train_loss=7.7742e-03 | train_eval_loss=7.7607e-03 | val_loss=8.1785e-03 | | lr=3.13e-05
Epoch 181 | train_loss=7.7748e-03 | train_eval_loss=7.8054e-03 | val_loss=8.2211e-03 | | lr=3.13e-05
Epoch 182 | train_loss=7.7716e-03 | train_eval_loss=7.7671e-03 | val_loss=8.2067e-03 | | lr=3.13e-05
Epoch 183 | train_loss=7.7815e-03 | train_eval_loss=7.7831e-03 | val_loss=8.2034e-03 | | lr=3.13e-05
Epoch 184 | train_loss=7.7716e-03 | train_eval_loss=7.7882e-03 | val_loss=8.1868e-03 | | lr=3.13e-05
Epoch 185 | train_loss=7.7672e-03 | train_eval_loss=7.7883e-03 | val_loss=8.2019e-03 | | lr=3.13e-05
Epoch 186 | train_loss=7.7313e-03 | train_eval_loss=7.7160e-03 | val_loss=8.1293e-03 | | lr=1.56e-05
Saved best model to results/thesis_model_results/outputs/loss_comparison_mtlsh/MTLSH__l1__minmax__seed42/mtlsh_state_dict_best.pt
Epoch 187 | train_loss=7.7114e-03 | train_eval_loss=7.7060e-03 | val_loss=8.1237e-03 | | lr=1.56e-05
Saved best model to results/thesis_model_results/outputs/loss_comparison_mtlsh/MTLSH__l1__minmax__seed42/mtlsh_state_dict_best.pt
Epoch 188 | train_loss=7.7183e-03 | train_eval_loss=7.7430e-03 | val_loss=8.1663e-03 | | lr=1.56e-05
Epoch 189 | train_loss=7.7357e-03 | train_eval_loss=7.6960e-03 | val_loss=8.1166e-03 | | lr=1.56e-05
Saved best model to results/thesis_model_results/outputs/loss_comparison_mtlsh/MTLSH__l1__minmax__seed42/mtlsh_state_dict_best.pt
Epoch 190 | train_loss=7.7194e-03 | train_eval_loss=7.7049e-03 | val_loss=8.1156e-03 | | lr=1.56e-05
Saved best model to results/thesis_model_results/outputs/loss_comparison_mtlsh/MTLSH__l1__minmax__seed42/mtlsh_state_dict_best.pt
Epoch 191 | train_loss=7.7153e-03 | train_eval_loss=7.6884e-03 | val_loss=8.1084e-03 | | lr=1.56e-05
Saved best model to results/thesis_model_results/outputs/loss_comparison_mtlsh/MTLSH__l1__minmax__seed42/mtlsh_state_dict_best.pt
Epoch 192 | train_loss=7.7104e-03 | train_eval_loss=7.7138e-03 | val_loss=8.1395e-03 | | lr=1.56e-05
Epoch 193 | train_loss=7.7139e-03 | train_eval_loss=7.7139e-03 | val_loss=8.1375e-03 | | lr=1.56e-05
Epoch 194 | train_loss=7.7142e-03 | train_eval_loss=7.7047e-03 | val_loss=8.1305e-03 | | lr=1.56e-05
Epoch 195 | train_loss=7.7101e-03 | train_eval_loss=7.6838e-03 | val_loss=8.1041e-03 | | lr=1.56e-05
Saved best model to results/thesis_model_results/outputs/loss_comparison_mtlsh/MTLSH__l1__minmax__seed42/mtlsh_state_dict_best.pt
Epoch 196 | train_loss=7.7108e-03 | train_eval_loss=7.6875e-03 | val_loss=8.1110e-03 | | lr=1.56e-05
Epoch 197 | train_loss=7.7087e-03 | train_eval_loss=7.6792e-03 | val_loss=8.0956e-03 | | lr=1.56e-05
Saved best model to results/thesis_model_results/outputs/loss_comparison_mtlsh/MTLSH__l1__minmax__seed42/mtlsh_state_dict_best.pt
Epoch 198 | train_loss=7.7063e-03 | train_eval_loss=7.6971e-03 | val_loss=8.1338e-03 | | lr=1.56e-05
Epoch 199 | train_loss=7.7073e-03 | train_eval_loss=7.6881e-03 | val_loss=8.1144e-03 | | lr=1.56e-05
Epoch 200 | train_loss=7.7157e-03 | train_eval_loss=7.6949e-03 | val_loss=8.1157e-03 | | lr=1.56e-05
Saved training logs to results/thesis_model_results/outputs/loss_comparison_mtlsh/MTLSH__l1__minmax__seed42/training_summary.txt
Test RMSE(rocof_COI) = 0.0125 | norm: 0.0095 | real_diff: 0.0070
Test RMSE(dev_COI) = 0.0190 | norm: 0.0071 | real_diff: 0.0071
Test RMSE(Delta_P_IBR_1) = 0.1085 | norm: 0.0171 | real_diff: 0.0598
Test RMSE(Delta_P_IBR_2) = 0.1092 | norm: 0.0152 | real_diff: 0.0488
Test RMSE(Delta_P_IBR_3) = 0.1890 | norm: 0.0332 | real_diff: 0.0787
Test RMSE(Delta_P_IBR_4) = 0.1918 | norm: 0.0198 | real_diff: 0.0983
Saved RMSE results to results/thesis_model_results/outputs/loss_comparison_mtlsh/MTLSH__l1__minmax__seed42/rmse_results.txt
Saved detailed metrics to results/thesis_model_results/outputs/loss_comparison_mtlsh/MTLSH__l1__minmax__seed42/metrics_by_target.csv
Saved aggregate metrics to results/thesis_model_results/outputs/loss_comparison_mtlsh/MTLSH__l1__minmax__seed42/metrics_summary.json
Saved loss curves to results/thesis_model_results/outputs/loss_comparison_mtlsh/MTLSH__l1__minmax__seed42/loss_curve.png
Saved scatter plot results/thesis_model_results/outputs/loss_comparison_mtlsh/MTLSH__l1__minmax__seed42/scatter_rocof_COI.png
Saved scatter plot results/thesis_model_results/outputs/loss_comparison_mtlsh/MTLSH__l1__minmax__seed42/scatter_dev_COI.png
Saved scatter plot results/thesis_model_results/outputs/loss_comparison_mtlsh/MTLSH__l1__minmax__seed42/scatter_Delta_P_IBR_1.png
Saved scatter plot results/thesis_model_results/outputs/loss_comparison_mtlsh/MTLSH__l1__minmax__seed42/scatter_Delta_P_IBR_2.png
Saved scatter plot results/thesis_model_results/outputs/loss_comparison_mtlsh/MTLSH__l1__minmax__seed42/scatter_Delta_P_IBR_3.png
Saved scatter plot results/thesis_model_results/outputs/loss_comparison_mtlsh/MTLSH__l1__minmax__seed42/scatter_Delta_P_IBR_4.png
Saved model to results/thesis_model_results/outputs/loss_comparison_mtlsh/MTLSH__l1__minmax__seed42/mtlsh_state_dict.pt
Loss type: smooth_l1 | weights=[]
Target stats (scaled):
train mean=[0.549  0.589  0.492  0.4884 0.4785 0.4192]
train std=[0.1365 0.1371 0.1141 0.1063 0.1158 0.1138]
train q05=[0.3074 0.3979 0.3192 0.303  0.3347 0.2205]
train q95=[0.7933 0.8652 0.6719 0.6491 0.6927 0.6016]
val mean=[0.5473 0.5873 0.4922 0.4893 0.4798 0.4201]
val std=[0.1343 0.1348 0.1123 0.1072 0.1141 0.1112]
val q05=[0.3103 0.3982 0.3195 0.303  0.3376 0.2251]
val q95=[0.7886 0.8626 0.6731 0.6514 0.6918 0.5984]
val/train std ratio=[0.984  0.9828 0.9844 1.0084 0.9848 0.9772]
LR scheduler: ReduceLROnPlateau (factor=0.5, patience=8, min_lr=1e-07)
Epoch 001 | train_loss=1.3923e-02 | train_eval_loss=6.9948e-03 | val_loss=6.8073e-03 | | lr=1.00e-03
Saved best model to results/thesis_model_results/outputs/loss_comparison_mtlsh/MTLSH__smooth_l1__minmax__seed42/mtlsh_state_dict_best.pt
Epoch 002 | train_loss=4.9453e-03 | train_eval_loss=2.1856e-03 | val_loss=2.1582e-03 | | lr=1.00e-03
Saved best model to results/thesis_model_results/outputs/loss_comparison_mtlsh/MTLSH__smooth_l1__minmax__seed42/mtlsh_state_dict_best.pt
Epoch 003 | train_loss=1.7830e-03 | train_eval_loss=1.5499e-03 | val_loss=1.5291e-03 | | lr=1.00e-03
Saved best model to results/thesis_model_results/outputs/loss_comparison_mtlsh/MTLSH__smooth_l1__minmax__seed42/mtlsh_state_dict_best.pt
Epoch 004 | train_loss=1.3475e-03 | train_eval_loss=1.1661e-03 | val_loss=1.1476e-03 | | lr=1.00e-03
Saved best model to results/thesis_model_results/outputs/loss_comparison_mtlsh/MTLSH__smooth_l1__minmax__seed42/mtlsh_state_dict_best.pt
Epoch 005 | train_loss=1.0723e-03 | train_eval_loss=9.4944e-04 | val_loss=9.3352e-04 | | lr=1.00e-03
Saved best model to results/thesis_model_results/outputs/loss_comparison_mtlsh/MTLSH__smooth_l1__minmax__seed42/mtlsh_state_dict_best.pt
Epoch 006 | train_loss=9.6830e-04 | train_eval_loss=9.4100e-04 | val_loss=9.2508e-04 | | lr=1.00e-03
Saved best model to results/thesis_model_results/outputs/loss_comparison_mtlsh/MTLSH__smooth_l1__minmax__seed42/mtlsh_state_dict_best.pt
Epoch 007 | train_loss=8.6067e-04 | train_eval_loss=8.3047e-04 | val_loss=8.1694e-04 | | lr=1.00e-03
Saved best model to results/thesis_model_results/outputs/loss_comparison_mtlsh/MTLSH__smooth_l1__minmax__seed42/mtlsh_state_dict_best.pt
Epoch 008 | train_loss=8.3393e-04 | train_eval_loss=8.1981e-04 | val_loss=8.0484e-04 | | lr=1.00e-03
Saved best model to results/thesis_model_results/outputs/loss_comparison_mtlsh/MTLSH__smooth_l1__minmax__seed42/mtlsh_state_dict_best.pt
Epoch 009 | train_loss=7.9836e-04 | train_eval_loss=7.5226e-04 | val_loss=7.4264e-04 | | lr=1.00e-03
Saved best model to results/thesis_model_results/outputs/loss_comparison_mtlsh/MTLSH__smooth_l1__minmax__seed42/mtlsh_state_dict_best.pt
Epoch 010 | train_loss=7.7336e-04 | train_eval_loss=7.9699e-04 | val_loss=7.9001e-04 | | lr=1.00e-03
Epoch 011 | train_loss=7.3116e-04 | train_eval_loss=7.1407e-04 | val_loss=7.0724e-04 | | lr=1.00e-03
Saved best model to results/thesis_model_results/outputs/loss_comparison_mtlsh/MTLSH__smooth_l1__minmax__seed42/mtlsh_state_dict_best.pt
Epoch 012 | train_loss=6.9590e-04 | train_eval_loss=7.0507e-04 | val_loss=6.9242e-04 | | lr=1.00e-03
Saved best model to results/thesis_model_results/outputs/loss_comparison_mtlsh/MTLSH__smooth_l1__minmax__seed42/mtlsh_state_dict_best.pt
Epoch 013 | train_loss=6.9349e-04 | train_eval_loss=6.4582e-04 | val_loss=6.3834e-04 | | lr=1.00e-03
Saved best model to results/thesis_model_results/outputs/loss_comparison_mtlsh/MTLSH__smooth_l1__minmax__seed42/mtlsh_state_dict_best.pt
Epoch 014 | train_loss=6.5918e-04 | train_eval_loss=6.4120e-04 | val_loss=6.3709e-04 | | lr=1.00e-03
Saved best model to results/thesis_model_results/outputs/loss_comparison_mtlsh/MTLSH__smooth_l1__minmax__seed42/mtlsh_state_dict_best.pt
Epoch 015 | train_loss=6.5559e-04 | train_eval_loss=6.3797e-04 | val_loss=6.3052e-04 | | lr=1.00e-03
Saved best model to results/thesis_model_results/outputs/loss_comparison_mtlsh/MTLSH__smooth_l1__minmax__seed42/mtlsh_state_dict_best.pt
Epoch 016 | train_loss=6.4000e-04 | train_eval_loss=6.0807e-04 | val_loss=6.0241e-04 | | lr=1.00e-03
Saved best model to results/thesis_model_results/outputs/loss_comparison_mtlsh/MTLSH__smooth_l1__minmax__seed42/mtlsh_state_dict_best.pt
Epoch 017 | train_loss=6.1950e-04 | train_eval_loss=6.7002e-04 | val_loss=6.6968e-04 | | lr=1.00e-03
Epoch 018 | train_loss=6.0062e-04 | train_eval_loss=5.8556e-04 | val_loss=5.8443e-04 | | lr=1.00e-03
Saved best model to results/thesis_model_results/outputs/loss_comparison_mtlsh/MTLSH__smooth_l1__minmax__seed42/mtlsh_state_dict_best.pt
Epoch 019 | train_loss=5.7731e-04 | train_eval_loss=5.3561e-04 | val_loss=5.3203e-04 | | lr=1.00e-03
Saved best model to results/thesis_model_results/outputs/loss_comparison_mtlsh/MTLSH__smooth_l1__minmax__seed42/mtlsh_state_dict_best.pt
Epoch 020 | train_loss=5.7022e-04 | train_eval_loss=5.6624e-04 | val_loss=5.6627e-04 | | lr=1.00e-03
Epoch 021 | train_loss=5.4972e-04 | train_eval_loss=5.2900e-04 | val_loss=5.2729e-04 | | lr=1.00e-03
Saved best model to results/thesis_model_results/outputs/loss_comparison_mtlsh/MTLSH__smooth_l1__minmax__seed42/mtlsh_state_dict_best.pt
Epoch 022 | train_loss=5.4117e-04 | train_eval_loss=5.9918e-04 | val_loss=6.0101e-04 | | lr=1.00e-03
Epoch 023 | train_loss=5.3809e-04 | train_eval_loss=5.2701e-04 | val_loss=5.2776e-04 | | lr=1.00e-03
Epoch 024 | train_loss=5.0316e-04 | train_eval_loss=6.1783e-04 | val_loss=6.1192e-04 | | lr=1.00e-03
Epoch 025 | train_loss=4.9624e-04 | train_eval_loss=5.5027e-04 | val_loss=5.4842e-04 | | lr=1.00e-03
Epoch 026 | train_loss=4.8293e-04 | train_eval_loss=4.4790e-04 | val_loss=4.4947e-04 | | lr=1.00e-03
Saved best model to results/thesis_model_results/outputs/loss_comparison_mtlsh/MTLSH__smooth_l1__minmax__seed42/mtlsh_state_dict_best.pt
Epoch 027 | train_loss=4.8590e-04 | train_eval_loss=4.9641e-04 | val_loss=4.9539e-04 | | lr=1.00e-03
Epoch 028 | train_loss=4.7923e-04 | train_eval_loss=5.0417e-04 | val_loss=5.0322e-04 | | lr=1.00e-03
Epoch 029 | train_loss=4.4025e-04 | train_eval_loss=4.4954e-04 | val_loss=4.4681e-04 | | lr=1.00e-03
Saved best model to results/thesis_model_results/outputs/loss_comparison_mtlsh/MTLSH__smooth_l1__minmax__seed42/mtlsh_state_dict_best.pt
Epoch 030 | train_loss=4.6407e-04 | train_eval_loss=4.0136e-04 | val_loss=4.0004e-04 | | lr=1.00e-03
Saved best model to results/thesis_model_results/outputs/loss_comparison_mtlsh/MTLSH__smooth_l1__minmax__seed42/mtlsh_state_dict_best.pt
Epoch 031 | train_loss=4.3194e-04 | train_eval_loss=4.2649e-04 | val_loss=4.2350e-04 | | lr=1.00e-03
Epoch 032 | train_loss=5.1445e-04 | train_eval_loss=4.9101e-04 | val_loss=4.9498e-04 | | lr=1.00e-03
Epoch 033 | train_loss=4.0485e-04 | train_eval_loss=4.0141e-04 | val_loss=4.0332e-04 | | lr=1.00e-03
Epoch 034 | train_loss=4.0005e-04 | train_eval_loss=3.9454e-04 | val_loss=3.9493e-04 | | lr=1.00e-03
Saved best model to results/thesis_model_results/outputs/loss_comparison_mtlsh/MTLSH__smooth_l1__minmax__seed42/mtlsh_state_dict_best.pt
Epoch 035 | train_loss=4.4277e-04 | train_eval_loss=4.0607e-04 | val_loss=4.0460e-04 | | lr=1.00e-03
Epoch 036 | train_loss=3.9821e-04 | train_eval_loss=3.7132e-04 | val_loss=3.7342e-04 | | lr=1.00e-03
Saved best model to results/thesis_model_results/outputs/loss_comparison_mtlsh/MTLSH__smooth_l1__minmax__seed42/mtlsh_state_dict_best.pt
Epoch 037 | train_loss=4.1114e-04 | train_eval_loss=4.3721e-04 | val_loss=4.3772e-04 | | lr=1.00e-03
Epoch 038 | train_loss=3.8641e-04 | train_eval_loss=3.6633e-04 | val_loss=3.6741e-04 | | lr=1.00e-03
Saved best model to results/thesis_model_results/outputs/loss_comparison_mtlsh/MTLSH__smooth_l1__minmax__seed42/mtlsh_state_dict_best.pt
Epoch 039 | train_loss=3.7645e-04 | train_eval_loss=4.0464e-04 | val_loss=4.0082e-04 | | lr=1.00e-03
Epoch 040 | train_loss=3.8180e-04 | train_eval_loss=4.8635e-04 | val_loss=4.8469e-04 | | lr=1.00e-03
Epoch 041 | train_loss=3.7873e-04 | train_eval_loss=3.7456e-04 | val_loss=3.7412e-04 | | lr=1.00e-03
Epoch 042 | train_loss=3.5354e-04 | train_eval_loss=3.6566e-04 | val_loss=3.6573e-04 | | lr=1.00e-03
Saved best model to results/thesis_model_results/outputs/loss_comparison_mtlsh/MTLSH__smooth_l1__minmax__seed42/mtlsh_state_dict_best.pt
Epoch 043 | train_loss=3.6711e-04 | train_eval_loss=3.4177e-04 | val_loss=3.4108e-04 | | lr=1.00e-03
Saved best model to results/thesis_model_results/outputs/loss_comparison_mtlsh/MTLSH__smooth_l1__minmax__seed42/mtlsh_state_dict_best.pt
Epoch 044 | train_loss=4.1157e-04 | train_eval_loss=3.9578e-04 | val_loss=3.9215e-04 | | lr=1.00e-03
Epoch 045 | train_loss=3.3996e-04 | train_eval_loss=3.3202e-04 | val_loss=3.3142e-04 | | lr=1.00e-03
Saved best model to results/thesis_model_results/outputs/loss_comparison_mtlsh/MTLSH__smooth_l1__minmax__seed42/mtlsh_state_dict_best.pt
Epoch 046 | train_loss=3.3295e-04 | train_eval_loss=3.9882e-04 | val_loss=4.0046e-04 | | lr=1.00e-03
Epoch 047 | train_loss=3.7280e-04 | train_eval_loss=4.1287e-04 | val_loss=4.0914e-04 | | lr=1.00e-03
Epoch 048 | train_loss=3.4197e-04 | train_eval_loss=3.3215e-04 | val_loss=3.2987e-04 | | lr=1.00e-03
Saved best model to results/thesis_model_results/outputs/loss_comparison_mtlsh/MTLSH__smooth_l1__minmax__seed42/mtlsh_state_dict_best.pt
Epoch 049 | train_loss=3.5479e-04 | train_eval_loss=4.0940e-04 | val_loss=4.0803e-04 | | lr=1.00e-03
Epoch 050 | train_loss=3.2926e-04 | train_eval_loss=3.4623e-04 | val_loss=3.4502e-04 | | lr=1.00e-03
Epoch 051 | train_loss=3.2221e-04 | train_eval_loss=3.2726e-04 | val_loss=3.2427e-04 | | lr=1.00e-03
Saved best model to results/thesis_model_results/outputs/loss_comparison_mtlsh/MTLSH__smooth_l1__minmax__seed42/mtlsh_state_dict_best.pt
Epoch 052 | train_loss=3.4306e-04 | train_eval_loss=3.3911e-04 | val_loss=3.3372e-04 | | lr=1.00e-03
Epoch 053 | train_loss=3.1189e-04 | train_eval_loss=3.1111e-04 | val_loss=3.1227e-04 | | lr=1.00e-03
Saved best model to results/thesis_model_results/outputs/loss_comparison_mtlsh/MTLSH__smooth_l1__minmax__seed42/mtlsh_state_dict_best.pt
Epoch 054 | train_loss=3.8108e-04 | train_eval_loss=3.4788e-04 | val_loss=3.4978e-04 | | lr=1.00e-03
Epoch 055 | train_loss=3.2514e-04 | train_eval_loss=2.9957e-04 | val_loss=2.9656e-04 | | lr=1.00e-03
Saved best model to results/thesis_model_results/outputs/loss_comparison_mtlsh/MTLSH__smooth_l1__minmax__seed42/mtlsh_state_dict_best.pt
Epoch 056 | train_loss=3.2494e-04 | train_eval_loss=4.0862e-04 | val_loss=4.1241e-04 | | lr=1.00e-03
Epoch 057 | train_loss=3.1513e-04 | train_eval_loss=2.8803e-04 | val_loss=2.8719e-04 | | lr=1.00e-03
Saved best model to results/thesis_model_results/outputs/loss_comparison_mtlsh/MTLSH__smooth_l1__minmax__seed42/mtlsh_state_dict_best.pt
Epoch 058 | train_loss=3.7950e-04 | train_eval_loss=2.8915e-04 | val_loss=2.8573e-04 | | lr=1.00e-03
Saved best model to results/thesis_model_results/outputs/loss_comparison_mtlsh/MTLSH__smooth_l1__minmax__seed42/mtlsh_state_dict_best.pt
Epoch 059 | train_loss=3.0506e-04 | train_eval_loss=2.8986e-04 | val_loss=2.8730e-04 | | lr=1.00e-03
Epoch 060 | train_loss=3.0424e-04 | train_eval_loss=3.5323e-04 | val_loss=3.5078e-04 | | lr=1.00e-03
Epoch 061 | train_loss=3.0560e-04 | train_eval_loss=3.4618e-04 | val_loss=3.4678e-04 | | lr=1.00e-03
Epoch 062 | train_loss=3.1279e-04 | train_eval_loss=3.2179e-04 | val_loss=3.2405e-04 | | lr=1.00e-03
Epoch 063 | train_loss=3.4236e-04 | train_eval_loss=3.1430e-04 | val_loss=3.1896e-04 | | lr=1.00e-03
Epoch 064 | train_loss=2.8098e-04 | train_eval_loss=3.3116e-04 | val_loss=3.3197e-04 | | lr=1.00e-03
Epoch 065 | train_loss=2.8542e-04 | train_eval_loss=2.5934e-04 | val_loss=2.6139e-04 | | lr=1.00e-03
Saved best model to results/thesis_model_results/outputs/loss_comparison_mtlsh/MTLSH__smooth_l1__minmax__seed42/mtlsh_state_dict_best.pt
Epoch 066 | train_loss=3.0422e-04 | train_eval_loss=3.1155e-04 | val_loss=3.1557e-04 | | lr=1.00e-03
Epoch 067 | train_loss=2.7641e-04 | train_eval_loss=2.8177e-04 | val_loss=2.8912e-04 | | lr=1.00e-03
Epoch 068 | train_loss=3.1224e-04 | train_eval_loss=2.9377e-04 | val_loss=2.9641e-04 | | lr=1.00e-03
Epoch 069 | train_loss=3.0505e-04 | train_eval_loss=2.9950e-04 | val_loss=3.0449e-04 | | lr=1.00e-03
Epoch 070 | train_loss=3.2418e-04 | train_eval_loss=4.1022e-04 | val_loss=4.1888e-04 | | lr=1.00e-03
Epoch 071 | train_loss=2.8685e-04 | train_eval_loss=2.6867e-04 | val_loss=2.7281e-04 | | lr=1.00e-03
Epoch 072 | train_loss=2.6216e-04 | train_eval_loss=2.7882e-04 | val_loss=2.8424e-04 | | lr=1.00e-03
Epoch 073 | train_loss=2.8784e-04 | train_eval_loss=4.0276e-04 | val_loss=4.0315e-04 | | lr=1.00e-03
Epoch 074 | train_loss=2.8881e-04 | train_eval_loss=2.4836e-04 | val_loss=2.5440e-04 | | lr=1.00e-03
Saved best model to results/thesis_model_results/outputs/loss_comparison_mtlsh/MTLSH__smooth_l1__minmax__seed42/mtlsh_state_dict_best.pt
Epoch 075 | train_loss=2.6527e-04 | train_eval_loss=2.6933e-04 | val_loss=2.7313e-04 | | lr=1.00e-03
Epoch 076 | train_loss=2.7666e-04 | train_eval_loss=3.6337e-04 | val_loss=3.6692e-04 | | lr=1.00e-03
Epoch 077 | train_loss=3.0516e-04 | train_eval_loss=3.5247e-04 | val_loss=3.5881e-04 | | lr=1.00e-03
Epoch 078 | train_loss=2.6936e-04 | train_eval_loss=2.7848e-04 | val_loss=2.8702e-04 | | lr=1.00e-03
Epoch 079 | train_loss=2.5470e-04 | train_eval_loss=3.2753e-04 | val_loss=3.3235e-04 | | lr=1.00e-03
Epoch 080 | train_loss=2.9482e-04 | train_eval_loss=2.5194e-04 | val_loss=2.5542e-04 | | lr=1.00e-03
Epoch 081 | train_loss=2.8576e-04 | train_eval_loss=2.6816e-04 | val_loss=2.7423e-04 | | lr=1.00e-03
Epoch 082 | train_loss=2.6462e-04 | train_eval_loss=2.4142e-04 | val_loss=2.4737e-04 | | lr=1.00e-03
Saved best model to results/thesis_model_results/outputs/loss_comparison_mtlsh/MTLSH__smooth_l1__minmax__seed42/mtlsh_state_dict_best.pt
Epoch 083 | train_loss=2.6144e-04 | train_eval_loss=2.4366e-04 | val_loss=2.5020e-04 | | lr=1.00e-03
Epoch 084 | train_loss=2.5059e-04 | train_eval_loss=2.3677e-04 | val_loss=2.4587e-04 | | lr=1.00e-03
Saved best model to results/thesis_model_results/outputs/loss_comparison_mtlsh/MTLSH__smooth_l1__minmax__seed42/mtlsh_state_dict_best.pt
Epoch 085 | train_loss=2.7236e-04 | train_eval_loss=2.3601e-04 | val_loss=2.4538e-04 | | lr=1.00e-03
Saved best model to results/thesis_model_results/outputs/loss_comparison_mtlsh/MTLSH__smooth_l1__minmax__seed42/mtlsh_state_dict_best.pt
Epoch 086 | train_loss=2.6155e-04 | train_eval_loss=2.4119e-04 | val_loss=2.5150e-04 | | lr=1.00e-03
Epoch 087 | train_loss=2.6104e-04 | train_eval_loss=2.5229e-04 | val_loss=2.5775e-04 | | lr=1.00e-03
Epoch 088 | train_loss=2.8707e-04 | train_eval_loss=2.8684e-04 | val_loss=2.9425e-04 | | lr=1.00e-03
Epoch 089 | train_loss=2.6348e-04 | train_eval_loss=3.4408e-04 | val_loss=3.5658e-04 | | lr=1.00e-03
Epoch 090 | train_loss=2.5920e-04 | train_eval_loss=2.8393e-04 | val_loss=2.9316e-04 | | lr=1.00e-03
Epoch 091 | train_loss=2.7332e-04 | train_eval_loss=2.5746e-04 | val_loss=2.6703e-04 | | lr=1.00e-03
Epoch 092 | train_loss=2.4484e-04 | train_eval_loss=2.3875e-04 | val_loss=2.5014e-04 | | lr=1.00e-03
Epoch 093 | train_loss=2.4617e-04 | train_eval_loss=2.7259e-04 | val_loss=2.8140e-04 | | lr=1.00e-03
Epoch 094 | train_loss=2.5427e-04 | train_eval_loss=2.6151e-04 | val_loss=2.7129e-04 | | lr=1.00e-03
Epoch 095 | train_loss=2.1645e-04 | train_eval_loss=2.0886e-04 | val_loss=2.1722e-04 | | lr=5.00e-04
Saved best model to results/thesis_model_results/outputs/loss_comparison_mtlsh/MTLSH__smooth_l1__minmax__seed42/mtlsh_state_dict_best.pt
Epoch 096 | train_loss=2.0285e-04 | train_eval_loss=2.0322e-04 | val_loss=2.1542e-04 | | lr=5.00e-04
Saved best model to results/thesis_model_results/outputs/loss_comparison_mtlsh/MTLSH__smooth_l1__minmax__seed42/mtlsh_state_dict_best.pt
Epoch 097 | train_loss=2.0422e-04 | train_eval_loss=1.9719e-04 | val_loss=2.1076e-04 | | lr=5.00e-04
Saved best model to results/thesis_model_results/outputs/loss_comparison_mtlsh/MTLSH__smooth_l1__minmax__seed42/mtlsh_state_dict_best.pt
Epoch 098 | train_loss=1.9711e-04 | train_eval_loss=2.0933e-04 | val_loss=2.1909e-04 | | lr=5.00e-04
Epoch 099 | train_loss=2.0119e-04 | train_eval_loss=1.8874e-04 | val_loss=2.0092e-04 | | lr=5.00e-04
Saved best model to results/thesis_model_results/outputs/loss_comparison_mtlsh/MTLSH__smooth_l1__minmax__seed42/mtlsh_state_dict_best.pt
Epoch 100 | train_loss=1.9956e-04 | train_eval_loss=1.8776e-04 | val_loss=1.9997e-04 | | lr=5.00e-04
Saved best model to results/thesis_model_results/outputs/loss_comparison_mtlsh/MTLSH__smooth_l1__minmax__seed42/mtlsh_state_dict_best.pt
Epoch 101 | train_loss=1.9829e-04 | train_eval_loss=1.9859e-04 | val_loss=2.1128e-04 | | lr=5.00e-04
Epoch 102 | train_loss=1.9675e-04 | train_eval_loss=2.2307e-04 | val_loss=2.3487e-04 | | lr=5.00e-04
Epoch 103 | train_loss=2.0513e-04 | train_eval_loss=2.1562e-04 | val_loss=2.2859e-04 | | lr=5.00e-04
Epoch 104 | train_loss=2.0884e-04 | train_eval_loss=2.0266e-04 | val_loss=2.1585e-04 | | lr=5.00e-04
Epoch 105 | train_loss=1.9600e-04 | train_eval_loss=1.9202e-04 | val_loss=2.0532e-04 | | lr=5.00e-04
Epoch 106 | train_loss=2.0034e-04 | train_eval_loss=1.9783e-04 | val_loss=2.1127e-04 | | lr=5.00e-04
Epoch 107 | train_loss=2.0017e-04 | train_eval_loss=2.1082e-04 | val_loss=2.2322e-04 | | lr=5.00e-04
Epoch 108 | train_loss=1.9311e-04 | train_eval_loss=1.9524e-04 | val_loss=2.0888e-04 | | lr=5.00e-04
Epoch 109 | train_loss=2.0334e-04 | train_eval_loss=2.0722e-04 | val_loss=2.2092e-04 | | lr=5.00e-04
Epoch 110 | train_loss=1.8381e-04 | train_eval_loss=1.8224e-04 | val_loss=1.9752e-04 | | lr=2.50e-04
Saved best model to results/thesis_model_results/outputs/loss_comparison_mtlsh/MTLSH__smooth_l1__minmax__seed42/mtlsh_state_dict_best.pt
Epoch 111 | train_loss=1.8190e-04 | train_eval_loss=1.7506e-04 | val_loss=1.9174e-04 | | lr=2.50e-04
Saved best model to results/thesis_model_results/outputs/loss_comparison_mtlsh/MTLSH__smooth_l1__minmax__seed42/mtlsh_state_dict_best.pt
Epoch 112 | train_loss=1.7809e-04 | train_eval_loss=1.7685e-04 | val_loss=1.9280e-04 | | lr=2.50e-04
Epoch 113 | train_loss=1.8144e-04 | train_eval_loss=1.7907e-04 | val_loss=1.9506e-04 | | lr=2.50e-04
Epoch 114 | train_loss=1.8115e-04 | train_eval_loss=1.7281e-04 | val_loss=1.8861e-04 | | lr=2.50e-04
Saved best model to results/thesis_model_results/outputs/loss_comparison_mtlsh/MTLSH__smooth_l1__minmax__seed42/mtlsh_state_dict_best.pt
Epoch 115 | train_loss=1.7981e-04 | train_eval_loss=1.7864e-04 | val_loss=1.9411e-04 | | lr=2.50e-04
Epoch 116 | train_loss=1.7874e-04 | train_eval_loss=1.7810e-04 | val_loss=1.9615e-04 | | lr=2.50e-04
Epoch 117 | train_loss=1.8054e-04 | train_eval_loss=1.7935e-04 | val_loss=1.9624e-04 | | lr=2.50e-04
Epoch 118 | train_loss=1.8216e-04 | train_eval_loss=1.7925e-04 | val_loss=1.9636e-04 | | lr=2.50e-04
Epoch 119 | train_loss=1.7896e-04 | train_eval_loss=1.7205e-04 | val_loss=1.8893e-04 | | lr=2.50e-04
Epoch 120 | train_loss=1.7905e-04 | train_eval_loss=1.7777e-04 | val_loss=1.9572e-04 | | lr=2.50e-04
Epoch 121 | train_loss=1.7933e-04 | train_eval_loss=1.7850e-04 | val_loss=1.9567e-04 | | lr=2.50e-04
Epoch 122 | train_loss=1.8579e-04 | train_eval_loss=1.7193e-04 | val_loss=1.8803e-04 | | lr=2.50e-04
Saved best model to results/thesis_model_results/outputs/loss_comparison_mtlsh/MTLSH__smooth_l1__minmax__seed42/mtlsh_state_dict_best.pt
Epoch 123 | train_loss=1.7736e-04 | train_eval_loss=1.8524e-04 | val_loss=2.0306e-04 | | lr=2.50e-04
Epoch 124 | train_loss=1.7531e-04 | train_eval_loss=1.7244e-04 | val_loss=1.9124e-04 | | lr=2.50e-04
Epoch 125 | train_loss=1.7720e-04 | train_eval_loss=1.7508e-04 | val_loss=1.9345e-04 | | lr=2.50e-04
Epoch 126 | train_loss=1.7648e-04 | train_eval_loss=1.7570e-04 | val_loss=1.9257e-04 | | lr=2.50e-04
Epoch 127 | train_loss=1.7441e-04 | train_eval_loss=1.6934e-04 | val_loss=1.8665e-04 | | lr=2.50e-04
Saved best model to results/thesis_model_results/outputs/loss_comparison_mtlsh/MTLSH__smooth_l1__minmax__seed42/mtlsh_state_dict_best.pt
Epoch 128 | train_loss=1.8584e-04 | train_eval_loss=1.7023e-04 | val_loss=1.8939e-04 | | lr=2.50e-04
Epoch 129 | train_loss=1.7319e-04 | train_eval_loss=1.7576e-04 | val_loss=1.9313e-04 | | lr=2.50e-04
Epoch 130 | train_loss=1.7534e-04 | train_eval_loss=1.7305e-04 | val_loss=1.9191e-04 | | lr=2.50e-04
Epoch 131 | train_loss=1.7561e-04 | train_eval_loss=1.7125e-04 | val_loss=1.8881e-04 | | lr=2.50e-04
Epoch 132 | train_loss=1.7779e-04 | train_eval_loss=1.7565e-04 | val_loss=1.9451e-04 | | lr=2.50e-04
Epoch 133 | train_loss=1.7367e-04 | train_eval_loss=1.6783e-04 | val_loss=1.8626e-04 | | lr=2.50e-04
Saved best model to results/thesis_model_results/outputs/loss_comparison_mtlsh/MTLSH__smooth_l1__minmax__seed42/mtlsh_state_dict_best.pt
Epoch 134 | train_loss=1.7650e-04 | train_eval_loss=1.6952e-04 | val_loss=1.8756e-04 | | lr=2.50e-04
Epoch 135 | train_loss=1.7223e-04 | train_eval_loss=1.7973e-04 | val_loss=1.9829e-04 | | lr=2.50e-04
Epoch 136 | train_loss=1.7594e-04 | train_eval_loss=1.7217e-04 | val_loss=1.9223e-04 | | lr=2.50e-04
Epoch 137 | train_loss=1.7493e-04 | train_eval_loss=1.7196e-04 | val_loss=1.9140e-04 | | lr=2.50e-04
Epoch 138 | train_loss=1.7542e-04 | train_eval_loss=2.5792e-04 | val_loss=2.7863e-04 | | lr=2.50e-04
Epoch 139 | train_loss=1.7423e-04 | train_eval_loss=1.6250e-04 | val_loss=1.8225e-04 | | lr=2.50e-04
Saved best model to results/thesis_model_results/outputs/loss_comparison_mtlsh/MTLSH__smooth_l1__minmax__seed42/mtlsh_state_dict_best.pt
Epoch 140 | train_loss=1.7228e-04 | train_eval_loss=1.6970e-04 | val_loss=1.8821e-04 | | lr=2.50e-04
Epoch 141 | train_loss=1.7087e-04 | train_eval_loss=1.8200e-04 | val_loss=2.0134e-04 | | lr=2.50e-04
Epoch 142 | train_loss=1.7432e-04 | train_eval_loss=1.7422e-04 | val_loss=1.9471e-04 | | lr=2.50e-04
Epoch 143 | train_loss=1.7073e-04 | train_eval_loss=1.7091e-04 | val_loss=1.8915e-04 | | lr=2.50e-04
Epoch 144 | train_loss=1.7165e-04 | train_eval_loss=1.6734e-04 | val_loss=1.8624e-04 | | lr=2.50e-04
Epoch 145 | train_loss=1.7193e-04 | train_eval_loss=1.6887e-04 | val_loss=1.8669e-04 | | lr=2.50e-04
Epoch 146 | train_loss=1.7021e-04 | train_eval_loss=1.8100e-04 | val_loss=2.0259e-04 | | lr=2.50e-04
Epoch 147 | train_loss=1.7211e-04 | train_eval_loss=1.8141e-04 | val_loss=2.0076e-04 | | lr=2.50e-04
Epoch 148 | train_loss=1.7227e-04 | train_eval_loss=2.0084e-04 | val_loss=2.2246e-04 | | lr=2.50e-04
Epoch 149 | train_loss=1.6098e-04 | train_eval_loss=1.5943e-04 | val_loss=1.8083e-04 | | lr=1.25e-04
Saved best model to results/thesis_model_results/outputs/loss_comparison_mtlsh/MTLSH__smooth_l1__minmax__seed42/mtlsh_state_dict_best.pt
Epoch 150 | train_loss=1.5877e-04 | train_eval_loss=1.5614e-04 | val_loss=1.7737e-04 | | lr=1.25e-04
Saved best model to results/thesis_model_results/outputs/loss_comparison_mtlsh/MTLSH__smooth_l1__minmax__seed42/mtlsh_state_dict_best.pt
Epoch 151 | train_loss=1.5812e-04 | train_eval_loss=1.5775e-04 | val_loss=1.7930e-04 | | lr=1.25e-04
Epoch 152 | train_loss=1.5740e-04 | train_eval_loss=1.5871e-04 | val_loss=1.7983e-04 | | lr=1.25e-04
Epoch 153 | train_loss=1.5684e-04 | train_eval_loss=1.5628e-04 | val_loss=1.7737e-04 | | lr=1.25e-04
Saved best model to results/thesis_model_results/outputs/loss_comparison_mtlsh/MTLSH__smooth_l1__minmax__seed42/mtlsh_state_dict_best.pt
Epoch 154 | train_loss=1.5780e-04 | train_eval_loss=1.5803e-04 | val_loss=1.7741e-04 | | lr=1.25e-04
Epoch 155 | train_loss=1.5899e-04 | train_eval_loss=1.5599e-04 | val_loss=1.7658e-04 | | lr=1.25e-04
Saved best model to results/thesis_model_results/outputs/loss_comparison_mtlsh/MTLSH__smooth_l1__minmax__seed42/mtlsh_state_dict_best.pt
Epoch 156 | train_loss=1.5600e-04 | train_eval_loss=1.5683e-04 | val_loss=1.7858e-04 | | lr=1.25e-04
Epoch 157 | train_loss=1.5933e-04 | train_eval_loss=1.5149e-04 | val_loss=1.7323e-04 | | lr=1.25e-04
Saved best model to results/thesis_model_results/outputs/loss_comparison_mtlsh/MTLSH__smooth_l1__minmax__seed42/mtlsh_state_dict_best.pt
Epoch 158 | train_loss=1.5619e-04 | train_eval_loss=1.5457e-04 | val_loss=1.7670e-04 | | lr=1.25e-04
Epoch 159 | train_loss=1.5579e-04 | train_eval_loss=1.5236e-04 | val_loss=1.7348e-04 | | lr=1.25e-04
Epoch 160 | train_loss=1.5704e-04 | train_eval_loss=1.5528e-04 | val_loss=1.7755e-04 | | lr=1.25e-04
Epoch 161 | train_loss=1.5772e-04 | train_eval_loss=1.5662e-04 | val_loss=1.7812e-04 | | lr=1.25e-04
Epoch 162 | train_loss=1.5530e-04 | train_eval_loss=1.5282e-04 | val_loss=1.7336e-04 | | lr=1.25e-04
Epoch 163 | train_loss=1.5809e-04 | train_eval_loss=1.5294e-04 | val_loss=1.7387e-04 | | lr=1.25e-04
Epoch 164 | train_loss=1.5728e-04 | train_eval_loss=1.5476e-04 | val_loss=1.7710e-04 | | lr=1.25e-04
Epoch 165 | train_loss=1.5445e-04 | train_eval_loss=1.5248e-04 | val_loss=1.7596e-04 | | lr=1.25e-04
Epoch 166 | train_loss=1.5599e-04 | train_eval_loss=1.6496e-04 | val_loss=1.8722e-04 | | lr=1.25e-04
Epoch 167 | train_loss=1.5158e-04 | train_eval_loss=1.4902e-04 | val_loss=1.7258e-04 | | lr=6.25e-05
Saved best model to results/thesis_model_results/outputs/loss_comparison_mtlsh/MTLSH__smooth_l1__minmax__seed42/mtlsh_state_dict_best.pt
Epoch 168 | train_loss=1.5140e-04 | train_eval_loss=1.4785e-04 | val_loss=1.7115e-04 | | lr=6.25e-05
Saved best model to results/thesis_model_results/outputs/loss_comparison_mtlsh/MTLSH__smooth_l1__minmax__seed42/mtlsh_state_dict_best.pt
Epoch 169 | train_loss=1.4966e-04 | train_eval_loss=1.4891e-04 | val_loss=1.7193e-04 | | lr=6.25e-05
Epoch 170 | train_loss=1.5032e-04 | train_eval_loss=1.5051e-04 | val_loss=1.7314e-04 | | lr=6.25e-05
Epoch 171 | train_loss=1.5010e-04 | train_eval_loss=1.4852e-04 | val_loss=1.7125e-04 | | lr=6.25e-05
Epoch 172 | train_loss=1.4936e-04 | train_eval_loss=1.5068e-04 | val_loss=1.7415e-04 | | lr=6.25e-05
Epoch 173 | train_loss=1.4959e-04 | train_eval_loss=1.4831e-04 | val_loss=1.7161e-04 | | lr=6.25e-05
Epoch 174 | train_loss=1.4881e-04 | train_eval_loss=1.4810e-04 | val_loss=1.7137e-04 | | lr=6.25e-05
Epoch 175 | train_loss=1.4954e-04 | train_eval_loss=1.4755e-04 | val_loss=1.7130e-04 | | lr=6.25e-05
Epoch 176 | train_loss=1.4924e-04 | train_eval_loss=1.4798e-04 | val_loss=1.7073e-04 | | lr=6.25e-05
Saved best model to results/thesis_model_results/outputs/loss_comparison_mtlsh/MTLSH__smooth_l1__minmax__seed42/mtlsh_state_dict_best.pt
Epoch 177 | train_loss=1.5096e-04 | train_eval_loss=1.4815e-04 | val_loss=1.7184e-04 | | lr=6.25e-05
Epoch 178 | train_loss=1.4866e-04 | train_eval_loss=1.4765e-04 | val_loss=1.7201e-04 | | lr=6.25e-05
Epoch 179 | train_loss=1.4849e-04 | train_eval_loss=1.4680e-04 | val_loss=1.7036e-04 | | lr=6.25e-05
Saved best model to results/thesis_model_results/outputs/loss_comparison_mtlsh/MTLSH__smooth_l1__minmax__seed42/mtlsh_state_dict_best.pt
Epoch 180 | train_loss=1.4812e-04 | train_eval_loss=1.4871e-04 | val_loss=1.7222e-04 | | lr=6.25e-05
Epoch 181 | train_loss=1.4856e-04 | train_eval_loss=1.4697e-04 | val_loss=1.7124e-04 | | lr=6.25e-05
Epoch 182 | train_loss=1.5065e-04 | train_eval_loss=1.4680e-04 | val_loss=1.7125e-04 | | lr=6.25e-05
Epoch 183 | train_loss=1.5010e-04 | train_eval_loss=1.5164e-04 | val_loss=1.7640e-04 | | lr=6.25e-05
Epoch 184 | train_loss=1.4904e-04 | train_eval_loss=1.4640e-04 | val_loss=1.6976e-04 | | lr=6.25e-05
Saved best model to results/thesis_model_results/outputs/loss_comparison_mtlsh/MTLSH__smooth_l1__minmax__seed42/mtlsh_state_dict_best.pt
Epoch 185 | train_loss=1.5016e-04 | train_eval_loss=1.4619e-04 | val_loss=1.6947e-04 | | lr=6.25e-05
Saved best model to results/thesis_model_results/outputs/loss_comparison_mtlsh/MTLSH__smooth_l1__minmax__seed42/mtlsh_state_dict_best.pt
Epoch 186 | train_loss=1.4816e-04 | train_eval_loss=1.4738e-04 | val_loss=1.7059e-04 | | lr=6.25e-05
Epoch 187 | train_loss=1.4929e-04 | train_eval_loss=1.4452e-04 | val_loss=1.6862e-04 | | lr=6.25e-05
Saved best model to results/thesis_model_results/outputs/loss_comparison_mtlsh/MTLSH__smooth_l1__minmax__seed42/mtlsh_state_dict_best.pt
Epoch 188 | train_loss=1.4824e-04 | train_eval_loss=1.4598e-04 | val_loss=1.6932e-04 | | lr=6.25e-05
Epoch 189 | train_loss=1.4828e-04 | train_eval_loss=1.4675e-04 | val_loss=1.7055e-04 | | lr=6.25e-05
Epoch 190 | train_loss=1.4813e-04 | train_eval_loss=1.4793e-04 | val_loss=1.7219e-04 | | lr=6.25e-05
Epoch 191 | train_loss=1.4753e-04 | train_eval_loss=1.4548e-04 | val_loss=1.6853e-04 | | lr=6.25e-05
Saved best model to results/thesis_model_results/outputs/loss_comparison_mtlsh/MTLSH__smooth_l1__minmax__seed42/mtlsh_state_dict_best.pt
Epoch 192 | train_loss=1.4753e-04 | train_eval_loss=1.4710e-04 | val_loss=1.7053e-04 | | lr=6.25e-05
Epoch 193 | train_loss=1.4700e-04 | train_eval_loss=1.4697e-04 | val_loss=1.7116e-04 | | lr=6.25e-05
Epoch 194 | train_loss=1.4772e-04 | train_eval_loss=1.4506e-04 | val_loss=1.6916e-04 | | lr=6.25e-05
Epoch 195 | train_loss=1.4685e-04 | train_eval_loss=1.4636e-04 | val_loss=1.6999e-04 | | lr=6.25e-05
Epoch 196 | train_loss=1.4790e-04 | train_eval_loss=1.4950e-04 | val_loss=1.7353e-04 | | lr=6.25e-05
Epoch 197 | train_loss=1.4801e-04 | train_eval_loss=1.4630e-04 | val_loss=1.6993e-04 | | lr=6.25e-05
Epoch 198 | train_loss=1.4794e-04 | train_eval_loss=1.4584e-04 | val_loss=1.7049e-04 | | lr=6.25e-05
Epoch 199 | train_loss=1.4708e-04 | train_eval_loss=1.4792e-04 | val_loss=1.7158e-04 | | lr=6.25e-05
Epoch 200 | train_loss=1.4889e-04 | train_eval_loss=1.4605e-04 | val_loss=1.6910e-04 | | lr=6.25e-05
Saved training logs to results/thesis_model_results/outputs/loss_comparison_mtlsh/MTLSH__smooth_l1__minmax__seed42/training_summary.txt
Test RMSE(rocof_COI) = 0.0134 | norm: 0.0101 | real_diff: 0.0091
Test RMSE(dev_COI) = 0.0209 | norm: 0.0078 | real_diff: 0.0112
Test RMSE(Delta_P_IBR_1) = 0.1118 | norm: 0.0177 | real_diff: 0.0729
Test RMSE(Delta_P_IBR_2) = 0.1003 | norm: 0.0140 | real_diff: 0.0557
Test RMSE(Delta_P_IBR_3) = 0.1774 | norm: 0.0311 | real_diff: 0.0949
Test RMSE(Delta_P_IBR_4) = 0.1884 | norm: 0.0195 | real_diff: 0.1186
Saved RMSE results to results/thesis_model_results/outputs/loss_comparison_mtlsh/MTLSH__smooth_l1__minmax__seed42/rmse_results.txt
Saved detailed metrics to results/thesis_model_results/outputs/loss_comparison_mtlsh/MTLSH__smooth_l1__minmax__seed42/metrics_by_target.csv
Saved aggregate metrics to results/thesis_model_results/outputs/loss_comparison_mtlsh/MTLSH__smooth_l1__minmax__seed42/metrics_summary.json
Saved loss curves to results/thesis_model_results/outputs/loss_comparison_mtlsh/MTLSH__smooth_l1__minmax__seed42/loss_curve.png
Saved scatter plot results/thesis_model_results/outputs/loss_comparison_mtlsh/MTLSH__smooth_l1__minmax__seed42/scatter_rocof_COI.png
Saved scatter plot results/thesis_model_results/outputs/loss_comparison_mtlsh/MTLSH__smooth_l1__minmax__seed42/scatter_dev_COI.png
Saved scatter plot results/thesis_model_results/outputs/loss_comparison_mtlsh/MTLSH__smooth_l1__minmax__seed42/scatter_Delta_P_IBR_1.png
Saved scatter plot results/thesis_model_results/outputs/loss_comparison_mtlsh/MTLSH__smooth_l1__minmax__seed42/scatter_Delta_P_IBR_2.png
Saved scatter plot results/thesis_model_results/outputs/loss_comparison_mtlsh/MTLSH__smooth_l1__minmax__seed42/scatter_Delta_P_IBR_3.png
Saved scatter plot results/thesis_model_results/outputs/loss_comparison_mtlsh/MTLSH__smooth_l1__minmax__seed42/scatter_Delta_P_IBR_4.png
Saved model to results/thesis_model_results/outputs/loss_comparison_mtlsh/MTLSH__smooth_l1__minmax__seed42/mtlsh_state_dict.pt
Loss type: huber | weights=[]
Target stats (scaled):
train mean=[0.549  0.589  0.492  0.4884 0.4785 0.4192]
train std=[0.1365 0.1371 0.1141 0.1063 0.1158 0.1138]
train q05=[0.3074 0.3979 0.3192 0.303  0.3347 0.2205]
train q95=[0.7933 0.8652 0.6719 0.6491 0.6927 0.6016]
val mean=[0.5473 0.5873 0.4922 0.4893 0.4798 0.4201]
val std=[0.1343 0.1348 0.1123 0.1072 0.1141 0.1112]
val q05=[0.3103 0.3982 0.3195 0.303  0.3376 0.2251]
val q95=[0.7886 0.8626 0.6731 0.6514 0.6918 0.5984]
val/train std ratio=[0.984  0.9828 0.9844 1.0084 0.9848 0.9772]
LR scheduler: ReduceLROnPlateau (factor=0.5, patience=8, min_lr=1e-07)
Epoch 001 | train_loss=1.3923e-02 | train_eval_loss=6.9948e-03 | val_loss=6.8073e-03 | | lr=1.00e-03
Saved best model to results/thesis_model_results/outputs/loss_comparison_mtlsh/MTLSH__huber__minmax__seed42/mtlsh_state_dict_best.pt
Epoch 002 | train_loss=4.9453e-03 | train_eval_loss=2.1856e-03 | val_loss=2.1582e-03 | | lr=1.00e-03
Saved best model to results/thesis_model_results/outputs/loss_comparison_mtlsh/MTLSH__huber__minmax__seed42/mtlsh_state_dict_best.pt
Epoch 003 | train_loss=1.7830e-03 | train_eval_loss=1.5499e-03 | val_loss=1.5291e-03 | | lr=1.00e-03
Saved best model to results/thesis_model_results/outputs/loss_comparison_mtlsh/MTLSH__huber__minmax__seed42/mtlsh_state_dict_best.pt
Epoch 004 | train_loss=1.3475e-03 | train_eval_loss=1.1661e-03 | val_loss=1.1476e-03 | | lr=1.00e-03
Saved best model to results/thesis_model_results/outputs/loss_comparison_mtlsh/MTLSH__huber__minmax__seed42/mtlsh_state_dict_best.pt
Epoch 005 | train_loss=1.0723e-03 | train_eval_loss=9.4944e-04 | val_loss=9.3352e-04 | | lr=1.00e-03
Saved best model to results/thesis_model_results/outputs/loss_comparison_mtlsh/MTLSH__huber__minmax__seed42/mtlsh_state_dict_best.pt
Epoch 006 | train_loss=9.6830e-04 | train_eval_loss=9.4100e-04 | val_loss=9.2508e-04 | | lr=1.00e-03
Saved best model to results/thesis_model_results/outputs/loss_comparison_mtlsh/MTLSH__huber__minmax__seed42/mtlsh_state_dict_best.pt
Epoch 007 | train_loss=8.6067e-04 | train_eval_loss=8.3047e-04 | val_loss=8.1694e-04 | | lr=1.00e-03
Saved best model to results/thesis_model_results/outputs/loss_comparison_mtlsh/MTLSH__huber__minmax__seed42/mtlsh_state_dict_best.pt
Epoch 008 | train_loss=8.3393e-04 | train_eval_loss=8.1981e-04 | val_loss=8.0484e-04 | | lr=1.00e-03
Saved best model to results/thesis_model_results/outputs/loss_comparison_mtlsh/MTLSH__huber__minmax__seed42/mtlsh_state_dict_best.pt
Epoch 009 | train_loss=7.9836e-04 | train_eval_loss=7.5226e-04 | val_loss=7.4264e-04 | | lr=1.00e-03
Saved best model to results/thesis_model_results/outputs/loss_comparison_mtlsh/MTLSH__huber__minmax__seed42/mtlsh_state_dict_best.pt
Epoch 010 | train_loss=7.7336e-04 | train_eval_loss=7.9699e-04 | val_loss=7.9001e-04 | | lr=1.00e-03
Epoch 011 | train_loss=7.3116e-04 | train_eval_loss=7.1407e-04 | val_loss=7.0724e-04 | | lr=1.00e-03
Saved best model to results/thesis_model_results/outputs/loss_comparison_mtlsh/MTLSH__huber__minmax__seed42/mtlsh_state_dict_best.pt
Epoch 012 | train_loss=6.9590e-04 | train_eval_loss=7.0507e-04 | val_loss=6.9242e-04 | | lr=1.00e-03
Saved best model to results/thesis_model_results/outputs/loss_comparison_mtlsh/MTLSH__huber__minmax__seed42/mtlsh_state_dict_best.pt
Epoch 013 | train_loss=6.9349e-04 | train_eval_loss=6.4582e-04 | val_loss=6.3834e-04 | | lr=1.00e-03
Saved best model to results/thesis_model_results/outputs/loss_comparison_mtlsh/MTLSH__huber__minmax__seed42/mtlsh_state_dict_best.pt
Epoch 014 | train_loss=6.5918e-04 | train_eval_loss=6.4120e-04 | val_loss=6.3709e-04 | | lr=1.00e-03
Saved best model to results/thesis_model_results/outputs/loss_comparison_mtlsh/MTLSH__huber__minmax__seed42/mtlsh_state_dict_best.pt
Epoch 015 | train_loss=6.5559e-04 | train_eval_loss=6.3797e-04 | val_loss=6.3052e-04 | | lr=1.00e-03
Saved best model to results/thesis_model_results/outputs/loss_comparison_mtlsh/MTLSH__huber__minmax__seed42/mtlsh_state_dict_best.pt
Epoch 016 | train_loss=6.4000e-04 | train_eval_loss=6.0807e-04 | val_loss=6.0241e-04 | | lr=1.00e-03
Saved best model to results/thesis_model_results/outputs/loss_comparison_mtlsh/MTLSH__huber__minmax__seed42/mtlsh_state_dict_best.pt
Epoch 017 | train_loss=6.1950e-04 | train_eval_loss=6.7002e-04 | val_loss=6.6968e-04 | | lr=1.00e-03
Epoch 018 | train_loss=6.0062e-04 | train_eval_loss=5.8556e-04 | val_loss=5.8443e-04 | | lr=1.00e-03
Saved best model to results/thesis_model_results/outputs/loss_comparison_mtlsh/MTLSH__huber__minmax__seed42/mtlsh_state_dict_best.pt
Epoch 019 | train_loss=5.7731e-04 | train_eval_loss=5.3561e-04 | val_loss=5.3203e-04 | | lr=1.00e-03
Saved best model to results/thesis_model_results/outputs/loss_comparison_mtlsh/MTLSH__huber__minmax__seed42/mtlsh_state_dict_best.pt
Epoch 020 | train_loss=5.7022e-04 | train_eval_loss=5.6624e-04 | val_loss=5.6627e-04 | | lr=1.00e-03
Epoch 021 | train_loss=5.4972e-04 | train_eval_loss=5.2900e-04 | val_loss=5.2729e-04 | | lr=1.00e-03
Saved best model to results/thesis_model_results/outputs/loss_comparison_mtlsh/MTLSH__huber__minmax__seed42/mtlsh_state_dict_best.pt
Epoch 022 | train_loss=5.4117e-04 | train_eval_loss=5.9918e-04 | val_loss=6.0101e-04 | | lr=1.00e-03
Epoch 023 | train_loss=5.3809e-04 | train_eval_loss=5.2701e-04 | val_loss=5.2776e-04 | | lr=1.00e-03
Epoch 024 | train_loss=5.0316e-04 | train_eval_loss=6.1783e-04 | val_loss=6.1192e-04 | | lr=1.00e-03
Epoch 025 | train_loss=4.9624e-04 | train_eval_loss=5.5027e-04 | val_loss=5.4842e-04 | | lr=1.00e-03
Epoch 026 | train_loss=4.8293e-04 | train_eval_loss=4.4790e-04 | val_loss=4.4947e-04 | | lr=1.00e-03
Saved best model to results/thesis_model_results/outputs/loss_comparison_mtlsh/MTLSH__huber__minmax__seed42/mtlsh_state_dict_best.pt
Epoch 027 | train_loss=4.8590e-04 | train_eval_loss=4.9641e-04 | val_loss=4.9539e-04 | | lr=1.00e-03
Epoch 028 | train_loss=4.7923e-04 | train_eval_loss=5.0417e-04 | val_loss=5.0322e-04 | | lr=1.00e-03
Epoch 029 | train_loss=4.4025e-04 | train_eval_loss=4.4954e-04 | val_loss=4.4681e-04 | | lr=1.00e-03
Saved best model to results/thesis_model_results/outputs/loss_comparison_mtlsh/MTLSH__huber__minmax__seed42/mtlsh_state_dict_best.pt
Epoch 030 | train_loss=4.6407e-04 | train_eval_loss=4.0136e-04 | val_loss=4.0004e-04 | | lr=1.00e-03
Saved best model to results/thesis_model_results/outputs/loss_comparison_mtlsh/MTLSH__huber__minmax__seed42/mtlsh_state_dict_best.pt
Epoch 031 | train_loss=4.3194e-04 | train_eval_loss=4.2649e-04 | val_loss=4.2350e-04 | | lr=1.00e-03
Epoch 032 | train_loss=5.1445e-04 | train_eval_loss=4.9101e-04 | val_loss=4.9498e-04 | | lr=1.00e-03
Epoch 033 | train_loss=4.0485e-04 | train_eval_loss=4.0141e-04 | val_loss=4.0332e-04 | | lr=1.00e-03
Epoch 034 | train_loss=4.0005e-04 | train_eval_loss=3.9454e-04 | val_loss=3.9493e-04 | | lr=1.00e-03
Saved best model to results/thesis_model_results/outputs/loss_comparison_mtlsh/MTLSH__huber__minmax__seed42/mtlsh_state_dict_best.pt
Epoch 035 | train_loss=4.4277e-04 | train_eval_loss=4.0607e-04 | val_loss=4.0460e-04 | | lr=1.00e-03
Epoch 036 | train_loss=3.9821e-04 | train_eval_loss=3.7132e-04 | val_loss=3.7342e-04 | | lr=1.00e-03
Saved best model to results/thesis_model_results/outputs/loss_comparison_mtlsh/MTLSH__huber__minmax__seed42/mtlsh_state_dict_best.pt
Epoch 037 | train_loss=4.1114e-04 | train_eval_loss=4.3721e-04 | val_loss=4.3772e-04 | | lr=1.00e-03
Epoch 038 | train_loss=3.8641e-04 | train_eval_loss=3.6633e-04 | val_loss=3.6741e-04 | | lr=1.00e-03
Saved best model to results/thesis_model_results/outputs/loss_comparison_mtlsh/MTLSH__huber__minmax__seed42/mtlsh_state_dict_best.pt
Epoch 039 | train_loss=3.7645e-04 | train_eval_loss=4.0464e-04 | val_loss=4.0082e-04 | | lr=1.00e-03
Epoch 040 | train_loss=3.8180e-04 | train_eval_loss=4.8635e-04 | val_loss=4.8469e-04 | | lr=1.00e-03
Epoch 041 | train_loss=3.7873e-04 | train_eval_loss=3.7456e-04 | val_loss=3.7412e-04 | | lr=1.00e-03
Epoch 042 | train_loss=3.5354e-04 | train_eval_loss=3.6566e-04 | val_loss=3.6573e-04 | | lr=1.00e-03
Saved best model to results/thesis_model_results/outputs/loss_comparison_mtlsh/MTLSH__huber__minmax__seed42/mtlsh_state_dict_best.pt
Epoch 043 | train_loss=3.6711e-04 | train_eval_loss=3.4177e-04 | val_loss=3.4108e-04 | | lr=1.00e-03
Saved best model to results/thesis_model_results/outputs/loss_comparison_mtlsh/MTLSH__huber__minmax__seed42/mtlsh_state_dict_best.pt
Epoch 044 | train_loss=4.1157e-04 | train_eval_loss=3.9578e-04 | val_loss=3.9215e-04 | | lr=1.00e-03
Epoch 045 | train_loss=3.3996e-04 | train_eval_loss=3.3202e-04 | val_loss=3.3142e-04 | | lr=1.00e-03
Saved best model to results/thesis_model_results/outputs/loss_comparison_mtlsh/MTLSH__huber__minmax__seed42/mtlsh_state_dict_best.pt
Epoch 046 | train_loss=3.3295e-04 | train_eval_loss=3.9882e-04 | val_loss=4.0046e-04 | | lr=1.00e-03
Epoch 047 | train_loss=3.7280e-04 | train_eval_loss=4.1287e-04 | val_loss=4.0914e-04 | | lr=1.00e-03
Epoch 048 | train_loss=3.4197e-04 | train_eval_loss=3.3215e-04 | val_loss=3.2987e-04 | | lr=1.00e-03
Saved best model to results/thesis_model_results/outputs/loss_comparison_mtlsh/MTLSH__huber__minmax__seed42/mtlsh_state_dict_best.pt
Epoch 049 | train_loss=3.5479e-04 | train_eval_loss=4.0940e-04 | val_loss=4.0803e-04 | | lr=1.00e-03
Epoch 050 | train_loss=3.2926e-04 | train_eval_loss=3.4623e-04 | val_loss=3.4502e-04 | | lr=1.00e-03
Epoch 051 | train_loss=3.2221e-04 | train_eval_loss=3.2726e-04 | val_loss=3.2427e-04 | | lr=1.00e-03
Saved best model to results/thesis_model_results/outputs/loss_comparison_mtlsh/MTLSH__huber__minmax__seed42/mtlsh_state_dict_best.pt
Epoch 052 | train_loss=3.4306e-04 | train_eval_loss=3.3911e-04 | val_loss=3.3372e-04 | | lr=1.00e-03
Epoch 053 | train_loss=3.1189e-04 | train_eval_loss=3.1111e-04 | val_loss=3.1227e-04 | | lr=1.00e-03
Saved best model to results/thesis_model_results/outputs/loss_comparison_mtlsh/MTLSH__huber__minmax__seed42/mtlsh_state_dict_best.pt
Epoch 054 | train_loss=3.8108e-04 | train_eval_loss=3.4788e-04 | val_loss=3.4978e-04 | | lr=1.00e-03
Epoch 055 | train_loss=3.2514e-04 | train_eval_loss=2.9957e-04 | val_loss=2.9656e-04 | | lr=1.00e-03
Saved best model to results/thesis_model_results/outputs/loss_comparison_mtlsh/MTLSH__huber__minmax__seed42/mtlsh_state_dict_best.pt
Epoch 056 | train_loss=3.2494e-04 | train_eval_loss=4.0862e-04 | val_loss=4.1241e-04 | | lr=1.00e-03
Epoch 057 | train_loss=3.1513e-04 | train_eval_loss=2.8803e-04 | val_loss=2.8719e-04 | | lr=1.00e-03
Saved best model to results/thesis_model_results/outputs/loss_comparison_mtlsh/MTLSH__huber__minmax__seed42/mtlsh_state_dict_best.pt
Epoch 058 | train_loss=3.7950e-04 | train_eval_loss=2.8915e-04 | val_loss=2.8573e-04 | | lr=1.00e-03
Saved best model to results/thesis_model_results/outputs/loss_comparison_mtlsh/MTLSH__huber__minmax__seed42/mtlsh_state_dict_best.pt
Epoch 059 | train_loss=3.0506e-04 | train_eval_loss=2.8986e-04 | val_loss=2.8730e-04 | | lr=1.00e-03
Epoch 060 | train_loss=3.0424e-04 | train_eval_loss=3.5323e-04 | val_loss=3.5078e-04 | | lr=1.00e-03
Epoch 061 | train_loss=3.0560e-04 | train_eval_loss=3.4618e-04 | val_loss=3.4678e-04 | | lr=1.00e-03
Epoch 062 | train_loss=3.1279e-04 | train_eval_loss=3.2179e-04 | val_loss=3.2405e-04 | | lr=1.00e-03
Epoch 063 | train_loss=3.4236e-04 | train_eval_loss=3.1430e-04 | val_loss=3.1896e-04 | | lr=1.00e-03
Epoch 064 | train_loss=2.8098e-04 | train_eval_loss=3.3116e-04 | val_loss=3.3197e-04 | | lr=1.00e-03
Epoch 065 | train_loss=2.8542e-04 | train_eval_loss=2.5934e-04 | val_loss=2.6139e-04 | | lr=1.00e-03
Saved best model to results/thesis_model_results/outputs/loss_comparison_mtlsh/MTLSH__huber__minmax__seed42/mtlsh_state_dict_best.pt
Epoch 066 | train_loss=3.0422e-04 | train_eval_loss=3.1155e-04 | val_loss=3.1557e-04 | | lr=1.00e-03
Epoch 067 | train_loss=2.7641e-04 | train_eval_loss=2.8177e-04 | val_loss=2.8912e-04 | | lr=1.00e-03
Epoch 068 | train_loss=3.1224e-04 | train_eval_loss=2.9377e-04 | val_loss=2.9641e-04 | | lr=1.00e-03
Epoch 069 | train_loss=3.0505e-04 | train_eval_loss=2.9950e-04 | val_loss=3.0449e-04 | | lr=1.00e-03
Epoch 070 | train_loss=3.2418e-04 | train_eval_loss=4.1022e-04 | val_loss=4.1888e-04 | | lr=1.00e-03
Epoch 071 | train_loss=2.8685e-04 | train_eval_loss=2.6867e-04 | val_loss=2.7281e-04 | | lr=1.00e-03
Epoch 072 | train_loss=2.6216e-04 | train_eval_loss=2.7882e-04 | val_loss=2.8424e-04 | | lr=1.00e-03
Epoch 073 | train_loss=2.8784e-04 | train_eval_loss=4.0276e-04 | val_loss=4.0315e-04 | | lr=1.00e-03
Epoch 074 | train_loss=2.8881e-04 | train_eval_loss=2.4836e-04 | val_loss=2.5440e-04 | | lr=1.00e-03
Saved best model to results/thesis_model_results/outputs/loss_comparison_mtlsh/MTLSH__huber__minmax__seed42/mtlsh_state_dict_best.pt
Epoch 075 | train_loss=2.6527e-04 | train_eval_loss=2.6933e-04 | val_loss=2.7313e-04 | | lr=1.00e-03
Epoch 076 | train_loss=2.7666e-04 | train_eval_loss=3.6337e-04 | val_loss=3.6692e-04 | | lr=1.00e-03
Epoch 077 | train_loss=3.0516e-04 | train_eval_loss=3.5247e-04 | val_loss=3.5881e-04 | | lr=1.00e-03
Epoch 078 | train_loss=2.6936e-04 | train_eval_loss=2.7848e-04 | val_loss=2.8702e-04 | | lr=1.00e-03
Epoch 079 | train_loss=2.5470e-04 | train_eval_loss=3.2753e-04 | val_loss=3.3235e-04 | | lr=1.00e-03
Epoch 080 | train_loss=2.9482e-04 | train_eval_loss=2.5194e-04 | val_loss=2.5542e-04 | | lr=1.00e-03
Epoch 081 | train_loss=2.8576e-04 | train_eval_loss=2.6816e-04 | val_loss=2.7423e-04 | | lr=1.00e-03
Epoch 082 | train_loss=2.6462e-04 | train_eval_loss=2.4142e-04 | val_loss=2.4737e-04 | | lr=1.00e-03
Saved best model to results/thesis_model_results/outputs/loss_comparison_mtlsh/MTLSH__huber__minmax__seed42/mtlsh_state_dict_best.pt
Epoch 083 | train_loss=2.6144e-04 | train_eval_loss=2.4366e-04 | val_loss=2.5020e-04 | | lr=1.00e-03
Epoch 084 | train_loss=2.5059e-04 | train_eval_loss=2.3677e-04 | val_loss=2.4587e-04 | | lr=1.00e-03
Saved best model to results/thesis_model_results/outputs/loss_comparison_mtlsh/MTLSH__huber__minmax__seed42/mtlsh_state_dict_best.pt
Epoch 085 | train_loss=2.7236e-04 | train_eval_loss=2.3601e-04 | val_loss=2.4538e-04 | | lr=1.00e-03
Saved best model to results/thesis_model_results/outputs/loss_comparison_mtlsh/MTLSH__huber__minmax__seed42/mtlsh_state_dict_best.pt
Epoch 086 | train_loss=2.6155e-04 | train_eval_loss=2.4119e-04 | val_loss=2.5150e-04 | | lr=1.00e-03
Epoch 087 | train_loss=2.6104e-04 | train_eval_loss=2.5229e-04 | val_loss=2.5775e-04 | | lr=1.00e-03
Epoch 088 | train_loss=2.8707e-04 | train_eval_loss=2.8684e-04 | val_loss=2.9425e-04 | | lr=1.00e-03
Epoch 089 | train_loss=2.6348e-04 | train_eval_loss=3.4408e-04 | val_loss=3.5658e-04 | | lr=1.00e-03
Epoch 090 | train_loss=2.5920e-04 | train_eval_loss=2.8393e-04 | val_loss=2.9316e-04 | | lr=1.00e-03
Epoch 091 | train_loss=2.7332e-04 | train_eval_loss=2.5746e-04 | val_loss=2.6703e-04 | | lr=1.00e-03
Epoch 092 | train_loss=2.4484e-04 | train_eval_loss=2.3875e-04 | val_loss=2.5014e-04 | | lr=1.00e-03
Epoch 093 | train_loss=2.4617e-04 | train_eval_loss=2.7259e-04 | val_loss=2.8140e-04 | | lr=1.00e-03
Epoch 094 | train_loss=2.5427e-04 | train_eval_loss=2.6151e-04 | val_loss=2.7129e-04 | | lr=1.00e-03
Epoch 095 | train_loss=2.1645e-04 | train_eval_loss=2.0886e-04 | val_loss=2.1722e-04 | | lr=5.00e-04
Saved best model to results/thesis_model_results/outputs/loss_comparison_mtlsh/MTLSH__huber__minmax__seed42/mtlsh_state_dict_best.pt
Epoch 096 | train_loss=2.0285e-04 | train_eval_loss=2.0322e-04 | val_loss=2.1542e-04 | | lr=5.00e-04
Saved best model to results/thesis_model_results/outputs/loss_comparison_mtlsh/MTLSH__huber__minmax__seed42/mtlsh_state_dict_best.pt
Epoch 097 | train_loss=2.0422e-04 | train_eval_loss=1.9719e-04 | val_loss=2.1076e-04 | | lr=5.00e-04
Saved best model to results/thesis_model_results/outputs/loss_comparison_mtlsh/MTLSH__huber__minmax__seed42/mtlsh_state_dict_best.pt
Epoch 098 | train_loss=1.9711e-04 | train_eval_loss=2.0933e-04 | val_loss=2.1909e-04 | | lr=5.00e-04
Epoch 099 | train_loss=2.0119e-04 | train_eval_loss=1.8874e-04 | val_loss=2.0092e-04 | | lr=5.00e-04
Saved best model to results/thesis_model_results/outputs/loss_comparison_mtlsh/MTLSH__huber__minmax__seed42/mtlsh_state_dict_best.pt
Epoch 100 | train_loss=1.9956e-04 | train_eval_loss=1.8776e-04 | val_loss=1.9997e-04 | | lr=5.00e-04
Saved best model to results/thesis_model_results/outputs/loss_comparison_mtlsh/MTLSH__huber__minmax__seed42/mtlsh_state_dict_best.pt
Epoch 101 | train_loss=1.9829e-04 | train_eval_loss=1.9859e-04 | val_loss=2.1128e-04 | | lr=5.00e-04
Epoch 102 | train_loss=1.9675e-04 | train_eval_loss=2.2307e-04 | val_loss=2.3487e-04 | | lr=5.00e-04
Epoch 103 | train_loss=2.0513e-04 | train_eval_loss=2.1562e-04 | val_loss=2.2859e-04 | | lr=5.00e-04
Epoch 104 | train_loss=2.0884e-04 | train_eval_loss=2.0266e-04 | val_loss=2.1585e-04 | | lr=5.00e-04
Epoch 105 | train_loss=1.9600e-04 | train_eval_loss=1.9202e-04 | val_loss=2.0532e-04 | | lr=5.00e-04
Epoch 106 | train_loss=2.0034e-04 | train_eval_loss=1.9783e-04 | val_loss=2.1127e-04 | | lr=5.00e-04
Epoch 107 | train_loss=2.0017e-04 | train_eval_loss=2.1082e-04 | val_loss=2.2322e-04 | | lr=5.00e-04
Epoch 108 | train_loss=1.9311e-04 | train_eval_loss=1.9524e-04 | val_loss=2.0888e-04 | | lr=5.00e-04
Epoch 109 | train_loss=2.0334e-04 | train_eval_loss=2.0722e-04 | val_loss=2.2092e-04 | | lr=5.00e-04
Epoch 110 | train_loss=1.8381e-04 | train_eval_loss=1.8224e-04 | val_loss=1.9752e-04 | | lr=2.50e-04
Saved best model to results/thesis_model_results/outputs/loss_comparison_mtlsh/MTLSH__huber__minmax__seed42/mtlsh_state_dict_best.pt
Epoch 111 | train_loss=1.8190e-04 | train_eval_loss=1.7506e-04 | val_loss=1.9174e-04 | | lr=2.50e-04
Saved best model to results/thesis_model_results/outputs/loss_comparison_mtlsh/MTLSH__huber__minmax__seed42/mtlsh_state_dict_best.pt
Epoch 112 | train_loss=1.7809e-04 | train_eval_loss=1.7685e-04 | val_loss=1.9280e-04 | | lr=2.50e-04
Epoch 113 | train_loss=1.8144e-04 | train_eval_loss=1.7907e-04 | val_loss=1.9506e-04 | | lr=2.50e-04
Epoch 114 | train_loss=1.8115e-04 | train_eval_loss=1.7281e-04 | val_loss=1.8861e-04 | | lr=2.50e-04
Saved best model to results/thesis_model_results/outputs/loss_comparison_mtlsh/MTLSH__huber__minmax__seed42/mtlsh_state_dict_best.pt
Epoch 115 | train_loss=1.7981e-04 | train_eval_loss=1.7864e-04 | val_loss=1.9411e-04 | | lr=2.50e-04
Epoch 116 | train_loss=1.7874e-04 | train_eval_loss=1.7810e-04 | val_loss=1.9615e-04 | | lr=2.50e-04
Epoch 117 | train_loss=1.8054e-04 | train_eval_loss=1.7935e-04 | val_loss=1.9624e-04 | | lr=2.50e-04
Epoch 118 | train_loss=1.8216e-04 | train_eval_loss=1.7925e-04 | val_loss=1.9636e-04 | | lr=2.50e-04
Epoch 119 | train_loss=1.7896e-04 | train_eval_loss=1.7205e-04 | val_loss=1.8893e-04 | | lr=2.50e-04
Epoch 120 | train_loss=1.7905e-04 | train_eval_loss=1.7777e-04 | val_loss=1.9572e-04 | | lr=2.50e-04
Epoch 121 | train_loss=1.7933e-04 | train_eval_loss=1.7850e-04 | val_loss=1.9567e-04 | | lr=2.50e-04
Epoch 122 | train_loss=1.8579e-04 | train_eval_loss=1.7193e-04 | val_loss=1.8803e-04 | | lr=2.50e-04
Saved best model to results/thesis_model_results/outputs/loss_comparison_mtlsh/MTLSH__huber__minmax__seed42/mtlsh_state_dict_best.pt
Epoch 123 | train_loss=1.7736e-04 | train_eval_loss=1.8524e-04 | val_loss=2.0306e-04 | | lr=2.50e-04
Epoch 124 | train_loss=1.7531e-04 | train_eval_loss=1.7244e-04 | val_loss=1.9124e-04 | | lr=2.50e-04
Epoch 125 | train_loss=1.7720e-04 | train_eval_loss=1.7508e-04 | val_loss=1.9345e-04 | | lr=2.50e-04
Epoch 126 | train_loss=1.7648e-04 | train_eval_loss=1.7570e-04 | val_loss=1.9257e-04 | | lr=2.50e-04
Epoch 127 | train_loss=1.7441e-04 | train_eval_loss=1.6934e-04 | val_loss=1.8665e-04 | | lr=2.50e-04
Saved best model to results/thesis_model_results/outputs/loss_comparison_mtlsh/MTLSH__huber__minmax__seed42/mtlsh_state_dict_best.pt
Epoch 128 | train_loss=1.8584e-04 | train_eval_loss=1.7023e-04 | val_loss=1.8939e-04 | | lr=2.50e-04
Epoch 129 | train_loss=1.7319e-04 | train_eval_loss=1.7576e-04 | val_loss=1.9313e-04 | | lr=2.50e-04
Epoch 130 | train_loss=1.7534e-04 | train_eval_loss=1.7305e-04 | val_loss=1.9191e-04 | | lr=2.50e-04
Epoch 131 | train_loss=1.7561e-04 | train_eval_loss=1.7125e-04 | val_loss=1.8881e-04 | | lr=2.50e-04
Epoch 132 | train_loss=1.7779e-04 | train_eval_loss=1.7565e-04 | val_loss=1.9451e-04 | | lr=2.50e-04
Epoch 133 | train_loss=1.7367e-04 | train_eval_loss=1.6783e-04 | val_loss=1.8626e-04 | | lr=2.50e-04
Saved best model to results/thesis_model_results/outputs/loss_comparison_mtlsh/MTLSH__huber__minmax__seed42/mtlsh_state_dict_best.pt
Epoch 134 | train_loss=1.7650e-04 | train_eval_loss=1.6952e-04 | val_loss=1.8756e-04 | | lr=2.50e-04
Epoch 135 | train_loss=1.7223e-04 | train_eval_loss=1.7973e-04 | val_loss=1.9829e-04 | | lr=2.50e-04
Epoch 136 | train_loss=1.7594e-04 | train_eval_loss=1.7217e-04 | val_loss=1.9223e-04 | | lr=2.50e-04
Epoch 137 | train_loss=1.7493e-04 | train_eval_loss=1.7196e-04 | val_loss=1.9140e-04 | | lr=2.50e-04
Epoch 138 | train_loss=1.7542e-04 | train_eval_loss=2.5792e-04 | val_loss=2.7863e-04 | | lr=2.50e-04
Epoch 139 | train_loss=1.7423e-04 | train_eval_loss=1.6250e-04 | val_loss=1.8225e-04 | | lr=2.50e-04
Saved best model to results/thesis_model_results/outputs/loss_comparison_mtlsh/MTLSH__huber__minmax__seed42/mtlsh_state_dict_best.pt
Epoch 140 | train_loss=1.7228e-04 | train_eval_loss=1.6970e-04 | val_loss=1.8821e-04 | | lr=2.50e-04
Epoch 141 | train_loss=1.7087e-04 | train_eval_loss=1.8200e-04 | val_loss=2.0134e-04 | | lr=2.50e-04
Epoch 142 | train_loss=1.7432e-04 | train_eval_loss=1.7422e-04 | val_loss=1.9471e-04 | | lr=2.50e-04
Epoch 143 | train_loss=1.7073e-04 | train_eval_loss=1.7091e-04 | val_loss=1.8915e-04 | | lr=2.50e-04
Epoch 144 | train_loss=1.7165e-04 | train_eval_loss=1.6734e-04 | val_loss=1.8624e-04 | | lr=2.50e-04
Epoch 145 | train_loss=1.7193e-04 | train_eval_loss=1.6887e-04 | val_loss=1.8669e-04 | | lr=2.50e-04
Epoch 146 | train_loss=1.7021e-04 | train_eval_loss=1.8100e-04 | val_loss=2.0259e-04 | | lr=2.50e-04
Epoch 147 | train_loss=1.7211e-04 | train_eval_loss=1.8141e-04 | val_loss=2.0076e-04 | | lr=2.50e-04
Epoch 148 | train_loss=1.7227e-04 | train_eval_loss=2.0084e-04 | val_loss=2.2246e-04 | | lr=2.50e-04
Epoch 149 | train_loss=1.6098e-04 | train_eval_loss=1.5943e-04 | val_loss=1.8083e-04 | | lr=1.25e-04
Saved best model to results/thesis_model_results/outputs/loss_comparison_mtlsh/MTLSH__huber__minmax__seed42/mtlsh_state_dict_best.pt
Epoch 150 | train_loss=1.5877e-04 | train_eval_loss=1.5614e-04 | val_loss=1.7737e-04 | | lr=1.25e-04
Saved best model to results/thesis_model_results/outputs/loss_comparison_mtlsh/MTLSH__huber__minmax__seed42/mtlsh_state_dict_best.pt
Epoch 151 | train_loss=1.5812e-04 | train_eval_loss=1.5775e-04 | val_loss=1.7930e-04 | | lr=1.25e-04
Epoch 152 | train_loss=1.5740e-04 | train_eval_loss=1.5871e-04 | val_loss=1.7983e-04 | | lr=1.25e-04
Epoch 153 | train_loss=1.5684e-04 | train_eval_loss=1.5628e-04 | val_loss=1.7737e-04 | | lr=1.25e-04
Saved best model to results/thesis_model_results/outputs/loss_comparison_mtlsh/MTLSH__huber__minmax__seed42/mtlsh_state_dict_best.pt
Epoch 154 | train_loss=1.5780e-04 | train_eval_loss=1.5803e-04 | val_loss=1.7741e-04 | | lr=1.25e-04
Epoch 155 | train_loss=1.5899e-04 | train_eval_loss=1.5599e-04 | val_loss=1.7658e-04 | | lr=1.25e-04
Saved best model to results/thesis_model_results/outputs/loss_comparison_mtlsh/MTLSH__huber__minmax__seed42/mtlsh_state_dict_best.pt
Epoch 156 | train_loss=1.5600e-04 | train_eval_loss=1.5683e-04 | val_loss=1.7858e-04 | | lr=1.25e-04
Epoch 157 | train_loss=1.5933e-04 | train_eval_loss=1.5149e-04 | val_loss=1.7323e-04 | | lr=1.25e-04
Saved best model to results/thesis_model_results/outputs/loss_comparison_mtlsh/MTLSH__huber__minmax__seed42/mtlsh_state_dict_best.pt
Epoch 158 | train_loss=1.5619e-04 | train_eval_loss=1.5457e-04 | val_loss=1.7670e-04 | | lr=1.25e-04
Epoch 159 | train_loss=1.5579e-04 | train_eval_loss=1.5236e-04 | val_loss=1.7348e-04 | | lr=1.25e-04
Epoch 160 | train_loss=1.5704e-04 | train_eval_loss=1.5528e-04 | val_loss=1.7755e-04 | | lr=1.25e-04
Epoch 161 | train_loss=1.5772e-04 | train_eval_loss=1.5662e-04 | val_loss=1.7812e-04 | | lr=1.25e-04
Epoch 162 | train_loss=1.5530e-04 | train_eval_loss=1.5282e-04 | val_loss=1.7336e-04 | | lr=1.25e-04
Epoch 163 | train_loss=1.5809e-04 | train_eval_loss=1.5294e-04 | val_loss=1.7387e-04 | | lr=1.25e-04
Epoch 164 | train_loss=1.5728e-04 | train_eval_loss=1.5476e-04 | val_loss=1.7710e-04 | | lr=1.25e-04
Epoch 165 | train_loss=1.5445e-04 | train_eval_loss=1.5248e-04 | val_loss=1.7596e-04 | | lr=1.25e-04
Epoch 166 | train_loss=1.5599e-04 | train_eval_loss=1.6496e-04 | val_loss=1.8722e-04 | | lr=1.25e-04
Epoch 167 | train_loss=1.5158e-04 | train_eval_loss=1.4902e-04 | val_loss=1.7258e-04 | | lr=6.25e-05
Saved best model to results/thesis_model_results/outputs/loss_comparison_mtlsh/MTLSH__huber__minmax__seed42/mtlsh_state_dict_best.pt
Epoch 168 | train_loss=1.5140e-04 | train_eval_loss=1.4785e-04 | val_loss=1.7115e-04 | | lr=6.25e-05
Saved best model to results/thesis_model_results/outputs/loss_comparison_mtlsh/MTLSH__huber__minmax__seed42/mtlsh_state_dict_best.pt
Epoch 169 | train_loss=1.4966e-04 | train_eval_loss=1.4891e-04 | val_loss=1.7193e-04 | | lr=6.25e-05
Epoch 170 | train_loss=1.5032e-04 | train_eval_loss=1.5051e-04 | val_loss=1.7314e-04 | | lr=6.25e-05
Epoch 171 | train_loss=1.5010e-04 | train_eval_loss=1.4852e-04 | val_loss=1.7125e-04 | | lr=6.25e-05
Epoch 172 | train_loss=1.4936e-04 | train_eval_loss=1.5068e-04 | val_loss=1.7415e-04 | | lr=6.25e-05
Epoch 173 | train_loss=1.4959e-04 | train_eval_loss=1.4831e-04 | val_loss=1.7161e-04 | | lr=6.25e-05
Epoch 174 | train_loss=1.4881e-04 | train_eval_loss=1.4810e-04 | val_loss=1.7137e-04 | | lr=6.25e-05
Epoch 175 | train_loss=1.4954e-04 | train_eval_loss=1.4755e-04 | val_loss=1.7130e-04 | | lr=6.25e-05
Epoch 176 | train_loss=1.4924e-04 | train_eval_loss=1.4798e-04 | val_loss=1.7073e-04 | | lr=6.25e-05
Saved best model to results/thesis_model_results/outputs/loss_comparison_mtlsh/MTLSH__huber__minmax__seed42/mtlsh_state_dict_best.pt
Epoch 177 | train_loss=1.5096e-04 | train_eval_loss=1.4815e-04 | val_loss=1.7184e-04 | | lr=6.25e-05
Epoch 178 | train_loss=1.4866e-04 | train_eval_loss=1.4765e-04 | val_loss=1.7201e-04 | | lr=6.25e-05
Epoch 179 | train_loss=1.4849e-04 | train_eval_loss=1.4680e-04 | val_loss=1.7036e-04 | | lr=6.25e-05
Saved best model to results/thesis_model_results/outputs/loss_comparison_mtlsh/MTLSH__huber__minmax__seed42/mtlsh_state_dict_best.pt
Epoch 180 | train_loss=1.4812e-04 | train_eval_loss=1.4871e-04 | val_loss=1.7222e-04 | | lr=6.25e-05
Epoch 181 | train_loss=1.4856e-04 | train_eval_loss=1.4697e-04 | val_loss=1.7124e-04 | | lr=6.25e-05
Epoch 182 | train_loss=1.5065e-04 | train_eval_loss=1.4680e-04 | val_loss=1.7125e-04 | | lr=6.25e-05
Epoch 183 | train_loss=1.5010e-04 | train_eval_loss=1.5164e-04 | val_loss=1.7640e-04 | | lr=6.25e-05
Epoch 184 | train_loss=1.4904e-04 | train_eval_loss=1.4640e-04 | val_loss=1.6976e-04 | | lr=6.25e-05
Saved best model to results/thesis_model_results/outputs/loss_comparison_mtlsh/MTLSH__huber__minmax__seed42/mtlsh_state_dict_best.pt
Epoch 185 | train_loss=1.5016e-04 | train_eval_loss=1.4619e-04 | val_loss=1.6947e-04 | | lr=6.25e-05
Saved best model to results/thesis_model_results/outputs/loss_comparison_mtlsh/MTLSH__huber__minmax__seed42/mtlsh_state_dict_best.pt
Epoch 186 | train_loss=1.4816e-04 | train_eval_loss=1.4738e-04 | val_loss=1.7059e-04 | | lr=6.25e-05
Epoch 187 | train_loss=1.4929e-04 | train_eval_loss=1.4452e-04 | val_loss=1.6862e-04 | | lr=6.25e-05
Saved best model to results/thesis_model_results/outputs/loss_comparison_mtlsh/MTLSH__huber__minmax__seed42/mtlsh_state_dict_best.pt
Epoch 188 | train_loss=1.4824e-04 | train_eval_loss=1.4598e-04 | val_loss=1.6932e-04 | | lr=6.25e-05
Epoch 189 | train_loss=1.4828e-04 | train_eval_loss=1.4675e-04 | val_loss=1.7055e-04 | | lr=6.25e-05
Epoch 190 | train_loss=1.4813e-04 | train_eval_loss=1.4793e-04 | val_loss=1.7219e-04 | | lr=6.25e-05
Epoch 191 | train_loss=1.4753e-04 | train_eval_loss=1.4548e-04 | val_loss=1.6853e-04 | | lr=6.25e-05
Saved best model to results/thesis_model_results/outputs/loss_comparison_mtlsh/MTLSH__huber__minmax__seed42/mtlsh_state_dict_best.pt
Epoch 192 | train_loss=1.4753e-04 | train_eval_loss=1.4710e-04 | val_loss=1.7053e-04 | | lr=6.25e-05
Epoch 193 | train_loss=1.4700e-04 | train_eval_loss=1.4697e-04 | val_loss=1.7116e-04 | | lr=6.25e-05
Epoch 194 | train_loss=1.4772e-04 | train_eval_loss=1.4506e-04 | val_loss=1.6916e-04 | | lr=6.25e-05
Epoch 195 | train_loss=1.4685e-04 | train_eval_loss=1.4636e-04 | val_loss=1.6999e-04 | | lr=6.25e-05
Epoch 196 | train_loss=1.4790e-04 | train_eval_loss=1.4950e-04 | val_loss=1.7353e-04 | | lr=6.25e-05
Epoch 197 | train_loss=1.4801e-04 | train_eval_loss=1.4630e-04 | val_loss=1.6993e-04 | | lr=6.25e-05
Epoch 198 | train_loss=1.4794e-04 | train_eval_loss=1.4584e-04 | val_loss=1.7049e-04 | | lr=6.25e-05
Epoch 199 | train_loss=1.4708e-04 | train_eval_loss=1.4792e-04 | val_loss=1.7158e-04 | | lr=6.25e-05
Epoch 200 | train_loss=1.4889e-04 | train_eval_loss=1.4605e-04 | val_loss=1.6910e-04 | | lr=6.25e-05
Saved training logs to results/thesis_model_results/outputs/loss_comparison_mtlsh/MTLSH__huber__minmax__seed42/training_summary.txt
Test RMSE(rocof_COI) = 0.0134 | norm: 0.0101 | real_diff: 0.0091
Test RMSE(dev_COI) = 0.0209 | norm: 0.0078 | real_diff: 0.0112
Test RMSE(Delta_P_IBR_1) = 0.1118 | norm: 0.0177 | real_diff: 0.0729
Test RMSE(Delta_P_IBR_2) = 0.1003 | norm: 0.0140 | real_diff: 0.0557
Test RMSE(Delta_P_IBR_3) = 0.1774 | norm: 0.0311 | real_diff: 0.0949
Test RMSE(Delta_P_IBR_4) = 0.1884 | norm: 0.0195 | real_diff: 0.1186
Saved RMSE results to results/thesis_model_results/outputs/loss_comparison_mtlsh/MTLSH__huber__minmax__seed42/rmse_results.txt
Saved detailed metrics to results/thesis_model_results/outputs/loss_comparison_mtlsh/MTLSH__huber__minmax__seed42/metrics_by_target.csv
Saved aggregate metrics to results/thesis_model_results/outputs/loss_comparison_mtlsh/MTLSH__huber__minmax__seed42/metrics_summary.json
Saved loss curves to results/thesis_model_results/outputs/loss_comparison_mtlsh/MTLSH__huber__minmax__seed42/loss_curve.png
Saved scatter plot results/thesis_model_results/outputs/loss_comparison_mtlsh/MTLSH__huber__minmax__seed42/scatter_rocof_COI.png
Saved scatter plot results/thesis_model_results/outputs/loss_comparison_mtlsh/MTLSH__huber__minmax__seed42/scatter_dev_COI.png
Saved scatter plot results/thesis_model_results/outputs/loss_comparison_mtlsh/MTLSH__huber__minmax__seed42/scatter_Delta_P_IBR_1.png
Saved scatter plot results/thesis_model_results/outputs/loss_comparison_mtlsh/MTLSH__huber__minmax__seed42/scatter_Delta_P_IBR_2.png
Saved scatter plot results/thesis_model_results/outputs/loss_comparison_mtlsh/MTLSH__huber__minmax__seed42/scatter_Delta_P_IBR_3.png
Saved scatter plot results/thesis_model_results/outputs/loss_comparison_mtlsh/MTLSH__huber__minmax__seed42/scatter_Delta_P_IBR_4.png
Saved model to results/thesis_model_results/outputs/loss_comparison_mtlsh/MTLSH__huber__minmax__seed42/mtlsh_state_dict.pt
Loss type: kendall | weights=[]
Target stats (scaled):
train mean=[0.549  0.589  0.492  0.4884 0.4785 0.4192]
train std=[0.1365 0.1371 0.1141 0.1063 0.1158 0.1138]
train q05=[0.3074 0.3979 0.3192 0.303  0.3347 0.2205]
train q95=[0.7933 0.8652 0.6719 0.6491 0.6927 0.6016]
val mean=[0.5473 0.5873 0.4922 0.4893 0.4798 0.4201]
val std=[0.1343 0.1348 0.1123 0.1072 0.1141 0.1112]
val q05=[0.3103 0.3982 0.3195 0.303  0.3376 0.2251]
val q95=[0.7886 0.8626 0.6731 0.6514 0.6918 0.5984]
val/train std ratio=[0.984  0.9828 0.9844 1.0084 0.9848 0.9772]
LR scheduler: ReduceLROnPlateau (factor=0.5, patience=8, min_lr=1e-07)
Epoch 001 | train_loss=-1.7557e-02 | train_eval_loss=-1.6534e-01 | val_loss=-1.6654e-01 | log_vars=[-0.07075017 -0.07006183 -0.07032046 -0.07003438 -0.06957591 -0.06982192] | lr=1.00e-03
Saved best model to results/thesis_model_results/outputs/loss_comparison_mtlsh/MTLSH__kendall__minmax__seed42/mtlsh_state_dict_best.pt
Epoch 002 | train_loss=-2.7623e-01 | train_eval_loss=-4.0455e-01 | val_loss=-4.0476e-01 | log_vars=[-0.14078067 -0.13985895 -0.14004403 -0.1396485  -0.13893326 -0.13934766] | lr=1.00e-03
Saved best model to results/thesis_model_results/outputs/loss_comparison_mtlsh/MTLSH__kendall__minmax__seed42/mtlsh_state_dict_best.pt
Epoch 003 | train_loss=-5.0877e-01 | train_eval_loss=-6.1748e-01 | val_loss=-6.1767e-01 | log_vars=[-0.21115875 -0.20994596 -0.20971133 -0.20926178 -0.20828667 -0.20901914] | lr=1.00e-03
Saved best model to results/thesis_model_results/outputs/loss_comparison_mtlsh/MTLSH__kendall__minmax__seed42/mtlsh_state_dict_best.pt
Epoch 004 | train_loss=-7.2045e-01 | train_eval_loss=-8.2865e-01 | val_loss=-8.2880e-01 | log_vars=[-0.2811613  -0.2797433  -0.27925304 -0.27874154 -0.2776001  -0.2785033 ] | lr=1.00e-03
Saved best model to results/thesis_model_results/outputs/loss_comparison_mtlsh/MTLSH__kendall__minmax__seed42/mtlsh_state_dict_best.pt
Epoch 005 | train_loss=-9.3063e-01 | train_eval_loss=-1.0379e+00 | val_loss=-1.0380e+00 | log_vars=[-0.35090864 -0.34934622 -0.348734   -0.34813794 -0.3468869  -0.3478892 ] | lr=1.00e-03
Saved best model to results/thesis_model_results/outputs/loss_comparison_mtlsh/MTLSH__kendall__minmax__seed42/mtlsh_state_dict_best.pt
Epoch 006 | train_loss=-1.1391e+00 | train_eval_loss=-1.2457e+00 | val_loss=-1.2459e+00 | log_vars=[-0.42048657 -0.41881403 -0.41810352 -0.41745946 -0.4161288  -0.4172015 ] | lr=1.00e-03
Saved best model to results/thesis_model_results/outputs/loss_comparison_mtlsh/MTLSH__kendall__minmax__seed42/mtlsh_state_dict_best.pt
Epoch 007 | train_loss=-1.3468e+00 | train_eval_loss=-1.4519e+00 | val_loss=-1.4521e+00 | log_vars=[-0.48995095 -0.48819208 -0.4874073  -0.48671708 -0.48532268 -0.4864481 ] | lr=1.00e-03
Saved best model to results/thesis_model_results/outputs/loss_comparison_mtlsh/MTLSH__kendall__minmax__seed42/mtlsh_state_dict_best.pt
Epoch 008 | train_loss=-1.5549e+00 | train_eval_loss=-1.6616e+00 | val_loss=-1.6617e+00 | log_vars=[-0.5593439  -0.557517   -0.55665165 -0.5559263  -0.55447197 -0.5556526 ] | lr=1.00e-03
Saved best model to results/thesis_model_results/outputs/loss_comparison_mtlsh/MTLSH__kendall__minmax__seed42/mtlsh_state_dict_best.pt
Epoch 009 | train_loss=-1.7625e+00 | train_eval_loss=-1.8682e+00 | val_loss=-1.8683e+00 | log_vars=[-0.62867856 -0.6267969  -0.62585413 -0.62510735 -0.6236006  -0.62482274] | lr=1.00e-03
Saved best model to results/thesis_model_results/outputs/loss_comparison_mtlsh/MTLSH__kendall__minmax__seed42/mtlsh_state_dict_best.pt
Epoch 010 | train_loss=-1.9697e+00 | train_eval_loss=-2.0754e+00 | val_loss=-2.0754e+00 | log_vars=[-0.6979576  -0.6960286  -0.6950201  -0.69424766 -0.6927125  -0.69396335] | lr=1.00e-03
Saved best model to results/thesis_model_results/outputs/loss_comparison_mtlsh/MTLSH__kendall__minmax__seed42/mtlsh_state_dict_best.pt
Epoch 011 | train_loss=-2.1770e+00 | train_eval_loss=-2.2838e+00 | val_loss=-2.2839e+00 | log_vars=[-0.76719445 -0.7652291  -0.7641573  -0.7633646  -0.7617972  -0.7630766 ] | lr=1.00e-03
Saved best model to results/thesis_model_results/outputs/loss_comparison_mtlsh/MTLSH__kendall__minmax__seed42/mtlsh_state_dict_best.pt
Epoch 012 | train_loss=-2.3845e+00 | train_eval_loss=-2.4902e+00 | val_loss=-2.4903e+00 | log_vars=[-0.8364015  -0.8344052  -0.83326787 -0.83246255 -0.8308688  -0.832168  ] | lr=1.00e-03
Saved best model to results/thesis_model_results/outputs/loss_comparison_mtlsh/MTLSH__kendall__minmax__seed42/mtlsh_state_dict_best.pt
Epoch 013 | train_loss=-2.5912e+00 | train_eval_loss=-2.6978e+00 | val_loss=-2.6979e+00 | log_vars=[-0.9055816  -0.903561   -0.9023528  -0.90153575 -0.8998992  -0.9012398 ] | lr=1.00e-03
Saved best model to results/thesis_model_results/outputs/loss_comparison_mtlsh/MTLSH__kendall__minmax__seed42/mtlsh_state_dict_best.pt
Epoch 014 | train_loss=-2.7984e+00 | train_eval_loss=-2.9006e+00 | val_loss=-2.9006e+00 | log_vars=[-0.97473586 -0.9726949  -0.9714151  -0.97060126 -0.9689232  -0.97030485] | lr=1.00e-03
Saved best model to results/thesis_model_results/outputs/loss_comparison_mtlsh/MTLSH__kendall__minmax__seed42/mtlsh_state_dict_best.pt
Epoch 015 | train_loss=-3.0047e+00 | train_eval_loss=-3.1117e+00 | val_loss=-3.1117e+00 | log_vars=[-1.0438597 -1.0417993 -1.0404574 -1.039643  -1.0379176 -1.0393441] | lr=1.00e-03
Saved best model to results/thesis_model_results/outputs/loss_comparison_mtlsh/MTLSH__kendall__minmax__seed42/mtlsh_state_dict_best.pt
Epoch 016 | train_loss=-3.2112e+00 | train_eval_loss=-3.3165e+00 | val_loss=-3.3165e+00 | log_vars=[-1.1129656 -1.1108905 -1.1094885 -1.1086603 -1.1068723 -1.1083724] | lr=1.00e-03
Saved best model to results/thesis_model_results/outputs/loss_comparison_mtlsh/MTLSH__kendall__minmax__seed42/mtlsh_state_dict_best.pt
Epoch 017 | train_loss=-3.4182e+00 | train_eval_loss=-3.5231e+00 | val_loss=-3.5231e+00 | log_vars=[-1.1820521 -1.1799675 -1.1784984 -1.177669  -1.1758139 -1.1774101] | lr=1.00e-03
Saved best model to results/thesis_model_results/outputs/loss_comparison_mtlsh/MTLSH__kendall__minmax__seed42/mtlsh_state_dict_best.pt
Epoch 018 | train_loss=-3.6250e+00 | train_eval_loss=-3.7303e+00 | val_loss=-3.7303e+00 | log_vars=[-1.2511433 -1.2490499 -1.2475047 -1.2466809 -1.2447324 -1.2464299] | lr=1.00e-03
Saved best model to results/thesis_model_results/outputs/loss_comparison_mtlsh/MTLSH__kendall__minmax__seed42/mtlsh_state_dict_best.pt
Epoch 019 | train_loss=-3.8308e+00 | train_eval_loss=-3.9383e+00 | val_loss=-3.9384e+00 | log_vars=[-1.3201916 -1.3180889 -1.3164905 -1.3156685 -1.3136233 -1.3154364] | lr=1.00e-03
Saved best model to results/thesis_model_results/outputs/loss_comparison_mtlsh/MTLSH__kendall__minmax__seed42/mtlsh_state_dict_best.pt
Epoch 020 | train_loss=-4.0378e+00 | train_eval_loss=-4.1425e+00 | val_loss=-4.1427e+00 | log_vars=[-1.3892393 -1.3871297 -1.3854804 -1.3846498 -1.3825015 -1.3844405] | lr=1.00e-03
Saved best model to results/thesis_model_results/outputs/loss_comparison_mtlsh/MTLSH__kendall__minmax__seed42/mtlsh_state_dict_best.pt
Epoch 021 | train_loss=-4.2444e+00 | train_eval_loss=-4.3484e+00 | val_loss=-4.3484e+00 | log_vars=[-1.458291  -1.4561746 -1.4544562 -1.4536295 -1.4513799 -1.4534141] | lr=1.00e-03
Saved best model to results/thesis_model_results/outputs/loss_comparison_mtlsh/MTLSH__kendall__minmax__seed42/mtlsh_state_dict_best.pt
Epoch 022 | train_loss=-4.4507e+00 | train_eval_loss=-4.5557e+00 | val_loss=-4.5557e+00 | log_vars=[-1.5273019 -1.5251795 -1.5234283 -1.5226022 -1.5202389 -1.52238  ] | lr=1.00e-03
Saved best model to results/thesis_model_results/outputs/loss_comparison_mtlsh/MTLSH__kendall__minmax__seed42/mtlsh_state_dict_best.pt
Epoch 023 | train_loss=-4.6574e+00 | train_eval_loss=-4.7646e+00 | val_loss=-4.7645e+00 | log_vars=[-1.5963255 -1.5941975 -1.5923889 -1.5915571 -1.5890757 -1.591359 ] | lr=1.00e-03
Saved best model to results/thesis_model_results/outputs/loss_comparison_mtlsh/MTLSH__kendall__minmax__seed42/mtlsh_state_dict_best.pt
Epoch 024 | train_loss=-4.8625e+00 | train_eval_loss=-4.9667e+00 | val_loss=-4.9666e+00 | log_vars=[-1.6653177 -1.6631823 -1.6613185 -1.6604658 -1.657903  -1.6602938] | lr=1.00e-03
Saved best model to results/thesis_model_results/outputs/loss_comparison_mtlsh/MTLSH__kendall__minmax__seed42/mtlsh_state_dict_best.pt
Epoch 025 | train_loss=-5.0695e+00 | train_eval_loss=-5.1737e+00 | val_loss=-5.1736e+00 | log_vars=[-1.7343078 -1.7321715 -1.7302485 -1.7294004 -1.7267085 -1.7292316] | lr=1.00e-03
Saved best model to results/thesis_model_results/outputs/loss_comparison_mtlsh/MTLSH__kendall__minmax__seed42/mtlsh_state_dict_best.pt
Epoch 026 | train_loss=-5.2758e+00 | train_eval_loss=-5.3823e+00 | val_loss=-5.3824e+00 | log_vars=[-1.803296  -1.801159  -1.7991678 -1.7983316 -1.795507  -1.7981633] | lr=1.00e-03
Saved best model to results/thesis_model_results/outputs/loss_comparison_mtlsh/MTLSH__kendall__minmax__seed42/mtlsh_state_dict_best.pt
Epoch 027 | train_loss=-5.4813e+00 | train_eval_loss=-5.5898e+00 | val_loss=-5.5898e+00 | log_vars=[-1.8722728 -1.8701315 -1.8680764 -1.8672622 -1.8642573 -1.8670567] | lr=1.00e-03
Saved best model to results/thesis_model_results/outputs/loss_comparison_mtlsh/MTLSH__kendall__minmax__seed42/mtlsh_state_dict_best.pt
Epoch 028 | train_loss=-5.6864e+00 | train_eval_loss=-5.7828e+00 | val_loss=-5.7828e+00 | log_vars=[-1.9412276 -1.9390818 -1.9369727 -1.9361851 -1.9329892 -1.9359246] | lr=1.00e-03
Saved best model to results/thesis_model_results/outputs/loss_comparison_mtlsh/MTLSH__kendall__minmax__seed42/mtlsh_state_dict_best.pt
Epoch 029 | train_loss=-5.8926e+00 | train_eval_loss=-5.9974e+00 | val_loss=-5.9977e+00 | log_vars=[-2.0101342 -2.0079863 -2.0058568 -2.005066  -2.001685  -2.0048008] | lr=1.00e-03
Saved best model to results/thesis_model_results/outputs/loss_comparison_mtlsh/MTLSH__kendall__minmax__seed42/mtlsh_state_dict_best.pt
Epoch 030 | train_loss=-6.0982e+00 | train_eval_loss=-6.2023e+00 | val_loss=-6.2023e+00 | log_vars=[-2.0791245 -2.0769594 -2.074706  -2.0739703 -2.0703616 -2.0736334] | lr=1.00e-03
Saved best model to results/thesis_model_results/outputs/loss_comparison_mtlsh/MTLSH__kendall__minmax__seed42/mtlsh_state_dict_best.pt
Epoch 031 | train_loss=-6.3060e+00 | train_eval_loss=-6.4093e+00 | val_loss=-6.4095e+00 | log_vars=[-2.148089  -2.145921  -2.1435926 -2.142903  -2.139059  -2.1425102] | lr=1.00e-03
Saved best model to results/thesis_model_results/outputs/loss_comparison_mtlsh/MTLSH__kendall__minmax__seed42/mtlsh_state_dict_best.pt
Epoch 032 | train_loss=-6.5033e+00 | train_eval_loss=-6.6163e+00 | val_loss=-6.6160e+00 | log_vars=[-2.2168016 -2.2146318 -2.2123525 -2.211785  -2.2074509 -2.2112842] | lr=1.00e-03
Saved best model to results/thesis_model_results/outputs/loss_comparison_mtlsh/MTLSH__kendall__minmax__seed42/mtlsh_state_dict_best.pt
Epoch 033 | train_loss=-6.7168e+00 | train_eval_loss=-6.8223e+00 | val_loss=-6.8222e+00 | log_vars=[-2.2858107 -2.2836354 -2.2811968 -2.280692  -2.276131  -2.280095 ] | lr=1.00e-03
Saved best model to results/thesis_model_results/outputs/loss_comparison_mtlsh/MTLSH__kendall__minmax__seed42/mtlsh_state_dict_best.pt
Epoch 034 | train_loss=-6.9221e+00 | train_eval_loss=-7.0277e+00 | val_loss=-7.0279e+00 | log_vars=[-2.354811  -2.3526394 -2.3500175 -2.349592  -2.3447654 -2.348898 ] | lr=1.00e-03
Saved best model to results/thesis_model_results/outputs/loss_comparison_mtlsh/MTLSH__kendall__minmax__seed42/mtlsh_state_dict_best.pt
Epoch 035 | train_loss=-7.1249e+00 | train_eval_loss=-7.2259e+00 | val_loss=-7.2262e+00 | log_vars=[-2.4237654 -2.4215934 -2.4188259 -2.4184775 -2.4132152 -2.417649 ] | lr=1.00e-03
Saved best model to results/thesis_model_results/outputs/loss_comparison_mtlsh/MTLSH__kendall__minmax__seed42/mtlsh_state_dict_best.pt
Epoch 036 | train_loss=-7.3243e+00 | train_eval_loss=-7.4389e+00 | val_loss=-7.4388e+00 | log_vars=[-2.4923701 -2.490203  -2.487593  -2.4873645 -2.4814618 -2.4863942] | lr=1.00e-03
Saved best model to results/thesis_model_results/outputs/loss_comparison_mtlsh/MTLSH__kendall__minmax__seed42/mtlsh_state_dict_best.pt
Epoch 037 | train_loss=-7.5359e+00 | train_eval_loss=-7.6365e+00 | val_loss=-7.6360e+00 | log_vars=[-2.5613427 -2.5591881 -2.5563676 -2.5562012 -2.5499716 -2.5551112] | lr=1.00e-03
Saved best model to results/thesis_model_results/outputs/loss_comparison_mtlsh/MTLSH__kendall__minmax__seed42/mtlsh_state_dict_best.pt
Epoch 038 | train_loss=-7.7390e+00 | train_eval_loss=-7.8468e+00 | val_loss=-7.8465e+00 | log_vars=[-2.6302874 -2.6281404 -2.6250792 -2.6250265 -2.6183488 -2.623762 ] | lr=1.00e-03
Saved best model to results/thesis_model_results/outputs/loss_comparison_mtlsh/MTLSH__kendall__minmax__seed42/mtlsh_state_dict_best.pt
Epoch 039 | train_loss=-7.9447e+00 | train_eval_loss=-8.0255e+00 | val_loss=-8.0262e+00 | log_vars=[-2.6992562 -2.697106  -2.6937985 -2.693888  -2.6866689 -2.692444 ] | lr=1.00e-03
Saved best model to results/thesis_model_results/outputs/loss_comparison_mtlsh/MTLSH__kendall__minmax__seed42/mtlsh_state_dict_best.pt
Epoch 040 | train_loss=-8.1441e+00 | train_eval_loss=-8.2523e+00 | val_loss=-8.2524e+00 | log_vars=[-2.7679772 -2.7658348 -2.7624407 -2.7626975 -2.7547398 -2.7610722] | lr=1.00e-03
Saved best model to results/thesis_model_results/outputs/loss_comparison_mtlsh/MTLSH__kendall__minmax__seed42/mtlsh_state_dict_best.pt
Epoch 041 | train_loss=-8.3492e+00 | train_eval_loss=-8.4632e+00 | val_loss=-8.4630e+00 | log_vars=[-2.8367763 -2.8346353 -2.8311238 -2.8314857 -2.8228402 -2.8296988] | lr=1.00e-03
Saved best model to results/thesis_model_results/outputs/loss_comparison_mtlsh/MTLSH__kendall__minmax__seed42/mtlsh_state_dict_best.pt
Epoch 042 | train_loss=-8.5570e+00 | train_eval_loss=-8.6362e+00 | val_loss=-8.6357e+00 | log_vars=[-2.9057267 -2.9036026 -2.8997967 -2.90034   -2.8910081 -2.8983262] | lr=1.00e-03
Saved best model to results/thesis_model_results/outputs/loss_comparison_mtlsh/MTLSH__kendall__minmax__seed42/mtlsh_state_dict_best.pt
Epoch 043 | train_loss=-8.7600e+00 | train_eval_loss=-8.8680e+00 | val_loss=-8.8677e+00 | log_vars=[-2.97451   -2.97241   -2.9684694 -2.969118  -2.95901   -2.9669378] | lr=1.00e-03
Saved best model to results/thesis_model_results/outputs/loss_comparison_mtlsh/MTLSH__kendall__minmax__seed42/mtlsh_state_dict_best.pt
Epoch 044 | train_loss=-8.9559e+00 | train_eval_loss=-9.0674e+00 | val_loss=-9.0672e+00 | log_vars=[-3.0431294 -3.041054  -3.0369773 -3.037873  -3.0267742 -3.0354044] | lr=1.00e-03
Saved best model to results/thesis_model_results/outputs/loss_comparison_mtlsh/MTLSH__kendall__minmax__seed42/mtlsh_state_dict_best.pt
Epoch 045 | train_loss=-9.1708e+00 | train_eval_loss=-9.2724e+00 | val_loss=-9.2721e+00 | log_vars=[-3.1120386 -3.109993  -3.1055624 -3.1066568 -3.094913  -3.1039762] | lr=1.00e-03
Saved best model to results/thesis_model_results/outputs/loss_comparison_mtlsh/MTLSH__kendall__minmax__seed42/mtlsh_state_dict_best.pt
Epoch 046 | train_loss=-9.3724e+00 | train_eval_loss=-9.4776e+00 | val_loss=-9.4769e+00 | log_vars=[-3.180921  -3.1788936 -3.17414   -3.175378  -3.162944  -3.1724753] | lr=1.00e-03
Saved best model to results/thesis_model_results/outputs/loss_comparison_mtlsh/MTLSH__kendall__minmax__seed42/mtlsh_state_dict_best.pt
Epoch 047 | train_loss=-9.5634e+00 | train_eval_loss=-9.6576e+00 | val_loss=-9.6577e+00 | log_vars=[-3.2494688 -3.2474496 -3.2426476 -3.2440002 -3.2304099 -3.240761 ] | lr=1.00e-03
Saved best model to results/thesis_model_results/outputs/loss_comparison_mtlsh/MTLSH__kendall__minmax__seed42/mtlsh_state_dict_best.pt
Epoch 048 | train_loss=-9.7744e+00 | train_eval_loss=-9.8745e+00 | val_loss=-9.8741e+00 | log_vars=[-3.3181787 -3.3162103 -3.311159  -3.3127556 -3.2981153 -3.3091357] | lr=1.00e-03
Saved best model to results/thesis_model_results/outputs/loss_comparison_mtlsh/MTLSH__kendall__minmax__seed42/mtlsh_state_dict_best.pt
Epoch 049 | train_loss=-9.9737e+00 | train_eval_loss=-1.0090e+01 | val_loss=-1.0088e+01 | log_vars=[-3.3867064 -3.3847826 -3.3796787 -3.3814821 -3.3656106 -3.377574 ] | lr=1.00e-03
Saved best model to results/thesis_model_results/outputs/loss_comparison_mtlsh/MTLSH__kendall__minmax__seed42/mtlsh_state_dict_best.pt
Epoch 050 | train_loss=-1.0181e+01 | train_eval_loss=-1.0272e+01 | val_loss=-1.0271e+01 | log_vars=[-3.455573  -3.4536617 -3.4481847 -3.450167  -3.43332   -3.4458811] | lr=1.00e-03
Saved best model to results/thesis_model_results/outputs/loss_comparison_mtlsh/MTLSH__kendall__minmax__seed42/mtlsh_state_dict_best.pt
Epoch 051 | train_loss=-1.0381e+01 | train_eval_loss=-1.0458e+01 | val_loss=-1.0457e+01 | log_vars=[-3.5243745 -3.5225017 -3.5165546 -3.5187864 -3.5008693 -3.5140858] | lr=1.00e-03
Saved best model to results/thesis_model_results/outputs/loss_comparison_mtlsh/MTLSH__kendall__minmax__seed42/mtlsh_state_dict_best.pt
Epoch 052 | train_loss=-1.0578e+01 | train_eval_loss=-1.0669e+01 | val_loss=-1.0669e+01 | log_vars=[-3.5929146 -3.5911071 -3.584782  -3.5873055 -3.568087  -3.5822275] | lr=1.00e-03
Saved best model to results/thesis_model_results/outputs/loss_comparison_mtlsh/MTLSH__kendall__minmax__seed42/mtlsh_state_dict_best.pt
Epoch 053 | train_loss=-1.0775e+01 | train_eval_loss=-1.0891e+01 | val_loss=-1.0889e+01 | log_vars=[-3.6614318 -3.659694  -3.652956  -3.6558583 -3.6350343 -3.6502824] | lr=1.00e-03
Saved best model to results/thesis_model_results/outputs/loss_comparison_mtlsh/MTLSH__kendall__minmax__seed42/mtlsh_state_dict_best.pt
Epoch 054 | train_loss=-1.0974e+01 | train_eval_loss=-1.1084e+01 | val_loss=-1.1083e+01 | log_vars=[-3.7301545 -3.7284195 -3.7209811 -3.7241905 -3.7017903 -3.7181394] | lr=1.00e-03
Saved best model to results/thesis_model_results/outputs/loss_comparison_mtlsh/MTLSH__kendall__minmax__seed42/mtlsh_state_dict_best.pt
Epoch 055 | train_loss=-1.1178e+01 | train_eval_loss=-1.1294e+01 | val_loss=-1.1292e+01 | log_vars=[-3.7985713 -3.796922  -3.7892427 -3.7928088 -3.7683253 -3.78621  ] | lr=1.00e-03
Saved best model to results/thesis_model_results/outputs/loss_comparison_mtlsh/MTLSH__kendall__minmax__seed42/mtlsh_state_dict_best.pt
Epoch 056 | train_loss=-1.1383e+01 | train_eval_loss=-1.1455e+01 | val_loss=-1.1454e+01 | log_vars=[-3.8672624 -3.8656735 -3.857606  -3.861463  -3.835306  -3.8543835] | lr=1.00e-03
Saved best model to results/thesis_model_results/outputs/loss_comparison_mtlsh/MTLSH__kendall__minmax__seed42/mtlsh_state_dict_best.pt
Epoch 057 | train_loss=-1.1581e+01 | train_eval_loss=-1.1693e+01 | val_loss=-1.1691e+01 | log_vars=[-3.9356308 -3.934188  -3.9257033 -3.9298897 -3.9017422 -3.9223192] | lr=1.00e-03
Saved best model to results/thesis_model_results/outputs/loss_comparison_mtlsh/MTLSH__kendall__minmax__seed42/mtlsh_state_dict_best.pt
Epoch 058 | train_loss=-1.1764e+01 | train_eval_loss=-1.1888e+01 | val_loss=-1.1886e+01 | log_vars=[-4.004037  -4.0026846 -3.9935327 -3.9980443 -3.9678586 -3.9900584] | lr=1.00e-03
Saved best model to results/thesis_model_results/outputs/loss_comparison_mtlsh/MTLSH__kendall__minmax__seed42/mtlsh_state_dict_best.pt
Epoch 059 | train_loss=-1.1969e+01 | train_eval_loss=-1.2088e+01 | val_loss=-1.2086e+01 | log_vars=[-4.072444  -4.0711055 -4.061217  -4.0661964 -4.0340643 -4.057611 ] | lr=1.00e-03
Saved best model to results/thesis_model_results/outputs/loss_comparison_mtlsh/MTLSH__kendall__minmax__seed42/mtlsh_state_dict_best.pt
Epoch 060 | train_loss=-1.2167e+01 | train_eval_loss=-1.2293e+01 | val_loss=-1.2290e+01 | log_vars=[-4.1411347 -4.1397963 -4.129134  -4.134374  -4.099654  -4.1251035] | lr=1.00e-03
Saved best model to results/thesis_model_results/outputs/loss_comparison_mtlsh/MTLSH__kendall__minmax__seed42/mtlsh_state_dict_best.pt
Epoch 061 | train_loss=-1.2366e+01 | train_eval_loss=-1.2467e+01 | val_loss=-1.2464e+01 | log_vars=[-4.209606  -4.2082925 -4.1970015 -4.2027545 -4.165594  -4.1927605] | lr=1.00e-03
Saved best model to results/thesis_model_results/outputs/loss_comparison_mtlsh/MTLSH__kendall__minmax__seed42/mtlsh_state_dict_best.pt
Epoch 062 | train_loss=-1.2570e+01 | train_eval_loss=-1.2686e+01 | val_loss=-1.2682e+01 | log_vars=[-4.278261  -4.2769666 -4.264687  -4.271133  -4.231419  -4.2604775] | lr=1.00e-03
Saved best model to results/thesis_model_results/outputs/loss_comparison_mtlsh/MTLSH__kendall__minmax__seed42/mtlsh_state_dict_best.pt
Epoch 063 | train_loss=-1.2751e+01 | train_eval_loss=-1.2868e+01 | val_loss=-1.2865e+01 | log_vars=[-4.3461313 -4.3448653 -4.3323092 -4.339558  -4.296492  -4.327997 ] | lr=1.00e-03
Saved best model to results/thesis_model_results/outputs/loss_comparison_mtlsh/MTLSH__kendall__minmax__seed42/mtlsh_state_dict_best.pt
Epoch 064 | train_loss=-1.2962e+01 | train_eval_loss=-1.3070e+01 | val_loss=-1.3064e+01 | log_vars=[-4.4146056 -4.4133754 -4.400077  -4.4079437 -4.362058  -4.3954687] | lr=1.00e-03
Saved best model to results/thesis_model_results/outputs/loss_comparison_mtlsh/MTLSH__kendall__minmax__seed42/mtlsh_state_dict_best.pt
Epoch 065 | train_loss=-1.3152e+01 | train_eval_loss=-1.3253e+01 | val_loss=-1.3250e+01 | log_vars=[-4.4829154 -4.481803  -4.467884  -4.4762244 -4.4273114 -4.4629064] | lr=1.00e-03
Saved best model to results/thesis_model_results/outputs/loss_comparison_mtlsh/MTLSH__kendall__minmax__seed42/mtlsh_state_dict_best.pt
Epoch 066 | train_loss=-1.3322e+01 | train_eval_loss=-1.3388e+01 | val_loss=-1.3382e+01 | log_vars=[-4.5508986 -4.549849  -4.5349026 -4.544099  -4.491157  -4.529762 ] | lr=1.00e-03
Saved best model to results/thesis_model_results/outputs/loss_comparison_mtlsh/MTLSH__kendall__minmax__seed42/mtlsh_state_dict_best.pt
Epoch 067 | train_loss=-1.3530e+01 | train_eval_loss=-1.3564e+01 | val_loss=-1.3555e+01 | log_vars=[-4.6188364 -4.6178126 -4.6021876 -4.611821  -4.5552125 -4.596709 ] | lr=1.00e-03
Saved best model to results/thesis_model_results/outputs/loss_comparison_mtlsh/MTLSH__kendall__minmax__seed42/mtlsh_state_dict_best.pt
Epoch 068 | train_loss=-1.3710e+01 | train_eval_loss=-1.3677e+01 | val_loss=-1.3678e+01 | log_vars=[-4.6870227 -4.685975  -4.6690335 -4.679177  -4.61908   -4.6629252] | lr=1.00e-03
Saved best model to results/thesis_model_results/outputs/loss_comparison_mtlsh/MTLSH__kendall__minmax__seed42/mtlsh_state_dict_best.pt
Epoch 069 | train_loss=-1.3917e+01 | train_eval_loss=-1.3869e+01 | val_loss=-1.3860e+01 | log_vars=[-4.75543   -4.75457   -4.7360134 -4.7469482 -4.6829367 -4.729692 ] | lr=1.00e-03
Saved best model to results/thesis_model_results/outputs/loss_comparison_mtlsh/MTLSH__kendall__minmax__seed42/mtlsh_state_dict_best.pt
Epoch 070 | train_loss=-1.4075e+01 | train_eval_loss=-1.4086e+01 | val_loss=-1.4077e+01 | log_vars=[-4.8227115 -4.8219404 -4.8028274 -4.814412  -4.7454376 -4.795725 ] | lr=1.00e-03
Saved best model to results/thesis_model_results/outputs/loss_comparison_mtlsh/MTLSH__kendall__minmax__seed42/mtlsh_state_dict_best.pt
Epoch 071 | train_loss=-1.4291e+01 | train_eval_loss=-1.4430e+01 | val_loss=-1.4420e+01 | log_vars=[-4.890665  -4.890047  -4.869748  -4.882355  -4.8080087 -4.8623486] | lr=1.00e-03
Saved best model to results/thesis_model_results/outputs/loss_comparison_mtlsh/MTLSH__kendall__minmax__seed42/mtlsh_state_dict_best.pt
Epoch 072 | train_loss=-1.4490e+01 | train_eval_loss=-1.4625e+01 | val_loss=-1.4614e+01 | log_vars=[-4.958775  -4.958401  -4.9366846 -4.950301  -4.871076  -4.9286675] | lr=1.00e-03
Saved best model to results/thesis_model_results/outputs/loss_comparison_mtlsh/MTLSH__kendall__minmax__seed42/mtlsh_state_dict_best.pt
Epoch 073 | train_loss=-1.4688e+01 | train_eval_loss=-1.4777e+01 | val_loss=-1.4769e+01 | log_vars=[-5.027066  -5.0268235 -5.003348  -5.018347  -4.935075  -4.995259 ] | lr=1.00e-03
Saved best model to results/thesis_model_results/outputs/loss_comparison_mtlsh/MTLSH__kendall__minmax__seed42/mtlsh_state_dict_best.pt
Epoch 074 | train_loss=-1.4872e+01 | train_eval_loss=-1.4972e+01 | val_loss=-1.4959e+01 | log_vars=[-5.0951734 -5.095133  -5.070189  -5.085948  -4.9977856 -5.0615225] | lr=1.00e-03
Saved best model to results/thesis_model_results/outputs/loss_comparison_mtlsh/MTLSH__kendall__minmax__seed42/mtlsh_state_dict_best.pt
Epoch 075 | train_loss=-1.4990e+01 | train_eval_loss=-1.5100e+01 | val_loss=-1.5089e+01 | log_vars=[-5.1618648 -5.161987  -5.1364274 -5.1530895 -5.05744   -5.127162 ] | lr=1.00e-03
Saved best model to results/thesis_model_results/outputs/loss_comparison_mtlsh/MTLSH__kendall__minmax__seed42/mtlsh_state_dict_best.pt
Epoch 076 | train_loss=-1.5227e+01 | train_eval_loss=-1.5262e+01 | val_loss=-1.5249e+01 | log_vars=[-5.2292743 -5.229691  -5.2024746 -5.2201962 -5.1177855 -5.1924496] | lr=1.00e-03
Saved best model to results/thesis_model_results/outputs/loss_comparison_mtlsh/MTLSH__kendall__minmax__seed42/mtlsh_state_dict_best.pt
Epoch 077 | train_loss=-1.5374e+01 | train_eval_loss=-1.5456e+01 | val_loss=-1.5433e+01 | log_vars=[-5.295966  -5.2966475 -5.2680774 -5.2875056 -5.176564  -5.2577105] | lr=1.00e-03
Saved best model to results/thesis_model_results/outputs/loss_comparison_mtlsh/MTLSH__kendall__minmax__seed42/mtlsh_state_dict_best.pt
Epoch 078 | train_loss=-1.5583e+01 | train_eval_loss=-1.5334e+01 | val_loss=-1.5310e+01 | log_vars=[-5.363781  -5.364705  -5.3340354 -5.354965  -5.23749   -5.3230157] | lr=1.00e-03
Epoch 079 | train_loss=-1.5749e+01 | train_eval_loss=-1.5848e+01 | val_loss=-1.5829e+01 | log_vars=[-5.4304986 -5.431925  -5.3991394 -5.421259  -5.2966504 -5.387545 ] | lr=1.00e-03
Saved best model to results/thesis_model_results/outputs/loss_comparison_mtlsh/MTLSH__kendall__minmax__seed42/mtlsh_state_dict_best.pt
Epoch 080 | train_loss=-1.5874e+01 | train_eval_loss=-1.6073e+01 | val_loss=-1.6053e+01 | log_vars=[-5.4974775 -5.498728  -5.4623103 -5.4882174 -5.3523693 -5.450273 ] | lr=1.00e-03
Saved best model to results/thesis_model_results/outputs/loss_comparison_mtlsh/MTLSH__kendall__minmax__seed42/mtlsh_state_dict_best.pt
Epoch 081 | train_loss=-1.6087e+01 | train_eval_loss=-1.6181e+01 | val_loss=-1.6160e+01 | log_vars=[-5.5645328 -5.565965  -5.527614  -5.555185  -5.4095426 -5.514472 ] | lr=1.00e-03
Saved best model to results/thesis_model_results/outputs/loss_comparison_mtlsh/MTLSH__kendall__minmax__seed42/mtlsh_state_dict_best.pt
Epoch 082 | train_loss=-1.6277e+01 | train_eval_loss=-1.6384e+01 | val_loss=-1.6367e+01 | log_vars=[-5.6318674 -5.6335917 -5.5923195 -5.6210737 -5.467467  -5.5788064] | lr=1.00e-03
Saved best model to results/thesis_model_results/outputs/loss_comparison_mtlsh/MTLSH__kendall__minmax__seed42/mtlsh_state_dict_best.pt
Epoch 083 | train_loss=-1.6435e+01 | train_eval_loss=-1.6556e+01 | val_loss=-1.6536e+01 | log_vars=[-5.6985903 -5.700695  -5.6568146 -5.687164  -5.5229354 -5.6419373] | lr=1.00e-03
Saved best model to results/thesis_model_results/outputs/loss_comparison_mtlsh/MTLSH__kendall__minmax__seed42/mtlsh_state_dict_best.pt
Epoch 084 | train_loss=-1.6617e+01 | train_eval_loss=-1.6683e+01 | val_loss=-1.6658e+01 | log_vars=[-5.7650776 -5.7675986 -5.721867  -5.752801  -5.5789824 -5.705687 ] | lr=1.00e-03
Saved best model to results/thesis_model_results/outputs/loss_comparison_mtlsh/MTLSH__kendall__minmax__seed42/mtlsh_state_dict_best.pt
Epoch 085 | train_loss=-1.6786e+01 | train_eval_loss=-1.6466e+01 | val_loss=-1.6433e+01 | log_vars=[-5.8320384 -5.83482   -5.786507  -5.8188195 -5.6333137 -5.769478 ] | lr=1.00e-03
Epoch 086 | train_loss=-1.6894e+01 | train_eval_loss=-1.7063e+01 | val_loss=-1.7030e+01 | log_vars=[-5.896627  -5.899747  -5.849623  -5.8844275 -5.6851225 -5.831405 ] | lr=1.00e-03
Saved best model to results/thesis_model_results/outputs/loss_comparison_mtlsh/MTLSH__kendall__minmax__seed42/mtlsh_state_dict_best.pt
Epoch 087 | train_loss=-1.7138e+01 | train_eval_loss=-1.7176e+01 | val_loss=-1.7135e+01 | log_vars=[-5.9628835 -5.9664474 -5.913929  -5.9500384 -5.7405014 -5.8946652] | lr=1.00e-03
Saved best model to results/thesis_model_results/outputs/loss_comparison_mtlsh/MTLSH__kendall__minmax__seed42/mtlsh_state_dict_best.pt
Epoch 088 | train_loss=-1.7221e+01 | train_eval_loss=-1.7199e+01 | val_loss=-1.7169e+01 | log_vars=[-6.028831  -6.0329623 -5.9753838 -6.0142603 -5.7942877 -5.955359 ] | lr=1.00e-03
Saved best model to results/thesis_model_results/outputs/loss_comparison_mtlsh/MTLSH__kendall__minmax__seed42/mtlsh_state_dict_best.pt
Epoch 089 | train_loss=-1.7337e+01 | train_eval_loss=-1.7453e+01 | val_loss=-1.7412e+01 | log_vars=[-6.0927515 -6.0972366 -6.0356436 -6.07754   -5.841844  -6.015314 ] | lr=1.00e-03
Saved best model to results/thesis_model_results/outputs/loss_comparison_mtlsh/MTLSH__kendall__minmax__seed42/mtlsh_state_dict_best.pt
Epoch 090 | train_loss=-1.7521e+01 | train_eval_loss=-1.7664e+01 | val_loss=-1.7620e+01 | log_vars=[-6.156642  -6.161937  -6.0952215 -6.142563  -5.8871512 -6.0745163] | lr=1.00e-03
Saved best model to results/thesis_model_results/outputs/loss_comparison_mtlsh/MTLSH__kendall__minmax__seed42/mtlsh_state_dict_best.pt
Epoch 091 | train_loss=-1.7642e+01 | train_eval_loss=-1.7904e+01 | val_loss=-1.7857e+01 | log_vars=[-6.2215    -6.2269077 -6.154848  -6.2064066 -5.9330053 -6.134448 ] | lr=1.00e-03
Saved best model to results/thesis_model_results/outputs/loss_comparison_mtlsh/MTLSH__kendall__minmax__seed42/mtlsh_state_dict_best.pt
Epoch 092 | train_loss=-1.7904e+01 | train_eval_loss=-1.8052e+01 | val_loss=-1.8011e+01 | log_vars=[-6.288259  -6.293576  -6.216748  -6.2713857 -5.983252  -6.193424 ] | lr=1.00e-03
Saved best model to results/thesis_model_results/outputs/loss_comparison_mtlsh/MTLSH__kendall__minmax__seed42/mtlsh_state_dict_best.pt
Epoch 093 | train_loss=-1.8122e+01 | train_eval_loss=-1.8138e+01 | val_loss=-1.8092e+01 | log_vars=[-6.3555737 -6.3616962 -6.2794094 -6.338632  -6.0361156 -6.2537565] | lr=1.00e-03
Saved best model to results/thesis_model_results/outputs/loss_comparison_mtlsh/MTLSH__kendall__minmax__seed42/mtlsh_state_dict_best.pt
Epoch 094 | train_loss=-1.8159e+01 | train_eval_loss=-1.8269e+01 | val_loss=-1.8239e+01 | log_vars=[-6.4209013 -6.4272346 -6.339458  -6.403018  -6.0816736 -6.3121343] | lr=1.00e-03
Saved best model to results/thesis_model_results/outputs/loss_comparison_mtlsh/MTLSH__kendall__minmax__seed42/mtlsh_state_dict_best.pt
Epoch 095 | train_loss=-1.8410e+01 | train_eval_loss=-1.8412e+01 | val_loss=-1.8351e+01 | log_vars=[-6.4873157 -6.494146  -6.4003153 -6.467275  -6.130221  -6.371552 ] | lr=1.00e-03
Saved best model to results/thesis_model_results/outputs/loss_comparison_mtlsh/MTLSH__kendall__minmax__seed42/mtlsh_state_dict_best.pt
Epoch 096 | train_loss=-1.8403e+01 | train_eval_loss=-1.8708e+01 | val_loss=-1.8631e+01 | log_vars=[-6.552294  -6.559456  -6.4572735 -6.5275874 -6.169393  -6.426647 ] | lr=1.00e-03
Saved best model to results/thesis_model_results/outputs/loss_comparison_mtlsh/MTLSH__kendall__minmax__seed42/mtlsh_state_dict_best.pt
Epoch 097 | train_loss=-1.8570e+01 | train_eval_loss=-1.8399e+01 | val_loss=-1.8338e+01 | log_vars=[-6.617915  -6.6251225 -6.513511  -6.589287  -6.2100215 -6.482613 ] | lr=1.00e-03
Epoch 098 | train_loss=-1.8802e+01 | train_eval_loss=-1.8868e+01 | val_loss=-1.8815e+01 | log_vars=[-6.683336  -6.6917953 -6.5708346 -6.6527042 -6.2550473 -6.5380707] | lr=1.00e-03
Saved best model to results/thesis_model_results/outputs/loss_comparison_mtlsh/MTLSH__kendall__minmax__seed42/mtlsh_state_dict_best.pt
Epoch 099 | train_loss=-1.8846e+01 | train_eval_loss=-1.8958e+01 | val_loss=-1.8874e+01 | log_vars=[-6.7470737 -6.7565756 -6.6277857 -6.7100153 -6.2959495 -6.5946693] | lr=1.00e-03
Saved best model to results/thesis_model_results/outputs/loss_comparison_mtlsh/MTLSH__kendall__minmax__seed42/mtlsh_state_dict_best.pt
Epoch 100 | train_loss=-1.8964e+01 | train_eval_loss=-1.9234e+01 | val_loss=-1.9153e+01 | log_vars=[-6.807951  -6.818967  -6.682723  -6.7727838 -6.3326945 -6.647045 ] | lr=1.00e-03
Saved best model to results/thesis_model_results/outputs/loss_comparison_mtlsh/MTLSH__kendall__minmax__seed42/mtlsh_state_dict_best.pt
Epoch 101 | train_loss=-1.9011e+01 | train_eval_loss=-1.8913e+01 | val_loss=-1.8786e+01 | log_vars=[-6.8674455 -6.8782883 -6.7382903 -6.8321624 -6.365351  -6.698609 ] | lr=1.00e-03
Epoch 102 | train_loss=-1.9249e+01 | train_eval_loss=-1.9421e+01 | val_loss=-1.9330e+01 | log_vars=[-6.930316  -6.9417677 -6.793417  -6.8939023 -6.399519  -6.7511096] | lr=1.00e-03
Saved best model to results/thesis_model_results/outputs/loss_comparison_mtlsh/MTLSH__kendall__minmax__seed42/mtlsh_state_dict_best.pt
Epoch 103 | train_loss=-1.9265e+01 | train_eval_loss=-1.9514e+01 | val_loss=-1.9444e+01 | log_vars=[-6.9936776 -7.004582  -6.843597  -6.949869  -6.4295864 -6.8001018] | lr=1.00e-03
Saved best model to results/thesis_model_results/outputs/loss_comparison_mtlsh/MTLSH__kendall__minmax__seed42/mtlsh_state_dict_best.pt
Epoch 104 | train_loss=-1.9548e+01 | train_eval_loss=-1.9696e+01 | val_loss=-1.9598e+01 | log_vars=[-7.0569816 -7.0690074 -6.8980274 -7.0115457 -6.466191  -6.8517184] | lr=1.00e-03
Saved best model to results/thesis_model_results/outputs/loss_comparison_mtlsh/MTLSH__kendall__minmax__seed42/mtlsh_state_dict_best.pt
Epoch 105 | train_loss=-1.9673e+01 | train_eval_loss=-1.9877e+01 | val_loss=-1.9746e+01 | log_vars=[-7.1179724 -7.1323633 -6.95402   -7.075608  -6.4996114 -6.9037805] | lr=1.00e-03
Saved best model to results/thesis_model_results/outputs/loss_comparison_mtlsh/MTLSH__kendall__minmax__seed42/mtlsh_state_dict_best.pt
Epoch 106 | train_loss=-1.9589e+01 | train_eval_loss=-1.9350e+01 | val_loss=-1.9246e+01 | log_vars=[-7.17523   -7.191539  -7.005129  -7.1356897 -6.51937   -6.9494376] | lr=1.00e-03
Epoch 107 | train_loss=-1.9811e+01 | train_eval_loss=-2.0123e+01 | val_loss=-2.0016e+01 | log_vars=[-7.2355857 -7.252904  -7.0542264 -7.193619  -6.542918  -6.9968023] | lr=1.00e-03
Saved best model to results/thesis_model_results/outputs/loss_comparison_mtlsh/MTLSH__kendall__minmax__seed42/mtlsh_state_dict_best.pt
Epoch 108 | train_loss=-2.0046e+01 | train_eval_loss=-1.9930e+01 | val_loss=-1.9833e+01 | log_vars=[-7.300084  -7.3188324 -7.1052194 -7.254036  -6.578767  -7.044855 ] | lr=1.00e-03
Epoch 109 | train_loss=-1.9957e+01 | train_eval_loss=-1.9954e+01 | val_loss=-1.9873e+01 | log_vars=[-7.355904  -7.375841  -7.154574  -7.312084  -6.6006427 -7.0902543] | lr=1.00e-03
Epoch 110 | train_loss=-2.0020e+01 | train_eval_loss=-1.9982e+01 | val_loss=-1.9898e+01 | log_vars=[-7.4133306 -7.4351335 -7.197043  -7.36493   -6.6124144 -7.130359 ] | lr=1.00e-03
Epoch 111 | train_loss=-2.0275e+01 | train_eval_loss=-2.0308e+01 | val_loss=-2.0171e+01 | log_vars=[-7.4748044 -7.4982886 -7.2457113 -7.4213247 -6.638014  -7.1757636] | lr=1.00e-03
Saved best model to results/thesis_model_results/outputs/loss_comparison_mtlsh/MTLSH__kendall__minmax__seed42/mtlsh_state_dict_best.pt
Epoch 112 | train_loss=-2.0349e+01 | train_eval_loss=-2.0430e+01 | val_loss=-2.0308e+01 | log_vars=[-7.536658  -7.561294  -7.2896914 -7.474318  -6.6583815 -7.215225 ] | lr=1.00e-03
Saved best model to results/thesis_model_results/outputs/loss_comparison_mtlsh/MTLSH__kendall__minmax__seed42/mtlsh_state_dict_best.pt
Epoch 113 | train_loss=-2.0428e+01 | train_eval_loss=-2.0580e+01 | val_loss=-2.0468e+01 | log_vars=[-7.594851  -7.6218762 -7.333158  -7.528305  -6.6805573 -7.2521544] | lr=1.00e-03
Saved best model to results/thesis_model_results/outputs/loss_comparison_mtlsh/MTLSH__kendall__minmax__seed42/mtlsh_state_dict_best.pt
Epoch 114 | train_loss=-2.0452e+01 | train_eval_loss=-2.0502e+01 | val_loss=-2.0330e+01 | log_vars=[-7.6527524 -7.6827497 -7.375955  -7.5700808 -6.701663  -7.289381 ] | lr=1.00e-03
Epoch 115 | train_loss=-2.0297e+01 | train_eval_loss=-2.0714e+01 | val_loss=-2.0592e+01 | log_vars=[-7.690315 -7.722879 -7.41585  -7.626774 -6.699224 -7.326095] | lr=1.00e-03
Saved best model to results/thesis_model_results/outputs/loss_comparison_mtlsh/MTLSH__kendall__minmax__seed42/mtlsh_state_dict_best.pt
Epoch 116 | train_loss=-2.0756e+01 | train_eval_loss=-2.0479e+01 | val_loss=-2.0314e+01 | log_vars=[-7.74864   -7.784053  -7.45662   -7.682897  -6.725042  -7.3657804] | lr=1.00e-03
Epoch 117 | train_loss=-2.0590e+01 | train_eval_loss=-2.0824e+01 | val_loss=-2.0697e+01 | log_vars=[-7.8033824 -7.840338  -7.4876804 -7.7216334 -6.7359514 -7.3965335] | lr=1.00e-03
Saved best model to results/thesis_model_results/outputs/loss_comparison_mtlsh/MTLSH__kendall__minmax__seed42/mtlsh_state_dict_best.pt
Epoch 118 | train_loss=-2.0717e+01 | train_eval_loss=-2.0750e+01 | val_loss=-2.0686e+01 | log_vars=[-7.8598313 -7.8991647 -7.521277  -7.7551904 -6.7489944 -7.426992 ] | lr=1.00e-03
Epoch 119 | train_loss=-2.0912e+01 | train_eval_loss=-2.0951e+01 | val_loss=-2.0789e+01 | log_vars=[-7.9147167 -7.956864  -7.5610843 -7.804101  -6.766795  -7.460219 ] | lr=1.00e-03
Saved best model to results/thesis_model_results/outputs/loss_comparison_mtlsh/MTLSH__kendall__minmax__seed42/mtlsh_state_dict_best.pt
Epoch 120 | train_loss=-2.1016e+01 | train_eval_loss=-2.1083e+01 | val_loss=-2.0938e+01 | log_vars=[-7.9660788 -8.010014  -7.6006923 -7.8626356 -6.7843175 -7.4905243] | lr=1.00e-03
Saved best model to results/thesis_model_results/outputs/loss_comparison_mtlsh/MTLSH__kendall__minmax__seed42/mtlsh_state_dict_best.pt
Epoch 121 | train_loss=-2.1034e+01 | train_eval_loss=-2.1223e+01 | val_loss=-2.1023e+01 | log_vars=[-8.019675 -8.066252 -7.627968 -7.918321 -6.800267 -7.516466] | lr=1.00e-03
Saved best model to results/thesis_model_results/outputs/loss_comparison_mtlsh/MTLSH__kendall__minmax__seed42/mtlsh_state_dict_best.pt
Epoch 122 | train_loss=-2.1299e+01 | train_eval_loss=-2.1443e+01 | val_loss=-2.1218e+01 | log_vars=[-8.074468  -8.125432  -7.6618056 -7.975115  -6.8241806 -7.549522 ] | lr=1.00e-03
Saved best model to results/thesis_model_results/outputs/loss_comparison_mtlsh/MTLSH__kendall__minmax__seed42/mtlsh_state_dict_best.pt
Epoch 123 | train_loss=-2.0929e+01 | train_eval_loss=-2.1452e+01 | val_loss=-2.1180e+01 | log_vars=[-8.118462  -8.174588  -7.682789  -8.002333  -6.829141  -7.5701323] | lr=1.00e-03
Epoch 124 | train_loss=-2.1285e+01 | train_eval_loss=-2.1104e+01 | val_loss=-2.0881e+01 | log_vars=[-8.166582  -8.225902  -7.7138443 -8.05244   -6.8478928 -7.595556 ] | lr=1.00e-03
Epoch 125 | train_loss=-2.0891e+01 | train_eval_loss=-2.0570e+01 | val_loss=-2.0378e+01 | log_vars=[-8.19461   -8.25576   -7.7381477 -8.092215  -6.8330784 -7.608957 ] | lr=1.00e-03
Epoch 126 | train_loss=-2.1345e+01 | train_eval_loss=-2.1502e+01 | val_loss=-2.1269e+01 | log_vars=[-8.242681  -8.306563  -7.7612314 -8.135098  -6.8377047 -7.629626 ] | lr=1.00e-03
Saved best model to results/thesis_model_results/outputs/loss_comparison_mtlsh/MTLSH__kendall__minmax__seed42/mtlsh_state_dict_best.pt
Epoch 127 | train_loss=-2.1014e+01 | train_eval_loss=-2.1571e+01 | val_loss=-2.1318e+01 | log_vars=[-8.279584  -8.346505  -7.780031  -8.151201  -6.8414173 -7.647637 ] | lr=1.00e-03
Saved best model to results/thesis_model_results/outputs/loss_comparison_mtlsh/MTLSH__kendall__minmax__seed42/mtlsh_state_dict_best.pt
Epoch 128 | train_loss=-2.1724e+01 | train_eval_loss=-2.1394e+01 | val_loss=-2.1151e+01 | log_vars=[-8.331708  -8.404021  -7.808757  -8.201775  -6.8653283 -7.6757374] | lr=1.00e-03
Epoch 129 | train_loss=-2.1368e+01 | train_eval_loss=-2.0791e+01 | val_loss=-2.0577e+01 | log_vars=[-8.371385  -8.4478445 -7.830698  -8.243455  -6.869591  -7.6920505] | lr=1.00e-03
Epoch 130 | train_loss=-2.1630e+01 | train_eval_loss=-2.1364e+01 | val_loss=-2.1104e+01 | log_vars=[-8.420826  -8.500494  -7.8504143 -8.278324  -6.884832  -7.7122684] | lr=1.00e-03
Epoch 131 | train_loss=-2.1744e+01 | train_eval_loss=-2.1735e+01 | val_loss=-2.1431e+01 | log_vars=[-8.466642  -8.551592  -7.8722453 -8.332011  -6.9007573 -7.7302117] | lr=1.00e-03
Saved best model to results/thesis_model_results/outputs/loss_comparison_mtlsh/MTLSH__kendall__minmax__seed42/mtlsh_state_dict_best.pt
Epoch 132 | train_loss=-2.1370e+01 | train_eval_loss=-2.1254e+01 | val_loss=-2.1002e+01 | log_vars=[-8.492698  -8.580365  -7.8851953 -8.376773  -6.8936157 -7.741915 ] | lr=1.00e-03
Epoch 133 | train_loss=-2.1675e+01 | train_eval_loss=-2.1446e+01 | val_loss=-2.1135e+01 | log_vars=[-8.532771  -8.626492  -7.8954663 -8.399247  -6.899402  -7.753366 ] | lr=1.00e-03
Epoch 134 | train_loss=-2.1778e+01 | train_eval_loss=-2.1844e+01 | val_loss=-2.1500e+01 | log_vars=[-8.577291  -8.679611  -7.9090304 -8.422058  -6.9153576 -7.7693753] | lr=1.00e-03
Saved best model to results/thesis_model_results/outputs/loss_comparison_mtlsh/MTLSH__kendall__minmax__seed42/mtlsh_state_dict_best.pt
Epoch 135 | train_loss=-2.2010e+01 | train_eval_loss=-2.2078e+01 | val_loss=-2.1848e+01 | log_vars=[-8.621224  -8.730784  -7.9418006 -8.461017  -6.932364  -7.788445 ] | lr=1.00e-03
Saved best model to results/thesis_model_results/outputs/loss_comparison_mtlsh/MTLSH__kendall__minmax__seed42/mtlsh_state_dict_best.pt
Epoch 136 | train_loss=-2.1823e+01 | train_eval_loss=-2.1875e+01 | val_loss=-2.1535e+01 | log_vars=[-8.66117  -8.779535 -7.957164 -8.492539 -6.932849 -7.795787] | lr=1.00e-03
Epoch 137 | train_loss=-2.1997e+01 | train_eval_loss=-2.2090e+01 | val_loss=-2.1695e+01 | log_vars=[-8.702924 -8.827689 -7.976691 -8.532959 -6.947048 -7.80533 ] | lr=1.00e-03
Epoch 138 | train_loss=-2.1689e+01 | train_eval_loss=-2.2109e+01 | val_loss=-2.1879e+01 | log_vars=[-8.726763  -8.857524  -7.974442  -8.537509  -6.9433203 -7.808787 ] | lr=1.00e-03
Saved best model to results/thesis_model_results/outputs/loss_comparison_mtlsh/MTLSH__kendall__minmax__seed42/mtlsh_state_dict_best.pt
Epoch 139 | train_loss=-2.1558e+01 | train_eval_loss=-2.0123e+01 | val_loss=-1.9936e+01 | log_vars=[-8.745375  -8.880438  -7.9802446 -8.5450945 -6.937864  -7.817455 ] | lr=1.00e-03
Epoch 140 | train_loss=-2.1473e+01 | train_eval_loss=-2.1933e+01 | val_loss=-2.1638e+01 | log_vars=[-8.761118  -8.90044   -7.980466  -8.503998  -6.9270053 -7.81821  ] | lr=1.00e-03
Epoch 141 | train_loss=-2.1486e+01 | train_eval_loss=-2.2209e+01 | val_loss=-2.1880e+01 | log_vars=[-8.765077  -8.908277  -7.9671226 -8.52072   -6.8987823 -7.8055534] | lr=1.00e-03
Saved best model to results/thesis_model_results/outputs/loss_comparison_mtlsh/MTLSH__kendall__minmax__seed42/mtlsh_state_dict_best.pt
Epoch 142 | train_loss=-2.1981e+01 | train_eval_loss=-2.1951e+01 | val_loss=-2.1616e+01 | log_vars=[-8.794624  -8.942851  -7.98495   -8.551494  -6.9178014 -7.8263717] | lr=1.00e-03
Epoch 143 | train_loss=-2.1848e+01 | train_eval_loss=-2.2292e+01 | val_loss=-2.1944e+01 | log_vars=[-8.801985  -8.959578  -7.993104  -8.594024  -6.9218946 -7.830576 ] | lr=1.00e-03
Saved best model to results/thesis_model_results/outputs/loss_comparison_mtlsh/MTLSH__kendall__minmax__seed42/mtlsh_state_dict_best.pt
Epoch 144 | train_loss=-2.2116e+01 | train_eval_loss=-2.2382e+01 | val_loss=-2.1986e+01 | log_vars=[-8.834336  -8.99684   -8.015158  -8.632609  -6.9427185 -7.8479176] | lr=1.00e-03
Saved best model to results/thesis_model_results/outputs/loss_comparison_mtlsh/MTLSH__kendall__minmax__seed42/mtlsh_state_dict_best.pt
Epoch 145 | train_loss=-2.2145e+01 | train_eval_loss=-2.2539e+01 | val_loss=-2.2209e+01 | log_vars=[-8.864178 -9.030726 -8.029369 -8.656166 -6.955076 -7.862566] | lr=1.00e-03
Saved best model to results/thesis_model_results/outputs/loss_comparison_mtlsh/MTLSH__kendall__minmax__seed42/mtlsh_state_dict_best.pt
Epoch 146 | train_loss=-2.2413e+01 | train_eval_loss=-2.1971e+01 | val_loss=-2.1528e+01 | log_vars=[-8.9054365 -9.075322  -8.046213  -8.70239   -6.97167   -7.8748765] | lr=1.00e-03
Epoch 147 | train_loss=-2.2272e+01 | train_eval_loss=-2.2591e+01 | val_loss=-2.2260e+01 | log_vars=[-8.931664  -9.109254  -8.070452  -8.741253  -6.9802265 -7.8865933] | lr=1.00e-03
Saved best model to results/thesis_model_results/outputs/loss_comparison_mtlsh/MTLSH__kendall__minmax__seed42/mtlsh_state_dict_best.pt
Epoch 148 | train_loss=-2.2096e+01 | train_eval_loss=-1.9511e+01 | val_loss=-1.9180e+01 | log_vars=[-8.958253 -9.140501 -8.083913 -8.758533 -6.994374 -7.895767] | lr=1.00e-03
Epoch 149 | train_loss=-2.1678e+01 | train_eval_loss=-2.2381e+01 | val_loss=-2.2010e+01 | log_vars=[-8.945773  -9.137093  -8.058465  -8.713008  -6.9760523 -7.8867235] | lr=1.00e-03
Epoch 150 | train_loss=-2.2026e+01 | train_eval_loss=-2.2426e+01 | val_loss=-2.2049e+01 | log_vars=[-8.954746  -9.15211   -8.051311  -8.737325  -6.976847  -7.8923564] | lr=1.00e-03
Epoch 151 | train_loss=-2.1898e+01 | train_eval_loss=-2.1375e+01 | val_loss=-2.0976e+01 | log_vars=[-8.96596  -9.163009 -8.058659 -8.721514 -6.976116 -7.897417] | lr=1.00e-03
Epoch 152 | train_loss=-2.2058e+01 | train_eval_loss=-2.2551e+01 | val_loss=-2.2092e+01 | log_vars=[-8.9818125 -9.190445  -8.051462  -8.710361  -6.965218  -7.901166 ] | lr=1.00e-03
Epoch 153 | train_loss=-2.1989e+01 | train_eval_loss=-2.2613e+01 | val_loss=-2.2129e+01 | log_vars=[-8.977319 -9.182663 -8.055581 -8.725917 -6.96839  -7.9163  ] | lr=1.00e-03
Epoch 154 | train_loss=-2.2580e+01 | train_eval_loss=-2.2244e+01 | val_loss=-2.1921e+01 | log_vars=[-9.015856  -9.231831  -8.078472  -8.764398  -6.9942183 -7.9371953] | lr=1.00e-03
Epoch 155 | train_loss=-2.2066e+01 | train_eval_loss=-2.1668e+01 | val_loss=-2.1156e+01 | log_vars=[-9.022454 -9.248657 -8.079323 -8.779857 -6.987121 -7.931011] | lr=1.00e-03
Epoch 156 | train_loss=-2.2330e+01 | train_eval_loss=-2.2563e+01 | val_loss=-2.2179e+01 | log_vars=[-9.029893 -9.265416 -8.086449 -8.798089 -6.993322 -7.935589] | lr=1.00e-03
Epoch 157 | train_loss=-2.2899e+01 | train_eval_loss=-2.3041e+01 | val_loss=-2.2602e+01 | log_vars=[-9.050767  -9.289795  -8.108386  -8.823875  -7.012805  -7.9537706] | lr=5.00e-04
Saved best model to results/thesis_model_results/outputs/loss_comparison_mtlsh/MTLSH__kendall__minmax__seed42/mtlsh_state_dict_best.pt
Epoch 158 | train_loss=-2.3118e+01 | train_eval_loss=-2.3264e+01 | val_loss=-2.2721e+01 | log_vars=[-9.077114 -9.322087 -8.134853 -8.852962 -7.039188 -7.972722] | lr=5.00e-04
Saved best model to results/thesis_model_results/outputs/loss_comparison_mtlsh/MTLSH__kendall__minmax__seed42/mtlsh_state_dict_best.pt
Epoch 159 | train_loss=-2.3181e+01 | train_eval_loss=-2.3251e+01 | val_loss=-2.2741e+01 | log_vars=[-9.104496  -9.354576  -8.159293  -8.88201   -7.068593  -7.9947186] | lr=5.00e-04
Saved best model to results/thesis_model_results/outputs/loss_comparison_mtlsh/MTLSH__kendall__minmax__seed42/mtlsh_state_dict_best.pt
Epoch 160 | train_loss=-2.3181e+01 | train_eval_loss=-2.3213e+01 | val_loss=-2.2692e+01 | log_vars=[-9.130254  -9.3851385 -8.181673  -8.910914  -7.093847  -8.014448 ] | lr=5.00e-04
Epoch 161 | train_loss=-2.3156e+01 | train_eval_loss=-2.2932e+01 | val_loss=-2.2411e+01 | log_vars=[-9.154634 -9.414815 -8.19819  -8.937758 -7.113201 -8.030271] | lr=5.00e-04
Epoch 162 | train_loss=-2.3174e+01 | train_eval_loss=-2.3363e+01 | val_loss=-2.2848e+01 | log_vars=[-9.177573  -9.443649  -8.213375  -8.963223  -7.1296735 -8.042932 ] | lr=5.00e-04
Saved best model to results/thesis_model_results/outputs/loss_comparison_mtlsh/MTLSH__kendall__minmax__seed42/mtlsh_state_dict_best.pt
Epoch 163 | train_loss=-2.3251e+01 | train_eval_loss=-2.3211e+01 | val_loss=-2.2655e+01 | log_vars=[-9.199678  -9.47221   -8.231898  -8.988344  -7.1456876 -8.054717 ] | lr=5.00e-04
Epoch 164 | train_loss=-2.3195e+01 | train_eval_loss=-2.3296e+01 | val_loss=-2.2671e+01 | log_vars=[-9.21968   -9.4978695 -8.244113  -9.010162  -7.1606083 -8.067913 ] | lr=5.00e-04
Epoch 165 | train_loss=-2.3172e+01 | train_eval_loss=-2.2539e+01 | val_loss=-2.1968e+01 | log_vars=[-9.235961 -9.521129 -8.256811 -9.034333 -7.170771 -8.080209] | lr=5.00e-04
Epoch 166 | train_loss=-2.2958e+01 | train_eval_loss=-2.3060e+01 | val_loss=-2.2381e+01 | log_vars=[-9.242649  -9.52933   -8.260795  -9.0553255 -7.172583  -8.088958 ] | lr=5.00e-04
Epoch 167 | train_loss=-2.3260e+01 | train_eval_loss=-2.2887e+01 | val_loss=-2.2317e+01 | log_vars=[-9.261232  -9.554845  -8.27226   -9.077946  -7.1861167 -8.096259 ] | lr=5.00e-04
Epoch 168 | train_loss=-2.3247e+01 | train_eval_loss=-2.3285e+01 | val_loss=-2.2578e+01 | log_vars=[-9.27839   -9.580227  -8.281204  -9.100098  -7.1896205 -8.102915 ] | lr=5.00e-04
Epoch 169 | train_loss=-2.3263e+01 | train_eval_loss=-2.2997e+01 | val_loss=-2.2517e+01 | log_vars=[-9.295355  -9.604749  -8.292064  -9.1186695 -7.199087  -8.11437  ] | lr=5.00e-04
Epoch 170 | train_loss=-2.3231e+01 | train_eval_loss=-2.3361e+01 | val_loss=-2.2705e+01 | log_vars=[-9.31257   -9.629728  -8.298036  -9.128978  -7.2022514 -8.117722 ] | lr=5.00e-04
Epoch 171 | train_loss=-2.3304e+01 | train_eval_loss=-2.2805e+01 | val_loss=-2.2150e+01 | log_vars=[-9.3289175 -9.653764  -8.301179  -9.1490965 -7.213404  -8.124276 ] | lr=5.00e-04
Epoch 172 | train_loss=-2.3536e+01 | train_eval_loss=-2.3669e+01 | val_loss=-2.2974e+01 | log_vars=[-9.338654  -9.667707  -8.30892   -9.160679  -7.2221117 -8.130779 ] | lr=2.50e-04
Saved best model to results/thesis_model_results/outputs/loss_comparison_mtlsh/MTLSH__kendall__minmax__seed42/mtlsh_state_dict_best.pt
Epoch 173 | train_loss=-2.3613e+01 | train_eval_loss=-2.3685e+01 | val_loss=-2.2983e+01 | log_vars=[-9.349421  -9.682436  -8.318125  -9.17383   -7.2323427 -8.14053  ] | lr=2.50e-04
Saved best model to results/thesis_model_results/outputs/loss_comparison_mtlsh/MTLSH__kendall__minmax__seed42/mtlsh_state_dict_best.pt
Epoch 174 | train_loss=-2.3667e+01 | train_eval_loss=-2.3743e+01 | val_loss=-2.2998e+01 | log_vars=[-9.360716 -9.698289 -8.327729 -9.187912 -7.242544 -8.148183] | lr=2.50e-04
Saved best model to results/thesis_model_results/outputs/loss_comparison_mtlsh/MTLSH__kendall__minmax__seed42/mtlsh_state_dict_best.pt
Epoch 175 | train_loss=-2.3661e+01 | train_eval_loss=-2.3728e+01 | val_loss=-2.3024e+01 | log_vars=[-9.372351 -9.713618 -8.337325 -9.201629 -7.253229 -8.156088] | lr=2.50e-04
Saved best model to results/thesis_model_results/outputs/loss_comparison_mtlsh/MTLSH__kendall__minmax__seed42/mtlsh_state_dict_best.pt
Epoch 176 | train_loss=-2.3664e+01 | train_eval_loss=-2.3649e+01 | val_loss=-2.2943e+01 | log_vars=[-9.382738 -9.729295 -8.344931 -9.214689 -7.261367 -8.164429] | lr=2.50e-04
Epoch 177 | train_loss=-2.3644e+01 | train_eval_loss=-2.3758e+01 | val_loss=-2.3041e+01 | log_vars=[-9.392475  -9.7440195 -8.351287  -9.226609  -7.269542  -8.171262 ] | lr=2.50e-04
Saved best model to results/thesis_model_results/outputs/loss_comparison_mtlsh/MTLSH__kendall__minmax__seed42/mtlsh_state_dict_best.pt
Epoch 178 | train_loss=-2.3697e+01 | train_eval_loss=-2.3676e+01 | val_loss=-2.2879e+01 | log_vars=[-9.402359 -9.759373 -8.359853 -9.238837 -7.277189 -8.17844 ] | lr=2.50e-04
Epoch 179 | train_loss=-2.3675e+01 | train_eval_loss=-2.3801e+01 | val_loss=-2.3051e+01 | log_vars=[-9.411783  -9.772774  -8.366627  -9.251419  -7.2828794 -8.186612 ] | lr=2.50e-04
Saved best model to results/thesis_model_results/outputs/loss_comparison_mtlsh/MTLSH__kendall__minmax__seed42/mtlsh_state_dict_best.pt
Epoch 180 | train_loss=-2.3708e+01 | train_eval_loss=-2.3728e+01 | val_loss=-2.2937e+01 | log_vars=[-9.420863  -9.786336  -8.372406  -9.264715  -7.2894077 -8.193861 ] | lr=2.50e-04
Epoch 181 | train_loss=-2.3681e+01 | train_eval_loss=-2.3716e+01 | val_loss=-2.2949e+01 | log_vars=[-9.429495  -9.8003845 -8.379286  -9.277158  -7.294725  -8.200047 ] | lr=2.50e-04
Epoch 182 | train_loss=-2.3733e+01 | train_eval_loss=-2.3739e+01 | val_loss=-2.2915e+01 | log_vars=[-9.439092  -9.814551  -8.38501   -9.289649  -7.3007035 -8.206255 ] | lr=2.50e-04
Epoch 183 | train_loss=-2.3596e+01 | train_eval_loss=-2.3638e+01 | val_loss=-2.2795e+01 | log_vars=[-9.443905 -9.82365  -8.39052  -9.300196 -7.304166 -8.211891] | lr=2.50e-04
Epoch 184 | train_loss=-2.3717e+01 | train_eval_loss=-2.3230e+01 | val_loss=-2.2434e+01 | log_vars=[-9.451636  -9.836251  -8.395129  -9.313039  -7.3097925 -8.217429 ] | lr=2.50e-04
Epoch 185 | train_loss=-2.3626e+01 | train_eval_loss=-2.3738e+01 | val_loss=-2.2914e+01 | log_vars=[-9.455061 -9.845192 -8.399435 -9.323802 -7.314015 -8.223439] | lr=2.50e-04
Epoch 186 | train_loss=-2.3752e+01 | train_eval_loss=-2.3453e+01 | val_loss=-2.2653e+01 | log_vars=[-9.463885 -9.859813 -8.404366 -9.334429 -7.319676 -8.229158] | lr=2.50e-04
Epoch 187 | train_loss=-2.3708e+01 | train_eval_loss=-2.3757e+01 | val_loss=-2.2867e+01 | log_vars=[-9.471042 -9.872805 -8.405304 -9.343173 -7.323007 -8.233702] | lr=2.50e-04
Epoch 188 | train_loss=-2.3767e+01 | train_eval_loss=-2.3822e+01 | val_loss=-2.2974e+01 | log_vars=[-9.479738  -9.886641  -8.408919  -9.354175  -7.3284006 -8.238591 ] | lr=2.50e-04
Epoch 189 | train_loss=-2.3867e+01 | train_eval_loss=-2.3969e+01 | val_loss=-2.3090e+01 | log_vars=[-9.483795 -9.893235 -8.411823 -9.36082  -7.33168  -8.241912] | lr=1.25e-04
Saved best model to results/thesis_model_results/outputs/loss_comparison_mtlsh/MTLSH__kendall__minmax__seed42/mtlsh_state_dict_best.pt
Epoch 190 | train_loss=-2.3958e+01 | train_eval_loss=-2.3984e+01 | val_loss=-2.3129e+01 | log_vars=[-9.489222 -9.901641 -8.41583  -9.367915 -7.335839 -8.245823] | lr=1.25e-04
Saved best model to results/thesis_model_results/outputs/loss_comparison_mtlsh/MTLSH__kendall__minmax__seed42/mtlsh_state_dict_best.pt
Epoch 191 | train_loss=-2.3970e+01 | train_eval_loss=-2.3904e+01 | val_loss=-2.3020e+01 | log_vars=[-9.494791 -9.909774 -8.420305 -9.375163 -7.340275 -8.2501  ] | lr=1.25e-04
Epoch 192 | train_loss=-2.3954e+01 | train_eval_loss=-2.3991e+01 | val_loss=-2.3129e+01 | log_vars=[-9.49995  -9.917856 -8.423777 -9.381871 -7.344091 -8.253296] | lr=1.25e-04
Saved best model to results/thesis_model_results/outputs/loss_comparison_mtlsh/MTLSH__kendall__minmax__seed42/mtlsh_state_dict_best.pt
Epoch 193 | train_loss=-2.3945e+01 | train_eval_loss=-2.3991e+01 | val_loss=-2.3161e+01 | log_vars=[-9.505023 -9.925497 -8.427232 -9.388414 -7.348137 -8.256646] | lr=1.25e-04
Saved best model to results/thesis_model_results/outputs/loss_comparison_mtlsh/MTLSH__kendall__minmax__seed42/mtlsh_state_dict_best.pt
Epoch 194 | train_loss=-2.3974e+01 | train_eval_loss=-2.3962e+01 | val_loss=-2.3063e+01 | log_vars=[-9.510354  -9.933173  -8.430856  -9.395103  -7.3517966 -8.260475 ] | lr=1.25e-04
Epoch 195 | train_loss=-2.3985e+01 | train_eval_loss=-2.3889e+01 | val_loss=-2.2967e+01 | log_vars=[-9.515142 -9.941299 -8.434571 -9.40219  -7.355759 -8.264141] | lr=1.25e-04
Epoch 196 | train_loss=-2.3991e+01 | train_eval_loss=-2.3973e+01 | val_loss=-2.3144e+01 | log_vars=[-9.52039   -9.949138  -8.438232  -9.408672  -7.3583364 -8.267976 ] | lr=1.25e-04
Epoch 197 | train_loss=-2.3968e+01 | train_eval_loss=-2.4043e+01 | val_loss=-2.3187e+01 | log_vars=[-9.524992 -9.956909 -8.441116 -9.415111 -7.361202 -8.271351] | lr=1.25e-04
Saved best model to results/thesis_model_results/outputs/loss_comparison_mtlsh/MTLSH__kendall__minmax__seed42/mtlsh_state_dict_best.pt
Epoch 198 | train_loss=-2.3995e+01 | train_eval_loss=-2.4022e+01 | val_loss=-2.3121e+01 | log_vars=[-9.529944  -9.964411  -8.444474  -9.421767  -7.3645887 -8.274627 ] | lr=1.25e-04
Epoch 199 | train_loss=-2.4003e+01 | train_eval_loss=-2.3805e+01 | val_loss=-2.2949e+01 | log_vars=[-9.53485   -9.972143  -8.44782   -9.428239  -7.3681154 -8.277814 ] | lr=1.25e-04
Epoch 200 | train_loss=-2.3956e+01 | train_eval_loss=-2.4059e+01 | val_loss=-2.3185e+01 | log_vars=[-9.5385685 -9.978986  -8.4507475 -9.434214  -7.37076   -8.280797 ] | lr=1.25e-04
Saved training logs to results/thesis_model_results/outputs/loss_comparison_mtlsh/MTLSH__kendall__minmax__seed42/training_summary.txt
Test RMSE(rocof_COI) = 0.0112 | norm: 0.0085 | real_diff: 0.0070
Test RMSE(dev_COI) = 0.0173 | norm: 0.0064 | real_diff: 0.0078
Test RMSE(Delta_P_IBR_1) = 0.0991 | norm: 0.0157 | real_diff: 0.0609
Test RMSE(Delta_P_IBR_2) = 0.0800 | norm: 0.0111 | real_diff: 0.0423
Test RMSE(Delta_P_IBR_3) = 0.1645 | norm: 0.0289 | real_diff: 0.0854
Test RMSE(Delta_P_IBR_4) = 0.1606 | norm: 0.0166 | real_diff: 0.0968
Saved RMSE results to results/thesis_model_results/outputs/loss_comparison_mtlsh/MTLSH__kendall__minmax__seed42/rmse_results.txt
Saved detailed metrics to results/thesis_model_results/outputs/loss_comparison_mtlsh/MTLSH__kendall__minmax__seed42/metrics_by_target.csv
Saved aggregate metrics to results/thesis_model_results/outputs/loss_comparison_mtlsh/MTLSH__kendall__minmax__seed42/metrics_summary.json
Saved loss curves to results/thesis_model_results/outputs/loss_comparison_mtlsh/MTLSH__kendall__minmax__seed42/loss_curve.png
Saved scatter plot results/thesis_model_results/outputs/loss_comparison_mtlsh/MTLSH__kendall__minmax__seed42/scatter_rocof_COI.png
Saved scatter plot results/thesis_model_results/outputs/loss_comparison_mtlsh/MTLSH__kendall__minmax__seed42/scatter_dev_COI.png
Saved scatter plot results/thesis_model_results/outputs/loss_comparison_mtlsh/MTLSH__kendall__minmax__seed42/scatter_Delta_P_IBR_1.png
Saved scatter plot results/thesis_model_results/outputs/loss_comparison_mtlsh/MTLSH__kendall__minmax__seed42/scatter_Delta_P_IBR_2.png
Saved scatter plot results/thesis_model_results/outputs/loss_comparison_mtlsh/MTLSH__kendall__minmax__seed42/scatter_Delta_P_IBR_3.png
Saved scatter plot results/thesis_model_results/outputs/loss_comparison_mtlsh/MTLSH__kendall__minmax__seed42/scatter_Delta_P_IBR_4.png
Saved model to results/thesis_model_results/outputs/loss_comparison_mtlsh/MTLSH__kendall__minmax__seed42/mtlsh_state_dict.pt
Loss type: mse | weights=[]
Target stats (scaled):
train mean=[0.549  0.589  0.492  0.4884 0.4785 0.4192]
train std=[0.1365 0.1371 0.1141 0.1063 0.1158 0.1138]
train q05=[0.3074 0.3979 0.3192 0.303  0.3347 0.2205]
train q95=[0.7933 0.8652 0.6719 0.6491 0.6927 0.6016]
val mean=[0.5473 0.5873 0.4922 0.4893 0.4798 0.4201]
val std=[0.1343 0.1348 0.1123 0.1072 0.1141 0.1112]
val q05=[0.3103 0.3982 0.3195 0.303  0.3376 0.2251]
val q95=[0.7886 0.8626 0.6731 0.6514 0.6918 0.5984]
val/train std ratio=[0.984  0.9828 0.9844 1.0084 0.9848 0.9772]
LR scheduler: ReduceLROnPlateau (factor=0.5, patience=8, min_lr=1e-07)
Epoch 001 | train_loss=4.0172e-02 | train_eval_loss=1.4413e-02 | val_loss=1.3999e-02 | | lr=1.00e-03
Saved best model to results/thesis_model_results/outputs/loss_comparison_mtlgsh/MTLGSH__mse__minmax__seed42/mtlgsh_state_dict_best.pt
Epoch 002 | train_loss=1.5401e-02 | train_eval_loss=1.0978e-02 | val_loss=1.0664e-02 | | lr=1.00e-03
Saved best model to results/thesis_model_results/outputs/loss_comparison_mtlgsh/MTLGSH__mse__minmax__seed42/mtlgsh_state_dict_best.pt
Epoch 003 | train_loss=7.1580e-03 | train_eval_loss=3.9524e-03 | val_loss=3.8898e-03 | | lr=1.00e-03
Saved best model to results/thesis_model_results/outputs/loss_comparison_mtlgsh/MTLGSH__mse__minmax__seed42/mtlgsh_state_dict_best.pt
Epoch 004 | train_loss=5.1304e-03 | train_eval_loss=3.4512e-03 | val_loss=3.3892e-03 | | lr=1.00e-03
Saved best model to results/thesis_model_results/outputs/loss_comparison_mtlgsh/MTLGSH__mse__minmax__seed42/mtlgsh_state_dict_best.pt
Epoch 005 | train_loss=4.7556e-03 | train_eval_loss=3.2813e-03 | val_loss=3.2194e-03 | | lr=1.00e-03
Saved best model to results/thesis_model_results/outputs/loss_comparison_mtlgsh/MTLGSH__mse__minmax__seed42/mtlgsh_state_dict_best.pt
Epoch 006 | train_loss=4.5944e-03 | train_eval_loss=2.9740e-03 | val_loss=2.9322e-03 | | lr=1.00e-03
Saved best model to results/thesis_model_results/outputs/loss_comparison_mtlgsh/MTLGSH__mse__minmax__seed42/mtlgsh_state_dict_best.pt
Epoch 007 | train_loss=3.9535e-03 | train_eval_loss=2.4804e-03 | val_loss=2.4650e-03 | | lr=1.00e-03
Saved best model to results/thesis_model_results/outputs/loss_comparison_mtlgsh/MTLGSH__mse__minmax__seed42/mtlgsh_state_dict_best.pt
Epoch 008 | train_loss=3.5549e-03 | train_eval_loss=1.9500e-03 | val_loss=1.9188e-03 | | lr=1.00e-03
Saved best model to results/thesis_model_results/outputs/loss_comparison_mtlgsh/MTLGSH__mse__minmax__seed42/mtlgsh_state_dict_best.pt
Epoch 009 | train_loss=3.1120e-03 | train_eval_loss=1.5906e-03 | val_loss=1.5612e-03 | | lr=1.00e-03
Saved best model to results/thesis_model_results/outputs/loss_comparison_mtlgsh/MTLGSH__mse__minmax__seed42/mtlgsh_state_dict_best.pt
Epoch 010 | train_loss=2.8724e-03 | train_eval_loss=1.4559e-03 | val_loss=1.4294e-03 | | lr=1.00e-03
Saved best model to results/thesis_model_results/outputs/loss_comparison_mtlgsh/MTLGSH__mse__minmax__seed42/mtlgsh_state_dict_best.pt
Epoch 011 | train_loss=2.7002e-03 | train_eval_loss=1.3865e-03 | val_loss=1.3674e-03 | | lr=1.00e-03
Saved best model to results/thesis_model_results/outputs/loss_comparison_mtlgsh/MTLGSH__mse__minmax__seed42/mtlgsh_state_dict_best.pt
Epoch 012 | train_loss=2.5584e-03 | train_eval_loss=1.3883e-03 | val_loss=1.3681e-03 | | lr=1.00e-03
Epoch 013 | train_loss=2.4678e-03 | train_eval_loss=1.2189e-03 | val_loss=1.1992e-03 | | lr=1.00e-03
Saved best model to results/thesis_model_results/outputs/loss_comparison_mtlgsh/MTLGSH__mse__minmax__seed42/mtlgsh_state_dict_best.pt
Epoch 014 | train_loss=2.3482e-03 | train_eval_loss=1.2989e-03 | val_loss=1.2725e-03 | | lr=1.00e-03
Epoch 015 | train_loss=2.3643e-03 | train_eval_loss=1.5314e-03 | val_loss=1.5025e-03 | | lr=1.00e-03
Epoch 016 | train_loss=2.2888e-03 | train_eval_loss=1.1244e-03 | val_loss=1.1045e-03 | | lr=1.00e-03
Saved best model to results/thesis_model_results/outputs/loss_comparison_mtlgsh/MTLGSH__mse__minmax__seed42/mtlgsh_state_dict_best.pt
Epoch 017 | train_loss=2.1720e-03 | train_eval_loss=1.1267e-03 | val_loss=1.1140e-03 | | lr=1.00e-03
Epoch 018 | train_loss=2.1115e-03 | train_eval_loss=1.1510e-03 | val_loss=1.1314e-03 | | lr=1.00e-03
Epoch 019 | train_loss=2.0930e-03 | train_eval_loss=1.0575e-03 | val_loss=1.0453e-03 | | lr=1.00e-03
Saved best model to results/thesis_model_results/outputs/loss_comparison_mtlgsh/MTLGSH__mse__minmax__seed42/mtlgsh_state_dict_best.pt
Epoch 020 | train_loss=2.0608e-03 | train_eval_loss=1.2745e-03 | val_loss=1.2723e-03 | | lr=1.00e-03
Epoch 021 | train_loss=1.9790e-03 | train_eval_loss=1.0890e-03 | val_loss=1.0669e-03 | | lr=1.00e-03
Epoch 022 | train_loss=1.9084e-03 | train_eval_loss=1.1041e-03 | val_loss=1.1012e-03 | | lr=1.00e-03
Epoch 023 | train_loss=1.8890e-03 | train_eval_loss=1.4322e-03 | val_loss=1.4298e-03 | | lr=1.00e-03
Epoch 024 | train_loss=1.8643e-03 | train_eval_loss=1.2667e-03 | val_loss=1.2574e-03 | | lr=1.00e-03
Epoch 025 | train_loss=1.8691e-03 | train_eval_loss=1.0145e-03 | val_loss=1.0042e-03 | | lr=1.00e-03
Saved best model to results/thesis_model_results/outputs/loss_comparison_mtlgsh/MTLGSH__mse__minmax__seed42/mtlgsh_state_dict_best.pt
Epoch 026 | train_loss=1.7338e-03 | train_eval_loss=9.1560e-04 | val_loss=9.0363e-04 | | lr=1.00e-03
Saved best model to results/thesis_model_results/outputs/loss_comparison_mtlgsh/MTLGSH__mse__minmax__seed42/mtlgsh_state_dict_best.pt
Epoch 027 | train_loss=1.6946e-03 | train_eval_loss=8.4764e-04 | val_loss=8.3999e-04 | | lr=1.00e-03
Saved best model to results/thesis_model_results/outputs/loss_comparison_mtlgsh/MTLGSH__mse__minmax__seed42/mtlgsh_state_dict_best.pt
Epoch 028 | train_loss=1.6396e-03 | train_eval_loss=1.0825e-03 | val_loss=1.0810e-03 | | lr=1.00e-03
Epoch 029 | train_loss=1.6825e-03 | train_eval_loss=8.2522e-04 | val_loss=8.2217e-04 | | lr=1.00e-03
Saved best model to results/thesis_model_results/outputs/loss_comparison_mtlgsh/MTLGSH__mse__minmax__seed42/mtlgsh_state_dict_best.pt
Epoch 030 | train_loss=1.6774e-03 | train_eval_loss=1.1674e-03 | val_loss=1.1537e-03 | | lr=1.00e-03
Epoch 031 | train_loss=1.5736e-03 | train_eval_loss=8.4393e-04 | val_loss=8.3899e-04 | | lr=1.00e-03
Epoch 032 | train_loss=1.5427e-03 | train_eval_loss=8.6365e-04 | val_loss=8.6462e-04 | | lr=1.00e-03
Epoch 033 | train_loss=1.4979e-03 | train_eval_loss=9.2686e-04 | val_loss=9.1503e-04 | | lr=1.00e-03
Epoch 034 | train_loss=1.4344e-03 | train_eval_loss=8.1864e-04 | val_loss=8.2033e-04 | | lr=1.00e-03
Saved best model to results/thesis_model_results/outputs/loss_comparison_mtlgsh/MTLGSH__mse__minmax__seed42/mtlgsh_state_dict_best.pt
Epoch 035 | train_loss=1.4438e-03 | train_eval_loss=9.4590e-04 | val_loss=9.6376e-04 | | lr=1.00e-03
Epoch 036 | train_loss=1.4455e-03 | train_eval_loss=8.2671e-04 | val_loss=8.3097e-04 | | lr=1.00e-03
Epoch 037 | train_loss=1.3461e-03 | train_eval_loss=7.7071e-04 | val_loss=7.7365e-04 | | lr=1.00e-03
Saved best model to results/thesis_model_results/outputs/loss_comparison_mtlgsh/MTLGSH__mse__minmax__seed42/mtlgsh_state_dict_best.pt
Epoch 038 | train_loss=1.3259e-03 | train_eval_loss=7.4886e-04 | val_loss=7.4813e-04 | | lr=1.00e-03
Saved best model to results/thesis_model_results/outputs/loss_comparison_mtlgsh/MTLGSH__mse__minmax__seed42/mtlgsh_state_dict_best.pt
Epoch 039 | train_loss=1.3051e-03 | train_eval_loss=7.5531e-04 | val_loss=7.6115e-04 | | lr=1.00e-03
Epoch 040 | train_loss=1.2471e-03 | train_eval_loss=7.6653e-04 | val_loss=7.6666e-04 | | lr=1.00e-03
Epoch 041 | train_loss=1.2225e-03 | train_eval_loss=6.8170e-04 | val_loss=6.8116e-04 | | lr=1.00e-03
Saved best model to results/thesis_model_results/outputs/loss_comparison_mtlgsh/MTLGSH__mse__minmax__seed42/mtlgsh_state_dict_best.pt
Epoch 042 | train_loss=1.1871e-03 | train_eval_loss=8.0730e-04 | val_loss=8.0792e-04 | | lr=1.00e-03
Epoch 043 | train_loss=1.2182e-03 | train_eval_loss=6.8169e-04 | val_loss=6.9018e-04 | | lr=1.00e-03
Epoch 044 | train_loss=1.1434e-03 | train_eval_loss=6.8578e-04 | val_loss=6.8932e-04 | | lr=1.00e-03
Epoch 045 | train_loss=1.1449e-03 | train_eval_loss=7.5953e-04 | val_loss=7.6331e-04 | | lr=1.00e-03
Epoch 046 | train_loss=1.1036e-03 | train_eval_loss=6.9612e-04 | val_loss=6.9787e-04 | | lr=1.00e-03
Epoch 047 | train_loss=1.0601e-03 | train_eval_loss=7.9023e-04 | val_loss=7.9958e-04 | | lr=1.00e-03
Epoch 048 | train_loss=1.0162e-03 | train_eval_loss=7.6625e-04 | val_loss=7.8347e-04 | | lr=1.00e-03
Epoch 049 | train_loss=1.0179e-03 | train_eval_loss=6.6853e-04 | val_loss=6.8168e-04 | | lr=1.00e-03
Epoch 050 | train_loss=9.9118e-04 | train_eval_loss=6.1215e-04 | val_loss=6.2202e-04 | | lr=1.00e-03
Saved best model to results/thesis_model_results/outputs/loss_comparison_mtlgsh/MTLGSH__mse__minmax__seed42/mtlgsh_state_dict_best.pt
Epoch 051 | train_loss=9.6987e-04 | train_eval_loss=8.1704e-04 | val_loss=8.3110e-04 | | lr=1.00e-03
Epoch 052 | train_loss=9.9643e-04 | train_eval_loss=6.6350e-04 | val_loss=6.7565e-04 | | lr=1.00e-03
Epoch 053 | train_loss=9.2358e-04 | train_eval_loss=5.9684e-04 | val_loss=6.0294e-04 | | lr=1.00e-03
Saved best model to results/thesis_model_results/outputs/loss_comparison_mtlgsh/MTLGSH__mse__minmax__seed42/mtlgsh_state_dict_best.pt
Epoch 054 | train_loss=9.0691e-04 | train_eval_loss=6.4435e-04 | val_loss=6.4481e-04 | | lr=1.00e-03
Epoch 055 | train_loss=8.9879e-04 | train_eval_loss=6.4803e-04 | val_loss=6.6026e-04 | | lr=1.00e-03
Epoch 056 | train_loss=8.6620e-04 | train_eval_loss=6.7295e-04 | val_loss=6.7926e-04 | | lr=1.00e-03
Epoch 057 | train_loss=8.3521e-04 | train_eval_loss=5.6302e-04 | val_loss=5.7736e-04 | | lr=1.00e-03
Saved best model to results/thesis_model_results/outputs/loss_comparison_mtlgsh/MTLGSH__mse__minmax__seed42/mtlgsh_state_dict_best.pt
Epoch 058 | train_loss=8.5717e-04 | train_eval_loss=5.7672e-04 | val_loss=5.8857e-04 | | lr=1.00e-03
Epoch 059 | train_loss=9.5151e-04 | train_eval_loss=5.6560e-04 | val_loss=5.6934e-04 | | lr=1.00e-03
Saved best model to results/thesis_model_results/outputs/loss_comparison_mtlgsh/MTLGSH__mse__minmax__seed42/mtlgsh_state_dict_best.pt
Epoch 060 | train_loss=8.2820e-04 | train_eval_loss=6.3297e-04 | val_loss=6.4321e-04 | | lr=1.00e-03
Epoch 061 | train_loss=7.6882e-04 | train_eval_loss=6.1137e-04 | val_loss=6.2076e-04 | | lr=1.00e-03
Epoch 062 | train_loss=7.7445e-04 | train_eval_loss=5.2213e-04 | val_loss=5.3531e-04 | | lr=1.00e-03
Saved best model to results/thesis_model_results/outputs/loss_comparison_mtlgsh/MTLGSH__mse__minmax__seed42/mtlgsh_state_dict_best.pt
Epoch 063 | train_loss=7.6653e-04 | train_eval_loss=5.7426e-04 | val_loss=5.7914e-04 | | lr=1.00e-03
Epoch 064 | train_loss=7.8019e-04 | train_eval_loss=6.1226e-04 | val_loss=6.3972e-04 | | lr=1.00e-03
Epoch 065 | train_loss=7.5174e-04 | train_eval_loss=5.8097e-04 | val_loss=5.8898e-04 | | lr=1.00e-03
Epoch 066 | train_loss=7.3749e-04 | train_eval_loss=5.9648e-04 | val_loss=6.0584e-04 | | lr=1.00e-03
Epoch 067 | train_loss=7.8643e-04 | train_eval_loss=6.3233e-04 | val_loss=6.4916e-04 | | lr=1.00e-03
Epoch 068 | train_loss=7.1577e-04 | train_eval_loss=4.9246e-04 | val_loss=5.0778e-04 | | lr=1.00e-03
Saved best model to results/thesis_model_results/outputs/loss_comparison_mtlgsh/MTLGSH__mse__minmax__seed42/mtlgsh_state_dict_best.pt
Epoch 069 | train_loss=7.5884e-04 | train_eval_loss=5.0839e-04 | val_loss=5.2779e-04 | | lr=1.00e-03
Epoch 070 | train_loss=6.7188e-04 | train_eval_loss=5.9225e-04 | val_loss=6.1722e-04 | | lr=1.00e-03
Epoch 071 | train_loss=7.0289e-04 | train_eval_loss=5.4183e-04 | val_loss=5.6457e-04 | | lr=1.00e-03
Epoch 072 | train_loss=6.9008e-04 | train_eval_loss=5.5495e-04 | val_loss=5.6474e-04 | | lr=1.00e-03
Epoch 073 | train_loss=7.2291e-04 | train_eval_loss=5.0033e-04 | val_loss=5.2897e-04 | | lr=1.00e-03
Epoch 074 | train_loss=6.5689e-04 | train_eval_loss=5.3741e-04 | val_loss=5.7134e-04 | | lr=1.00e-03
Epoch 075 | train_loss=6.5020e-04 | train_eval_loss=4.6626e-04 | val_loss=4.9447e-04 | | lr=1.00e-03
Saved best model to results/thesis_model_results/outputs/loss_comparison_mtlgsh/MTLGSH__mse__minmax__seed42/mtlgsh_state_dict_best.pt
Epoch 076 | train_loss=6.2887e-04 | train_eval_loss=5.1896e-04 | val_loss=5.4316e-04 | | lr=1.00e-03
Epoch 077 | train_loss=6.7915e-04 | train_eval_loss=5.5467e-04 | val_loss=5.7663e-04 | | lr=1.00e-03
Epoch 078 | train_loss=6.5999e-04 | train_eval_loss=4.7973e-04 | val_loss=5.0442e-04 | | lr=1.00e-03
Epoch 079 | train_loss=6.5442e-04 | train_eval_loss=8.5373e-04 | val_loss=8.8592e-04 | | lr=1.00e-03
Epoch 080 | train_loss=6.8136e-04 | train_eval_loss=4.6291e-04 | val_loss=4.9821e-04 | | lr=1.00e-03
Epoch 081 | train_loss=6.2867e-04 | train_eval_loss=5.7668e-04 | val_loss=6.1263e-04 | | lr=1.00e-03
Epoch 082 | train_loss=5.9137e-04 | train_eval_loss=5.4404e-04 | val_loss=5.7827e-04 | | lr=1.00e-03
Epoch 083 | train_loss=6.0514e-04 | train_eval_loss=4.7378e-04 | val_loss=4.9708e-04 | | lr=1.00e-03
Epoch 084 | train_loss=6.1739e-04 | train_eval_loss=4.8885e-04 | val_loss=5.2281e-04 | | lr=1.00e-03
Epoch 085 | train_loss=5.3816e-04 | train_eval_loss=4.1076e-04 | val_loss=4.4792e-04 | | lr=5.00e-04
Saved best model to results/thesis_model_results/outputs/loss_comparison_mtlgsh/MTLGSH__mse__minmax__seed42/mtlgsh_state_dict_best.pt
Epoch 086 | train_loss=5.1029e-04 | train_eval_loss=4.1655e-04 | val_loss=4.4135e-04 | | lr=5.00e-04
Saved best model to results/thesis_model_results/outputs/loss_comparison_mtlgsh/MTLGSH__mse__minmax__seed42/mtlgsh_state_dict_best.pt
Epoch 087 | train_loss=5.2044e-04 | train_eval_loss=3.8441e-04 | val_loss=4.2394e-04 | | lr=5.00e-04
Saved best model to results/thesis_model_results/outputs/loss_comparison_mtlgsh/MTLGSH__mse__minmax__seed42/mtlgsh_state_dict_best.pt
Epoch 088 | train_loss=5.2252e-04 | train_eval_loss=3.8728e-04 | val_loss=4.2176e-04 | | lr=5.00e-04
Saved best model to results/thesis_model_results/outputs/loss_comparison_mtlgsh/MTLGSH__mse__minmax__seed42/mtlgsh_state_dict_best.pt
Epoch 089 | train_loss=5.0662e-04 | train_eval_loss=4.3866e-04 | val_loss=4.8146e-04 | | lr=5.00e-04
Epoch 090 | train_loss=5.0625e-04 | train_eval_loss=3.7631e-04 | val_loss=4.1603e-04 | | lr=5.00e-04
Saved best model to results/thesis_model_results/outputs/loss_comparison_mtlgsh/MTLGSH__mse__minmax__seed42/mtlgsh_state_dict_best.pt
Epoch 091 | train_loss=4.9760e-04 | train_eval_loss=3.8010e-04 | val_loss=4.2130e-04 | | lr=5.00e-04
Epoch 092 | train_loss=5.0005e-04 | train_eval_loss=3.9299e-04 | val_loss=4.3330e-04 | | lr=5.00e-04
Epoch 093 | train_loss=4.9853e-04 | train_eval_loss=3.8833e-04 | val_loss=4.3194e-04 | | lr=5.00e-04
Epoch 094 | train_loss=5.1961e-04 | train_eval_loss=4.0932e-04 | val_loss=4.4179e-04 | | lr=5.00e-04
Epoch 095 | train_loss=5.1247e-04 | train_eval_loss=3.9413e-04 | val_loss=4.3862e-04 | | lr=5.00e-04
Epoch 096 | train_loss=5.4210e-04 | train_eval_loss=4.8577e-04 | val_loss=5.2483e-04 | | lr=5.00e-04
Epoch 097 | train_loss=5.2924e-04 | train_eval_loss=4.5585e-04 | val_loss=4.9371e-04 | | lr=5.00e-04
Epoch 098 | train_loss=4.8826e-04 | train_eval_loss=4.4064e-04 | val_loss=4.8283e-04 | | lr=5.00e-04
Epoch 099 | train_loss=4.9663e-04 | train_eval_loss=3.6303e-04 | val_loss=4.0701e-04 | | lr=5.00e-04
Saved best model to results/thesis_model_results/outputs/loss_comparison_mtlgsh/MTLGSH__mse__minmax__seed42/mtlgsh_state_dict_best.pt
Epoch 100 | train_loss=5.1674e-04 | train_eval_loss=4.3693e-04 | val_loss=4.7372e-04 | | lr=5.00e-04
Epoch 101 | train_loss=5.1947e-04 | train_eval_loss=4.2572e-04 | val_loss=4.7145e-04 | | lr=5.00e-04
Epoch 102 | train_loss=5.0072e-04 | train_eval_loss=3.8518e-04 | val_loss=4.3068e-04 | | lr=5.00e-04
Epoch 103 | train_loss=4.8352e-04 | train_eval_loss=4.8839e-04 | val_loss=5.4343e-04 | | lr=5.00e-04
Epoch 104 | train_loss=4.8328e-04 | train_eval_loss=3.8528e-04 | val_loss=4.3454e-04 | | lr=5.00e-04
Epoch 105 | train_loss=4.8745e-04 | train_eval_loss=3.5720e-04 | val_loss=4.0203e-04 | | lr=5.00e-04
Saved best model to results/thesis_model_results/outputs/loss_comparison_mtlgsh/MTLGSH__mse__minmax__seed42/mtlgsh_state_dict_best.pt
Epoch 106 | train_loss=5.0703e-04 | train_eval_loss=3.5930e-04 | val_loss=4.0647e-04 | | lr=5.00e-04
Epoch 107 | train_loss=4.5872e-04 | train_eval_loss=3.9612e-04 | val_loss=4.4162e-04 | | lr=5.00e-04
Epoch 108 | train_loss=4.6652e-04 | train_eval_loss=3.8755e-04 | val_loss=4.3195e-04 | | lr=5.00e-04
Epoch 109 | train_loss=4.8243e-04 | train_eval_loss=5.2786e-04 | val_loss=5.4436e-04 | | lr=5.00e-04
Epoch 110 | train_loss=4.9289e-04 | train_eval_loss=4.2167e-04 | val_loss=4.6651e-04 | | lr=5.00e-04
Epoch 111 | train_loss=4.7043e-04 | train_eval_loss=3.3078e-04 | val_loss=3.7527e-04 | | lr=5.00e-04
Saved best model to results/thesis_model_results/outputs/loss_comparison_mtlgsh/MTLGSH__mse__minmax__seed42/mtlgsh_state_dict_best.pt
Epoch 112 | train_loss=4.7769e-04 | train_eval_loss=3.5137e-04 | val_loss=4.0632e-04 | | lr=5.00e-04
Epoch 113 | train_loss=4.5833e-04 | train_eval_loss=3.5352e-04 | val_loss=4.0062e-04 | | lr=5.00e-04
Epoch 114 | train_loss=4.6021e-04 | train_eval_loss=3.7277e-04 | val_loss=4.2613e-04 | | lr=5.00e-04
Epoch 115 | train_loss=4.7827e-04 | train_eval_loss=3.4564e-04 | val_loss=4.0194e-04 | | lr=5.00e-04
Epoch 116 | train_loss=4.6129e-04 | train_eval_loss=3.9495e-04 | val_loss=4.5307e-04 | | lr=5.00e-04
Epoch 117 | train_loss=4.7270e-04 | train_eval_loss=4.3589e-04 | val_loss=4.7534e-04 | | lr=5.00e-04
Epoch 118 | train_loss=5.0934e-04 | train_eval_loss=4.1343e-04 | val_loss=4.7244e-04 | | lr=5.00e-04
Epoch 119 | train_loss=4.6443e-04 | train_eval_loss=3.3291e-04 | val_loss=3.8346e-04 | | lr=5.00e-04
Epoch 120 | train_loss=4.5063e-04 | train_eval_loss=3.4267e-04 | val_loss=3.9729e-04 | | lr=5.00e-04
Epoch 121 | train_loss=4.1105e-04 | train_eval_loss=2.9860e-04 | val_loss=3.5818e-04 | | lr=2.50e-04
Saved best model to results/thesis_model_results/outputs/loss_comparison_mtlgsh/MTLGSH__mse__minmax__seed42/mtlgsh_state_dict_best.pt
Epoch 122 | train_loss=4.0258e-04 | train_eval_loss=2.9987e-04 | val_loss=3.5937e-04 | | lr=2.50e-04
Epoch 123 | train_loss=4.0261e-04 | train_eval_loss=3.0340e-04 | val_loss=3.6179e-04 | | lr=2.50e-04
Epoch 124 | train_loss=3.9768e-04 | train_eval_loss=2.9758e-04 | val_loss=3.5159e-04 | | lr=2.50e-04
Saved best model to results/thesis_model_results/outputs/loss_comparison_mtlgsh/MTLGSH__mse__minmax__seed42/mtlgsh_state_dict_best.pt
Epoch 125 | train_loss=4.0763e-04 | train_eval_loss=2.9269e-04 | val_loss=3.5366e-04 | | lr=2.50e-04
Epoch 126 | train_loss=3.9837e-04 | train_eval_loss=3.0716e-04 | val_loss=3.6978e-04 | | lr=2.50e-04
Epoch 127 | train_loss=3.9956e-04 | train_eval_loss=3.0308e-04 | val_loss=3.6188e-04 | | lr=2.50e-04
Epoch 128 | train_loss=3.9861e-04 | train_eval_loss=3.1547e-04 | val_loss=3.7735e-04 | | lr=2.50e-04
Epoch 129 | train_loss=4.0318e-04 | train_eval_loss=2.9925e-04 | val_loss=3.5933e-04 | | lr=2.50e-04
Epoch 130 | train_loss=4.0455e-04 | train_eval_loss=2.9229e-04 | val_loss=3.5174e-04 | | lr=2.50e-04
Epoch 131 | train_loss=3.8958e-04 | train_eval_loss=2.8656e-04 | val_loss=3.4371e-04 | | lr=2.50e-04
Saved best model to results/thesis_model_results/outputs/loss_comparison_mtlgsh/MTLGSH__mse__minmax__seed42/mtlgsh_state_dict_best.pt
Epoch 132 | train_loss=3.8565e-04 | train_eval_loss=3.2190e-04 | val_loss=3.8809e-04 | | lr=2.50e-04
Epoch 133 | train_loss=3.9416e-04 | train_eval_loss=3.1913e-04 | val_loss=3.7981e-04 | | lr=2.50e-04
Epoch 134 | train_loss=3.9353e-04 | train_eval_loss=2.9459e-04 | val_loss=3.6113e-04 | | lr=2.50e-04
Epoch 135 | train_loss=3.8571e-04 | train_eval_loss=2.9804e-04 | val_loss=3.6634e-04 | | lr=2.50e-04
Epoch 136 | train_loss=4.0069e-04 | train_eval_loss=3.1204e-04 | val_loss=3.7892e-04 | | lr=2.50e-04
Epoch 137 | train_loss=4.0975e-04 | train_eval_loss=3.0740e-04 | val_loss=3.6766e-04 | | lr=2.50e-04
Epoch 138 | train_loss=3.9285e-04 | train_eval_loss=2.9704e-04 | val_loss=3.6246e-04 | | lr=2.50e-04
Epoch 139 | train_loss=3.8994e-04 | train_eval_loss=2.8885e-04 | val_loss=3.5035e-04 | | lr=2.50e-04
Epoch 140 | train_loss=3.7966e-04 | train_eval_loss=2.8668e-04 | val_loss=3.4479e-04 | | lr=2.50e-04
Epoch 141 | train_loss=3.6257e-04 | train_eval_loss=2.7365e-04 | val_loss=3.4537e-04 | | lr=1.25e-04
Epoch 142 | train_loss=3.6170e-04 | train_eval_loss=2.6426e-04 | val_loss=3.3647e-04 | | lr=1.25e-04
Saved best model to results/thesis_model_results/outputs/loss_comparison_mtlgsh/MTLGSH__mse__minmax__seed42/mtlgsh_state_dict_best.pt
Epoch 143 | train_loss=3.6487e-04 | train_eval_loss=2.6568e-04 | val_loss=3.4127e-04 | | lr=1.25e-04
Epoch 144 | train_loss=3.6225e-04 | train_eval_loss=2.6828e-04 | val_loss=3.4072e-04 | | lr=1.25e-04
Epoch 145 | train_loss=3.6150e-04 | train_eval_loss=2.5665e-04 | val_loss=3.2659e-04 | | lr=1.25e-04
Saved best model to results/thesis_model_results/outputs/loss_comparison_mtlgsh/MTLGSH__mse__minmax__seed42/mtlgsh_state_dict_best.pt
Epoch 146 | train_loss=3.6321e-04 | train_eval_loss=2.7049e-04 | val_loss=3.4036e-04 | | lr=1.25e-04
Epoch 147 | train_loss=3.5969e-04 | train_eval_loss=2.5558e-04 | val_loss=3.2585e-04 | | lr=1.25e-04
Saved best model to results/thesis_model_results/outputs/loss_comparison_mtlgsh/MTLGSH__mse__minmax__seed42/mtlgsh_state_dict_best.pt
Epoch 148 | train_loss=3.5918e-04 | train_eval_loss=2.5995e-04 | val_loss=3.2939e-04 | | lr=1.25e-04
Epoch 149 | train_loss=3.5981e-04 | train_eval_loss=2.5790e-04 | val_loss=3.2945e-04 | | lr=1.25e-04
Epoch 150 | train_loss=3.6304e-04 | train_eval_loss=2.5998e-04 | val_loss=3.3131e-04 | | lr=1.25e-04
Epoch 151 | train_loss=3.5463e-04 | train_eval_loss=2.5306e-04 | val_loss=3.3016e-04 | | lr=1.25e-04
Epoch 152 | train_loss=3.5640e-04 | train_eval_loss=2.5472e-04 | val_loss=3.2373e-04 | | lr=1.25e-04
Saved best model to results/thesis_model_results/outputs/loss_comparison_mtlgsh/MTLGSH__mse__minmax__seed42/mtlgsh_state_dict_best.pt
Epoch 153 | train_loss=3.5467e-04 | train_eval_loss=2.5996e-04 | val_loss=3.3535e-04 | | lr=1.25e-04
Epoch 154 | train_loss=3.5406e-04 | train_eval_loss=2.5642e-04 | val_loss=3.3116e-04 | | lr=1.25e-04
Epoch 155 | train_loss=3.5309e-04 | train_eval_loss=2.5708e-04 | val_loss=3.2845e-04 | | lr=1.25e-04
Epoch 156 | train_loss=3.6302e-04 | train_eval_loss=2.9693e-04 | val_loss=3.7445e-04 | | lr=1.25e-04
Epoch 157 | train_loss=3.5327e-04 | train_eval_loss=2.5334e-04 | val_loss=3.2533e-04 | | lr=1.25e-04
Epoch 158 | train_loss=3.5389e-04 | train_eval_loss=2.5526e-04 | val_loss=3.3281e-04 | | lr=1.25e-04
Epoch 159 | train_loss=3.5032e-04 | train_eval_loss=2.5637e-04 | val_loss=3.2965e-04 | | lr=1.25e-04
Epoch 160 | train_loss=3.6319e-04 | train_eval_loss=2.5232e-04 | val_loss=3.2511e-04 | | lr=1.25e-04
Epoch 161 | train_loss=3.5504e-04 | train_eval_loss=2.5154e-04 | val_loss=3.2054e-04 | | lr=1.25e-04
Saved best model to results/thesis_model_results/outputs/loss_comparison_mtlgsh/MTLGSH__mse__minmax__seed42/mtlgsh_state_dict_best.pt
Epoch 162 | train_loss=3.5785e-04 | train_eval_loss=2.5553e-04 | val_loss=3.2666e-04 | | lr=1.25e-04
Epoch 163 | train_loss=3.5282e-04 | train_eval_loss=2.5020e-04 | val_loss=3.2889e-04 | | lr=1.25e-04
Epoch 164 | train_loss=3.6701e-04 | train_eval_loss=2.7286e-04 | val_loss=3.4151e-04 | | lr=1.25e-04
Epoch 165 | train_loss=3.5755e-04 | train_eval_loss=2.4953e-04 | val_loss=3.2695e-04 | | lr=1.25e-04
Epoch 166 | train_loss=3.5143e-04 | train_eval_loss=2.4972e-04 | val_loss=3.2328e-04 | | lr=1.25e-04
Epoch 167 | train_loss=3.4766e-04 | train_eval_loss=2.5945e-04 | val_loss=3.3314e-04 | | lr=1.25e-04
Epoch 168 | train_loss=3.5200e-04 | train_eval_loss=2.4302e-04 | val_loss=3.1808e-04 | | lr=1.25e-04
Saved best model to results/thesis_model_results/outputs/loss_comparison_mtlgsh/MTLGSH__mse__minmax__seed42/mtlgsh_state_dict_best.pt
Epoch 169 | train_loss=3.4845e-04 | train_eval_loss=2.4444e-04 | val_loss=3.2005e-04 | | lr=1.25e-04
Epoch 170 | train_loss=3.4939e-04 | train_eval_loss=2.6264e-04 | val_loss=3.4201e-04 | | lr=1.25e-04
Epoch 171 | train_loss=3.4526e-04 | train_eval_loss=2.5539e-04 | val_loss=3.3393e-04 | | lr=1.25e-04
Epoch 172 | train_loss=3.4383e-04 | train_eval_loss=2.4554e-04 | val_loss=3.2495e-04 | | lr=1.25e-04
Epoch 173 | train_loss=3.5140e-04 | train_eval_loss=3.1486e-04 | val_loss=3.9139e-04 | | lr=1.25e-04
Epoch 174 | train_loss=3.4986e-04 | train_eval_loss=2.3985e-04 | val_loss=3.1862e-04 | | lr=1.25e-04
Epoch 175 | train_loss=3.4900e-04 | train_eval_loss=2.4463e-04 | val_loss=3.2093e-04 | | lr=1.25e-04
Epoch 176 | train_loss=3.4507e-04 | train_eval_loss=2.4518e-04 | val_loss=3.2133e-04 | | lr=1.25e-04
Epoch 177 | train_loss=3.4094e-04 | train_eval_loss=2.3795e-04 | val_loss=3.1227e-04 | | lr=1.25e-04
Saved best model to results/thesis_model_results/outputs/loss_comparison_mtlgsh/MTLGSH__mse__minmax__seed42/mtlgsh_state_dict_best.pt
Epoch 178 | train_loss=3.4746e-04 | train_eval_loss=2.4148e-04 | val_loss=3.1847e-04 | | lr=1.25e-04
Epoch 179 | train_loss=3.3344e-04 | train_eval_loss=2.3278e-04 | val_loss=3.0842e-04 | | lr=1.25e-04
Saved best model to results/thesis_model_results/outputs/loss_comparison_mtlgsh/MTLGSH__mse__minmax__seed42/mtlgsh_state_dict_best.pt
Epoch 180 | train_loss=3.3421e-04 | train_eval_loss=2.5775e-04 | val_loss=3.3562e-04 | | lr=1.25e-04
Epoch 181 | train_loss=3.3995e-04 | train_eval_loss=2.3773e-04 | val_loss=3.1385e-04 | | lr=1.25e-04
Epoch 182 | train_loss=3.3294e-04 | train_eval_loss=2.4430e-04 | val_loss=3.1994e-04 | | lr=1.25e-04
Epoch 183 | train_loss=3.3968e-04 | train_eval_loss=2.4072e-04 | val_loss=3.1551e-04 | | lr=1.25e-04
Epoch 184 | train_loss=3.4812e-04 | train_eval_loss=2.4870e-04 | val_loss=3.2864e-04 | | lr=1.25e-04
Epoch 185 | train_loss=3.4627e-04 | train_eval_loss=2.4036e-04 | val_loss=3.1731e-04 | | lr=1.25e-04
Epoch 186 | train_loss=3.3849e-04 | train_eval_loss=2.4842e-04 | val_loss=3.2971e-04 | | lr=1.25e-04
Epoch 187 | train_loss=3.3778e-04 | train_eval_loss=2.3387e-04 | val_loss=3.1158e-04 | | lr=1.25e-04
Epoch 188 | train_loss=3.3249e-04 | train_eval_loss=2.3408e-04 | val_loss=3.1250e-04 | | lr=1.25e-04
Epoch 189 | train_loss=3.2539e-04 | train_eval_loss=2.2079e-04 | val_loss=3.0245e-04 | | lr=6.25e-05
Saved best model to results/thesis_model_results/outputs/loss_comparison_mtlgsh/MTLGSH__mse__minmax__seed42/mtlgsh_state_dict_best.pt
Epoch 190 | train_loss=3.2036e-04 | train_eval_loss=2.2614e-04 | val_loss=3.0754e-04 | | lr=6.25e-05
Epoch 191 | train_loss=3.2363e-04 | train_eval_loss=2.2753e-04 | val_loss=3.0640e-04 | | lr=6.25e-05
Epoch 192 | train_loss=3.2152e-04 | train_eval_loss=2.2539e-04 | val_loss=3.0655e-04 | | lr=6.25e-05
Epoch 193 | train_loss=3.2005e-04 | train_eval_loss=2.1905e-04 | val_loss=3.0175e-04 | | lr=6.25e-05
Saved best model to results/thesis_model_results/outputs/loss_comparison_mtlgsh/MTLGSH__mse__minmax__seed42/mtlgsh_state_dict_best.pt
Epoch 194 | train_loss=3.2288e-04 | train_eval_loss=2.2690e-04 | val_loss=3.0605e-04 | | lr=6.25e-05
Epoch 195 | train_loss=3.1980e-04 | train_eval_loss=2.2143e-04 | val_loss=3.0355e-04 | | lr=6.25e-05
Epoch 196 | train_loss=3.1955e-04 | train_eval_loss=2.2306e-04 | val_loss=3.0510e-04 | | lr=6.25e-05
Epoch 197 | train_loss=3.1937e-04 | train_eval_loss=2.2008e-04 | val_loss=3.0124e-04 | | lr=6.25e-05
Saved best model to results/thesis_model_results/outputs/loss_comparison_mtlgsh/MTLGSH__mse__minmax__seed42/mtlgsh_state_dict_best.pt
Epoch 198 | train_loss=3.2004e-04 | train_eval_loss=2.3471e-04 | val_loss=3.1746e-04 | | lr=6.25e-05
Epoch 199 | train_loss=3.1909e-04 | train_eval_loss=2.2085e-04 | val_loss=3.0106e-04 | | lr=6.25e-05
Saved best model to results/thesis_model_results/outputs/loss_comparison_mtlgsh/MTLGSH__mse__minmax__seed42/mtlgsh_state_dict_best.pt
Epoch 200 | train_loss=3.1936e-04 | train_eval_loss=2.2727e-04 | val_loss=3.0676e-04 | | lr=6.25e-05
Saved training logs to results/thesis_model_results/outputs/loss_comparison_mtlgsh/MTLGSH__mse__minmax__seed42/training_summary.txt
Test RMSE(rocof_COI) = 0.0117 | norm: 0.0089 | real_diff: 0.0075
Test RMSE(dev_COI) = 0.0184 | norm: 0.0068 | real_diff: 0.0096
Test RMSE(Delta_P_IBR_1) = 0.1100 | norm: 0.0174 | real_diff: 0.0711
Test RMSE(Delta_P_IBR_2) = 0.1036 | norm: 0.0144 | real_diff: 0.0587
Test RMSE(Delta_P_IBR_3) = 0.1632 | norm: 0.0287 | real_diff: 0.0825
Test RMSE(Delta_P_IBR_4) = 0.1821 | norm: 0.0188 | real_diff: 0.1154
Saved RMSE results to results/thesis_model_results/outputs/loss_comparison_mtlgsh/MTLGSH__mse__minmax__seed42/rmse_results.txt
Saved detailed metrics to results/thesis_model_results/outputs/loss_comparison_mtlgsh/MTLGSH__mse__minmax__seed42/metrics_by_target.csv
Saved aggregate metrics to results/thesis_model_results/outputs/loss_comparison_mtlgsh/MTLGSH__mse__minmax__seed42/metrics_summary.json
Saved loss curves to results/thesis_model_results/outputs/loss_comparison_mtlgsh/MTLGSH__mse__minmax__seed42/loss_curve.png
Saved scatter plot results/thesis_model_results/outputs/loss_comparison_mtlgsh/MTLGSH__mse__minmax__seed42/scatter_rocof_COI.png
Saved scatter plot results/thesis_model_results/outputs/loss_comparison_mtlgsh/MTLGSH__mse__minmax__seed42/scatter_dev_COI.png
Saved scatter plot results/thesis_model_results/outputs/loss_comparison_mtlgsh/MTLGSH__mse__minmax__seed42/scatter_Delta_P_IBR_1.png
Saved scatter plot results/thesis_model_results/outputs/loss_comparison_mtlgsh/MTLGSH__mse__minmax__seed42/scatter_Delta_P_IBR_2.png
Saved scatter plot results/thesis_model_results/outputs/loss_comparison_mtlgsh/MTLGSH__mse__minmax__seed42/scatter_Delta_P_IBR_3.png
Saved scatter plot results/thesis_model_results/outputs/loss_comparison_mtlgsh/MTLGSH__mse__minmax__seed42/scatter_Delta_P_IBR_4.png
Saved model to results/thesis_model_results/outputs/loss_comparison_mtlgsh/MTLGSH__mse__minmax__seed42/mtlgsh_state_dict.pt
Loss type: l1 | weights=[]
Target stats (scaled):
train mean=[0.549  0.589  0.492  0.4884 0.4785 0.4192]
train std=[0.1365 0.1371 0.1141 0.1063 0.1158 0.1138]
train q05=[0.3074 0.3979 0.3192 0.303  0.3347 0.2205]
train q95=[0.7933 0.8652 0.6719 0.6491 0.6927 0.6016]
val mean=[0.5473 0.5873 0.4922 0.4893 0.4798 0.4201]
val std=[0.1343 0.1348 0.1123 0.1072 0.1141 0.1112]
val q05=[0.3103 0.3982 0.3195 0.303  0.3376 0.2251]
val q95=[0.7886 0.8626 0.6731 0.6514 0.6918 0.5984]
val/train std ratio=[0.984  0.9828 0.9844 1.0084 0.9848 0.9772]
LR scheduler: ReduceLROnPlateau (factor=0.5, patience=8, min_lr=1e-07)
Epoch 001 | train_loss=1.4066e-01 | train_eval_loss=8.6804e-02 | val_loss=8.5355e-02 | | lr=1.00e-03
Saved best model to results/thesis_model_results/outputs/loss_comparison_mtlgsh/MTLGSH__l1__minmax__seed42/mtlgsh_state_dict_best.pt
Epoch 002 | train_loss=8.2695e-02 | train_eval_loss=5.8769e-02 | val_loss=5.8660e-02 | | lr=1.00e-03
Saved best model to results/thesis_model_results/outputs/loss_comparison_mtlgsh/MTLGSH__l1__minmax__seed42/mtlgsh_state_dict_best.pt
Epoch 003 | train_loss=5.4824e-02 | train_eval_loss=3.7618e-02 | val_loss=3.7347e-02 | | lr=1.00e-03
Saved best model to results/thesis_model_results/outputs/loss_comparison_mtlgsh/MTLGSH__l1__minmax__seed42/mtlgsh_state_dict_best.pt
Epoch 004 | train_loss=4.8346e-02 | train_eval_loss=3.7780e-02 | val_loss=3.7461e-02 | | lr=1.00e-03
Epoch 005 | train_loss=4.6408e-02 | train_eval_loss=3.6267e-02 | val_loss=3.5972e-02 | | lr=1.00e-03
Saved best model to results/thesis_model_results/outputs/loss_comparison_mtlgsh/MTLGSH__l1__minmax__seed42/mtlgsh_state_dict_best.pt
Epoch 006 | train_loss=4.5214e-02 | train_eval_loss=3.5978e-02 | val_loss=3.5672e-02 | | lr=1.00e-03
Saved best model to results/thesis_model_results/outputs/loss_comparison_mtlgsh/MTLGSH__l1__minmax__seed42/mtlgsh_state_dict_best.pt
Epoch 007 | train_loss=4.3949e-02 | train_eval_loss=3.1408e-02 | val_loss=3.1244e-02 | | lr=1.00e-03
Saved best model to results/thesis_model_results/outputs/loss_comparison_mtlgsh/MTLGSH__l1__minmax__seed42/mtlgsh_state_dict_best.pt
Epoch 008 | train_loss=4.1798e-02 | train_eval_loss=3.0589e-02 | val_loss=3.0457e-02 | | lr=1.00e-03
Saved best model to results/thesis_model_results/outputs/loss_comparison_mtlgsh/MTLGSH__l1__minmax__seed42/mtlgsh_state_dict_best.pt
Epoch 009 | train_loss=4.0871e-02 | train_eval_loss=2.9708e-02 | val_loss=2.9737e-02 | | lr=1.00e-03
Saved best model to results/thesis_model_results/outputs/loss_comparison_mtlgsh/MTLGSH__l1__minmax__seed42/mtlgsh_state_dict_best.pt
Epoch 010 | train_loss=3.9672e-02 | train_eval_loss=3.0482e-02 | val_loss=3.0461e-02 | | lr=1.00e-03
Epoch 011 | train_loss=3.8076e-02 | train_eval_loss=2.6949e-02 | val_loss=2.7001e-02 | | lr=1.00e-03
Saved best model to results/thesis_model_results/outputs/loss_comparison_mtlgsh/MTLGSH__l1__minmax__seed42/mtlgsh_state_dict_best.pt
Epoch 012 | train_loss=3.7073e-02 | train_eval_loss=2.6435e-02 | val_loss=2.6429e-02 | | lr=1.00e-03
Saved best model to results/thesis_model_results/outputs/loss_comparison_mtlgsh/MTLGSH__l1__minmax__seed42/mtlgsh_state_dict_best.pt
Epoch 013 | train_loss=3.6133e-02 | train_eval_loss=2.6428e-02 | val_loss=2.6403e-02 | | lr=1.00e-03
Saved best model to results/thesis_model_results/outputs/loss_comparison_mtlgsh/MTLGSH__l1__minmax__seed42/mtlgsh_state_dict_best.pt
Epoch 014 | train_loss=3.4213e-02 | train_eval_loss=2.5741e-02 | val_loss=2.5832e-02 | | lr=1.00e-03
Saved best model to results/thesis_model_results/outputs/loss_comparison_mtlgsh/MTLGSH__l1__minmax__seed42/mtlgsh_state_dict_best.pt
Epoch 015 | train_loss=3.3779e-02 | train_eval_loss=2.2596e-02 | val_loss=2.2609e-02 | | lr=1.00e-03
Saved best model to results/thesis_model_results/outputs/loss_comparison_mtlgsh/MTLGSH__l1__minmax__seed42/mtlgsh_state_dict_best.pt
Epoch 016 | train_loss=3.1544e-02 | train_eval_loss=2.5277e-02 | val_loss=2.5295e-02 | | lr=1.00e-03
Epoch 017 | train_loss=2.9965e-02 | train_eval_loss=2.1283e-02 | val_loss=2.1288e-02 | | lr=1.00e-03
Saved best model to results/thesis_model_results/outputs/loss_comparison_mtlgsh/MTLGSH__l1__minmax__seed42/mtlgsh_state_dict_best.pt
Epoch 018 | train_loss=2.8473e-02 | train_eval_loss=2.2254e-02 | val_loss=2.2406e-02 | | lr=1.00e-03
Epoch 019 | train_loss=2.9126e-02 | train_eval_loss=2.0916e-02 | val_loss=2.0858e-02 | | lr=1.00e-03
Saved best model to results/thesis_model_results/outputs/loss_comparison_mtlgsh/MTLGSH__l1__minmax__seed42/mtlgsh_state_dict_best.pt
Epoch 020 | train_loss=2.7339e-02 | train_eval_loss=2.2794e-02 | val_loss=2.2867e-02 | | lr=1.00e-03
Epoch 021 | train_loss=2.6769e-02 | train_eval_loss=1.9408e-02 | val_loss=1.9464e-02 | | lr=1.00e-03
Saved best model to results/thesis_model_results/outputs/loss_comparison_mtlgsh/MTLGSH__l1__minmax__seed42/mtlgsh_state_dict_best.pt
Epoch 022 | train_loss=2.6013e-02 | train_eval_loss=1.8430e-02 | val_loss=1.8465e-02 | | lr=1.00e-03
Saved best model to results/thesis_model_results/outputs/loss_comparison_mtlgsh/MTLGSH__l1__minmax__seed42/mtlgsh_state_dict_best.pt
Epoch 023 | train_loss=2.5055e-02 | train_eval_loss=1.9901e-02 | val_loss=1.9927e-02 | | lr=1.00e-03
Epoch 024 | train_loss=2.4819e-02 | train_eval_loss=2.0088e-02 | val_loss=2.0119e-02 | | lr=1.00e-03
Epoch 025 | train_loss=2.5634e-02 | train_eval_loss=1.8021e-02 | val_loss=1.8024e-02 | | lr=1.00e-03
Saved best model to results/thesis_model_results/outputs/loss_comparison_mtlgsh/MTLGSH__l1__minmax__seed42/mtlgsh_state_dict_best.pt
Epoch 026 | train_loss=2.3433e-02 | train_eval_loss=1.7579e-02 | val_loss=1.7570e-02 | | lr=1.00e-03
Saved best model to results/thesis_model_results/outputs/loss_comparison_mtlgsh/MTLGSH__l1__minmax__seed42/mtlgsh_state_dict_best.pt
Epoch 027 | train_loss=2.3119e-02 | train_eval_loss=1.7612e-02 | val_loss=1.7678e-02 | | lr=1.00e-03
Epoch 028 | train_loss=2.2491e-02 | train_eval_loss=2.2026e-02 | val_loss=2.2099e-02 | | lr=1.00e-03
Epoch 029 | train_loss=2.3012e-02 | train_eval_loss=1.6736e-02 | val_loss=1.6832e-02 | | lr=1.00e-03
Saved best model to results/thesis_model_results/outputs/loss_comparison_mtlgsh/MTLGSH__l1__minmax__seed42/mtlgsh_state_dict_best.pt
Epoch 030 | train_loss=2.1412e-02 | train_eval_loss=1.8016e-02 | val_loss=1.8040e-02 | | lr=1.00e-03
Epoch 031 | train_loss=2.2260e-02 | train_eval_loss=1.5573e-02 | val_loss=1.5663e-02 | | lr=1.00e-03
Saved best model to results/thesis_model_results/outputs/loss_comparison_mtlgsh/MTLGSH__l1__minmax__seed42/mtlgsh_state_dict_best.pt
Epoch 032 | train_loss=2.0636e-02 | train_eval_loss=1.6908e-02 | val_loss=1.6973e-02 | | lr=1.00e-03
Epoch 033 | train_loss=2.1844e-02 | train_eval_loss=1.6053e-02 | val_loss=1.6148e-02 | | lr=1.00e-03
Epoch 034 | train_loss=2.0870e-02 | train_eval_loss=1.6920e-02 | val_loss=1.7029e-02 | | lr=1.00e-03
Epoch 035 | train_loss=2.0025e-02 | train_eval_loss=1.4669e-02 | val_loss=1.4820e-02 | | lr=1.00e-03
Saved best model to results/thesis_model_results/outputs/loss_comparison_mtlgsh/MTLGSH__l1__minmax__seed42/mtlgsh_state_dict_best.pt
Epoch 036 | train_loss=1.9241e-02 | train_eval_loss=1.7175e-02 | val_loss=1.7280e-02 | | lr=1.00e-03
Epoch 037 | train_loss=1.9928e-02 | train_eval_loss=1.7567e-02 | val_loss=1.7741e-02 | | lr=1.00e-03
Epoch 038 | train_loss=1.9387e-02 | train_eval_loss=1.5189e-02 | val_loss=1.5348e-02 | | lr=1.00e-03
Epoch 039 | train_loss=1.9416e-02 | train_eval_loss=1.6424e-02 | val_loss=1.6566e-02 | | lr=1.00e-03
Epoch 040 | train_loss=1.8217e-02 | train_eval_loss=1.9241e-02 | val_loss=1.9269e-02 | | lr=1.00e-03
Epoch 041 | train_loss=1.8046e-02 | train_eval_loss=1.7426e-02 | val_loss=1.7493e-02 | | lr=1.00e-03
Epoch 042 | train_loss=1.8707e-02 | train_eval_loss=1.4478e-02 | val_loss=1.4654e-02 | | lr=1.00e-03
Saved best model to results/thesis_model_results/outputs/loss_comparison_mtlgsh/MTLGSH__l1__minmax__seed42/mtlgsh_state_dict_best.pt
Epoch 043 | train_loss=1.7288e-02 | train_eval_loss=1.5088e-02 | val_loss=1.5263e-02 | | lr=1.00e-03
Epoch 044 | train_loss=1.8163e-02 | train_eval_loss=1.3934e-02 | val_loss=1.4037e-02 | | lr=1.00e-03
Saved best model to results/thesis_model_results/outputs/loss_comparison_mtlgsh/MTLGSH__l1__minmax__seed42/mtlgsh_state_dict_best.pt
Epoch 045 | train_loss=1.7072e-02 | train_eval_loss=1.5713e-02 | val_loss=1.5756e-02 | | lr=1.00e-03
Epoch 046 | train_loss=1.7691e-02 | train_eval_loss=1.3214e-02 | val_loss=1.3374e-02 | | lr=1.00e-03
Saved best model to results/thesis_model_results/outputs/loss_comparison_mtlgsh/MTLGSH__l1__minmax__seed42/mtlgsh_state_dict_best.pt
Epoch 047 | train_loss=1.7867e-02 | train_eval_loss=1.3366e-02 | val_loss=1.3492e-02 | | lr=1.00e-03
Epoch 048 | train_loss=1.6704e-02 | train_eval_loss=1.9635e-02 | val_loss=1.9762e-02 | | lr=1.00e-03
Epoch 049 | train_loss=1.7272e-02 | train_eval_loss=1.2937e-02 | val_loss=1.3123e-02 | | lr=1.00e-03
Saved best model to results/thesis_model_results/outputs/loss_comparison_mtlgsh/MTLGSH__l1__minmax__seed42/mtlgsh_state_dict_best.pt
Epoch 050 | train_loss=1.6754e-02 | train_eval_loss=1.2329e-02 | val_loss=1.2515e-02 | | lr=1.00e-03
Saved best model to results/thesis_model_results/outputs/loss_comparison_mtlgsh/MTLGSH__l1__minmax__seed42/mtlgsh_state_dict_best.pt
Epoch 051 | train_loss=1.6227e-02 | train_eval_loss=1.3670e-02 | val_loss=1.3798e-02 | | lr=1.00e-03
Epoch 052 | train_loss=1.6621e-02 | train_eval_loss=1.4034e-02 | val_loss=1.4116e-02 | | lr=1.00e-03
Epoch 053 | train_loss=1.6164e-02 | train_eval_loss=1.5349e-02 | val_loss=1.5453e-02 | | lr=1.00e-03
Epoch 054 | train_loss=1.6338e-02 | train_eval_loss=1.3758e-02 | val_loss=1.3869e-02 | | lr=1.00e-03
Epoch 055 | train_loss=1.5555e-02 | train_eval_loss=1.2146e-02 | val_loss=1.2303e-02 | | lr=1.00e-03
Saved best model to results/thesis_model_results/outputs/loss_comparison_mtlgsh/MTLGSH__l1__minmax__seed42/mtlgsh_state_dict_best.pt
Epoch 056 | train_loss=1.5904e-02 | train_eval_loss=1.9861e-02 | val_loss=1.9918e-02 | | lr=1.00e-03
Epoch 057 | train_loss=1.5920e-02 | train_eval_loss=1.2641e-02 | val_loss=1.2825e-02 | | lr=1.00e-03
Epoch 058 | train_loss=1.5593e-02 | train_eval_loss=1.3522e-02 | val_loss=1.3736e-02 | | lr=1.00e-03
Epoch 059 | train_loss=1.5438e-02 | train_eval_loss=1.5854e-02 | val_loss=1.5984e-02 | | lr=1.00e-03
Epoch 060 | train_loss=1.5400e-02 | train_eval_loss=1.2699e-02 | val_loss=1.2847e-02 | | lr=1.00e-03
Epoch 061 | train_loss=1.5081e-02 | train_eval_loss=1.2932e-02 | val_loss=1.3116e-02 | | lr=1.00e-03
Epoch 062 | train_loss=1.5900e-02 | train_eval_loss=1.1842e-02 | val_loss=1.1986e-02 | | lr=1.00e-03
Saved best model to results/thesis_model_results/outputs/loss_comparison_mtlgsh/MTLGSH__l1__minmax__seed42/mtlgsh_state_dict_best.pt
Epoch 063 | train_loss=1.5444e-02 | train_eval_loss=1.3599e-02 | val_loss=1.3700e-02 | | lr=1.00e-03
Epoch 064 | train_loss=1.5379e-02 | train_eval_loss=1.6261e-02 | val_loss=1.6474e-02 | | lr=1.00e-03
Epoch 065 | train_loss=1.5054e-02 | train_eval_loss=1.1401e-02 | val_loss=1.1560e-02 | | lr=1.00e-03
Saved best model to results/thesis_model_results/outputs/loss_comparison_mtlgsh/MTLGSH__l1__minmax__seed42/mtlgsh_state_dict_best.pt
Epoch 066 | train_loss=1.4772e-02 | train_eval_loss=1.2444e-02 | val_loss=1.2671e-02 | | lr=1.00e-03
Epoch 067 | train_loss=1.4877e-02 | train_eval_loss=1.2735e-02 | val_loss=1.2914e-02 | | lr=1.00e-03
Epoch 068 | train_loss=1.5025e-02 | train_eval_loss=1.1359e-02 | val_loss=1.1564e-02 | | lr=1.00e-03
Epoch 069 | train_loss=1.4694e-02 | train_eval_loss=1.1193e-02 | val_loss=1.1373e-02 | | lr=1.00e-03
Saved best model to results/thesis_model_results/outputs/loss_comparison_mtlgsh/MTLGSH__l1__minmax__seed42/mtlgsh_state_dict_best.pt
Epoch 070 | train_loss=1.4996e-02 | train_eval_loss=1.1716e-02 | val_loss=1.1885e-02 | | lr=1.00e-03
Epoch 071 | train_loss=1.3729e-02 | train_eval_loss=1.1260e-02 | val_loss=1.1473e-02 | | lr=1.00e-03
Epoch 072 | train_loss=1.4451e-02 | train_eval_loss=1.2728e-02 | val_loss=1.2879e-02 | | lr=1.00e-03
Epoch 073 | train_loss=1.4733e-02 | train_eval_loss=1.1908e-02 | val_loss=1.2111e-02 | | lr=1.00e-03
Epoch 074 | train_loss=1.4705e-02 | train_eval_loss=1.2614e-02 | val_loss=1.2820e-02 | | lr=1.00e-03
Epoch 075 | train_loss=1.3979e-02 | train_eval_loss=1.1256e-02 | val_loss=1.1452e-02 | | lr=1.00e-03
Epoch 076 | train_loss=1.4242e-02 | train_eval_loss=1.5558e-02 | val_loss=1.5687e-02 | | lr=1.00e-03
Epoch 077 | train_loss=1.4433e-02 | train_eval_loss=1.2729e-02 | val_loss=1.2909e-02 | | lr=1.00e-03
Epoch 078 | train_loss=1.3261e-02 | train_eval_loss=1.0626e-02 | val_loss=1.0884e-02 | | lr=1.00e-03
Saved best model to results/thesis_model_results/outputs/loss_comparison_mtlgsh/MTLGSH__l1__minmax__seed42/mtlgsh_state_dict_best.pt
Epoch 079 | train_loss=1.3186e-02 | train_eval_loss=1.0260e-02 | val_loss=1.0444e-02 | | lr=1.00e-03
Saved best model to results/thesis_model_results/outputs/loss_comparison_mtlgsh/MTLGSH__l1__minmax__seed42/mtlgsh_state_dict_best.pt
Epoch 080 | train_loss=1.3510e-02 | train_eval_loss=1.1853e-02 | val_loss=1.1997e-02 | | lr=1.00e-03
Epoch 081 | train_loss=1.3541e-02 | train_eval_loss=1.1334e-02 | val_loss=1.1529e-02 | | lr=1.00e-03
Epoch 082 | train_loss=1.4476e-02 | train_eval_loss=1.5873e-02 | val_loss=1.6001e-02 | | lr=1.00e-03
Epoch 083 | train_loss=1.3887e-02 | train_eval_loss=1.0759e-02 | val_loss=1.0903e-02 | | lr=1.00e-03
Epoch 084 | train_loss=1.3264e-02 | train_eval_loss=1.2762e-02 | val_loss=1.2984e-02 | | lr=1.00e-03
Epoch 085 | train_loss=1.3385e-02 | train_eval_loss=1.2493e-02 | val_loss=1.2693e-02 | | lr=1.00e-03
Epoch 086 | train_loss=1.4200e-02 | train_eval_loss=1.3844e-02 | val_loss=1.3998e-02 | | lr=1.00e-03
Epoch 087 | train_loss=1.3681e-02 | train_eval_loss=1.1341e-02 | val_loss=1.1533e-02 | | lr=1.00e-03
Epoch 088 | train_loss=1.3763e-02 | train_eval_loss=1.0919e-02 | val_loss=1.1123e-02 | | lr=1.00e-03
Epoch 089 | train_loss=1.2116e-02 | train_eval_loss=9.1914e-03 | val_loss=9.4763e-03 | | lr=5.00e-04
Saved best model to results/thesis_model_results/outputs/loss_comparison_mtlgsh/MTLGSH__l1__minmax__seed42/mtlgsh_state_dict_best.pt
Epoch 090 | train_loss=1.1902e-02 | train_eval_loss=9.8645e-03 | val_loss=1.0118e-02 | | lr=5.00e-04
Epoch 091 | train_loss=1.1873e-02 | train_eval_loss=9.4965e-03 | val_loss=9.7646e-03 | | lr=5.00e-04
Epoch 092 | train_loss=1.1790e-02 | train_eval_loss=8.7424e-03 | val_loss=9.0608e-03 | | lr=5.00e-04
Saved best model to results/thesis_model_results/outputs/loss_comparison_mtlgsh/MTLGSH__l1__minmax__seed42/mtlgsh_state_dict_best.pt
Epoch 093 | train_loss=1.1654e-02 | train_eval_loss=9.3705e-03 | val_loss=9.6987e-03 | | lr=5.00e-04
Epoch 094 | train_loss=1.1816e-02 | train_eval_loss=8.8443e-03 | val_loss=9.1261e-03 | | lr=5.00e-04
Epoch 095 | train_loss=1.1968e-02 | train_eval_loss=9.2036e-03 | val_loss=9.5244e-03 | | lr=5.00e-04
Epoch 096 | train_loss=1.1937e-02 | train_eval_loss=8.8545e-03 | val_loss=9.1449e-03 | | lr=5.00e-04
Epoch 097 | train_loss=1.1617e-02 | train_eval_loss=9.1283e-03 | val_loss=9.4798e-03 | | lr=5.00e-04
Epoch 098 | train_loss=1.1620e-02 | train_eval_loss=8.8430e-03 | val_loss=9.1795e-03 | | lr=5.00e-04
Epoch 099 | train_loss=1.1572e-02 | train_eval_loss=8.8649e-03 | val_loss=9.2123e-03 | | lr=5.00e-04
Epoch 100 | train_loss=1.1778e-02 | train_eval_loss=9.0157e-03 | val_loss=9.3313e-03 | | lr=5.00e-04
Epoch 101 | train_loss=1.1857e-02 | train_eval_loss=8.7014e-03 | val_loss=9.0147e-03 | | lr=5.00e-04
Saved best model to results/thesis_model_results/outputs/loss_comparison_mtlgsh/MTLGSH__l1__minmax__seed42/mtlgsh_state_dict_best.pt
Epoch 102 | train_loss=1.1538e-02 | train_eval_loss=9.5118e-03 | val_loss=9.8192e-03 | | lr=5.00e-04
Epoch 103 | train_loss=1.1748e-02 | train_eval_loss=9.0287e-03 | val_loss=9.3375e-03 | | lr=5.00e-04
Epoch 104 | train_loss=1.1758e-02 | train_eval_loss=1.1230e-02 | val_loss=1.1442e-02 | | lr=5.00e-04
Epoch 105 | train_loss=1.1763e-02 | train_eval_loss=9.6949e-03 | val_loss=9.9464e-03 | | lr=5.00e-04
Epoch 106 | train_loss=1.1645e-02 | train_eval_loss=8.7247e-03 | val_loss=9.0592e-03 | | lr=5.00e-04
Epoch 107 | train_loss=1.1440e-02 | train_eval_loss=9.2447e-03 | val_loss=9.6430e-03 | | lr=5.00e-04
Epoch 108 | train_loss=1.1429e-02 | train_eval_loss=9.0176e-03 | val_loss=9.3839e-03 | | lr=5.00e-04
Epoch 109 | train_loss=1.1459e-02 | train_eval_loss=8.6726e-03 | val_loss=9.0097e-03 | | lr=5.00e-04
Saved best model to results/thesis_model_results/outputs/loss_comparison_mtlgsh/MTLGSH__l1__minmax__seed42/mtlgsh_state_dict_best.pt
Epoch 110 | train_loss=1.1745e-02 | train_eval_loss=8.9051e-03 | val_loss=9.2194e-03 | | lr=5.00e-04
Epoch 111 | train_loss=1.1648e-02 | train_eval_loss=1.0389e-02 | val_loss=1.0682e-02 | | lr=5.00e-04
Epoch 112 | train_loss=1.1928e-02 | train_eval_loss=9.3426e-03 | val_loss=9.6704e-03 | | lr=5.00e-04
Epoch 113 | train_loss=1.1398e-02 | train_eval_loss=9.5504e-03 | val_loss=9.8421e-03 | | lr=5.00e-04
Epoch 114 | train_loss=1.1214e-02 | train_eval_loss=8.2776e-03 | val_loss=8.6189e-03 | | lr=5.00e-04
Saved best model to results/thesis_model_results/outputs/loss_comparison_mtlgsh/MTLGSH__l1__minmax__seed42/mtlgsh_state_dict_best.pt
Epoch 115 | train_loss=1.1370e-02 | train_eval_loss=8.6383e-03 | val_loss=8.9697e-03 | | lr=5.00e-04
Epoch 116 | train_loss=1.1344e-02 | train_eval_loss=8.1991e-03 | val_loss=8.6163e-03 | | lr=5.00e-04
Saved best model to results/thesis_model_results/outputs/loss_comparison_mtlgsh/MTLGSH__l1__minmax__seed42/mtlgsh_state_dict_best.pt
Epoch 117 | train_loss=1.1812e-02 | train_eval_loss=1.1315e-02 | val_loss=1.1520e-02 | | lr=5.00e-04
Epoch 118 | train_loss=1.1528e-02 | train_eval_loss=1.2124e-02 | val_loss=1.2369e-02 | | lr=5.00e-04
Epoch 119 | train_loss=1.1595e-02 | train_eval_loss=8.8175e-03 | val_loss=9.1802e-03 | | lr=5.00e-04
Epoch 120 | train_loss=1.1260e-02 | train_eval_loss=8.2463e-03 | val_loss=8.6161e-03 | | lr=5.00e-04
Saved best model to results/thesis_model_results/outputs/loss_comparison_mtlgsh/MTLGSH__l1__minmax__seed42/mtlgsh_state_dict_best.pt
Epoch 121 | train_loss=1.1502e-02 | train_eval_loss=8.8413e-03 | val_loss=9.1927e-03 | | lr=5.00e-04
Epoch 122 | train_loss=1.1440e-02 | train_eval_loss=9.6807e-03 | val_loss=1.0048e-02 | | lr=5.00e-04
Epoch 123 | train_loss=1.1134e-02 | train_eval_loss=8.4053e-03 | val_loss=8.7990e-03 | | lr=5.00e-04
Epoch 124 | train_loss=1.1188e-02 | train_eval_loss=9.9674e-03 | val_loss=1.0285e-02 | | lr=5.00e-04
Epoch 125 | train_loss=1.1100e-02 | train_eval_loss=9.3777e-03 | val_loss=9.7657e-03 | | lr=5.00e-04
Epoch 126 | train_loss=1.0681e-02 | train_eval_loss=7.8821e-03 | val_loss=8.3049e-03 | | lr=2.50e-04
Saved best model to results/thesis_model_results/outputs/loss_comparison_mtlgsh/MTLGSH__l1__minmax__seed42/mtlgsh_state_dict_best.pt
Epoch 127 | train_loss=1.0529e-02 | train_eval_loss=7.9760e-03 | val_loss=8.4220e-03 | | lr=2.50e-04
Epoch 128 | train_loss=1.0573e-02 | train_eval_loss=7.4263e-03 | val_loss=7.8925e-03 | | lr=2.50e-04
Saved best model to results/thesis_model_results/outputs/loss_comparison_mtlgsh/MTLGSH__l1__minmax__seed42/mtlgsh_state_dict_best.pt
Epoch 129 | train_loss=1.0531e-02 | train_eval_loss=8.0296e-03 | val_loss=8.4775e-03 | | lr=2.50e-04
Epoch 130 | train_loss=1.0670e-02 | train_eval_loss=7.7685e-03 | val_loss=8.2124e-03 | | lr=2.50e-04
Epoch 131 | train_loss=1.0499e-02 | train_eval_loss=7.7764e-03 | val_loss=8.2056e-03 | | lr=2.50e-04
Epoch 132 | train_loss=1.0561e-02 | train_eval_loss=7.8976e-03 | val_loss=8.3630e-03 | | lr=2.50e-04
Epoch 133 | train_loss=1.0438e-02 | train_eval_loss=7.7609e-03 | val_loss=8.2482e-03 | | lr=2.50e-04
Epoch 134 | train_loss=1.0522e-02 | train_eval_loss=7.3081e-03 | val_loss=7.7795e-03 | | lr=2.50e-04
Saved best model to results/thesis_model_results/outputs/loss_comparison_mtlgsh/MTLGSH__l1__minmax__seed42/mtlgsh_state_dict_best.pt
Epoch 135 | train_loss=1.0487e-02 | train_eval_loss=7.4291e-03 | val_loss=7.8853e-03 | | lr=2.50e-04
Epoch 136 | train_loss=1.0470e-02 | train_eval_loss=7.5333e-03 | val_loss=7.9952e-03 | | lr=2.50e-04
Epoch 137 | train_loss=1.0505e-02 | train_eval_loss=7.4800e-03 | val_loss=7.9390e-03 | | lr=2.50e-04
Epoch 138 | train_loss=1.0518e-02 | train_eval_loss=7.4344e-03 | val_loss=7.8878e-03 | | lr=2.50e-04
Epoch 139 | train_loss=1.0523e-02 | train_eval_loss=7.3830e-03 | val_loss=7.8593e-03 | | lr=2.50e-04
Epoch 140 | train_loss=1.0430e-02 | train_eval_loss=8.2069e-03 | val_loss=8.6898e-03 | | lr=2.50e-04
Epoch 141 | train_loss=1.0527e-02 | train_eval_loss=7.4999e-03 | val_loss=7.9480e-03 | | lr=2.50e-04
Epoch 142 | train_loss=1.0456e-02 | train_eval_loss=7.3941e-03 | val_loss=7.8662e-03 | | lr=2.50e-04
Epoch 143 | train_loss=1.0399e-02 | train_eval_loss=7.5968e-03 | val_loss=8.1058e-03 | | lr=2.50e-04
Epoch 144 | train_loss=1.0176e-02 | train_eval_loss=7.2207e-03 | val_loss=7.7112e-03 | | lr=1.25e-04
Saved best model to results/thesis_model_results/outputs/loss_comparison_mtlgsh/MTLGSH__l1__minmax__seed42/mtlgsh_state_dict_best.pt
Epoch 145 | train_loss=1.0145e-02 | train_eval_loss=7.2072e-03 | val_loss=7.7373e-03 | | lr=1.25e-04
Epoch 146 | train_loss=1.0142e-02 | train_eval_loss=7.5247e-03 | val_loss=8.0609e-03 | | lr=1.25e-04
Epoch 147 | train_loss=1.0124e-02 | train_eval_loss=7.1486e-03 | val_loss=7.6495e-03 | | lr=1.25e-04
Saved best model to results/thesis_model_results/outputs/loss_comparison_mtlgsh/MTLGSH__l1__minmax__seed42/mtlgsh_state_dict_best.pt
Epoch 148 | train_loss=1.0152e-02 | train_eval_loss=7.2566e-03 | val_loss=7.7788e-03 | | lr=1.25e-04
Epoch 149 | train_loss=1.0144e-02 | train_eval_loss=7.4624e-03 | val_loss=8.0055e-03 | | lr=1.25e-04
Epoch 150 | train_loss=1.0124e-02 | train_eval_loss=7.1781e-03 | val_loss=7.7264e-03 | | lr=1.25e-04
Epoch 151 | train_loss=1.0085e-02 | train_eval_loss=7.1371e-03 | val_loss=7.6679e-03 | | lr=1.25e-04
Epoch 152 | train_loss=1.0090e-02 | train_eval_loss=7.5670e-03 | val_loss=8.0990e-03 | | lr=1.25e-04
Epoch 153 | train_loss=1.0075e-02 | train_eval_loss=7.1794e-03 | val_loss=7.7116e-03 | | lr=1.25e-04
Epoch 154 | train_loss=1.0098e-02 | train_eval_loss=6.9545e-03 | val_loss=7.4964e-03 | | lr=1.25e-04
Saved best model to results/thesis_model_results/outputs/loss_comparison_mtlgsh/MTLGSH__l1__minmax__seed42/mtlgsh_state_dict_best.pt
Epoch 155 | train_loss=1.0045e-02 | train_eval_loss=7.1371e-03 | val_loss=7.6619e-03 | | lr=1.25e-04
Epoch 156 | train_loss=1.0090e-02 | train_eval_loss=6.9317e-03 | val_loss=7.4502e-03 | | lr=1.25e-04
Saved best model to results/thesis_model_results/outputs/loss_comparison_mtlgsh/MTLGSH__l1__minmax__seed42/mtlgsh_state_dict_best.pt
Epoch 157 | train_loss=1.0040e-02 | train_eval_loss=7.4825e-03 | val_loss=7.9447e-03 | | lr=1.25e-04
Epoch 158 | train_loss=1.0113e-02 | train_eval_loss=6.9883e-03 | val_loss=7.5230e-03 | | lr=1.25e-04
Epoch 159 | train_loss=1.0133e-02 | train_eval_loss=7.0238e-03 | val_loss=7.5565e-03 | | lr=1.25e-04
Epoch 160 | train_loss=1.0080e-02 | train_eval_loss=7.1937e-03 | val_loss=7.7236e-03 | | lr=1.25e-04
Epoch 161 | train_loss=1.0082e-02 | train_eval_loss=7.2202e-03 | val_loss=7.7622e-03 | | lr=1.25e-04
Epoch 162 | train_loss=1.0136e-02 | train_eval_loss=7.6015e-03 | val_loss=8.0667e-03 | | lr=1.25e-04
Epoch 163 | train_loss=1.0061e-02 | train_eval_loss=7.1301e-03 | val_loss=7.6735e-03 | | lr=1.25e-04
Epoch 164 | train_loss=1.0217e-02 | train_eval_loss=7.0255e-03 | val_loss=7.5610e-03 | | lr=1.25e-04
Epoch 165 | train_loss=1.0066e-02 | train_eval_loss=7.1355e-03 | val_loss=7.6309e-03 | | lr=1.25e-04
Epoch 166 | train_loss=9.9871e-03 | train_eval_loss=6.9884e-03 | val_loss=7.5448e-03 | | lr=6.25e-05
Epoch 167 | train_loss=9.8810e-03 | train_eval_loss=6.8067e-03 | val_loss=7.3512e-03 | | lr=6.25e-05
Saved best model to results/thesis_model_results/outputs/loss_comparison_mtlgsh/MTLGSH__l1__minmax__seed42/mtlgsh_state_dict_best.pt
Epoch 168 | train_loss=9.9043e-03 | train_eval_loss=6.7830e-03 | val_loss=7.3362e-03 | | lr=6.25e-05
Saved best model to results/thesis_model_results/outputs/loss_comparison_mtlgsh/MTLGSH__l1__minmax__seed42/mtlgsh_state_dict_best.pt
Epoch 169 | train_loss=9.8854e-03 | train_eval_loss=6.9302e-03 | val_loss=7.5054e-03 | | lr=6.25e-05
Epoch 170 | train_loss=9.9000e-03 | train_eval_loss=6.8645e-03 | val_loss=7.4269e-03 | | lr=6.25e-05
Epoch 171 | train_loss=9.8637e-03 | train_eval_loss=6.9523e-03 | val_loss=7.5222e-03 | | lr=6.25e-05
Epoch 172 | train_loss=9.8917e-03 | train_eval_loss=6.8303e-03 | val_loss=7.3866e-03 | | lr=6.25e-05
Epoch 173 | train_loss=9.8666e-03 | train_eval_loss=6.9038e-03 | val_loss=7.4847e-03 | | lr=6.25e-05
Epoch 174 | train_loss=9.8496e-03 | train_eval_loss=6.7538e-03 | val_loss=7.3115e-03 | | lr=6.25e-05
Saved best model to results/thesis_model_results/outputs/loss_comparison_mtlgsh/MTLGSH__l1__minmax__seed42/mtlgsh_state_dict_best.pt
Epoch 175 | train_loss=9.8966e-03 | train_eval_loss=6.7433e-03 | val_loss=7.3046e-03 | | lr=6.25e-05
Saved best model to results/thesis_model_results/outputs/loss_comparison_mtlgsh/MTLGSH__l1__minmax__seed42/mtlgsh_state_dict_best.pt
Epoch 176 | train_loss=9.8849e-03 | train_eval_loss=6.8021e-03 | val_loss=7.3582e-03 | | lr=6.25e-05
Epoch 177 | train_loss=9.8168e-03 | train_eval_loss=6.7984e-03 | val_loss=7.3544e-03 | | lr=6.25e-05
Epoch 178 | train_loss=9.8393e-03 | train_eval_loss=6.8543e-03 | val_loss=7.4400e-03 | | lr=6.25e-05
Epoch 179 | train_loss=9.8365e-03 | train_eval_loss=6.9407e-03 | val_loss=7.5264e-03 | | lr=6.25e-05
Epoch 180 | train_loss=9.8473e-03 | train_eval_loss=6.8222e-03 | val_loss=7.4010e-03 | | lr=6.25e-05
Epoch 181 | train_loss=9.8467e-03 | train_eval_loss=6.7866e-03 | val_loss=7.3683e-03 | | lr=6.25e-05
Epoch 182 | train_loss=9.8104e-03 | train_eval_loss=6.7586e-03 | val_loss=7.3365e-03 | | lr=6.25e-05
Epoch 183 | train_loss=9.8301e-03 | train_eval_loss=6.7527e-03 | val_loss=7.3262e-03 | | lr=6.25e-05
Epoch 184 | train_loss=9.7956e-03 | train_eval_loss=6.7847e-03 | val_loss=7.3845e-03 | | lr=6.25e-05
Epoch 185 | train_loss=9.7669e-03 | train_eval_loss=6.7082e-03 | val_loss=7.2987e-03 | | lr=3.13e-05
Saved best model to results/thesis_model_results/outputs/loss_comparison_mtlgsh/MTLGSH__l1__minmax__seed42/mtlgsh_state_dict_best.pt
Epoch 186 | train_loss=9.7668e-03 | train_eval_loss=6.6687e-03 | val_loss=7.2566e-03 | | lr=3.13e-05
Saved best model to results/thesis_model_results/outputs/loss_comparison_mtlgsh/MTLGSH__l1__minmax__seed42/mtlgsh_state_dict_best.pt
Epoch 187 | train_loss=9.7556e-03 | train_eval_loss=6.7402e-03 | val_loss=7.3355e-03 | | lr=3.13e-05
Epoch 188 | train_loss=9.7222e-03 | train_eval_loss=6.7949e-03 | val_loss=7.3824e-03 | | lr=3.13e-05
Epoch 189 | train_loss=9.7460e-03 | train_eval_loss=6.6324e-03 | val_loss=7.2226e-03 | | lr=3.13e-05
Saved best model to results/thesis_model_results/outputs/loss_comparison_mtlgsh/MTLGSH__l1__minmax__seed42/mtlgsh_state_dict_best.pt
Epoch 190 | train_loss=9.7464e-03 | train_eval_loss=6.6338e-03 | val_loss=7.2148e-03 | | lr=3.13e-05
Saved best model to results/thesis_model_results/outputs/loss_comparison_mtlgsh/MTLGSH__l1__minmax__seed42/mtlgsh_state_dict_best.pt
Epoch 191 | train_loss=9.7564e-03 | train_eval_loss=6.6551e-03 | val_loss=7.2455e-03 | | lr=3.13e-05
Epoch 192 | train_loss=9.7626e-03 | train_eval_loss=6.6369e-03 | val_loss=7.2248e-03 | | lr=3.13e-05
Epoch 193 | train_loss=9.7449e-03 | train_eval_loss=7.1035e-03 | val_loss=7.6680e-03 | | lr=3.13e-05
Epoch 194 | train_loss=9.7623e-03 | train_eval_loss=6.7212e-03 | val_loss=7.3074e-03 | | lr=3.13e-05
Epoch 195 | train_loss=9.7282e-03 | train_eval_loss=6.6173e-03 | val_loss=7.2164e-03 | | lr=3.13e-05
Epoch 196 | train_loss=9.7573e-03 | train_eval_loss=6.6632e-03 | val_loss=7.2602e-03 | | lr=3.13e-05
Epoch 197 | train_loss=9.7560e-03 | train_eval_loss=6.6954e-03 | val_loss=7.2951e-03 | | lr=3.13e-05
Epoch 198 | train_loss=9.7311e-03 | train_eval_loss=6.7581e-03 | val_loss=7.3518e-03 | | lr=3.13e-05
Epoch 199 | train_loss=9.7238e-03 | train_eval_loss=6.6722e-03 | val_loss=7.2806e-03 | | lr=3.13e-05
Epoch 200 | train_loss=9.6730e-03 | train_eval_loss=6.6359e-03 | val_loss=7.2398e-03 | | lr=1.56e-05
Saved training logs to results/thesis_model_results/outputs/loss_comparison_mtlgsh/MTLGSH__l1__minmax__seed42/training_summary.txt
Test RMSE(rocof_COI) = 0.0113 | norm: 0.0085 | real_diff: 0.0059
Test RMSE(dev_COI) = 0.0159 | norm: 0.0059 | real_diff: 0.0076
Test RMSE(Delta_P_IBR_1) = 0.1057 | norm: 0.0167 | real_diff: 0.0538
Test RMSE(Delta_P_IBR_2) = 0.0849 | norm: 0.0118 | real_diff: 0.0489
Test RMSE(Delta_P_IBR_3) = 0.1681 | norm: 0.0295 | real_diff: 0.0677
Test RMSE(Delta_P_IBR_4) = 0.1679 | norm: 0.0174 | real_diff: 0.0841
Saved RMSE results to results/thesis_model_results/outputs/loss_comparison_mtlgsh/MTLGSH__l1__minmax__seed42/rmse_results.txt
Saved detailed metrics to results/thesis_model_results/outputs/loss_comparison_mtlgsh/MTLGSH__l1__minmax__seed42/metrics_by_target.csv
Saved aggregate metrics to results/thesis_model_results/outputs/loss_comparison_mtlgsh/MTLGSH__l1__minmax__seed42/metrics_summary.json
Saved loss curves to results/thesis_model_results/outputs/loss_comparison_mtlgsh/MTLGSH__l1__minmax__seed42/loss_curve.png
Saved scatter plot results/thesis_model_results/outputs/loss_comparison_mtlgsh/MTLGSH__l1__minmax__seed42/scatter_rocof_COI.png
Saved scatter plot results/thesis_model_results/outputs/loss_comparison_mtlgsh/MTLGSH__l1__minmax__seed42/scatter_dev_COI.png
Saved scatter plot results/thesis_model_results/outputs/loss_comparison_mtlgsh/MTLGSH__l1__minmax__seed42/scatter_Delta_P_IBR_1.png
Saved scatter plot results/thesis_model_results/outputs/loss_comparison_mtlgsh/MTLGSH__l1__minmax__seed42/scatter_Delta_P_IBR_2.png
Saved scatter plot results/thesis_model_results/outputs/loss_comparison_mtlgsh/MTLGSH__l1__minmax__seed42/scatter_Delta_P_IBR_3.png
Saved scatter plot results/thesis_model_results/outputs/loss_comparison_mtlgsh/MTLGSH__l1__minmax__seed42/scatter_Delta_P_IBR_4.png
Saved model to results/thesis_model_results/outputs/loss_comparison_mtlgsh/MTLGSH__l1__minmax__seed42/mtlgsh_state_dict.pt
Loss type: smooth_l1 | weights=[]
Target stats (scaled):
train mean=[0.549  0.589  0.492  0.4884 0.4785 0.4192]
train std=[0.1365 0.1371 0.1141 0.1063 0.1158 0.1138]
train q05=[0.3074 0.3979 0.3192 0.303  0.3347 0.2205]
train q95=[0.7933 0.8652 0.6719 0.6491 0.6927 0.6016]
val mean=[0.5473 0.5873 0.4922 0.4893 0.4798 0.4201]
val std=[0.1343 0.1348 0.1123 0.1072 0.1141 0.1112]
val q05=[0.3103 0.3982 0.3195 0.303  0.3376 0.2251]
val q95=[0.7886 0.8626 0.6731 0.6514 0.6918 0.5984]
val/train std ratio=[0.984  0.9828 0.9844 1.0084 0.9848 0.9772]
LR scheduler: ReduceLROnPlateau (factor=0.5, patience=8, min_lr=1e-07)
Epoch 001 | train_loss=2.0104e-02 | train_eval_loss=7.1990e-03 | val_loss=6.9947e-03 | | lr=1.00e-03
Saved best model to results/thesis_model_results/outputs/loss_comparison_mtlgsh/MTLGSH__smooth_l1__minmax__seed42/mtlgsh_state_dict_best.pt
Epoch 002 | train_loss=7.7065e-03 | train_eval_loss=5.3756e-03 | val_loss=5.2266e-03 | | lr=1.00e-03
Saved best model to results/thesis_model_results/outputs/loss_comparison_mtlgsh/MTLGSH__smooth_l1__minmax__seed42/mtlgsh_state_dict_best.pt
Epoch 003 | train_loss=3.4144e-03 | train_eval_loss=2.0080e-03 | val_loss=1.9750e-03 | | lr=1.00e-03
Saved best model to results/thesis_model_results/outputs/loss_comparison_mtlgsh/MTLGSH__smooth_l1__minmax__seed42/mtlgsh_state_dict_best.pt
Epoch 004 | train_loss=2.5833e-03 | train_eval_loss=1.7347e-03 | val_loss=1.7051e-03 | | lr=1.00e-03
Saved best model to results/thesis_model_results/outputs/loss_comparison_mtlgsh/MTLGSH__smooth_l1__minmax__seed42/mtlgsh_state_dict_best.pt
Epoch 005 | train_loss=2.3882e-03 | train_eval_loss=1.6534e-03 | val_loss=1.6238e-03 | | lr=1.00e-03
Saved best model to results/thesis_model_results/outputs/loss_comparison_mtlgsh/MTLGSH__smooth_l1__minmax__seed42/mtlgsh_state_dict_best.pt
Epoch 006 | train_loss=2.3470e-03 | train_eval_loss=1.5834e-03 | val_loss=1.5483e-03 | | lr=1.00e-03
Saved best model to results/thesis_model_results/outputs/loss_comparison_mtlgsh/MTLGSH__smooth_l1__minmax__seed42/mtlgsh_state_dict_best.pt
Epoch 007 | train_loss=2.0939e-03 | train_eval_loss=1.2544e-03 | val_loss=1.2177e-03 | | lr=1.00e-03
Saved best model to results/thesis_model_results/outputs/loss_comparison_mtlgsh/MTLGSH__smooth_l1__minmax__seed42/mtlgsh_state_dict_best.pt
Epoch 008 | train_loss=1.7496e-03 | train_eval_loss=9.5711e-04 | val_loss=9.3152e-04 | | lr=1.00e-03
Saved best model to results/thesis_model_results/outputs/loss_comparison_mtlgsh/MTLGSH__smooth_l1__minmax__seed42/mtlgsh_state_dict_best.pt
Epoch 009 | train_loss=1.5392e-03 | train_eval_loss=8.6122e-04 | val_loss=8.4779e-04 | | lr=1.00e-03
Saved best model to results/thesis_model_results/outputs/loss_comparison_mtlgsh/MTLGSH__smooth_l1__minmax__seed42/mtlgsh_state_dict_best.pt
Epoch 010 | train_loss=1.4136e-03 | train_eval_loss=7.3202e-04 | val_loss=7.2096e-04 | | lr=1.00e-03
Saved best model to results/thesis_model_results/outputs/loss_comparison_mtlgsh/MTLGSH__smooth_l1__minmax__seed42/mtlgsh_state_dict_best.pt
Epoch 011 | train_loss=1.3504e-03 | train_eval_loss=7.7454e-04 | val_loss=7.6521e-04 | | lr=1.00e-03
Epoch 012 | train_loss=1.3197e-03 | train_eval_loss=7.0429e-04 | val_loss=6.9263e-04 | | lr=1.00e-03
Saved best model to results/thesis_model_results/outputs/loss_comparison_mtlgsh/MTLGSH__smooth_l1__minmax__seed42/mtlgsh_state_dict_best.pt
Epoch 013 | train_loss=1.2429e-03 | train_eval_loss=6.6235e-04 | val_loss=6.4883e-04 | | lr=1.00e-03
Saved best model to results/thesis_model_results/outputs/loss_comparison_mtlgsh/MTLGSH__smooth_l1__minmax__seed42/mtlgsh_state_dict_best.pt
Epoch 014 | train_loss=1.1876e-03 | train_eval_loss=7.1807e-04 | val_loss=7.0987e-04 | | lr=1.00e-03
Epoch 015 | train_loss=1.1787e-03 | train_eval_loss=6.8135e-04 | val_loss=6.7058e-04 | | lr=1.00e-03
Epoch 016 | train_loss=1.1508e-03 | train_eval_loss=5.7586e-04 | val_loss=5.6932e-04 | | lr=1.00e-03
Saved best model to results/thesis_model_results/outputs/loss_comparison_mtlgsh/MTLGSH__smooth_l1__minmax__seed42/mtlgsh_state_dict_best.pt
Epoch 017 | train_loss=1.1033e-03 | train_eval_loss=5.6796e-04 | val_loss=5.6135e-04 | | lr=1.00e-03
Saved best model to results/thesis_model_results/outputs/loss_comparison_mtlgsh/MTLGSH__smooth_l1__minmax__seed42/mtlgsh_state_dict_best.pt
Epoch 018 | train_loss=1.0912e-03 | train_eval_loss=5.6155e-04 | val_loss=5.5574e-04 | | lr=1.00e-03
Saved best model to results/thesis_model_results/outputs/loss_comparison_mtlgsh/MTLGSH__smooth_l1__minmax__seed42/mtlgsh_state_dict_best.pt
Epoch 019 | train_loss=1.0705e-03 | train_eval_loss=5.8158e-04 | val_loss=5.7402e-04 | | lr=1.00e-03
Epoch 020 | train_loss=1.0398e-03 | train_eval_loss=5.6029e-04 | val_loss=5.5480e-04 | | lr=1.00e-03
Saved best model to results/thesis_model_results/outputs/loss_comparison_mtlgsh/MTLGSH__smooth_l1__minmax__seed42/mtlgsh_state_dict_best.pt
Epoch 021 | train_loss=1.0211e-03 | train_eval_loss=5.4654e-04 | val_loss=5.3872e-04 | | lr=1.00e-03
Saved best model to results/thesis_model_results/outputs/loss_comparison_mtlgsh/MTLGSH__smooth_l1__minmax__seed42/mtlgsh_state_dict_best.pt
Epoch 022 | train_loss=9.6958e-04 | train_eval_loss=6.0143e-04 | val_loss=6.0354e-04 | | lr=1.00e-03
Epoch 023 | train_loss=9.3595e-04 | train_eval_loss=5.5521e-04 | val_loss=5.4802e-04 | | lr=1.00e-03
Epoch 024 | train_loss=9.2028e-04 | train_eval_loss=5.2543e-04 | val_loss=5.2351e-04 | | lr=1.00e-03
Saved best model to results/thesis_model_results/outputs/loss_comparison_mtlgsh/MTLGSH__smooth_l1__minmax__seed42/mtlgsh_state_dict_best.pt
Epoch 025 | train_loss=9.7527e-04 | train_eval_loss=4.6481e-04 | val_loss=4.6024e-04 | | lr=1.00e-03
Saved best model to results/thesis_model_results/outputs/loss_comparison_mtlgsh/MTLGSH__smooth_l1__minmax__seed42/mtlgsh_state_dict_best.pt
Epoch 026 | train_loss=8.6512e-04 | train_eval_loss=4.5189e-04 | val_loss=4.4957e-04 | | lr=1.00e-03
Saved best model to results/thesis_model_results/outputs/loss_comparison_mtlgsh/MTLGSH__smooth_l1__minmax__seed42/mtlgsh_state_dict_best.pt
Epoch 027 | train_loss=8.3746e-04 | train_eval_loss=4.2832e-04 | val_loss=4.2587e-04 | | lr=1.00e-03
Saved best model to results/thesis_model_results/outputs/loss_comparison_mtlgsh/MTLGSH__smooth_l1__minmax__seed42/mtlgsh_state_dict_best.pt
Epoch 028 | train_loss=8.2942e-04 | train_eval_loss=4.9929e-04 | val_loss=4.9991e-04 | | lr=1.00e-03
Epoch 029 | train_loss=7.9867e-04 | train_eval_loss=4.3052e-04 | val_loss=4.2916e-04 | | lr=1.00e-03
Epoch 030 | train_loss=8.2622e-04 | train_eval_loss=5.3046e-04 | val_loss=5.2486e-04 | | lr=1.00e-03
Epoch 031 | train_loss=7.6340e-04 | train_eval_loss=4.0679e-04 | val_loss=4.0538e-04 | | lr=1.00e-03
Saved best model to results/thesis_model_results/outputs/loss_comparison_mtlgsh/MTLGSH__smooth_l1__minmax__seed42/mtlgsh_state_dict_best.pt
Epoch 032 | train_loss=7.3063e-04 | train_eval_loss=4.0840e-04 | val_loss=4.0559e-04 | | lr=1.00e-03
Epoch 033 | train_loss=7.1580e-04 | train_eval_loss=4.1100e-04 | val_loss=4.1094e-04 | | lr=1.00e-03
Epoch 034 | train_loss=7.0551e-04 | train_eval_loss=3.7110e-04 | val_loss=3.6938e-04 | | lr=1.00e-03
Saved best model to results/thesis_model_results/outputs/loss_comparison_mtlgsh/MTLGSH__smooth_l1__minmax__seed42/mtlgsh_state_dict_best.pt
Epoch 035 | train_loss=6.8312e-04 | train_eval_loss=3.6011e-04 | val_loss=3.6435e-04 | | lr=1.00e-03
Saved best model to results/thesis_model_results/outputs/loss_comparison_mtlgsh/MTLGSH__smooth_l1__minmax__seed42/mtlgsh_state_dict_best.pt
Epoch 036 | train_loss=7.0586e-04 | train_eval_loss=4.0060e-04 | val_loss=4.0157e-04 | | lr=1.00e-03
Epoch 037 | train_loss=6.4809e-04 | train_eval_loss=3.9375e-04 | val_loss=3.9675e-04 | | lr=1.00e-03
Epoch 038 | train_loss=6.3452e-04 | train_eval_loss=3.3012e-04 | val_loss=3.3267e-04 | | lr=1.00e-03
Saved best model to results/thesis_model_results/outputs/loss_comparison_mtlgsh/MTLGSH__smooth_l1__minmax__seed42/mtlgsh_state_dict_best.pt
Epoch 039 | train_loss=6.3444e-04 | train_eval_loss=3.5018e-04 | val_loss=3.5218e-04 | | lr=1.00e-03
Epoch 040 | train_loss=5.9681e-04 | train_eval_loss=3.6106e-04 | val_loss=3.6322e-04 | | lr=1.00e-03
Epoch 041 | train_loss=5.8810e-04 | train_eval_loss=3.3276e-04 | val_loss=3.3321e-04 | | lr=1.00e-03
Epoch 042 | train_loss=5.6023e-04 | train_eval_loss=3.4872e-04 | val_loss=3.5366e-04 | | lr=1.00e-03
Epoch 043 | train_loss=5.8294e-04 | train_eval_loss=3.1970e-04 | val_loss=3.2101e-04 | | lr=1.00e-03
Saved best model to results/thesis_model_results/outputs/loss_comparison_mtlgsh/MTLGSH__smooth_l1__minmax__seed42/mtlgsh_state_dict_best.pt
Epoch 044 | train_loss=5.3253e-04 | train_eval_loss=3.0385e-04 | val_loss=3.0682e-04 | | lr=1.00e-03
Saved best model to results/thesis_model_results/outputs/loss_comparison_mtlgsh/MTLGSH__smooth_l1__minmax__seed42/mtlgsh_state_dict_best.pt
Epoch 045 | train_loss=5.4233e-04 | train_eval_loss=3.5640e-04 | val_loss=3.6035e-04 | | lr=1.00e-03
Epoch 046 | train_loss=5.2935e-04 | train_eval_loss=3.2060e-04 | val_loss=3.2118e-04 | | lr=1.00e-03
Epoch 047 | train_loss=5.2573e-04 | train_eval_loss=3.0225e-04 | val_loss=3.0437e-04 | | lr=1.00e-03
Saved best model to results/thesis_model_results/outputs/loss_comparison_mtlgsh/MTLGSH__smooth_l1__minmax__seed42/mtlgsh_state_dict_best.pt
Epoch 048 | train_loss=4.8208e-04 | train_eval_loss=3.3702e-04 | val_loss=3.4006e-04 | | lr=1.00e-03
Epoch 049 | train_loss=4.8506e-04 | train_eval_loss=4.1714e-04 | val_loss=4.2403e-04 | | lr=1.00e-03
Epoch 050 | train_loss=5.0188e-04 | train_eval_loss=3.8031e-04 | val_loss=3.8406e-04 | | lr=1.00e-03
Epoch 051 | train_loss=4.5983e-04 | train_eval_loss=3.0953e-04 | val_loss=3.1496e-04 | | lr=1.00e-03
Epoch 052 | train_loss=5.0317e-04 | train_eval_loss=2.9486e-04 | val_loss=3.0263e-04 | | lr=1.00e-03
Saved best model to results/thesis_model_results/outputs/loss_comparison_mtlgsh/MTLGSH__smooth_l1__minmax__seed42/mtlgsh_state_dict_best.pt
Epoch 053 | train_loss=4.4457e-04 | train_eval_loss=2.7680e-04 | val_loss=2.8192e-04 | | lr=1.00e-03
Saved best model to results/thesis_model_results/outputs/loss_comparison_mtlgsh/MTLGSH__smooth_l1__minmax__seed42/mtlgsh_state_dict_best.pt
Epoch 054 | train_loss=4.4498e-04 | train_eval_loss=2.7789e-04 | val_loss=2.8179e-04 | | lr=1.00e-03
Saved best model to results/thesis_model_results/outputs/loss_comparison_mtlgsh/MTLGSH__smooth_l1__minmax__seed42/mtlgsh_state_dict_best.pt
Epoch 055 | train_loss=4.2091e-04 | train_eval_loss=2.8392e-04 | val_loss=2.8971e-04 | | lr=1.00e-03
Epoch 056 | train_loss=4.1399e-04 | train_eval_loss=3.2688e-04 | val_loss=3.2905e-04 | | lr=1.00e-03
Epoch 057 | train_loss=4.0713e-04 | train_eval_loss=2.7827e-04 | val_loss=2.8617e-04 | | lr=1.00e-03
Epoch 058 | train_loss=4.0916e-04 | train_eval_loss=4.3848e-04 | val_loss=4.3946e-04 | | lr=1.00e-03
Epoch 059 | train_loss=3.9778e-04 | train_eval_loss=2.5902e-04 | val_loss=2.6854e-04 | | lr=1.00e-03
Saved best model to results/thesis_model_results/outputs/loss_comparison_mtlgsh/MTLGSH__smooth_l1__minmax__seed42/mtlgsh_state_dict_best.pt
Epoch 060 | train_loss=4.2144e-04 | train_eval_loss=2.7459e-04 | val_loss=2.7944e-04 | | lr=1.00e-03
Epoch 061 | train_loss=3.7895e-04 | train_eval_loss=2.7131e-04 | val_loss=2.7497e-04 | | lr=1.00e-03
Epoch 062 | train_loss=3.7580e-04 | train_eval_loss=2.4740e-04 | val_loss=2.5823e-04 | | lr=1.00e-03
Saved best model to results/thesis_model_results/outputs/loss_comparison_mtlgsh/MTLGSH__smooth_l1__minmax__seed42/mtlgsh_state_dict_best.pt
Epoch 063 | train_loss=3.6641e-04 | train_eval_loss=2.8175e-04 | val_loss=2.8447e-04 | | lr=1.00e-03
Epoch 064 | train_loss=4.0901e-04 | train_eval_loss=3.1840e-04 | val_loss=3.2267e-04 | | lr=1.00e-03
Epoch 065 | train_loss=3.5882e-04 | train_eval_loss=2.6033e-04 | val_loss=2.6662e-04 | | lr=1.00e-03
Epoch 066 | train_loss=3.6475e-04 | train_eval_loss=2.5120e-04 | val_loss=2.5703e-04 | | lr=1.00e-03
Saved best model to results/thesis_model_results/outputs/loss_comparison_mtlgsh/MTLGSH__smooth_l1__minmax__seed42/mtlgsh_state_dict_best.pt
Epoch 067 | train_loss=3.4341e-04 | train_eval_loss=2.5548e-04 | val_loss=2.6648e-04 | | lr=1.00e-03
Epoch 068 | train_loss=3.5239e-04 | train_eval_loss=3.7619e-04 | val_loss=3.8443e-04 | | lr=1.00e-03
Epoch 069 | train_loss=3.7767e-04 | train_eval_loss=2.4475e-04 | val_loss=2.5367e-04 | | lr=1.00e-03
Saved best model to results/thesis_model_results/outputs/loss_comparison_mtlgsh/MTLGSH__smooth_l1__minmax__seed42/mtlgsh_state_dict_best.pt
Epoch 070 | train_loss=3.3903e-04 | train_eval_loss=2.7364e-04 | val_loss=2.8588e-04 | | lr=1.00e-03
Epoch 071 | train_loss=3.3985e-04 | train_eval_loss=2.3182e-04 | val_loss=2.4251e-04 | | lr=1.00e-03
Saved best model to results/thesis_model_results/outputs/loss_comparison_mtlgsh/MTLGSH__smooth_l1__minmax__seed42/mtlgsh_state_dict_best.pt
Epoch 072 | train_loss=3.5044e-04 | train_eval_loss=2.7350e-04 | val_loss=2.8081e-04 | | lr=1.00e-03
Epoch 073 | train_loss=3.2559e-04 | train_eval_loss=2.4416e-04 | val_loss=2.5569e-04 | | lr=1.00e-03
Epoch 074 | train_loss=3.6192e-04 | train_eval_loss=2.9987e-04 | val_loss=3.1147e-04 | | lr=1.00e-03
Epoch 075 | train_loss=3.2331e-04 | train_eval_loss=3.5080e-04 | val_loss=3.6050e-04 | | lr=1.00e-03
Epoch 076 | train_loss=3.1027e-04 | train_eval_loss=2.6800e-04 | val_loss=2.8543e-04 | | lr=1.00e-03
Epoch 077 | train_loss=3.2265e-04 | train_eval_loss=2.2983e-04 | val_loss=2.4433e-04 | | lr=1.00e-03
Epoch 078 | train_loss=3.1020e-04 | train_eval_loss=2.6487e-04 | val_loss=2.7735e-04 | | lr=1.00e-03
Epoch 079 | train_loss=3.4557e-04 | train_eval_loss=3.2671e-04 | val_loss=3.4462e-04 | | lr=1.00e-03
Epoch 080 | train_loss=3.1859e-04 | train_eval_loss=2.2963e-04 | val_loss=2.4335e-04 | | lr=1.00e-03
Epoch 081 | train_loss=2.6623e-04 | train_eval_loss=2.1612e-04 | val_loss=2.3011e-04 | | lr=5.00e-04
Saved best model to results/thesis_model_results/outputs/loss_comparison_mtlgsh/MTLGSH__smooth_l1__minmax__seed42/mtlgsh_state_dict_best.pt
Epoch 082 | train_loss=2.5648e-04 | train_eval_loss=1.9996e-04 | val_loss=2.1714e-04 | | lr=5.00e-04
Saved best model to results/thesis_model_results/outputs/loss_comparison_mtlgsh/MTLGSH__smooth_l1__minmax__seed42/mtlgsh_state_dict_best.pt
Epoch 083 | train_loss=2.5752e-04 | train_eval_loss=1.9087e-04 | val_loss=2.0749e-04 | | lr=5.00e-04
Saved best model to results/thesis_model_results/outputs/loss_comparison_mtlgsh/MTLGSH__smooth_l1__minmax__seed42/mtlgsh_state_dict_best.pt
Epoch 084 | train_loss=2.5330e-04 | train_eval_loss=1.9610e-04 | val_loss=2.1396e-04 | | lr=5.00e-04
Epoch 085 | train_loss=2.5642e-04 | train_eval_loss=2.4264e-04 | val_loss=2.5826e-04 | | lr=5.00e-04
Epoch 086 | train_loss=2.5274e-04 | train_eval_loss=2.0825e-04 | val_loss=2.2284e-04 | | lr=5.00e-04
Epoch 087 | train_loss=2.6369e-04 | train_eval_loss=1.8908e-04 | val_loss=2.0602e-04 | | lr=5.00e-04
Saved best model to results/thesis_model_results/outputs/loss_comparison_mtlgsh/MTLGSH__smooth_l1__minmax__seed42/mtlgsh_state_dict_best.pt
Epoch 088 | train_loss=2.5623e-04 | train_eval_loss=2.0544e-04 | val_loss=2.2060e-04 | | lr=5.00e-04
Epoch 089 | train_loss=2.5244e-04 | train_eval_loss=1.9796e-04 | val_loss=2.1759e-04 | | lr=5.00e-04
Epoch 090 | train_loss=2.5499e-04 | train_eval_loss=2.0718e-04 | val_loss=2.2270e-04 | | lr=5.00e-04
Epoch 091 | train_loss=2.4705e-04 | train_eval_loss=1.8730e-04 | val_loss=2.0541e-04 | | lr=5.00e-04
Saved best model to results/thesis_model_results/outputs/loss_comparison_mtlgsh/MTLGSH__smooth_l1__minmax__seed42/mtlgsh_state_dict_best.pt
Epoch 092 | train_loss=2.4385e-04 | train_eval_loss=1.8879e-04 | val_loss=2.0715e-04 | | lr=5.00e-04
Epoch 093 | train_loss=2.5842e-04 | train_eval_loss=2.1495e-04 | val_loss=2.3251e-04 | | lr=5.00e-04
Epoch 094 | train_loss=2.4617e-04 | train_eval_loss=1.8718e-04 | val_loss=2.0444e-04 | | lr=5.00e-04
Saved best model to results/thesis_model_results/outputs/loss_comparison_mtlgsh/MTLGSH__smooth_l1__minmax__seed42/mtlgsh_state_dict_best.pt
Epoch 095 | train_loss=2.4655e-04 | train_eval_loss=1.9055e-04 | val_loss=2.0876e-04 | | lr=5.00e-04
Epoch 096 | train_loss=2.5224e-04 | train_eval_loss=1.9262e-04 | val_loss=2.1033e-04 | | lr=5.00e-04
Epoch 097 | train_loss=2.5395e-04 | train_eval_loss=2.1558e-04 | val_loss=2.3105e-04 | | lr=5.00e-04
Epoch 098 | train_loss=2.5263e-04 | train_eval_loss=1.8822e-04 | val_loss=2.0919e-04 | | lr=5.00e-04
Epoch 099 | train_loss=2.5027e-04 | train_eval_loss=1.7438e-04 | val_loss=1.9381e-04 | | lr=5.00e-04
Saved best model to results/thesis_model_results/outputs/loss_comparison_mtlgsh/MTLGSH__smooth_l1__minmax__seed42/mtlgsh_state_dict_best.pt
Epoch 100 | train_loss=2.5939e-04 | train_eval_loss=2.0939e-04 | val_loss=2.2787e-04 | | lr=5.00e-04
Epoch 101 | train_loss=2.5582e-04 | train_eval_loss=1.9970e-04 | val_loss=2.2056e-04 | | lr=5.00e-04
Epoch 102 | train_loss=2.4563e-04 | train_eval_loss=1.9209e-04 | val_loss=2.1245e-04 | | lr=5.00e-04
Epoch 103 | train_loss=2.3946e-04 | train_eval_loss=2.6495e-04 | val_loss=2.9130e-04 | | lr=5.00e-04
Epoch 104 | train_loss=2.4506e-04 | train_eval_loss=1.6752e-04 | val_loss=1.9003e-04 | | lr=5.00e-04
Saved best model to results/thesis_model_results/outputs/loss_comparison_mtlgsh/MTLGSH__smooth_l1__minmax__seed42/mtlgsh_state_dict_best.pt
Epoch 105 | train_loss=2.3685e-04 | train_eval_loss=1.7667e-04 | val_loss=1.9713e-04 | | lr=5.00e-04
Epoch 106 | train_loss=2.6053e-04 | train_eval_loss=1.7512e-04 | val_loss=1.9782e-04 | | lr=5.00e-04
Epoch 107 | train_loss=2.3106e-04 | train_eval_loss=1.8771e-04 | val_loss=2.1138e-04 | | lr=5.00e-04
Epoch 108 | train_loss=2.2840e-04 | train_eval_loss=1.9186e-04 | val_loss=2.1322e-04 | | lr=5.00e-04
Epoch 109 | train_loss=2.4343e-04 | train_eval_loss=2.2104e-04 | val_loss=2.3463e-04 | | lr=5.00e-04
Epoch 110 | train_loss=2.4626e-04 | train_eval_loss=1.7272e-04 | val_loss=1.9443e-04 | | lr=5.00e-04
Epoch 111 | train_loss=2.3507e-04 | train_eval_loss=1.7511e-04 | val_loss=1.9509e-04 | | lr=5.00e-04
Epoch 112 | train_loss=2.4574e-04 | train_eval_loss=1.6662e-04 | val_loss=1.9330e-04 | | lr=5.00e-04
Epoch 113 | train_loss=2.2215e-04 | train_eval_loss=1.7436e-04 | val_loss=1.9461e-04 | | lr=5.00e-04
Epoch 114 | train_loss=2.0965e-04 | train_eval_loss=1.6645e-04 | val_loss=1.8917e-04 | | lr=2.50e-04
Saved best model to results/thesis_model_results/outputs/loss_comparison_mtlgsh/MTLGSH__smooth_l1__minmax__seed42/mtlgsh_state_dict_best.pt
Epoch 115 | train_loss=2.1210e-04 | train_eval_loss=1.6956e-04 | val_loss=1.9526e-04 | | lr=2.50e-04
Epoch 116 | train_loss=2.0773e-04 | train_eval_loss=1.6454e-04 | val_loss=1.9064e-04 | | lr=2.50e-04
Epoch 117 | train_loss=2.0476e-04 | train_eval_loss=1.5465e-04 | val_loss=1.8012e-04 | | lr=2.50e-04
Saved best model to results/thesis_model_results/outputs/loss_comparison_mtlgsh/MTLGSH__smooth_l1__minmax__seed42/mtlgsh_state_dict_best.pt
Epoch 118 | train_loss=2.0572e-04 | train_eval_loss=1.5309e-04 | val_loss=1.7928e-04 | | lr=2.50e-04
Saved best model to results/thesis_model_results/outputs/loss_comparison_mtlgsh/MTLGSH__smooth_l1__minmax__seed42/mtlgsh_state_dict_best.pt
Epoch 119 | train_loss=2.0894e-04 | train_eval_loss=1.5577e-04 | val_loss=1.8130e-04 | | lr=2.50e-04
Epoch 120 | train_loss=2.0390e-04 | train_eval_loss=1.7302e-04 | val_loss=1.9450e-04 | | lr=2.50e-04
Epoch 121 | train_loss=2.1145e-04 | train_eval_loss=1.5302e-04 | val_loss=1.7871e-04 | | lr=2.50e-04
Saved best model to results/thesis_model_results/outputs/loss_comparison_mtlgsh/MTLGSH__smooth_l1__minmax__seed42/mtlgsh_state_dict_best.pt
Epoch 122 | train_loss=2.0448e-04 | train_eval_loss=1.5341e-04 | val_loss=1.7965e-04 | | lr=2.50e-04
Epoch 123 | train_loss=2.0223e-04 | train_eval_loss=1.5378e-04 | val_loss=1.8087e-04 | | lr=2.50e-04
Epoch 124 | train_loss=2.0781e-04 | train_eval_loss=1.5388e-04 | val_loss=1.7872e-04 | | lr=2.50e-04
Epoch 125 | train_loss=2.0682e-04 | train_eval_loss=1.4840e-04 | val_loss=1.7623e-04 | | lr=2.50e-04
Saved best model to results/thesis_model_results/outputs/loss_comparison_mtlgsh/MTLGSH__smooth_l1__minmax__seed42/mtlgsh_state_dict_best.pt
Epoch 126 | train_loss=2.0034e-04 | train_eval_loss=1.5711e-04 | val_loss=1.8327e-04 | | lr=2.50e-04
Epoch 127 | train_loss=2.0497e-04 | train_eval_loss=1.5865e-04 | val_loss=1.8434e-04 | | lr=2.50e-04
Epoch 128 | train_loss=2.0064e-04 | train_eval_loss=1.8867e-04 | val_loss=2.1337e-04 | | lr=2.50e-04
Epoch 129 | train_loss=2.1344e-04 | train_eval_loss=1.5327e-04 | val_loss=1.8283e-04 | | lr=2.50e-04
Epoch 130 | train_loss=2.1206e-04 | train_eval_loss=1.4973e-04 | val_loss=1.7710e-04 | | lr=2.50e-04
Epoch 131 | train_loss=1.9926e-04 | train_eval_loss=1.5140e-04 | val_loss=1.7867e-04 | | lr=2.50e-04
Epoch 132 | train_loss=1.9752e-04 | train_eval_loss=1.4395e-04 | val_loss=1.7315e-04 | | lr=2.50e-04
Saved best model to results/thesis_model_results/outputs/loss_comparison_mtlgsh/MTLGSH__smooth_l1__minmax__seed42/mtlgsh_state_dict_best.pt
Epoch 133 | train_loss=1.9670e-04 | train_eval_loss=1.9007e-04 | val_loss=2.1772e-04 | | lr=2.50e-04
Epoch 134 | train_loss=2.0838e-04 | train_eval_loss=1.5121e-04 | val_loss=1.8052e-04 | | lr=2.50e-04
Epoch 135 | train_loss=1.9905e-04 | train_eval_loss=1.4598e-04 | val_loss=1.7678e-04 | | lr=2.50e-04
Epoch 136 | train_loss=2.0830e-04 | train_eval_loss=1.6199e-04 | val_loss=1.9081e-04 | | lr=2.50e-04
Epoch 137 | train_loss=1.9797e-04 | train_eval_loss=1.4320e-04 | val_loss=1.7137e-04 | | lr=2.50e-04
Saved best model to results/thesis_model_results/outputs/loss_comparison_mtlgsh/MTLGSH__smooth_l1__minmax__seed42/mtlgsh_state_dict_best.pt
Epoch 138 | train_loss=1.9420e-04 | train_eval_loss=1.4112e-04 | val_loss=1.7140e-04 | | lr=2.50e-04
Epoch 139 | train_loss=1.9217e-04 | train_eval_loss=1.4481e-04 | val_loss=1.7294e-04 | | lr=2.50e-04
Epoch 140 | train_loss=1.9275e-04 | train_eval_loss=1.4215e-04 | val_loss=1.7183e-04 | | lr=2.50e-04
Epoch 141 | train_loss=1.9481e-04 | train_eval_loss=2.0780e-04 | val_loss=2.4196e-04 | | lr=2.50e-04
Epoch 142 | train_loss=2.1022e-04 | train_eval_loss=1.4645e-04 | val_loss=1.7650e-04 | | lr=2.50e-04
Epoch 143 | train_loss=1.9658e-04 | train_eval_loss=1.4757e-04 | val_loss=1.7872e-04 | | lr=2.50e-04
Epoch 144 | train_loss=1.9228e-04 | train_eval_loss=1.5589e-04 | val_loss=1.8696e-04 | | lr=2.50e-04
Epoch 145 | train_loss=1.9990e-04 | train_eval_loss=1.5006e-04 | val_loss=1.7966e-04 | | lr=2.50e-04
Epoch 146 | train_loss=2.0343e-04 | train_eval_loss=1.5567e-04 | val_loss=1.8488e-04 | | lr=2.50e-04
Epoch 147 | train_loss=1.8484e-04 | train_eval_loss=1.3602e-04 | val_loss=1.6877e-04 | | lr=1.25e-04
Saved best model to results/thesis_model_results/outputs/loss_comparison_mtlgsh/MTLGSH__smooth_l1__minmax__seed42/mtlgsh_state_dict_best.pt
Epoch 148 | train_loss=1.8254e-04 | train_eval_loss=1.3387e-04 | val_loss=1.6612e-04 | | lr=1.25e-04
Saved best model to results/thesis_model_results/outputs/loss_comparison_mtlgsh/MTLGSH__smooth_l1__minmax__seed42/mtlgsh_state_dict_best.pt
Epoch 149 | train_loss=1.8102e-04 | train_eval_loss=1.3221e-04 | val_loss=1.6497e-04 | | lr=1.25e-04
Saved best model to results/thesis_model_results/outputs/loss_comparison_mtlgsh/MTLGSH__smooth_l1__minmax__seed42/mtlgsh_state_dict_best.pt
Epoch 150 | train_loss=1.8100e-04 | train_eval_loss=1.3228e-04 | val_loss=1.6510e-04 | | lr=1.25e-04
Epoch 151 | train_loss=1.7818e-04 | train_eval_loss=1.3124e-04 | val_loss=1.6496e-04 | | lr=1.25e-04
Saved best model to results/thesis_model_results/outputs/loss_comparison_mtlgsh/MTLGSH__smooth_l1__minmax__seed42/mtlgsh_state_dict_best.pt
Epoch 152 | train_loss=1.7779e-04 | train_eval_loss=1.2940e-04 | val_loss=1.6149e-04 | | lr=1.25e-04
Saved best model to results/thesis_model_results/outputs/loss_comparison_mtlgsh/MTLGSH__smooth_l1__minmax__seed42/mtlgsh_state_dict_best.pt
Epoch 153 | train_loss=1.7857e-04 | train_eval_loss=1.3150e-04 | val_loss=1.6617e-04 | | lr=1.25e-04
Epoch 154 | train_loss=1.8095e-04 | train_eval_loss=1.4362e-04 | val_loss=1.7739e-04 | | lr=1.25e-04
Epoch 155 | train_loss=1.7942e-04 | train_eval_loss=1.3548e-04 | val_loss=1.6928e-04 | | lr=1.25e-04
Epoch 156 | train_loss=1.8904e-04 | train_eval_loss=1.3495e-04 | val_loss=1.6849e-04 | | lr=1.25e-04
Epoch 157 | train_loss=1.7893e-04 | train_eval_loss=1.2860e-04 | val_loss=1.6279e-04 | | lr=1.25e-04
Epoch 158 | train_loss=1.8189e-04 | train_eval_loss=1.2828e-04 | val_loss=1.6366e-04 | | lr=1.25e-04
Epoch 159 | train_loss=1.7774e-04 | train_eval_loss=1.3161e-04 | val_loss=1.6607e-04 | | lr=1.25e-04
Epoch 160 | train_loss=1.8108e-04 | train_eval_loss=1.2891e-04 | val_loss=1.6414e-04 | | lr=1.25e-04
Epoch 161 | train_loss=1.7966e-04 | train_eval_loss=1.3258e-04 | val_loss=1.6622e-04 | | lr=1.25e-04
Epoch 162 | train_loss=1.7418e-04 | train_eval_loss=1.2727e-04 | val_loss=1.6245e-04 | | lr=6.25e-05
Epoch 163 | train_loss=1.7265e-04 | train_eval_loss=1.2427e-04 | val_loss=1.5972e-04 | | lr=6.25e-05
Saved best model to results/thesis_model_results/outputs/loss_comparison_mtlgsh/MTLGSH__smooth_l1__minmax__seed42/mtlgsh_state_dict_best.pt
Epoch 164 | train_loss=1.7388e-04 | train_eval_loss=1.2870e-04 | val_loss=1.6315e-04 | | lr=6.25e-05
Epoch 165 | train_loss=1.7181e-04 | train_eval_loss=1.2456e-04 | val_loss=1.6082e-04 | | lr=6.25e-05
Epoch 166 | train_loss=1.7250e-04 | train_eval_loss=1.2453e-04 | val_loss=1.5946e-04 | | lr=6.25e-05
Saved best model to results/thesis_model_results/outputs/loss_comparison_mtlgsh/MTLGSH__smooth_l1__minmax__seed42/mtlgsh_state_dict_best.pt
Epoch 167 | train_loss=1.7203e-04 | train_eval_loss=1.2557e-04 | val_loss=1.6057e-04 | | lr=6.25e-05
Epoch 168 | train_loss=1.7238e-04 | train_eval_loss=1.2224e-04 | val_loss=1.5810e-04 | | lr=6.25e-05
Saved best model to results/thesis_model_results/outputs/loss_comparison_mtlgsh/MTLGSH__smooth_l1__minmax__seed42/mtlgsh_state_dict_best.pt
Epoch 169 | train_loss=1.7042e-04 | train_eval_loss=1.2398e-04 | val_loss=1.5993e-04 | | lr=6.25e-05
Epoch 170 | train_loss=1.7190e-04 | train_eval_loss=1.2279e-04 | val_loss=1.5853e-04 | | lr=6.25e-05
Epoch 171 | train_loss=1.7065e-04 | train_eval_loss=1.2354e-04 | val_loss=1.5894e-04 | | lr=6.25e-05
Epoch 172 | train_loss=1.7189e-04 | train_eval_loss=1.2360e-04 | val_loss=1.5979e-04 | | lr=6.25e-05
Epoch 173 | train_loss=1.7079e-04 | train_eval_loss=1.2521e-04 | val_loss=1.6051e-04 | | lr=6.25e-05
Epoch 174 | train_loss=1.6992e-04 | train_eval_loss=1.2504e-04 | val_loss=1.6007e-04 | | lr=6.25e-05
Epoch 175 | train_loss=1.7114e-04 | train_eval_loss=1.2241e-04 | val_loss=1.5894e-04 | | lr=6.25e-05
Epoch 176 | train_loss=1.6996e-04 | train_eval_loss=1.2564e-04 | val_loss=1.6118e-04 | | lr=6.25e-05
Epoch 177 | train_loss=1.7217e-04 | train_eval_loss=1.2222e-04 | val_loss=1.5720e-04 | | lr=6.25e-05
Saved best model to results/thesis_model_results/outputs/loss_comparison_mtlgsh/MTLGSH__smooth_l1__minmax__seed42/mtlgsh_state_dict_best.pt
Epoch 178 | train_loss=1.7068e-04 | train_eval_loss=1.3104e-04 | val_loss=1.6734e-04 | | lr=6.25e-05
Epoch 179 | train_loss=1.7056e-04 | train_eval_loss=1.2219e-04 | val_loss=1.5824e-04 | | lr=6.25e-05
Epoch 180 | train_loss=1.6996e-04 | train_eval_loss=1.3050e-04 | val_loss=1.6577e-04 | | lr=6.25e-05
Epoch 181 | train_loss=1.7046e-04 | train_eval_loss=1.2390e-04 | val_loss=1.6030e-04 | | lr=6.25e-05
Epoch 182 | train_loss=1.6933e-04 | train_eval_loss=1.2741e-04 | val_loss=1.6323e-04 | | lr=6.25e-05
Epoch 183 | train_loss=1.7062e-04 | train_eval_loss=1.2446e-04 | val_loss=1.6170e-04 | | lr=6.25e-05
Epoch 184 | train_loss=1.6853e-04 | train_eval_loss=1.2393e-04 | val_loss=1.6076e-04 | | lr=6.25e-05
Epoch 185 | train_loss=1.7007e-04 | train_eval_loss=1.2325e-04 | val_loss=1.5929e-04 | | lr=6.25e-05
Epoch 186 | train_loss=1.6831e-04 | train_eval_loss=1.2222e-04 | val_loss=1.6045e-04 | | lr=6.25e-05
Epoch 187 | train_loss=1.6599e-04 | train_eval_loss=1.1845e-04 | val_loss=1.5615e-04 | | lr=3.13e-05
Saved best model to results/thesis_model_results/outputs/loss_comparison_mtlgsh/MTLGSH__smooth_l1__minmax__seed42/mtlgsh_state_dict_best.pt
Epoch 188 | train_loss=1.6485e-04 | train_eval_loss=1.1948e-04 | val_loss=1.5713e-04 | | lr=3.13e-05
Epoch 189 | train_loss=1.6545e-04 | train_eval_loss=1.1770e-04 | val_loss=1.5554e-04 | | lr=3.13e-05
Saved best model to results/thesis_model_results/outputs/loss_comparison_mtlgsh/MTLGSH__smooth_l1__minmax__seed42/mtlgsh_state_dict_best.pt
Epoch 190 | train_loss=1.6466e-04 | train_eval_loss=1.1933e-04 | val_loss=1.5794e-04 | | lr=3.13e-05
Epoch 191 | train_loss=1.6530e-04 | train_eval_loss=1.1887e-04 | val_loss=1.5660e-04 | | lr=3.13e-05
Epoch 192 | train_loss=1.6574e-04 | train_eval_loss=1.1843e-04 | val_loss=1.5642e-04 | | lr=3.13e-05
Epoch 193 | train_loss=1.6554e-04 | train_eval_loss=1.1841e-04 | val_loss=1.5667e-04 | | lr=3.13e-05
Epoch 194 | train_loss=1.6557e-04 | train_eval_loss=1.1923e-04 | val_loss=1.5655e-04 | | lr=3.13e-05
Epoch 195 | train_loss=1.6518e-04 | train_eval_loss=1.2406e-04 | val_loss=1.6133e-04 | | lr=3.13e-05
Epoch 196 | train_loss=1.6577e-04 | train_eval_loss=1.1915e-04 | val_loss=1.5735e-04 | | lr=3.13e-05
Epoch 197 | train_loss=1.6561e-04 | train_eval_loss=1.1928e-04 | val_loss=1.5752e-04 | | lr=3.13e-05
Epoch 198 | train_loss=1.6515e-04 | train_eval_loss=1.1835e-04 | val_loss=1.5652e-04 | | lr=3.13e-05
Epoch 199 | train_loss=1.6284e-04 | train_eval_loss=1.1795e-04 | val_loss=1.5665e-04 | | lr=1.56e-05
Epoch 200 | train_loss=1.6318e-04 | train_eval_loss=1.1841e-04 | val_loss=1.5674e-04 | | lr=1.56e-05
Saved training logs to results/thesis_model_results/outputs/loss_comparison_mtlgsh/MTLGSH__smooth_l1__minmax__seed42/training_summary.txt
Test RMSE(rocof_COI) = 0.0111 | norm: 0.0084 | real_diff: 0.0070
Test RMSE(dev_COI) = 0.0187 | norm: 0.0069 | real_diff: 0.0093
Test RMSE(Delta_P_IBR_1) = 0.1071 | norm: 0.0169 | real_diff: 0.0675
Test RMSE(Delta_P_IBR_2) = 0.1026 | norm: 0.0143 | real_diff: 0.0579
Test RMSE(Delta_P_IBR_3) = 0.1640 | norm: 0.0288 | real_diff: 0.0843
Test RMSE(Delta_P_IBR_4) = 0.1849 | norm: 0.0191 | real_diff: 0.1153
Saved RMSE results to results/thesis_model_results/outputs/loss_comparison_mtlgsh/MTLGSH__smooth_l1__minmax__seed42/rmse_results.txt
Saved detailed metrics to results/thesis_model_results/outputs/loss_comparison_mtlgsh/MTLGSH__smooth_l1__minmax__seed42/metrics_by_target.csv
Saved aggregate metrics to results/thesis_model_results/outputs/loss_comparison_mtlgsh/MTLGSH__smooth_l1__minmax__seed42/metrics_summary.json
Saved loss curves to results/thesis_model_results/outputs/loss_comparison_mtlgsh/MTLGSH__smooth_l1__minmax__seed42/loss_curve.png
Saved scatter plot results/thesis_model_results/outputs/loss_comparison_mtlgsh/MTLGSH__smooth_l1__minmax__seed42/scatter_rocof_COI.png
Saved scatter plot results/thesis_model_results/outputs/loss_comparison_mtlgsh/MTLGSH__smooth_l1__minmax__seed42/scatter_dev_COI.png
Saved scatter plot results/thesis_model_results/outputs/loss_comparison_mtlgsh/MTLGSH__smooth_l1__minmax__seed42/scatter_Delta_P_IBR_1.png
Saved scatter plot results/thesis_model_results/outputs/loss_comparison_mtlgsh/MTLGSH__smooth_l1__minmax__seed42/scatter_Delta_P_IBR_2.png
Saved scatter plot results/thesis_model_results/outputs/loss_comparison_mtlgsh/MTLGSH__smooth_l1__minmax__seed42/scatter_Delta_P_IBR_3.png
Saved scatter plot results/thesis_model_results/outputs/loss_comparison_mtlgsh/MTLGSH__smooth_l1__minmax__seed42/scatter_Delta_P_IBR_4.png
Saved model to results/thesis_model_results/outputs/loss_comparison_mtlgsh/MTLGSH__smooth_l1__minmax__seed42/mtlgsh_state_dict.pt
Loss type: huber | weights=[]
Target stats (scaled):
train mean=[0.549  0.589  0.492  0.4884 0.4785 0.4192]
train std=[0.1365 0.1371 0.1141 0.1063 0.1158 0.1138]
train q05=[0.3074 0.3979 0.3192 0.303  0.3347 0.2205]
train q95=[0.7933 0.8652 0.6719 0.6491 0.6927 0.6016]
val mean=[0.5473 0.5873 0.4922 0.4893 0.4798 0.4201]
val std=[0.1343 0.1348 0.1123 0.1072 0.1141 0.1112]
val q05=[0.3103 0.3982 0.3195 0.303  0.3376 0.2251]
val q95=[0.7886 0.8626 0.6731 0.6514 0.6918 0.5984]
val/train std ratio=[0.984  0.9828 0.9844 1.0084 0.9848 0.9772]
LR scheduler: ReduceLROnPlateau (factor=0.5, patience=8, min_lr=1e-07)
Epoch 001 | train_loss=2.0104e-02 | train_eval_loss=7.1990e-03 | val_loss=6.9947e-03 | | lr=1.00e-03
Saved best model to results/thesis_model_results/outputs/loss_comparison_mtlgsh/MTLGSH__huber__minmax__seed42/mtlgsh_state_dict_best.pt
Epoch 002 | train_loss=7.7065e-03 | train_eval_loss=5.3756e-03 | val_loss=5.2266e-03 | | lr=1.00e-03
Saved best model to results/thesis_model_results/outputs/loss_comparison_mtlgsh/MTLGSH__huber__minmax__seed42/mtlgsh_state_dict_best.pt
Epoch 003 | train_loss=3.4144e-03 | train_eval_loss=2.0080e-03 | val_loss=1.9750e-03 | | lr=1.00e-03
Saved best model to results/thesis_model_results/outputs/loss_comparison_mtlgsh/MTLGSH__huber__minmax__seed42/mtlgsh_state_dict_best.pt
Epoch 004 | train_loss=2.5833e-03 | train_eval_loss=1.7347e-03 | val_loss=1.7051e-03 | | lr=1.00e-03
Saved best model to results/thesis_model_results/outputs/loss_comparison_mtlgsh/MTLGSH__huber__minmax__seed42/mtlgsh_state_dict_best.pt
Epoch 005 | train_loss=2.3882e-03 | train_eval_loss=1.6534e-03 | val_loss=1.6238e-03 | | lr=1.00e-03
Saved best model to results/thesis_model_results/outputs/loss_comparison_mtlgsh/MTLGSH__huber__minmax__seed42/mtlgsh_state_dict_best.pt
Epoch 006 | train_loss=2.3470e-03 | train_eval_loss=1.5834e-03 | val_loss=1.5483e-03 | | lr=1.00e-03
Saved best model to results/thesis_model_results/outputs/loss_comparison_mtlgsh/MTLGSH__huber__minmax__seed42/mtlgsh_state_dict_best.pt
Epoch 007 | train_loss=2.0939e-03 | train_eval_loss=1.2544e-03 | val_loss=1.2177e-03 | | lr=1.00e-03
Saved best model to results/thesis_model_results/outputs/loss_comparison_mtlgsh/MTLGSH__huber__minmax__seed42/mtlgsh_state_dict_best.pt
Epoch 008 | train_loss=1.7496e-03 | train_eval_loss=9.5711e-04 | val_loss=9.3152e-04 | | lr=1.00e-03
Saved best model to results/thesis_model_results/outputs/loss_comparison_mtlgsh/MTLGSH__huber__minmax__seed42/mtlgsh_state_dict_best.pt
Epoch 009 | train_loss=1.5392e-03 | train_eval_loss=8.6122e-04 | val_loss=8.4779e-04 | | lr=1.00e-03
Saved best model to results/thesis_model_results/outputs/loss_comparison_mtlgsh/MTLGSH__huber__minmax__seed42/mtlgsh_state_dict_best.pt
Epoch 010 | train_loss=1.4136e-03 | train_eval_loss=7.3202e-04 | val_loss=7.2096e-04 | | lr=1.00e-03
Saved best model to results/thesis_model_results/outputs/loss_comparison_mtlgsh/MTLGSH__huber__minmax__seed42/mtlgsh_state_dict_best.pt
Epoch 011 | train_loss=1.3504e-03 | train_eval_loss=7.7454e-04 | val_loss=7.6521e-04 | | lr=1.00e-03
Epoch 012 | train_loss=1.3197e-03 | train_eval_loss=7.0429e-04 | val_loss=6.9263e-04 | | lr=1.00e-03
Saved best model to results/thesis_model_results/outputs/loss_comparison_mtlgsh/MTLGSH__huber__minmax__seed42/mtlgsh_state_dict_best.pt
Epoch 013 | train_loss=1.2429e-03 | train_eval_loss=6.6235e-04 | val_loss=6.4883e-04 | | lr=1.00e-03
Saved best model to results/thesis_model_results/outputs/loss_comparison_mtlgsh/MTLGSH__huber__minmax__seed42/mtlgsh_state_dict_best.pt
Epoch 014 | train_loss=1.1876e-03 | train_eval_loss=7.1807e-04 | val_loss=7.0987e-04 | | lr=1.00e-03
Epoch 015 | train_loss=1.1787e-03 | train_eval_loss=6.8135e-04 | val_loss=6.7058e-04 | | lr=1.00e-03
Epoch 016 | train_loss=1.1508e-03 | train_eval_loss=5.7586e-04 | val_loss=5.6932e-04 | | lr=1.00e-03
Saved best model to results/thesis_model_results/outputs/loss_comparison_mtlgsh/MTLGSH__huber__minmax__seed42/mtlgsh_state_dict_best.pt
Epoch 017 | train_loss=1.1033e-03 | train_eval_loss=5.6796e-04 | val_loss=5.6135e-04 | | lr=1.00e-03
Saved best model to results/thesis_model_results/outputs/loss_comparison_mtlgsh/MTLGSH__huber__minmax__seed42/mtlgsh_state_dict_best.pt
Epoch 018 | train_loss=1.0912e-03 | train_eval_loss=5.6155e-04 | val_loss=5.5574e-04 | | lr=1.00e-03
Saved best model to results/thesis_model_results/outputs/loss_comparison_mtlgsh/MTLGSH__huber__minmax__seed42/mtlgsh_state_dict_best.pt
Epoch 019 | train_loss=1.0705e-03 | train_eval_loss=5.8158e-04 | val_loss=5.7402e-04 | | lr=1.00e-03
Epoch 020 | train_loss=1.0398e-03 | train_eval_loss=5.6029e-04 | val_loss=5.5480e-04 | | lr=1.00e-03
Saved best model to results/thesis_model_results/outputs/loss_comparison_mtlgsh/MTLGSH__huber__minmax__seed42/mtlgsh_state_dict_best.pt
Epoch 021 | train_loss=1.0211e-03 | train_eval_loss=5.4654e-04 | val_loss=5.3872e-04 | | lr=1.00e-03
Saved best model to results/thesis_model_results/outputs/loss_comparison_mtlgsh/MTLGSH__huber__minmax__seed42/mtlgsh_state_dict_best.pt
Epoch 022 | train_loss=9.6958e-04 | train_eval_loss=6.0143e-04 | val_loss=6.0354e-04 | | lr=1.00e-03
Epoch 023 | train_loss=9.3595e-04 | train_eval_loss=5.5521e-04 | val_loss=5.4802e-04 | | lr=1.00e-03
Epoch 024 | train_loss=9.2028e-04 | train_eval_loss=5.2543e-04 | val_loss=5.2351e-04 | | lr=1.00e-03
Saved best model to results/thesis_model_results/outputs/loss_comparison_mtlgsh/MTLGSH__huber__minmax__seed42/mtlgsh_state_dict_best.pt
Epoch 025 | train_loss=9.7527e-04 | train_eval_loss=4.6481e-04 | val_loss=4.6024e-04 | | lr=1.00e-03
Saved best model to results/thesis_model_results/outputs/loss_comparison_mtlgsh/MTLGSH__huber__minmax__seed42/mtlgsh_state_dict_best.pt
Epoch 026 | train_loss=8.6512e-04 | train_eval_loss=4.5189e-04 | val_loss=4.4957e-04 | | lr=1.00e-03
Saved best model to results/thesis_model_results/outputs/loss_comparison_mtlgsh/MTLGSH__huber__minmax__seed42/mtlgsh_state_dict_best.pt
Epoch 027 | train_loss=8.3746e-04 | train_eval_loss=4.2832e-04 | val_loss=4.2587e-04 | | lr=1.00e-03
Saved best model to results/thesis_model_results/outputs/loss_comparison_mtlgsh/MTLGSH__huber__minmax__seed42/mtlgsh_state_dict_best.pt
Epoch 028 | train_loss=8.2942e-04 | train_eval_loss=4.9929e-04 | val_loss=4.9991e-04 | | lr=1.00e-03
Epoch 029 | train_loss=7.9867e-04 | train_eval_loss=4.3052e-04 | val_loss=4.2916e-04 | | lr=1.00e-03
Epoch 030 | train_loss=8.2622e-04 | train_eval_loss=5.3046e-04 | val_loss=5.2486e-04 | | lr=1.00e-03
Epoch 031 | train_loss=7.6340e-04 | train_eval_loss=4.0679e-04 | val_loss=4.0538e-04 | | lr=1.00e-03
Saved best model to results/thesis_model_results/outputs/loss_comparison_mtlgsh/MTLGSH__huber__minmax__seed42/mtlgsh_state_dict_best.pt
Epoch 032 | train_loss=7.3063e-04 | train_eval_loss=4.0840e-04 | val_loss=4.0559e-04 | | lr=1.00e-03
Epoch 033 | train_loss=7.1580e-04 | train_eval_loss=4.1100e-04 | val_loss=4.1094e-04 | | lr=1.00e-03
Epoch 034 | train_loss=7.0551e-04 | train_eval_loss=3.7110e-04 | val_loss=3.6938e-04 | | lr=1.00e-03
Saved best model to results/thesis_model_results/outputs/loss_comparison_mtlgsh/MTLGSH__huber__minmax__seed42/mtlgsh_state_dict_best.pt
Epoch 035 | train_loss=6.8312e-04 | train_eval_loss=3.6011e-04 | val_loss=3.6435e-04 | | lr=1.00e-03
Saved best model to results/thesis_model_results/outputs/loss_comparison_mtlgsh/MTLGSH__huber__minmax__seed42/mtlgsh_state_dict_best.pt
Epoch 036 | train_loss=7.0586e-04 | train_eval_loss=4.0060e-04 | val_loss=4.0157e-04 | | lr=1.00e-03
Epoch 037 | train_loss=6.4809e-04 | train_eval_loss=3.9375e-04 | val_loss=3.9675e-04 | | lr=1.00e-03
Epoch 038 | train_loss=6.3452e-04 | train_eval_loss=3.3012e-04 | val_loss=3.3267e-04 | | lr=1.00e-03
Saved best model to results/thesis_model_results/outputs/loss_comparison_mtlgsh/MTLGSH__huber__minmax__seed42/mtlgsh_state_dict_best.pt
Epoch 039 | train_loss=6.3444e-04 | train_eval_loss=3.5018e-04 | val_loss=3.5218e-04 | | lr=1.00e-03
Epoch 040 | train_loss=5.9681e-04 | train_eval_loss=3.6106e-04 | val_loss=3.6322e-04 | | lr=1.00e-03
Epoch 041 | train_loss=5.8810e-04 | train_eval_loss=3.3276e-04 | val_loss=3.3321e-04 | | lr=1.00e-03
Epoch 042 | train_loss=5.6023e-04 | train_eval_loss=3.4872e-04 | val_loss=3.5366e-04 | | lr=1.00e-03
Epoch 043 | train_loss=5.8294e-04 | train_eval_loss=3.1970e-04 | val_loss=3.2101e-04 | | lr=1.00e-03
Saved best model to results/thesis_model_results/outputs/loss_comparison_mtlgsh/MTLGSH__huber__minmax__seed42/mtlgsh_state_dict_best.pt
Epoch 044 | train_loss=5.3253e-04 | train_eval_loss=3.0385e-04 | val_loss=3.0682e-04 | | lr=1.00e-03
Saved best model to results/thesis_model_results/outputs/loss_comparison_mtlgsh/MTLGSH__huber__minmax__seed42/mtlgsh_state_dict_best.pt
Epoch 045 | train_loss=5.4233e-04 | train_eval_loss=3.5640e-04 | val_loss=3.6035e-04 | | lr=1.00e-03
Epoch 046 | train_loss=5.2935e-04 | train_eval_loss=3.2060e-04 | val_loss=3.2118e-04 | | lr=1.00e-03
Epoch 047 | train_loss=5.2573e-04 | train_eval_loss=3.0225e-04 | val_loss=3.0437e-04 | | lr=1.00e-03
Saved best model to results/thesis_model_results/outputs/loss_comparison_mtlgsh/MTLGSH__huber__minmax__seed42/mtlgsh_state_dict_best.pt
Epoch 048 | train_loss=4.8208e-04 | train_eval_loss=3.3702e-04 | val_loss=3.4006e-04 | | lr=1.00e-03
Epoch 049 | train_loss=4.8506e-04 | train_eval_loss=4.1714e-04 | val_loss=4.2403e-04 | | lr=1.00e-03
Epoch 050 | train_loss=5.0188e-04 | train_eval_loss=3.8031e-04 | val_loss=3.8406e-04 | | lr=1.00e-03
Epoch 051 | train_loss=4.5983e-04 | train_eval_loss=3.0953e-04 | val_loss=3.1496e-04 | | lr=1.00e-03
Epoch 052 | train_loss=5.0317e-04 | train_eval_loss=2.9486e-04 | val_loss=3.0263e-04 | | lr=1.00e-03
Saved best model to results/thesis_model_results/outputs/loss_comparison_mtlgsh/MTLGSH__huber__minmax__seed42/mtlgsh_state_dict_best.pt
Epoch 053 | train_loss=4.4457e-04 | train_eval_loss=2.7680e-04 | val_loss=2.8192e-04 | | lr=1.00e-03
Saved best model to results/thesis_model_results/outputs/loss_comparison_mtlgsh/MTLGSH__huber__minmax__seed42/mtlgsh_state_dict_best.pt
Epoch 054 | train_loss=4.4498e-04 | train_eval_loss=2.7789e-04 | val_loss=2.8179e-04 | | lr=1.00e-03
Saved best model to results/thesis_model_results/outputs/loss_comparison_mtlgsh/MTLGSH__huber__minmax__seed42/mtlgsh_state_dict_best.pt
Epoch 055 | train_loss=4.2091e-04 | train_eval_loss=2.8392e-04 | val_loss=2.8971e-04 | | lr=1.00e-03
Epoch 056 | train_loss=4.1399e-04 | train_eval_loss=3.2688e-04 | val_loss=3.2905e-04 | | lr=1.00e-03
Epoch 057 | train_loss=4.0713e-04 | train_eval_loss=2.7827e-04 | val_loss=2.8617e-04 | | lr=1.00e-03
Epoch 058 | train_loss=4.0916e-04 | train_eval_loss=4.3848e-04 | val_loss=4.3946e-04 | | lr=1.00e-03
Epoch 059 | train_loss=3.9778e-04 | train_eval_loss=2.5902e-04 | val_loss=2.6854e-04 | | lr=1.00e-03
Saved best model to results/thesis_model_results/outputs/loss_comparison_mtlgsh/MTLGSH__huber__minmax__seed42/mtlgsh_state_dict_best.pt
Epoch 060 | train_loss=4.2144e-04 | train_eval_loss=2.7459e-04 | val_loss=2.7944e-04 | | lr=1.00e-03
Epoch 061 | train_loss=3.7895e-04 | train_eval_loss=2.7131e-04 | val_loss=2.7497e-04 | | lr=1.00e-03
Epoch 062 | train_loss=3.7580e-04 | train_eval_loss=2.4740e-04 | val_loss=2.5823e-04 | | lr=1.00e-03
Saved best model to results/thesis_model_results/outputs/loss_comparison_mtlgsh/MTLGSH__huber__minmax__seed42/mtlgsh_state_dict_best.pt
Epoch 063 | train_loss=3.6641e-04 | train_eval_loss=2.8175e-04 | val_loss=2.8447e-04 | | lr=1.00e-03
Epoch 064 | train_loss=4.0901e-04 | train_eval_loss=3.1840e-04 | val_loss=3.2267e-04 | | lr=1.00e-03
Epoch 065 | train_loss=3.5882e-04 | train_eval_loss=2.6033e-04 | val_loss=2.6662e-04 | | lr=1.00e-03
Epoch 066 | train_loss=3.6475e-04 | train_eval_loss=2.5120e-04 | val_loss=2.5703e-04 | | lr=1.00e-03
Saved best model to results/thesis_model_results/outputs/loss_comparison_mtlgsh/MTLGSH__huber__minmax__seed42/mtlgsh_state_dict_best.pt
Epoch 067 | train_loss=3.4341e-04 | train_eval_loss=2.5548e-04 | val_loss=2.6648e-04 | | lr=1.00e-03
Epoch 068 | train_loss=3.5239e-04 | train_eval_loss=3.7619e-04 | val_loss=3.8443e-04 | | lr=1.00e-03
Epoch 069 | train_loss=3.7767e-04 | train_eval_loss=2.4475e-04 | val_loss=2.5367e-04 | | lr=1.00e-03
Saved best model to results/thesis_model_results/outputs/loss_comparison_mtlgsh/MTLGSH__huber__minmax__seed42/mtlgsh_state_dict_best.pt
Epoch 070 | train_loss=3.3903e-04 | train_eval_loss=2.7364e-04 | val_loss=2.8588e-04 | | lr=1.00e-03
Epoch 071 | train_loss=3.3985e-04 | train_eval_loss=2.3182e-04 | val_loss=2.4251e-04 | | lr=1.00e-03
Saved best model to results/thesis_model_results/outputs/loss_comparison_mtlgsh/MTLGSH__huber__minmax__seed42/mtlgsh_state_dict_best.pt
Epoch 072 | train_loss=3.5044e-04 | train_eval_loss=2.7350e-04 | val_loss=2.8081e-04 | | lr=1.00e-03
Epoch 073 | train_loss=3.2559e-04 | train_eval_loss=2.4416e-04 | val_loss=2.5569e-04 | | lr=1.00e-03
Epoch 074 | train_loss=3.6192e-04 | train_eval_loss=2.9987e-04 | val_loss=3.1147e-04 | | lr=1.00e-03
Epoch 075 | train_loss=3.2331e-04 | train_eval_loss=3.5080e-04 | val_loss=3.6050e-04 | | lr=1.00e-03
Epoch 076 | train_loss=3.1027e-04 | train_eval_loss=2.6800e-04 | val_loss=2.8543e-04 | | lr=1.00e-03
Epoch 077 | train_loss=3.2265e-04 | train_eval_loss=2.2983e-04 | val_loss=2.4433e-04 | | lr=1.00e-03
Epoch 078 | train_loss=3.1020e-04 | train_eval_loss=2.6487e-04 | val_loss=2.7735e-04 | | lr=1.00e-03
Epoch 079 | train_loss=3.4557e-04 | train_eval_loss=3.2671e-04 | val_loss=3.4462e-04 | | lr=1.00e-03
Epoch 080 | train_loss=3.1859e-04 | train_eval_loss=2.2963e-04 | val_loss=2.4335e-04 | | lr=1.00e-03
Epoch 081 | train_loss=2.6623e-04 | train_eval_loss=2.1612e-04 | val_loss=2.3011e-04 | | lr=5.00e-04
Saved best model to results/thesis_model_results/outputs/loss_comparison_mtlgsh/MTLGSH__huber__minmax__seed42/mtlgsh_state_dict_best.pt
Epoch 082 | train_loss=2.5648e-04 | train_eval_loss=1.9996e-04 | val_loss=2.1714e-04 | | lr=5.00e-04
Saved best model to results/thesis_model_results/outputs/loss_comparison_mtlgsh/MTLGSH__huber__minmax__seed42/mtlgsh_state_dict_best.pt
Epoch 083 | train_loss=2.5752e-04 | train_eval_loss=1.9087e-04 | val_loss=2.0749e-04 | | lr=5.00e-04
Saved best model to results/thesis_model_results/outputs/loss_comparison_mtlgsh/MTLGSH__huber__minmax__seed42/mtlgsh_state_dict_best.pt
Epoch 084 | train_loss=2.5330e-04 | train_eval_loss=1.9610e-04 | val_loss=2.1396e-04 | | lr=5.00e-04
Epoch 085 | train_loss=2.5642e-04 | train_eval_loss=2.4264e-04 | val_loss=2.5826e-04 | | lr=5.00e-04
Epoch 086 | train_loss=2.5274e-04 | train_eval_loss=2.0825e-04 | val_loss=2.2284e-04 | | lr=5.00e-04
Epoch 087 | train_loss=2.6369e-04 | train_eval_loss=1.8908e-04 | val_loss=2.0602e-04 | | lr=5.00e-04
Saved best model to results/thesis_model_results/outputs/loss_comparison_mtlgsh/MTLGSH__huber__minmax__seed42/mtlgsh_state_dict_best.pt
Epoch 088 | train_loss=2.5623e-04 | train_eval_loss=2.0544e-04 | val_loss=2.2060e-04 | | lr=5.00e-04
Epoch 089 | train_loss=2.5244e-04 | train_eval_loss=1.9796e-04 | val_loss=2.1759e-04 | | lr=5.00e-04
Epoch 090 | train_loss=2.5499e-04 | train_eval_loss=2.0718e-04 | val_loss=2.2270e-04 | | lr=5.00e-04
Epoch 091 | train_loss=2.4705e-04 | train_eval_loss=1.8730e-04 | val_loss=2.0541e-04 | | lr=5.00e-04
Saved best model to results/thesis_model_results/outputs/loss_comparison_mtlgsh/MTLGSH__huber__minmax__seed42/mtlgsh_state_dict_best.pt
Epoch 092 | train_loss=2.4385e-04 | train_eval_loss=1.8879e-04 | val_loss=2.0715e-04 | | lr=5.00e-04
Epoch 093 | train_loss=2.5842e-04 | train_eval_loss=2.1495e-04 | val_loss=2.3251e-04 | | lr=5.00e-04
Epoch 094 | train_loss=2.4617e-04 | train_eval_loss=1.8718e-04 | val_loss=2.0444e-04 | | lr=5.00e-04
Saved best model to results/thesis_model_results/outputs/loss_comparison_mtlgsh/MTLGSH__huber__minmax__seed42/mtlgsh_state_dict_best.pt
Epoch 095 | train_loss=2.4655e-04 | train_eval_loss=1.9055e-04 | val_loss=2.0876e-04 | | lr=5.00e-04
Epoch 096 | train_loss=2.5224e-04 | train_eval_loss=1.9262e-04 | val_loss=2.1033e-04 | | lr=5.00e-04
Epoch 097 | train_loss=2.5395e-04 | train_eval_loss=2.1558e-04 | val_loss=2.3105e-04 | | lr=5.00e-04
Epoch 098 | train_loss=2.5263e-04 | train_eval_loss=1.8822e-04 | val_loss=2.0919e-04 | | lr=5.00e-04
Epoch 099 | train_loss=2.5027e-04 | train_eval_loss=1.7438e-04 | val_loss=1.9381e-04 | | lr=5.00e-04
Saved best model to results/thesis_model_results/outputs/loss_comparison_mtlgsh/MTLGSH__huber__minmax__seed42/mtlgsh_state_dict_best.pt
Epoch 100 | train_loss=2.5939e-04 | train_eval_loss=2.0939e-04 | val_loss=2.2787e-04 | | lr=5.00e-04
Epoch 101 | train_loss=2.5582e-04 | train_eval_loss=1.9970e-04 | val_loss=2.2056e-04 | | lr=5.00e-04
Epoch 102 | train_loss=2.4563e-04 | train_eval_loss=1.9209e-04 | val_loss=2.1245e-04 | | lr=5.00e-04
Epoch 103 | train_loss=2.3946e-04 | train_eval_loss=2.6495e-04 | val_loss=2.9130e-04 | | lr=5.00e-04
Epoch 104 | train_loss=2.4506e-04 | train_eval_loss=1.6752e-04 | val_loss=1.9003e-04 | | lr=5.00e-04
Saved best model to results/thesis_model_results/outputs/loss_comparison_mtlgsh/MTLGSH__huber__minmax__seed42/mtlgsh_state_dict_best.pt
Epoch 105 | train_loss=2.3685e-04 | train_eval_loss=1.7667e-04 | val_loss=1.9713e-04 | | lr=5.00e-04
Epoch 106 | train_loss=2.6053e-04 | train_eval_loss=1.7512e-04 | val_loss=1.9782e-04 | | lr=5.00e-04
Epoch 107 | train_loss=2.3106e-04 | train_eval_loss=1.8771e-04 | val_loss=2.1138e-04 | | lr=5.00e-04
Epoch 108 | train_loss=2.2840e-04 | train_eval_loss=1.9186e-04 | val_loss=2.1322e-04 | | lr=5.00e-04
Epoch 109 | train_loss=2.4343e-04 | train_eval_loss=2.2104e-04 | val_loss=2.3463e-04 | | lr=5.00e-04
Epoch 110 | train_loss=2.4626e-04 | train_eval_loss=1.7272e-04 | val_loss=1.9443e-04 | | lr=5.00e-04
Epoch 111 | train_loss=2.3507e-04 | train_eval_loss=1.7511e-04 | val_loss=1.9509e-04 | | lr=5.00e-04
Epoch 112 | train_loss=2.4574e-04 | train_eval_loss=1.6662e-04 | val_loss=1.9330e-04 | | lr=5.00e-04
Epoch 113 | train_loss=2.2215e-04 | train_eval_loss=1.7436e-04 | val_loss=1.9461e-04 | | lr=5.00e-04
Epoch 114 | train_loss=2.0965e-04 | train_eval_loss=1.6645e-04 | val_loss=1.8917e-04 | | lr=2.50e-04
Saved best model to results/thesis_model_results/outputs/loss_comparison_mtlgsh/MTLGSH__huber__minmax__seed42/mtlgsh_state_dict_best.pt
Epoch 115 | train_loss=2.1210e-04 | train_eval_loss=1.6956e-04 | val_loss=1.9526e-04 | | lr=2.50e-04
Epoch 116 | train_loss=2.0773e-04 | train_eval_loss=1.6454e-04 | val_loss=1.9064e-04 | | lr=2.50e-04
Epoch 117 | train_loss=2.0476e-04 | train_eval_loss=1.5465e-04 | val_loss=1.8012e-04 | | lr=2.50e-04
Saved best model to results/thesis_model_results/outputs/loss_comparison_mtlgsh/MTLGSH__huber__minmax__seed42/mtlgsh_state_dict_best.pt
Epoch 118 | train_loss=2.0572e-04 | train_eval_loss=1.5309e-04 | val_loss=1.7928e-04 | | lr=2.50e-04
Saved best model to results/thesis_model_results/outputs/loss_comparison_mtlgsh/MTLGSH__huber__minmax__seed42/mtlgsh_state_dict_best.pt
Epoch 119 | train_loss=2.0894e-04 | train_eval_loss=1.5577e-04 | val_loss=1.8130e-04 | | lr=2.50e-04
Epoch 120 | train_loss=2.0390e-04 | train_eval_loss=1.7302e-04 | val_loss=1.9450e-04 | | lr=2.50e-04
Epoch 121 | train_loss=2.1145e-04 | train_eval_loss=1.5302e-04 | val_loss=1.7871e-04 | | lr=2.50e-04
Saved best model to results/thesis_model_results/outputs/loss_comparison_mtlgsh/MTLGSH__huber__minmax__seed42/mtlgsh_state_dict_best.pt
Epoch 122 | train_loss=2.0448e-04 | train_eval_loss=1.5341e-04 | val_loss=1.7965e-04 | | lr=2.50e-04
Epoch 123 | train_loss=2.0223e-04 | train_eval_loss=1.5378e-04 | val_loss=1.8087e-04 | | lr=2.50e-04
Epoch 124 | train_loss=2.0781e-04 | train_eval_loss=1.5388e-04 | val_loss=1.7872e-04 | | lr=2.50e-04
Epoch 125 | train_loss=2.0682e-04 | train_eval_loss=1.4840e-04 | val_loss=1.7623e-04 | | lr=2.50e-04
Saved best model to results/thesis_model_results/outputs/loss_comparison_mtlgsh/MTLGSH__huber__minmax__seed42/mtlgsh_state_dict_best.pt
Epoch 126 | train_loss=2.0034e-04 | train_eval_loss=1.5711e-04 | val_loss=1.8327e-04 | | lr=2.50e-04
Epoch 127 | train_loss=2.0497e-04 | train_eval_loss=1.5865e-04 | val_loss=1.8434e-04 | | lr=2.50e-04
Epoch 128 | train_loss=2.0064e-04 | train_eval_loss=1.8867e-04 | val_loss=2.1337e-04 | | lr=2.50e-04
Epoch 129 | train_loss=2.1344e-04 | train_eval_loss=1.5327e-04 | val_loss=1.8283e-04 | | lr=2.50e-04
Epoch 130 | train_loss=2.1206e-04 | train_eval_loss=1.4973e-04 | val_loss=1.7710e-04 | | lr=2.50e-04
Epoch 131 | train_loss=1.9926e-04 | train_eval_loss=1.5140e-04 | val_loss=1.7867e-04 | | lr=2.50e-04
Epoch 132 | train_loss=1.9752e-04 | train_eval_loss=1.4395e-04 | val_loss=1.7315e-04 | | lr=2.50e-04
Saved best model to results/thesis_model_results/outputs/loss_comparison_mtlgsh/MTLGSH__huber__minmax__seed42/mtlgsh_state_dict_best.pt
Epoch 133 | train_loss=1.9670e-04 | train_eval_loss=1.9007e-04 | val_loss=2.1772e-04 | | lr=2.50e-04
Epoch 134 | train_loss=2.0838e-04 | train_eval_loss=1.5121e-04 | val_loss=1.8052e-04 | | lr=2.50e-04
Epoch 135 | train_loss=1.9905e-04 | train_eval_loss=1.4598e-04 | val_loss=1.7678e-04 | | lr=2.50e-04
Epoch 136 | train_loss=2.0830e-04 | train_eval_loss=1.6199e-04 | val_loss=1.9081e-04 | | lr=2.50e-04
Epoch 137 | train_loss=1.9797e-04 | train_eval_loss=1.4320e-04 | val_loss=1.7137e-04 | | lr=2.50e-04
Saved best model to results/thesis_model_results/outputs/loss_comparison_mtlgsh/MTLGSH__huber__minmax__seed42/mtlgsh_state_dict_best.pt
Epoch 138 | train_loss=1.9420e-04 | train_eval_loss=1.4112e-04 | val_loss=1.7140e-04 | | lr=2.50e-04
Epoch 139 | train_loss=1.9217e-04 | train_eval_loss=1.4481e-04 | val_loss=1.7294e-04 | | lr=2.50e-04
Epoch 140 | train_loss=1.9275e-04 | train_eval_loss=1.4215e-04 | val_loss=1.7183e-04 | | lr=2.50e-04
Epoch 141 | train_loss=1.9481e-04 | train_eval_loss=2.0780e-04 | val_loss=2.4196e-04 | | lr=2.50e-04
Epoch 142 | train_loss=2.1022e-04 | train_eval_loss=1.4645e-04 | val_loss=1.7650e-04 | | lr=2.50e-04
Epoch 143 | train_loss=1.9658e-04 | train_eval_loss=1.4757e-04 | val_loss=1.7872e-04 | | lr=2.50e-04
Epoch 144 | train_loss=1.9228e-04 | train_eval_loss=1.5589e-04 | val_loss=1.8696e-04 | | lr=2.50e-04
Epoch 145 | train_loss=1.9990e-04 | train_eval_loss=1.5006e-04 | val_loss=1.7966e-04 | | lr=2.50e-04
Epoch 146 | train_loss=2.0343e-04 | train_eval_loss=1.5567e-04 | val_loss=1.8488e-04 | | lr=2.50e-04
Epoch 147 | train_loss=1.8484e-04 | train_eval_loss=1.3602e-04 | val_loss=1.6877e-04 | | lr=1.25e-04
Saved best model to results/thesis_model_results/outputs/loss_comparison_mtlgsh/MTLGSH__huber__minmax__seed42/mtlgsh_state_dict_best.pt
Epoch 148 | train_loss=1.8254e-04 | train_eval_loss=1.3387e-04 | val_loss=1.6612e-04 | | lr=1.25e-04
Saved best model to results/thesis_model_results/outputs/loss_comparison_mtlgsh/MTLGSH__huber__minmax__seed42/mtlgsh_state_dict_best.pt
Epoch 149 | train_loss=1.8102e-04 | train_eval_loss=1.3221e-04 | val_loss=1.6497e-04 | | lr=1.25e-04
Saved best model to results/thesis_model_results/outputs/loss_comparison_mtlgsh/MTLGSH__huber__minmax__seed42/mtlgsh_state_dict_best.pt
Epoch 150 | train_loss=1.8100e-04 | train_eval_loss=1.3228e-04 | val_loss=1.6510e-04 | | lr=1.25e-04
Epoch 151 | train_loss=1.7818e-04 | train_eval_loss=1.3124e-04 | val_loss=1.6496e-04 | | lr=1.25e-04
Saved best model to results/thesis_model_results/outputs/loss_comparison_mtlgsh/MTLGSH__huber__minmax__seed42/mtlgsh_state_dict_best.pt
Epoch 152 | train_loss=1.7779e-04 | train_eval_loss=1.2940e-04 | val_loss=1.6149e-04 | | lr=1.25e-04
Saved best model to results/thesis_model_results/outputs/loss_comparison_mtlgsh/MTLGSH__huber__minmax__seed42/mtlgsh_state_dict_best.pt
Epoch 153 | train_loss=1.7857e-04 | train_eval_loss=1.3150e-04 | val_loss=1.6617e-04 | | lr=1.25e-04
Epoch 154 | train_loss=1.8095e-04 | train_eval_loss=1.4362e-04 | val_loss=1.7739e-04 | | lr=1.25e-04
Epoch 155 | train_loss=1.7942e-04 | train_eval_loss=1.3548e-04 | val_loss=1.6928e-04 | | lr=1.25e-04
Epoch 156 | train_loss=1.8904e-04 | train_eval_loss=1.3495e-04 | val_loss=1.6849e-04 | | lr=1.25e-04
Epoch 157 | train_loss=1.7893e-04 | train_eval_loss=1.2860e-04 | val_loss=1.6279e-04 | | lr=1.25e-04
Epoch 158 | train_loss=1.8189e-04 | train_eval_loss=1.2828e-04 | val_loss=1.6366e-04 | | lr=1.25e-04
Epoch 159 | train_loss=1.7774e-04 | train_eval_loss=1.3161e-04 | val_loss=1.6607e-04 | | lr=1.25e-04
Epoch 160 | train_loss=1.8108e-04 | train_eval_loss=1.2891e-04 | val_loss=1.6414e-04 | | lr=1.25e-04
Epoch 161 | train_loss=1.7966e-04 | train_eval_loss=1.3258e-04 | val_loss=1.6622e-04 | | lr=1.25e-04
Epoch 162 | train_loss=1.7418e-04 | train_eval_loss=1.2727e-04 | val_loss=1.6245e-04 | | lr=6.25e-05
Epoch 163 | train_loss=1.7265e-04 | train_eval_loss=1.2427e-04 | val_loss=1.5972e-04 | | lr=6.25e-05
Saved best model to results/thesis_model_results/outputs/loss_comparison_mtlgsh/MTLGSH__huber__minmax__seed42/mtlgsh_state_dict_best.pt
Epoch 164 | train_loss=1.7388e-04 | train_eval_loss=1.2870e-04 | val_loss=1.6315e-04 | | lr=6.25e-05
Epoch 165 | train_loss=1.7181e-04 | train_eval_loss=1.2456e-04 | val_loss=1.6082e-04 | | lr=6.25e-05
Epoch 166 | train_loss=1.7250e-04 | train_eval_loss=1.2453e-04 | val_loss=1.5946e-04 | | lr=6.25e-05
Saved best model to results/thesis_model_results/outputs/loss_comparison_mtlgsh/MTLGSH__huber__minmax__seed42/mtlgsh_state_dict_best.pt
Epoch 167 | train_loss=1.7203e-04 | train_eval_loss=1.2557e-04 | val_loss=1.6057e-04 | | lr=6.25e-05
Epoch 168 | train_loss=1.7238e-04 | train_eval_loss=1.2224e-04 | val_loss=1.5810e-04 | | lr=6.25e-05
Saved best model to results/thesis_model_results/outputs/loss_comparison_mtlgsh/MTLGSH__huber__minmax__seed42/mtlgsh_state_dict_best.pt
Epoch 169 | train_loss=1.7042e-04 | train_eval_loss=1.2398e-04 | val_loss=1.5993e-04 | | lr=6.25e-05
Epoch 170 | train_loss=1.7190e-04 | train_eval_loss=1.2279e-04 | val_loss=1.5853e-04 | | lr=6.25e-05
Epoch 171 | train_loss=1.7065e-04 | train_eval_loss=1.2354e-04 | val_loss=1.5894e-04 | | lr=6.25e-05
Epoch 172 | train_loss=1.7189e-04 | train_eval_loss=1.2360e-04 | val_loss=1.5979e-04 | | lr=6.25e-05
Epoch 173 | train_loss=1.7079e-04 | train_eval_loss=1.2521e-04 | val_loss=1.6051e-04 | | lr=6.25e-05
Epoch 174 | train_loss=1.6992e-04 | train_eval_loss=1.2504e-04 | val_loss=1.6007e-04 | | lr=6.25e-05
Epoch 175 | train_loss=1.7114e-04 | train_eval_loss=1.2241e-04 | val_loss=1.5894e-04 | | lr=6.25e-05
Epoch 176 | train_loss=1.6996e-04 | train_eval_loss=1.2564e-04 | val_loss=1.6118e-04 | | lr=6.25e-05
Epoch 177 | train_loss=1.7217e-04 | train_eval_loss=1.2222e-04 | val_loss=1.5720e-04 | | lr=6.25e-05
Saved best model to results/thesis_model_results/outputs/loss_comparison_mtlgsh/MTLGSH__huber__minmax__seed42/mtlgsh_state_dict_best.pt
Epoch 178 | train_loss=1.7068e-04 | train_eval_loss=1.3104e-04 | val_loss=1.6734e-04 | | lr=6.25e-05
Epoch 179 | train_loss=1.7056e-04 | train_eval_loss=1.2219e-04 | val_loss=1.5824e-04 | | lr=6.25e-05
Epoch 180 | train_loss=1.6996e-04 | train_eval_loss=1.3050e-04 | val_loss=1.6577e-04 | | lr=6.25e-05
Epoch 181 | train_loss=1.7046e-04 | train_eval_loss=1.2390e-04 | val_loss=1.6030e-04 | | lr=6.25e-05
Epoch 182 | train_loss=1.6933e-04 | train_eval_loss=1.2741e-04 | val_loss=1.6323e-04 | | lr=6.25e-05
Epoch 183 | train_loss=1.7062e-04 | train_eval_loss=1.2446e-04 | val_loss=1.6170e-04 | | lr=6.25e-05
Epoch 184 | train_loss=1.6853e-04 | train_eval_loss=1.2393e-04 | val_loss=1.6076e-04 | | lr=6.25e-05
Epoch 185 | train_loss=1.7007e-04 | train_eval_loss=1.2325e-04 | val_loss=1.5929e-04 | | lr=6.25e-05
Epoch 186 | train_loss=1.6831e-04 | train_eval_loss=1.2222e-04 | val_loss=1.6045e-04 | | lr=6.25e-05
Epoch 187 | train_loss=1.6599e-04 | train_eval_loss=1.1845e-04 | val_loss=1.5615e-04 | | lr=3.13e-05
Saved best model to results/thesis_model_results/outputs/loss_comparison_mtlgsh/MTLGSH__huber__minmax__seed42/mtlgsh_state_dict_best.pt
Epoch 188 | train_loss=1.6485e-04 | train_eval_loss=1.1948e-04 | val_loss=1.5713e-04 | | lr=3.13e-05
Epoch 189 | train_loss=1.6545e-04 | train_eval_loss=1.1770e-04 | val_loss=1.5554e-04 | | lr=3.13e-05
Saved best model to results/thesis_model_results/outputs/loss_comparison_mtlgsh/MTLGSH__huber__minmax__seed42/mtlgsh_state_dict_best.pt
Epoch 190 | train_loss=1.6466e-04 | train_eval_loss=1.1933e-04 | val_loss=1.5794e-04 | | lr=3.13e-05
Epoch 191 | train_loss=1.6530e-04 | train_eval_loss=1.1887e-04 | val_loss=1.5660e-04 | | lr=3.13e-05
Epoch 192 | train_loss=1.6574e-04 | train_eval_loss=1.1843e-04 | val_loss=1.5642e-04 | | lr=3.13e-05
Epoch 193 | train_loss=1.6554e-04 | train_eval_loss=1.1841e-04 | val_loss=1.5667e-04 | | lr=3.13e-05
Epoch 194 | train_loss=1.6557e-04 | train_eval_loss=1.1923e-04 | val_loss=1.5655e-04 | | lr=3.13e-05
Epoch 195 | train_loss=1.6518e-04 | train_eval_loss=1.2406e-04 | val_loss=1.6133e-04 | | lr=3.13e-05
Epoch 196 | train_loss=1.6577e-04 | train_eval_loss=1.1915e-04 | val_loss=1.5735e-04 | | lr=3.13e-05
Epoch 197 | train_loss=1.6561e-04 | train_eval_loss=1.1928e-04 | val_loss=1.5752e-04 | | lr=3.13e-05
Epoch 198 | train_loss=1.6515e-04 | train_eval_loss=1.1835e-04 | val_loss=1.5652e-04 | | lr=3.13e-05
Epoch 199 | train_loss=1.6284e-04 | train_eval_loss=1.1795e-04 | val_loss=1.5665e-04 | | lr=1.56e-05
Epoch 200 | train_loss=1.6318e-04 | train_eval_loss=1.1841e-04 | val_loss=1.5674e-04 | | lr=1.56e-05
Saved training logs to results/thesis_model_results/outputs/loss_comparison_mtlgsh/MTLGSH__huber__minmax__seed42/training_summary.txt
Test RMSE(rocof_COI) = 0.0111 | norm: 0.0084 | real_diff: 0.0070
Test RMSE(dev_COI) = 0.0187 | norm: 0.0069 | real_diff: 0.0093
Test RMSE(Delta_P_IBR_1) = 0.1071 | norm: 0.0169 | real_diff: 0.0675
Test RMSE(Delta_P_IBR_2) = 0.1026 | norm: 0.0143 | real_diff: 0.0579
Test RMSE(Delta_P_IBR_3) = 0.1640 | norm: 0.0288 | real_diff: 0.0843
Test RMSE(Delta_P_IBR_4) = 0.1849 | norm: 0.0191 | real_diff: 0.1153
Saved RMSE results to results/thesis_model_results/outputs/loss_comparison_mtlgsh/MTLGSH__huber__minmax__seed42/rmse_results.txt
Saved detailed metrics to results/thesis_model_results/outputs/loss_comparison_mtlgsh/MTLGSH__huber__minmax__seed42/metrics_by_target.csv
Saved aggregate metrics to results/thesis_model_results/outputs/loss_comparison_mtlgsh/MTLGSH__huber__minmax__seed42/metrics_summary.json
Saved loss curves to results/thesis_model_results/outputs/loss_comparison_mtlgsh/MTLGSH__huber__minmax__seed42/loss_curve.png
Saved scatter plot results/thesis_model_results/outputs/loss_comparison_mtlgsh/MTLGSH__huber__minmax__seed42/scatter_rocof_COI.png
Saved scatter plot results/thesis_model_results/outputs/loss_comparison_mtlgsh/MTLGSH__huber__minmax__seed42/scatter_dev_COI.png
Saved scatter plot results/thesis_model_results/outputs/loss_comparison_mtlgsh/MTLGSH__huber__minmax__seed42/scatter_Delta_P_IBR_1.png
Saved scatter plot results/thesis_model_results/outputs/loss_comparison_mtlgsh/MTLGSH__huber__minmax__seed42/scatter_Delta_P_IBR_2.png
Saved scatter plot results/thesis_model_results/outputs/loss_comparison_mtlgsh/MTLGSH__huber__minmax__seed42/scatter_Delta_P_IBR_3.png
Saved scatter plot results/thesis_model_results/outputs/loss_comparison_mtlgsh/MTLGSH__huber__minmax__seed42/scatter_Delta_P_IBR_4.png
Saved model to results/thesis_model_results/outputs/loss_comparison_mtlgsh/MTLGSH__huber__minmax__seed42/mtlgsh_state_dict.pt
Loss type: kendall | weights=[]
Target stats (scaled):
train mean=[0.549  0.589  0.492  0.4884 0.4785 0.4192]
train std=[0.1365 0.1371 0.1141 0.1063 0.1158 0.1138]
train q05=[0.3074 0.3979 0.3192 0.303  0.3347 0.2205]
train q95=[0.7933 0.8652 0.6719 0.6491 0.6927 0.6016]
val mean=[0.5473 0.5873 0.4922 0.4893 0.4798 0.4201]
val std=[0.1343 0.1348 0.1123 0.1072 0.1141 0.1112]
val q05=[0.3103 0.3982 0.3195 0.303  0.3376 0.2251]
val q95=[0.7886 0.8626 0.6731 0.6514 0.6918 0.5984]
val/train std ratio=[0.984  0.9828 0.9844 1.0084 0.9848 0.9772]
LR scheduler: ReduceLROnPlateau (factor=0.5, patience=8, min_lr=1e-07)
Epoch 001 | train_loss=1.8789e-02 | train_eval_loss=-1.6648e-01 | val_loss=-1.6779e-01 | log_vars=[-0.07020434 -0.07018908 -0.0700883  -0.0722459  -0.07146469 -0.07103774] | lr=1.00e-03
Saved best model to results/thesis_model_results/outputs/loss_comparison_mtlgsh/MTLGSH__kendall__minmax__seed42/mtlgsh_state_dict_best.pt
Epoch 002 | train_loss=-2.6417e-01 | train_eval_loss=-3.8554e-01 | val_loss=-3.8654e-01 | log_vars=[-0.13985957 -0.13984011 -0.13973357 -0.14295882 -0.14171323 -0.14110816] | lr=1.00e-03
Saved best model to results/thesis_model_results/outputs/loss_comparison_mtlgsh/MTLGSH__kendall__minmax__seed42/mtlgsh_state_dict_best.pt
Epoch 003 | train_loss=-5.0094e-01 | train_eval_loss=-6.1921e-01 | val_loss=-6.1943e-01 | log_vars=[-0.2100635  -0.21001898 -0.20934333 -0.21318746 -0.21149889 -0.21104147] | lr=1.00e-03
Saved best model to results/thesis_model_results/outputs/loss_comparison_mtlgsh/MTLGSH__kendall__minmax__seed42/mtlgsh_state_dict_best.pt
Epoch 004 | train_loss=-7.1599e-01 | train_eval_loss=-8.2878e-01 | val_loss=-8.2902e-01 | log_vars=[-0.28015706 -0.28009886 -0.2788545  -0.2830809  -0.28111294 -0.28075948] | lr=1.00e-03
Saved best model to results/thesis_model_results/outputs/loss_comparison_mtlgsh/MTLGSH__kendall__minmax__seed42/mtlgsh_state_dict_best.pt
Epoch 005 | train_loss=-9.2563e-01 | train_eval_loss=-1.0386e+00 | val_loss=-1.0388e+00 | log_vars=[-0.3499793  -0.34990618 -0.3482354  -0.35275254 -0.3506365  -0.3502793 ] | lr=1.00e-03
Saved best model to results/thesis_model_results/outputs/loss_comparison_mtlgsh/MTLGSH__kendall__minmax__seed42/mtlgsh_state_dict_best.pt
Epoch 006 | train_loss=-1.1347e+00 | train_eval_loss=-1.2470e+00 | val_loss=-1.2471e+00 | log_vars=[-0.4196161  -0.41953394 -0.41754144 -0.42229074 -0.42009667 -0.4196741 ] | lr=1.00e-03
Saved best model to results/thesis_model_results/outputs/loss_comparison_mtlgsh/MTLGSH__kendall__minmax__seed42/mtlgsh_state_dict_best.pt
Epoch 007 | train_loss=-1.3447e+00 | train_eval_loss=-1.4583e+00 | val_loss=-1.4584e+00 | log_vars=[-0.48913383 -0.4890449  -0.48688316 -0.4917872  -0.48950544 -0.48898447] | lr=1.00e-03
Saved best model to results/thesis_model_results/outputs/loss_comparison_mtlgsh/MTLGSH__kendall__minmax__seed42/mtlgsh_state_dict_best.pt
Epoch 008 | train_loss=-1.5543e+00 | train_eval_loss=-1.6676e+00 | val_loss=-1.6678e+00 | log_vars=[-0.558564   -0.55846703 -0.55628103 -0.56123954 -0.5588569  -0.5582596 ] | lr=1.00e-03
Saved best model to results/thesis_model_results/outputs/loss_comparison_mtlgsh/MTLGSH__kendall__minmax__seed42/mtlgsh_state_dict_best.pt
Epoch 009 | train_loss=-1.7627e+00 | train_eval_loss=-1.8763e+00 | val_loss=-1.8764e+00 | log_vars=[-0.6279209  -0.6278175  -0.6256396  -0.63062185 -0.6281496  -0.6275416 ] | lr=1.00e-03
Saved best model to results/thesis_model_results/outputs/loss_comparison_mtlgsh/MTLGSH__kendall__minmax__seed42/mtlgsh_state_dict_best.pt
Epoch 010 | train_loss=-1.9707e+00 | train_eval_loss=-2.0824e+00 | val_loss=-2.0824e+00 | log_vars=[-0.69722563 -0.6971193  -0.69495565 -0.6999605  -0.69738567 -0.6968061 ] | lr=1.00e-03
Saved best model to results/thesis_model_results/outputs/loss_comparison_mtlgsh/MTLGSH__kendall__minmax__seed42/mtlgsh_state_dict_best.pt
Epoch 011 | train_loss=-2.1780e+00 | train_eval_loss=-2.2912e+00 | val_loss=-2.2912e+00 | log_vars=[-0.76648116 -0.7663752  -0.76422864 -0.7692187  -0.7665749  -0.76602453] | lr=1.00e-03
Saved best model to results/thesis_model_results/outputs/loss_comparison_mtlgsh/MTLGSH__kendall__minmax__seed42/mtlgsh_state_dict_best.pt
Epoch 012 | train_loss=-2.3851e+00 | train_eval_loss=-2.4968e+00 | val_loss=-2.4969e+00 | log_vars=[-0.83569276 -0.8355827  -0.8334463  -0.8384379  -0.83572847 -0.83520716] | lr=1.00e-03
Saved best model to results/thesis_model_results/outputs/loss_comparison_mtlgsh/MTLGSH__kendall__minmax__seed42/mtlgsh_state_dict_best.pt
Epoch 013 | train_loss=-2.5927e+00 | train_eval_loss=-2.7060e+00 | val_loss=-2.7061e+00 | log_vars=[-0.90487695 -0.9047668  -0.90263426 -0.9076204  -0.9048617  -0.9043633 ] | lr=1.00e-03
Saved best model to results/thesis_model_results/outputs/loss_comparison_mtlgsh/MTLGSH__kendall__minmax__seed42/mtlgsh_state_dict_best.pt
Epoch 014 | train_loss=-2.8001e+00 | train_eval_loss=-2.9130e+00 | val_loss=-2.9130e+00 | log_vars=[-0.97404593 -0.973944   -0.97179824 -0.97678053 -0.9739661  -0.9735024 ] | lr=1.00e-03
Saved best model to results/thesis_model_results/outputs/loss_comparison_mtlgsh/MTLGSH__kendall__minmax__seed42/mtlgsh_state_dict_best.pt
Epoch 015 | train_loss=-3.0068e+00 | train_eval_loss=-3.1202e+00 | val_loss=-3.1203e+00 | log_vars=[-1.0431798 -1.0430887 -1.0409402 -1.0459023 -1.0430372 -1.0426123] | lr=1.00e-03
Saved best model to results/thesis_model_results/outputs/loss_comparison_mtlgsh/MTLGSH__kendall__minmax__seed42/mtlgsh_state_dict_best.pt
Epoch 016 | train_loss=-3.2132e+00 | train_eval_loss=-3.3266e+00 | val_loss=-3.3266e+00 | log_vars=[-1.1122869 -1.1122018 -1.1100473 -1.1149939 -1.1120726 -1.1116858] | lr=1.00e-03
Saved best model to results/thesis_model_results/outputs/loss_comparison_mtlgsh/MTLGSH__kendall__minmax__seed42/mtlgsh_state_dict_best.pt
Epoch 017 | train_loss=-3.4202e+00 | train_eval_loss=-3.5322e+00 | val_loss=-3.5322e+00 | log_vars=[-1.1813904 -1.181318  -1.1791469 -1.1840643 -1.1810659 -1.1807421] | lr=1.00e-03
Saved best model to results/thesis_model_results/outputs/loss_comparison_mtlgsh/MTLGSH__kendall__minmax__seed42/mtlgsh_state_dict_best.pt
Epoch 018 | train_loss=-3.6274e+00 | train_eval_loss=-3.7404e+00 | val_loss=-3.7405e+00 | log_vars=[-1.2504858 -1.2504233 -1.2482309 -1.2531226 -1.2500613 -1.2497859] | lr=1.00e-03
Saved best model to results/thesis_model_results/outputs/loss_comparison_mtlgsh/MTLGSH__kendall__minmax__seed42/mtlgsh_state_dict_best.pt
Epoch 019 | train_loss=-3.8330e+00 | train_eval_loss=-3.9472e+00 | val_loss=-3.9472e+00 | log_vars=[-1.3195542 -1.3195006 -1.317296  -1.3221546 -1.3189672 -1.3187988] | lr=1.00e-03
Saved best model to results/thesis_model_results/outputs/loss_comparison_mtlgsh/MTLGSH__kendall__minmax__seed42/mtlgsh_state_dict_best.pt
Epoch 020 | train_loss=-4.0397e+00 | train_eval_loss=-4.1453e+00 | val_loss=-4.1453e+00 | log_vars=[-1.3886123 -1.3885663 -1.3863283 -1.3911791 -1.387882  -1.3878   ] | lr=1.00e-03
Saved best model to results/thesis_model_results/outputs/loss_comparison_mtlgsh/MTLGSH__kendall__minmax__seed42/mtlgsh_state_dict_best.pt
Epoch 021 | train_loss=-4.2456e+00 | train_eval_loss=-4.3594e+00 | val_loss=-4.3596e+00 | log_vars=[-1.4576361 -1.4575942 -1.4553394 -1.4601955 -1.456723  -1.45677  ] | lr=1.00e-03
Saved best model to results/thesis_model_results/outputs/loss_comparison_mtlgsh/MTLGSH__kendall__minmax__seed42/mtlgsh_state_dict_best.pt
Epoch 022 | train_loss=-4.4529e+00 | train_eval_loss=-4.5612e+00 | val_loss=-4.5611e+00 | log_vars=[-1.5266767 -1.5266433 -1.5243629 -1.529206  -1.525599  -1.5257552] | lr=1.00e-03
Saved best model to results/thesis_model_results/outputs/loss_comparison_mtlgsh/MTLGSH__kendall__minmax__seed42/mtlgsh_state_dict_best.pt
Epoch 023 | train_loss=-4.6584e+00 | train_eval_loss=-4.7631e+00 | val_loss=-4.7631e+00 | log_vars=[-1.5956821 -1.5956615 -1.5933399 -1.5981829 -1.5943965 -1.5947204] | lr=1.00e-03
Saved best model to results/thesis_model_results/outputs/loss_comparison_mtlgsh/MTLGSH__kendall__minmax__seed42/mtlgsh_state_dict_best.pt
Epoch 024 | train_loss=-4.8649e+00 | train_eval_loss=-4.9798e+00 | val_loss=-4.9797e+00 | log_vars=[-1.6646717 -1.6646595 -1.662312  -1.6671596 -1.6631663 -1.6636823] | lr=1.00e-03
Saved best model to results/thesis_model_results/outputs/loss_comparison_mtlgsh/MTLGSH__kendall__minmax__seed42/mtlgsh_state_dict_best.pt
Epoch 025 | train_loss=-5.0713e+00 | train_eval_loss=-5.1865e+00 | val_loss=-5.1865e+00 | log_vars=[-1.7336729 -1.7336695 -1.7312851 -1.7361455 -1.7319025 -1.732648 ] | lr=1.00e-03
Saved best model to results/thesis_model_results/outputs/loss_comparison_mtlgsh/MTLGSH__kendall__minmax__seed42/mtlgsh_state_dict_best.pt
Epoch 026 | train_loss=-5.2780e+00 | train_eval_loss=-5.3928e+00 | val_loss=-5.3929e+00 | log_vars=[-1.8026762 -1.8026837 -1.8002357 -1.8051339 -1.8006473 -1.8015851] | lr=1.00e-03
Saved best model to results/thesis_model_results/outputs/loss_comparison_mtlgsh/MTLGSH__kendall__minmax__seed42/mtlgsh_state_dict_best.pt
Epoch 027 | train_loss=-5.4859e+00 | train_eval_loss=-5.5987e+00 | val_loss=-5.5986e+00 | log_vars=[-1.871695  -1.8717097 -1.869205  -1.8741416 -1.8694466 -1.8705468] | lr=1.00e-03
Saved best model to results/thesis_model_results/outputs/loss_comparison_mtlgsh/MTLGSH__kendall__minmax__seed42/mtlgsh_state_dict_best.pt
Epoch 028 | train_loss=-5.6899e+00 | train_eval_loss=-5.7993e+00 | val_loss=-5.7991e+00 | log_vars=[-1.9406798 -1.940704  -1.9381272 -1.9431385 -1.9381144 -1.9394786] | lr=1.00e-03
Saved best model to results/thesis_model_results/outputs/loss_comparison_mtlgsh/MTLGSH__kendall__minmax__seed42/mtlgsh_state_dict_best.pt
Epoch 029 | train_loss=-5.8973e+00 | train_eval_loss=-6.0087e+00 | val_loss=-6.0090e+00 | log_vars=[-2.0096705 -2.009705  -2.0070462 -2.0121274 -2.0068293 -2.0084045] | lr=1.00e-03
Saved best model to results/thesis_model_results/outputs/loss_comparison_mtlgsh/MTLGSH__kendall__minmax__seed42/mtlgsh_state_dict_best.pt
Epoch 030 | train_loss=-6.1031e+00 | train_eval_loss=-6.2167e+00 | val_loss=-6.2166e+00 | log_vars=[-2.0786488 -2.0786932 -2.0759523 -2.081104  -2.0755434 -2.077326 ] | lr=1.00e-03
Saved best model to results/thesis_model_results/outputs/loss_comparison_mtlgsh/MTLGSH__kendall__minmax__seed42/mtlgsh_state_dict_best.pt
Epoch 031 | train_loss=-6.3065e+00 | train_eval_loss=-6.4237e+00 | val_loss=-6.4236e+00 | log_vars=[-2.1475804 -2.1476185 -2.1448116 -2.1500652 -2.1440783 -2.146178 ] | lr=1.00e-03
Saved best model to results/thesis_model_results/outputs/loss_comparison_mtlgsh/MTLGSH__kendall__minmax__seed42/mtlgsh_state_dict_best.pt
Epoch 032 | train_loss=-6.5149e+00 | train_eval_loss=-6.6292e+00 | val_loss=-6.6289e+00 | log_vars=[-2.216566  -2.2166052 -2.213705  -2.2190478 -2.2127538 -2.215071 ] | lr=1.00e-03
Saved best model to results/thesis_model_results/outputs/loss_comparison_mtlgsh/MTLGSH__kendall__minmax__seed42/mtlgsh_state_dict_best.pt
Epoch 033 | train_loss=-6.7176e+00 | train_eval_loss=-6.8212e+00 | val_loss=-6.8212e+00 | log_vars=[-2.2855086 -2.285547  -2.2825618 -2.2879858 -2.2812371 -2.2838902] | lr=1.00e-03
Saved best model to results/thesis_model_results/outputs/loss_comparison_mtlgsh/MTLGSH__kendall__minmax__seed42/mtlgsh_state_dict_best.pt
Epoch 034 | train_loss=-6.9237e+00 | train_eval_loss=-7.0411e+00 | val_loss=-7.0411e+00 | log_vars=[-2.354424  -2.3544652 -2.351372  -2.3569138 -2.3496742 -2.35268  ] | lr=1.00e-03
Saved best model to results/thesis_model_results/outputs/loss_comparison_mtlgsh/MTLGSH__kendall__minmax__seed42/mtlgsh_state_dict_best.pt
Epoch 035 | train_loss=-7.1321e+00 | train_eval_loss=-7.2416e+00 | val_loss=-7.2408e+00 | log_vars=[-2.423382  -2.4234457 -2.4202485 -2.425881  -2.4182727 -2.4215434] | lr=1.00e-03
Saved best model to results/thesis_model_results/outputs/loss_comparison_mtlgsh/MTLGSH__kendall__minmax__seed42/mtlgsh_state_dict_best.pt
Epoch 036 | train_loss=-7.3325e+00 | train_eval_loss=-7.4465e+00 | val_loss=-7.4464e+00 | log_vars=[-2.4922645 -2.4923403 -2.4890077 -2.4947782 -2.486611  -2.4902995] | lr=1.00e-03
Saved best model to results/thesis_model_results/outputs/loss_comparison_mtlgsh/MTLGSH__kendall__minmax__seed42/mtlgsh_state_dict_best.pt
Epoch 037 | train_loss=-7.5411e+00 | train_eval_loss=-7.6408e+00 | val_loss=-7.6403e+00 | log_vars=[-2.5612118 -2.5613024 -2.557816  -2.563711  -2.5550745 -2.5591142] | lr=1.00e-03
Saved best model to results/thesis_model_results/outputs/loss_comparison_mtlgsh/MTLGSH__kendall__minmax__seed42/mtlgsh_state_dict_best.pt
Epoch 038 | train_loss=-7.7431e+00 | train_eval_loss=-7.8596e+00 | val_loss=-7.8591e+00 | log_vars=[-2.630105  -2.6302147 -2.6265512 -2.6326363 -2.6233003 -2.6278024] | lr=1.00e-03
Saved best model to results/thesis_model_results/outputs/loss_comparison_mtlgsh/MTLGSH__kendall__minmax__seed42/mtlgsh_state_dict_best.pt
Epoch 039 | train_loss=-7.9514e+00 | train_eval_loss=-8.0627e+00 | val_loss=-8.0623e+00 | log_vars=[-2.6990433 -2.6991594 -2.6953058 -2.7015796 -2.6916738 -2.6965616] | lr=1.00e-03
Saved best model to results/thesis_model_results/outputs/loss_comparison_mtlgsh/MTLGSH__kendall__minmax__seed42/mtlgsh_state_dict_best.pt
Epoch 040 | train_loss=-8.1553e+00 | train_eval_loss=-8.2702e+00 | val_loss=-8.2701e+00 | log_vars=[-2.7679584 -2.7680898 -2.7640429 -2.7704828 -2.7599957 -2.7652836] | lr=1.00e-03
Saved best model to results/thesis_model_results/outputs/loss_comparison_mtlgsh/MTLGSH__kendall__minmax__seed42/mtlgsh_state_dict_best.pt
Epoch 041 | train_loss=-8.3600e+00 | train_eval_loss=-8.4531e+00 | val_loss=-8.4533e+00 | log_vars=[-2.836846  -2.8370123 -2.8327856 -2.839354  -2.828321  -2.8340209] | lr=1.00e-03
Saved best model to results/thesis_model_results/outputs/loss_comparison_mtlgsh/MTLGSH__kendall__minmax__seed42/mtlgsh_state_dict_best.pt
Epoch 042 | train_loss=-8.5598e+00 | train_eval_loss=-8.6745e+00 | val_loss=-8.6738e+00 | log_vars=[-2.905657  -2.9058313 -2.9014013 -2.9081695 -2.8963053 -2.9026425] | lr=1.00e-03
Saved best model to results/thesis_model_results/outputs/loss_comparison_mtlgsh/MTLGSH__kendall__minmax__seed42/mtlgsh_state_dict_best.pt
Epoch 043 | train_loss=-8.7633e+00 | train_eval_loss=-8.8784e+00 | val_loss=-8.8774e+00 | log_vars=[-2.9744754 -2.9746583 -2.9700458 -2.9769545 -2.964338  -2.9712498] | lr=1.00e-03
Saved best model to results/thesis_model_results/outputs/loss_comparison_mtlgsh/MTLGSH__kendall__minmax__seed42/mtlgsh_state_dict_best.pt
Epoch 044 | train_loss=-8.9686e+00 | train_eval_loss=-9.0851e+00 | val_loss=-9.0846e+00 | log_vars=[-3.0432568 -3.043461  -3.0386453 -3.0457213 -3.0322778 -3.0397675] | lr=1.00e-03
Saved best model to results/thesis_model_results/outputs/loss_comparison_mtlgsh/MTLGSH__kendall__minmax__seed42/mtlgsh_state_dict_best.pt
Epoch 045 | train_loss=-9.1733e+00 | train_eval_loss=-9.2910e+00 | val_loss=-9.2906e+00 | log_vars=[-3.1120746 -3.112293  -3.1072373 -3.1145089 -3.1001818 -3.108366 ] | lr=1.00e-03
Saved best model to results/thesis_model_results/outputs/loss_comparison_mtlgsh/MTLGSH__kendall__minmax__seed42/mtlgsh_state_dict_best.pt
Epoch 046 | train_loss=-9.3774e+00 | train_eval_loss=-9.4753e+00 | val_loss=-9.4747e+00 | log_vars=[-3.1808863 -3.1811259 -3.1758242 -3.1832767 -3.1680977 -3.1769724] | lr=1.00e-03
Saved best model to results/thesis_model_results/outputs/loss_comparison_mtlgsh/MTLGSH__kendall__minmax__seed42/mtlgsh_state_dict_best.pt
Epoch 047 | train_loss=-9.5773e+00 | train_eval_loss=-9.6888e+00 | val_loss=-9.6877e+00 | log_vars=[-3.2496445 -3.2498996 -3.244248  -3.2519813 -3.2357857 -3.2454336] | lr=1.00e-03
Saved best model to results/thesis_model_results/outputs/loss_comparison_mtlgsh/MTLGSH__kendall__minmax__seed42/mtlgsh_state_dict_best.pt
Epoch 048 | train_loss=-9.7776e+00 | train_eval_loss=-9.8928e+00 | val_loss=-9.8914e+00 | log_vars=[-3.318377  -3.3186314 -3.3126378 -3.3206217 -3.3034172 -3.313803 ] | lr=1.00e-03
Saved best model to results/thesis_model_results/outputs/loss_comparison_mtlgsh/MTLGSH__kendall__minmax__seed42/mtlgsh_state_dict_best.pt
Epoch 049 | train_loss=-9.9857e+00 | train_eval_loss=-1.0092e+01 | val_loss=-1.0090e+01 | log_vars=[-3.38717   -3.3874335 -3.38112   -3.3893707 -3.3710904 -3.382322 ] | lr=1.00e-03
Saved best model to results/thesis_model_results/outputs/loss_comparison_mtlgsh/MTLGSH__kendall__minmax__seed42/mtlgsh_state_dict_best.pt
Epoch 050 | train_loss=-1.0176e+01 | train_eval_loss=-1.0288e+01 | val_loss=-1.0286e+01 | log_vars=[-3.455735  -3.4560063 -3.4494696 -3.4579298 -3.4381812 -3.4505713] | lr=1.00e-03
Saved best model to results/thesis_model_results/outputs/loss_comparison_mtlgsh/MTLGSH__kendall__minmax__seed42/mtlgsh_state_dict_best.pt
Epoch 051 | train_loss=-1.0386e+01 | train_eval_loss=-1.0491e+01 | val_loss=-1.0490e+01 | log_vars=[-3.5244453 -3.5247366 -3.517701  -3.5264761 -3.5056229 -3.518856 ] | lr=1.00e-03
Saved best model to results/thesis_model_results/outputs/loss_comparison_mtlgsh/MTLGSH__kendall__minmax__seed42/mtlgsh_state_dict_best.pt
Epoch 052 | train_loss=-1.0574e+01 | train_eval_loss=-1.0698e+01 | val_loss=-1.0698e+01 | log_vars=[-3.5929878 -3.5932503 -3.585781  -3.5948489 -3.572348  -3.586918 ] | lr=1.00e-03
Saved best model to results/thesis_model_results/outputs/loss_comparison_mtlgsh/MTLGSH__kendall__minmax__seed42/mtlgsh_state_dict_best.pt
Epoch 053 | train_loss=-1.0791e+01 | train_eval_loss=-1.0902e+01 | val_loss=-1.0901e+01 | log_vars=[-3.661723  -3.6620219 -3.6541271 -3.6634002 -3.639774  -3.6551397] | lr=1.00e-03
Saved best model to results/thesis_model_results/outputs/loss_comparison_mtlgsh/MTLGSH__kendall__minmax__seed42/mtlgsh_state_dict_best.pt
Epoch 054 | train_loss=-1.0981e+01 | train_eval_loss=-1.1111e+01 | val_loss=-1.1109e+01 | log_vars=[-3.7302809 -3.730623  -3.722349  -3.7318504 -3.7065887 -3.72317  ] | lr=1.00e-03
Saved best model to results/thesis_model_results/outputs/loss_comparison_mtlgsh/MTLGSH__kendall__minmax__seed42/mtlgsh_state_dict_best.pt
Epoch 055 | train_loss=-1.1190e+01 | train_eval_loss=-1.1314e+01 | val_loss=-1.1311e+01 | log_vars=[-3.7989652 -3.799339  -3.7905807 -3.8003078 -3.7738307 -3.7912998] | lr=1.00e-03
Saved best model to results/thesis_model_results/outputs/loss_comparison_mtlgsh/MTLGSH__kendall__minmax__seed42/mtlgsh_state_dict_best.pt
Epoch 056 | train_loss=-1.1386e+01 | train_eval_loss=-1.1515e+01 | val_loss=-1.1512e+01 | log_vars=[-3.867516  -3.8679125 -3.8587308 -3.868645  -3.84082   -3.8592865] | lr=1.00e-03
Saved best model to results/thesis_model_results/outputs/loss_comparison_mtlgsh/MTLGSH__kendall__minmax__seed42/mtlgsh_state_dict_best.pt
Epoch 057 | train_loss=-1.1581e+01 | train_eval_loss=-1.1714e+01 | val_loss=-1.1711e+01 | log_vars=[-3.9360683 -3.9364674 -3.9265966 -3.9370537 -3.9074345 -3.92725  ] | lr=1.00e-03
Saved best model to results/thesis_model_results/outputs/loss_comparison_mtlgsh/MTLGSH__kendall__minmax__seed42/mtlgsh_state_dict_best.pt
Epoch 058 | train_loss=-1.1777e+01 | train_eval_loss=-1.1797e+01 | val_loss=-1.1796e+01 | log_vars=[-4.0045924 -4.0050287 -3.9946547 -4.005467  -3.9739366 -3.995261 ] | lr=1.00e-03
Saved best model to results/thesis_model_results/outputs/loss_comparison_mtlgsh/MTLGSH__kendall__minmax__seed42/mtlgsh_state_dict_best.pt
Epoch 059 | train_loss=-1.1970e+01 | train_eval_loss=-1.2080e+01 | val_loss=-1.2076e+01 | log_vars=[-4.0728784 -4.0733066 -4.0624843 -4.0734596 -4.039417  -4.06264  ] | lr=1.00e-03
Saved best model to results/thesis_model_results/outputs/loss_comparison_mtlgsh/MTLGSH__kendall__minmax__seed42/mtlgsh_state_dict_best.pt
Epoch 060 | train_loss=-1.2166e+01 | train_eval_loss=-1.2292e+01 | val_loss=-1.2287e+01 | log_vars=[-4.1411314 -4.141578  -4.1301155 -4.1414657 -4.105107  -4.1302633] | lr=1.00e-03
Saved best model to results/thesis_model_results/outputs/loss_comparison_mtlgsh/MTLGSH__kendall__minmax__seed42/mtlgsh_state_dict_best.pt
Epoch 061 | train_loss=-1.2370e+01 | train_eval_loss=-1.2505e+01 | val_loss=-1.2501e+01 | log_vars=[-4.2095585 -4.209998  -4.1978574 -4.209602  -4.171275  -4.197882 ] | lr=1.00e-03
Saved best model to results/thesis_model_results/outputs/loss_comparison_mtlgsh/MTLGSH__kendall__minmax__seed42/mtlgsh_state_dict_best.pt
Epoch 062 | train_loss=-1.2571e+01 | train_eval_loss=-1.2682e+01 | val_loss=-1.2677e+01 | log_vars=[-4.2780104 -4.278491  -4.2657    -4.2779026 -4.2374277 -4.265456 ] | lr=1.00e-03
Saved best model to results/thesis_model_results/outputs/loss_comparison_mtlgsh/MTLGSH__kendall__minmax__seed42/mtlgsh_state_dict_best.pt
Epoch 063 | train_loss=-1.2756e+01 | train_eval_loss=-1.2889e+01 | val_loss=-1.2885e+01 | log_vars=[-4.3462234 -4.3466578 -4.3332787 -4.345906  -4.3024626 -4.3328166] | lr=1.00e-03
Saved best model to results/thesis_model_results/outputs/loss_comparison_mtlgsh/MTLGSH__kendall__minmax__seed42/mtlgsh_state_dict_best.pt
Epoch 064 | train_loss=-1.2946e+01 | train_eval_loss=-1.3081e+01 | val_loss=-1.3075e+01 | log_vars=[-4.4144106 -4.4147754 -4.400518  -4.413632  -4.3675785 -4.3997765] | lr=1.00e-03
Saved best model to results/thesis_model_results/outputs/loss_comparison_mtlgsh/MTLGSH__kendall__minmax__seed42/mtlgsh_state_dict_best.pt
Epoch 065 | train_loss=-1.3152e+01 | train_eval_loss=-1.3296e+01 | val_loss=-1.3288e+01 | log_vars=[-4.482665  -4.483136  -4.4678063 -4.481792  -4.4326606 -4.4671216] | lr=1.00e-03
Saved best model to results/thesis_model_results/outputs/loss_comparison_mtlgsh/MTLGSH__kendall__minmax__seed42/mtlgsh_state_dict_best.pt
Epoch 066 | train_loss=-1.3321e+01 | train_eval_loss=-1.3426e+01 | val_loss=-1.3419e+01 | log_vars=[-4.550552  -4.550979  -4.534823  -4.5496383 -4.4963303 -4.5340323] | lr=1.00e-03
Saved best model to results/thesis_model_results/outputs/loss_comparison_mtlgsh/MTLGSH__kendall__minmax__seed42/mtlgsh_state_dict_best.pt
Epoch 067 | train_loss=-1.3516e+01 | train_eval_loss=-1.3662e+01 | val_loss=-1.3654e+01 | log_vars=[-4.618544 -4.618939 -4.601753 -4.617206 -4.560072 -4.600728] | lr=1.00e-03
Saved best model to results/thesis_model_results/outputs/loss_comparison_mtlgsh/MTLGSH__kendall__minmax__seed42/mtlgsh_state_dict_best.pt
Epoch 068 | train_loss=-1.3729e+01 | train_eval_loss=-1.3862e+01 | val_loss=-1.3854e+01 | log_vars=[-4.686728  -4.6872044 -4.668813  -4.6847367 -4.625172  -4.6678863] | lr=1.00e-03
Saved best model to results/thesis_model_results/outputs/loss_comparison_mtlgsh/MTLGSH__kendall__minmax__seed42/mtlgsh_state_dict_best.pt
Epoch 069 | train_loss=-1.3922e+01 | train_eval_loss=-1.4055e+01 | val_loss=-1.4044e+01 | log_vars=[-4.754828  -4.7553835 -4.7359624 -4.7524576 -4.6897945 -4.7345877] | lr=1.00e-03
Saved best model to results/thesis_model_results/outputs/loss_comparison_mtlgsh/MTLGSH__kendall__minmax__seed42/mtlgsh_state_dict_best.pt
Epoch 070 | train_loss=-1.4096e+01 | train_eval_loss=-1.4186e+01 | val_loss=-1.4176e+01 | log_vars=[-4.8228526 -4.8234034 -4.8028545 -4.8199563 -4.753197  -4.8010054] | lr=1.00e-03
Saved best model to results/thesis_model_results/outputs/loss_comparison_mtlgsh/MTLGSH__kendall__minmax__seed42/mtlgsh_state_dict_best.pt
Epoch 071 | train_loss=-1.4276e+01 | train_eval_loss=-1.4433e+01 | val_loss=-1.4420e+01 | log_vars=[-4.890654  -4.891124  -4.869463  -4.8875036 -4.815057  -4.8672495] | lr=1.00e-03
Saved best model to results/thesis_model_results/outputs/loss_comparison_mtlgsh/MTLGSH__kendall__minmax__seed42/mtlgsh_state_dict_best.pt
Epoch 072 | train_loss=-1.4470e+01 | train_eval_loss=-1.4584e+01 | val_loss=-1.4572e+01 | log_vars=[-4.958415 -4.958929 -4.936061 -4.954686 -4.878253 -4.933413] | lr=1.00e-03
Saved best model to results/thesis_model_results/outputs/loss_comparison_mtlgsh/MTLGSH__kendall__minmax__seed42/mtlgsh_state_dict_best.pt
Epoch 073 | train_loss=-1.4664e+01 | train_eval_loss=-1.4753e+01 | val_loss=-1.4742e+01 | log_vars=[-5.026102  -5.0266623 -5.0023284 -5.0219674 -4.9411974 -4.999681 ] | lr=1.00e-03
Saved best model to results/thesis_model_results/outputs/loss_comparison_mtlgsh/MTLGSH__kendall__minmax__seed42/mtlgsh_state_dict_best.pt
Epoch 074 | train_loss=-1.4839e+01 | train_eval_loss=-1.5013e+01 | val_loss=-1.4993e+01 | log_vars=[-5.0935082 -5.0941133 -5.0682263 -5.089019  -5.0034103 -5.06547  ] | lr=1.00e-03
Saved best model to results/thesis_model_results/outputs/loss_comparison_mtlgsh/MTLGSH__kendall__minmax__seed42/mtlgsh_state_dict_best.pt
Epoch 075 | train_loss=-1.5046e+01 | train_eval_loss=-1.5126e+01 | val_loss=-1.5105e+01 | log_vars=[-5.161279  -5.1619973 -5.1346264 -5.156486  -5.066121  -5.131578 ] | lr=1.00e-03
Saved best model to results/thesis_model_results/outputs/loss_comparison_mtlgsh/MTLGSH__kendall__minmax__seed42/mtlgsh_state_dict_best.pt
Epoch 076 | train_loss=-1.5199e+01 | train_eval_loss=-1.5291e+01 | val_loss=-1.5272e+01 | log_vars=[-5.228441  -5.2292767 -5.2000303 -5.2234035 -5.12715   -5.196951 ] | lr=1.00e-03
Saved best model to results/thesis_model_results/outputs/loss_comparison_mtlgsh/MTLGSH__kendall__minmax__seed42/mtlgsh_state_dict_best.pt
Epoch 077 | train_loss=-1.5376e+01 | train_eval_loss=-1.5470e+01 | val_loss=-1.5451e+01 | log_vars=[-5.295686  -5.296691  -5.265549  -5.2902155 -5.187014  -5.2612996] | lr=1.00e-03
Saved best model to results/thesis_model_results/outputs/loss_comparison_mtlgsh/MTLGSH__kendall__minmax__seed42/mtlgsh_state_dict_best.pt
Epoch 078 | train_loss=-1.5537e+01 | train_eval_loss=-1.5656e+01 | val_loss=-1.5631e+01 | log_vars=[-5.3628035 -5.3638606 -5.3306675 -5.3553343 -5.2474422 -5.32484  ] | lr=1.00e-03
Saved best model to results/thesis_model_results/outputs/loss_comparison_mtlgsh/MTLGSH__kendall__minmax__seed42/mtlgsh_state_dict_best.pt
Epoch 079 | train_loss=-1.5739e+01 | train_eval_loss=-1.5802e+01 | val_loss=-1.5769e+01 | log_vars=[-5.429912  -5.4311256 -5.395345  -5.420751  -5.307956  -5.3895764] | lr=1.00e-03
Saved best model to results/thesis_model_results/outputs/loss_comparison_mtlgsh/MTLGSH__kendall__minmax__seed42/mtlgsh_state_dict_best.pt
Epoch 080 | train_loss=-1.5912e+01 | train_eval_loss=-1.6080e+01 | val_loss=-1.6049e+01 | log_vars=[-5.496722  -5.4981055 -5.46029   -5.4872317 -5.366824  -5.4544997] | lr=1.00e-03
Saved best model to results/thesis_model_results/outputs/loss_comparison_mtlgsh/MTLGSH__kendall__minmax__seed42/mtlgsh_state_dict_best.pt
Epoch 081 | train_loss=-1.6095e+01 | train_eval_loss=-1.6291e+01 | val_loss=-1.6260e+01 | log_vars=[-5.5637183 -5.565319  -5.525134  -5.5536423 -5.425637  -5.518959 ] | lr=1.00e-03
Saved best model to results/thesis_model_results/outputs/loss_comparison_mtlgsh/MTLGSH__kendall__minmax__seed42/mtlgsh_state_dict_best.pt
Epoch 082 | train_loss=-1.6277e+01 | train_eval_loss=-1.6418e+01 | val_loss=-1.6400e+01 | log_vars=[-5.6305056 -5.632319  -5.5893536 -5.619989  -5.485539  -5.583436 ] | lr=1.00e-03
Saved best model to results/thesis_model_results/outputs/loss_comparison_mtlgsh/MTLGSH__kendall__minmax__seed42/mtlgsh_state_dict_best.pt
Epoch 083 | train_loss=-1.6397e+01 | train_eval_loss=-1.6466e+01 | val_loss=-1.6447e+01 | log_vars=[-5.6966496 -5.6984787 -5.653288  -5.684605  -5.5414805 -5.6459656] | lr=1.00e-03
Saved best model to results/thesis_model_results/outputs/loss_comparison_mtlgsh/MTLGSH__kendall__minmax__seed42/mtlgsh_state_dict_best.pt
Epoch 084 | train_loss=-1.6587e+01 | train_eval_loss=-1.6732e+01 | val_loss=-1.6704e+01 | log_vars=[-5.7629724 -5.764749  -5.71712   -5.749866  -5.5972733 -5.7090325] | lr=1.00e-03
Saved best model to results/thesis_model_results/outputs/loss_comparison_mtlgsh/MTLGSH__kendall__minmax__seed42/mtlgsh_state_dict_best.pt
Epoch 085 | train_loss=-1.6747e+01 | train_eval_loss=-1.6886e+01 | val_loss=-1.6843e+01 | log_vars=[-5.828821  -5.8307137 -5.7801805 -5.815377  -5.651341  -5.7716746] | lr=1.00e-03
Saved best model to results/thesis_model_results/outputs/loss_comparison_mtlgsh/MTLGSH__kendall__minmax__seed42/mtlgsh_state_dict_best.pt
Epoch 086 | train_loss=-1.6928e+01 | train_eval_loss=-1.7102e+01 | val_loss=-1.7075e+01 | log_vars=[-5.8950877 -5.89681   -5.84282   -5.8804264 -5.70731   -5.834168 ] | lr=1.00e-03
Saved best model to results/thesis_model_results/outputs/loss_comparison_mtlgsh/MTLGSH__kendall__minmax__seed42/mtlgsh_state_dict_best.pt
Epoch 087 | train_loss=-1.7062e+01 | train_eval_loss=-1.7296e+01 | val_loss=-1.7256e+01 | log_vars=[-5.960492  -5.962311  -5.905233  -5.945849  -5.7603307 -5.8956046] | lr=1.00e-03
Saved best model to results/thesis_model_results/outputs/loss_comparison_mtlgsh/MTLGSH__kendall__minmax__seed42/mtlgsh_state_dict_best.pt
Epoch 088 | train_loss=-1.7261e+01 | train_eval_loss=-1.7510e+01 | val_loss=-1.7459e+01 | log_vars=[-6.026375  -6.0285316 -5.9674788 -6.011002  -5.8161063 -5.95736  ] | lr=1.00e-03
Saved best model to results/thesis_model_results/outputs/loss_comparison_mtlgsh/MTLGSH__kendall__minmax__seed42/mtlgsh_state_dict_best.pt
Epoch 089 | train_loss=-1.7324e+01 | train_eval_loss=-1.7501e+01 | val_loss=-1.7456e+01 | log_vars=[-6.091532  -6.093729  -6.029398  -6.07244   -5.866235  -6.0175204] | lr=1.00e-03
Epoch 090 | train_loss=-1.7523e+01 | train_eval_loss=-1.7779e+01 | val_loss=-1.7726e+01 | log_vars=[-6.1559925 -6.1584473 -6.0900955 -6.1359887 -5.914632  -6.076467 ] | lr=1.00e-03
Saved best model to results/thesis_model_results/outputs/loss_comparison_mtlgsh/MTLGSH__kendall__minmax__seed42/mtlgsh_state_dict_best.pt
Epoch 091 | train_loss=-1.7696e+01 | train_eval_loss=-1.7872e+01 | val_loss=-1.7817e+01 | log_vars=[-6.221368  -6.223981  -6.151356  -6.1993117 -5.967404  -6.136519 ] | lr=1.00e-03
Saved best model to results/thesis_model_results/outputs/loss_comparison_mtlgsh/MTLGSH__kendall__minmax__seed42/mtlgsh_state_dict_best.pt
Epoch 092 | train_loss=-1.7726e+01 | train_eval_loss=-1.7693e+01 | val_loss=-1.7639e+01 | log_vars=[-6.2844844 -6.2875304 -6.2096877 -6.2612643 -6.0076747 -6.1943655] | lr=1.00e-03
Epoch 093 | train_loss=-1.8018e+01 | train_eval_loss=-1.8051e+01 | val_loss=-1.7960e+01 | log_vars=[-6.3487234 -6.3519197 -6.2701225 -6.3253665 -6.056932  -6.2543917] | lr=1.00e-03
Saved best model to results/thesis_model_results/outputs/loss_comparison_mtlgsh/MTLGSH__kendall__minmax__seed42/mtlgsh_state_dict_best.pt
Epoch 094 | train_loss=-1.8101e+01 | train_eval_loss=-1.8233e+01 | val_loss=-1.8164e+01 | log_vars=[-6.412629  -6.415987  -6.3302484 -6.3881316 -6.1018796 -6.313644 ] | lr=1.00e-03
Saved best model to results/thesis_model_results/outputs/loss_comparison_mtlgsh/MTLGSH__kendall__minmax__seed42/mtlgsh_state_dict_best.pt
Epoch 095 | train_loss=-1.8266e+01 | train_eval_loss=-1.7811e+01 | val_loss=-1.7747e+01 | log_vars=[-6.476161  -6.4802847 -6.389793  -6.45205   -6.148647  -6.3715696] | lr=1.00e-03
Epoch 096 | train_loss=-1.8248e+01 | train_eval_loss=-1.8661e+01 | val_loss=-1.8597e+01 | log_vars=[-6.53661   -6.541039  -6.445336  -6.507938  -6.184946  -6.4257817] | lr=1.00e-03
Saved best model to results/thesis_model_results/outputs/loss_comparison_mtlgsh/MTLGSH__kendall__minmax__seed42/mtlgsh_state_dict_best.pt
Epoch 097 | train_loss=-1.8612e+01 | train_eval_loss=-1.8847e+01 | val_loss=-1.8735e+01 | log_vars=[-6.600707  -6.606431  -6.503867  -6.570652  -6.2362776 -6.483273 ] | lr=1.00e-03
Saved best model to results/thesis_model_results/outputs/loss_comparison_mtlgsh/MTLGSH__kendall__minmax__seed42/mtlgsh_state_dict_best.pt
Epoch 098 | train_loss=-1.8619e+01 | train_eval_loss=-1.8958e+01 | val_loss=-1.8857e+01 | log_vars=[-6.663427  -6.6691074 -6.560326  -6.629795  -6.2795057 -6.53853  ] | lr=1.00e-03
Saved best model to results/thesis_model_results/outputs/loss_comparison_mtlgsh/MTLGSH__kendall__minmax__seed42/mtlgsh_state_dict_best.pt
Epoch 099 | train_loss=-1.8749e+01 | train_eval_loss=-1.9146e+01 | val_loss=-1.9074e+01 | log_vars=[-6.7252073 -6.731261  -6.6159616 -6.6903358 -6.3190813 -6.591621 ] | lr=1.00e-03
Saved best model to results/thesis_model_results/outputs/loss_comparison_mtlgsh/MTLGSH__kendall__minmax__seed42/mtlgsh_state_dict_best.pt
Epoch 100 | train_loss=-1.8915e+01 | train_eval_loss=-1.8852e+01 | val_loss=-1.8758e+01 | log_vars=[-6.7873864 -6.79412   -6.671356  -6.750291  -6.358834  -6.646898 ] | lr=1.00e-03
Epoch 101 | train_loss=-1.8887e+01 | train_eval_loss=-1.9139e+01 | val_loss=-1.9048e+01 | log_vars=[-6.84633   -6.853113  -6.723605  -6.807819  -6.3839684 -6.698726 ] | lr=1.00e-03
Epoch 102 | train_loss=-1.9192e+01 | train_eval_loss=-1.9484e+01 | val_loss=-1.9359e+01 | log_vars=[-6.907861  -6.915309  -6.7767754 -6.86962   -6.4249325 -6.7517724] | lr=1.00e-03
Saved best model to results/thesis_model_results/outputs/loss_comparison_mtlgsh/MTLGSH__kendall__minmax__seed42/mtlgsh_state_dict_best.pt
Epoch 103 | train_loss=-1.9037e+01 | train_eval_loss=-1.8641e+01 | val_loss=-1.8509e+01 | log_vars=[-6.9672275 -6.973857  -6.825423  -6.9170403 -6.455034  -6.800528 ] | lr=1.00e-03
Epoch 104 | train_loss=-1.9272e+01 | train_eval_loss=-1.9607e+01 | val_loss=-1.9492e+01 | log_vars=[-7.026033  -7.032856  -6.874124  -6.9721413 -6.4858027 -6.847248 ] | lr=1.00e-03
Saved best model to results/thesis_model_results/outputs/loss_comparison_mtlgsh/MTLGSH__kendall__minmax__seed42/mtlgsh_state_dict_best.pt
Epoch 105 | train_loss=-1.9394e+01 | train_eval_loss=-1.9590e+01 | val_loss=-1.9466e+01 | log_vars=[-7.084394  -7.0915246 -6.922343  -7.0290833 -6.5160227 -6.897783 ] | lr=1.00e-03
Epoch 106 | train_loss=-1.9501e+01 | train_eval_loss=-1.9967e+01 | val_loss=-1.9790e+01 | log_vars=[-7.142364  -7.1503882 -6.9726815 -7.082698  -6.5439305 -6.9473267] | lr=1.00e-03
Saved best model to results/thesis_model_results/outputs/loss_comparison_mtlgsh/MTLGSH__kendall__minmax__seed42/mtlgsh_state_dict_best.pt
Epoch 107 | train_loss=-1.9660e+01 | train_eval_loss=-2.0215e+01 | val_loss=-2.0048e+01 | log_vars=[-7.2010646 -7.2110405 -7.023224  -7.1382995 -6.5732594 -6.992795 ] | lr=1.00e-03
Saved best model to results/thesis_model_results/outputs/loss_comparison_mtlgsh/MTLGSH__kendall__minmax__seed42/mtlgsh_state_dict_best.pt
Epoch 108 | train_loss=-1.9648e+01 | train_eval_loss=-2.0085e+01 | val_loss=-1.9930e+01 | log_vars=[-7.2570095 -7.2668076 -7.070244  -7.193335  -6.5967383 -7.0363646] | lr=1.00e-03
Epoch 109 | train_loss=-1.9814e+01 | train_eval_loss=-1.9819e+01 | val_loss=-1.9715e+01 | log_vars=[-7.3140554 -7.32492   -7.1190286 -7.2440033 -6.6267366 -7.079993 ] | lr=1.00e-03
Epoch 110 | train_loss=-1.9663e+01 | train_eval_loss=-1.9512e+01 | val_loss=-1.9367e+01 | log_vars=[-7.365428  -7.376273  -7.1573696 -7.293317  -6.6420116 -7.1158705] | lr=1.00e-03
Epoch 111 | train_loss=-2.0007e+01 | train_eval_loss=-2.0514e+01 | val_loss=-2.0374e+01 | log_vars=[-7.4207635 -7.4315453 -7.2001762 -7.345726  -6.6670156 -7.1565747] | lr=1.00e-03
Saved best model to results/thesis_model_results/outputs/loss_comparison_mtlgsh/MTLGSH__kendall__minmax__seed42/mtlgsh_state_dict_best.pt
Epoch 112 | train_loss=-1.9994e+01 | train_eval_loss=-2.0774e+01 | val_loss=-2.0527e+01 | log_vars=[-7.473925  -7.486102  -7.239861  -7.3964233 -6.6892796 -7.195286 ] | lr=1.00e-03
Saved best model to results/thesis_model_results/outputs/loss_comparison_mtlgsh/MTLGSH__kendall__minmax__seed42/mtlgsh_state_dict_best.pt
Epoch 113 | train_loss=-2.0120e+01 | train_eval_loss=-2.0756e+01 | val_loss=-2.0565e+01 | log_vars=[-7.52787   -7.5411496 -7.281022  -7.4443707 -6.713303  -7.2348757] | lr=1.00e-03
Saved best model to results/thesis_model_results/outputs/loss_comparison_mtlgsh/MTLGSH__kendall__minmax__seed42/mtlgsh_state_dict_best.pt
Epoch 114 | train_loss=-2.0393e+01 | train_eval_loss=-2.0782e+01 | val_loss=-2.0573e+01 | log_vars=[-7.583855  -7.598538  -7.327163  -7.497236  -6.7492466 -7.280665 ] | lr=1.00e-03
Saved best model to results/thesis_model_results/outputs/loss_comparison_mtlgsh/MTLGSH__kendall__minmax__seed42/mtlgsh_state_dict_best.pt
Epoch 115 | train_loss=-1.9962e+01 | train_eval_loss=-2.0862e+01 | val_loss=-2.0605e+01 | log_vars=[-7.6284747 -7.644365  -7.3605733 -7.526933  -6.7509103 -7.3090553] | lr=1.00e-03
Saved best model to results/thesis_model_results/outputs/loss_comparison_mtlgsh/MTLGSH__kendall__minmax__seed42/mtlgsh_state_dict_best.pt
Epoch 116 | train_loss=-2.0452e+01 | train_eval_loss=-2.0974e+01 | val_loss=-2.0727e+01 | log_vars=[-7.6795673 -7.6986904 -7.40033   -7.580965  -6.7761755 -7.348435 ] | lr=1.00e-03
Saved best model to results/thesis_model_results/outputs/loss_comparison_mtlgsh/MTLGSH__kendall__minmax__seed42/mtlgsh_state_dict_best.pt
Epoch 117 | train_loss=-2.0359e+01 | train_eval_loss=-2.0768e+01 | val_loss=-2.0546e+01 | log_vars=[-7.7279496 -7.749228  -7.4351993 -7.625405  -6.7939487 -7.3833346] | lr=1.00e-03
Epoch 118 | train_loss=-2.0253e+01 | train_eval_loss=-2.1040e+01 | val_loss=-2.0757e+01 | log_vars=[-7.7702527 -7.7928333 -7.464885  -7.663955  -6.788477  -7.4115   ] | lr=1.00e-03
Saved best model to results/thesis_model_results/outputs/loss_comparison_mtlgsh/MTLGSH__kendall__minmax__seed42/mtlgsh_state_dict_best.pt
Epoch 119 | train_loss=-2.0384e+01 | train_eval_loss=-2.1304e+01 | val_loss=-2.1029e+01 | log_vars=[-7.8138347 -7.8377037 -7.4916883 -7.7068048 -6.7982645 -7.4301624] | lr=1.00e-03
Saved best model to results/thesis_model_results/outputs/loss_comparison_mtlgsh/MTLGSH__kendall__minmax__seed42/mtlgsh_state_dict_best.pt
Epoch 120 | train_loss=-2.0395e+01 | train_eval_loss=-2.0916e+01 | val_loss=-2.0677e+01 | log_vars=[-7.8571286 -7.8825755 -7.52293   -7.738537  -6.806276  -7.45933  ] | lr=1.00e-03
Epoch 121 | train_loss=-2.0647e+01 | train_eval_loss=-2.1442e+01 | val_loss=-2.1186e+01 | log_vars=[-7.903123  -7.931191  -7.5508714 -7.776687  -6.828924  -7.4904284] | lr=1.00e-03
Saved best model to results/thesis_model_results/outputs/loss_comparison_mtlgsh/MTLGSH__kendall__minmax__seed42/mtlgsh_state_dict_best.pt
Epoch 122 | train_loss=-2.0603e+01 | train_eval_loss=-2.1289e+01 | val_loss=-2.1041e+01 | log_vars=[-7.944858  -7.9775577 -7.5809855 -7.812545  -6.8407984 -7.5177126] | lr=1.00e-03
Epoch 123 | train_loss=-2.0690e+01 | train_eval_loss=-2.1154e+01 | val_loss=-2.0827e+01 | log_vars=[-7.985754  -8.021111  -7.610526  -7.8507104 -6.854206  -7.5457644] | lr=1.00e-03
Epoch 124 | train_loss=-2.0856e+01 | train_eval_loss=-2.0555e+01 | val_loss=-2.0202e+01 | log_vars=[-8.027909  -8.067031  -7.6405697 -7.886616  -6.878073  -7.5750027] | lr=1.00e-03
Epoch 125 | train_loss=-2.0851e+01 | train_eval_loss=-2.1549e+01 | val_loss=-2.1255e+01 | log_vars=[-8.0679245 -8.108185  -7.663107  -7.933852  -6.8978977 -7.6009336] | lr=1.00e-03
Saved best model to results/thesis_model_results/outputs/loss_comparison_mtlgsh/MTLGSH__kendall__minmax__seed42/mtlgsh_state_dict_best.pt
Epoch 126 | train_loss=-2.1039e+01 | train_eval_loss=-2.1211e+01 | val_loss=-2.0936e+01 | log_vars=[-8.110424  -8.155612  -7.6957717 -7.9789333 -6.9202175 -7.634018 ] | lr=1.00e-03
Epoch 127 | train_loss=-2.0929e+01 | train_eval_loss=-2.1928e+01 | val_loss=-2.1552e+01 | log_vars=[-8.145913 -8.194641 -7.717999 -8.018831 -6.919752 -7.658107] | lr=1.00e-03
Saved best model to results/thesis_model_results/outputs/loss_comparison_mtlgsh/MTLGSH__kendall__minmax__seed42/mtlgsh_state_dict_best.pt
Epoch 128 | train_loss=-2.0359e+01 | train_eval_loss=-2.1768e+01 | val_loss=-2.1461e+01 | log_vars=[-8.172045  -8.224401  -7.721711  -7.9915285 -6.89355   -7.660034 ] | lr=1.00e-03
Epoch 129 | train_loss=-2.0441e+01 | train_eval_loss=-2.1244e+01 | val_loss=-2.0938e+01 | log_vars=[-8.193385  -8.240858  -7.7272396 -8.008065  -6.8819265 -7.6569834] | lr=1.00e-03
Epoch 130 | train_loss=-2.0825e+01 | train_eval_loss=-2.1608e+01 | val_loss=-2.1186e+01 | log_vars=[-8.2163105 -8.262619  -7.735856  -8.034636  -6.8870273 -7.6602464] | lr=1.00e-03
Epoch 131 | train_loss=-2.1156e+01 | train_eval_loss=-2.2075e+01 | val_loss=-2.1705e+01 | log_vars=[-8.250547  -8.297776  -7.759873  -8.077502  -6.911043  -7.6845374] | lr=1.00e-03
Saved best model to results/thesis_model_results/outputs/loss_comparison_mtlgsh/MTLGSH__kendall__minmax__seed42/mtlgsh_state_dict_best.pt
Epoch 132 | train_loss=-2.0959e+01 | train_eval_loss=-2.1840e+01 | val_loss=-2.1446e+01 | log_vars=[-8.275983  -8.324976  -7.7681723 -8.113518  -6.9250383 -7.7004995] | lr=1.00e-03
Epoch 133 | train_loss=-2.1091e+01 | train_eval_loss=-2.2188e+01 | val_loss=-2.1833e+01 | log_vars=[-8.306744  -8.359575  -7.78525   -8.14166   -6.945571  -7.7182875] | lr=1.00e-03
Saved best model to results/thesis_model_results/outputs/loss_comparison_mtlgsh/MTLGSH__kendall__minmax__seed42/mtlgsh_state_dict_best.pt
Epoch 134 | train_loss=-2.1324e+01 | train_eval_loss=-2.2304e+01 | val_loss=-2.1861e+01 | log_vars=[-8.338045  -8.396521  -7.811625  -8.182547  -6.974697  -7.7429843] | lr=1.00e-03
Saved best model to results/thesis_model_results/outputs/loss_comparison_mtlgsh/MTLGSH__kendall__minmax__seed42/mtlgsh_state_dict_best.pt
Epoch 135 | train_loss=-2.1249e+01 | train_eval_loss=-2.2025e+01 | val_loss=-2.1566e+01 | log_vars=[-8.368346  -8.432619  -7.831076  -8.208473  -7.000873  -7.7678413] | lr=1.00e-03
Epoch 136 | train_loss=-2.1369e+01 | train_eval_loss=-2.2005e+01 | val_loss=-2.1562e+01 | log_vars=[-8.39862   -8.465082  -7.8600883 -8.234547  -7.0235124 -7.790751 ] | lr=1.00e-03
Epoch 137 | train_loss=-2.0557e+01 | train_eval_loss=-2.1692e+01 | val_loss=-2.1351e+01 | log_vars=[-8.391816  -8.456849  -7.840778  -8.240156  -6.9699173 -7.7802463] | lr=1.00e-03
Epoch 138 | train_loss=-2.1005e+01 | train_eval_loss=-2.2330e+01 | val_loss=-2.1906e+01 | log_vars=[-8.405802  -8.476782  -7.8442636 -8.244823  -6.956545  -7.77909  ] | lr=1.00e-03
Saved best model to results/thesis_model_results/outputs/loss_comparison_mtlgsh/MTLGSH__kendall__minmax__seed42/mtlgsh_state_dict_best.pt
Epoch 139 | train_loss=-2.1391e+01 | train_eval_loss=-2.1780e+01 | val_loss=-2.1439e+01 | log_vars=[-8.434175  -8.511586  -7.868522  -8.274125  -6.9699845 -7.8042517] | lr=1.00e-03
Epoch 140 | train_loss=-2.1365e+01 | train_eval_loss=-2.2253e+01 | val_loss=-2.1817e+01 | log_vars=[-8.454379  -8.537242  -7.8822236 -8.305118  -6.9955254 -7.8277307] | lr=1.00e-03
Epoch 141 | train_loss=-2.1463e+01 | train_eval_loss=-2.2056e+01 | val_loss=-2.1613e+01 | log_vars=[-8.478348  -8.5639    -7.905266  -8.339055  -7.0184846 -7.8490424] | lr=1.00e-03
Epoch 142 | train_loss=-2.1149e+01 | train_eval_loss=-1.9543e+01 | val_loss=-1.9028e+01 | log_vars=[-8.484421  -8.575392  -7.905435  -8.348216  -7.0205083 -7.8600097] | lr=1.00e-03
Epoch 143 | train_loss=-2.0437e+01 | train_eval_loss=-2.2321e+01 | val_loss=-2.1890e+01 | log_vars=[-8.475834  -8.564731  -7.889059  -8.269833  -6.9857097 -7.813205 ] | lr=1.00e-03
Epoch 144 | train_loss=-2.1395e+01 | train_eval_loss=-2.2554e+01 | val_loss=-2.2123e+01 | log_vars=[-8.493689  -8.584494  -7.9126816 -8.295526  -7.004003  -7.8208365] | lr=1.00e-03
Saved best model to results/thesis_model_results/outputs/loss_comparison_mtlgsh/MTLGSH__kendall__minmax__seed42/mtlgsh_state_dict_best.pt
Epoch 145 | train_loss=-2.1449e+01 | train_eval_loss=-2.2493e+01 | val_loss=-2.1989e+01 | log_vars=[-8.512378  -8.606901  -7.934551  -8.318384  -7.0277658 -7.8443327] | lr=1.00e-03
Epoch 146 | train_loss=-2.1584e+01 | train_eval_loss=-2.2560e+01 | val_loss=-2.2030e+01 | log_vars=[-8.534781 -8.632252 -7.950828 -8.343357 -7.05474  -7.874291] | lr=1.00e-03
Epoch 147 | train_loss=-2.1054e+01 | train_eval_loss=-2.1945e+01 | val_loss=-2.1416e+01 | log_vars=[-8.532519  -8.620077  -7.944125  -8.3576355 -7.0355225 -7.8774743] | lr=1.00e-03
Epoch 148 | train_loss=-2.1427e+01 | train_eval_loss=-2.2500e+01 | val_loss=-2.1986e+01 | log_vars=[-8.543202  -8.6362705 -7.946375  -8.367752  -7.047123  -7.8836627] | lr=1.00e-03
Epoch 149 | train_loss=-2.1376e+01 | train_eval_loss=-2.1901e+01 | val_loss=-2.1483e+01 | log_vars=[-8.550367  -8.649976  -7.953728  -8.383142  -7.0607944 -7.8927474] | lr=1.00e-03
Epoch 150 | train_loss=-2.1059e+01 | train_eval_loss=-2.2437e+01 | val_loss=-2.1938e+01 | log_vars=[-8.5418415 -8.641558  -7.948282  -8.374835  -7.045747  -7.860849 ] | lr=1.00e-03
Epoch 151 | train_loss=-2.1306e+01 | train_eval_loss=-2.2101e+01 | val_loss=-2.1562e+01 | log_vars=[-8.551402  -8.651875  -7.9557705 -8.379935  -7.0489726 -7.8790507] | lr=1.00e-03
Epoch 152 | train_loss=-2.1006e+01 | train_eval_loss=-2.2265e+01 | val_loss=-2.1723e+01 | log_vars=[-8.540289  -8.639953  -7.9453883 -8.350903  -7.0319123 -7.8700027] | lr=1.00e-03
Epoch 153 | train_loss=-2.1115e+01 | train_eval_loss=-2.2639e+01 | val_loss=-2.2130e+01 | log_vars=[-8.54404   -8.646095  -7.9449315 -8.318047  -7.031212  -7.868747 ] | lr=1.00e-03
Saved best model to results/thesis_model_results/outputs/loss_comparison_mtlgsh/MTLGSH__kendall__minmax__seed42/mtlgsh_state_dict_best.pt
Epoch 154 | train_loss=-2.1209e+01 | train_eval_loss=-2.2205e+01 | val_loss=-2.1684e+01 | log_vars=[-8.5468855 -8.649091  -7.943996  -8.336866  -7.029904  -7.8761168] | lr=1.00e-03
Epoch 155 | train_loss=-2.1461e+01 | train_eval_loss=-2.2202e+01 | val_loss=-2.1672e+01 | log_vars=[-8.55964   -8.664388  -7.9515505 -8.361509  -7.0417113 -7.883054 ] | lr=1.00e-03
Epoch 156 | train_loss=-2.1024e+01 | train_eval_loss=-2.2617e+01 | val_loss=-2.2152e+01 | log_vars=[-8.5531845 -8.663313  -7.935669  -8.32161   -7.0314355 -7.8807797] | lr=1.00e-03
Saved best model to results/thesis_model_results/outputs/loss_comparison_mtlgsh/MTLGSH__kendall__minmax__seed42/mtlgsh_state_dict_best.pt
Epoch 157 | train_loss=-2.1704e+01 | train_eval_loss=-2.2851e+01 | val_loss=-2.2295e+01 | log_vars=[-8.5801735 -8.694176  -7.9696617 -8.359163  -7.0651956 -7.911992 ] | lr=1.00e-03
Saved best model to results/thesis_model_results/outputs/loss_comparison_mtlgsh/MTLGSH__kendall__minmax__seed42/mtlgsh_state_dict_best.pt
Epoch 158 | train_loss=-2.1593e+01 | train_eval_loss=-2.2652e+01 | val_loss=-2.2080e+01 | log_vars=[-8.588493  -8.710754  -7.9848065 -8.3923    -7.082318  -7.93563  ] | lr=1.00e-03
Epoch 159 | train_loss=-2.1348e+01 | train_eval_loss=-2.2703e+01 | val_loss=-2.2132e+01 | log_vars=[-8.590839  -8.715556  -7.9691167 -8.394098  -7.0877185 -7.9356656] | lr=1.00e-03
Epoch 160 | train_loss=-2.1663e+01 | train_eval_loss=-2.2827e+01 | val_loss=-2.2263e+01 | log_vars=[-8.611395  -8.738881  -7.9951763 -8.414919  -7.1038857 -7.9527063] | lr=1.00e-03
Epoch 161 | train_loss=-2.1556e+01 | train_eval_loss=-1.9302e+01 | val_loss=-1.8926e+01 | log_vars=[-8.621279  -8.744728  -8.010298  -8.442736  -7.1132984 -7.9649343] | lr=1.00e-03
Epoch 162 | train_loss=-2.1210e+01 | train_eval_loss=-2.2745e+01 | val_loss=-2.2145e+01 | log_vars=[-8.602815  -8.726967  -7.996147  -8.450974  -7.0645466 -7.9291077] | lr=1.00e-03
Epoch 163 | train_loss=-2.1462e+01 | train_eval_loss=-2.2935e+01 | val_loss=-2.2329e+01 | log_vars=[-8.600378  -8.717764  -8.001951  -8.469927  -7.0722356 -7.94183  ] | lr=1.00e-03
Saved best model to results/thesis_model_results/outputs/loss_comparison_mtlgsh/MTLGSH__kendall__minmax__seed42/mtlgsh_state_dict_best.pt
Epoch 164 | train_loss=-2.1754e+01 | train_eval_loss=-2.2444e+01 | val_loss=-2.1919e+01 | log_vars=[-8.6159725 -8.74103   -8.029362  -8.497622  -7.1033864 -7.9659333] | lr=1.00e-03
Epoch 165 | train_loss=-2.1269e+01 | train_eval_loss=-2.2665e+01 | val_loss=-2.2153e+01 | log_vars=[-8.600331  -8.732434  -8.019408  -8.480592  -7.0832267 -7.9529185] | lr=1.00e-03
Epoch 166 | train_loss=-2.1665e+01 | train_eval_loss=-2.2481e+01 | val_loss=-2.1892e+01 | log_vars=[-8.614783  -8.753798  -8.033183  -8.487642  -7.097041  -7.9748874] | lr=1.00e-03
Epoch 167 | train_loss=-2.1508e+01 | train_eval_loss=-2.2822e+01 | val_loss=-2.2248e+01 | log_vars=[-8.607915  -8.745715  -8.039774  -8.50026   -7.1109414 -7.984886 ] | lr=1.00e-03
Epoch 168 | train_loss=-2.1479e+01 | train_eval_loss=-2.2745e+01 | val_loss=-2.2034e+01 | log_vars=[-8.611508  -8.7475815 -8.002953  -8.510846  -7.1017756 -7.9819674] | lr=1.00e-03
Epoch 169 | train_loss=-2.1735e+01 | train_eval_loss=-2.2899e+01 | val_loss=-2.2276e+01 | log_vars=[-8.63095   -8.761027  -8.022193  -8.534604  -7.1232805 -7.992947 ] | lr=1.00e-03
Epoch 170 | train_loss=-2.1617e+01 | train_eval_loss=-2.3001e+01 | val_loss=-2.2346e+01 | log_vars=[-8.637138 -8.759951 -8.035762 -8.553524 -7.128533 -7.989148] | lr=1.00e-03
Saved best model to results/thesis_model_results/outputs/loss_comparison_mtlgsh/MTLGSH__kendall__minmax__seed42/mtlgsh_state_dict_best.pt
Epoch 171 | train_loss=-2.1741e+01 | train_eval_loss=-2.3071e+01 | val_loss=-2.2537e+01 | log_vars=[-8.6401    -8.77752   -8.052764  -8.574456  -7.149859  -7.9881988] | lr=1.00e-03
Saved best model to results/thesis_model_results/outputs/loss_comparison_mtlgsh/MTLGSH__kendall__minmax__seed42/mtlgsh_state_dict_best.pt
Epoch 172 | train_loss=-2.1382e+01 | train_eval_loss=-2.2838e+01 | val_loss=-2.2186e+01 | log_vars=[-8.624258  -8.758419  -8.014858  -8.576343  -7.125474  -7.9871287] | lr=1.00e-03
Epoch 173 | train_loss=-2.1887e+01 | train_eval_loss=-2.2957e+01 | val_loss=-2.2315e+01 | log_vars=[-8.652121  -8.780287  -8.042696  -8.5903845 -7.155041  -8.01423  ] | lr=1.00e-03
Epoch 174 | train_loss=-2.1758e+01 | train_eval_loss=-1.9677e+01 | val_loss=-1.9176e+01 | log_vars=[-8.671732  -8.79532   -8.070499  -8.609538  -7.1747465 -8.025579 ] | lr=1.00e-03
Epoch 175 | train_loss=-2.1259e+01 | train_eval_loss=-2.2425e+01 | val_loss=-2.1777e+01 | log_vars=[-8.627268  -8.7444725 -8.034855  -8.596597  -7.134941  -7.987503 ] | lr=1.00e-03
Epoch 176 | train_loss=-2.1365e+01 | train_eval_loss=-2.2847e+01 | val_loss=-2.2310e+01 | log_vars=[-8.617625  -8.724829  -8.030804  -8.574879  -7.1129575 -7.985292 ] | lr=1.00e-03
Epoch 177 | train_loss=-2.1829e+01 | train_eval_loss=-2.3010e+01 | val_loss=-2.2421e+01 | log_vars=[-8.640715 -8.74503  -8.055767 -8.590572 -7.137179 -8.001843] | lr=1.00e-03
Epoch 178 | train_loss=-2.1579e+01 | train_eval_loss=-2.2897e+01 | val_loss=-2.2288e+01 | log_vars=[-8.644278  -8.756969  -8.064172  -8.596386  -7.122011  -7.9925027] | lr=1.00e-03
Epoch 179 | train_loss=-2.1810e+01 | train_eval_loss=-2.2533e+01 | val_loss=-2.1871e+01 | log_vars=[-8.655452  -8.774987  -8.082828  -8.616285  -7.1403637 -8.020548 ] | lr=1.00e-03
Epoch 180 | train_loss=-2.1344e+01 | train_eval_loss=-2.2903e+01 | val_loss=-2.2238e+01 | log_vars=[-8.626239 -8.734838 -8.054172 -8.604042 -7.115052 -7.99534 ] | lr=1.00e-03
Epoch 181 | train_loss=-2.2128e+01 | train_eval_loss=-2.3421e+01 | val_loss=-2.2773e+01 | log_vars=[-8.647333 -8.754667 -8.080642 -8.619353 -7.142997 -8.021716] | lr=5.00e-04
Saved best model to results/thesis_model_results/outputs/loss_comparison_mtlgsh/MTLGSH__kendall__minmax__seed42/mtlgsh_state_dict_best.pt
Epoch 182 | train_loss=-2.2274e+01 | train_eval_loss=-2.3487e+01 | val_loss=-2.2818e+01 | log_vars=[-8.671467  -8.780138  -8.108791  -8.641532  -7.1805487 -8.051293 ] | lr=5.00e-04
Saved best model to results/thesis_model_results/outputs/loss_comparison_mtlgsh/MTLGSH__kendall__minmax__seed42/mtlgsh_state_dict_best.pt
Epoch 183 | train_loss=-2.2329e+01 | train_eval_loss=-2.3298e+01 | val_loss=-2.2525e+01 | log_vars=[-8.694894 -8.803131 -8.136943 -8.66287  -7.215764 -8.082435] | lr=5.00e-04
Epoch 184 | train_loss=-2.2275e+01 | train_eval_loss=-2.3517e+01 | val_loss=-2.2762e+01 | log_vars=[-8.712806  -8.823088  -8.1587925 -8.679918  -7.2418833 -8.1050415] | lr=5.00e-04
Epoch 185 | train_loss=-2.2277e+01 | train_eval_loss=-2.3605e+01 | val_loss=-2.2859e+01 | log_vars=[-8.726357 -8.841076 -8.174183 -8.696078 -7.266614 -8.126573] | lr=5.00e-04
Saved best model to results/thesis_model_results/outputs/loss_comparison_mtlgsh/MTLGSH__kendall__minmax__seed42/mtlgsh_state_dict_best.pt
Epoch 186 | train_loss=-2.2322e+01 | train_eval_loss=-2.3531e+01 | val_loss=-2.2679e+01 | log_vars=[-8.74232   -8.855518  -8.192787  -8.710393  -7.2922206 -8.146122 ] | lr=5.00e-04
Epoch 187 | train_loss=-2.2274e+01 | train_eval_loss=-2.3563e+01 | val_loss=-2.2758e+01 | log_vars=[-8.753708  -8.867185  -8.206027  -8.724595  -7.3110595 -8.16177  ] | lr=5.00e-04
Epoch 188 | train_loss=-2.2262e+01 | train_eval_loss=-2.3652e+01 | val_loss=-2.2816e+01 | log_vars=[-8.762718 -8.874418 -8.216484 -8.736423 -7.329963 -8.175831] | lr=5.00e-04
Epoch 189 | train_loss=-2.2278e+01 | train_eval_loss=-2.3638e+01 | val_loss=-2.2789e+01 | log_vars=[-8.769522  -8.886852  -8.225111  -8.743528  -7.3454666 -8.183894 ] | lr=5.00e-04
Epoch 190 | train_loss=-2.2211e+01 | train_eval_loss=-2.3563e+01 | val_loss=-2.2774e+01 | log_vars=[-8.775167 -8.895143 -8.230165 -8.748632 -7.357486 -8.188071] | lr=5.00e-04
Epoch 191 | train_loss=-2.2304e+01 | train_eval_loss=-2.3625e+01 | val_loss=-2.2694e+01 | log_vars=[-8.780139 -8.904612 -8.236144 -8.757284 -7.37356  -8.199346] | lr=5.00e-04
Epoch 192 | train_loss=-2.2194e+01 | train_eval_loss=-2.3304e+01 | val_loss=-2.2452e+01 | log_vars=[-8.77821  -8.905588 -8.235546 -8.763922 -7.382983 -8.210814] | lr=5.00e-04
Epoch 193 | train_loss=-2.2049e+01 | train_eval_loss=-2.3497e+01 | val_loss=-2.2584e+01 | log_vars=[-8.766522  -8.894183  -8.227907  -8.760326  -7.3835454 -8.20627  ] | lr=5.00e-04
Epoch 194 | train_loss=-2.2395e+01 | train_eval_loss=-2.3442e+01 | val_loss=-2.2489e+01 | log_vars=[-8.779735  -8.904781  -8.239439  -8.769503  -7.4035482 -8.220905 ] | lr=5.00e-04
Epoch 195 | train_loss=-2.2511e+01 | train_eval_loss=-2.3864e+01 | val_loss=-2.2920e+01 | log_vars=[-8.786727 -8.912098 -8.248298 -8.778073 -7.415896 -8.228902] | lr=2.50e-04
Saved best model to results/thesis_model_results/outputs/loss_comparison_mtlgsh/MTLGSH__kendall__minmax__seed42/mtlgsh_state_dict_best.pt
Epoch 196 | train_loss=-2.2498e+01 | train_eval_loss=-2.3875e+01 | val_loss=-2.2931e+01 | log_vars=[-8.791502  -8.91678   -8.256969  -8.785914  -7.4288764 -8.239099 ] | lr=2.50e-04
Saved best model to results/thesis_model_results/outputs/loss_comparison_mtlgsh/MTLGSH__kendall__minmax__seed42/mtlgsh_state_dict_best.pt
Epoch 197 | train_loss=-2.2536e+01 | train_eval_loss=-2.3925e+01 | val_loss=-2.2947e+01 | log_vars=[-8.797116  -8.924413  -8.265486  -8.793695  -7.4422407 -8.248015 ] | lr=2.50e-04
Saved best model to results/thesis_model_results/outputs/loss_comparison_mtlgsh/MTLGSH__kendall__minmax__seed42/mtlgsh_state_dict_best.pt
Epoch 198 | train_loss=-2.2573e+01 | train_eval_loss=-2.3880e+01 | val_loss=-2.2921e+01 | log_vars=[-8.802945 -8.931379 -8.27304  -8.801924 -7.454388 -8.258046] | lr=2.50e-04
Epoch 199 | train_loss=-2.2500e+01 | train_eval_loss=-2.3874e+01 | val_loss=-2.2916e+01 | log_vars=[-8.808087  -8.936402  -8.27836   -8.807514  -7.463836  -8.2663355] | lr=2.50e-04
Epoch 200 | train_loss=-2.2548e+01 | train_eval_loss=-2.3908e+01 | val_loss=-2.2882e+01 | log_vars=[-8.815789  -8.943567  -8.285664  -8.812614  -7.4743624 -8.271653 ] | lr=2.50e-04
Saved training logs to results/thesis_model_results/outputs/loss_comparison_mtlgsh/MTLGSH__kendall__minmax__seed42/training_summary.txt
Test RMSE(rocof_COI) = 0.0097 | norm: 0.0074 | real_diff: 0.0056
Test RMSE(dev_COI) = 0.0189 | norm: 0.0070 | real_diff: 0.0086
Test RMSE(Delta_P_IBR_1) = 0.0940 | norm: 0.0148 | real_diff: 0.0553
Test RMSE(Delta_P_IBR_2) = 0.0914 | norm: 0.0127 | real_diff: 0.0463
Test RMSE(Delta_P_IBR_3) = 0.1669 | norm: 0.0293 | real_diff: 0.0771
Test RMSE(Delta_P_IBR_4) = 0.1545 | norm: 0.0160 | real_diff: 0.0860
Saved RMSE results to results/thesis_model_results/outputs/loss_comparison_mtlgsh/MTLGSH__kendall__minmax__seed42/rmse_results.txt
Saved detailed metrics to results/thesis_model_results/outputs/loss_comparison_mtlgsh/MTLGSH__kendall__minmax__seed42/metrics_by_target.csv
Saved aggregate metrics to results/thesis_model_results/outputs/loss_comparison_mtlgsh/MTLGSH__kendall__minmax__seed42/metrics_summary.json
Saved loss curves to results/thesis_model_results/outputs/loss_comparison_mtlgsh/MTLGSH__kendall__minmax__seed42/loss_curve.png
Saved scatter plot results/thesis_model_results/outputs/loss_comparison_mtlgsh/MTLGSH__kendall__minmax__seed42/scatter_rocof_COI.png
Saved scatter plot results/thesis_model_results/outputs/loss_comparison_mtlgsh/MTLGSH__kendall__minmax__seed42/scatter_dev_COI.png
Saved scatter plot results/thesis_model_results/outputs/loss_comparison_mtlgsh/MTLGSH__kendall__minmax__seed42/scatter_Delta_P_IBR_1.png
Saved scatter plot results/thesis_model_results/outputs/loss_comparison_mtlgsh/MTLGSH__kendall__minmax__seed42/scatter_Delta_P_IBR_2.png
Saved scatter plot results/thesis_model_results/outputs/loss_comparison_mtlgsh/MTLGSH__kendall__minmax__seed42/scatter_Delta_P_IBR_3.png
Saved scatter plot results/thesis_model_results/outputs/loss_comparison_mtlgsh/MTLGSH__kendall__minmax__seed42/scatter_Delta_P_IBR_4.png
Saved model to results/thesis_model_results/outputs/loss_comparison_mtlgsh/MTLGSH__kendall__minmax__seed42/mtlgsh_state_dict.pt
Loss type: mse | weights=[]
Target stats (scaled):
train mean=[0.549  0.589  0.492  0.4884 0.4785 0.4192]
train std=[0.1365 0.1371 0.1141 0.1063 0.1158 0.1138]
train q05=[0.3074 0.3979 0.3192 0.303  0.3347 0.2205]
train q95=[0.7933 0.8652 0.6719 0.6491 0.6927 0.6016]
val mean=[0.5473 0.5873 0.4922 0.4893 0.4798 0.4201]
val std=[0.1343 0.1348 0.1123 0.1072 0.1141 0.1112]
val q05=[0.3103 0.3982 0.3195 0.303  0.3376 0.2251]
val q95=[0.7886 0.8626 0.6731 0.6514 0.6918 0.5984]
val/train std ratio=[0.984  0.9828 0.9844 1.0084 0.9848 0.9772]
LR scheduler: ReduceLROnPlateau (factor=0.5, patience=8, min_lr=1e-07)
Epoch 001 | train_loss=2.2130e+08 | train_eval_loss=6.7456e+00 | val_loss=6.7484e+00 | | lr=1.00e-03
Saved best model to results/thesis_model_results/outputs/loss_comparison_picnn/PICNN__mse__minmax__seed42/picnn_state_dict_best.pt
Epoch 002 | train_loss=6.7471e+00 | train_eval_loss=6.7379e+00 | val_loss=6.7407e+00 | | lr=1.00e-03
Saved best model to results/thesis_model_results/outputs/loss_comparison_picnn/PICNN__mse__minmax__seed42/picnn_state_dict_best.pt
Epoch 003 | train_loss=6.7252e+00 | train_eval_loss=6.7109e+00 | val_loss=6.7137e+00 | | lr=1.00e-03
Saved best model to results/thesis_model_results/outputs/loss_comparison_picnn/PICNN__mse__minmax__seed42/picnn_state_dict_best.pt
Epoch 004 | train_loss=6.6955e+00 | train_eval_loss=6.6786e+00 | val_loss=6.6814e+00 | | lr=1.00e-03
Saved best model to results/thesis_model_results/outputs/loss_comparison_picnn/PICNN__mse__minmax__seed42/picnn_state_dict_best.pt
Epoch 005 | train_loss=6.6608e+00 | train_eval_loss=6.6414e+00 | val_loss=6.6441e+00 | | lr=1.00e-03
Saved best model to results/thesis_model_results/outputs/loss_comparison_picnn/PICNN__mse__minmax__seed42/picnn_state_dict_best.pt
Epoch 006 | train_loss=6.6214e+00 | train_eval_loss=6.5998e+00 | val_loss=6.6025e+00 | | lr=1.00e-03
Saved best model to results/thesis_model_results/outputs/loss_comparison_picnn/PICNN__mse__minmax__seed42/picnn_state_dict_best.pt
Epoch 007 | train_loss=6.5778e+00 | train_eval_loss=6.5540e+00 | val_loss=6.5568e+00 | | lr=1.00e-03
Saved best model to results/thesis_model_results/outputs/loss_comparison_picnn/PICNN__mse__minmax__seed42/picnn_state_dict_best.pt
Epoch 008 | train_loss=6.5301e+00 | train_eval_loss=6.5043e+00 | val_loss=6.5070e+00 | | lr=1.00e-03
Saved best model to results/thesis_model_results/outputs/loss_comparison_picnn/PICNN__mse__minmax__seed42/picnn_state_dict_best.pt
Epoch 009 | train_loss=6.4786e+00 | train_eval_loss=6.4509e+00 | val_loss=6.4536e+00 | | lr=1.00e-03
Saved best model to results/thesis_model_results/outputs/loss_comparison_picnn/PICNN__mse__minmax__seed42/picnn_state_dict_best.pt
Epoch 010 | train_loss=6.4233e+00 | train_eval_loss=6.3938e+00 | val_loss=6.3965e+00 | | lr=1.00e-03
Saved best model to results/thesis_model_results/outputs/loss_comparison_picnn/PICNN__mse__minmax__seed42/picnn_state_dict_best.pt
Epoch 011 | train_loss=6.3645e+00 | train_eval_loss=6.3331e+00 | val_loss=6.3358e+00 | | lr=1.00e-03
Saved best model to results/thesis_model_results/outputs/loss_comparison_picnn/PICNN__mse__minmax__seed42/picnn_state_dict_best.pt
Epoch 012 | train_loss=6.3022e+00 | train_eval_loss=6.2691e+00 | val_loss=6.2717e+00 | | lr=1.00e-03
Saved best model to results/thesis_model_results/outputs/loss_comparison_picnn/PICNN__mse__minmax__seed42/picnn_state_dict_best.pt
Epoch 013 | train_loss=6.2365e+00 | train_eval_loss=6.2017e+00 | val_loss=6.2043e+00 | | lr=1.00e-03
Saved best model to results/thesis_model_results/outputs/loss_comparison_picnn/PICNN__mse__minmax__seed42/picnn_state_dict_best.pt
Epoch 014 | train_loss=6.1675e+00 | train_eval_loss=6.1311e+00 | val_loss=6.1336e+00 | | lr=1.00e-03
Saved best model to results/thesis_model_results/outputs/loss_comparison_picnn/PICNN__mse__minmax__seed42/picnn_state_dict_best.pt
Epoch 015 | train_loss=6.0953e+00 | train_eval_loss=6.0573e+00 | val_loss=6.0598e+00 | | lr=1.00e-03
Saved best model to results/thesis_model_results/outputs/loss_comparison_picnn/PICNN__mse__minmax__seed42/picnn_state_dict_best.pt
Epoch 016 | train_loss=6.0200e+00 | train_eval_loss=5.9804e+00 | val_loss=5.9829e+00 | | lr=1.00e-03
Saved best model to results/thesis_model_results/outputs/loss_comparison_picnn/PICNN__mse__minmax__seed42/picnn_state_dict_best.pt
Epoch 017 | train_loss=5.9417e+00 | train_eval_loss=5.9005e+00 | val_loss=5.9029e+00 | | lr=1.00e-03
Saved best model to results/thesis_model_results/outputs/loss_comparison_picnn/PICNN__mse__minmax__seed42/picnn_state_dict_best.pt
Epoch 018 | train_loss=5.8603e+00 | train_eval_loss=5.8177e+00 | val_loss=5.8201e+00 | | lr=1.00e-03
Saved best model to results/thesis_model_results/outputs/loss_comparison_picnn/PICNN__mse__minmax__seed42/picnn_state_dict_best.pt
Epoch 019 | train_loss=5.7762e+00 | train_eval_loss=5.7321e+00 | val_loss=5.7344e+00 | | lr=1.00e-03
Saved best model to results/thesis_model_results/outputs/loss_comparison_picnn/PICNN__mse__minmax__seed42/picnn_state_dict_best.pt
Epoch 020 | train_loss=5.6892e+00 | train_eval_loss=5.6437e+00 | val_loss=5.6460e+00 | | lr=1.00e-03
Saved best model to results/thesis_model_results/outputs/loss_comparison_picnn/PICNN__mse__minmax__seed42/picnn_state_dict_best.pt
Epoch 021 | train_loss=5.5994e+00 | train_eval_loss=5.5525e+00 | val_loss=5.5547e+00 | | lr=1.00e-03
Saved best model to results/thesis_model_results/outputs/loss_comparison_picnn/PICNN__mse__minmax__seed42/picnn_state_dict_best.pt
Epoch 022 | train_loss=5.5069e+00 | train_eval_loss=5.4587e+00 | val_loss=5.4609e+00 | | lr=1.00e-03
Saved best model to results/thesis_model_results/outputs/loss_comparison_picnn/PICNN__mse__minmax__seed42/picnn_state_dict_best.pt
Epoch 023 | train_loss=5.4119e+00 | train_eval_loss=5.3624e+00 | val_loss=5.3646e+00 | | lr=1.00e-03
Saved best model to results/thesis_model_results/outputs/loss_comparison_picnn/PICNN__mse__minmax__seed42/picnn_state_dict_best.pt
Epoch 024 | train_loss=5.3144e+00 | train_eval_loss=5.2637e+00 | val_loss=5.2658e+00 | | lr=1.00e-03
Saved best model to results/thesis_model_results/outputs/loss_comparison_picnn/PICNN__mse__minmax__seed42/picnn_state_dict_best.pt
Epoch 025 | train_loss=5.2145e+00 | train_eval_loss=5.1625e+00 | val_loss=5.1646e+00 | | lr=1.00e-03
Saved best model to results/thesis_model_results/outputs/loss_comparison_picnn/PICNN__mse__minmax__seed42/picnn_state_dict_best.pt
Epoch 026 | train_loss=5.1123e+00 | train_eval_loss=5.0592e+00 | val_loss=5.0612e+00 | | lr=1.00e-03
Saved best model to results/thesis_model_results/outputs/loss_comparison_picnn/PICNN__mse__minmax__seed42/picnn_state_dict_best.pt
Epoch 027 | train_loss=5.0079e+00 | train_eval_loss=4.9537e+00 | val_loss=4.9556e+00 | | lr=1.00e-03
Saved best model to results/thesis_model_results/outputs/loss_comparison_picnn/PICNN__mse__minmax__seed42/picnn_state_dict_best.pt
Epoch 028 | train_loss=4.9014e+00 | train_eval_loss=4.8461e+00 | val_loss=4.8480e+00 | | lr=1.00e-03
Saved best model to results/thesis_model_results/outputs/loss_comparison_picnn/PICNN__mse__minmax__seed42/picnn_state_dict_best.pt
Epoch 029 | train_loss=4.7928e+00 | train_eval_loss=4.7367e+00 | val_loss=4.7386e+00 | | lr=1.00e-03
Saved best model to results/thesis_model_results/outputs/loss_comparison_picnn/PICNN__mse__minmax__seed42/picnn_state_dict_best.pt
Epoch 030 | train_loss=4.6825e+00 | train_eval_loss=4.6254e+00 | val_loss=4.6272e+00 | | lr=1.00e-03
Saved best model to results/thesis_model_results/outputs/loss_comparison_picnn/PICNN__mse__minmax__seed42/picnn_state_dict_best.pt
Epoch 031 | train_loss=4.5704e+00 | train_eval_loss=4.5124e+00 | val_loss=4.5142e+00 | | lr=1.00e-03
Saved best model to results/thesis_model_results/outputs/loss_comparison_picnn/PICNN__mse__minmax__seed42/picnn_state_dict_best.pt
Epoch 032 | train_loss=4.4567e+00 | train_eval_loss=4.3980e+00 | val_loss=4.3997e+00 | | lr=1.00e-03
Saved best model to results/thesis_model_results/outputs/loss_comparison_picnn/PICNN__mse__minmax__seed42/picnn_state_dict_best.pt
Epoch 033 | train_loss=4.3415e+00 | train_eval_loss=4.2820e+00 | val_loss=4.2837e+00 | | lr=1.00e-03
Saved best model to results/thesis_model_results/outputs/loss_comparison_picnn/PICNN__mse__minmax__seed42/picnn_state_dict_best.pt
Epoch 034 | train_loss=4.2249e+00 | train_eval_loss=4.1648e+00 | val_loss=4.1664e+00 | | lr=1.00e-03
Saved best model to results/thesis_model_results/outputs/loss_comparison_picnn/PICNN__mse__minmax__seed42/picnn_state_dict_best.pt
Epoch 035 | train_loss=4.1071e+00 | train_eval_loss=4.0465e+00 | val_loss=4.0480e+00 | | lr=1.00e-03
Saved best model to results/thesis_model_results/outputs/loss_comparison_picnn/PICNN__mse__minmax__seed42/picnn_state_dict_best.pt
Epoch 036 | train_loss=3.9883e+00 | train_eval_loss=3.9271e+00 | val_loss=3.9286e+00 | | lr=1.00e-03
Saved best model to results/thesis_model_results/outputs/loss_comparison_picnn/PICNN__mse__minmax__seed42/picnn_state_dict_best.pt
Epoch 037 | train_loss=3.8686e+00 | train_eval_loss=3.8070e+00 | val_loss=3.8084e+00 | | lr=1.00e-03
Saved best model to results/thesis_model_results/outputs/loss_comparison_picnn/PICNN__mse__minmax__seed42/picnn_state_dict_best.pt
Epoch 038 | train_loss=3.7481e+00 | train_eval_loss=3.6863e+00 | val_loss=3.6876e+00 | | lr=1.00e-03
Saved best model to results/thesis_model_results/outputs/loss_comparison_picnn/PICNN__mse__minmax__seed42/picnn_state_dict_best.pt
Epoch 039 | train_loss=3.6271e+00 | train_eval_loss=3.5650e+00 | val_loss=3.5663e+00 | | lr=1.00e-03
Saved best model to results/thesis_model_results/outputs/loss_comparison_picnn/PICNN__mse__minmax__seed42/picnn_state_dict_best.pt
Epoch 040 | train_loss=3.5057e+00 | train_eval_loss=3.4435e+00 | val_loss=3.4447e+00 | | lr=1.00e-03
Saved best model to results/thesis_model_results/outputs/loss_comparison_picnn/PICNN__mse__minmax__seed42/picnn_state_dict_best.pt
Epoch 041 | train_loss=3.3840e+00 | train_eval_loss=3.3217e+00 | val_loss=3.3229e+00 | | lr=1.00e-03
Saved best model to results/thesis_model_results/outputs/loss_comparison_picnn/PICNN__mse__minmax__seed42/picnn_state_dict_best.pt
Epoch 042 | train_loss=3.2624e+00 | train_eval_loss=3.2001e+00 | val_loss=3.2012e+00 | | lr=1.00e-03
Saved best model to results/thesis_model_results/outputs/loss_comparison_picnn/PICNN__mse__minmax__seed42/picnn_state_dict_best.pt
Epoch 043 | train_loss=3.1408e+00 | train_eval_loss=3.0787e+00 | val_loss=3.0798e+00 | | lr=1.00e-03
Saved best model to results/thesis_model_results/outputs/loss_comparison_picnn/PICNN__mse__minmax__seed42/picnn_state_dict_best.pt
Epoch 044 | train_loss=3.0196e+00 | train_eval_loss=2.9577e+00 | val_loss=2.9587e+00 | | lr=1.00e-03
Saved best model to results/thesis_model_results/outputs/loss_comparison_picnn/PICNN__mse__minmax__seed42/picnn_state_dict_best.pt
Epoch 045 | train_loss=2.8989e+00 | train_eval_loss=2.8374e+00 | val_loss=2.8383e+00 | | lr=1.00e-03
Saved best model to results/thesis_model_results/outputs/loss_comparison_picnn/PICNN__mse__minmax__seed42/picnn_state_dict_best.pt
Epoch 046 | train_loss=2.7789e+00 | train_eval_loss=2.7178e+00 | val_loss=2.7187e+00 | | lr=1.00e-03
Saved best model to results/thesis_model_results/outputs/loss_comparison_picnn/PICNN__mse__minmax__seed42/picnn_state_dict_best.pt
Epoch 047 | train_loss=2.6598e+00 | train_eval_loss=2.5992e+00 | val_loss=2.6001e+00 | | lr=1.00e-03
Saved best model to results/thesis_model_results/outputs/loss_comparison_picnn/PICNN__mse__minmax__seed42/picnn_state_dict_best.pt
Epoch 048 | train_loss=2.5418e+00 | train_eval_loss=2.4818e+00 | val_loss=2.4826e+00 | | lr=1.00e-03
Saved best model to results/thesis_model_results/outputs/loss_comparison_picnn/PICNN__mse__minmax__seed42/picnn_state_dict_best.pt
Epoch 049 | train_loss=2.4252e+00 | train_eval_loss=2.3660e+00 | val_loss=2.3667e+00 | | lr=1.00e-03
Saved best model to results/thesis_model_results/outputs/loss_comparison_picnn/PICNN__mse__minmax__seed42/picnn_state_dict_best.pt
Epoch 050 | train_loss=2.3101e+00 | train_eval_loss=2.2517e+00 | val_loss=2.2524e+00 | | lr=1.00e-03
Saved best model to results/thesis_model_results/outputs/loss_comparison_picnn/PICNN__mse__minmax__seed42/picnn_state_dict_best.pt
Epoch 051 | train_loss=2.1965e+00 | train_eval_loss=2.1391e+00 | val_loss=2.1397e+00 | | lr=1.00e-03
Saved best model to results/thesis_model_results/outputs/loss_comparison_picnn/PICNN__mse__minmax__seed42/picnn_state_dict_best.pt
Epoch 052 | train_loss=2.0849e+00 | train_eval_loss=2.0286e+00 | val_loss=2.0291e+00 | | lr=1.00e-03
Saved best model to results/thesis_model_results/outputs/loss_comparison_picnn/PICNN__mse__minmax__seed42/picnn_state_dict_best.pt
Epoch 053 | train_loss=1.9754e+00 | train_eval_loss=1.9201e+00 | val_loss=1.9206e+00 | | lr=1.00e-03
Saved best model to results/thesis_model_results/outputs/loss_comparison_picnn/PICNN__mse__minmax__seed42/picnn_state_dict_best.pt
Epoch 054 | train_loss=1.8681e+00 | train_eval_loss=1.8140e+00 | val_loss=1.8145e+00 | | lr=1.00e-03
Saved best model to results/thesis_model_results/outputs/loss_comparison_picnn/PICNN__mse__minmax__seed42/picnn_state_dict_best.pt
Epoch 055 | train_loss=1.7632e+00 | train_eval_loss=1.7104e+00 | val_loss=1.7108e+00 | | lr=1.00e-03
Saved best model to results/thesis_model_results/outputs/loss_comparison_picnn/PICNN__mse__minmax__seed42/picnn_state_dict_best.pt
Epoch 056 | train_loss=1.6609e+00 | train_eval_loss=1.6094e+00 | val_loss=1.6098e+00 | | lr=1.00e-03
Saved best model to results/thesis_model_results/outputs/loss_comparison_picnn/PICNN__mse__minmax__seed42/picnn_state_dict_best.pt
Epoch 057 | train_loss=1.5614e+00 | train_eval_loss=1.5114e+00 | val_loss=1.5117e+00 | | lr=1.00e-03
Saved best model to results/thesis_model_results/outputs/loss_comparison_picnn/PICNN__mse__minmax__seed42/picnn_state_dict_best.pt
Epoch 058 | train_loss=1.4647e+00 | train_eval_loss=1.4162e+00 | val_loss=1.4165e+00 | | lr=1.00e-03
Saved best model to results/thesis_model_results/outputs/loss_comparison_picnn/PICNN__mse__minmax__seed42/picnn_state_dict_best.pt
Epoch 059 | train_loss=1.3711e+00 | train_eval_loss=1.3242e+00 | val_loss=1.3244e+00 | | lr=1.00e-03
Saved best model to results/thesis_model_results/outputs/loss_comparison_picnn/PICNN__mse__minmax__seed42/picnn_state_dict_best.pt
Epoch 060 | train_loss=1.2806e+00 | train_eval_loss=1.2354e+00 | val_loss=1.2356e+00 | | lr=1.00e-03
Saved best model to results/thesis_model_results/outputs/loss_comparison_picnn/PICNN__mse__minmax__seed42/picnn_state_dict_best.pt
Epoch 061 | train_loss=1.1934e+00 | train_eval_loss=1.1498e+00 | val_loss=1.1500e+00 | | lr=1.00e-03
Saved best model to results/thesis_model_results/outputs/loss_comparison_picnn/PICNN__mse__minmax__seed42/picnn_state_dict_best.pt
Epoch 062 | train_loss=1.1095e+00 | train_eval_loss=1.0678e+00 | val_loss=1.0679e+00 | | lr=1.00e-03
Saved best model to results/thesis_model_results/outputs/loss_comparison_picnn/PICNN__mse__minmax__seed42/picnn_state_dict_best.pt
Epoch 063 | train_loss=1.0291e+00 | train_eval_loss=9.8919e-01 | val_loss=9.8924e-01 | | lr=1.00e-03
Saved best model to results/thesis_model_results/outputs/loss_comparison_picnn/PICNN__mse__minmax__seed42/picnn_state_dict_best.pt
Epoch 064 | train_loss=9.5226e-01 | train_eval_loss=9.1415e-01 | val_loss=9.1417e-01 | | lr=1.00e-03
Saved best model to results/thesis_model_results/outputs/loss_comparison_picnn/PICNN__mse__minmax__seed42/picnn_state_dict_best.pt
Epoch 065 | train_loss=8.7897e-01 | train_eval_loss=8.4272e-01 | val_loss=8.4270e-01 | | lr=1.00e-03
Saved best model to results/thesis_model_results/outputs/loss_comparison_picnn/PICNN__mse__minmax__seed42/picnn_state_dict_best.pt
Epoch 066 | train_loss=8.0932e-01 | train_eval_loss=7.7488e-01 | val_loss=7.7483e-01 | | lr=1.00e-03
Saved best model to results/thesis_model_results/outputs/loss_comparison_picnn/PICNN__mse__minmax__seed42/picnn_state_dict_best.pt
Epoch 067 | train_loss=7.4330e-01 | train_eval_loss=7.1076e-01 | val_loss=7.1068e-01 | | lr=1.00e-03
Saved best model to results/thesis_model_results/outputs/loss_comparison_picnn/PICNN__mse__minmax__seed42/picnn_state_dict_best.pt
Epoch 068 | train_loss=6.8097e-01 | train_eval_loss=6.5029e-01 | val_loss=6.5018e-01 | | lr=1.00e-03
Saved best model to results/thesis_model_results/outputs/loss_comparison_picnn/PICNN__mse__minmax__seed42/picnn_state_dict_best.pt
Epoch 069 | train_loss=6.2225e-01 | train_eval_loss=5.9347e-01 | val_loss=5.9333e-01 | | lr=1.00e-03
Saved best model to results/thesis_model_results/outputs/loss_comparison_picnn/PICNN__mse__minmax__seed42/picnn_state_dict_best.pt
Epoch 070 | train_loss=5.6717e-01 | train_eval_loss=5.4018e-01 | val_loss=5.4002e-01 | | lr=1.00e-03
Saved best model to results/thesis_model_results/outputs/loss_comparison_picnn/PICNN__mse__minmax__seed42/picnn_state_dict_best.pt
Epoch 071 | train_loss=5.1565e-01 | train_eval_loss=4.9050e-01 | val_loss=4.9031e-01 | | lr=1.00e-03
Saved best model to results/thesis_model_results/outputs/loss_comparison_picnn/PICNN__mse__minmax__seed42/picnn_state_dict_best.pt
Epoch 072 | train_loss=4.6767e-01 | train_eval_loss=4.4429e-01 | val_loss=4.4408e-01 | | lr=1.00e-03
Saved best model to results/thesis_model_results/outputs/loss_comparison_picnn/PICNN__mse__minmax__seed42/picnn_state_dict_best.pt
Epoch 073 | train_loss=4.2312e-01 | train_eval_loss=4.0148e-01 | val_loss=4.0125e-01 | | lr=1.00e-03
Saved best model to results/thesis_model_results/outputs/loss_comparison_picnn/PICNN__mse__minmax__seed42/picnn_state_dict_best.pt
Epoch 074 | train_loss=3.8192e-01 | train_eval_loss=3.6197e-01 | val_loss=3.6172e-01 | | lr=1.00e-03
Saved best model to results/thesis_model_results/outputs/loss_comparison_picnn/PICNN__mse__minmax__seed42/picnn_state_dict_best.pt
Epoch 075 | train_loss=3.4399e-01 | train_eval_loss=3.2565e-01 | val_loss=3.2539e-01 | | lr=1.00e-03
Saved best model to results/thesis_model_results/outputs/loss_comparison_picnn/PICNN__mse__minmax__seed42/picnn_state_dict_best.pt
Epoch 076 | train_loss=3.0919e-01 | train_eval_loss=2.9243e-01 | val_loss=2.9215e-01 | | lr=1.00e-03
Saved best model to results/thesis_model_results/outputs/loss_comparison_picnn/PICNN__mse__minmax__seed42/picnn_state_dict_best.pt
Epoch 077 | train_loss=2.7741e-01 | train_eval_loss=2.6216e-01 | val_loss=2.6186e-01 | | lr=1.00e-03
Saved best model to results/thesis_model_results/outputs/loss_comparison_picnn/PICNN__mse__minmax__seed42/picnn_state_dict_best.pt
Epoch 078 | train_loss=2.4851e-01 | train_eval_loss=2.3467e-01 | val_loss=2.3436e-01 | | lr=1.00e-03
Saved best model to results/thesis_model_results/outputs/loss_comparison_picnn/PICNN__mse__minmax__seed42/picnn_state_dict_best.pt
Epoch 079 | train_loss=2.2235e-01 | train_eval_loss=2.0986e-01 | val_loss=2.0954e-01 | | lr=1.00e-03
Saved best model to results/thesis_model_results/outputs/loss_comparison_picnn/PICNN__mse__minmax__seed42/picnn_state_dict_best.pt
Epoch 080 | train_loss=1.9877e-01 | train_eval_loss=1.8757e-01 | val_loss=1.8724e-01 | | lr=1.00e-03
Saved best model to results/thesis_model_results/outputs/loss_comparison_picnn/PICNN__mse__minmax__seed42/picnn_state_dict_best.pt
Epoch 081 | train_loss=1.7764e-01 | train_eval_loss=1.6763e-01 | val_loss=1.6729e-01 | | lr=1.00e-03
Saved best model to results/thesis_model_results/outputs/loss_comparison_picnn/PICNN__mse__minmax__seed42/picnn_state_dict_best.pt
Epoch 082 | train_loss=1.5879e-01 | train_eval_loss=1.4988e-01 | val_loss=1.4953e-01 | | lr=1.00e-03
Saved best model to results/thesis_model_results/outputs/loss_comparison_picnn/PICNN__mse__minmax__seed42/picnn_state_dict_best.pt
Epoch 083 | train_loss=1.4204e-01 | train_eval_loss=1.3416e-01 | val_loss=1.3380e-01 | | lr=1.00e-03
Saved best model to results/thesis_model_results/outputs/loss_comparison_picnn/PICNN__mse__minmax__seed42/picnn_state_dict_best.pt
Epoch 084 | train_loss=1.2725e-01 | train_eval_loss=1.2032e-01 | val_loss=1.1996e-01 | | lr=1.00e-03
Saved best model to results/thesis_model_results/outputs/loss_comparison_picnn/PICNN__mse__minmax__seed42/picnn_state_dict_best.pt
Epoch 085 | train_loss=1.1426e-01 | train_eval_loss=1.0819e-01 | val_loss=1.0782e-01 | | lr=1.00e-03
Saved best model to results/thesis_model_results/outputs/loss_comparison_picnn/PICNN__mse__minmax__seed42/picnn_state_dict_best.pt
Epoch 086 | train_loss=1.0291e-01 | train_eval_loss=9.7620e-02 | val_loss=9.7247e-02 | | lr=1.00e-03
Saved best model to results/thesis_model_results/outputs/loss_comparison_picnn/PICNN__mse__minmax__seed42/picnn_state_dict_best.pt
Epoch 087 | train_loss=9.3046e-02 | train_eval_loss=8.8473e-02 | val_loss=8.8097e-02 | | lr=1.00e-03
Saved best model to results/thesis_model_results/outputs/loss_comparison_picnn/PICNN__mse__minmax__seed42/picnn_state_dict_best.pt
Epoch 088 | train_loss=8.4524e-02 | train_eval_loss=8.0589e-02 | val_loss=8.0209e-02 | | lr=1.00e-03
Saved best model to results/thesis_model_results/outputs/loss_comparison_picnn/PICNN__mse__minmax__seed42/picnn_state_dict_best.pt
Epoch 089 | train_loss=7.7203e-02 | train_eval_loss=7.3836e-02 | val_loss=7.3453e-02 | | lr=1.00e-03
Saved best model to results/thesis_model_results/outputs/loss_comparison_picnn/PICNN__mse__minmax__seed42/picnn_state_dict_best.pt
Epoch 090 | train_loss=7.0946e-02 | train_eval_loss=6.8082e-02 | val_loss=6.7697e-02 | | lr=1.00e-03
Saved best model to results/thesis_model_results/outputs/loss_comparison_picnn/PICNN__mse__minmax__seed42/picnn_state_dict_best.pt
Epoch 091 | train_loss=6.5628e-02 | train_eval_loss=6.3205e-02 | val_loss=6.2818e-02 | | lr=1.00e-03
Saved best model to results/thesis_model_results/outputs/loss_comparison_picnn/PICNN__mse__minmax__seed42/picnn_state_dict_best.pt
Epoch 092 | train_loss=6.1135e-02 | train_eval_loss=5.9091e-02 | val_loss=5.8703e-02 | | lr=1.00e-03
Saved best model to results/thesis_model_results/outputs/loss_comparison_picnn/PICNN__mse__minmax__seed42/picnn_state_dict_best.pt
Epoch 093 | train_loss=5.7359e-02 | train_eval_loss=5.5651e-02 | val_loss=5.5263e-02 | | lr=1.00e-03
Saved best model to results/thesis_model_results/outputs/loss_comparison_picnn/PICNN__mse__minmax__seed42/picnn_state_dict_best.pt
Epoch 094 | train_loss=5.4202e-02 | train_eval_loss=5.2777e-02 | val_loss=5.2388e-02 | | lr=1.00e-03
Saved best model to results/thesis_model_results/outputs/loss_comparison_picnn/PICNN__mse__minmax__seed42/picnn_state_dict_best.pt
Epoch 095 | train_loss=5.1575e-02 | train_eval_loss=5.0392e-02 | val_loss=5.0003e-02 | | lr=1.00e-03
Saved best model to results/thesis_model_results/outputs/loss_comparison_picnn/PICNN__mse__minmax__seed42/picnn_state_dict_best.pt
Epoch 096 | train_loss=4.9397e-02 | train_eval_loss=4.8415e-02 | val_loss=4.8026e-02 | | lr=1.00e-03
Saved best model to results/thesis_model_results/outputs/loss_comparison_picnn/PICNN__mse__minmax__seed42/picnn_state_dict_best.pt
Epoch 097 | train_loss=4.7597e-02 | train_eval_loss=4.6787e-02 | val_loss=4.6397e-02 | | lr=1.00e-03
Saved best model to results/thesis_model_results/outputs/loss_comparison_picnn/PICNN__mse__minmax__seed42/picnn_state_dict_best.pt
Epoch 098 | train_loss=4.6112e-02 | train_eval_loss=4.5446e-02 | val_loss=4.5057e-02 | | lr=1.00e-03
Saved best model to results/thesis_model_results/outputs/loss_comparison_picnn/PICNN__mse__minmax__seed42/picnn_state_dict_best.pt
Epoch 099 | train_loss=4.4887e-02 | train_eval_loss=4.4337e-02 | val_loss=4.3948e-02 | | lr=1.00e-03
Saved best model to results/thesis_model_results/outputs/loss_comparison_picnn/PICNN__mse__minmax__seed42/picnn_state_dict_best.pt
Epoch 100 | train_loss=4.3875e-02 | train_eval_loss=4.3417e-02 | val_loss=4.3028e-02 | | lr=1.00e-03
Saved best model to results/thesis_model_results/outputs/loss_comparison_picnn/PICNN__mse__minmax__seed42/picnn_state_dict_best.pt
Epoch 101 | train_loss=4.3036e-02 | train_eval_loss=4.2656e-02 | val_loss=4.2268e-02 | | lr=1.00e-03
Saved best model to results/thesis_model_results/outputs/loss_comparison_picnn/PICNN__mse__minmax__seed42/picnn_state_dict_best.pt
Epoch 102 | train_loss=4.2337e-02 | train_eval_loss=4.2021e-02 | val_loss=4.1634e-02 | | lr=1.00e-03
Saved best model to results/thesis_model_results/outputs/loss_comparison_picnn/PICNN__mse__minmax__seed42/picnn_state_dict_best.pt
Epoch 103 | train_loss=4.1750e-02 | train_eval_loss=4.1483e-02 | val_loss=4.1096e-02 | | lr=1.00e-03
Saved best model to results/thesis_model_results/outputs/loss_comparison_picnn/PICNN__mse__minmax__seed42/picnn_state_dict_best.pt
Epoch 104 | train_loss=4.1252e-02 | train_eval_loss=4.1021e-02 | val_loss=4.0635e-02 | | lr=1.00e-03
Saved best model to results/thesis_model_results/outputs/loss_comparison_picnn/PICNN__mse__minmax__seed42/picnn_state_dict_best.pt
Epoch 105 | train_loss=4.0824e-02 | train_eval_loss=4.0625e-02 | val_loss=4.0240e-02 | | lr=1.00e-03
Saved best model to results/thesis_model_results/outputs/loss_comparison_picnn/PICNN__mse__minmax__seed42/picnn_state_dict_best.pt
Epoch 106 | train_loss=4.0451e-02 | train_eval_loss=4.0276e-02 | val_loss=3.9891e-02 | | lr=1.00e-03
Saved best model to results/thesis_model_results/outputs/loss_comparison_picnn/PICNN__mse__minmax__seed42/picnn_state_dict_best.pt
Epoch 107 | train_loss=4.0120e-02 | train_eval_loss=3.9963e-02 | val_loss=3.9578e-02 | | lr=1.00e-03
Saved best model to results/thesis_model_results/outputs/loss_comparison_picnn/PICNN__mse__minmax__seed42/picnn_state_dict_best.pt
Epoch 108 | train_loss=3.9823e-02 | train_eval_loss=3.9680e-02 | val_loss=3.9296e-02 | | lr=1.00e-03
Saved best model to results/thesis_model_results/outputs/loss_comparison_picnn/PICNN__mse__minmax__seed42/picnn_state_dict_best.pt
Epoch 109 | train_loss=3.9551e-02 | train_eval_loss=3.9419e-02 | val_loss=3.9036e-02 | | lr=1.00e-03
Saved best model to results/thesis_model_results/outputs/loss_comparison_picnn/PICNN__mse__minmax__seed42/picnn_state_dict_best.pt
Epoch 110 | train_loss=3.9300e-02 | train_eval_loss=3.9176e-02 | val_loss=3.8794e-02 | | lr=1.00e-03
Saved best model to results/thesis_model_results/outputs/loss_comparison_picnn/PICNN__mse__minmax__seed42/picnn_state_dict_best.pt
Epoch 111 | train_loss=3.9065e-02 | train_eval_loss=3.8949e-02 | val_loss=3.8567e-02 | | lr=1.00e-03
Saved best model to results/thesis_model_results/outputs/loss_comparison_picnn/PICNN__mse__minmax__seed42/picnn_state_dict_best.pt
Epoch 112 | train_loss=3.8842e-02 | train_eval_loss=3.8731e-02 | val_loss=3.8350e-02 | | lr=1.00e-03
Saved best model to results/thesis_model_results/outputs/loss_comparison_picnn/PICNN__mse__minmax__seed42/picnn_state_dict_best.pt
Epoch 113 | train_loss=3.8630e-02 | train_eval_loss=3.8524e-02 | val_loss=3.8143e-02 | | lr=1.00e-03
Saved best model to results/thesis_model_results/outputs/loss_comparison_picnn/PICNN__mse__minmax__seed42/picnn_state_dict_best.pt
Epoch 114 | train_loss=3.8426e-02 | train_eval_loss=3.8325e-02 | val_loss=3.7945e-02 | | lr=1.00e-03
Saved best model to results/thesis_model_results/outputs/loss_comparison_picnn/PICNN__mse__minmax__seed42/picnn_state_dict_best.pt
Epoch 115 | train_loss=3.8230e-02 | train_eval_loss=3.8131e-02 | val_loss=3.7752e-02 | | lr=1.00e-03
Saved best model to results/thesis_model_results/outputs/loss_comparison_picnn/PICNN__mse__minmax__seed42/picnn_state_dict_best.pt
Epoch 116 | train_loss=3.8041e-02 | train_eval_loss=3.7945e-02 | val_loss=3.7567e-02 | | lr=1.00e-03
Saved best model to results/thesis_model_results/outputs/loss_comparison_picnn/PICNN__mse__minmax__seed42/picnn_state_dict_best.pt
Epoch 117 | train_loss=3.7857e-02 | train_eval_loss=3.7765e-02 | val_loss=3.7387e-02 | | lr=1.00e-03
Saved best model to results/thesis_model_results/outputs/loss_comparison_picnn/PICNN__mse__minmax__seed42/picnn_state_dict_best.pt
Epoch 118 | train_loss=3.7679e-02 | train_eval_loss=3.7589e-02 | val_loss=3.7212e-02 | | lr=1.00e-03
Saved best model to results/thesis_model_results/outputs/loss_comparison_picnn/PICNN__mse__minmax__seed42/picnn_state_dict_best.pt
Epoch 119 | train_loss=3.7506e-02 | train_eval_loss=3.7418e-02 | val_loss=3.7042e-02 | | lr=1.00e-03
Saved best model to results/thesis_model_results/outputs/loss_comparison_picnn/PICNN__mse__minmax__seed42/picnn_state_dict_best.pt
Epoch 120 | train_loss=3.7337e-02 | train_eval_loss=3.7252e-02 | val_loss=3.6876e-02 | | lr=1.00e-03
Saved best model to results/thesis_model_results/outputs/loss_comparison_picnn/PICNN__mse__minmax__seed42/picnn_state_dict_best.pt
Epoch 121 | train_loss=3.7173e-02 | train_eval_loss=3.7090e-02 | val_loss=3.6714e-02 | | lr=1.00e-03
Saved best model to results/thesis_model_results/outputs/loss_comparison_picnn/PICNN__mse__minmax__seed42/picnn_state_dict_best.pt
Epoch 122 | train_loss=3.7012e-02 | train_eval_loss=3.6931e-02 | val_loss=3.6556e-02 | | lr=1.00e-03
Saved best model to results/thesis_model_results/outputs/loss_comparison_picnn/PICNN__mse__minmax__seed42/picnn_state_dict_best.pt
Epoch 123 | train_loss=3.6855e-02 | train_eval_loss=3.6776e-02 | val_loss=3.6402e-02 | | lr=1.00e-03
Saved best model to results/thesis_model_results/outputs/loss_comparison_picnn/PICNN__mse__minmax__seed42/picnn_state_dict_best.pt
Epoch 124 | train_loss=3.6702e-02 | train_eval_loss=3.6624e-02 | val_loss=3.6250e-02 | | lr=1.00e-03
Saved best model to results/thesis_model_results/outputs/loss_comparison_picnn/PICNN__mse__minmax__seed42/picnn_state_dict_best.pt
Epoch 125 | train_loss=3.6551e-02 | train_eval_loss=3.6475e-02 | val_loss=3.6102e-02 | | lr=1.00e-03
Saved best model to results/thesis_model_results/outputs/loss_comparison_picnn/PICNN__mse__minmax__seed42/picnn_state_dict_best.pt
Epoch 126 | train_loss=3.6404e-02 | train_eval_loss=3.6329e-02 | val_loss=3.5956e-02 | | lr=1.00e-03
Saved best model to results/thesis_model_results/outputs/loss_comparison_picnn/PICNN__mse__minmax__seed42/picnn_state_dict_best.pt
Epoch 127 | train_loss=3.6259e-02 | train_eval_loss=3.6184e-02 | val_loss=3.5813e-02 | | lr=1.00e-03
Saved best model to results/thesis_model_results/outputs/loss_comparison_picnn/PICNN__mse__minmax__seed42/picnn_state_dict_best.pt
Epoch 128 | train_loss=3.6116e-02 | train_eval_loss=3.6043e-02 | val_loss=3.5672e-02 | | lr=1.00e-03
Saved best model to results/thesis_model_results/outputs/loss_comparison_picnn/PICNN__mse__minmax__seed42/picnn_state_dict_best.pt
Epoch 129 | train_loss=3.5975e-02 | train_eval_loss=3.5903e-02 | val_loss=3.5533e-02 | | lr=1.00e-03
Saved best model to results/thesis_model_results/outputs/loss_comparison_picnn/PICNN__mse__minmax__seed42/picnn_state_dict_best.pt
Epoch 130 | train_loss=3.5835e-02 | train_eval_loss=3.5764e-02 | val_loss=3.5395e-02 | | lr=1.00e-03
Saved best model to results/thesis_model_results/outputs/loss_comparison_picnn/PICNN__mse__minmax__seed42/picnn_state_dict_best.pt
Epoch 131 | train_loss=3.5698e-02 | train_eval_loss=3.5627e-02 | val_loss=3.5259e-02 | | lr=1.00e-03
Saved best model to results/thesis_model_results/outputs/loss_comparison_picnn/PICNN__mse__minmax__seed42/picnn_state_dict_best.pt
Epoch 132 | train_loss=3.5561e-02 | train_eval_loss=3.5491e-02 | val_loss=3.5123e-02 | | lr=1.00e-03
Saved best model to results/thesis_model_results/outputs/loss_comparison_picnn/PICNN__mse__minmax__seed42/picnn_state_dict_best.pt
Epoch 133 | train_loss=3.5426e-02 | train_eval_loss=3.5356e-02 | val_loss=3.4990e-02 | | lr=1.00e-03
Saved best model to results/thesis_model_results/outputs/loss_comparison_picnn/PICNN__mse__minmax__seed42/picnn_state_dict_best.pt
Epoch 134 | train_loss=3.5291e-02 | train_eval_loss=3.5222e-02 | val_loss=3.4857e-02 | | lr=1.00e-03
Saved best model to results/thesis_model_results/outputs/loss_comparison_picnn/PICNN__mse__minmax__seed42/picnn_state_dict_best.pt
Epoch 135 | train_loss=3.5157e-02 | train_eval_loss=3.5088e-02 | val_loss=3.4723e-02 | | lr=1.00e-03
Saved best model to results/thesis_model_results/outputs/loss_comparison_picnn/PICNN__mse__minmax__seed42/picnn_state_dict_best.pt
Epoch 136 | train_loss=3.5024e-02 | train_eval_loss=3.4955e-02 | val_loss=3.4592e-02 | | lr=1.00e-03
Saved best model to results/thesis_model_results/outputs/loss_comparison_picnn/PICNN__mse__minmax__seed42/picnn_state_dict_best.pt
Epoch 137 | train_loss=3.4891e-02 | train_eval_loss=3.4822e-02 | val_loss=3.4460e-02 | | lr=1.00e-03
Saved best model to results/thesis_model_results/outputs/loss_comparison_picnn/PICNN__mse__minmax__seed42/picnn_state_dict_best.pt
Epoch 138 | train_loss=3.4758e-02 | train_eval_loss=3.4689e-02 | val_loss=3.4329e-02 | | lr=1.00e-03
Saved best model to results/thesis_model_results/outputs/loss_comparison_picnn/PICNN__mse__minmax__seed42/picnn_state_dict_best.pt
Epoch 139 | train_loss=3.4626e-02 | train_eval_loss=3.4557e-02 | val_loss=3.4197e-02 | | lr=1.00e-03
Saved best model to results/thesis_model_results/outputs/loss_comparison_picnn/PICNN__mse__minmax__seed42/picnn_state_dict_best.pt
Epoch 140 | train_loss=3.4493e-02 | train_eval_loss=3.4425e-02 | val_loss=3.4067e-02 | | lr=1.00e-03
Saved best model to results/thesis_model_results/outputs/loss_comparison_picnn/PICNN__mse__minmax__seed42/picnn_state_dict_best.pt
Epoch 141 | train_loss=3.4361e-02 | train_eval_loss=3.4293e-02 | val_loss=3.3936e-02 | | lr=1.00e-03
Saved best model to results/thesis_model_results/outputs/loss_comparison_picnn/PICNN__mse__minmax__seed42/picnn_state_dict_best.pt
Epoch 142 | train_loss=3.4229e-02 | train_eval_loss=3.4160e-02 | val_loss=3.3804e-02 | | lr=1.00e-03
Saved best model to results/thesis_model_results/outputs/loss_comparison_picnn/PICNN__mse__minmax__seed42/picnn_state_dict_best.pt
Epoch 143 | train_loss=3.4096e-02 | train_eval_loss=3.4028e-02 | val_loss=3.3673e-02 | | lr=1.00e-03
Saved best model to results/thesis_model_results/outputs/loss_comparison_picnn/PICNN__mse__minmax__seed42/picnn_state_dict_best.pt
Epoch 144 | train_loss=3.3964e-02 | train_eval_loss=3.3895e-02 | val_loss=3.3543e-02 | | lr=1.00e-03
Saved best model to results/thesis_model_results/outputs/loss_comparison_picnn/PICNN__mse__minmax__seed42/picnn_state_dict_best.pt
Epoch 145 | train_loss=3.3831e-02 | train_eval_loss=3.3762e-02 | val_loss=3.3411e-02 | | lr=1.00e-03
Saved best model to results/thesis_model_results/outputs/loss_comparison_picnn/PICNN__mse__minmax__seed42/picnn_state_dict_best.pt
Epoch 146 | train_loss=3.3698e-02 | train_eval_loss=3.3630e-02 | val_loss=3.3279e-02 | | lr=1.00e-03
Saved best model to results/thesis_model_results/outputs/loss_comparison_picnn/PICNN__mse__minmax__seed42/picnn_state_dict_best.pt
Epoch 147 | train_loss=3.3565e-02 | train_eval_loss=3.3497e-02 | val_loss=3.3149e-02 | | lr=1.00e-03
Saved best model to results/thesis_model_results/outputs/loss_comparison_picnn/PICNN__mse__minmax__seed42/picnn_state_dict_best.pt
Epoch 148 | train_loss=3.3432e-02 | train_eval_loss=3.3364e-02 | val_loss=3.3018e-02 | | lr=1.00e-03
Saved best model to results/thesis_model_results/outputs/loss_comparison_picnn/PICNN__mse__minmax__seed42/picnn_state_dict_best.pt
Epoch 149 | train_loss=3.3299e-02 | train_eval_loss=3.3230e-02 | val_loss=3.2886e-02 | | lr=1.00e-03
Saved best model to results/thesis_model_results/outputs/loss_comparison_picnn/PICNN__mse__minmax__seed42/picnn_state_dict_best.pt
Epoch 150 | train_loss=3.3166e-02 | train_eval_loss=3.3097e-02 | val_loss=3.2755e-02 | | lr=1.00e-03
Saved best model to results/thesis_model_results/outputs/loss_comparison_picnn/PICNN__mse__minmax__seed42/picnn_state_dict_best.pt
Epoch 151 | train_loss=3.3033e-02 | train_eval_loss=3.2964e-02 | val_loss=3.2623e-02 | | lr=1.00e-03
Saved best model to results/thesis_model_results/outputs/loss_comparison_picnn/PICNN__mse__minmax__seed42/picnn_state_dict_best.pt
Epoch 152 | train_loss=3.2900e-02 | train_eval_loss=3.2831e-02 | val_loss=3.2492e-02 | | lr=1.00e-03
Saved best model to results/thesis_model_results/outputs/loss_comparison_picnn/PICNN__mse__minmax__seed42/picnn_state_dict_best.pt
Epoch 153 | train_loss=3.2767e-02 | train_eval_loss=3.2698e-02 | val_loss=3.2361e-02 | | lr=1.00e-03
Saved best model to results/thesis_model_results/outputs/loss_comparison_picnn/PICNN__mse__minmax__seed42/picnn_state_dict_best.pt
Epoch 154 | train_loss=3.2633e-02 | train_eval_loss=3.2564e-02 | val_loss=3.2229e-02 | | lr=1.00e-03
Saved best model to results/thesis_model_results/outputs/loss_comparison_picnn/PICNN__mse__minmax__seed42/picnn_state_dict_best.pt
Epoch 155 | train_loss=3.2500e-02 | train_eval_loss=3.2430e-02 | val_loss=3.2097e-02 | | lr=1.00e-03
Saved best model to results/thesis_model_results/outputs/loss_comparison_picnn/PICNN__mse__minmax__seed42/picnn_state_dict_best.pt
Epoch 156 | train_loss=3.2366e-02 | train_eval_loss=3.2297e-02 | val_loss=3.1966e-02 | | lr=1.00e-03
Saved best model to results/thesis_model_results/outputs/loss_comparison_picnn/PICNN__mse__minmax__seed42/picnn_state_dict_best.pt
Epoch 157 | train_loss=3.2232e-02 | train_eval_loss=3.2163e-02 | val_loss=3.1835e-02 | | lr=1.00e-03
Saved best model to results/thesis_model_results/outputs/loss_comparison_picnn/PICNN__mse__minmax__seed42/picnn_state_dict_best.pt
Epoch 158 | train_loss=3.2098e-02 | train_eval_loss=3.2029e-02 | val_loss=3.1703e-02 | | lr=1.00e-03
Saved best model to results/thesis_model_results/outputs/loss_comparison_picnn/PICNN__mse__minmax__seed42/picnn_state_dict_best.pt
Epoch 159 | train_loss=3.1965e-02 | train_eval_loss=3.1895e-02 | val_loss=3.1570e-02 | | lr=1.00e-03
Saved best model to results/thesis_model_results/outputs/loss_comparison_picnn/PICNN__mse__minmax__seed42/picnn_state_dict_best.pt
Epoch 160 | train_loss=3.1831e-02 | train_eval_loss=3.1760e-02 | val_loss=3.1438e-02 | | lr=1.00e-03
Saved best model to results/thesis_model_results/outputs/loss_comparison_picnn/PICNN__mse__minmax__seed42/picnn_state_dict_best.pt
Epoch 161 | train_loss=3.1696e-02 | train_eval_loss=3.1626e-02 | val_loss=3.1307e-02 | | lr=1.00e-03
Saved best model to results/thesis_model_results/outputs/loss_comparison_picnn/PICNN__mse__minmax__seed42/picnn_state_dict_best.pt
Epoch 162 | train_loss=3.1561e-02 | train_eval_loss=3.1491e-02 | val_loss=3.1173e-02 | | lr=1.00e-03
Saved best model to results/thesis_model_results/outputs/loss_comparison_picnn/PICNN__mse__minmax__seed42/picnn_state_dict_best.pt
Epoch 163 | train_loss=3.1426e-02 | train_eval_loss=3.1355e-02 | val_loss=3.1039e-02 | | lr=1.00e-03
Saved best model to results/thesis_model_results/outputs/loss_comparison_picnn/PICNN__mse__minmax__seed42/picnn_state_dict_best.pt
Epoch 164 | train_loss=3.1290e-02 | train_eval_loss=3.1219e-02 | val_loss=3.0906e-02 | | lr=1.00e-03
Saved best model to results/thesis_model_results/outputs/loss_comparison_picnn/PICNN__mse__minmax__seed42/picnn_state_dict_best.pt
Epoch 165 | train_loss=3.1153e-02 | train_eval_loss=3.1081e-02 | val_loss=3.0771e-02 | | lr=1.00e-03
Saved best model to results/thesis_model_results/outputs/loss_comparison_picnn/PICNN__mse__minmax__seed42/picnn_state_dict_best.pt
Epoch 166 | train_loss=3.1016e-02 | train_eval_loss=3.0944e-02 | val_loss=3.0637e-02 | | lr=1.00e-03
Saved best model to results/thesis_model_results/outputs/loss_comparison_picnn/PICNN__mse__minmax__seed42/picnn_state_dict_best.pt
Epoch 167 | train_loss=3.0877e-02 | train_eval_loss=3.0805e-02 | val_loss=3.0499e-02 | | lr=1.00e-03
Saved best model to results/thesis_model_results/outputs/loss_comparison_picnn/PICNN__mse__minmax__seed42/picnn_state_dict_best.pt
Epoch 168 | train_loss=3.0737e-02 | train_eval_loss=3.0665e-02 | val_loss=3.0362e-02 | | lr=1.00e-03
Saved best model to results/thesis_model_results/outputs/loss_comparison_picnn/PICNN__mse__minmax__seed42/picnn_state_dict_best.pt
Epoch 169 | train_loss=3.0597e-02 | train_eval_loss=3.0524e-02 | val_loss=3.0224e-02 | | lr=1.00e-03
Saved best model to results/thesis_model_results/outputs/loss_comparison_picnn/PICNN__mse__minmax__seed42/picnn_state_dict_best.pt
Epoch 170 | train_loss=3.0456e-02 | train_eval_loss=3.0381e-02 | val_loss=3.0085e-02 | | lr=1.00e-03
Saved best model to results/thesis_model_results/outputs/loss_comparison_picnn/PICNN__mse__minmax__seed42/picnn_state_dict_best.pt
Epoch 171 | train_loss=3.0312e-02 | train_eval_loss=3.0237e-02 | val_loss=2.9944e-02 | | lr=1.00e-03
Saved best model to results/thesis_model_results/outputs/loss_comparison_picnn/PICNN__mse__minmax__seed42/picnn_state_dict_best.pt
Epoch 172 | train_loss=3.0168e-02 | train_eval_loss=3.0091e-02 | val_loss=2.9800e-02 | | lr=1.00e-03
Saved best model to results/thesis_model_results/outputs/loss_comparison_picnn/PICNN__mse__minmax__seed42/picnn_state_dict_best.pt
Epoch 173 | train_loss=3.0021e-02 | train_eval_loss=2.9944e-02 | val_loss=2.9655e-02 | | lr=1.00e-03
Saved best model to results/thesis_model_results/outputs/loss_comparison_picnn/PICNN__mse__minmax__seed42/picnn_state_dict_best.pt
Epoch 174 | train_loss=2.9872e-02 | train_eval_loss=2.9794e-02 | val_loss=2.9508e-02 | | lr=1.00e-03
Saved best model to results/thesis_model_results/outputs/loss_comparison_picnn/PICNN__mse__minmax__seed42/picnn_state_dict_best.pt
Epoch 175 | train_loss=2.9723e-02 | train_eval_loss=2.9642e-02 | val_loss=2.9361e-02 | | lr=1.00e-03
Saved best model to results/thesis_model_results/outputs/loss_comparison_picnn/PICNN__mse__minmax__seed42/picnn_state_dict_best.pt
Epoch 176 | train_loss=2.9569e-02 | train_eval_loss=2.9488e-02 | val_loss=2.9207e-02 | | lr=1.00e-03
Saved best model to results/thesis_model_results/outputs/loss_comparison_picnn/PICNN__mse__minmax__seed42/picnn_state_dict_best.pt
Epoch 177 | train_loss=2.9414e-02 | train_eval_loss=2.9331e-02 | val_loss=2.9054e-02 | | lr=1.00e-03
Saved best model to results/thesis_model_results/outputs/loss_comparison_picnn/PICNN__mse__minmax__seed42/picnn_state_dict_best.pt
Epoch 178 | train_loss=2.9256e-02 | train_eval_loss=2.9172e-02 | val_loss=2.8897e-02 | | lr=1.00e-03
Saved best model to results/thesis_model_results/outputs/loss_comparison_picnn/PICNN__mse__minmax__seed42/picnn_state_dict_best.pt
Epoch 179 | train_loss=2.9095e-02 | train_eval_loss=2.9010e-02 | val_loss=2.8738e-02 | | lr=1.00e-03
Saved best model to results/thesis_model_results/outputs/loss_comparison_picnn/PICNN__mse__minmax__seed42/picnn_state_dict_best.pt
Epoch 180 | train_loss=2.8931e-02 | train_eval_loss=2.8844e-02 | val_loss=2.8576e-02 | | lr=1.00e-03
Saved best model to results/thesis_model_results/outputs/loss_comparison_picnn/PICNN__mse__minmax__seed42/picnn_state_dict_best.pt
Epoch 181 | train_loss=2.8765e-02 | train_eval_loss=2.8677e-02 | val_loss=2.8410e-02 | | lr=1.00e-03
Saved best model to results/thesis_model_results/outputs/loss_comparison_picnn/PICNN__mse__minmax__seed42/picnn_state_dict_best.pt
Epoch 182 | train_loss=2.8595e-02 | train_eval_loss=2.8505e-02 | val_loss=2.8244e-02 | | lr=1.00e-03
Saved best model to results/thesis_model_results/outputs/loss_comparison_picnn/PICNN__mse__minmax__seed42/picnn_state_dict_best.pt
Epoch 183 | train_loss=2.8422e-02 | train_eval_loss=2.8330e-02 | val_loss=2.8071e-02 | | lr=1.00e-03
Saved best model to results/thesis_model_results/outputs/loss_comparison_picnn/PICNN__mse__minmax__seed42/picnn_state_dict_best.pt
Epoch 184 | train_loss=2.8245e-02 | train_eval_loss=2.8151e-02 | val_loss=2.7896e-02 | | lr=1.00e-03
Saved best model to results/thesis_model_results/outputs/loss_comparison_picnn/PICNN__mse__minmax__seed42/picnn_state_dict_best.pt
Epoch 185 | train_loss=2.8064e-02 | train_eval_loss=2.7969e-02 | val_loss=2.7717e-02 | | lr=1.00e-03
Saved best model to results/thesis_model_results/outputs/loss_comparison_picnn/PICNN__mse__minmax__seed42/picnn_state_dict_best.pt
Epoch 186 | train_loss=2.7881e-02 | train_eval_loss=2.7783e-02 | val_loss=2.7535e-02 | | lr=1.00e-03
Saved best model to results/thesis_model_results/outputs/loss_comparison_picnn/PICNN__mse__minmax__seed42/picnn_state_dict_best.pt
Epoch 187 | train_loss=2.7692e-02 | train_eval_loss=2.7593e-02 | val_loss=2.7348e-02 | | lr=1.00e-03
Saved best model to results/thesis_model_results/outputs/loss_comparison_picnn/PICNN__mse__minmax__seed42/picnn_state_dict_best.pt
Epoch 188 | train_loss=2.7501e-02 | train_eval_loss=2.7399e-02 | val_loss=2.7158e-02 | | lr=1.00e-03
Saved best model to results/thesis_model_results/outputs/loss_comparison_picnn/PICNN__mse__minmax__seed42/picnn_state_dict_best.pt
Epoch 189 | train_loss=2.7306e-02 | train_eval_loss=2.7202e-02 | val_loss=2.6963e-02 | | lr=1.00e-03
Saved best model to results/thesis_model_results/outputs/loss_comparison_picnn/PICNN__mse__minmax__seed42/picnn_state_dict_best.pt
Epoch 190 | train_loss=2.7106e-02 | train_eval_loss=2.7000e-02 | val_loss=2.6767e-02 | | lr=1.00e-03
Saved best model to results/thesis_model_results/outputs/loss_comparison_picnn/PICNN__mse__minmax__seed42/picnn_state_dict_best.pt
Epoch 191 | train_loss=2.6902e-02 | train_eval_loss=2.6794e-02 | val_loss=2.6565e-02 | | lr=1.00e-03
Saved best model to results/thesis_model_results/outputs/loss_comparison_picnn/PICNN__mse__minmax__seed42/picnn_state_dict_best.pt
Epoch 192 | train_loss=2.6694e-02 | train_eval_loss=2.6584e-02 | val_loss=2.6358e-02 | | lr=1.00e-03
Saved best model to results/thesis_model_results/outputs/loss_comparison_picnn/PICNN__mse__minmax__seed42/picnn_state_dict_best.pt
Epoch 193 | train_loss=2.6482e-02 | train_eval_loss=2.6370e-02 | val_loss=2.6147e-02 | | lr=1.00e-03
Saved best model to results/thesis_model_results/outputs/loss_comparison_picnn/PICNN__mse__minmax__seed42/picnn_state_dict_best.pt
Epoch 194 | train_loss=2.6266e-02 | train_eval_loss=2.6152e-02 | val_loss=2.5931e-02 | | lr=1.00e-03
Saved best model to results/thesis_model_results/outputs/loss_comparison_picnn/PICNN__mse__minmax__seed42/picnn_state_dict_best.pt
Epoch 195 | train_loss=2.6046e-02 | train_eval_loss=2.5929e-02 | val_loss=2.5716e-02 | | lr=1.00e-03
Saved best model to results/thesis_model_results/outputs/loss_comparison_picnn/PICNN__mse__minmax__seed42/picnn_state_dict_best.pt
Epoch 196 | train_loss=2.5820e-02 | train_eval_loss=2.5701e-02 | val_loss=2.5491e-02 | | lr=1.00e-03
Saved best model to results/thesis_model_results/outputs/loss_comparison_picnn/PICNN__mse__minmax__seed42/picnn_state_dict_best.pt
Epoch 197 | train_loss=2.5591e-02 | train_eval_loss=2.5469e-02 | val_loss=2.5263e-02 | | lr=1.00e-03
Saved best model to results/thesis_model_results/outputs/loss_comparison_picnn/PICNN__mse__minmax__seed42/picnn_state_dict_best.pt
Epoch 198 | train_loss=2.5357e-02 | train_eval_loss=2.5233e-02 | val_loss=2.5032e-02 | | lr=1.00e-03
Saved best model to results/thesis_model_results/outputs/loss_comparison_picnn/PICNN__mse__minmax__seed42/picnn_state_dict_best.pt
Epoch 199 | train_loss=2.5119e-02 | train_eval_loss=2.4993e-02 | val_loss=2.4795e-02 | | lr=1.00e-03
Saved best model to results/thesis_model_results/outputs/loss_comparison_picnn/PICNN__mse__minmax__seed42/picnn_state_dict_best.pt
Epoch 200 | train_loss=2.4876e-02 | train_eval_loss=2.4748e-02 | val_loss=2.4556e-02 | | lr=1.00e-03
Saved best model to results/thesis_model_results/outputs/loss_comparison_picnn/PICNN__mse__minmax__seed42/picnn_state_dict_best.pt
Saved training logs to results/thesis_model_results/outputs/loss_comparison_picnn/PICNN__mse__minmax__seed42/training_summary.txt
Test RMSE(rocof_COI) = 0.2435 | norm: 0.1847 | real_diff: 0.1945
Test RMSE(dev_COI) = 0.4748 | norm: 0.1761 | real_diff: 0.3792
Test RMSE(Delta_P_IBR_1) = 0.9080 | norm: 0.1434 | real_diff: 0.7172
Test RMSE(Delta_P_IBR_2) = 1.1243 | norm: 0.1564 | real_diff: 0.9029
Test RMSE(Delta_P_IBR_3) = 0.7794 | norm: 0.1368 | real_diff: 0.6197
Test RMSE(Delta_P_IBR_4) = 1.2451 | norm: 0.1287 | real_diff: 0.9904
Saved RMSE results to results/thesis_model_results/outputs/loss_comparison_picnn/PICNN__mse__minmax__seed42/rmse_results.txt
Saved detailed metrics to results/thesis_model_results/outputs/loss_comparison_picnn/PICNN__mse__minmax__seed42/metrics_by_target.csv
Saved aggregate metrics to results/thesis_model_results/outputs/loss_comparison_picnn/PICNN__mse__minmax__seed42/metrics_summary.json
Saved loss curves to results/thesis_model_results/outputs/loss_comparison_picnn/PICNN__mse__minmax__seed42/loss_curve.png
Saved scatter plot results/thesis_model_results/outputs/loss_comparison_picnn/PICNN__mse__minmax__seed42/scatter_rocof_COI.png
Saved scatter plot results/thesis_model_results/outputs/loss_comparison_picnn/PICNN__mse__minmax__seed42/scatter_dev_COI.png
Saved scatter plot results/thesis_model_results/outputs/loss_comparison_picnn/PICNN__mse__minmax__seed42/scatter_Delta_P_IBR_1.png
Saved scatter plot results/thesis_model_results/outputs/loss_comparison_picnn/PICNN__mse__minmax__seed42/scatter_Delta_P_IBR_2.png
Saved scatter plot results/thesis_model_results/outputs/loss_comparison_picnn/PICNN__mse__minmax__seed42/scatter_Delta_P_IBR_3.png
Saved scatter plot results/thesis_model_results/outputs/loss_comparison_picnn/PICNN__mse__minmax__seed42/scatter_Delta_P_IBR_4.png
Saved model to results/thesis_model_results/outputs/loss_comparison_picnn/PICNN__mse__minmax__seed42/picnn_state_dict.pt
Loss type: l1 | weights=[]
Target stats (scaled):
train mean=[0.549  0.589  0.492  0.4884 0.4785 0.4192]
train std=[0.1365 0.1371 0.1141 0.1063 0.1158 0.1138]
train q05=[0.3074 0.3979 0.3192 0.303  0.3347 0.2205]
train q95=[0.7933 0.8652 0.6719 0.6491 0.6927 0.6016]
val mean=[0.5473 0.5873 0.4922 0.4893 0.4798 0.4201]
val std=[0.1343 0.1348 0.1123 0.1072 0.1141 0.1112]
val q05=[0.3103 0.3982 0.3195 0.303  0.3376 0.2251]
val q95=[0.7886 0.8626 0.6731 0.6514 0.6918 0.5984]
val/train std ratio=[0.984  0.9828 0.9844 1.0084 0.9848 0.9772]
LR scheduler: ReduceLROnPlateau (factor=0.5, patience=8, min_lr=1e-07)
Epoch 001 | train_loss=2.5290e+03 | train_eval_loss=1.4128e-01 | val_loss=1.4113e-01 | | lr=1.00e-03
Saved best model to results/thesis_model_results/outputs/loss_comparison_picnn/PICNN__l1__minmax__seed42/picnn_state_dict_best.pt
Epoch 002 | train_loss=1.2808e-01 | train_eval_loss=1.1657e-01 | val_loss=1.1644e-01 | | lr=1.00e-03
Saved best model to results/thesis_model_results/outputs/loss_comparison_picnn/PICNN__l1__minmax__seed42/picnn_state_dict_best.pt
Epoch 003 | train_loss=1.0527e-01 | train_eval_loss=9.3752e-02 | val_loss=9.3672e-02 | | lr=1.00e-03
Saved best model to results/thesis_model_results/outputs/loss_comparison_picnn/PICNN__l1__minmax__seed42/picnn_state_dict_best.pt
Epoch 004 | train_loss=8.3293e-02 | train_eval_loss=7.2449e-02 | val_loss=7.2496e-02 | | lr=1.00e-03
Saved best model to results/thesis_model_results/outputs/loss_comparison_picnn/PICNN__l1__minmax__seed42/picnn_state_dict_best.pt
Epoch 005 | train_loss=6.3940e-02 | train_eval_loss=5.5401e-02 | val_loss=5.5371e-02 | | lr=1.00e-03
Saved best model to results/thesis_model_results/outputs/loss_comparison_picnn/PICNN__l1__minmax__seed42/picnn_state_dict_best.pt
Epoch 006 | train_loss=4.7931e-02 | train_eval_loss=4.1626e-02 | val_loss=4.1486e-02 | | lr=1.00e-03
Saved best model to results/thesis_model_results/outputs/loss_comparison_picnn/PICNN__l1__minmax__seed42/picnn_state_dict_best.pt
Epoch 007 | train_loss=3.7237e-02 | train_eval_loss=3.5548e-02 | val_loss=3.5430e-02 | | lr=1.00e-03
Saved best model to results/thesis_model_results/outputs/loss_comparison_picnn/PICNN__l1__minmax__seed42/picnn_state_dict_best.pt
Epoch 008 | train_loss=3.4181e-02 | train_eval_loss=3.4897e-02 | val_loss=3.4634e-02 | | lr=1.00e-03
Saved best model to results/thesis_model_results/outputs/loss_comparison_picnn/PICNN__l1__minmax__seed42/picnn_state_dict_best.pt
Epoch 009 | train_loss=3.3710e-02 | train_eval_loss=3.2220e-02 | val_loss=3.2122e-02 | | lr=1.00e-03
Saved best model to results/thesis_model_results/outputs/loss_comparison_picnn/PICNN__l1__minmax__seed42/picnn_state_dict_best.pt
Epoch 010 | train_loss=3.3887e-02 | train_eval_loss=3.2084e-02 | val_loss=3.1914e-02 | | lr=1.00e-03
Saved best model to results/thesis_model_results/outputs/loss_comparison_picnn/PICNN__l1__minmax__seed42/picnn_state_dict_best.pt
Epoch 011 | train_loss=3.2409e-02 | train_eval_loss=3.0312e-02 | val_loss=3.0207e-02 | | lr=1.00e-03
Saved best model to results/thesis_model_results/outputs/loss_comparison_picnn/PICNN__l1__minmax__seed42/picnn_state_dict_best.pt
Epoch 012 | train_loss=3.1721e-02 | train_eval_loss=3.2298e-02 | val_loss=3.2230e-02 | | lr=1.00e-03
Epoch 013 | train_loss=3.1225e-02 | train_eval_loss=3.4329e-02 | val_loss=3.4021e-02 | | lr=1.00e-03
Epoch 014 | train_loss=3.0824e-02 | train_eval_loss=3.0280e-02 | val_loss=3.0196e-02 | | lr=1.00e-03
Saved best model to results/thesis_model_results/outputs/loss_comparison_picnn/PICNN__l1__minmax__seed42/picnn_state_dict_best.pt
Epoch 015 | train_loss=3.0270e-02 | train_eval_loss=3.0586e-02 | val_loss=3.0440e-02 | | lr=1.00e-03
Epoch 016 | train_loss=3.0397e-02 | train_eval_loss=3.2835e-02 | val_loss=3.2571e-02 | | lr=1.00e-03
Epoch 017 | train_loss=3.0931e-02 | train_eval_loss=3.3007e-02 | val_loss=3.2956e-02 | | lr=1.00e-03
Epoch 018 | train_loss=3.0947e-02 | train_eval_loss=3.0998e-02 | val_loss=3.0856e-02 | | lr=1.00e-03
Epoch 019 | train_loss=3.0891e-02 | train_eval_loss=3.0086e-02 | val_loss=2.9966e-02 | | lr=1.00e-03
Saved best model to results/thesis_model_results/outputs/loss_comparison_picnn/PICNN__l1__minmax__seed42/picnn_state_dict_best.pt
Epoch 020 | train_loss=3.0802e-02 | train_eval_loss=3.0570e-02 | val_loss=3.0594e-02 | | lr=1.00e-03
Epoch 021 | train_loss=3.0439e-02 | train_eval_loss=3.2002e-02 | val_loss=3.1919e-02 | | lr=1.00e-03
Epoch 022 | train_loss=3.1958e-02 | train_eval_loss=3.1339e-02 | val_loss=3.1352e-02 | | lr=1.00e-03
Epoch 023 | train_loss=3.0953e-02 | train_eval_loss=3.2535e-02 | val_loss=3.2388e-02 | | lr=1.00e-03
Epoch 024 | train_loss=3.1172e-02 | train_eval_loss=3.0500e-02 | val_loss=3.0507e-02 | | lr=1.00e-03
Epoch 025 | train_loss=3.0929e-02 | train_eval_loss=2.9939e-02 | val_loss=2.9855e-02 | | lr=1.00e-03
Saved best model to results/thesis_model_results/outputs/loss_comparison_picnn/PICNN__l1__minmax__seed42/picnn_state_dict_best.pt
Epoch 026 | train_loss=3.2038e-02 | train_eval_loss=3.2790e-02 | val_loss=3.2565e-02 | | lr=1.00e-03
Epoch 027 | train_loss=3.3059e-02 | train_eval_loss=3.0448e-02 | val_loss=3.0363e-02 | | lr=1.00e-03
Epoch 028 | train_loss=3.3428e-02 | train_eval_loss=3.1928e-02 | val_loss=3.1911e-02 | | lr=1.00e-03
Epoch 029 | train_loss=3.2484e-02 | train_eval_loss=3.1812e-02 | val_loss=3.1683e-02 | | lr=1.00e-03
Epoch 030 | train_loss=3.1407e-02 | train_eval_loss=3.0420e-02 | val_loss=3.0250e-02 | | lr=1.00e-03
Epoch 031 | train_loss=3.0853e-02 | train_eval_loss=2.9945e-02 | val_loss=2.9804e-02 | | lr=1.00e-03
Saved best model to results/thesis_model_results/outputs/loss_comparison_picnn/PICNN__l1__minmax__seed42/picnn_state_dict_best.pt
Epoch 032 | train_loss=3.0603e-02 | train_eval_loss=3.0517e-02 | val_loss=3.0428e-02 | | lr=1.00e-03
Epoch 033 | train_loss=3.1157e-02 | train_eval_loss=3.2262e-02 | val_loss=3.2181e-02 | | lr=1.00e-03
Epoch 034 | train_loss=3.0780e-02 | train_eval_loss=3.1001e-02 | val_loss=3.0937e-02 | | lr=1.00e-03
Epoch 035 | train_loss=3.0803e-02 | train_eval_loss=3.1739e-02 | val_loss=3.1758e-02 | | lr=1.00e-03
Epoch 036 | train_loss=3.0690e-02 | train_eval_loss=3.1542e-02 | val_loss=3.1383e-02 | | lr=1.00e-03
Epoch 037 | train_loss=3.0529e-02 | train_eval_loss=3.1526e-02 | val_loss=3.1572e-02 | | lr=1.00e-03
Epoch 038 | train_loss=3.2095e-02 | train_eval_loss=3.6164e-02 | val_loss=3.6060e-02 | | lr=1.00e-03
Epoch 039 | train_loss=3.2298e-02 | train_eval_loss=3.2690e-02 | val_loss=3.2522e-02 | | lr=1.00e-03
Epoch 040 | train_loss=3.3290e-02 | train_eval_loss=3.1607e-02 | val_loss=3.1507e-02 | | lr=1.00e-03
Epoch 041 | train_loss=2.9640e-02 | train_eval_loss=2.9293e-02 | val_loss=2.9162e-02 | | lr=5.00e-04
Saved best model to results/thesis_model_results/outputs/loss_comparison_picnn/PICNN__l1__minmax__seed42/picnn_state_dict_best.pt
Epoch 042 | train_loss=2.9272e-02 | train_eval_loss=2.9646e-02 | val_loss=2.9541e-02 | | lr=5.00e-04
Epoch 043 | train_loss=2.9452e-02 | train_eval_loss=2.9489e-02 | val_loss=2.9409e-02 | | lr=5.00e-04
Epoch 044 | train_loss=2.9351e-02 | train_eval_loss=2.9628e-02 | val_loss=2.9545e-02 | | lr=5.00e-04
Epoch 045 | train_loss=2.9431e-02 | train_eval_loss=2.9192e-02 | val_loss=2.9036e-02 | | lr=5.00e-04
Saved best model to results/thesis_model_results/outputs/loss_comparison_picnn/PICNN__l1__minmax__seed42/picnn_state_dict_best.pt
Epoch 046 | train_loss=2.9438e-02 | train_eval_loss=2.9723e-02 | val_loss=2.9732e-02 | | lr=5.00e-04
Epoch 047 | train_loss=2.9453e-02 | train_eval_loss=2.9524e-02 | val_loss=2.9499e-02 | | lr=5.00e-04
Epoch 048 | train_loss=2.9482e-02 | train_eval_loss=2.9635e-02 | val_loss=2.9642e-02 | | lr=5.00e-04
Epoch 049 | train_loss=2.9422e-02 | train_eval_loss=2.9681e-02 | val_loss=2.9563e-02 | | lr=5.00e-04
Epoch 050 | train_loss=2.9568e-02 | train_eval_loss=3.0979e-02 | val_loss=3.0768e-02 | | lr=5.00e-04
Epoch 051 | train_loss=2.9612e-02 | train_eval_loss=2.9563e-02 | val_loss=2.9557e-02 | | lr=5.00e-04
Epoch 052 | train_loss=2.9756e-02 | train_eval_loss=2.9773e-02 | val_loss=2.9702e-02 | | lr=5.00e-04
Epoch 053 | train_loss=2.9597e-02 | train_eval_loss=2.9802e-02 | val_loss=2.9777e-02 | | lr=5.00e-04
Epoch 054 | train_loss=2.9500e-02 | train_eval_loss=3.0049e-02 | val_loss=3.0042e-02 | | lr=5.00e-04
Epoch 055 | train_loss=2.9225e-02 | train_eval_loss=2.9137e-02 | val_loss=2.9033e-02 | | lr=2.50e-04
Saved best model to results/thesis_model_results/outputs/loss_comparison_picnn/PICNN__l1__minmax__seed42/picnn_state_dict_best.pt
Epoch 056 | train_loss=2.9122e-02 | train_eval_loss=2.9039e-02 | val_loss=2.8990e-02 | | lr=2.50e-04
Saved best model to results/thesis_model_results/outputs/loss_comparison_picnn/PICNN__l1__minmax__seed42/picnn_state_dict_best.pt
Epoch 057 | train_loss=2.9187e-02 | train_eval_loss=2.9060e-02 | val_loss=2.9020e-02 | | lr=2.50e-04
Epoch 058 | train_loss=2.9103e-02 | train_eval_loss=2.8948e-02 | val_loss=2.8852e-02 | | lr=2.50e-04
Saved best model to results/thesis_model_results/outputs/loss_comparison_picnn/PICNN__l1__minmax__seed42/picnn_state_dict_best.pt
Epoch 059 | train_loss=2.9099e-02 | train_eval_loss=2.9028e-02 | val_loss=2.8920e-02 | | lr=2.50e-04
Epoch 060 | train_loss=2.9208e-02 | train_eval_loss=2.9179e-02 | val_loss=2.9033e-02 | | lr=2.50e-04
Epoch 061 | train_loss=2.9201e-02 | train_eval_loss=2.9103e-02 | val_loss=2.9024e-02 | | lr=2.50e-04
Epoch 062 | train_loss=2.9207e-02 | train_eval_loss=2.9458e-02 | val_loss=2.9331e-02 | | lr=2.50e-04
Epoch 063 | train_loss=2.9196e-02 | train_eval_loss=2.9183e-02 | val_loss=2.9144e-02 | | lr=2.50e-04
Epoch 064 | train_loss=2.9162e-02 | train_eval_loss=2.9367e-02 | val_loss=2.9237e-02 | | lr=2.50e-04
Epoch 065 | train_loss=2.9169e-02 | train_eval_loss=2.9897e-02 | val_loss=2.9885e-02 | | lr=2.50e-04
Epoch 066 | train_loss=2.9213e-02 | train_eval_loss=2.9226e-02 | val_loss=2.9148e-02 | | lr=2.50e-04
Epoch 067 | train_loss=2.9179e-02 | train_eval_loss=2.9384e-02 | val_loss=2.9244e-02 | | lr=2.50e-04
Epoch 068 | train_loss=2.9038e-02 | train_eval_loss=2.8920e-02 | val_loss=2.8847e-02 | | lr=1.25e-04
Saved best model to results/thesis_model_results/outputs/loss_comparison_picnn/PICNN__l1__minmax__seed42/picnn_state_dict_best.pt
Epoch 069 | train_loss=2.9015e-02 | train_eval_loss=2.9011e-02 | val_loss=2.8959e-02 | | lr=1.25e-04
Epoch 070 | train_loss=2.8999e-02 | train_eval_loss=2.9005e-02 | val_loss=2.8896e-02 | | lr=1.25e-04
Epoch 071 | train_loss=2.9007e-02 | train_eval_loss=2.9062e-02 | val_loss=2.8989e-02 | | lr=1.25e-04
Epoch 072 | train_loss=2.9032e-02 | train_eval_loss=2.8963e-02 | val_loss=2.8905e-02 | | lr=1.25e-04
Epoch 073 | train_loss=2.9039e-02 | train_eval_loss=2.9123e-02 | val_loss=2.9035e-02 | | lr=1.25e-04
Epoch 074 | train_loss=2.9036e-02 | train_eval_loss=2.9047e-02 | val_loss=2.8994e-02 | | lr=1.25e-04
Epoch 075 | train_loss=2.8986e-02 | train_eval_loss=2.8985e-02 | val_loss=2.8877e-02 | | lr=1.25e-04
Epoch 076 | train_loss=2.8986e-02 | train_eval_loss=2.8927e-02 | val_loss=2.8866e-02 | | lr=1.25e-04
Epoch 077 | train_loss=2.9016e-02 | train_eval_loss=2.9089e-02 | val_loss=2.8988e-02 | | lr=1.25e-04
Epoch 078 | train_loss=2.8937e-02 | train_eval_loss=2.8873e-02 | val_loss=2.8789e-02 | | lr=6.25e-05
Saved best model to results/thesis_model_results/outputs/loss_comparison_picnn/PICNN__l1__minmax__seed42/picnn_state_dict_best.pt
Epoch 079 | train_loss=2.8941e-02 | train_eval_loss=2.8957e-02 | val_loss=2.8847e-02 | | lr=6.25e-05
Epoch 080 | train_loss=2.8952e-02 | train_eval_loss=2.8894e-02 | val_loss=2.8828e-02 | | lr=6.25e-05
Epoch 081 | train_loss=2.8945e-02 | train_eval_loss=2.8962e-02 | val_loss=2.8864e-02 | | lr=6.25e-05
Epoch 082 | train_loss=2.8936e-02 | train_eval_loss=2.8968e-02 | val_loss=2.8895e-02 | | lr=6.25e-05
Epoch 083 | train_loss=2.8969e-02 | train_eval_loss=2.8926e-02 | val_loss=2.8871e-02 | | lr=6.25e-05
Epoch 084 | train_loss=2.8954e-02 | train_eval_loss=2.9027e-02 | val_loss=2.9003e-02 | | lr=6.25e-05
Epoch 085 | train_loss=2.8964e-02 | train_eval_loss=2.9142e-02 | val_loss=2.9024e-02 | | lr=6.25e-05
Epoch 086 | train_loss=2.8944e-02 | train_eval_loss=2.8915e-02 | val_loss=2.8806e-02 | | lr=6.25e-05
Epoch 087 | train_loss=2.8950e-02 | train_eval_loss=2.8932e-02 | val_loss=2.8844e-02 | | lr=6.25e-05
Epoch 088 | train_loss=2.8898e-02 | train_eval_loss=2.8888e-02 | val_loss=2.8808e-02 | | lr=3.13e-05
Epoch 089 | train_loss=2.8891e-02 | train_eval_loss=2.8877e-02 | val_loss=2.8793e-02 | | lr=3.13e-05
Epoch 090 | train_loss=2.8901e-02 | train_eval_loss=2.8917e-02 | val_loss=2.8820e-02 | | lr=3.13e-05
Epoch 091 | train_loss=2.8900e-02 | train_eval_loss=2.8884e-02 | val_loss=2.8806e-02 | | lr=3.13e-05
Epoch 092 | train_loss=2.8900e-02 | train_eval_loss=2.8873e-02 | val_loss=2.8777e-02 | | lr=3.13e-05
Saved best model to results/thesis_model_results/outputs/loss_comparison_picnn/PICNN__l1__minmax__seed42/picnn_state_dict_best.pt
Epoch 093 | train_loss=2.8896e-02 | train_eval_loss=2.8888e-02 | val_loss=2.8809e-02 | | lr=3.13e-05
Epoch 094 | train_loss=2.8913e-02 | train_eval_loss=2.8897e-02 | val_loss=2.8784e-02 | | lr=3.13e-05
Epoch 095 | train_loss=2.8898e-02 | train_eval_loss=2.8854e-02 | val_loss=2.8768e-02 | | lr=3.13e-05
Saved best model to results/thesis_model_results/outputs/loss_comparison_picnn/PICNN__l1__minmax__seed42/picnn_state_dict_best.pt
Epoch 096 | train_loss=2.8902e-02 | train_eval_loss=2.8906e-02 | val_loss=2.8849e-02 | | lr=3.13e-05
Epoch 097 | train_loss=2.8892e-02 | train_eval_loss=2.8961e-02 | val_loss=2.8909e-02 | | lr=3.13e-05
Epoch 098 | train_loss=2.8897e-02 | train_eval_loss=2.8889e-02 | val_loss=2.8809e-02 | | lr=3.13e-05
Epoch 099 | train_loss=2.8895e-02 | train_eval_loss=2.8898e-02 | val_loss=2.8802e-02 | | lr=3.13e-05
Epoch 100 | train_loss=2.8905e-02 | train_eval_loss=2.8925e-02 | val_loss=2.8879e-02 | | lr=3.13e-05
Epoch 101 | train_loss=2.8903e-02 | train_eval_loss=2.8884e-02 | val_loss=2.8797e-02 | | lr=3.13e-05
Epoch 102 | train_loss=2.8896e-02 | train_eval_loss=2.8915e-02 | val_loss=2.8834e-02 | | lr=3.13e-05
Epoch 103 | train_loss=2.8907e-02 | train_eval_loss=2.8922e-02 | val_loss=2.8823e-02 | | lr=3.13e-05
Epoch 104 | train_loss=2.8901e-02 | train_eval_loss=2.8980e-02 | val_loss=2.8930e-02 | | lr=3.13e-05
Epoch 105 | train_loss=2.8902e-02 | train_eval_loss=2.8884e-02 | val_loss=2.8805e-02 | | lr=1.56e-05
Epoch 106 | train_loss=2.8874e-02 | train_eval_loss=2.8878e-02 | val_loss=2.8804e-02 | | lr=1.56e-05
Epoch 107 | train_loss=2.8875e-02 | train_eval_loss=2.8860e-02 | val_loss=2.8770e-02 | | lr=1.56e-05
Epoch 108 | train_loss=2.8886e-02 | train_eval_loss=2.8855e-02 | val_loss=2.8758e-02 | | lr=1.56e-05
Saved best model to results/thesis_model_results/outputs/loss_comparison_picnn/PICNN__l1__minmax__seed42/picnn_state_dict_best.pt
Epoch 109 | train_loss=2.8870e-02 | train_eval_loss=2.8872e-02 | val_loss=2.8787e-02 | | lr=1.56e-05
Epoch 110 | train_loss=2.8874e-02 | train_eval_loss=2.8913e-02 | val_loss=2.8800e-02 | | lr=1.56e-05
Epoch 111 | train_loss=2.8881e-02 | train_eval_loss=2.8885e-02 | val_loss=2.8814e-02 | | lr=1.56e-05
Epoch 112 | train_loss=2.8872e-02 | train_eval_loss=2.8912e-02 | val_loss=2.8856e-02 | | lr=1.56e-05
Epoch 113 | train_loss=2.8879e-02 | train_eval_loss=2.8901e-02 | val_loss=2.8810e-02 | | lr=1.56e-05
Epoch 114 | train_loss=2.8884e-02 | train_eval_loss=2.8871e-02 | val_loss=2.8794e-02 | | lr=1.56e-05
Epoch 115 | train_loss=2.8877e-02 | train_eval_loss=2.8870e-02 | val_loss=2.8784e-02 | | lr=1.56e-05
Epoch 116 | train_loss=2.8883e-02 | train_eval_loss=2.8856e-02 | val_loss=2.8781e-02 | | lr=1.56e-05
Epoch 117 | train_loss=2.8880e-02 | train_eval_loss=2.8879e-02 | val_loss=2.8802e-02 | | lr=1.56e-05
Epoch 118 | train_loss=2.8862e-02 | train_eval_loss=2.8864e-02 | val_loss=2.8793e-02 | | lr=7.81e-06
Epoch 119 | train_loss=2.8860e-02 | train_eval_loss=2.8860e-02 | val_loss=2.8779e-02 | | lr=7.81e-06
Epoch 120 | train_loss=2.8860e-02 | train_eval_loss=2.8864e-02 | val_loss=2.8773e-02 | | lr=7.81e-06
Epoch 121 | train_loss=2.8866e-02 | train_eval_loss=2.8861e-02 | val_loss=2.8782e-02 | | lr=7.81e-06
Epoch 122 | train_loss=2.8864e-02 | train_eval_loss=2.8886e-02 | val_loss=2.8797e-02 | | lr=7.81e-06
Epoch 123 | train_loss=2.8863e-02 | train_eval_loss=2.8855e-02 | val_loss=2.8761e-02 | | lr=7.81e-06
Epoch 124 | train_loss=2.8864e-02 | train_eval_loss=2.8857e-02 | val_loss=2.8777e-02 | | lr=7.81e-06
Epoch 125 | train_loss=2.8860e-02 | train_eval_loss=2.8857e-02 | val_loss=2.8778e-02 | | lr=7.81e-06
Epoch 126 | train_loss=2.8856e-02 | train_eval_loss=2.8866e-02 | val_loss=2.8768e-02 | | lr=7.81e-06
Epoch 127 | train_loss=2.8852e-02 | train_eval_loss=2.8850e-02 | val_loss=2.8759e-02 | | lr=3.91e-06
Epoch 128 | train_loss=2.8851e-02 | train_eval_loss=2.8850e-02 | val_loss=2.8776e-02 | | lr=3.91e-06
Epoch 129 | train_loss=2.8852e-02 | train_eval_loss=2.8847e-02 | val_loss=2.8760e-02 | | lr=3.91e-06
Epoch 130 | train_loss=2.8850e-02 | train_eval_loss=2.8846e-02 | val_loss=2.8765e-02 | | lr=3.91e-06
Epoch 131 | train_loss=2.8854e-02 | train_eval_loss=2.8846e-02 | val_loss=2.8763e-02 | | lr=3.91e-06
Epoch 132 | train_loss=2.8854e-02 | train_eval_loss=2.8848e-02 | val_loss=2.8770e-02 | | lr=3.91e-06
Epoch 133 | train_loss=2.8854e-02 | train_eval_loss=2.8847e-02 | val_loss=2.8761e-02 | | lr=3.91e-06
Epoch 134 | train_loss=2.8852e-02 | train_eval_loss=2.8851e-02 | val_loss=2.8763e-02 | | lr=3.91e-06
Epoch 135 | train_loss=2.8851e-02 | train_eval_loss=2.8845e-02 | val_loss=2.8760e-02 | | lr=3.91e-06
Epoch 136 | train_loss=2.8846e-02 | train_eval_loss=2.8845e-02 | val_loss=2.8761e-02 | | lr=1.95e-06
Epoch 137 | train_loss=2.8846e-02 | train_eval_loss=2.8845e-02 | val_loss=2.8763e-02 | | lr=1.95e-06
Epoch 138 | train_loss=2.8849e-02 | train_eval_loss=2.8848e-02 | val_loss=2.8772e-02 | | lr=1.95e-06
Epoch 139 | train_loss=2.8846e-02 | train_eval_loss=2.8845e-02 | val_loss=2.8757e-02 | | lr=1.95e-06
Saved best model to results/thesis_model_results/outputs/loss_comparison_picnn/PICNN__l1__minmax__seed42/picnn_state_dict_best.pt
Epoch 140 | train_loss=2.8850e-02 | train_eval_loss=2.8843e-02 | val_loss=2.8760e-02 | | lr=1.95e-06
Epoch 141 | train_loss=2.8846e-02 | train_eval_loss=2.8846e-02 | val_loss=2.8767e-02 | | lr=1.95e-06
Epoch 142 | train_loss=2.8848e-02 | train_eval_loss=2.8844e-02 | val_loss=2.8767e-02 | | lr=1.95e-06
Epoch 143 | train_loss=2.8848e-02 | train_eval_loss=2.8846e-02 | val_loss=2.8763e-02 | | lr=1.95e-06
Epoch 144 | train_loss=2.8846e-02 | train_eval_loss=2.8844e-02 | val_loss=2.8768e-02 | | lr=1.95e-06
Epoch 145 | train_loss=2.8845e-02 | train_eval_loss=2.8842e-02 | val_loss=2.8759e-02 | | lr=9.77e-07
Epoch 146 | train_loss=2.8845e-02 | train_eval_loss=2.8844e-02 | val_loss=2.8760e-02 | | lr=9.77e-07
Epoch 147 | train_loss=2.8844e-02 | train_eval_loss=2.8841e-02 | val_loss=2.8760e-02 | | lr=9.77e-07
Epoch 148 | train_loss=2.8844e-02 | train_eval_loss=2.8841e-02 | val_loss=2.8759e-02 | | lr=9.77e-07
Epoch 149 | train_loss=2.8844e-02 | train_eval_loss=2.8844e-02 | val_loss=2.8760e-02 | | lr=9.77e-07
Epoch 150 | train_loss=2.8843e-02 | train_eval_loss=2.8842e-02 | val_loss=2.8759e-02 | | lr=9.77e-07
Epoch 151 | train_loss=2.8844e-02 | train_eval_loss=2.8843e-02 | val_loss=2.8765e-02 | | lr=9.77e-07
Epoch 152 | train_loss=2.8845e-02 | train_eval_loss=2.8844e-02 | val_loss=2.8761e-02 | | lr=9.77e-07
Epoch 153 | train_loss=2.8844e-02 | train_eval_loss=2.8843e-02 | val_loss=2.8761e-02 | | lr=9.77e-07
Epoch 154 | train_loss=2.8842e-02 | train_eval_loss=2.8841e-02 | val_loss=2.8758e-02 | | lr=4.88e-07
Epoch 155 | train_loss=2.8843e-02 | train_eval_loss=2.8842e-02 | val_loss=2.8760e-02 | | lr=4.88e-07
Epoch 156 | train_loss=2.8843e-02 | train_eval_loss=2.8842e-02 | val_loss=2.8760e-02 | | lr=4.88e-07
Epoch 157 | train_loss=2.8843e-02 | train_eval_loss=2.8841e-02 | val_loss=2.8758e-02 | | lr=4.88e-07
Epoch 158 | train_loss=2.8843e-02 | train_eval_loss=2.8841e-02 | val_loss=2.8759e-02 | | lr=4.88e-07
Epoch 159 | train_loss=2.8843e-02 | train_eval_loss=2.8842e-02 | val_loss=2.8759e-02 | | lr=4.88e-07
Epoch 160 | train_loss=2.8843e-02 | train_eval_loss=2.8841e-02 | val_loss=2.8759e-02 | | lr=4.88e-07
Epoch 161 | train_loss=2.8843e-02 | train_eval_loss=2.8841e-02 | val_loss=2.8758e-02 | | lr=4.88e-07
Epoch 162 | train_loss=2.8843e-02 | train_eval_loss=2.8841e-02 | val_loss=2.8760e-02 | | lr=4.88e-07
Epoch 163 | train_loss=2.8842e-02 | train_eval_loss=2.8841e-02 | val_loss=2.8760e-02 | | lr=2.44e-07
Epoch 164 | train_loss=2.8842e-02 | train_eval_loss=2.8841e-02 | val_loss=2.8758e-02 | | lr=2.44e-07
Epoch 165 | train_loss=2.8842e-02 | train_eval_loss=2.8841e-02 | val_loss=2.8761e-02 | | lr=2.44e-07
Epoch 166 | train_loss=2.8842e-02 | train_eval_loss=2.8841e-02 | val_loss=2.8758e-02 | | lr=2.44e-07
Epoch 167 | train_loss=2.8842e-02 | train_eval_loss=2.8841e-02 | val_loss=2.8758e-02 | | lr=2.44e-07
Epoch 168 | train_loss=2.8842e-02 | train_eval_loss=2.8841e-02 | val_loss=2.8758e-02 | | lr=2.44e-07
Epoch 169 | train_loss=2.8842e-02 | train_eval_loss=2.8841e-02 | val_loss=2.8757e-02 | | lr=2.44e-07
Epoch 170 | train_loss=2.8842e-02 | train_eval_loss=2.8841e-02 | val_loss=2.8759e-02 | | lr=2.44e-07
Epoch 171 | train_loss=2.8842e-02 | train_eval_loss=2.8841e-02 | val_loss=2.8759e-02 | | lr=2.44e-07
Epoch 172 | train_loss=2.8841e-02 | train_eval_loss=2.8841e-02 | val_loss=2.8759e-02 | | lr=1.22e-07
Epoch 173 | train_loss=2.8841e-02 | train_eval_loss=2.8841e-02 | val_loss=2.8758e-02 | | lr=1.22e-07
Epoch 174 | train_loss=2.8841e-02 | train_eval_loss=2.8841e-02 | val_loss=2.8758e-02 | | lr=1.22e-07
Epoch 175 | train_loss=2.8841e-02 | train_eval_loss=2.8841e-02 | val_loss=2.8758e-02 | | lr=1.22e-07
Epoch 176 | train_loss=2.8841e-02 | train_eval_loss=2.8841e-02 | val_loss=2.8758e-02 | | lr=1.22e-07
Epoch 177 | train_loss=2.8841e-02 | train_eval_loss=2.8841e-02 | val_loss=2.8759e-02 | | lr=1.22e-07
Epoch 178 | train_loss=2.8842e-02 | train_eval_loss=2.8841e-02 | val_loss=2.8759e-02 | | lr=1.22e-07
Epoch 179 | train_loss=2.8841e-02 | train_eval_loss=2.8841e-02 | val_loss=2.8759e-02 | | lr=1.22e-07
Epoch 180 | train_loss=2.8841e-02 | train_eval_loss=2.8841e-02 | val_loss=2.8758e-02 | | lr=1.22e-07
Epoch 181 | train_loss=2.8841e-02 | train_eval_loss=2.8841e-02 | val_loss=2.8758e-02 | | lr=1.00e-07
Epoch 182 | train_loss=2.8841e-02 | train_eval_loss=2.8841e-02 | val_loss=2.8758e-02 | | lr=1.00e-07
Epoch 183 | train_loss=2.8841e-02 | train_eval_loss=2.8841e-02 | val_loss=2.8759e-02 | | lr=1.00e-07
Epoch 184 | train_loss=2.8841e-02 | train_eval_loss=2.8841e-02 | val_loss=2.8758e-02 | | lr=1.00e-07
Epoch 185 | train_loss=2.8841e-02 | train_eval_loss=2.8841e-02 | val_loss=2.8758e-02 | | lr=1.00e-07
Epoch 186 | train_loss=2.8841e-02 | train_eval_loss=2.8841e-02 | val_loss=2.8758e-02 | | lr=1.00e-07
Epoch 187 | train_loss=2.8841e-02 | train_eval_loss=2.8841e-02 | val_loss=2.8758e-02 | | lr=1.00e-07
Epoch 188 | train_loss=2.8841e-02 | train_eval_loss=2.8841e-02 | val_loss=2.8758e-02 | | lr=1.00e-07
Epoch 189 | train_loss=2.8841e-02 | train_eval_loss=2.8841e-02 | val_loss=2.8758e-02 | | lr=1.00e-07
Epoch 190 | train_loss=2.8841e-02 | train_eval_loss=2.8841e-02 | val_loss=2.8758e-02 | | lr=1.00e-07
Epoch 191 | train_loss=2.8841e-02 | train_eval_loss=2.8841e-02 | val_loss=2.8758e-02 | | lr=1.00e-07
Epoch 192 | train_loss=2.8841e-02 | train_eval_loss=2.8841e-02 | val_loss=2.8759e-02 | | lr=1.00e-07
Epoch 193 | train_loss=2.8841e-02 | train_eval_loss=2.8841e-02 | val_loss=2.8758e-02 | | lr=1.00e-07
Epoch 194 | train_loss=2.8841e-02 | train_eval_loss=2.8841e-02 | val_loss=2.8758e-02 | | lr=1.00e-07
Epoch 195 | train_loss=2.8841e-02 | train_eval_loss=2.8841e-02 | val_loss=2.8758e-02 | | lr=1.00e-07
Epoch 196 | train_loss=2.8841e-02 | train_eval_loss=2.8841e-02 | val_loss=2.8758e-02 | | lr=1.00e-07
Epoch 197 | train_loss=2.8841e-02 | train_eval_loss=2.8841e-02 | val_loss=2.8758e-02 | | lr=1.00e-07
Epoch 198 | train_loss=2.8841e-02 | train_eval_loss=2.8841e-02 | val_loss=2.8759e-02 | | lr=1.00e-07
Epoch 199 | train_loss=2.8841e-02 | train_eval_loss=2.8841e-02 | val_loss=2.8758e-02 | | lr=1.00e-07
Epoch 200 | train_loss=2.8841e-02 | train_eval_loss=2.8841e-02 | val_loss=2.8758e-02 | | lr=1.00e-07
Saved training logs to results/thesis_model_results/outputs/loss_comparison_picnn/PICNN__l1__minmax__seed42/training_summary.txt
Test RMSE(rocof_COI) = 0.0236 | norm: 0.0179 | real_diff: 0.0163
Test RMSE(dev_COI) = 0.1033 | norm: 0.0383 | real_diff: 0.0793
Test RMSE(Delta_P_IBR_1) = 0.2429 | norm: 0.0383 | real_diff: 0.1657
Test RMSE(Delta_P_IBR_2) = 0.2205 | norm: 0.0307 | real_diff: 0.1327
Test RMSE(Delta_P_IBR_3) = 0.4563 | norm: 0.0801 | real_diff: 0.3435
Test RMSE(Delta_P_IBR_4) = 0.4163 | norm: 0.0430 | real_diff: 0.2432
Saved RMSE results to results/thesis_model_results/outputs/loss_comparison_picnn/PICNN__l1__minmax__seed42/rmse_results.txt
Saved detailed metrics to results/thesis_model_results/outputs/loss_comparison_picnn/PICNN__l1__minmax__seed42/metrics_by_target.csv
Saved aggregate metrics to results/thesis_model_results/outputs/loss_comparison_picnn/PICNN__l1__minmax__seed42/metrics_summary.json
Saved loss curves to results/thesis_model_results/outputs/loss_comparison_picnn/PICNN__l1__minmax__seed42/loss_curve.png
Saved scatter plot results/thesis_model_results/outputs/loss_comparison_picnn/PICNN__l1__minmax__seed42/scatter_rocof_COI.png
Saved scatter plot results/thesis_model_results/outputs/loss_comparison_picnn/PICNN__l1__minmax__seed42/scatter_dev_COI.png
Saved scatter plot results/thesis_model_results/outputs/loss_comparison_picnn/PICNN__l1__minmax__seed42/scatter_Delta_P_IBR_1.png
Saved scatter plot results/thesis_model_results/outputs/loss_comparison_picnn/PICNN__l1__minmax__seed42/scatter_Delta_P_IBR_2.png
Saved scatter plot results/thesis_model_results/outputs/loss_comparison_picnn/PICNN__l1__minmax__seed42/scatter_Delta_P_IBR_3.png
Saved scatter plot results/thesis_model_results/outputs/loss_comparison_picnn/PICNN__l1__minmax__seed42/scatter_Delta_P_IBR_4.png
Saved model to results/thesis_model_results/outputs/loss_comparison_picnn/PICNN__l1__minmax__seed42/picnn_state_dict.pt
Loss type: smooth_l1 | weights=[]
Target stats (scaled):
train mean=[0.549  0.589  0.492  0.4884 0.4785 0.4192]
train std=[0.1365 0.1371 0.1141 0.1063 0.1158 0.1138]
train q05=[0.3074 0.3979 0.3192 0.303  0.3347 0.2205]
train q95=[0.7933 0.8652 0.6719 0.6491 0.6927 0.6016]
val mean=[0.5473 0.5873 0.4922 0.4893 0.4798 0.4201]
val std=[0.1343 0.1348 0.1123 0.1072 0.1141 0.1112]
val q05=[0.3103 0.3982 0.3195 0.303  0.3376 0.2251]
val q95=[0.7886 0.8626 0.6731 0.6514 0.6918 0.5984]
val/train std ratio=[0.984  0.9828 0.9844 1.0084 0.9848 0.9772]
LR scheduler: ReduceLROnPlateau (factor=0.5, patience=8, min_lr=1e-07)
Epoch 001 | train_loss=2.5287e+03 | train_eval_loss=1.8009e-02 | val_loss=1.7830e-02 | | lr=1.00e-03
Saved best model to results/thesis_model_results/outputs/loss_comparison_picnn/PICNN__smooth_l1__minmax__seed42/picnn_state_dict_best.pt
Epoch 002 | train_loss=1.5696e-02 | train_eval_loss=1.4435e-02 | val_loss=1.4297e-02 | | lr=1.00e-03
Saved best model to results/thesis_model_results/outputs/loss_comparison_picnn/PICNN__smooth_l1__minmax__seed42/picnn_state_dict_best.pt
Epoch 003 | train_loss=1.3501e-02 | train_eval_loss=1.2528e-02 | val_loss=1.2421e-02 | | lr=1.00e-03
Saved best model to results/thesis_model_results/outputs/loss_comparison_picnn/PICNN__smooth_l1__minmax__seed42/picnn_state_dict_best.pt
Epoch 004 | train_loss=1.1657e-02 | train_eval_loss=1.0769e-02 | val_loss=1.0702e-02 | | lr=1.00e-03
Saved best model to results/thesis_model_results/outputs/loss_comparison_picnn/PICNN__smooth_l1__minmax__seed42/picnn_state_dict_best.pt
Epoch 005 | train_loss=9.9635e-03 | train_eval_loss=9.1548e-03 | val_loss=9.0991e-03 | | lr=1.00e-03
Saved best model to results/thesis_model_results/outputs/loss_comparison_picnn/PICNN__smooth_l1__minmax__seed42/picnn_state_dict_best.pt
Epoch 006 | train_loss=8.4632e-03 | train_eval_loss=7.7654e-03 | val_loss=7.7236e-03 | | lr=1.00e-03
Saved best model to results/thesis_model_results/outputs/loss_comparison_picnn/PICNN__smooth_l1__minmax__seed42/picnn_state_dict_best.pt
Epoch 007 | train_loss=7.1784e-03 | train_eval_loss=6.5821e-03 | val_loss=6.5498e-03 | | lr=1.00e-03
Saved best model to results/thesis_model_results/outputs/loss_comparison_picnn/PICNN__smooth_l1__minmax__seed42/picnn_state_dict_best.pt
Epoch 008 | train_loss=6.0883e-03 | train_eval_loss=5.5815e-03 | val_loss=5.5572e-03 | | lr=1.00e-03
Saved best model to results/thesis_model_results/outputs/loss_comparison_picnn/PICNN__smooth_l1__minmax__seed42/picnn_state_dict_best.pt
Epoch 009 | train_loss=5.1741e-03 | train_eval_loss=4.7491e-03 | val_loss=4.7296e-03 | | lr=1.00e-03
Saved best model to results/thesis_model_results/outputs/loss_comparison_picnn/PICNN__smooth_l1__minmax__seed42/picnn_state_dict_best.pt
Epoch 010 | train_loss=4.4027e-03 | train_eval_loss=4.0442e-03 | val_loss=4.0254e-03 | | lr=1.00e-03
Saved best model to results/thesis_model_results/outputs/loss_comparison_picnn/PICNN__smooth_l1__minmax__seed42/picnn_state_dict_best.pt
Epoch 011 | train_loss=3.7599e-03 | train_eval_loss=3.4743e-03 | val_loss=3.4565e-03 | | lr=1.00e-03
Saved best model to results/thesis_model_results/outputs/loss_comparison_picnn/PICNN__smooth_l1__minmax__seed42/picnn_state_dict_best.pt
Epoch 012 | train_loss=3.2320e-03 | train_eval_loss=2.9809e-03 | val_loss=2.9627e-03 | | lr=1.00e-03
Saved best model to results/thesis_model_results/outputs/loss_comparison_picnn/PICNN__smooth_l1__minmax__seed42/picnn_state_dict_best.pt
Epoch 013 | train_loss=2.7899e-03 | train_eval_loss=2.5848e-03 | val_loss=2.5689e-03 | | lr=1.00e-03
Saved best model to results/thesis_model_results/outputs/loss_comparison_picnn/PICNN__smooth_l1__minmax__seed42/picnn_state_dict_best.pt
Epoch 014 | train_loss=2.4206e-03 | train_eval_loss=2.2595e-03 | val_loss=2.2416e-03 | | lr=1.00e-03
Saved best model to results/thesis_model_results/outputs/loss_comparison_picnn/PICNN__smooth_l1__minmax__seed42/picnn_state_dict_best.pt
Epoch 015 | train_loss=2.1200e-03 | train_eval_loss=1.9859e-03 | val_loss=1.9693e-03 | | lr=1.00e-03
Saved best model to results/thesis_model_results/outputs/loss_comparison_picnn/PICNN__smooth_l1__minmax__seed42/picnn_state_dict_best.pt
Epoch 016 | train_loss=1.8786e-03 | train_eval_loss=1.7748e-03 | val_loss=1.7579e-03 | | lr=1.00e-03
Saved best model to results/thesis_model_results/outputs/loss_comparison_picnn/PICNN__smooth_l1__minmax__seed42/picnn_state_dict_best.pt
Epoch 017 | train_loss=1.6824e-03 | train_eval_loss=1.5916e-03 | val_loss=1.5730e-03 | | lr=1.00e-03
Saved best model to results/thesis_model_results/outputs/loss_comparison_picnn/PICNN__smooth_l1__minmax__seed42/picnn_state_dict_best.pt
Epoch 018 | train_loss=1.5297e-03 | train_eval_loss=1.4605e-03 | val_loss=1.4438e-03 | | lr=1.00e-03
Saved best model to results/thesis_model_results/outputs/loss_comparison_picnn/PICNN__smooth_l1__minmax__seed42/picnn_state_dict_best.pt
Epoch 019 | train_loss=1.4043e-03 | train_eval_loss=1.3501e-03 | val_loss=1.3316e-03 | | lr=1.00e-03
Saved best model to results/thesis_model_results/outputs/loss_comparison_picnn/PICNN__smooth_l1__minmax__seed42/picnn_state_dict_best.pt
Epoch 020 | train_loss=1.3097e-03 | train_eval_loss=1.2657e-03 | val_loss=1.2485e-03 | | lr=1.00e-03
Saved best model to results/thesis_model_results/outputs/loss_comparison_picnn/PICNN__smooth_l1__minmax__seed42/picnn_state_dict_best.pt
Epoch 021 | train_loss=1.2367e-03 | train_eval_loss=1.2010e-03 | val_loss=1.1845e-03 | | lr=1.00e-03
Saved best model to results/thesis_model_results/outputs/loss_comparison_picnn/PICNN__smooth_l1__minmax__seed42/picnn_state_dict_best.pt
Epoch 022 | train_loss=1.1765e-03 | train_eval_loss=1.1510e-03 | val_loss=1.1333e-03 | | lr=1.00e-03
Saved best model to results/thesis_model_results/outputs/loss_comparison_picnn/PICNN__smooth_l1__minmax__seed42/picnn_state_dict_best.pt
Epoch 023 | train_loss=1.1362e-03 | train_eval_loss=1.1134e-03 | val_loss=1.0941e-03 | | lr=1.00e-03
Saved best model to results/thesis_model_results/outputs/loss_comparison_picnn/PICNN__smooth_l1__minmax__seed42/picnn_state_dict_best.pt
Epoch 024 | train_loss=1.1028e-03 | train_eval_loss=1.0961e-03 | val_loss=1.0780e-03 | | lr=1.00e-03
Saved best model to results/thesis_model_results/outputs/loss_comparison_picnn/PICNN__smooth_l1__minmax__seed42/picnn_state_dict_best.pt
Epoch 025 | train_loss=1.0805e-03 | train_eval_loss=1.0696e-03 | val_loss=1.0536e-03 | | lr=1.00e-03
Saved best model to results/thesis_model_results/outputs/loss_comparison_picnn/PICNN__smooth_l1__minmax__seed42/picnn_state_dict_best.pt
Epoch 026 | train_loss=1.0619e-03 | train_eval_loss=1.0486e-03 | val_loss=1.0290e-03 | | lr=1.00e-03
Saved best model to results/thesis_model_results/outputs/loss_comparison_picnn/PICNN__smooth_l1__minmax__seed42/picnn_state_dict_best.pt
Epoch 027 | train_loss=1.0461e-03 | train_eval_loss=1.0459e-03 | val_loss=1.0279e-03 | | lr=1.00e-03
Saved best model to results/thesis_model_results/outputs/loss_comparison_picnn/PICNN__smooth_l1__minmax__seed42/picnn_state_dict_best.pt
Epoch 028 | train_loss=1.0364e-03 | train_eval_loss=1.0299e-03 | val_loss=1.0113e-03 | | lr=1.00e-03
Saved best model to results/thesis_model_results/outputs/loss_comparison_picnn/PICNN__smooth_l1__minmax__seed42/picnn_state_dict_best.pt
Epoch 029 | train_loss=1.0285e-03 | train_eval_loss=1.0251e-03 | val_loss=1.0065e-03 | | lr=1.00e-03
Saved best model to results/thesis_model_results/outputs/loss_comparison_picnn/PICNN__smooth_l1__minmax__seed42/picnn_state_dict_best.pt
Epoch 030 | train_loss=1.0223e-03 | train_eval_loss=1.0239e-03 | val_loss=1.0075e-03 | | lr=1.00e-03
Epoch 031 | train_loss=1.0187e-03 | train_eval_loss=1.0091e-03 | val_loss=9.9145e-04 | | lr=1.00e-03
Saved best model to results/thesis_model_results/outputs/loss_comparison_picnn/PICNN__smooth_l1__minmax__seed42/picnn_state_dict_best.pt
Epoch 032 | train_loss=1.0154e-03 | train_eval_loss=1.0059e-03 | val_loss=9.8898e-04 | | lr=1.00e-03
Saved best model to results/thesis_model_results/outputs/loss_comparison_picnn/PICNN__smooth_l1__minmax__seed42/picnn_state_dict_best.pt
Epoch 033 | train_loss=1.0109e-03 | train_eval_loss=1.0040e-03 | val_loss=9.8619e-04 | | lr=1.00e-03
Saved best model to results/thesis_model_results/outputs/loss_comparison_picnn/PICNN__smooth_l1__minmax__seed42/picnn_state_dict_best.pt
Epoch 034 | train_loss=1.0080e-03 | train_eval_loss=1.0067e-03 | val_loss=9.9174e-04 | | lr=1.00e-03
Epoch 035 | train_loss=1.0083e-03 | train_eval_loss=1.0040e-03 | val_loss=9.9058e-04 | | lr=1.00e-03
Epoch 036 | train_loss=1.0048e-03 | train_eval_loss=1.0005e-03 | val_loss=9.8644e-04 | | lr=1.00e-03
Epoch 037 | train_loss=1.0056e-03 | train_eval_loss=1.0114e-03 | val_loss=9.9679e-04 | | lr=1.00e-03
Epoch 038 | train_loss=1.0055e-03 | train_eval_loss=9.9807e-04 | val_loss=9.8054e-04 | | lr=1.00e-03
Saved best model to results/thesis_model_results/outputs/loss_comparison_picnn/PICNN__smooth_l1__minmax__seed42/picnn_state_dict_best.pt
Epoch 039 | train_loss=1.0018e-03 | train_eval_loss=9.9432e-04 | val_loss=9.7905e-04 | | lr=1.00e-03
Saved best model to results/thesis_model_results/outputs/loss_comparison_picnn/PICNN__smooth_l1__minmax__seed42/picnn_state_dict_best.pt
Epoch 040 | train_loss=1.0000e-03 | train_eval_loss=1.0033e-03 | val_loss=9.8920e-04 | | lr=1.00e-03
Epoch 041 | train_loss=9.9675e-04 | train_eval_loss=9.9998e-04 | val_loss=9.8220e-04 | | lr=1.00e-03
Epoch 042 | train_loss=9.9792e-04 | train_eval_loss=9.8727e-04 | val_loss=9.7177e-04 | | lr=1.00e-03
Saved best model to results/thesis_model_results/outputs/loss_comparison_picnn/PICNN__smooth_l1__minmax__seed42/picnn_state_dict_best.pt
Epoch 043 | train_loss=9.9643e-04 | train_eval_loss=9.9194e-04 | val_loss=9.7471e-04 | | lr=1.00e-03
Epoch 044 | train_loss=9.9422e-04 | train_eval_loss=9.9311e-04 | val_loss=9.8003e-04 | | lr=1.00e-03
Epoch 045 | train_loss=9.9236e-04 | train_eval_loss=1.0114e-03 | val_loss=9.9369e-04 | | lr=1.00e-03
Epoch 046 | train_loss=9.9779e-04 | train_eval_loss=9.9469e-04 | val_loss=9.8200e-04 | | lr=1.00e-03
Epoch 047 | train_loss=9.9622e-04 | train_eval_loss=1.0036e-03 | val_loss=9.9028e-04 | | lr=1.00e-03
Epoch 048 | train_loss=9.9769e-04 | train_eval_loss=1.0099e-03 | val_loss=9.9828e-04 | | lr=1.00e-03
Epoch 049 | train_loss=9.9656e-04 | train_eval_loss=9.8369e-04 | val_loss=9.6982e-04 | | lr=1.00e-03
Saved best model to results/thesis_model_results/outputs/loss_comparison_picnn/PICNN__smooth_l1__minmax__seed42/picnn_state_dict_best.pt
Epoch 050 | train_loss=9.9342e-04 | train_eval_loss=1.0028e-03 | val_loss=9.8631e-04 | | lr=1.00e-03
Epoch 051 | train_loss=9.9434e-04 | train_eval_loss=9.9742e-04 | val_loss=9.8570e-04 | | lr=1.00e-03
Epoch 052 | train_loss=1.0018e-03 | train_eval_loss=9.9349e-04 | val_loss=9.7644e-04 | | lr=1.00e-03
Epoch 053 | train_loss=9.9579e-04 | train_eval_loss=1.0052e-03 | val_loss=9.9611e-04 | | lr=1.00e-03
Epoch 054 | train_loss=9.9544e-04 | train_eval_loss=1.0144e-03 | val_loss=1.0048e-03 | | lr=1.00e-03
Epoch 055 | train_loss=1.0045e-03 | train_eval_loss=9.8725e-04 | val_loss=9.7326e-04 | | lr=1.00e-03
Epoch 056 | train_loss=9.9719e-04 | train_eval_loss=1.0376e-03 | val_loss=1.0206e-03 | | lr=1.00e-03
Epoch 057 | train_loss=1.0032e-03 | train_eval_loss=1.0233e-03 | val_loss=1.0157e-03 | | lr=1.00e-03
Epoch 058 | train_loss=9.9349e-04 | train_eval_loss=1.0476e-03 | val_loss=1.0288e-03 | | lr=1.00e-03
Epoch 059 | train_loss=9.8806e-04 | train_eval_loss=9.8263e-04 | val_loss=9.6894e-04 | | lr=5.00e-04
Saved best model to results/thesis_model_results/outputs/loss_comparison_picnn/PICNN__smooth_l1__minmax__seed42/picnn_state_dict_best.pt
Epoch 060 | train_loss=9.8647e-04 | train_eval_loss=9.8936e-04 | val_loss=9.7800e-04 | | lr=5.00e-04
Epoch 061 | train_loss=9.9412e-04 | train_eval_loss=1.0057e-03 | val_loss=9.9689e-04 | | lr=5.00e-04
Epoch 062 | train_loss=1.0016e-03 | train_eval_loss=1.0008e-03 | val_loss=9.8589e-04 | | lr=5.00e-04
Epoch 063 | train_loss=9.8946e-04 | train_eval_loss=9.8274e-04 | val_loss=9.6846e-04 | | lr=5.00e-04
Saved best model to results/thesis_model_results/outputs/loss_comparison_picnn/PICNN__smooth_l1__minmax__seed42/picnn_state_dict_best.pt
Epoch 064 | train_loss=9.8583e-04 | train_eval_loss=9.8566e-04 | val_loss=9.7270e-04 | | lr=5.00e-04
Epoch 065 | train_loss=9.8961e-04 | train_eval_loss=9.9301e-04 | val_loss=9.8054e-04 | | lr=5.00e-04
Epoch 066 | train_loss=9.8713e-04 | train_eval_loss=9.8891e-04 | val_loss=9.8050e-04 | | lr=5.00e-04
Epoch 067 | train_loss=9.9086e-04 | train_eval_loss=9.8327e-04 | val_loss=9.6965e-04 | | lr=5.00e-04
Epoch 068 | train_loss=9.9093e-04 | train_eval_loss=1.0064e-03 | val_loss=9.9890e-04 | | lr=5.00e-04
Epoch 069 | train_loss=9.8802e-04 | train_eval_loss=9.8766e-04 | val_loss=9.7516e-04 | | lr=5.00e-04
Epoch 070 | train_loss=9.9227e-04 | train_eval_loss=9.8434e-04 | val_loss=9.7315e-04 | | lr=5.00e-04
Epoch 071 | train_loss=9.8994e-04 | train_eval_loss=9.7893e-04 | val_loss=9.6736e-04 | | lr=5.00e-04
Saved best model to results/thesis_model_results/outputs/loss_comparison_picnn/PICNN__smooth_l1__minmax__seed42/picnn_state_dict_best.pt
Epoch 072 | train_loss=9.9180e-04 | train_eval_loss=9.9306e-04 | val_loss=9.8423e-04 | | lr=5.00e-04
Epoch 073 | train_loss=9.9503e-04 | train_eval_loss=9.8740e-04 | val_loss=9.7589e-04 | | lr=5.00e-04
Epoch 074 | train_loss=1.0036e-03 | train_eval_loss=9.8590e-04 | val_loss=9.7388e-04 | | lr=5.00e-04
Epoch 075 | train_loss=9.8859e-04 | train_eval_loss=9.9431e-04 | val_loss=9.8545e-04 | | lr=5.00e-04
Epoch 076 | train_loss=9.9001e-04 | train_eval_loss=9.8454e-04 | val_loss=9.7397e-04 | | lr=5.00e-04
Epoch 077 | train_loss=9.8938e-04 | train_eval_loss=9.8815e-04 | val_loss=9.7381e-04 | | lr=5.00e-04
Epoch 078 | train_loss=9.9622e-04 | train_eval_loss=9.9067e-04 | val_loss=9.8073e-04 | | lr=5.00e-04
Epoch 079 | train_loss=9.9193e-04 | train_eval_loss=9.8613e-04 | val_loss=9.7325e-04 | | lr=5.00e-04
Epoch 080 | train_loss=9.9928e-04 | train_eval_loss=9.8552e-04 | val_loss=9.7432e-04 | | lr=5.00e-04
Epoch 081 | train_loss=9.8176e-04 | train_eval_loss=9.7846e-04 | val_loss=9.6642e-04 | | lr=2.50e-04
Saved best model to results/thesis_model_results/outputs/loss_comparison_picnn/PICNN__smooth_l1__minmax__seed42/picnn_state_dict_best.pt
Epoch 082 | train_loss=9.8175e-04 | train_eval_loss=9.7793e-04 | val_loss=9.6481e-04 | | lr=2.50e-04
Saved best model to results/thesis_model_results/outputs/loss_comparison_picnn/PICNN__smooth_l1__minmax__seed42/picnn_state_dict_best.pt
Epoch 083 | train_loss=9.8588e-04 | train_eval_loss=9.9916e-04 | val_loss=9.8963e-04 | | lr=2.50e-04
Epoch 084 | train_loss=9.8069e-04 | train_eval_loss=9.7713e-04 | val_loss=9.6576e-04 | | lr=2.50e-04
Epoch 085 | train_loss=9.8435e-04 | train_eval_loss=9.9096e-04 | val_loss=9.8025e-04 | | lr=2.50e-04
Epoch 086 | train_loss=9.8310e-04 | train_eval_loss=9.7976e-04 | val_loss=9.6986e-04 | | lr=2.50e-04
Epoch 087 | train_loss=9.8378e-04 | train_eval_loss=9.8191e-04 | val_loss=9.7291e-04 | | lr=2.50e-04
Epoch 088 | train_loss=9.8479e-04 | train_eval_loss=9.8344e-04 | val_loss=9.7314e-04 | | lr=2.50e-04
Epoch 089 | train_loss=9.8621e-04 | train_eval_loss=9.8801e-04 | val_loss=9.7791e-04 | | lr=2.50e-04
Epoch 090 | train_loss=9.8430e-04 | train_eval_loss=9.7714e-04 | val_loss=9.6493e-04 | | lr=2.50e-04
Epoch 091 | train_loss=9.8504e-04 | train_eval_loss=9.9735e-04 | val_loss=9.8645e-04 | | lr=2.50e-04
Epoch 092 | train_loss=9.7882e-04 | train_eval_loss=9.7687e-04 | val_loss=9.6683e-04 | | lr=1.25e-04
Epoch 093 | train_loss=9.7764e-04 | train_eval_loss=9.7503e-04 | val_loss=9.6405e-04 | | lr=1.25e-04
Saved best model to results/thesis_model_results/outputs/loss_comparison_picnn/PICNN__smooth_l1__minmax__seed42/picnn_state_dict_best.pt
Epoch 094 | train_loss=9.7674e-04 | train_eval_loss=9.7834e-04 | val_loss=9.6525e-04 | | lr=1.25e-04
Epoch 095 | train_loss=9.7980e-04 | train_eval_loss=9.7875e-04 | val_loss=9.6749e-04 | | lr=1.25e-04
Epoch 096 | train_loss=9.7789e-04 | train_eval_loss=9.7798e-04 | val_loss=9.6712e-04 | | lr=1.25e-04
Epoch 097 | train_loss=9.7839e-04 | train_eval_loss=9.7556e-04 | val_loss=9.6454e-04 | | lr=1.25e-04
Epoch 098 | train_loss=9.7956e-04 | train_eval_loss=9.7999e-04 | val_loss=9.6725e-04 | | lr=1.25e-04
Epoch 099 | train_loss=9.7871e-04 | train_eval_loss=9.8094e-04 | val_loss=9.7097e-04 | | lr=1.25e-04
Epoch 100 | train_loss=9.7949e-04 | train_eval_loss=9.7740e-04 | val_loss=9.6601e-04 | | lr=1.25e-04
Epoch 101 | train_loss=9.7913e-04 | train_eval_loss=9.7677e-04 | val_loss=9.6474e-04 | | lr=1.25e-04
Epoch 102 | train_loss=9.7809e-04 | train_eval_loss=9.8551e-04 | val_loss=9.7473e-04 | | lr=1.25e-04
Epoch 103 | train_loss=9.7663e-04 | train_eval_loss=9.7522e-04 | val_loss=9.6423e-04 | | lr=6.25e-05
Epoch 104 | train_loss=9.7605e-04 | train_eval_loss=9.7805e-04 | val_loss=9.6873e-04 | | lr=6.25e-05
Epoch 105 | train_loss=9.7593e-04 | train_eval_loss=9.7588e-04 | val_loss=9.6418e-04 | | lr=6.25e-05
Epoch 106 | train_loss=9.7629e-04 | train_eval_loss=9.7723e-04 | val_loss=9.6754e-04 | | lr=6.25e-05
Epoch 107 | train_loss=9.7679e-04 | train_eval_loss=9.7994e-04 | val_loss=9.6623e-04 | | lr=6.25e-05
Epoch 108 | train_loss=9.7758e-04 | train_eval_loss=9.7880e-04 | val_loss=9.6783e-04 | | lr=6.25e-05
Epoch 109 | train_loss=9.7605e-04 | train_eval_loss=9.7580e-04 | val_loss=9.6485e-04 | | lr=6.25e-05
Epoch 110 | train_loss=9.7793e-04 | train_eval_loss=9.7513e-04 | val_loss=9.6355e-04 | | lr=6.25e-05
Saved best model to results/thesis_model_results/outputs/loss_comparison_picnn/PICNN__smooth_l1__minmax__seed42/picnn_state_dict_best.pt
Epoch 111 | train_loss=9.7612e-04 | train_eval_loss=9.7810e-04 | val_loss=9.6854e-04 | | lr=6.25e-05
Epoch 112 | train_loss=9.7648e-04 | train_eval_loss=9.7612e-04 | val_loss=9.6471e-04 | | lr=6.25e-05
Epoch 113 | train_loss=9.7611e-04 | train_eval_loss=9.7475e-04 | val_loss=9.6285e-04 | | lr=6.25e-05
Saved best model to results/thesis_model_results/outputs/loss_comparison_picnn/PICNN__smooth_l1__minmax__seed42/picnn_state_dict_best.pt
Epoch 114 | train_loss=9.7660e-04 | train_eval_loss=9.7741e-04 | val_loss=9.6748e-04 | | lr=6.25e-05
Epoch 115 | train_loss=9.7596e-04 | train_eval_loss=9.7691e-04 | val_loss=9.6535e-04 | | lr=6.25e-05
Epoch 116 | train_loss=9.7869e-04 | train_eval_loss=9.7409e-04 | val_loss=9.6234e-04 | | lr=6.25e-05
Saved best model to results/thesis_model_results/outputs/loss_comparison_picnn/PICNN__smooth_l1__minmax__seed42/picnn_state_dict_best.pt
Epoch 117 | train_loss=9.7733e-04 | train_eval_loss=9.7745e-04 | val_loss=9.6720e-04 | | lr=6.25e-05
Epoch 118 | train_loss=9.7610e-04 | train_eval_loss=9.7490e-04 | val_loss=9.6387e-04 | | lr=6.25e-05
Epoch 119 | train_loss=9.7557e-04 | train_eval_loss=9.7592e-04 | val_loss=9.6486e-04 | | lr=6.25e-05
Epoch 120 | train_loss=9.7738e-04 | train_eval_loss=9.7828e-04 | val_loss=9.6706e-04 | | lr=6.25e-05
Epoch 121 | train_loss=9.7610e-04 | train_eval_loss=9.8234e-04 | val_loss=9.7063e-04 | | lr=6.25e-05
Epoch 122 | train_loss=9.7756e-04 | train_eval_loss=9.7637e-04 | val_loss=9.6638e-04 | | lr=6.25e-05
Epoch 123 | train_loss=9.7680e-04 | train_eval_loss=9.7583e-04 | val_loss=9.6322e-04 | | lr=6.25e-05
Epoch 124 | train_loss=9.7704e-04 | train_eval_loss=9.7407e-04 | val_loss=9.6236e-04 | | lr=6.25e-05
Epoch 125 | train_loss=9.7720e-04 | train_eval_loss=9.7798e-04 | val_loss=9.6597e-04 | | lr=6.25e-05
Epoch 126 | train_loss=9.7529e-04 | train_eval_loss=9.7586e-04 | val_loss=9.6322e-04 | | lr=3.13e-05
Epoch 127 | train_loss=9.7487e-04 | train_eval_loss=9.7407e-04 | val_loss=9.6202e-04 | | lr=3.13e-05
Saved best model to results/thesis_model_results/outputs/loss_comparison_picnn/PICNN__smooth_l1__minmax__seed42/picnn_state_dict_best.pt
Epoch 128 | train_loss=9.7455e-04 | train_eval_loss=9.7456e-04 | val_loss=9.6398e-04 | | lr=3.13e-05
Epoch 129 | train_loss=9.7424e-04 | train_eval_loss=9.7492e-04 | val_loss=9.6251e-04 | | lr=3.13e-05
Epoch 130 | train_loss=9.7482e-04 | train_eval_loss=9.7757e-04 | val_loss=9.6650e-04 | | lr=3.13e-05
Epoch 131 | train_loss=9.7654e-04 | train_eval_loss=9.7585e-04 | val_loss=9.6529e-04 | | lr=3.13e-05
Epoch 132 | train_loss=9.7535e-04 | train_eval_loss=9.7725e-04 | val_loss=9.6540e-04 | | lr=3.13e-05
Epoch 133 | train_loss=9.7429e-04 | train_eval_loss=9.7472e-04 | val_loss=9.6278e-04 | | lr=3.13e-05
Epoch 134 | train_loss=9.7541e-04 | train_eval_loss=9.7289e-04 | val_loss=9.6206e-04 | | lr=3.13e-05
Epoch 135 | train_loss=9.7420e-04 | train_eval_loss=9.7334e-04 | val_loss=9.6222e-04 | | lr=3.13e-05
Epoch 136 | train_loss=9.7479e-04 | train_eval_loss=9.7455e-04 | val_loss=9.6230e-04 | | lr=3.13e-05
Epoch 137 | train_loss=9.7440e-04 | train_eval_loss=9.7249e-04 | val_loss=9.6112e-04 | | lr=1.56e-05
Saved best model to results/thesis_model_results/outputs/loss_comparison_picnn/PICNN__smooth_l1__minmax__seed42/picnn_state_dict_best.pt
Epoch 138 | train_loss=9.7325e-04 | train_eval_loss=9.7307e-04 | val_loss=9.6098e-04 | | lr=1.56e-05
Saved best model to results/thesis_model_results/outputs/loss_comparison_picnn/PICNN__smooth_l1__minmax__seed42/picnn_state_dict_best.pt
Epoch 139 | train_loss=9.7373e-04 | train_eval_loss=9.7367e-04 | val_loss=9.6277e-04 | | lr=1.56e-05
Epoch 140 | train_loss=9.7360e-04 | train_eval_loss=9.7388e-04 | val_loss=9.6348e-04 | | lr=1.56e-05
Epoch 141 | train_loss=9.7335e-04 | train_eval_loss=9.7751e-04 | val_loss=9.6798e-04 | | lr=1.56e-05
Epoch 142 | train_loss=9.7416e-04 | train_eval_loss=9.7363e-04 | val_loss=9.6300e-04 | | lr=1.56e-05
Epoch 143 | train_loss=9.7431e-04 | train_eval_loss=9.7482e-04 | val_loss=9.6338e-04 | | lr=1.56e-05
Epoch 144 | train_loss=9.7323e-04 | train_eval_loss=9.7333e-04 | val_loss=9.6188e-04 | | lr=1.56e-05
Epoch 145 | train_loss=9.7379e-04 | train_eval_loss=9.7273e-04 | val_loss=9.6186e-04 | | lr=1.56e-05
Epoch 146 | train_loss=9.7401e-04 | train_eval_loss=9.7276e-04 | val_loss=9.6200e-04 | | lr=1.56e-05
Epoch 147 | train_loss=9.7390e-04 | train_eval_loss=9.7294e-04 | val_loss=9.6186e-04 | | lr=1.56e-05
Epoch 148 | train_loss=9.7293e-04 | train_eval_loss=9.7309e-04 | val_loss=9.6248e-04 | | lr=7.81e-06
Epoch 149 | train_loss=9.7292e-04 | train_eval_loss=9.7282e-04 | val_loss=9.6091e-04 | | lr=7.81e-06
Saved best model to results/thesis_model_results/outputs/loss_comparison_picnn/PICNN__smooth_l1__minmax__seed42/picnn_state_dict_best.pt
Epoch 150 | train_loss=9.7288e-04 | train_eval_loss=9.7225e-04 | val_loss=9.6093e-04 | | lr=7.81e-06
Epoch 151 | train_loss=9.7299e-04 | train_eval_loss=9.7232e-04 | val_loss=9.6108e-04 | | lr=7.81e-06
Epoch 152 | train_loss=9.7328e-04 | train_eval_loss=9.7262e-04 | val_loss=9.6142e-04 | | lr=7.81e-06
Epoch 153 | train_loss=9.7301e-04 | train_eval_loss=9.7305e-04 | val_loss=9.6264e-04 | | lr=7.81e-06
Epoch 154 | train_loss=9.7304e-04 | train_eval_loss=9.7246e-04 | val_loss=9.6099e-04 | | lr=7.81e-06
Epoch 155 | train_loss=9.7302e-04 | train_eval_loss=9.7249e-04 | val_loss=9.6118e-04 | | lr=7.81e-06
Epoch 156 | train_loss=9.7301e-04 | train_eval_loss=9.7276e-04 | val_loss=9.6097e-04 | | lr=7.81e-06
Epoch 157 | train_loss=9.7276e-04 | train_eval_loss=9.7238e-04 | val_loss=9.6073e-04 | | lr=3.91e-06
Saved best model to results/thesis_model_results/outputs/loss_comparison_picnn/PICNN__smooth_l1__minmax__seed42/picnn_state_dict_best.pt
Epoch 158 | train_loss=9.7265e-04 | train_eval_loss=9.7226e-04 | val_loss=9.6090e-04 | | lr=3.91e-06
Epoch 159 | train_loss=9.7282e-04 | train_eval_loss=9.7247e-04 | val_loss=9.6133e-04 | | lr=3.91e-06
Epoch 160 | train_loss=9.7267e-04 | train_eval_loss=9.7236e-04 | val_loss=9.6084e-04 | | lr=3.91e-06
Epoch 161 | train_loss=9.7261e-04 | train_eval_loss=9.7225e-04 | val_loss=9.6125e-04 | | lr=3.91e-06
Epoch 162 | train_loss=9.7265e-04 | train_eval_loss=9.7236e-04 | val_loss=9.6130e-04 | | lr=3.91e-06
Epoch 163 | train_loss=9.7259e-04 | train_eval_loss=9.7243e-04 | val_loss=9.6119e-04 | | lr=3.91e-06
Epoch 164 | train_loss=9.7253e-04 | train_eval_loss=9.7241e-04 | val_loss=9.6100e-04 | | lr=3.91e-06
Epoch 165 | train_loss=9.7263e-04 | train_eval_loss=9.7240e-04 | val_loss=9.6139e-04 | | lr=3.91e-06
Epoch 166 | train_loss=9.7274e-04 | train_eval_loss=9.7235e-04 | val_loss=9.6116e-04 | | lr=3.91e-06
Epoch 167 | train_loss=9.7237e-04 | train_eval_loss=9.7218e-04 | val_loss=9.6118e-04 | | lr=1.95e-06
Epoch 168 | train_loss=9.7236e-04 | train_eval_loss=9.7229e-04 | val_loss=9.6083e-04 | | lr=1.95e-06
Epoch 169 | train_loss=9.7236e-04 | train_eval_loss=9.7227e-04 | val_loss=9.6105e-04 | | lr=1.95e-06
Epoch 170 | train_loss=9.7237e-04 | train_eval_loss=9.7231e-04 | val_loss=9.6123e-04 | | lr=1.95e-06
Epoch 171 | train_loss=9.7234e-04 | train_eval_loss=9.7228e-04 | val_loss=9.6113e-04 | | lr=1.95e-06
Epoch 172 | train_loss=9.7237e-04 | train_eval_loss=9.7215e-04 | val_loss=9.6097e-04 | | lr=1.95e-06
Epoch 173 | train_loss=9.7229e-04 | train_eval_loss=9.7225e-04 | val_loss=9.6086e-04 | | lr=1.95e-06
Epoch 174 | train_loss=9.7242e-04 | train_eval_loss=9.7222e-04 | val_loss=9.6110e-04 | | lr=1.95e-06
Epoch 175 | train_loss=9.7239e-04 | train_eval_loss=9.7243e-04 | val_loss=9.6091e-04 | | lr=1.95e-06
Epoch 176 | train_loss=9.7226e-04 | train_eval_loss=9.7214e-04 | val_loss=9.6100e-04 | | lr=9.77e-07
Epoch 177 | train_loss=9.7224e-04 | train_eval_loss=9.7220e-04 | val_loss=9.6124e-04 | | lr=9.77e-07
Epoch 178 | train_loss=9.7238e-04 | train_eval_loss=9.7214e-04 | val_loss=9.6100e-04 | | lr=9.77e-07
Epoch 179 | train_loss=9.7224e-04 | train_eval_loss=9.7228e-04 | val_loss=9.6102e-04 | | lr=9.77e-07
Epoch 180 | train_loss=9.7228e-04 | train_eval_loss=9.7218e-04 | val_loss=9.6110e-04 | | lr=9.77e-07
Epoch 181 | train_loss=9.7230e-04 | train_eval_loss=9.7215e-04 | val_loss=9.6094e-04 | | lr=9.77e-07
Epoch 182 | train_loss=9.7223e-04 | train_eval_loss=9.7220e-04 | val_loss=9.6093e-04 | | lr=9.77e-07
Epoch 183 | train_loss=9.7226e-04 | train_eval_loss=9.7218e-04 | val_loss=9.6106e-04 | | lr=9.77e-07
Epoch 184 | train_loss=9.7231e-04 | train_eval_loss=9.7214e-04 | val_loss=9.6096e-04 | | lr=9.77e-07
Epoch 185 | train_loss=9.7219e-04 | train_eval_loss=9.7214e-04 | val_loss=9.6082e-04 | | lr=4.88e-07
Epoch 186 | train_loss=9.7220e-04 | train_eval_loss=9.7212e-04 | val_loss=9.6087e-04 | | lr=4.88e-07
Epoch 187 | train_loss=9.7220e-04 | train_eval_loss=9.7213e-04 | val_loss=9.6091e-04 | | lr=4.88e-07
Epoch 188 | train_loss=9.7219e-04 | train_eval_loss=9.7213e-04 | val_loss=9.6093e-04 | | lr=4.88e-07
Epoch 189 | train_loss=9.7221e-04 | train_eval_loss=9.7214e-04 | val_loss=9.6088e-04 | | lr=4.88e-07
Epoch 190 | train_loss=9.7223e-04 | train_eval_loss=9.7213e-04 | val_loss=9.6095e-04 | | lr=4.88e-07
Epoch 191 | train_loss=9.7218e-04 | train_eval_loss=9.7213e-04 | val_loss=9.6094e-04 | | lr=4.88e-07
Epoch 192 | train_loss=9.7219e-04 | train_eval_loss=9.7214e-04 | val_loss=9.6100e-04 | | lr=4.88e-07
Epoch 193 | train_loss=9.7220e-04 | train_eval_loss=9.7213e-04 | val_loss=9.6097e-04 | | lr=4.88e-07
Epoch 194 | train_loss=9.7215e-04 | train_eval_loss=9.7212e-04 | val_loss=9.6093e-04 | | lr=2.44e-07
Epoch 195 | train_loss=9.7215e-04 | train_eval_loss=9.7212e-04 | val_loss=9.6091e-04 | | lr=2.44e-07
Epoch 196 | train_loss=9.7216e-04 | train_eval_loss=9.7212e-04 | val_loss=9.6091e-04 | | lr=2.44e-07
Epoch 197 | train_loss=9.7216e-04 | train_eval_loss=9.7212e-04 | val_loss=9.6092e-04 | | lr=2.44e-07
Epoch 198 | train_loss=9.7217e-04 | train_eval_loss=9.7212e-04 | val_loss=9.6096e-04 | | lr=2.44e-07
Epoch 199 | train_loss=9.7216e-04 | train_eval_loss=9.7212e-04 | val_loss=9.6094e-04 | | lr=2.44e-07
Epoch 200 | train_loss=9.7215e-04 | train_eval_loss=9.7212e-04 | val_loss=9.6091e-04 | | lr=2.44e-07
Saved training logs to results/thesis_model_results/outputs/loss_comparison_picnn/PICNN__smooth_l1__minmax__seed42/training_summary.txt
Test RMSE(rocof_COI) = 0.0228 | norm: 0.0173 | real_diff: 0.0168
Test RMSE(dev_COI) = 0.0961 | norm: 0.0356 | real_diff: 0.0830
Test RMSE(Delta_P_IBR_1) = 0.2305 | norm: 0.0364 | real_diff: 0.1746
Test RMSE(Delta_P_IBR_2) = 0.2097 | norm: 0.0292 | real_diff: 0.1428
Test RMSE(Delta_P_IBR_3) = 0.4375 | norm: 0.0768 | real_diff: 0.3551
Test RMSE(Delta_P_IBR_4) = 0.3889 | norm: 0.0402 | real_diff: 0.2627
Saved RMSE results to results/thesis_model_results/outputs/loss_comparison_picnn/PICNN__smooth_l1__minmax__seed42/rmse_results.txt
Saved detailed metrics to results/thesis_model_results/outputs/loss_comparison_picnn/PICNN__smooth_l1__minmax__seed42/metrics_by_target.csv
Saved aggregate metrics to results/thesis_model_results/outputs/loss_comparison_picnn/PICNN__smooth_l1__minmax__seed42/metrics_summary.json
Saved loss curves to results/thesis_model_results/outputs/loss_comparison_picnn/PICNN__smooth_l1__minmax__seed42/loss_curve.png
Saved scatter plot results/thesis_model_results/outputs/loss_comparison_picnn/PICNN__smooth_l1__minmax__seed42/scatter_rocof_COI.png
Saved scatter plot results/thesis_model_results/outputs/loss_comparison_picnn/PICNN__smooth_l1__minmax__seed42/scatter_dev_COI.png
Saved scatter plot results/thesis_model_results/outputs/loss_comparison_picnn/PICNN__smooth_l1__minmax__seed42/scatter_Delta_P_IBR_1.png
Saved scatter plot results/thesis_model_results/outputs/loss_comparison_picnn/PICNN__smooth_l1__minmax__seed42/scatter_Delta_P_IBR_2.png
Saved scatter plot results/thesis_model_results/outputs/loss_comparison_picnn/PICNN__smooth_l1__minmax__seed42/scatter_Delta_P_IBR_3.png
Saved scatter plot results/thesis_model_results/outputs/loss_comparison_picnn/PICNN__smooth_l1__minmax__seed42/scatter_Delta_P_IBR_4.png
Saved model to results/thesis_model_results/outputs/loss_comparison_picnn/PICNN__smooth_l1__minmax__seed42/picnn_state_dict.pt
Loss type: huber | weights=[]
Target stats (scaled):
train mean=[0.549  0.589  0.492  0.4884 0.4785 0.4192]
train std=[0.1365 0.1371 0.1141 0.1063 0.1158 0.1138]
train q05=[0.3074 0.3979 0.3192 0.303  0.3347 0.2205]
train q95=[0.7933 0.8652 0.6719 0.6491 0.6927 0.6016]
val mean=[0.5473 0.5873 0.4922 0.4893 0.4798 0.4201]
val std=[0.1343 0.1348 0.1123 0.1072 0.1141 0.1112]
val q05=[0.3103 0.3982 0.3195 0.303  0.3376 0.2251]
val q95=[0.7886 0.8626 0.6731 0.6514 0.6918 0.5984]
val/train std ratio=[0.984  0.9828 0.9844 1.0084 0.9848 0.9772]
LR scheduler: ReduceLROnPlateau (factor=0.5, patience=8, min_lr=1e-07)
Epoch 001 | train_loss=2.5287e+03 | train_eval_loss=1.8009e-02 | val_loss=1.7830e-02 | | lr=1.00e-03
Saved best model to results/thesis_model_results/outputs/loss_comparison_picnn/PICNN__huber__minmax__seed42/picnn_state_dict_best.pt
Epoch 002 | train_loss=1.5696e-02 | train_eval_loss=1.4435e-02 | val_loss=1.4297e-02 | | lr=1.00e-03
Saved best model to results/thesis_model_results/outputs/loss_comparison_picnn/PICNN__huber__minmax__seed42/picnn_state_dict_best.pt
Epoch 003 | train_loss=1.3501e-02 | train_eval_loss=1.2528e-02 | val_loss=1.2421e-02 | | lr=1.00e-03
Saved best model to results/thesis_model_results/outputs/loss_comparison_picnn/PICNN__huber__minmax__seed42/picnn_state_dict_best.pt
Epoch 004 | train_loss=1.1657e-02 | train_eval_loss=1.0769e-02 | val_loss=1.0702e-02 | | lr=1.00e-03
Saved best model to results/thesis_model_results/outputs/loss_comparison_picnn/PICNN__huber__minmax__seed42/picnn_state_dict_best.pt
Epoch 005 | train_loss=9.9635e-03 | train_eval_loss=9.1548e-03 | val_loss=9.0991e-03 | | lr=1.00e-03
Saved best model to results/thesis_model_results/outputs/loss_comparison_picnn/PICNN__huber__minmax__seed42/picnn_state_dict_best.pt
Epoch 006 | train_loss=8.4632e-03 | train_eval_loss=7.7654e-03 | val_loss=7.7236e-03 | | lr=1.00e-03
Saved best model to results/thesis_model_results/outputs/loss_comparison_picnn/PICNN__huber__minmax__seed42/picnn_state_dict_best.pt
Epoch 007 | train_loss=7.1784e-03 | train_eval_loss=6.5821e-03 | val_loss=6.5498e-03 | | lr=1.00e-03
Saved best model to results/thesis_model_results/outputs/loss_comparison_picnn/PICNN__huber__minmax__seed42/picnn_state_dict_best.pt
Epoch 008 | train_loss=6.0883e-03 | train_eval_loss=5.5815e-03 | val_loss=5.5572e-03 | | lr=1.00e-03
Saved best model to results/thesis_model_results/outputs/loss_comparison_picnn/PICNN__huber__minmax__seed42/picnn_state_dict_best.pt
Epoch 009 | train_loss=5.1741e-03 | train_eval_loss=4.7491e-03 | val_loss=4.7296e-03 | | lr=1.00e-03
Saved best model to results/thesis_model_results/outputs/loss_comparison_picnn/PICNN__huber__minmax__seed42/picnn_state_dict_best.pt
Epoch 010 | train_loss=4.4027e-03 | train_eval_loss=4.0442e-03 | val_loss=4.0254e-03 | | lr=1.00e-03
Saved best model to results/thesis_model_results/outputs/loss_comparison_picnn/PICNN__huber__minmax__seed42/picnn_state_dict_best.pt
Epoch 011 | train_loss=3.7599e-03 | train_eval_loss=3.4743e-03 | val_loss=3.4565e-03 | | lr=1.00e-03
Saved best model to results/thesis_model_results/outputs/loss_comparison_picnn/PICNN__huber__minmax__seed42/picnn_state_dict_best.pt
Epoch 012 | train_loss=3.2320e-03 | train_eval_loss=2.9809e-03 | val_loss=2.9627e-03 | | lr=1.00e-03
Saved best model to results/thesis_model_results/outputs/loss_comparison_picnn/PICNN__huber__minmax__seed42/picnn_state_dict_best.pt
Epoch 013 | train_loss=2.7899e-03 | train_eval_loss=2.5848e-03 | val_loss=2.5689e-03 | | lr=1.00e-03
Saved best model to results/thesis_model_results/outputs/loss_comparison_picnn/PICNN__huber__minmax__seed42/picnn_state_dict_best.pt
Epoch 014 | train_loss=2.4206e-03 | train_eval_loss=2.2595e-03 | val_loss=2.2416e-03 | | lr=1.00e-03
Saved best model to results/thesis_model_results/outputs/loss_comparison_picnn/PICNN__huber__minmax__seed42/picnn_state_dict_best.pt
Epoch 015 | train_loss=2.1200e-03 | train_eval_loss=1.9859e-03 | val_loss=1.9693e-03 | | lr=1.00e-03
Saved best model to results/thesis_model_results/outputs/loss_comparison_picnn/PICNN__huber__minmax__seed42/picnn_state_dict_best.pt
Epoch 016 | train_loss=1.8786e-03 | train_eval_loss=1.7748e-03 | val_loss=1.7579e-03 | | lr=1.00e-03
Saved best model to results/thesis_model_results/outputs/loss_comparison_picnn/PICNN__huber__minmax__seed42/picnn_state_dict_best.pt
Epoch 017 | train_loss=1.6824e-03 | train_eval_loss=1.5916e-03 | val_loss=1.5730e-03 | | lr=1.00e-03
Saved best model to results/thesis_model_results/outputs/loss_comparison_picnn/PICNN__huber__minmax__seed42/picnn_state_dict_best.pt
Epoch 018 | train_loss=1.5297e-03 | train_eval_loss=1.4605e-03 | val_loss=1.4438e-03 | | lr=1.00e-03
Saved best model to results/thesis_model_results/outputs/loss_comparison_picnn/PICNN__huber__minmax__seed42/picnn_state_dict_best.pt
Epoch 019 | train_loss=1.4043e-03 | train_eval_loss=1.3501e-03 | val_loss=1.3316e-03 | | lr=1.00e-03
Saved best model to results/thesis_model_results/outputs/loss_comparison_picnn/PICNN__huber__minmax__seed42/picnn_state_dict_best.pt
Epoch 020 | train_loss=1.3097e-03 | train_eval_loss=1.2657e-03 | val_loss=1.2485e-03 | | lr=1.00e-03
Saved best model to results/thesis_model_results/outputs/loss_comparison_picnn/PICNN__huber__minmax__seed42/picnn_state_dict_best.pt
Epoch 021 | train_loss=1.2367e-03 | train_eval_loss=1.2010e-03 | val_loss=1.1845e-03 | | lr=1.00e-03
Saved best model to results/thesis_model_results/outputs/loss_comparison_picnn/PICNN__huber__minmax__seed42/picnn_state_dict_best.pt
Epoch 022 | train_loss=1.1765e-03 | train_eval_loss=1.1510e-03 | val_loss=1.1333e-03 | | lr=1.00e-03
Saved best model to results/thesis_model_results/outputs/loss_comparison_picnn/PICNN__huber__minmax__seed42/picnn_state_dict_best.pt
Epoch 023 | train_loss=1.1362e-03 | train_eval_loss=1.1134e-03 | val_loss=1.0941e-03 | | lr=1.00e-03
Saved best model to results/thesis_model_results/outputs/loss_comparison_picnn/PICNN__huber__minmax__seed42/picnn_state_dict_best.pt
Epoch 024 | train_loss=1.1028e-03 | train_eval_loss=1.0961e-03 | val_loss=1.0780e-03 | | lr=1.00e-03
Saved best model to results/thesis_model_results/outputs/loss_comparison_picnn/PICNN__huber__minmax__seed42/picnn_state_dict_best.pt
Epoch 025 | train_loss=1.0805e-03 | train_eval_loss=1.0696e-03 | val_loss=1.0536e-03 | | lr=1.00e-03
Saved best model to results/thesis_model_results/outputs/loss_comparison_picnn/PICNN__huber__minmax__seed42/picnn_state_dict_best.pt
Epoch 026 | train_loss=1.0619e-03 | train_eval_loss=1.0486e-03 | val_loss=1.0290e-03 | | lr=1.00e-03
Saved best model to results/thesis_model_results/outputs/loss_comparison_picnn/PICNN__huber__minmax__seed42/picnn_state_dict_best.pt
Epoch 027 | train_loss=1.0461e-03 | train_eval_loss=1.0459e-03 | val_loss=1.0279e-03 | | lr=1.00e-03
Saved best model to results/thesis_model_results/outputs/loss_comparison_picnn/PICNN__huber__minmax__seed42/picnn_state_dict_best.pt
Epoch 028 | train_loss=1.0364e-03 | train_eval_loss=1.0299e-03 | val_loss=1.0113e-03 | | lr=1.00e-03
Saved best model to results/thesis_model_results/outputs/loss_comparison_picnn/PICNN__huber__minmax__seed42/picnn_state_dict_best.pt
Epoch 029 | train_loss=1.0285e-03 | train_eval_loss=1.0251e-03 | val_loss=1.0065e-03 | | lr=1.00e-03
Saved best model to results/thesis_model_results/outputs/loss_comparison_picnn/PICNN__huber__minmax__seed42/picnn_state_dict_best.pt
Epoch 030 | train_loss=1.0223e-03 | train_eval_loss=1.0239e-03 | val_loss=1.0075e-03 | | lr=1.00e-03
Epoch 031 | train_loss=1.0187e-03 | train_eval_loss=1.0091e-03 | val_loss=9.9145e-04 | | lr=1.00e-03
Saved best model to results/thesis_model_results/outputs/loss_comparison_picnn/PICNN__huber__minmax__seed42/picnn_state_dict_best.pt
Epoch 032 | train_loss=1.0154e-03 | train_eval_loss=1.0059e-03 | val_loss=9.8898e-04 | | lr=1.00e-03
Saved best model to results/thesis_model_results/outputs/loss_comparison_picnn/PICNN__huber__minmax__seed42/picnn_state_dict_best.pt
Epoch 033 | train_loss=1.0109e-03 | train_eval_loss=1.0040e-03 | val_loss=9.8619e-04 | | lr=1.00e-03
Saved best model to results/thesis_model_results/outputs/loss_comparison_picnn/PICNN__huber__minmax__seed42/picnn_state_dict_best.pt
Epoch 034 | train_loss=1.0080e-03 | train_eval_loss=1.0067e-03 | val_loss=9.9174e-04 | | lr=1.00e-03
Epoch 035 | train_loss=1.0083e-03 | train_eval_loss=1.0040e-03 | val_loss=9.9058e-04 | | lr=1.00e-03
Epoch 036 | train_loss=1.0048e-03 | train_eval_loss=1.0005e-03 | val_loss=9.8644e-04 | | lr=1.00e-03
Epoch 037 | train_loss=1.0056e-03 | train_eval_loss=1.0114e-03 | val_loss=9.9679e-04 | | lr=1.00e-03
Epoch 038 | train_loss=1.0055e-03 | train_eval_loss=9.9807e-04 | val_loss=9.8054e-04 | | lr=1.00e-03
Saved best model to results/thesis_model_results/outputs/loss_comparison_picnn/PICNN__huber__minmax__seed42/picnn_state_dict_best.pt
Epoch 039 | train_loss=1.0018e-03 | train_eval_loss=9.9432e-04 | val_loss=9.7905e-04 | | lr=1.00e-03
Saved best model to results/thesis_model_results/outputs/loss_comparison_picnn/PICNN__huber__minmax__seed42/picnn_state_dict_best.pt
Epoch 040 | train_loss=1.0000e-03 | train_eval_loss=1.0033e-03 | val_loss=9.8920e-04 | | lr=1.00e-03
Epoch 041 | train_loss=9.9675e-04 | train_eval_loss=9.9998e-04 | val_loss=9.8220e-04 | | lr=1.00e-03
Epoch 042 | train_loss=9.9792e-04 | train_eval_loss=9.8727e-04 | val_loss=9.7177e-04 | | lr=1.00e-03
Saved best model to results/thesis_model_results/outputs/loss_comparison_picnn/PICNN__huber__minmax__seed42/picnn_state_dict_best.pt
Epoch 043 | train_loss=9.9643e-04 | train_eval_loss=9.9194e-04 | val_loss=9.7471e-04 | | lr=1.00e-03
Epoch 044 | train_loss=9.9422e-04 | train_eval_loss=9.9311e-04 | val_loss=9.8003e-04 | | lr=1.00e-03
Epoch 045 | train_loss=9.9236e-04 | train_eval_loss=1.0114e-03 | val_loss=9.9369e-04 | | lr=1.00e-03
Epoch 046 | train_loss=9.9779e-04 | train_eval_loss=9.9469e-04 | val_loss=9.8200e-04 | | lr=1.00e-03
Epoch 047 | train_loss=9.9622e-04 | train_eval_loss=1.0036e-03 | val_loss=9.9028e-04 | | lr=1.00e-03
Epoch 048 | train_loss=9.9769e-04 | train_eval_loss=1.0099e-03 | val_loss=9.9828e-04 | | lr=1.00e-03
Epoch 049 | train_loss=9.9656e-04 | train_eval_loss=9.8369e-04 | val_loss=9.6982e-04 | | lr=1.00e-03
Saved best model to results/thesis_model_results/outputs/loss_comparison_picnn/PICNN__huber__minmax__seed42/picnn_state_dict_best.pt
Epoch 050 | train_loss=9.9342e-04 | train_eval_loss=1.0028e-03 | val_loss=9.8631e-04 | | lr=1.00e-03
Epoch 051 | train_loss=9.9434e-04 | train_eval_loss=9.9742e-04 | val_loss=9.8570e-04 | | lr=1.00e-03
Epoch 052 | train_loss=1.0018e-03 | train_eval_loss=9.9349e-04 | val_loss=9.7644e-04 | | lr=1.00e-03
Epoch 053 | train_loss=9.9579e-04 | train_eval_loss=1.0052e-03 | val_loss=9.9611e-04 | | lr=1.00e-03
Epoch 054 | train_loss=9.9544e-04 | train_eval_loss=1.0144e-03 | val_loss=1.0048e-03 | | lr=1.00e-03
Epoch 055 | train_loss=1.0045e-03 | train_eval_loss=9.8725e-04 | val_loss=9.7326e-04 | | lr=1.00e-03
Epoch 056 | train_loss=9.9719e-04 | train_eval_loss=1.0376e-03 | val_loss=1.0206e-03 | | lr=1.00e-03
Epoch 057 | train_loss=1.0032e-03 | train_eval_loss=1.0233e-03 | val_loss=1.0157e-03 | | lr=1.00e-03
Epoch 058 | train_loss=9.9349e-04 | train_eval_loss=1.0476e-03 | val_loss=1.0288e-03 | | lr=1.00e-03
Epoch 059 | train_loss=9.8806e-04 | train_eval_loss=9.8263e-04 | val_loss=9.6894e-04 | | lr=5.00e-04
Saved best model to results/thesis_model_results/outputs/loss_comparison_picnn/PICNN__huber__minmax__seed42/picnn_state_dict_best.pt
Epoch 060 | train_loss=9.8647e-04 | train_eval_loss=9.8936e-04 | val_loss=9.7800e-04 | | lr=5.00e-04
Epoch 061 | train_loss=9.9412e-04 | train_eval_loss=1.0057e-03 | val_loss=9.9689e-04 | | lr=5.00e-04
Epoch 062 | train_loss=1.0016e-03 | train_eval_loss=1.0008e-03 | val_loss=9.8589e-04 | | lr=5.00e-04
Epoch 063 | train_loss=9.8946e-04 | train_eval_loss=9.8274e-04 | val_loss=9.6846e-04 | | lr=5.00e-04
Saved best model to results/thesis_model_results/outputs/loss_comparison_picnn/PICNN__huber__minmax__seed42/picnn_state_dict_best.pt
Epoch 064 | train_loss=9.8583e-04 | train_eval_loss=9.8566e-04 | val_loss=9.7270e-04 | | lr=5.00e-04
Epoch 065 | train_loss=9.8961e-04 | train_eval_loss=9.9301e-04 | val_loss=9.8054e-04 | | lr=5.00e-04
Epoch 066 | train_loss=9.8713e-04 | train_eval_loss=9.8891e-04 | val_loss=9.8050e-04 | | lr=5.00e-04
Epoch 067 | train_loss=9.9086e-04 | train_eval_loss=9.8327e-04 | val_loss=9.6965e-04 | | lr=5.00e-04
Epoch 068 | train_loss=9.9093e-04 | train_eval_loss=1.0064e-03 | val_loss=9.9890e-04 | | lr=5.00e-04
Epoch 069 | train_loss=9.8802e-04 | train_eval_loss=9.8766e-04 | val_loss=9.7516e-04 | | lr=5.00e-04
Epoch 070 | train_loss=9.9227e-04 | train_eval_loss=9.8434e-04 | val_loss=9.7315e-04 | | lr=5.00e-04
Epoch 071 | train_loss=9.8994e-04 | train_eval_loss=9.7893e-04 | val_loss=9.6736e-04 | | lr=5.00e-04
Saved best model to results/thesis_model_results/outputs/loss_comparison_picnn/PICNN__huber__minmax__seed42/picnn_state_dict_best.pt
Epoch 072 | train_loss=9.9180e-04 | train_eval_loss=9.9306e-04 | val_loss=9.8423e-04 | | lr=5.00e-04
Epoch 073 | train_loss=9.9503e-04 | train_eval_loss=9.8740e-04 | val_loss=9.7589e-04 | | lr=5.00e-04
Epoch 074 | train_loss=1.0036e-03 | train_eval_loss=9.8590e-04 | val_loss=9.7388e-04 | | lr=5.00e-04
Epoch 075 | train_loss=9.8859e-04 | train_eval_loss=9.9431e-04 | val_loss=9.8545e-04 | | lr=5.00e-04
Epoch 076 | train_loss=9.9001e-04 | train_eval_loss=9.8454e-04 | val_loss=9.7397e-04 | | lr=5.00e-04
Epoch 077 | train_loss=9.8938e-04 | train_eval_loss=9.8815e-04 | val_loss=9.7381e-04 | | lr=5.00e-04
Epoch 078 | train_loss=9.9622e-04 | train_eval_loss=9.9067e-04 | val_loss=9.8073e-04 | | lr=5.00e-04
Epoch 079 | train_loss=9.9193e-04 | train_eval_loss=9.8613e-04 | val_loss=9.7325e-04 | | lr=5.00e-04
Epoch 080 | train_loss=9.9928e-04 | train_eval_loss=9.8552e-04 | val_loss=9.7432e-04 | | lr=5.00e-04
Epoch 081 | train_loss=9.8176e-04 | train_eval_loss=9.7846e-04 | val_loss=9.6642e-04 | | lr=2.50e-04
Saved best model to results/thesis_model_results/outputs/loss_comparison_picnn/PICNN__huber__minmax__seed42/picnn_state_dict_best.pt
Epoch 082 | train_loss=9.8175e-04 | train_eval_loss=9.7793e-04 | val_loss=9.6481e-04 | | lr=2.50e-04
Saved best model to results/thesis_model_results/outputs/loss_comparison_picnn/PICNN__huber__minmax__seed42/picnn_state_dict_best.pt
Epoch 083 | train_loss=9.8588e-04 | train_eval_loss=9.9916e-04 | val_loss=9.8963e-04 | | lr=2.50e-04
Epoch 084 | train_loss=9.8069e-04 | train_eval_loss=9.7713e-04 | val_loss=9.6576e-04 | | lr=2.50e-04
Epoch 085 | train_loss=9.8435e-04 | train_eval_loss=9.9096e-04 | val_loss=9.8025e-04 | | lr=2.50e-04
Epoch 086 | train_loss=9.8310e-04 | train_eval_loss=9.7976e-04 | val_loss=9.6986e-04 | | lr=2.50e-04
Epoch 087 | train_loss=9.8378e-04 | train_eval_loss=9.8191e-04 | val_loss=9.7291e-04 | | lr=2.50e-04
Epoch 088 | train_loss=9.8479e-04 | train_eval_loss=9.8344e-04 | val_loss=9.7314e-04 | | lr=2.50e-04
Epoch 089 | train_loss=9.8621e-04 | train_eval_loss=9.8801e-04 | val_loss=9.7791e-04 | | lr=2.50e-04
Epoch 090 | train_loss=9.8430e-04 | train_eval_loss=9.7714e-04 | val_loss=9.6493e-04 | | lr=2.50e-04
Epoch 091 | train_loss=9.8504e-04 | train_eval_loss=9.9735e-04 | val_loss=9.8645e-04 | | lr=2.50e-04
Epoch 092 | train_loss=9.7882e-04 | train_eval_loss=9.7687e-04 | val_loss=9.6683e-04 | | lr=1.25e-04
Epoch 093 | train_loss=9.7764e-04 | train_eval_loss=9.7503e-04 | val_loss=9.6405e-04 | | lr=1.25e-04
Saved best model to results/thesis_model_results/outputs/loss_comparison_picnn/PICNN__huber__minmax__seed42/picnn_state_dict_best.pt
Epoch 094 | train_loss=9.7674e-04 | train_eval_loss=9.7834e-04 | val_loss=9.6525e-04 | | lr=1.25e-04
Epoch 095 | train_loss=9.7980e-04 | train_eval_loss=9.7875e-04 | val_loss=9.6749e-04 | | lr=1.25e-04
Epoch 096 | train_loss=9.7789e-04 | train_eval_loss=9.7798e-04 | val_loss=9.6712e-04 | | lr=1.25e-04
Epoch 097 | train_loss=9.7839e-04 | train_eval_loss=9.7556e-04 | val_loss=9.6454e-04 | | lr=1.25e-04
Epoch 098 | train_loss=9.7956e-04 | train_eval_loss=9.7999e-04 | val_loss=9.6725e-04 | | lr=1.25e-04
Epoch 099 | train_loss=9.7871e-04 | train_eval_loss=9.8094e-04 | val_loss=9.7097e-04 | | lr=1.25e-04
Epoch 100 | train_loss=9.7949e-04 | train_eval_loss=9.7740e-04 | val_loss=9.6601e-04 | | lr=1.25e-04
Epoch 101 | train_loss=9.7913e-04 | train_eval_loss=9.7677e-04 | val_loss=9.6474e-04 | | lr=1.25e-04
Epoch 102 | train_loss=9.7809e-04 | train_eval_loss=9.8551e-04 | val_loss=9.7473e-04 | | lr=1.25e-04
Epoch 103 | train_loss=9.7663e-04 | train_eval_loss=9.7522e-04 | val_loss=9.6423e-04 | | lr=6.25e-05
Epoch 104 | train_loss=9.7605e-04 | train_eval_loss=9.7805e-04 | val_loss=9.6873e-04 | | lr=6.25e-05
Epoch 105 | train_loss=9.7593e-04 | train_eval_loss=9.7588e-04 | val_loss=9.6418e-04 | | lr=6.25e-05
Epoch 106 | train_loss=9.7629e-04 | train_eval_loss=9.7723e-04 | val_loss=9.6754e-04 | | lr=6.25e-05
Epoch 107 | train_loss=9.7679e-04 | train_eval_loss=9.7994e-04 | val_loss=9.6623e-04 | | lr=6.25e-05
Epoch 108 | train_loss=9.7758e-04 | train_eval_loss=9.7880e-04 | val_loss=9.6783e-04 | | lr=6.25e-05
Epoch 109 | train_loss=9.7605e-04 | train_eval_loss=9.7580e-04 | val_loss=9.6485e-04 | | lr=6.25e-05
Epoch 110 | train_loss=9.7793e-04 | train_eval_loss=9.7513e-04 | val_loss=9.6355e-04 | | lr=6.25e-05
Saved best model to results/thesis_model_results/outputs/loss_comparison_picnn/PICNN__huber__minmax__seed42/picnn_state_dict_best.pt
Epoch 111 | train_loss=9.7612e-04 | train_eval_loss=9.7810e-04 | val_loss=9.6854e-04 | | lr=6.25e-05
Epoch 112 | train_loss=9.7648e-04 | train_eval_loss=9.7612e-04 | val_loss=9.6471e-04 | | lr=6.25e-05
Epoch 113 | train_loss=9.7611e-04 | train_eval_loss=9.7475e-04 | val_loss=9.6285e-04 | | lr=6.25e-05
Saved best model to results/thesis_model_results/outputs/loss_comparison_picnn/PICNN__huber__minmax__seed42/picnn_state_dict_best.pt
Epoch 114 | train_loss=9.7660e-04 | train_eval_loss=9.7741e-04 | val_loss=9.6748e-04 | | lr=6.25e-05
Epoch 115 | train_loss=9.7596e-04 | train_eval_loss=9.7691e-04 | val_loss=9.6535e-04 | | lr=6.25e-05
Epoch 116 | train_loss=9.7869e-04 | train_eval_loss=9.7409e-04 | val_loss=9.6234e-04 | | lr=6.25e-05
Saved best model to results/thesis_model_results/outputs/loss_comparison_picnn/PICNN__huber__minmax__seed42/picnn_state_dict_best.pt
Epoch 117 | train_loss=9.7733e-04 | train_eval_loss=9.7745e-04 | val_loss=9.6720e-04 | | lr=6.25e-05
Epoch 118 | train_loss=9.7610e-04 | train_eval_loss=9.7490e-04 | val_loss=9.6387e-04 | | lr=6.25e-05
Epoch 119 | train_loss=9.7557e-04 | train_eval_loss=9.7592e-04 | val_loss=9.6486e-04 | | lr=6.25e-05
Epoch 120 | train_loss=9.7738e-04 | train_eval_loss=9.7828e-04 | val_loss=9.6706e-04 | | lr=6.25e-05
Epoch 121 | train_loss=9.7610e-04 | train_eval_loss=9.8234e-04 | val_loss=9.7063e-04 | | lr=6.25e-05
Epoch 122 | train_loss=9.7756e-04 | train_eval_loss=9.7637e-04 | val_loss=9.6638e-04 | | lr=6.25e-05
Epoch 123 | train_loss=9.7680e-04 | train_eval_loss=9.7583e-04 | val_loss=9.6322e-04 | | lr=6.25e-05
Epoch 124 | train_loss=9.7704e-04 | train_eval_loss=9.7407e-04 | val_loss=9.6236e-04 | | lr=6.25e-05
Epoch 125 | train_loss=9.7720e-04 | train_eval_loss=9.7798e-04 | val_loss=9.6597e-04 | | lr=6.25e-05
Epoch 126 | train_loss=9.7529e-04 | train_eval_loss=9.7586e-04 | val_loss=9.6322e-04 | | lr=3.13e-05
Epoch 127 | train_loss=9.7487e-04 | train_eval_loss=9.7407e-04 | val_loss=9.6202e-04 | | lr=3.13e-05
Saved best model to results/thesis_model_results/outputs/loss_comparison_picnn/PICNN__huber__minmax__seed42/picnn_state_dict_best.pt
Epoch 128 | train_loss=9.7455e-04 | train_eval_loss=9.7456e-04 | val_loss=9.6398e-04 | | lr=3.13e-05
Epoch 129 | train_loss=9.7424e-04 | train_eval_loss=9.7492e-04 | val_loss=9.6251e-04 | | lr=3.13e-05
Epoch 130 | train_loss=9.7482e-04 | train_eval_loss=9.7757e-04 | val_loss=9.6650e-04 | | lr=3.13e-05
Epoch 131 | train_loss=9.7654e-04 | train_eval_loss=9.7585e-04 | val_loss=9.6529e-04 | | lr=3.13e-05
Epoch 132 | train_loss=9.7535e-04 | train_eval_loss=9.7725e-04 | val_loss=9.6540e-04 | | lr=3.13e-05
Epoch 133 | train_loss=9.7429e-04 | train_eval_loss=9.7472e-04 | val_loss=9.6278e-04 | | lr=3.13e-05
Epoch 134 | train_loss=9.7541e-04 | train_eval_loss=9.7289e-04 | val_loss=9.6206e-04 | | lr=3.13e-05
Epoch 135 | train_loss=9.7420e-04 | train_eval_loss=9.7334e-04 | val_loss=9.6222e-04 | | lr=3.13e-05
Epoch 136 | train_loss=9.7479e-04 | train_eval_loss=9.7455e-04 | val_loss=9.6230e-04 | | lr=3.13e-05
Epoch 137 | train_loss=9.7440e-04 | train_eval_loss=9.7249e-04 | val_loss=9.6112e-04 | | lr=1.56e-05
Saved best model to results/thesis_model_results/outputs/loss_comparison_picnn/PICNN__huber__minmax__seed42/picnn_state_dict_best.pt
Epoch 138 | train_loss=9.7325e-04 | train_eval_loss=9.7307e-04 | val_loss=9.6098e-04 | | lr=1.56e-05
Saved best model to results/thesis_model_results/outputs/loss_comparison_picnn/PICNN__huber__minmax__seed42/picnn_state_dict_best.pt
Epoch 139 | train_loss=9.7373e-04 | train_eval_loss=9.7367e-04 | val_loss=9.6277e-04 | | lr=1.56e-05
Epoch 140 | train_loss=9.7360e-04 | train_eval_loss=9.7388e-04 | val_loss=9.6348e-04 | | lr=1.56e-05
Epoch 141 | train_loss=9.7335e-04 | train_eval_loss=9.7751e-04 | val_loss=9.6798e-04 | | lr=1.56e-05
Epoch 142 | train_loss=9.7416e-04 | train_eval_loss=9.7363e-04 | val_loss=9.6300e-04 | | lr=1.56e-05
Epoch 143 | train_loss=9.7431e-04 | train_eval_loss=9.7482e-04 | val_loss=9.6338e-04 | | lr=1.56e-05
Epoch 144 | train_loss=9.7323e-04 | train_eval_loss=9.7333e-04 | val_loss=9.6188e-04 | | lr=1.56e-05
Epoch 145 | train_loss=9.7379e-04 | train_eval_loss=9.7273e-04 | val_loss=9.6186e-04 | | lr=1.56e-05
Epoch 146 | train_loss=9.7401e-04 | train_eval_loss=9.7276e-04 | val_loss=9.6200e-04 | | lr=1.56e-05
Epoch 147 | train_loss=9.7390e-04 | train_eval_loss=9.7294e-04 | val_loss=9.6186e-04 | | lr=1.56e-05
Epoch 148 | train_loss=9.7293e-04 | train_eval_loss=9.7309e-04 | val_loss=9.6248e-04 | | lr=7.81e-06
Epoch 149 | train_loss=9.7292e-04 | train_eval_loss=9.7282e-04 | val_loss=9.6091e-04 | | lr=7.81e-06
Saved best model to results/thesis_model_results/outputs/loss_comparison_picnn/PICNN__huber__minmax__seed42/picnn_state_dict_best.pt
Epoch 150 | train_loss=9.7288e-04 | train_eval_loss=9.7225e-04 | val_loss=9.6093e-04 | | lr=7.81e-06
Epoch 151 | train_loss=9.7299e-04 | train_eval_loss=9.7232e-04 | val_loss=9.6108e-04 | | lr=7.81e-06
Epoch 152 | train_loss=9.7328e-04 | train_eval_loss=9.7262e-04 | val_loss=9.6142e-04 | | lr=7.81e-06
Epoch 153 | train_loss=9.7301e-04 | train_eval_loss=9.7305e-04 | val_loss=9.6264e-04 | | lr=7.81e-06
Epoch 154 | train_loss=9.7304e-04 | train_eval_loss=9.7246e-04 | val_loss=9.6099e-04 | | lr=7.81e-06
Epoch 155 | train_loss=9.7302e-04 | train_eval_loss=9.7249e-04 | val_loss=9.6118e-04 | | lr=7.81e-06
Epoch 156 | train_loss=9.7301e-04 | train_eval_loss=9.7276e-04 | val_loss=9.6097e-04 | | lr=7.81e-06
Epoch 157 | train_loss=9.7276e-04 | train_eval_loss=9.7238e-04 | val_loss=9.6073e-04 | | lr=3.91e-06
Saved best model to results/thesis_model_results/outputs/loss_comparison_picnn/PICNN__huber__minmax__seed42/picnn_state_dict_best.pt
Epoch 158 | train_loss=9.7265e-04 | train_eval_loss=9.7226e-04 | val_loss=9.6090e-04 | | lr=3.91e-06
Epoch 159 | train_loss=9.7282e-04 | train_eval_loss=9.7247e-04 | val_loss=9.6133e-04 | | lr=3.91e-06
Epoch 160 | train_loss=9.7267e-04 | train_eval_loss=9.7236e-04 | val_loss=9.6084e-04 | | lr=3.91e-06
Epoch 161 | train_loss=9.7261e-04 | train_eval_loss=9.7225e-04 | val_loss=9.6125e-04 | | lr=3.91e-06
Epoch 162 | train_loss=9.7265e-04 | train_eval_loss=9.7236e-04 | val_loss=9.6130e-04 | | lr=3.91e-06
Epoch 163 | train_loss=9.7259e-04 | train_eval_loss=9.7243e-04 | val_loss=9.6119e-04 | | lr=3.91e-06
Epoch 164 | train_loss=9.7253e-04 | train_eval_loss=9.7241e-04 | val_loss=9.6100e-04 | | lr=3.91e-06
Epoch 165 | train_loss=9.7263e-04 | train_eval_loss=9.7240e-04 | val_loss=9.6139e-04 | | lr=3.91e-06
Epoch 166 | train_loss=9.7274e-04 | train_eval_loss=9.7235e-04 | val_loss=9.6116e-04 | | lr=3.91e-06
Epoch 167 | train_loss=9.7237e-04 | train_eval_loss=9.7218e-04 | val_loss=9.6118e-04 | | lr=1.95e-06
Epoch 168 | train_loss=9.7236e-04 | train_eval_loss=9.7229e-04 | val_loss=9.6083e-04 | | lr=1.95e-06
Epoch 169 | train_loss=9.7236e-04 | train_eval_loss=9.7227e-04 | val_loss=9.6105e-04 | | lr=1.95e-06
Epoch 170 | train_loss=9.7237e-04 | train_eval_loss=9.7231e-04 | val_loss=9.6123e-04 | | lr=1.95e-06
Epoch 171 | train_loss=9.7234e-04 | train_eval_loss=9.7228e-04 | val_loss=9.6113e-04 | | lr=1.95e-06
Epoch 172 | train_loss=9.7237e-04 | train_eval_loss=9.7215e-04 | val_loss=9.6097e-04 | | lr=1.95e-06
Epoch 173 | train_loss=9.7229e-04 | train_eval_loss=9.7225e-04 | val_loss=9.6086e-04 | | lr=1.95e-06
Epoch 174 | train_loss=9.7242e-04 | train_eval_loss=9.7222e-04 | val_loss=9.6110e-04 | | lr=1.95e-06
Epoch 175 | train_loss=9.7239e-04 | train_eval_loss=9.7243e-04 | val_loss=9.6091e-04 | | lr=1.95e-06
Epoch 176 | train_loss=9.7226e-04 | train_eval_loss=9.7214e-04 | val_loss=9.6100e-04 | | lr=9.77e-07
Epoch 177 | train_loss=9.7224e-04 | train_eval_loss=9.7220e-04 | val_loss=9.6124e-04 | | lr=9.77e-07
Epoch 178 | train_loss=9.7238e-04 | train_eval_loss=9.7214e-04 | val_loss=9.6100e-04 | | lr=9.77e-07
Epoch 179 | train_loss=9.7224e-04 | train_eval_loss=9.7228e-04 | val_loss=9.6102e-04 | | lr=9.77e-07
Epoch 180 | train_loss=9.7228e-04 | train_eval_loss=9.7218e-04 | val_loss=9.6110e-04 | | lr=9.77e-07
Epoch 181 | train_loss=9.7230e-04 | train_eval_loss=9.7215e-04 | val_loss=9.6094e-04 | | lr=9.77e-07
Epoch 182 | train_loss=9.7223e-04 | train_eval_loss=9.7220e-04 | val_loss=9.6093e-04 | | lr=9.77e-07
Epoch 183 | train_loss=9.7226e-04 | train_eval_loss=9.7218e-04 | val_loss=9.6106e-04 | | lr=9.77e-07
Epoch 184 | train_loss=9.7231e-04 | train_eval_loss=9.7214e-04 | val_loss=9.6096e-04 | | lr=9.77e-07
Epoch 185 | train_loss=9.7219e-04 | train_eval_loss=9.7214e-04 | val_loss=9.6082e-04 | | lr=4.88e-07
Epoch 186 | train_loss=9.7220e-04 | train_eval_loss=9.7212e-04 | val_loss=9.6087e-04 | | lr=4.88e-07
Epoch 187 | train_loss=9.7220e-04 | train_eval_loss=9.7213e-04 | val_loss=9.6091e-04 | | lr=4.88e-07
Epoch 188 | train_loss=9.7219e-04 | train_eval_loss=9.7213e-04 | val_loss=9.6093e-04 | | lr=4.88e-07
Epoch 189 | train_loss=9.7221e-04 | train_eval_loss=9.7214e-04 | val_loss=9.6088e-04 | | lr=4.88e-07
Epoch 190 | train_loss=9.7223e-04 | train_eval_loss=9.7213e-04 | val_loss=9.6095e-04 | | lr=4.88e-07
Epoch 191 | train_loss=9.7218e-04 | train_eval_loss=9.7213e-04 | val_loss=9.6094e-04 | | lr=4.88e-07
Epoch 192 | train_loss=9.7219e-04 | train_eval_loss=9.7214e-04 | val_loss=9.6100e-04 | | lr=4.88e-07
Epoch 193 | train_loss=9.7220e-04 | train_eval_loss=9.7213e-04 | val_loss=9.6097e-04 | | lr=4.88e-07
Epoch 194 | train_loss=9.7215e-04 | train_eval_loss=9.7212e-04 | val_loss=9.6093e-04 | | lr=2.44e-07
Epoch 195 | train_loss=9.7215e-04 | train_eval_loss=9.7212e-04 | val_loss=9.6091e-04 | | lr=2.44e-07
Epoch 196 | train_loss=9.7216e-04 | train_eval_loss=9.7212e-04 | val_loss=9.6091e-04 | | lr=2.44e-07
Epoch 197 | train_loss=9.7216e-04 | train_eval_loss=9.7212e-04 | val_loss=9.6092e-04 | | lr=2.44e-07
Epoch 198 | train_loss=9.7217e-04 | train_eval_loss=9.7212e-04 | val_loss=9.6096e-04 | | lr=2.44e-07
Epoch 199 | train_loss=9.7216e-04 | train_eval_loss=9.7212e-04 | val_loss=9.6094e-04 | | lr=2.44e-07
Epoch 200 | train_loss=9.7215e-04 | train_eval_loss=9.7212e-04 | val_loss=9.6091e-04 | | lr=2.44e-07
Saved training logs to results/thesis_model_results/outputs/loss_comparison_picnn/PICNN__huber__minmax__seed42/training_summary.txt
Test RMSE(rocof_COI) = 0.0228 | norm: 0.0173 | real_diff: 0.0168
Test RMSE(dev_COI) = 0.0961 | norm: 0.0356 | real_diff: 0.0830
Test RMSE(Delta_P_IBR_1) = 0.2305 | norm: 0.0364 | real_diff: 0.1746
Test RMSE(Delta_P_IBR_2) = 0.2097 | norm: 0.0292 | real_diff: 0.1428
Test RMSE(Delta_P_IBR_3) = 0.4375 | norm: 0.0768 | real_diff: 0.3551
Test RMSE(Delta_P_IBR_4) = 0.3889 | norm: 0.0402 | real_diff: 0.2627
Saved RMSE results to results/thesis_model_results/outputs/loss_comparison_picnn/PICNN__huber__minmax__seed42/rmse_results.txt
Saved detailed metrics to results/thesis_model_results/outputs/loss_comparison_picnn/PICNN__huber__minmax__seed42/metrics_by_target.csv
Saved aggregate metrics to results/thesis_model_results/outputs/loss_comparison_picnn/PICNN__huber__minmax__seed42/metrics_summary.json
Saved loss curves to results/thesis_model_results/outputs/loss_comparison_picnn/PICNN__huber__minmax__seed42/loss_curve.png
Saved scatter plot results/thesis_model_results/outputs/loss_comparison_picnn/PICNN__huber__minmax__seed42/scatter_rocof_COI.png
Saved scatter plot results/thesis_model_results/outputs/loss_comparison_picnn/PICNN__huber__minmax__seed42/scatter_dev_COI.png
Saved scatter plot results/thesis_model_results/outputs/loss_comparison_picnn/PICNN__huber__minmax__seed42/scatter_Delta_P_IBR_1.png
Saved scatter plot results/thesis_model_results/outputs/loss_comparison_picnn/PICNN__huber__minmax__seed42/scatter_Delta_P_IBR_2.png
Saved scatter plot results/thesis_model_results/outputs/loss_comparison_picnn/PICNN__huber__minmax__seed42/scatter_Delta_P_IBR_3.png
Saved scatter plot results/thesis_model_results/outputs/loss_comparison_picnn/PICNN__huber__minmax__seed42/scatter_Delta_P_IBR_4.png
Saved model to results/thesis_model_results/outputs/loss_comparison_picnn/PICNN__huber__minmax__seed42/picnn_state_dict.pt
Loss type: kendall | weights=[]
Target stats (scaled):
train mean=[0.549  0.589  0.492  0.4884 0.4785 0.4192]
train std=[0.1365 0.1371 0.1141 0.1063 0.1158 0.1138]
train q05=[0.3074 0.3979 0.3192 0.303  0.3347 0.2205]
train q95=[0.7933 0.8652 0.6719 0.6491 0.6927 0.6016]
val mean=[0.5473 0.5873 0.4922 0.4893 0.4798 0.4201]
val std=[0.1343 0.1348 0.1123 0.1072 0.1141 0.1112]
val q05=[0.3103 0.3982 0.3195 0.303  0.3376 0.2251]
val q95=[0.7886 0.8626 0.6731 0.6514 0.6918 0.5984]
val/train std ratio=[0.984  0.9828 0.9844 1.0084 0.9848 0.9772]
LR scheduler: ReduceLROnPlateau (factor=0.5, patience=8, min_lr=1e-07)
Epoch 001 | train_loss=6.6380e+08 | train_eval_loss=2.0108e+01 | val_loss=2.0117e+01 | log_vars=[0.00697965 0.00697968 0.00697967 0.00697966 0.00697964 0.00697965] | lr=1.00e-03
Saved best model to results/thesis_model_results/outputs/loss_comparison_picnn/PICNN__kendall__minmax__seed42/picnn_state_dict_best.pt
Epoch 002 | train_loss=2.0113e+01 | train_eval_loss=2.0086e+01 | val_loss=2.0094e+01 | log_vars=[0.00698715 0.00698718 0.00698716 0.00698716 0.00698714 0.00698715] | lr=1.00e-03
Saved best model to results/thesis_model_results/outputs/loss_comparison_picnn/PICNN__kendall__minmax__seed42/picnn_state_dict_best.pt
Epoch 003 | train_loss=2.0048e+01 | train_eval_loss=2.0006e+01 | val_loss=2.0014e+01 | log_vars=[0.00698709 0.00698712 0.0069871  0.0069871  0.00698708 0.00698709] | lr=1.00e-03
Saved best model to results/thesis_model_results/outputs/loss_comparison_picnn/PICNN__kendall__minmax__seed42/picnn_state_dict_best.pt
Epoch 004 | train_loss=1.9960e+01 | train_eval_loss=1.9910e+01 | val_loss=1.9919e+01 | log_vars=[0.00698703 0.00698706 0.00698704 0.00698704 0.00698702 0.00698702] | lr=1.00e-03
Saved best model to results/thesis_model_results/outputs/loss_comparison_picnn/PICNN__kendall__minmax__seed42/picnn_state_dict_best.pt
Epoch 005 | train_loss=1.9858e+01 | train_eval_loss=1.9800e+01 | val_loss=1.9809e+01 | log_vars=[0.00698696 0.00698699 0.00698698 0.00698697 0.00698695 0.00698696] | lr=1.00e-03
Saved best model to results/thesis_model_results/outputs/loss_comparison_picnn/PICNN__kendall__minmax__seed42/picnn_state_dict_best.pt
Epoch 006 | train_loss=1.9741e+01 | train_eval_loss=1.9677e+01 | val_loss=1.9685e+01 | log_vars=[0.0069869  0.00698693 0.00698691 0.00698691 0.00698689 0.00698689] | lr=1.00e-03
Saved best model to results/thesis_model_results/outputs/loss_comparison_picnn/PICNN__kendall__minmax__seed42/picnn_state_dict_best.pt
Epoch 007 | train_loss=1.9612e+01 | train_eval_loss=1.9542e+01 | val_loss=1.9550e+01 | log_vars=[0.00698684 0.00698686 0.00698685 0.00698684 0.00698682 0.00698683] | lr=1.00e-03
Saved best model to results/thesis_model_results/outputs/loss_comparison_picnn/PICNN__kendall__minmax__seed42/picnn_state_dict_best.pt
Epoch 008 | train_loss=1.9471e+01 | train_eval_loss=1.9395e+01 | val_loss=1.9403e+01 | log_vars=[0.00698677 0.0069868  0.00698678 0.00698678 0.00698676 0.00698677] | lr=1.00e-03
Saved best model to results/thesis_model_results/outputs/loss_comparison_picnn/PICNN__kendall__minmax__seed42/picnn_state_dict_best.pt
Epoch 009 | train_loss=1.9319e+01 | train_eval_loss=1.9237e+01 | val_loss=1.9245e+01 | log_vars=[0.00698671 0.00698674 0.00698672 0.00698672 0.0069867  0.0069867 ] | lr=1.00e-03
Saved best model to results/thesis_model_results/outputs/loss_comparison_picnn/PICNN__kendall__minmax__seed42/picnn_state_dict_best.pt
Epoch 010 | train_loss=1.9155e+01 | train_eval_loss=1.9068e+01 | val_loss=1.9076e+01 | log_vars=[0.00698664 0.00698667 0.00698665 0.00698665 0.00698663 0.00698664] | lr=1.00e-03
Saved best model to results/thesis_model_results/outputs/loss_comparison_picnn/PICNN__kendall__minmax__seed42/picnn_state_dict_best.pt
Epoch 011 | train_loss=1.8981e+01 | train_eval_loss=1.8888e+01 | val_loss=1.8896e+01 | log_vars=[0.00698658 0.00698661 0.00698659 0.00698659 0.00698657 0.00698657] | lr=1.00e-03
Saved best model to results/thesis_model_results/outputs/loss_comparison_picnn/PICNN__kendall__minmax__seed42/picnn_state_dict_best.pt
Epoch 012 | train_loss=1.8797e+01 | train_eval_loss=1.8699e+01 | val_loss=1.8707e+01 | log_vars=[0.00698651 0.00698654 0.00698653 0.00698652 0.0069865  0.00698651] | lr=1.00e-03
Saved best model to results/thesis_model_results/outputs/loss_comparison_picnn/PICNN__kendall__minmax__seed42/picnn_state_dict_best.pt
Epoch 013 | train_loss=1.8602e+01 | train_eval_loss=1.8500e+01 | val_loss=1.8507e+01 | log_vars=[0.00698645 0.00698648 0.00698646 0.00698646 0.00698644 0.00698644] | lr=1.00e-03
Saved best model to results/thesis_model_results/outputs/loss_comparison_picnn/PICNN__kendall__minmax__seed42/picnn_state_dict_best.pt
Epoch 014 | train_loss=1.8398e+01 | train_eval_loss=1.8291e+01 | val_loss=1.8298e+01 | log_vars=[0.00698639 0.00698642 0.0069864  0.00698639 0.00698637 0.00698638] | lr=1.00e-03
Saved best model to results/thesis_model_results/outputs/loss_comparison_picnn/PICNN__kendall__minmax__seed42/picnn_state_dict_best.pt
Epoch 015 | train_loss=1.8185e+01 | train_eval_loss=1.8072e+01 | val_loss=1.8080e+01 | log_vars=[0.00698632 0.00698635 0.00698633 0.00698633 0.00698631 0.00698632] | lr=1.00e-03
Saved best model to results/thesis_model_results/outputs/loss_comparison_picnn/PICNN__kendall__minmax__seed42/picnn_state_dict_best.pt
Epoch 016 | train_loss=1.7962e+01 | train_eval_loss=1.7845e+01 | val_loss=1.7852e+01 | log_vars=[0.00698626 0.00698629 0.00698627 0.00698627 0.00698625 0.00698625] | lr=1.00e-03
Saved best model to results/thesis_model_results/outputs/loss_comparison_picnn/PICNN__kendall__minmax__seed42/picnn_state_dict_best.pt
Epoch 017 | train_loss=1.7730e+01 | train_eval_loss=1.7608e+01 | val_loss=1.7615e+01 | log_vars=[0.00698619 0.00698622 0.00698621 0.0069862  0.00698618 0.00698619] | lr=1.00e-03
Saved best model to results/thesis_model_results/outputs/loss_comparison_picnn/PICNN__kendall__minmax__seed42/picnn_state_dict_best.pt
Epoch 018 | train_loss=1.7489e+01 | train_eval_loss=1.7363e+01 | val_loss=1.7370e+01 | log_vars=[0.00698613 0.00698616 0.00698614 0.00698614 0.00698612 0.00698612] | lr=1.00e-03
Saved best model to results/thesis_model_results/outputs/loss_comparison_picnn/PICNN__kendall__minmax__seed42/picnn_state_dict_best.pt
Epoch 019 | train_loss=1.7240e+01 | train_eval_loss=1.7109e+01 | val_loss=1.7116e+01 | log_vars=[0.00698606 0.00698609 0.00698608 0.00698607 0.00698605 0.00698606] | lr=1.00e-03
Saved best model to results/thesis_model_results/outputs/loss_comparison_picnn/PICNN__kendall__minmax__seed42/picnn_state_dict_best.pt
Epoch 020 | train_loss=1.6982e+01 | train_eval_loss=1.6848e+01 | val_loss=1.6854e+01 | log_vars=[0.006986   0.00698603 0.00698601 0.00698601 0.00698599 0.00698599] | lr=1.00e-03
Saved best model to results/thesis_model_results/outputs/loss_comparison_picnn/PICNN__kendall__minmax__seed42/picnn_state_dict_best.pt
Epoch 021 | train_loss=1.6716e+01 | train_eval_loss=1.6578e+01 | val_loss=1.6584e+01 | log_vars=[0.00698594 0.00698597 0.00698595 0.00698594 0.00698592 0.00698593] | lr=1.00e-03
Saved best model to results/thesis_model_results/outputs/loss_comparison_picnn/PICNN__kendall__minmax__seed42/picnn_state_dict_best.pt
Epoch 022 | train_loss=1.6443e+01 | train_eval_loss=1.6300e+01 | val_loss=1.6306e+01 | log_vars=[0.00698587 0.0069859  0.00698588 0.00698588 0.00698586 0.00698587] | lr=1.00e-03
Saved best model to results/thesis_model_results/outputs/loss_comparison_picnn/PICNN__kendall__minmax__seed42/picnn_state_dict_best.pt
Epoch 023 | train_loss=1.6161e+01 | train_eval_loss=1.6015e+01 | val_loss=1.6021e+01 | log_vars=[0.00698581 0.00698584 0.00698582 0.00698582 0.0069858  0.0069858 ] | lr=1.00e-03
Saved best model to results/thesis_model_results/outputs/loss_comparison_picnn/PICNN__kendall__minmax__seed42/picnn_state_dict_best.pt
Epoch 024 | train_loss=1.5872e+01 | train_eval_loss=1.5722e+01 | val_loss=1.5728e+01 | log_vars=[0.00698574 0.00698577 0.00698576 0.00698575 0.00698573 0.00698574] | lr=1.00e-03
Saved best model to results/thesis_model_results/outputs/loss_comparison_picnn/PICNN__kendall__minmax__seed42/picnn_state_dict_best.pt
Epoch 025 | train_loss=1.5576e+01 | train_eval_loss=1.5422e+01 | val_loss=1.5429e+01 | log_vars=[0.00698568 0.00698571 0.00698569 0.00698569 0.00698567 0.00698567] | lr=1.00e-03
Saved best model to results/thesis_model_results/outputs/loss_comparison_picnn/PICNN__kendall__minmax__seed42/picnn_state_dict_best.pt
Epoch 026 | train_loss=1.5273e+01 | train_eval_loss=1.5116e+01 | val_loss=1.5122e+01 | log_vars=[0.00698562 0.00698564 0.00698563 0.00698562 0.0069856  0.00698561] | lr=1.00e-03
Saved best model to results/thesis_model_results/outputs/loss_comparison_picnn/PICNN__kendall__minmax__seed42/picnn_state_dict_best.pt
Epoch 027 | train_loss=1.4964e+01 | train_eval_loss=1.4803e+01 | val_loss=1.4809e+01 | log_vars=[0.00698555 0.00698558 0.00698556 0.00698556 0.00698554 0.00698555] | lr=1.00e-03
Saved best model to results/thesis_model_results/outputs/loss_comparison_picnn/PICNN__kendall__minmax__seed42/picnn_state_dict_best.pt
Epoch 028 | train_loss=1.4648e+01 | train_eval_loss=1.4485e+01 | val_loss=1.4490e+01 | log_vars=[0.00698549 0.00698552 0.0069855  0.00698549 0.00698547 0.00698548] | lr=1.00e-03
Saved best model to results/thesis_model_results/outputs/loss_comparison_picnn/PICNN__kendall__minmax__seed42/picnn_state_dict_best.pt
Epoch 029 | train_loss=1.4327e+01 | train_eval_loss=1.4160e+01 | val_loss=1.4166e+01 | log_vars=[0.00698542 0.00698545 0.00698543 0.00698543 0.00698541 0.00698542] | lr=1.00e-03
Saved best model to results/thesis_model_results/outputs/loss_comparison_picnn/PICNN__kendall__minmax__seed42/picnn_state_dict_best.pt
Epoch 030 | train_loss=1.4000e+01 | train_eval_loss=1.3830e+01 | val_loss=1.3836e+01 | log_vars=[0.00698536 0.00698539 0.00698537 0.00698537 0.00698535 0.00698535] | lr=1.00e-03
Saved best model to results/thesis_model_results/outputs/loss_comparison_picnn/PICNN__kendall__minmax__seed42/picnn_state_dict_best.pt
Epoch 031 | train_loss=1.3667e+01 | train_eval_loss=1.3495e+01 | val_loss=1.3500e+01 | log_vars=[0.00698529 0.00698532 0.00698531 0.0069853  0.00698528 0.00698529] | lr=1.00e-03
Saved best model to results/thesis_model_results/outputs/loss_comparison_picnn/PICNN__kendall__minmax__seed42/picnn_state_dict_best.pt
Epoch 032 | train_loss=1.3330e+01 | train_eval_loss=1.3156e+01 | val_loss=1.3161e+01 | log_vars=[0.00698523 0.00698526 0.00698524 0.00698524 0.00698522 0.00698522] | lr=1.00e-03
Saved best model to results/thesis_model_results/outputs/loss_comparison_picnn/PICNN__kendall__minmax__seed42/picnn_state_dict_best.pt
Epoch 033 | train_loss=1.2988e+01 | train_eval_loss=1.2812e+01 | val_loss=1.2817e+01 | log_vars=[0.00698517 0.00698519 0.00698518 0.00698517 0.00698515 0.00698516] | lr=1.00e-03
Saved best model to results/thesis_model_results/outputs/loss_comparison_picnn/PICNN__kendall__minmax__seed42/picnn_state_dict_best.pt
Epoch 034 | train_loss=1.2642e+01 | train_eval_loss=1.2464e+01 | val_loss=1.2469e+01 | log_vars=[0.0069851  0.00698513 0.00698511 0.00698511 0.00698509 0.0069851 ] | lr=1.00e-03
Saved best model to results/thesis_model_results/outputs/loss_comparison_picnn/PICNN__kendall__minmax__seed42/picnn_state_dict_best.pt
Epoch 035 | train_loss=1.2293e+01 | train_eval_loss=1.2113e+01 | val_loss=1.2117e+01 | log_vars=[0.00698504 0.00698507 0.00698505 0.00698505 0.00698503 0.00698503] | lr=1.00e-03
Saved best model to results/thesis_model_results/outputs/loss_comparison_picnn/PICNN__kendall__minmax__seed42/picnn_state_dict_best.pt
Epoch 036 | train_loss=1.1940e+01 | train_eval_loss=1.1759e+01 | val_loss=1.1763e+01 | log_vars=[0.00698497 0.006985   0.00698498 0.00698498 0.00698496 0.00698497] | lr=1.00e-03
Saved best model to results/thesis_model_results/outputs/loss_comparison_picnn/PICNN__kendall__minmax__seed42/picnn_state_dict_best.pt
Epoch 037 | train_loss=1.1585e+01 | train_eval_loss=1.1402e+01 | val_loss=1.1406e+01 | log_vars=[0.00698491 0.00698494 0.00698492 0.00698492 0.0069849  0.0069849 ] | lr=1.00e-03
Saved best model to results/thesis_model_results/outputs/loss_comparison_picnn/PICNN__kendall__minmax__seed42/picnn_state_dict_best.pt
Epoch 038 | train_loss=1.1227e+01 | train_eval_loss=1.1043e+01 | val_loss=1.1047e+01 | log_vars=[0.00698484 0.00698487 0.00698486 0.00698485 0.00698483 0.00698484] | lr=1.00e-03
Saved best model to results/thesis_model_results/outputs/loss_comparison_picnn/PICNN__kendall__minmax__seed42/picnn_state_dict_best.pt
Epoch 039 | train_loss=1.0868e+01 | train_eval_loss=1.0683e+01 | val_loss=1.0687e+01 | log_vars=[0.00698478 0.00698481 0.00698479 0.00698479 0.00698477 0.00698477] | lr=1.00e-03
Saved best model to results/thesis_model_results/outputs/loss_comparison_picnn/PICNN__kendall__minmax__seed42/picnn_state_dict_best.pt
Epoch 040 | train_loss=1.0507e+01 | train_eval_loss=1.0322e+01 | val_loss=1.0326e+01 | log_vars=[0.00698472 0.00698474 0.00698473 0.00698472 0.0069847  0.00698471] | lr=1.00e-03
Saved best model to results/thesis_model_results/outputs/loss_comparison_picnn/PICNN__kendall__minmax__seed42/picnn_state_dict_best.pt
Epoch 041 | train_loss=1.0146e+01 | train_eval_loss=9.9603e+00 | val_loss=9.9639e+00 | log_vars=[0.00698465 0.00698468 0.00698466 0.00698466 0.00698464 0.00698465] | lr=1.00e-03
Saved best model to results/thesis_model_results/outputs/loss_comparison_picnn/PICNN__kendall__minmax__seed42/picnn_state_dict_best.pt
Epoch 042 | train_loss=9.7839e+00 | train_eval_loss=9.5989e+00 | val_loss=9.6023e+00 | log_vars=[0.00698459 0.00698462 0.0069846  0.0069846  0.00698458 0.00698458] | lr=1.00e-03
Saved best model to results/thesis_model_results/outputs/loss_comparison_picnn/PICNN__kendall__minmax__seed42/picnn_state_dict_best.pt
Epoch 043 | train_loss=9.4226e+00 | train_eval_loss=9.2380e+00 | val_loss=9.2412e+00 | log_vars=[0.00698452 0.00698455 0.00698453 0.00698453 0.00698451 0.00698452] | lr=1.00e-03
Saved best model to results/thesis_model_results/outputs/loss_comparison_picnn/PICNN__kendall__minmax__seed42/picnn_state_dict_best.pt
Epoch 044 | train_loss=9.0621e+00 | train_eval_loss=8.8781e+00 | val_loss=8.8811e+00 | log_vars=[0.00698446 0.00698449 0.00698447 0.00698447 0.00698445 0.00698445] | lr=1.00e-03
Saved best model to results/thesis_model_results/outputs/loss_comparison_picnn/PICNN__kendall__minmax__seed42/picnn_state_dict_best.pt
Epoch 045 | train_loss=8.7031e+00 | train_eval_loss=8.5200e+00 | val_loss=8.5228e+00 | log_vars=[0.00698439 0.00698442 0.00698441 0.0069844  0.00698438 0.00698439] | lr=1.00e-03
Saved best model to results/thesis_model_results/outputs/loss_comparison_picnn/PICNN__kendall__minmax__seed42/picnn_state_dict_best.pt
Epoch 046 | train_loss=8.3461e+00 | train_eval_loss=8.1643e+00 | val_loss=8.1670e+00 | log_vars=[0.00698433 0.00698436 0.00698434 0.00698434 0.00698432 0.00698432] | lr=1.00e-03
Saved best model to results/thesis_model_results/outputs/loss_comparison_picnn/PICNN__kendall__minmax__seed42/picnn_state_dict_best.pt
Epoch 047 | train_loss=7.9916e+00 | train_eval_loss=7.8113e+00 | val_loss=7.8138e+00 | log_vars=[0.00698427 0.00698429 0.00698428 0.00698427 0.00698425 0.00698426] | lr=1.00e-03
Saved best model to results/thesis_model_results/outputs/loss_comparison_picnn/PICNN__kendall__minmax__seed42/picnn_state_dict_best.pt
Epoch 048 | train_loss=7.6405e+00 | train_eval_loss=7.4618e+00 | val_loss=7.4641e+00 | log_vars=[0.0069842  0.00698423 0.00698421 0.00698421 0.00698419 0.0069842 ] | lr=1.00e-03
Saved best model to results/thesis_model_results/outputs/loss_comparison_picnn/PICNN__kendall__minmax__seed42/picnn_state_dict_best.pt
Epoch 049 | train_loss=7.2931e+00 | train_eval_loss=7.1168e+00 | val_loss=7.1190e+00 | log_vars=[0.00698414 0.00698417 0.00698415 0.00698415 0.00698413 0.00698413] | lr=1.00e-03
Saved best model to results/thesis_model_results/outputs/loss_comparison_picnn/PICNN__kendall__minmax__seed42/picnn_state_dict_best.pt
Epoch 050 | train_loss=6.9501e+00 | train_eval_loss=6.7761e+00 | val_loss=6.7781e+00 | log_vars=[0.00698407 0.0069841  0.00698408 0.00698408 0.00698406 0.00698407] | lr=1.00e-03
Saved best model to results/thesis_model_results/outputs/loss_comparison_picnn/PICNN__kendall__minmax__seed42/picnn_state_dict_best.pt
Epoch 051 | train_loss=6.6118e+00 | train_eval_loss=6.4406e+00 | val_loss=6.4424e+00 | log_vars=[0.00698401 0.00698404 0.00698402 0.00698402 0.006984   0.006984  ] | lr=1.00e-03
Saved best model to results/thesis_model_results/outputs/loss_comparison_picnn/PICNN__kendall__minmax__seed42/picnn_state_dict_best.pt
Epoch 052 | train_loss=6.2790e+00 | train_eval_loss=6.1111e+00 | val_loss=6.1127e+00 | log_vars=[0.00698394 0.00698397 0.00698396 0.00698395 0.00698393 0.00698394] | lr=1.00e-03
Saved best model to results/thesis_model_results/outputs/loss_comparison_picnn/PICNN__kendall__minmax__seed42/picnn_state_dict_best.pt
Epoch 053 | train_loss=5.9524e+00 | train_eval_loss=5.7874e+00 | val_loss=5.7889e+00 | log_vars=[0.00698388 0.00698391 0.00698389 0.00698389 0.00698387 0.00698387] | lr=1.00e-03
Saved best model to results/thesis_model_results/outputs/loss_comparison_picnn/PICNN__kendall__minmax__seed42/picnn_state_dict_best.pt
Epoch 054 | train_loss=5.6323e+00 | train_eval_loss=5.4709e+00 | val_loss=5.4723e+00 | log_vars=[0.00698382 0.00698384 0.00698383 0.00698382 0.0069838  0.00698381] | lr=1.00e-03
Saved best model to results/thesis_model_results/outputs/loss_comparison_picnn/PICNN__kendall__minmax__seed42/picnn_state_dict_best.pt
Epoch 055 | train_loss=5.3193e+00 | train_eval_loss=5.1615e+00 | val_loss=5.1627e+00 | log_vars=[0.00698375 0.00698378 0.00698376 0.00698376 0.00698374 0.00698375] | lr=1.00e-03
Saved best model to results/thesis_model_results/outputs/loss_comparison_picnn/PICNN__kendall__minmax__seed42/picnn_state_dict_best.pt
Epoch 056 | train_loss=5.0138e+00 | train_eval_loss=4.8601e+00 | val_loss=4.8611e+00 | log_vars=[0.00698369 0.00698372 0.0069837  0.0069837  0.00698368 0.00698368] | lr=1.00e-03
Saved best model to results/thesis_model_results/outputs/loss_comparison_picnn/PICNN__kendall__minmax__seed42/picnn_state_dict_best.pt
Epoch 057 | train_loss=4.7165e+00 | train_eval_loss=4.5671e+00 | val_loss=4.5681e+00 | log_vars=[0.00698362 0.00698365 0.00698363 0.00698363 0.00698361 0.00698362] | lr=1.00e-03
Saved best model to results/thesis_model_results/outputs/loss_comparison_picnn/PICNN__kendall__minmax__seed42/picnn_state_dict_best.pt
Epoch 058 | train_loss=4.4276e+00 | train_eval_loss=4.2828e+00 | val_loss=4.2836e+00 | log_vars=[0.00698356 0.00698359 0.00698357 0.00698357 0.00698355 0.00698355] | lr=1.00e-03
Saved best model to results/thesis_model_results/outputs/loss_comparison_picnn/PICNN__kendall__minmax__seed42/picnn_state_dict_best.pt
Epoch 059 | train_loss=4.1477e+00 | train_eval_loss=4.0076e+00 | val_loss=4.0082e+00 | log_vars=[0.00698349 0.00698352 0.00698351 0.0069835  0.00698348 0.00698349] | lr=1.00e-03
Saved best model to results/thesis_model_results/outputs/loss_comparison_picnn/PICNN__kendall__minmax__seed42/picnn_state_dict_best.pt
Epoch 060 | train_loss=3.8770e+00 | train_eval_loss=3.7419e+00 | val_loss=3.7424e+00 | log_vars=[0.00698343 0.00698346 0.00698344 0.00698344 0.00698342 0.00698342] | lr=1.00e-03
Saved best model to results/thesis_model_results/outputs/loss_comparison_picnn/PICNN__kendall__minmax__seed42/picnn_state_dict_best.pt
Epoch 061 | train_loss=3.6161e+00 | train_eval_loss=3.4857e+00 | val_loss=3.4861e+00 | log_vars=[0.00698337 0.00698339 0.00698338 0.00698337 0.00698335 0.00698336] | lr=1.00e-03
Saved best model to results/thesis_model_results/outputs/loss_comparison_picnn/PICNN__kendall__minmax__seed42/picnn_state_dict_best.pt
Epoch 062 | train_loss=3.3650e+00 | train_eval_loss=3.2400e+00 | val_loss=3.2403e+00 | log_vars=[0.0069833  0.00698333 0.00698331 0.00698331 0.00698329 0.0069833 ] | lr=1.00e-03
Saved best model to results/thesis_model_results/outputs/loss_comparison_picnn/PICNN__kendall__minmax__seed42/picnn_state_dict_best.pt
Epoch 063 | train_loss=3.1242e+00 | train_eval_loss=3.0045e+00 | val_loss=3.0046e+00 | log_vars=[0.00698324 0.00698327 0.00698325 0.00698325 0.00698323 0.00698323] | lr=1.00e-03
Saved best model to results/thesis_model_results/outputs/loss_comparison_picnn/PICNN__kendall__minmax__seed42/picnn_state_dict_best.pt
Epoch 064 | train_loss=2.8937e+00 | train_eval_loss=2.7795e+00 | val_loss=2.7796e+00 | log_vars=[0.00698317 0.0069832  0.00698318 0.00698318 0.00698316 0.00698317] | lr=1.00e-03
Saved best model to results/thesis_model_results/outputs/loss_comparison_picnn/PICNN__kendall__minmax__seed42/picnn_state_dict_best.pt
Epoch 065 | train_loss=2.6740e+00 | train_eval_loss=2.5652e+00 | val_loss=2.5652e+00 | log_vars=[0.00698311 0.00698314 0.00698312 0.00698312 0.0069831  0.0069831 ] | lr=1.00e-03
Saved best model to results/thesis_model_results/outputs/loss_comparison_picnn/PICNN__kendall__minmax__seed42/picnn_state_dict_best.pt
Epoch 066 | train_loss=2.4649e+00 | train_eval_loss=2.3616e+00 | val_loss=2.3614e+00 | log_vars=[0.00698304 0.00698307 0.00698306 0.00698305 0.00698303 0.00698304] | lr=1.00e-03
Saved best model to results/thesis_model_results/outputs/loss_comparison_picnn/PICNN__kendall__minmax__seed42/picnn_state_dict_best.pt
Epoch 067 | train_loss=2.2667e+00 | train_eval_loss=2.1690e+00 | val_loss=2.1688e+00 | log_vars=[0.00698298 0.00698301 0.00698299 0.00698299 0.00698297 0.00698297] | lr=1.00e-03
Saved best model to results/thesis_model_results/outputs/loss_comparison_picnn/PICNN__kendall__minmax__seed42/picnn_state_dict_best.pt
Epoch 068 | train_loss=2.0795e+00 | train_eval_loss=1.9873e+00 | val_loss=1.9869e+00 | log_vars=[0.00698292 0.00698294 0.00698293 0.00698292 0.0069829  0.00698291] | lr=1.00e-03
Saved best model to results/thesis_model_results/outputs/loss_comparison_picnn/PICNN__kendall__minmax__seed42/picnn_state_dict_best.pt
Epoch 069 | train_loss=1.9029e+00 | train_eval_loss=1.8164e+00 | val_loss=1.8160e+00 | log_vars=[0.00698285 0.00698288 0.00698286 0.00698286 0.00698284 0.00698285] | lr=1.00e-03
Saved best model to results/thesis_model_results/outputs/loss_comparison_picnn/PICNN__kendall__minmax__seed42/picnn_state_dict_best.pt
Epoch 070 | train_loss=1.7372e+00 | train_eval_loss=1.6560e+00 | val_loss=1.6555e+00 | log_vars=[0.00698279 0.00698282 0.0069828  0.0069828  0.00698278 0.00698278] | lr=1.00e-03
Saved best model to results/thesis_model_results/outputs/loss_comparison_picnn/PICNN__kendall__minmax__seed42/picnn_state_dict_best.pt
Epoch 071 | train_loss=1.5821e+00 | train_eval_loss=1.5064e+00 | val_loss=1.5058e+00 | log_vars=[0.00698272 0.00698275 0.00698273 0.00698273 0.00698271 0.00698272] | lr=1.00e-03
Saved best model to results/thesis_model_results/outputs/loss_comparison_picnn/PICNN__kendall__minmax__seed42/picnn_state_dict_best.pt
Epoch 072 | train_loss=1.4376e+00 | train_eval_loss=1.3671e+00 | val_loss=1.3665e+00 | log_vars=[0.00698266 0.00698269 0.00698267 0.00698267 0.00698265 0.00698265] | lr=1.00e-03
Saved best model to results/thesis_model_results/outputs/loss_comparison_picnn/PICNN__kendall__minmax__seed42/picnn_state_dict_best.pt
Epoch 073 | train_loss=1.3033e+00 | train_eval_loss=1.2380e+00 | val_loss=1.2373e+00 | log_vars=[0.00698259 0.00698262 0.00698261 0.0069826  0.00698258 0.00698259] | lr=1.00e-03
Saved best model to results/thesis_model_results/outputs/loss_comparison_picnn/PICNN__kendall__minmax__seed42/picnn_state_dict_best.pt
Epoch 074 | train_loss=1.1790e+00 | train_eval_loss=1.1187e+00 | val_loss=1.1180e+00 | log_vars=[0.00698253 0.00698256 0.00698254 0.00698254 0.00698252 0.00698252] | lr=1.00e-03
Saved best model to results/thesis_model_results/outputs/loss_comparison_picnn/PICNN__kendall__minmax__seed42/picnn_state_dict_best.pt
Epoch 075 | train_loss=1.0644e+00 | train_eval_loss=1.0090e+00 | val_loss=1.0082e+00 | log_vars=[0.00698247 0.0069825  0.00698248 0.00698247 0.00698245 0.00698246] | lr=1.00e-03
Saved best model to results/thesis_model_results/outputs/loss_comparison_picnn/PICNN__kendall__minmax__seed42/picnn_state_dict_best.pt
Epoch 076 | train_loss=9.5926e-01 | train_eval_loss=9.0858e-01 | val_loss=9.0775e-01 | log_vars=[0.0069824  0.00698243 0.00698241 0.00698241 0.00698239 0.0069824 ] | lr=1.00e-03
Saved best model to results/thesis_model_results/outputs/loss_comparison_picnn/PICNN__kendall__minmax__seed42/picnn_state_dict_best.pt
Epoch 077 | train_loss=8.6314e-01 | train_eval_loss=8.1699e-01 | val_loss=8.1611e-01 | log_vars=[0.00698234 0.00698237 0.00698235 0.00698235 0.00698233 0.00698233] | lr=1.00e-03
Saved best model to results/thesis_model_results/outputs/loss_comparison_picnn/PICNN__kendall__minmax__seed42/picnn_state_dict_best.pt
Epoch 078 | train_loss=7.7566e-01 | train_eval_loss=7.3375e-01 | val_loss=7.3283e-01 | log_vars=[0.00698227 0.0069823  0.00698229 0.00698228 0.00698226 0.00698227] | lr=1.00e-03
Saved best model to results/thesis_model_results/outputs/loss_comparison_picnn/PICNN__kendall__minmax__seed42/picnn_state_dict_best.pt
Epoch 079 | train_loss=6.9639e-01 | train_eval_loss=6.5853e-01 | val_loss=6.5757e-01 | log_vars=[0.00698221 0.00698224 0.00698222 0.00698222 0.0069822  0.0069822 ] | lr=1.00e-03
Saved best model to results/thesis_model_results/outputs/loss_comparison_picnn/PICNN__kendall__minmax__seed42/picnn_state_dict_best.pt
Epoch 080 | train_loss=6.2490e-01 | train_eval_loss=5.9089e-01 | val_loss=5.8991e-01 | log_vars=[0.00698214 0.00698217 0.00698216 0.00698215 0.00698213 0.00698214] | lr=1.00e-03
Saved best model to results/thesis_model_results/outputs/loss_comparison_picnn/PICNN__kendall__minmax__seed42/picnn_state_dict_best.pt
Epoch 081 | train_loss=5.6075e-01 | train_eval_loss=5.3034e-01 | val_loss=5.2933e-01 | log_vars=[0.00698208 0.00698211 0.00698209 0.00698209 0.00698207 0.00698208] | lr=1.00e-03
Saved best model to results/thesis_model_results/outputs/loss_comparison_picnn/PICNN__kendall__minmax__seed42/picnn_state_dict_best.pt
Epoch 082 | train_loss=5.0346e-01 | train_eval_loss=4.7637e-01 | val_loss=4.7533e-01 | log_vars=[0.00698202 0.00698205 0.00698203 0.00698202 0.006982   0.00698201] | lr=1.00e-03
Saved best model to results/thesis_model_results/outputs/loss_comparison_picnn/PICNN__kendall__minmax__seed42/picnn_state_dict_best.pt
Epoch 083 | train_loss=4.5251e-01 | train_eval_loss=4.2852e-01 | val_loss=4.2746e-01 | log_vars=[0.00698195 0.00698198 0.00698196 0.00698196 0.00698194 0.00698195] | lr=1.00e-03
Saved best model to results/thesis_model_results/outputs/loss_comparison_picnn/PICNN__kendall__minmax__seed42/picnn_state_dict_best.pt
Epoch 084 | train_loss=4.0749e-01 | train_eval_loss=3.8637e-01 | val_loss=3.8529e-01 | log_vars=[0.00698189 0.00698192 0.0069819  0.0069819  0.00698188 0.00698188] | lr=1.00e-03
Saved best model to results/thesis_model_results/outputs/loss_comparison_picnn/PICNN__kendall__minmax__seed42/picnn_state_dict_best.pt
Epoch 085 | train_loss=3.6789e-01 | train_eval_loss=3.4937e-01 | val_loss=3.4827e-01 | log_vars=[0.00698182 0.00698185 0.00698184 0.00698183 0.00698181 0.00698182] | lr=1.00e-03
Saved best model to results/thesis_model_results/outputs/loss_comparison_picnn/PICNN__kendall__minmax__seed42/picnn_state_dict_best.pt
Epoch 086 | train_loss=3.3325e-01 | train_eval_loss=3.1710e-01 | val_loss=3.1599e-01 | log_vars=[0.00698176 0.00698179 0.00698177 0.00698177 0.00698175 0.00698175] | lr=1.00e-03
Saved best model to results/thesis_model_results/outputs/loss_comparison_picnn/PICNN__kendall__minmax__seed42/picnn_state_dict_best.pt
Epoch 087 | train_loss=3.0312e-01 | train_eval_loss=2.8914e-01 | val_loss=2.8802e-01 | log_vars=[0.0069817  0.00698172 0.00698171 0.0069817  0.00698168 0.00698169] | lr=1.00e-03
Saved best model to results/thesis_model_results/outputs/loss_comparison_picnn/PICNN__kendall__minmax__seed42/picnn_state_dict_best.pt
Epoch 088 | train_loss=2.7706e-01 | train_eval_loss=2.6501e-01 | val_loss=2.6388e-01 | log_vars=[0.00698163 0.00698166 0.00698164 0.00698164 0.00698162 0.00698163] | lr=1.00e-03
Saved best model to results/thesis_model_results/outputs/loss_comparison_picnn/PICNN__kendall__minmax__seed42/picnn_state_dict_best.pt
Epoch 089 | train_loss=2.5464e-01 | train_eval_loss=2.4433e-01 | val_loss=2.4319e-01 | log_vars=[0.00698157 0.0069816  0.00698158 0.00698157 0.00698155 0.00698156] | lr=1.00e-03
Saved best model to results/thesis_model_results/outputs/loss_comparison_picnn/PICNN__kendall__minmax__seed42/picnn_state_dict_best.pt
Epoch 090 | train_loss=2.3547e-01 | train_eval_loss=2.2668e-01 | val_loss=2.2553e-01 | log_vars=[0.0069815  0.00698153 0.00698151 0.00698151 0.00698149 0.0069815 ] | lr=1.00e-03
Saved best model to results/thesis_model_results/outputs/loss_comparison_picnn/PICNN__kendall__minmax__seed42/picnn_state_dict_best.pt
Epoch 091 | train_loss=2.1915e-01 | train_eval_loss=2.1171e-01 | val_loss=2.1056e-01 | log_vars=[0.00698144 0.00698147 0.00698145 0.00698145 0.00698143 0.00698143] | lr=1.00e-03
Saved best model to results/thesis_model_results/outputs/loss_comparison_picnn/PICNN__kendall__minmax__seed42/picnn_state_dict_best.pt
Epoch 092 | train_loss=2.0535e-01 | train_eval_loss=1.9906e-01 | val_loss=1.9791e-01 | log_vars=[0.00698137 0.0069814  0.00698139 0.00698138 0.00698136 0.00698137] | lr=1.00e-03
Saved best model to results/thesis_model_results/outputs/loss_comparison_picnn/PICNN__kendall__minmax__seed42/picnn_state_dict_best.pt
Epoch 093 | train_loss=1.9374e-01 | train_eval_loss=1.8848e-01 | val_loss=1.8732e-01 | log_vars=[0.00698131 0.00698134 0.00698132 0.00698132 0.0069813  0.0069813 ] | lr=1.00e-03
Saved best model to results/thesis_model_results/outputs/loss_comparison_picnn/PICNN__kendall__minmax__seed42/picnn_state_dict_best.pt
Epoch 094 | train_loss=1.8402e-01 | train_eval_loss=1.7963e-01 | val_loss=1.7847e-01 | log_vars=[0.00698125 0.00698127 0.00698126 0.00698125 0.00698123 0.00698124] | lr=1.00e-03
Saved best model to results/thesis_model_results/outputs/loss_comparison_picnn/PICNN__kendall__minmax__seed42/picnn_state_dict_best.pt
Epoch 095 | train_loss=1.7592e-01 | train_eval_loss=1.7228e-01 | val_loss=1.7112e-01 | log_vars=[0.00698118 0.00698121 0.00698119 0.00698119 0.00698117 0.00698118] | lr=1.00e-03
Saved best model to results/thesis_model_results/outputs/loss_comparison_picnn/PICNN__kendall__minmax__seed42/picnn_state_dict_best.pt
Epoch 096 | train_loss=1.6921e-01 | train_eval_loss=1.6618e-01 | val_loss=1.6502e-01 | log_vars=[0.00698112 0.00698115 0.00698113 0.00698113 0.00698111 0.00698111] | lr=1.00e-03
Saved best model to results/thesis_model_results/outputs/loss_comparison_picnn/PICNN__kendall__minmax__seed42/picnn_state_dict_best.pt
Epoch 097 | train_loss=1.6365e-01 | train_eval_loss=1.6115e-01 | val_loss=1.5999e-01 | log_vars=[0.00698105 0.00698108 0.00698106 0.00698106 0.00698104 0.00698105] | lr=1.00e-03
Saved best model to results/thesis_model_results/outputs/loss_comparison_picnn/PICNN__kendall__minmax__seed42/picnn_state_dict_best.pt
Epoch 098 | train_loss=1.5907e-01 | train_eval_loss=1.5702e-01 | val_loss=1.5586e-01 | log_vars=[0.00698099 0.00698102 0.006981   0.006981   0.00698098 0.00698098] | lr=1.00e-03
Saved best model to results/thesis_model_results/outputs/loss_comparison_picnn/PICNN__kendall__minmax__seed42/picnn_state_dict_best.pt
Epoch 099 | train_loss=1.5529e-01 | train_eval_loss=1.5359e-01 | val_loss=1.5243e-01 | log_vars=[0.00698092 0.00698095 0.00698094 0.00698093 0.00698091 0.00698092] | lr=1.00e-03
Saved best model to results/thesis_model_results/outputs/loss_comparison_picnn/PICNN__kendall__minmax__seed42/picnn_state_dict_best.pt
Epoch 100 | train_loss=1.5217e-01 | train_eval_loss=1.5075e-01 | val_loss=1.4960e-01 | log_vars=[0.00698086 0.00698089 0.00698087 0.00698087 0.00698085 0.00698085] | lr=1.00e-03
Saved best model to results/thesis_model_results/outputs/loss_comparison_picnn/PICNN__kendall__minmax__seed42/picnn_state_dict_best.pt
Epoch 101 | train_loss=1.4958e-01 | train_eval_loss=1.4841e-01 | val_loss=1.4725e-01 | log_vars=[0.0069808  0.00698082 0.00698081 0.0069808  0.00698078 0.00698079] | lr=1.00e-03
Saved best model to results/thesis_model_results/outputs/loss_comparison_picnn/PICNN__kendall__minmax__seed42/picnn_state_dict_best.pt
Epoch 102 | train_loss=1.4743e-01 | train_eval_loss=1.4646e-01 | val_loss=1.4530e-01 | log_vars=[0.00698073 0.00698076 0.00698074 0.00698074 0.00698072 0.00698073] | lr=1.00e-03
Saved best model to results/thesis_model_results/outputs/loss_comparison_picnn/PICNN__kendall__minmax__seed42/picnn_state_dict_best.pt
Epoch 103 | train_loss=1.4562e-01 | train_eval_loss=1.4480e-01 | val_loss=1.4365e-01 | log_vars=[0.00698067 0.0069807  0.00698068 0.00698068 0.00698066 0.00698066] | lr=1.00e-03
Saved best model to results/thesis_model_results/outputs/loss_comparison_picnn/PICNN__kendall__minmax__seed42/picnn_state_dict_best.pt
Epoch 104 | train_loss=1.4409e-01 | train_eval_loss=1.4339e-01 | val_loss=1.4224e-01 | log_vars=[0.0069806  0.00698063 0.00698061 0.00698061 0.00698059 0.0069806 ] | lr=1.00e-03
Saved best model to results/thesis_model_results/outputs/loss_comparison_picnn/PICNN__kendall__minmax__seed42/picnn_state_dict_best.pt
Epoch 105 | train_loss=1.4278e-01 | train_eval_loss=1.4218e-01 | val_loss=1.4103e-01 | log_vars=[0.00698054 0.00698057 0.00698055 0.00698055 0.00698053 0.00698053] | lr=1.00e-03
Saved best model to results/thesis_model_results/outputs/loss_comparison_picnn/PICNN__kendall__minmax__seed42/picnn_state_dict_best.pt
Epoch 106 | train_loss=1.4165e-01 | train_eval_loss=1.4111e-01 | val_loss=1.3996e-01 | log_vars=[0.00698047 0.0069805  0.00698049 0.00698048 0.00698046 0.00698047] | lr=1.00e-03
Saved best model to results/thesis_model_results/outputs/loss_comparison_picnn/PICNN__kendall__minmax__seed42/picnn_state_dict_best.pt
Epoch 107 | train_loss=1.4064e-01 | train_eval_loss=1.4016e-01 | val_loss=1.3901e-01 | log_vars=[0.00698041 0.00698044 0.00698042 0.00698042 0.0069804  0.0069804 ] | lr=1.00e-03
Saved best model to results/thesis_model_results/outputs/loss_comparison_picnn/PICNN__kendall__minmax__seed42/picnn_state_dict_best.pt
Epoch 108 | train_loss=1.3974e-01 | train_eval_loss=1.3930e-01 | val_loss=1.3816e-01 | log_vars=[0.00698035 0.00698037 0.00698036 0.00698035 0.00698033 0.00698034] | lr=1.00e-03
Saved best model to results/thesis_model_results/outputs/loss_comparison_picnn/PICNN__kendall__minmax__seed42/picnn_state_dict_best.pt
Epoch 109 | train_loss=1.3891e-01 | train_eval_loss=1.3851e-01 | val_loss=1.3737e-01 | log_vars=[0.00698028 0.00698031 0.00698029 0.00698029 0.00698027 0.00698028] | lr=1.00e-03
Saved best model to results/thesis_model_results/outputs/loss_comparison_picnn/PICNN__kendall__minmax__seed42/picnn_state_dict_best.pt
Epoch 110 | train_loss=1.3816e-01 | train_eval_loss=1.3778e-01 | val_loss=1.3664e-01 | log_vars=[0.00698022 0.00698025 0.00698023 0.00698023 0.00698021 0.00698021] | lr=1.00e-03
Saved best model to results/thesis_model_results/outputs/loss_comparison_picnn/PICNN__kendall__minmax__seed42/picnn_state_dict_best.pt
Epoch 111 | train_loss=1.3745e-01 | train_eval_loss=1.3710e-01 | val_loss=1.3596e-01 | log_vars=[0.00698015 0.00698018 0.00698016 0.00698016 0.00698014 0.00698015] | lr=1.00e-03
Saved best model to results/thesis_model_results/outputs/loss_comparison_picnn/PICNN__kendall__minmax__seed42/picnn_state_dict_best.pt
Epoch 112 | train_loss=1.3678e-01 | train_eval_loss=1.3644e-01 | val_loss=1.3531e-01 | log_vars=[0.00698009 0.00698012 0.0069801  0.0069801  0.00698008 0.00698008] | lr=1.00e-03
Saved best model to results/thesis_model_results/outputs/loss_comparison_picnn/PICNN__kendall__minmax__seed42/picnn_state_dict_best.pt
Epoch 113 | train_loss=1.3614e-01 | train_eval_loss=1.3582e-01 | val_loss=1.3469e-01 | log_vars=[0.00698002 0.00698005 0.00698004 0.00698003 0.00698001 0.00698002] | lr=1.00e-03
Saved best model to results/thesis_model_results/outputs/loss_comparison_picnn/PICNN__kendall__minmax__seed42/picnn_state_dict_best.pt
Epoch 114 | train_loss=1.3553e-01 | train_eval_loss=1.3522e-01 | val_loss=1.3409e-01 | log_vars=[0.00697996 0.00697999 0.00697997 0.00697997 0.00697995 0.00697995] | lr=1.00e-03
Saved best model to results/thesis_model_results/outputs/loss_comparison_picnn/PICNN__kendall__minmax__seed42/picnn_state_dict_best.pt
Epoch 115 | train_loss=1.3494e-01 | train_eval_loss=1.3464e-01 | val_loss=1.3351e-01 | log_vars=[0.0069799  0.00697992 0.00697991 0.0069799  0.00697988 0.00697989] | lr=1.00e-03
Saved best model to results/thesis_model_results/outputs/loss_comparison_picnn/PICNN__kendall__minmax__seed42/picnn_state_dict_best.pt
Epoch 116 | train_loss=1.3437e-01 | train_eval_loss=1.3409e-01 | val_loss=1.3296e-01 | log_vars=[0.00697983 0.00697986 0.00697984 0.00697984 0.00697982 0.00697983] | lr=1.00e-03
Saved best model to results/thesis_model_results/outputs/loss_comparison_picnn/PICNN__kendall__minmax__seed42/picnn_state_dict_best.pt
Epoch 117 | train_loss=1.3382e-01 | train_eval_loss=1.3354e-01 | val_loss=1.3242e-01 | log_vars=[0.00697977 0.0069798  0.00697978 0.00697978 0.00697976 0.00697976] | lr=1.00e-03
Saved best model to results/thesis_model_results/outputs/loss_comparison_picnn/PICNN__kendall__minmax__seed42/picnn_state_dict_best.pt
Epoch 118 | train_loss=1.3329e-01 | train_eval_loss=1.3302e-01 | val_loss=1.3189e-01 | log_vars=[0.0069797  0.00697973 0.00697971 0.00697971 0.00697969 0.0069797 ] | lr=1.00e-03
Saved best model to results/thesis_model_results/outputs/loss_comparison_picnn/PICNN__kendall__minmax__seed42/picnn_state_dict_best.pt
Epoch 119 | train_loss=1.3277e-01 | train_eval_loss=1.3251e-01 | val_loss=1.3139e-01 | log_vars=[0.00697964 0.00697967 0.00697965 0.00697965 0.00697963 0.00697963] | lr=1.00e-03
Saved best model to results/thesis_model_results/outputs/loss_comparison_picnn/PICNN__kendall__minmax__seed42/picnn_state_dict_best.pt
Epoch 120 | train_loss=1.3227e-01 | train_eval_loss=1.3201e-01 | val_loss=1.3089e-01 | log_vars=[0.00697957 0.0069796  0.00697959 0.00697958 0.00697956 0.00697957] | lr=1.00e-03
Saved best model to results/thesis_model_results/outputs/loss_comparison_picnn/PICNN__kendall__minmax__seed42/picnn_state_dict_best.pt
Epoch 121 | train_loss=1.3177e-01 | train_eval_loss=1.3152e-01 | val_loss=1.3040e-01 | log_vars=[0.00697951 0.00697954 0.00697952 0.00697952 0.0069795  0.0069795 ] | lr=1.00e-03
Saved best model to results/thesis_model_results/outputs/loss_comparison_picnn/PICNN__kendall__minmax__seed42/picnn_state_dict_best.pt
Epoch 122 | train_loss=1.3129e-01 | train_eval_loss=1.3105e-01 | val_loss=1.2993e-01 | log_vars=[0.00697945 0.00697947 0.00697946 0.00697945 0.00697943 0.00697944] | lr=1.00e-03
Saved best model to results/thesis_model_results/outputs/loss_comparison_picnn/PICNN__kendall__minmax__seed42/picnn_state_dict_best.pt
Epoch 123 | train_loss=1.3082e-01 | train_eval_loss=1.3058e-01 | val_loss=1.2947e-01 | log_vars=[0.00697938 0.00697941 0.00697939 0.00697939 0.00697937 0.00697938] | lr=1.00e-03
Saved best model to results/thesis_model_results/outputs/loss_comparison_picnn/PICNN__kendall__minmax__seed42/picnn_state_dict_best.pt
Epoch 124 | train_loss=1.3036e-01 | train_eval_loss=1.3013e-01 | val_loss=1.2902e-01 | log_vars=[0.00697932 0.00697935 0.00697933 0.00697933 0.00697931 0.00697931] | lr=1.00e-03
Saved best model to results/thesis_model_results/outputs/loss_comparison_picnn/PICNN__kendall__minmax__seed42/picnn_state_dict_best.pt
Epoch 125 | train_loss=1.2991e-01 | train_eval_loss=1.2968e-01 | val_loss=1.2857e-01 | log_vars=[0.00697925 0.00697928 0.00697926 0.00697926 0.00697924 0.00697925] | lr=1.00e-03
Saved best model to results/thesis_model_results/outputs/loss_comparison_picnn/PICNN__kendall__minmax__seed42/picnn_state_dict_best.pt
Epoch 126 | train_loss=1.2947e-01 | train_eval_loss=1.2925e-01 | val_loss=1.2814e-01 | log_vars=[0.00697919 0.00697922 0.0069792  0.0069792  0.00697918 0.00697918] | lr=1.00e-03
Saved best model to results/thesis_model_results/outputs/loss_comparison_picnn/PICNN__kendall__minmax__seed42/picnn_state_dict_best.pt
Epoch 127 | train_loss=1.2904e-01 | train_eval_loss=1.2882e-01 | val_loss=1.2771e-01 | log_vars=[0.00697912 0.00697915 0.00697914 0.00697913 0.00697911 0.00697912] | lr=1.00e-03
Saved best model to results/thesis_model_results/outputs/loss_comparison_picnn/PICNN__kendall__minmax__seed42/picnn_state_dict_best.pt
Epoch 128 | train_loss=1.2861e-01 | train_eval_loss=1.2839e-01 | val_loss=1.2729e-01 | log_vars=[0.00697906 0.00697909 0.00697907 0.00697907 0.00697905 0.00697905] | lr=1.00e-03
Saved best model to results/thesis_model_results/outputs/loss_comparison_picnn/PICNN__kendall__minmax__seed42/picnn_state_dict_best.pt
Epoch 129 | train_loss=1.2819e-01 | train_eval_loss=1.2797e-01 | val_loss=1.2687e-01 | log_vars=[0.006979   0.00697902 0.00697901 0.006979   0.00697898 0.00697899] | lr=1.00e-03
Saved best model to results/thesis_model_results/outputs/loss_comparison_picnn/PICNN__kendall__minmax__seed42/picnn_state_dict_best.pt
Epoch 130 | train_loss=1.2777e-01 | train_eval_loss=1.2756e-01 | val_loss=1.2646e-01 | log_vars=[0.00697893 0.00697896 0.00697894 0.00697894 0.00697892 0.00697893] | lr=1.00e-03
Saved best model to results/thesis_model_results/outputs/loss_comparison_picnn/PICNN__kendall__minmax__seed42/picnn_state_dict_best.pt
Epoch 131 | train_loss=1.2736e-01 | train_eval_loss=1.2715e-01 | val_loss=1.2605e-01 | log_vars=[0.00697887 0.0069789  0.00697888 0.00697888 0.00697886 0.00697886] | lr=1.00e-03
Saved best model to results/thesis_model_results/outputs/loss_comparison_picnn/PICNN__kendall__minmax__seed42/picnn_state_dict_best.pt
Epoch 132 | train_loss=1.2695e-01 | train_eval_loss=1.2675e-01 | val_loss=1.2565e-01 | log_vars=[0.0069788  0.00697883 0.00697881 0.00697881 0.00697879 0.0069788 ] | lr=1.00e-03
Saved best model to results/thesis_model_results/outputs/loss_comparison_picnn/PICNN__kendall__minmax__seed42/picnn_state_dict_best.pt
Epoch 133 | train_loss=1.2655e-01 | train_eval_loss=1.2634e-01 | val_loss=1.2525e-01 | log_vars=[0.00697874 0.00697876 0.00697873 0.00697875 0.00697871 0.00697873] | lr=1.00e-03
Saved best model to results/thesis_model_results/outputs/loss_comparison_picnn/PICNN__kendall__minmax__seed42/picnn_state_dict_best.pt
Epoch 134 | train_loss=1.2615e-01 | train_eval_loss=1.2594e-01 | val_loss=1.2485e-01 | log_vars=[0.00697867 0.00697866 0.00697864 0.00697865 0.00697862 0.00697863] | lr=1.00e-03
Saved best model to results/thesis_model_results/outputs/loss_comparison_picnn/PICNN__kendall__minmax__seed42/picnn_state_dict_best.pt
Epoch 135 | train_loss=1.2575e-01 | train_eval_loss=1.2554e-01 | val_loss=1.2446e-01 | log_vars=[0.00697857 0.00697856 0.00697854 0.00697856 0.00697852 0.00697853] | lr=1.00e-03
Saved best model to results/thesis_model_results/outputs/loss_comparison_picnn/PICNN__kendall__minmax__seed42/picnn_state_dict_best.pt
Epoch 136 | train_loss=1.2535e-01 | train_eval_loss=1.2515e-01 | val_loss=1.2406e-01 | log_vars=[0.00697847 0.00697847 0.00697844 0.00697846 0.00697843 0.00697844] | lr=1.00e-03
Saved best model to results/thesis_model_results/outputs/loss_comparison_picnn/PICNN__kendall__minmax__seed42/picnn_state_dict_best.pt
Epoch 137 | train_loss=1.2496e-01 | train_eval_loss=1.2475e-01 | val_loss=1.2367e-01 | log_vars=[0.00697838 0.00697837 0.00697835 0.00697836 0.00697833 0.00697834] | lr=1.00e-03
Saved best model to results/thesis_model_results/outputs/loss_comparison_picnn/PICNN__kendall__minmax__seed42/picnn_state_dict_best.pt
Epoch 138 | train_loss=1.2456e-01 | train_eval_loss=1.2436e-01 | val_loss=1.2328e-01 | log_vars=[0.00697828 0.00697828 0.00697825 0.00697827 0.00697823 0.00697824] | lr=1.00e-03
Saved best model to results/thesis_model_results/outputs/loss_comparison_picnn/PICNN__kendall__minmax__seed42/picnn_state_dict_best.pt
Epoch 139 | train_loss=1.2417e-01 | train_eval_loss=1.2396e-01 | val_loss=1.2289e-01 | log_vars=[0.00697818 0.00697818 0.00697815 0.00697817 0.00697814 0.00697815] | lr=1.00e-03
Saved best model to results/thesis_model_results/outputs/loss_comparison_picnn/PICNN__kendall__minmax__seed42/picnn_state_dict_best.pt
Epoch 140 | train_loss=1.2377e-01 | train_eval_loss=1.2357e-01 | val_loss=1.2250e-01 | log_vars=[0.00697809 0.00697808 0.00697806 0.00697807 0.00697804 0.00697805] | lr=1.00e-03
Saved best model to results/thesis_model_results/outputs/loss_comparison_picnn/PICNN__kendall__minmax__seed42/picnn_state_dict_best.pt
Epoch 141 | train_loss=1.2338e-01 | train_eval_loss=1.2317e-01 | val_loss=1.2211e-01 | log_vars=[0.00697799 0.00697799 0.00697796 0.00697798 0.00697794 0.00697796] | lr=1.00e-03
Saved best model to results/thesis_model_results/outputs/loss_comparison_picnn/PICNN__kendall__minmax__seed42/picnn_state_dict_best.pt
Epoch 142 | train_loss=1.2298e-01 | train_eval_loss=1.2278e-01 | val_loss=1.2172e-01 | log_vars=[0.00697789 0.00697789 0.00697787 0.00697788 0.00697785 0.00697786] | lr=1.00e-03
Saved best model to results/thesis_model_results/outputs/loss_comparison_picnn/PICNN__kendall__minmax__seed42/picnn_state_dict_best.pt
Epoch 143 | train_loss=1.2259e-01 | train_eval_loss=1.2238e-01 | val_loss=1.2133e-01 | log_vars=[0.0069778  0.00697779 0.00697777 0.00697779 0.00697775 0.00697776] | lr=1.00e-03
Saved best model to results/thesis_model_results/outputs/loss_comparison_picnn/PICNN__kendall__minmax__seed42/picnn_state_dict_best.pt
Epoch 144 | train_loss=1.2219e-01 | train_eval_loss=1.2199e-01 | val_loss=1.2094e-01 | log_vars=[0.0069777  0.0069777  0.00697767 0.00697769 0.00697765 0.00697767] | lr=1.00e-03
Saved best model to results/thesis_model_results/outputs/loss_comparison_picnn/PICNN__kendall__minmax__seed42/picnn_state_dict_best.pt
Epoch 145 | train_loss=1.2180e-01 | train_eval_loss=1.2159e-01 | val_loss=1.2054e-01 | log_vars=[0.00697761 0.0069776  0.00697758 0.00697759 0.00697756 0.00697757] | lr=1.00e-03
Saved best model to results/thesis_model_results/outputs/loss_comparison_picnn/PICNN__kendall__minmax__seed42/picnn_state_dict_best.pt
Epoch 146 | train_loss=1.2140e-01 | train_eval_loss=1.2120e-01 | val_loss=1.2015e-01 | log_vars=[0.00697751 0.0069775  0.00697748 0.0069775  0.00697746 0.00697747] | lr=1.00e-03
Saved best model to results/thesis_model_results/outputs/loss_comparison_picnn/PICNN__kendall__minmax__seed42/picnn_state_dict_best.pt
Epoch 147 | train_loss=1.2100e-01 | train_eval_loss=1.2080e-01 | val_loss=1.1976e-01 | log_vars=[0.00697741 0.00697741 0.00697738 0.0069774  0.00697737 0.00697738] | lr=1.00e-03
Saved best model to results/thesis_model_results/outputs/loss_comparison_picnn/PICNN__kendall__minmax__seed42/picnn_state_dict_best.pt
Epoch 148 | train_loss=1.2061e-01 | train_eval_loss=1.2040e-01 | val_loss=1.1937e-01 | log_vars=[0.00697732 0.00697731 0.00697729 0.0069773  0.00697727 0.00697728] | lr=1.00e-03
Saved best model to results/thesis_model_results/outputs/loss_comparison_picnn/PICNN__kendall__minmax__seed42/picnn_state_dict_best.pt
Epoch 149 | train_loss=1.2021e-01 | train_eval_loss=1.2001e-01 | val_loss=1.1898e-01 | log_vars=[0.00697722 0.00697722 0.00697719 0.00697721 0.00697717 0.00697718] | lr=1.00e-03
Saved best model to results/thesis_model_results/outputs/loss_comparison_picnn/PICNN__kendall__minmax__seed42/picnn_state_dict_best.pt
Epoch 150 | train_loss=1.1982e-01 | train_eval_loss=1.1961e-01 | val_loss=1.1859e-01 | log_vars=[0.00697712 0.00697712 0.00697709 0.00697711 0.00697708 0.00697709] | lr=1.00e-03
Saved best model to results/thesis_model_results/outputs/loss_comparison_picnn/PICNN__kendall__minmax__seed42/picnn_state_dict_best.pt
Epoch 151 | train_loss=1.1942e-01 | train_eval_loss=1.1921e-01 | val_loss=1.1820e-01 | log_vars=[0.00697703 0.00697702 0.006977   0.00697701 0.00697698 0.00697699] | lr=1.00e-03
Saved best model to results/thesis_model_results/outputs/loss_comparison_picnn/PICNN__kendall__minmax__seed42/picnn_state_dict_best.pt
Epoch 152 | train_loss=1.1902e-01 | train_eval_loss=1.1882e-01 | val_loss=1.1780e-01 | log_vars=[0.00697693 0.00697693 0.0069769  0.00697692 0.00697688 0.0069769 ] | lr=1.00e-03
Saved best model to results/thesis_model_results/outputs/loss_comparison_picnn/PICNN__kendall__minmax__seed42/picnn_state_dict_best.pt
Epoch 153 | train_loss=1.1862e-01 | train_eval_loss=1.1842e-01 | val_loss=1.1741e-01 | log_vars=[0.00697683 0.00697683 0.00697681 0.00697682 0.00697679 0.0069768 ] | lr=1.00e-03
Saved best model to results/thesis_model_results/outputs/loss_comparison_picnn/PICNN__kendall__minmax__seed42/picnn_state_dict_best.pt
Epoch 154 | train_loss=1.1823e-01 | train_eval_loss=1.1802e-01 | val_loss=1.1702e-01 | log_vars=[0.00697674 0.00697673 0.00697671 0.00697673 0.00697669 0.0069767 ] | lr=1.00e-03
Saved best model to results/thesis_model_results/outputs/loss_comparison_picnn/PICNN__kendall__minmax__seed42/picnn_state_dict_best.pt
Epoch 155 | train_loss=1.1783e-01 | train_eval_loss=1.1762e-01 | val_loss=1.1663e-01 | log_vars=[0.00697664 0.00697664 0.00697661 0.00697663 0.00697659 0.00697661] | lr=1.00e-03
Saved best model to results/thesis_model_results/outputs/loss_comparison_picnn/PICNN__kendall__minmax__seed42/picnn_state_dict_best.pt
Epoch 156 | train_loss=1.1743e-01 | train_eval_loss=1.1722e-01 | val_loss=1.1624e-01 | log_vars=[0.00697654 0.00697654 0.00697652 0.00697653 0.0069765  0.00697651] | lr=1.00e-03
Saved best model to results/thesis_model_results/outputs/loss_comparison_picnn/PICNN__kendall__minmax__seed42/picnn_state_dict_best.pt
Epoch 157 | train_loss=1.1703e-01 | train_eval_loss=1.1683e-01 | val_loss=1.1585e-01 | log_vars=[0.00697645 0.00697644 0.00697642 0.00697644 0.0069764  0.00697641] | lr=1.00e-03
Saved best model to results/thesis_model_results/outputs/loss_comparison_picnn/PICNN__kendall__minmax__seed42/picnn_state_dict_best.pt
Epoch 158 | train_loss=1.1663e-01 | train_eval_loss=1.1643e-01 | val_loss=1.1545e-01 | log_vars=[0.00697635 0.00697635 0.00697632 0.00697634 0.00697631 0.00697632] | lr=1.00e-03
Saved best model to results/thesis_model_results/outputs/loss_comparison_picnn/PICNN__kendall__minmax__seed42/picnn_state_dict_best.pt
Epoch 159 | train_loss=1.1623e-01 | train_eval_loss=1.1603e-01 | val_loss=1.1506e-01 | log_vars=[0.00697626 0.00697625 0.00697623 0.00697624 0.00697621 0.00697622] | lr=1.00e-03
Saved best model to results/thesis_model_results/outputs/loss_comparison_picnn/PICNN__kendall__minmax__seed42/picnn_state_dict_best.pt
Epoch 160 | train_loss=1.1583e-01 | train_eval_loss=1.1563e-01 | val_loss=1.1466e-01 | log_vars=[0.00697616 0.00697616 0.00697613 0.00697615 0.00697611 0.00697612] | lr=1.00e-03
Saved best model to results/thesis_model_results/outputs/loss_comparison_picnn/PICNN__kendall__minmax__seed42/picnn_state_dict_best.pt
Epoch 161 | train_loss=1.1543e-01 | train_eval_loss=1.1522e-01 | val_loss=1.1427e-01 | log_vars=[0.00697606 0.00697606 0.00697603 0.00697605 0.00697602 0.00697603] | lr=1.00e-03
Saved best model to results/thesis_model_results/outputs/loss_comparison_picnn/PICNN__kendall__minmax__seed42/picnn_state_dict_best.pt
Epoch 162 | train_loss=1.1503e-01 | train_eval_loss=1.1482e-01 | val_loss=1.1387e-01 | log_vars=[0.00697597 0.00697596 0.00697594 0.00697595 0.00697592 0.00697593] | lr=1.00e-03
Saved best model to results/thesis_model_results/outputs/loss_comparison_picnn/PICNN__kendall__minmax__seed42/picnn_state_dict_best.pt
Epoch 163 | train_loss=1.1463e-01 | train_eval_loss=1.1442e-01 | val_loss=1.1348e-01 | log_vars=[0.00697587 0.00697587 0.00697584 0.00697586 0.00697582 0.00697584] | lr=1.00e-03
Saved best model to results/thesis_model_results/outputs/loss_comparison_picnn/PICNN__kendall__minmax__seed42/picnn_state_dict_best.pt
Epoch 164 | train_loss=1.1422e-01 | train_eval_loss=1.1401e-01 | val_loss=1.1308e-01 | log_vars=[0.00697577 0.00697577 0.00697574 0.00697576 0.00697573 0.00697574] | lr=1.00e-03
Saved best model to results/thesis_model_results/outputs/loss_comparison_picnn/PICNN__kendall__minmax__seed42/picnn_state_dict_best.pt
Epoch 165 | train_loss=1.1382e-01 | train_eval_loss=1.1360e-01 | val_loss=1.1268e-01 | log_vars=[0.00697568 0.00697566 0.00697562 0.00697566 0.00697561 0.00697563] | lr=1.00e-03
Saved best model to results/thesis_model_results/outputs/loss_comparison_picnn/PICNN__kendall__minmax__seed42/picnn_state_dict_best.pt
Epoch 166 | train_loss=1.1341e-01 | train_eval_loss=1.1319e-01 | val_loss=1.1228e-01 | log_vars=[0.00697556 0.00697553 0.00697549 0.00697553 0.00697548 0.0069755 ] | lr=1.00e-03
Saved best model to results/thesis_model_results/outputs/loss_comparison_picnn/PICNN__kendall__minmax__seed42/picnn_state_dict_best.pt
Epoch 167 | train_loss=1.1299e-01 | train_eval_loss=1.1278e-01 | val_loss=1.1187e-01 | log_vars=[0.00697543 0.0069754  0.00697536 0.0069754  0.00697535 0.00697537] | lr=1.00e-03
Saved best model to results/thesis_model_results/outputs/loss_comparison_picnn/PICNN__kendall__minmax__seed42/picnn_state_dict_best.pt
Epoch 168 | train_loss=1.1258e-01 | train_eval_loss=1.1236e-01 | val_loss=1.1146e-01 | log_vars=[0.0069753  0.00697527 0.00697524 0.00697527 0.00697522 0.00697524] | lr=1.00e-03
Saved best model to results/thesis_model_results/outputs/loss_comparison_picnn/PICNN__kendall__minmax__seed42/picnn_state_dict_best.pt
Epoch 169 | train_loss=1.1216e-01 | train_eval_loss=1.1194e-01 | val_loss=1.1105e-01 | log_vars=[0.00697517 0.00697514 0.00697511 0.00697514 0.00697509 0.00697511] | lr=1.00e-03
Saved best model to results/thesis_model_results/outputs/loss_comparison_picnn/PICNN__kendall__minmax__seed42/picnn_state_dict_best.pt
Epoch 170 | train_loss=1.1174e-01 | train_eval_loss=1.1152e-01 | val_loss=1.1063e-01 | log_vars=[0.00697504 0.00697501 0.00697498 0.00697501 0.00697497 0.00697498] | lr=1.00e-03
Saved best model to results/thesis_model_results/outputs/loss_comparison_picnn/PICNN__kendall__minmax__seed42/picnn_state_dict_best.pt
Epoch 171 | train_loss=1.1131e-01 | train_eval_loss=1.1109e-01 | val_loss=1.1021e-01 | log_vars=[0.00697492 0.00697488 0.00697485 0.00697489 0.00697484 0.00697486] | lr=1.00e-03
Saved best model to results/thesis_model_results/outputs/loss_comparison_picnn/PICNN__kendall__minmax__seed42/picnn_state_dict_best.pt
Epoch 172 | train_loss=1.1088e-01 | train_eval_loss=1.1066e-01 | val_loss=1.0979e-01 | log_vars=[0.00697479 0.00697476 0.00697472 0.00697476 0.00697471 0.00697473] | lr=1.00e-03
Saved best model to results/thesis_model_results/outputs/loss_comparison_picnn/PICNN__kendall__minmax__seed42/picnn_state_dict_best.pt
Epoch 173 | train_loss=1.1045e-01 | train_eval_loss=1.1022e-01 | val_loss=1.0936e-01 | log_vars=[0.00697466 0.00697463 0.00697459 0.00697463 0.00697458 0.0069746 ] | lr=1.00e-03
Saved best model to results/thesis_model_results/outputs/loss_comparison_picnn/PICNN__kendall__minmax__seed42/picnn_state_dict_best.pt
Epoch 174 | train_loss=1.1000e-01 | train_eval_loss=1.0977e-01 | val_loss=1.0892e-01 | log_vars=[0.00697453 0.0069745  0.00697446 0.0069745  0.00697445 0.00697447] | lr=1.00e-03
Saved best model to results/thesis_model_results/outputs/loss_comparison_picnn/PICNN__kendall__minmax__seed42/picnn_state_dict_best.pt
Epoch 175 | train_loss=1.0956e-01 | train_eval_loss=1.0932e-01 | val_loss=1.0848e-01 | log_vars=[0.0069744  0.00697437 0.00697434 0.00697437 0.00697432 0.00697434] | lr=1.00e-03
Saved best model to results/thesis_model_results/outputs/loss_comparison_picnn/PICNN__kendall__minmax__seed42/picnn_state_dict_best.pt
Epoch 176 | train_loss=1.0910e-01 | train_eval_loss=1.0886e-01 | val_loss=1.0802e-01 | log_vars=[0.00697427 0.00697424 0.00697421 0.00697424 0.00697419 0.00697421] | lr=1.00e-03
Saved best model to results/thesis_model_results/outputs/loss_comparison_picnn/PICNN__kendall__minmax__seed42/picnn_state_dict_best.pt
Epoch 177 | train_loss=1.0864e-01 | train_eval_loss=1.0840e-01 | val_loss=1.0757e-01 | log_vars=[0.00697414 0.00697411 0.00697408 0.00697411 0.00697407 0.00697408] | lr=1.00e-03
Saved best model to results/thesis_model_results/outputs/loss_comparison_picnn/PICNN__kendall__minmax__seed42/picnn_state_dict_best.pt
Epoch 178 | train_loss=1.0817e-01 | train_eval_loss=1.0792e-01 | val_loss=1.0710e-01 | log_vars=[0.00697402 0.00697398 0.00697395 0.00697399 0.00697394 0.00697396] | lr=1.00e-03
Saved best model to results/thesis_model_results/outputs/loss_comparison_picnn/PICNN__kendall__minmax__seed42/picnn_state_dict_best.pt
Epoch 179 | train_loss=1.0769e-01 | train_eval_loss=1.0744e-01 | val_loss=1.0663e-01 | log_vars=[0.00697389 0.00697386 0.00697382 0.00697386 0.00697381 0.00697383] | lr=1.00e-03
Saved best model to results/thesis_model_results/outputs/loss_comparison_picnn/PICNN__kendall__minmax__seed42/picnn_state_dict_best.pt
Epoch 180 | train_loss=1.0721e-01 | train_eval_loss=1.0695e-01 | val_loss=1.0615e-01 | log_vars=[0.00697376 0.0069737  0.00697366 0.00697371 0.00697365 0.00697368] | lr=1.00e-03
Saved best model to results/thesis_model_results/outputs/loss_comparison_picnn/PICNN__kendall__minmax__seed42/picnn_state_dict_best.pt
Epoch 181 | train_loss=1.0671e-01 | train_eval_loss=1.0645e-01 | val_loss=1.0566e-01 | log_vars=[0.0069736  0.00697354 0.0069735  0.00697355 0.00697349 0.00697352] | lr=1.00e-03
Saved best model to results/thesis_model_results/outputs/loss_comparison_picnn/PICNN__kendall__minmax__seed42/picnn_state_dict_best.pt
Epoch 182 | train_loss=1.0621e-01 | train_eval_loss=1.0594e-01 | val_loss=1.0516e-01 | log_vars=[0.00697344 0.00697338 0.00697334 0.00697339 0.00697333 0.00697336] | lr=1.00e-03
Saved best model to results/thesis_model_results/outputs/loss_comparison_picnn/PICNN__kendall__minmax__seed42/picnn_state_dict_best.pt
Epoch 183 | train_loss=1.0570e-01 | train_eval_loss=1.0542e-01 | val_loss=1.0465e-01 | log_vars=[0.00697328 0.00697322 0.00697318 0.00697323 0.00697317 0.00697319] | lr=1.00e-03
Saved best model to results/thesis_model_results/outputs/loss_comparison_picnn/PICNN__kendall__minmax__seed42/picnn_state_dict_best.pt
Epoch 184 | train_loss=1.0517e-01 | train_eval_loss=1.0489e-01 | val_loss=1.0413e-01 | log_vars=[0.00697312 0.00697306 0.00697302 0.00697307 0.00697301 0.00697303] | lr=1.00e-03
Saved best model to results/thesis_model_results/outputs/loss_comparison_picnn/PICNN__kendall__minmax__seed42/picnn_state_dict_best.pt
Epoch 185 | train_loss=1.0463e-01 | train_eval_loss=1.0435e-01 | val_loss=1.0360e-01 | log_vars=[0.00697296 0.0069729  0.00697286 0.00697291 0.00697285 0.00697287] | lr=1.00e-03
Saved best model to results/thesis_model_results/outputs/loss_comparison_picnn/PICNN__kendall__minmax__seed42/picnn_state_dict_best.pt
Epoch 186 | train_loss=1.0409e-01 | train_eval_loss=1.0380e-01 | val_loss=1.0306e-01 | log_vars=[0.00697279 0.00697274 0.00697269 0.00697275 0.00697269 0.00697271] | lr=1.00e-03
Saved best model to results/thesis_model_results/outputs/loss_comparison_picnn/PICNN__kendall__minmax__seed42/picnn_state_dict_best.pt
Epoch 187 | train_loss=1.0353e-01 | train_eval_loss=1.0323e-01 | val_loss=1.0250e-01 | log_vars=[0.00697263 0.00697258 0.00697253 0.00697259 0.00697253 0.00697255] | lr=1.00e-03
Saved best model to results/thesis_model_results/outputs/loss_comparison_picnn/PICNN__kendall__minmax__seed42/picnn_state_dict_best.pt
Epoch 188 | train_loss=1.0296e-01 | train_eval_loss=1.0266e-01 | val_loss=1.0194e-01 | log_vars=[0.00697247 0.00697242 0.00697237 0.00697243 0.00697237 0.00697239] | lr=1.00e-03
Saved best model to results/thesis_model_results/outputs/loss_comparison_picnn/PICNN__kendall__minmax__seed42/picnn_state_dict_best.pt
Epoch 189 | train_loss=1.0238e-01 | train_eval_loss=1.0207e-01 | val_loss=1.0136e-01 | log_vars=[0.00697231 0.00697225 0.0069722  0.00697227 0.0069722  0.00697223] | lr=1.00e-03
Saved best model to results/thesis_model_results/outputs/loss_comparison_picnn/PICNN__kendall__minmax__seed42/picnn_state_dict_best.pt
Epoch 190 | train_loss=1.0179e-01 | train_eval_loss=1.0147e-01 | val_loss=1.0078e-01 | log_vars=[0.00697214 0.00697206 0.00697201 0.00697208 0.006972   0.00697204] | lr=1.00e-03
Saved best model to results/thesis_model_results/outputs/loss_comparison_picnn/PICNN__kendall__minmax__seed42/picnn_state_dict_best.pt
Epoch 191 | train_loss=1.0118e-01 | train_eval_loss=1.0086e-01 | val_loss=1.0017e-01 | log_vars=[0.00697195 0.00697186 0.00697181 0.00697189 0.00697181 0.00697184] | lr=1.00e-03
Saved best model to results/thesis_model_results/outputs/loss_comparison_picnn/PICNN__kendall__minmax__seed42/picnn_state_dict_best.pt
Epoch 192 | train_loss=1.0056e-01 | train_eval_loss=1.0024e-01 | val_loss=9.9562e-02 | log_vars=[0.00697176 0.00697167 0.00697162 0.00697169 0.00697162 0.00697165] | lr=1.00e-03
Saved best model to results/thesis_model_results/outputs/loss_comparison_picnn/PICNN__kendall__minmax__seed42/picnn_state_dict_best.pt
Epoch 193 | train_loss=9.9935e-02 | train_eval_loss=9.9602e-02 | val_loss=9.8935e-02 | log_vars=[0.00697156 0.00697148 0.00697143 0.0069715  0.00697143 0.00697146] | lr=1.00e-03
Saved best model to results/thesis_model_results/outputs/loss_comparison_picnn/PICNN__kendall__minmax__seed42/picnn_state_dict_best.pt
Epoch 194 | train_loss=9.9293e-02 | train_eval_loss=9.8954e-02 | val_loss=9.8293e-02 | log_vars=[0.00697137 0.00697129 0.00697124 0.00697131 0.00697123 0.00697127] | lr=1.00e-03
Saved best model to results/thesis_model_results/outputs/loss_comparison_picnn/PICNN__kendall__minmax__seed42/picnn_state_dict_best.pt
Epoch 195 | train_loss=9.8640e-02 | train_eval_loss=9.8290e-02 | val_loss=9.7655e-02 | log_vars=[0.00697118 0.00697109 0.00697104 0.00697111 0.00697104 0.00697107] | lr=1.00e-03
Saved best model to results/thesis_model_results/outputs/loss_comparison_picnn/PICNN__kendall__minmax__seed42/picnn_state_dict_best.pt
Epoch 196 | train_loss=9.7967e-02 | train_eval_loss=9.7613e-02 | val_loss=9.6988e-02 | log_vars=[0.00697098 0.0069709  0.00697085 0.00697092 0.00697085 0.00697088] | lr=1.00e-03
Saved best model to results/thesis_model_results/outputs/loss_comparison_picnn/PICNN__kendall__minmax__seed42/picnn_state_dict_best.pt
Epoch 197 | train_loss=9.7287e-02 | train_eval_loss=9.6925e-02 | val_loss=9.6308e-02 | log_vars=[0.00697079 0.00697068 0.00697062 0.00697071 0.00697062 0.00697066] | lr=1.00e-03
Saved best model to results/thesis_model_results/outputs/loss_comparison_picnn/PICNN__kendall__minmax__seed42/picnn_state_dict_best.pt
Epoch 198 | train_loss=9.6593e-02 | train_eval_loss=9.6225e-02 | val_loss=9.5623e-02 | log_vars=[0.00697056 0.00697045 0.0069704  0.00697048 0.0069704  0.00697044] | lr=1.00e-03
Saved best model to results/thesis_model_results/outputs/loss_comparison_picnn/PICNN__kendall__minmax__seed42/picnn_state_dict_best.pt
Epoch 199 | train_loss=9.5885e-02 | train_eval_loss=9.5510e-02 | val_loss=9.4919e-02 | log_vars=[0.00697034 0.00697023 0.00697017 0.00697026 0.00697017 0.00697021] | lr=1.00e-03
Saved best model to results/thesis_model_results/outputs/loss_comparison_picnn/PICNN__kendall__minmax__seed42/picnn_state_dict_best.pt
Epoch 200 | train_loss=9.5164e-02 | train_eval_loss=9.4783e-02 | val_loss=9.4207e-02 | log_vars=[0.00697011 0.00697    0.00696995 0.00697003 0.00696995 0.00696999] | lr=1.00e-03
Saved best model to results/thesis_model_results/outputs/loss_comparison_picnn/PICNN__kendall__minmax__seed42/picnn_state_dict_best.pt
Saved training logs to results/thesis_model_results/outputs/loss_comparison_picnn/PICNN__kendall__minmax__seed42/training_summary.txt
Test RMSE(rocof_COI) = 0.2437 | norm: 0.1850 | real_diff: 0.1947
Test RMSE(dev_COI) = 0.4752 | norm: 0.1762 | real_diff: 0.3796
Test RMSE(Delta_P_IBR_1) = 0.9090 | norm: 0.1435 | real_diff: 0.7180
Test RMSE(Delta_P_IBR_2) = 1.1254 | norm: 0.1566 | real_diff: 0.9038
Test RMSE(Delta_P_IBR_3) = 0.7799 | norm: 0.1369 | real_diff: 0.6201
Test RMSE(Delta_P_IBR_4) = 1.2463 | norm: 0.1288 | real_diff: 0.9913
Saved RMSE results to results/thesis_model_results/outputs/loss_comparison_picnn/PICNN__kendall__minmax__seed42/rmse_results.txt
Saved detailed metrics to results/thesis_model_results/outputs/loss_comparison_picnn/PICNN__kendall__minmax__seed42/metrics_by_target.csv
Saved aggregate metrics to results/thesis_model_results/outputs/loss_comparison_picnn/PICNN__kendall__minmax__seed42/metrics_summary.json
Saved loss curves to results/thesis_model_results/outputs/loss_comparison_picnn/PICNN__kendall__minmax__seed42/loss_curve.png
Saved scatter plot results/thesis_model_results/outputs/loss_comparison_picnn/PICNN__kendall__minmax__seed42/scatter_rocof_COI.png
Saved scatter plot results/thesis_model_results/outputs/loss_comparison_picnn/PICNN__kendall__minmax__seed42/scatter_dev_COI.png
Saved scatter plot results/thesis_model_results/outputs/loss_comparison_picnn/PICNN__kendall__minmax__seed42/scatter_Delta_P_IBR_1.png
Saved scatter plot results/thesis_model_results/outputs/loss_comparison_picnn/PICNN__kendall__minmax__seed42/scatter_Delta_P_IBR_2.png
Saved scatter plot results/thesis_model_results/outputs/loss_comparison_picnn/PICNN__kendall__minmax__seed42/scatter_Delta_P_IBR_3.png
Saved scatter plot results/thesis_model_results/outputs/loss_comparison_picnn/PICNN__kendall__minmax__seed42/scatter_Delta_P_IBR_4.png
Saved model to results/thesis_model_results/outputs/loss_comparison_picnn/PICNN__kendall__minmax__seed42/picnn_state_dict.pt
Saved summary to results/thesis_model_results/tables/loss_comparison_mlp.csv
Saved summary to results/thesis_model_results/tables/loss_comparison_mlp_by_label.csv
Saved summary to results/thesis_model_results/tables/loss_comparison_mtlsh.csv
Saved summary to results/thesis_model_results/tables/loss_comparison_mtlgsh.csv
Saved summary to results/thesis_model_results/tables/loss_comparison_picnn.csv
FINISHED AT Thu Apr  2 02:23:37 AM CEST 2026
