STARTING AT Thu Apr  2 12:51:59 AM CEST 2026
Loss type: mse | weights=[]
Target stats (scaled):
train mean=[0.549  0.589  0.492  0.4884 0.4785 0.4192]
train std=[0.1365 0.1371 0.1141 0.1063 0.1158 0.1138]
train q05=[0.3074 0.3979 0.3192 0.303  0.3347 0.2205]
train q95=[0.7933 0.8652 0.6719 0.6491 0.6927 0.6016]
val mean=[0.5473 0.5873 0.4922 0.4893 0.4798 0.4201]
val std=[0.1343 0.1348 0.1123 0.1072 0.1141 0.1112]
val q05=[0.3103 0.3982 0.3195 0.303  0.3376 0.2251]
val q95=[0.7886 0.8626 0.6731 0.6514 0.6918 0.5984]
val/train std ratio=[0.984  0.9828 0.9844 1.0084 0.9848 0.9772]
LR scheduler: ReduceLROnPlateau (factor=0.5, patience=8, min_lr=1e-07)
Epoch 001 | train_loss=2.8176e-02 | train_eval_loss=1.3952e-02 | val_loss=1.3574e-02 | | lr=1.00e-03
Saved best model to results/thesis_model_results/outputs/mtlsh_embeddability_tradeoff/MTLSH__mse__minmax__seed42__model_head_sizes32__model_shared_sizes64/mtlsh_state_dict_best.pt
Epoch 002 | train_loss=1.2899e-02 | train_eval_loss=1.0974e-02 | val_loss=1.0690e-02 | | lr=1.00e-03
Saved best model to results/thesis_model_results/outputs/mtlsh_embeddability_tradeoff/MTLSH__mse__minmax__seed42__model_head_sizes32__model_shared_sizes64/mtlsh_state_dict_best.pt
Epoch 003 | train_loss=7.4663e-03 | train_eval_loss=4.2701e-03 | val_loss=4.1856e-03 | | lr=1.00e-03
Saved best model to results/thesis_model_results/outputs/mtlsh_embeddability_tradeoff/MTLSH__mse__minmax__seed42__model_head_sizes32__model_shared_sizes64/mtlsh_state_dict_best.pt
Epoch 004 | train_loss=3.1712e-03 | train_eval_loss=2.6636e-03 | val_loss=2.6335e-03 | | lr=1.00e-03
Saved best model to results/thesis_model_results/outputs/mtlsh_embeddability_tradeoff/MTLSH__mse__minmax__seed42__model_head_sizes32__model_shared_sizes64/mtlsh_state_dict_best.pt
Epoch 005 | train_loss=2.4821e-03 | train_eval_loss=2.2756e-03 | val_loss=2.2479e-03 | | lr=1.00e-03
Saved best model to results/thesis_model_results/outputs/mtlsh_embeddability_tradeoff/MTLSH__mse__minmax__seed42__model_head_sizes32__model_shared_sizes64/mtlsh_state_dict_best.pt
Epoch 006 | train_loss=2.1686e-03 | train_eval_loss=2.0648e-03 | val_loss=2.0370e-03 | | lr=1.00e-03
Saved best model to results/thesis_model_results/outputs/mtlsh_embeddability_tradeoff/MTLSH__mse__minmax__seed42__model_head_sizes32__model_shared_sizes64/mtlsh_state_dict_best.pt
Epoch 007 | train_loss=2.0224e-03 | train_eval_loss=2.1358e-03 | val_loss=2.1017e-03 | | lr=1.00e-03
Epoch 008 | train_loss=1.9436e-03 | train_eval_loss=1.8743e-03 | val_loss=1.8408e-03 | | lr=1.00e-03
Saved best model to results/thesis_model_results/outputs/mtlsh_embeddability_tradeoff/MTLSH__mse__minmax__seed42__model_head_sizes32__model_shared_sizes64/mtlsh_state_dict_best.pt
Epoch 009 | train_loss=1.8894e-03 | train_eval_loss=1.8034e-03 | val_loss=1.7789e-03 | | lr=1.00e-03
Saved best model to results/thesis_model_results/outputs/mtlsh_embeddability_tradeoff/MTLSH__mse__minmax__seed42__model_head_sizes32__model_shared_sizes64/mtlsh_state_dict_best.pt
Epoch 010 | train_loss=1.7954e-03 | train_eval_loss=1.7441e-03 | val_loss=1.7223e-03 | | lr=1.00e-03
Saved best model to results/thesis_model_results/outputs/mtlsh_embeddability_tradeoff/MTLSH__mse__minmax__seed42__model_head_sizes32__model_shared_sizes64/mtlsh_state_dict_best.pt
Epoch 011 | train_loss=1.7347e-03 | train_eval_loss=1.7533e-03 | val_loss=1.7304e-03 | | lr=1.00e-03
Epoch 012 | train_loss=1.7262e-03 | train_eval_loss=1.6718e-03 | val_loss=1.6519e-03 | | lr=1.00e-03
Saved best model to results/thesis_model_results/outputs/mtlsh_embeddability_tradeoff/MTLSH__mse__minmax__seed42__model_head_sizes32__model_shared_sizes64/mtlsh_state_dict_best.pt
Epoch 013 | train_loss=1.6893e-03 | train_eval_loss=1.6481e-03 | val_loss=1.6289e-03 | | lr=1.00e-03
Saved best model to results/thesis_model_results/outputs/mtlsh_embeddability_tradeoff/MTLSH__mse__minmax__seed42__model_head_sizes32__model_shared_sizes64/mtlsh_state_dict_best.pt
Epoch 014 | train_loss=1.6653e-03 | train_eval_loss=1.6386e-03 | val_loss=1.6198e-03 | | lr=1.00e-03
Saved best model to results/thesis_model_results/outputs/mtlsh_embeddability_tradeoff/MTLSH__mse__minmax__seed42__model_head_sizes32__model_shared_sizes64/mtlsh_state_dict_best.pt
Epoch 015 | train_loss=1.6841e-03 | train_eval_loss=1.6168e-03 | val_loss=1.5994e-03 | | lr=1.00e-03
Saved best model to results/thesis_model_results/outputs/mtlsh_embeddability_tradeoff/MTLSH__mse__minmax__seed42__model_head_sizes32__model_shared_sizes64/mtlsh_state_dict_best.pt
Epoch 016 | train_loss=1.6261e-03 | train_eval_loss=1.5675e-03 | val_loss=1.5469e-03 | | lr=1.00e-03
Saved best model to results/thesis_model_results/outputs/mtlsh_embeddability_tradeoff/MTLSH__mse__minmax__seed42__model_head_sizes32__model_shared_sizes64/mtlsh_state_dict_best.pt
Epoch 017 | train_loss=1.6215e-03 | train_eval_loss=1.7973e-03 | val_loss=1.7708e-03 | | lr=1.00e-03
Epoch 018 | train_loss=1.5968e-03 | train_eval_loss=1.6479e-03 | val_loss=1.6265e-03 | | lr=1.00e-03
Epoch 019 | train_loss=1.5754e-03 | train_eval_loss=1.6362e-03 | val_loss=1.6152e-03 | | lr=1.00e-03
Epoch 020 | train_loss=1.5676e-03 | train_eval_loss=1.5353e-03 | val_loss=1.5174e-03 | | lr=1.00e-03
Saved best model to results/thesis_model_results/outputs/mtlsh_embeddability_tradeoff/MTLSH__mse__minmax__seed42__model_head_sizes32__model_shared_sizes64/mtlsh_state_dict_best.pt
Epoch 021 | train_loss=1.5187e-03 | train_eval_loss=1.5539e-03 | val_loss=1.5389e-03 | | lr=1.00e-03
Epoch 022 | train_loss=1.5291e-03 | train_eval_loss=1.5410e-03 | val_loss=1.5164e-03 | | lr=1.00e-03
Saved best model to results/thesis_model_results/outputs/mtlsh_embeddability_tradeoff/MTLSH__mse__minmax__seed42__model_head_sizes32__model_shared_sizes64/mtlsh_state_dict_best.pt
Epoch 023 | train_loss=1.5312e-03 | train_eval_loss=1.5245e-03 | val_loss=1.5058e-03 | | lr=1.00e-03
Saved best model to results/thesis_model_results/outputs/mtlsh_embeddability_tradeoff/MTLSH__mse__minmax__seed42__model_head_sizes32__model_shared_sizes64/mtlsh_state_dict_best.pt
Epoch 024 | train_loss=1.5290e-03 | train_eval_loss=1.4809e-03 | val_loss=1.4629e-03 | | lr=1.00e-03
Saved best model to results/thesis_model_results/outputs/mtlsh_embeddability_tradeoff/MTLSH__mse__minmax__seed42__model_head_sizes32__model_shared_sizes64/mtlsh_state_dict_best.pt
Epoch 025 | train_loss=1.4964e-03 | train_eval_loss=1.4986e-03 | val_loss=1.4828e-03 | | lr=1.00e-03
Epoch 026 | train_loss=1.4663e-03 | train_eval_loss=1.4363e-03 | val_loss=1.4194e-03 | | lr=1.00e-03
Saved best model to results/thesis_model_results/outputs/mtlsh_embeddability_tradeoff/MTLSH__mse__minmax__seed42__model_head_sizes32__model_shared_sizes64/mtlsh_state_dict_best.pt
Epoch 027 | train_loss=1.4664e-03 | train_eval_loss=1.4541e-03 | val_loss=1.4321e-03 | | lr=1.00e-03
Epoch 028 | train_loss=1.4586e-03 | train_eval_loss=1.4595e-03 | val_loss=1.4414e-03 | | lr=1.00e-03
Epoch 029 | train_loss=1.4474e-03 | train_eval_loss=1.4630e-03 | val_loss=1.4442e-03 | | lr=1.00e-03
Epoch 030 | train_loss=1.4253e-03 | train_eval_loss=1.4039e-03 | val_loss=1.3909e-03 | | lr=1.00e-03
Saved best model to results/thesis_model_results/outputs/mtlsh_embeddability_tradeoff/MTLSH__mse__minmax__seed42__model_head_sizes32__model_shared_sizes64/mtlsh_state_dict_best.pt
Epoch 031 | train_loss=1.4426e-03 | train_eval_loss=1.3762e-03 | val_loss=1.3565e-03 | | lr=1.00e-03
Saved best model to results/thesis_model_results/outputs/mtlsh_embeddability_tradeoff/MTLSH__mse__minmax__seed42__model_head_sizes32__model_shared_sizes64/mtlsh_state_dict_best.pt
Epoch 032 | train_loss=1.3924e-03 | train_eval_loss=1.3860e-03 | val_loss=1.3618e-03 | | lr=1.00e-03
Epoch 033 | train_loss=1.3870e-03 | train_eval_loss=1.3704e-03 | val_loss=1.3509e-03 | | lr=1.00e-03
Saved best model to results/thesis_model_results/outputs/mtlsh_embeddability_tradeoff/MTLSH__mse__minmax__seed42__model_head_sizes32__model_shared_sizes64/mtlsh_state_dict_best.pt
Epoch 034 | train_loss=1.3671e-03 | train_eval_loss=1.3723e-03 | val_loss=1.3550e-03 | | lr=1.00e-03
Epoch 035 | train_loss=1.3616e-03 | train_eval_loss=1.3972e-03 | val_loss=1.3814e-03 | | lr=1.00e-03
Epoch 036 | train_loss=1.3572e-03 | train_eval_loss=1.3242e-03 | val_loss=1.3084e-03 | | lr=1.00e-03
Saved best model to results/thesis_model_results/outputs/mtlsh_embeddability_tradeoff/MTLSH__mse__minmax__seed42__model_head_sizes32__model_shared_sizes64/mtlsh_state_dict_best.pt
Epoch 037 | train_loss=1.3255e-03 | train_eval_loss=1.2872e-03 | val_loss=1.2699e-03 | | lr=1.00e-03
Saved best model to results/thesis_model_results/outputs/mtlsh_embeddability_tradeoff/MTLSH__mse__minmax__seed42__model_head_sizes32__model_shared_sizes64/mtlsh_state_dict_best.pt
Epoch 038 | train_loss=1.3044e-03 | train_eval_loss=1.3032e-03 | val_loss=1.2922e-03 | | lr=1.00e-03
Epoch 039 | train_loss=1.3328e-03 | train_eval_loss=1.2975e-03 | val_loss=1.2806e-03 | | lr=1.00e-03
Epoch 040 | train_loss=1.3048e-03 | train_eval_loss=1.3085e-03 | val_loss=1.2968e-03 | | lr=1.00e-03
Epoch 041 | train_loss=1.2886e-03 | train_eval_loss=1.2629e-03 | val_loss=1.2458e-03 | | lr=1.00e-03
Saved best model to results/thesis_model_results/outputs/mtlsh_embeddability_tradeoff/MTLSH__mse__minmax__seed42__model_head_sizes32__model_shared_sizes64/mtlsh_state_dict_best.pt
Epoch 042 | train_loss=1.2625e-03 | train_eval_loss=1.2115e-03 | val_loss=1.1950e-03 | | lr=1.00e-03
Saved best model to results/thesis_model_results/outputs/mtlsh_embeddability_tradeoff/MTLSH__mse__minmax__seed42__model_head_sizes32__model_shared_sizes64/mtlsh_state_dict_best.pt
Epoch 043 | train_loss=1.2769e-03 | train_eval_loss=1.3023e-03 | val_loss=1.2856e-03 | | lr=1.00e-03
Epoch 044 | train_loss=1.2465e-03 | train_eval_loss=1.2649e-03 | val_loss=1.2515e-03 | | lr=1.00e-03
Epoch 045 | train_loss=1.2340e-03 | train_eval_loss=1.2170e-03 | val_loss=1.2002e-03 | | lr=1.00e-03
Epoch 046 | train_loss=1.2194e-03 | train_eval_loss=1.1766e-03 | val_loss=1.1631e-03 | | lr=1.00e-03
Saved best model to results/thesis_model_results/outputs/mtlsh_embeddability_tradeoff/MTLSH__mse__minmax__seed42__model_head_sizes32__model_shared_sizes64/mtlsh_state_dict_best.pt
Epoch 047 | train_loss=1.2568e-03 | train_eval_loss=1.2993e-03 | val_loss=1.2904e-03 | | lr=1.00e-03
Epoch 048 | train_loss=1.2217e-03 | train_eval_loss=1.1832e-03 | val_loss=1.1725e-03 | | lr=1.00e-03
Epoch 049 | train_loss=1.2134e-03 | train_eval_loss=1.2528e-03 | val_loss=1.2387e-03 | | lr=1.00e-03
Epoch 050 | train_loss=1.2114e-03 | train_eval_loss=1.2376e-03 | val_loss=1.2266e-03 | | lr=1.00e-03
Epoch 051 | train_loss=1.1594e-03 | train_eval_loss=1.2889e-03 | val_loss=1.2736e-03 | | lr=1.00e-03
Epoch 052 | train_loss=1.1615e-03 | train_eval_loss=1.1170e-03 | val_loss=1.1085e-03 | | lr=1.00e-03
Saved best model to results/thesis_model_results/outputs/mtlsh_embeddability_tradeoff/MTLSH__mse__minmax__seed42__model_head_sizes32__model_shared_sizes64/mtlsh_state_dict_best.pt
Epoch 053 | train_loss=1.1387e-03 | train_eval_loss=1.0957e-03 | val_loss=1.0866e-03 | | lr=1.00e-03
Saved best model to results/thesis_model_results/outputs/mtlsh_embeddability_tradeoff/MTLSH__mse__minmax__seed42__model_head_sizes32__model_shared_sizes64/mtlsh_state_dict_best.pt
Epoch 054 | train_loss=1.1283e-03 | train_eval_loss=1.1764e-03 | val_loss=1.1672e-03 | | lr=1.00e-03
Epoch 055 | train_loss=1.1343e-03 | train_eval_loss=1.0914e-03 | val_loss=1.0788e-03 | | lr=1.00e-03
Saved best model to results/thesis_model_results/outputs/mtlsh_embeddability_tradeoff/MTLSH__mse__minmax__seed42__model_head_sizes32__model_shared_sizes64/mtlsh_state_dict_best.pt
Epoch 056 | train_loss=1.0688e-03 | train_eval_loss=1.0444e-03 | val_loss=1.0319e-03 | | lr=1.00e-03
Saved best model to results/thesis_model_results/outputs/mtlsh_embeddability_tradeoff/MTLSH__mse__minmax__seed42__model_head_sizes32__model_shared_sizes64/mtlsh_state_dict_best.pt
Epoch 057 | train_loss=1.0551e-03 | train_eval_loss=1.0895e-03 | val_loss=1.0765e-03 | | lr=1.00e-03
Epoch 058 | train_loss=1.0766e-03 | train_eval_loss=1.0821e-03 | val_loss=1.0701e-03 | | lr=1.00e-03
Epoch 059 | train_loss=1.0548e-03 | train_eval_loss=9.8734e-04 | val_loss=9.7564e-04 | | lr=1.00e-03
Saved best model to results/thesis_model_results/outputs/mtlsh_embeddability_tradeoff/MTLSH__mse__minmax__seed42__model_head_sizes32__model_shared_sizes64/mtlsh_state_dict_best.pt
Epoch 060 | train_loss=1.0082e-03 | train_eval_loss=9.9770e-04 | val_loss=9.8369e-04 | | lr=1.00e-03
Epoch 061 | train_loss=1.0052e-03 | train_eval_loss=9.8478e-04 | val_loss=9.7385e-04 | | lr=1.00e-03
Saved best model to results/thesis_model_results/outputs/mtlsh_embeddability_tradeoff/MTLSH__mse__minmax__seed42__model_head_sizes32__model_shared_sizes64/mtlsh_state_dict_best.pt
Epoch 062 | train_loss=9.9006e-04 | train_eval_loss=1.1518e-03 | val_loss=1.1394e-03 | | lr=1.00e-03
Epoch 063 | train_loss=1.0100e-03 | train_eval_loss=9.8141e-04 | val_loss=9.6692e-04 | | lr=1.00e-03
Saved best model to results/thesis_model_results/outputs/mtlsh_embeddability_tradeoff/MTLSH__mse__minmax__seed42__model_head_sizes32__model_shared_sizes64/mtlsh_state_dict_best.pt
Epoch 064 | train_loss=9.4880e-04 | train_eval_loss=1.0108e-03 | val_loss=9.8700e-04 | | lr=1.00e-03
Epoch 065 | train_loss=9.5338e-04 | train_eval_loss=9.5164e-04 | val_loss=9.2876e-04 | | lr=1.00e-03
Saved best model to results/thesis_model_results/outputs/mtlsh_embeddability_tradeoff/MTLSH__mse__minmax__seed42__model_head_sizes32__model_shared_sizes64/mtlsh_state_dict_best.pt
Epoch 066 | train_loss=9.3191e-04 | train_eval_loss=9.6341e-04 | val_loss=9.2969e-04 | | lr=1.00e-03
Epoch 067 | train_loss=9.2342e-04 | train_eval_loss=9.4498e-04 | val_loss=9.2372e-04 | | lr=1.00e-03
Saved best model to results/thesis_model_results/outputs/mtlsh_embeddability_tradeoff/MTLSH__mse__minmax__seed42__model_head_sizes32__model_shared_sizes64/mtlsh_state_dict_best.pt
Epoch 068 | train_loss=9.0890e-04 | train_eval_loss=9.1952e-04 | val_loss=8.9869e-04 | | lr=1.00e-03
Saved best model to results/thesis_model_results/outputs/mtlsh_embeddability_tradeoff/MTLSH__mse__minmax__seed42__model_head_sizes32__model_shared_sizes64/mtlsh_state_dict_best.pt
Epoch 069 | train_loss=9.0178e-04 | train_eval_loss=9.3784e-04 | val_loss=9.0886e-04 | | lr=1.00e-03
Epoch 070 | train_loss=9.0131e-04 | train_eval_loss=9.7250e-04 | val_loss=9.4851e-04 | | lr=1.00e-03
Epoch 071 | train_loss=9.2756e-04 | train_eval_loss=8.5993e-04 | val_loss=8.4723e-04 | | lr=1.00e-03
Saved best model to results/thesis_model_results/outputs/mtlsh_embeddability_tradeoff/MTLSH__mse__minmax__seed42__model_head_sizes32__model_shared_sizes64/mtlsh_state_dict_best.pt
Epoch 072 | train_loss=8.8491e-04 | train_eval_loss=9.0357e-04 | val_loss=8.9467e-04 | | lr=1.00e-03
Epoch 073 | train_loss=9.0186e-04 | train_eval_loss=8.8604e-04 | val_loss=8.6936e-04 | | lr=1.00e-03
Epoch 074 | train_loss=8.8671e-04 | train_eval_loss=9.2559e-04 | val_loss=9.0540e-04 | | lr=1.00e-03
Epoch 075 | train_loss=8.6880e-04 | train_eval_loss=8.3839e-04 | val_loss=8.2602e-04 | | lr=1.00e-03
Saved best model to results/thesis_model_results/outputs/mtlsh_embeddability_tradeoff/MTLSH__mse__minmax__seed42__model_head_sizes32__model_shared_sizes64/mtlsh_state_dict_best.pt
Epoch 076 | train_loss=8.5863e-04 | train_eval_loss=8.7301e-04 | val_loss=8.6074e-04 | | lr=1.00e-03
Epoch 077 | train_loss=8.6398e-04 | train_eval_loss=8.4670e-04 | val_loss=8.2883e-04 | | lr=1.00e-03
Epoch 078 | train_loss=8.4303e-04 | train_eval_loss=8.0487e-04 | val_loss=7.9363e-04 | | lr=1.00e-03
Saved best model to results/thesis_model_results/outputs/mtlsh_embeddability_tradeoff/MTLSH__mse__minmax__seed42__model_head_sizes32__model_shared_sizes64/mtlsh_state_dict_best.pt
Epoch 079 | train_loss=8.3950e-04 | train_eval_loss=8.6853e-04 | val_loss=8.5676e-04 | | lr=1.00e-03
Epoch 080 | train_loss=8.2127e-04 | train_eval_loss=8.1397e-04 | val_loss=7.9198e-04 | | lr=1.00e-03
Saved best model to results/thesis_model_results/outputs/mtlsh_embeddability_tradeoff/MTLSH__mse__minmax__seed42__model_head_sizes32__model_shared_sizes64/mtlsh_state_dict_best.pt
Epoch 081 | train_loss=8.2429e-04 | train_eval_loss=8.6817e-04 | val_loss=8.5363e-04 | | lr=1.00e-03
Epoch 082 | train_loss=8.3296e-04 | train_eval_loss=9.1430e-04 | val_loss=9.0566e-04 | | lr=1.00e-03
Epoch 083 | train_loss=8.0158e-04 | train_eval_loss=7.9011e-04 | val_loss=7.7134e-04 | | lr=1.00e-03
Saved best model to results/thesis_model_results/outputs/mtlsh_embeddability_tradeoff/MTLSH__mse__minmax__seed42__model_head_sizes32__model_shared_sizes64/mtlsh_state_dict_best.pt
Epoch 084 | train_loss=8.4084e-04 | train_eval_loss=7.8506e-04 | val_loss=7.6868e-04 | | lr=1.00e-03
Saved best model to results/thesis_model_results/outputs/mtlsh_embeddability_tradeoff/MTLSH__mse__minmax__seed42__model_head_sizes32__model_shared_sizes64/mtlsh_state_dict_best.pt
Epoch 085 | train_loss=7.9821e-04 | train_eval_loss=8.4850e-04 | val_loss=8.4462e-04 | | lr=1.00e-03
Epoch 086 | train_loss=8.0284e-04 | train_eval_loss=7.8854e-04 | val_loss=7.7052e-04 | | lr=1.00e-03
Epoch 087 | train_loss=7.8586e-04 | train_eval_loss=7.5501e-04 | val_loss=7.4251e-04 | | lr=1.00e-03
Saved best model to results/thesis_model_results/outputs/mtlsh_embeddability_tradeoff/MTLSH__mse__minmax__seed42__model_head_sizes32__model_shared_sizes64/mtlsh_state_dict_best.pt
Epoch 088 | train_loss=7.8438e-04 | train_eval_loss=8.0018e-04 | val_loss=7.7891e-04 | | lr=1.00e-03
Epoch 089 | train_loss=7.9857e-04 | train_eval_loss=8.4181e-04 | val_loss=8.3499e-04 | | lr=1.00e-03
Epoch 090 | train_loss=7.8892e-04 | train_eval_loss=8.4683e-04 | val_loss=8.3286e-04 | | lr=1.00e-03
Epoch 091 | train_loss=7.8101e-04 | train_eval_loss=7.5685e-04 | val_loss=7.4258e-04 | | lr=1.00e-03
Epoch 092 | train_loss=8.0514e-04 | train_eval_loss=7.4298e-04 | val_loss=7.2761e-04 | | lr=1.00e-03
Saved best model to results/thesis_model_results/outputs/mtlsh_embeddability_tradeoff/MTLSH__mse__minmax__seed42__model_head_sizes32__model_shared_sizes64/mtlsh_state_dict_best.pt
Epoch 093 | train_loss=7.4981e-04 | train_eval_loss=7.2129e-04 | val_loss=7.0883e-04 | | lr=1.00e-03
Saved best model to results/thesis_model_results/outputs/mtlsh_embeddability_tradeoff/MTLSH__mse__minmax__seed42__model_head_sizes32__model_shared_sizes64/mtlsh_state_dict_best.pt
Epoch 094 | train_loss=7.4109e-04 | train_eval_loss=7.1786e-04 | val_loss=7.0562e-04 | | lr=1.00e-03
Saved best model to results/thesis_model_results/outputs/mtlsh_embeddability_tradeoff/MTLSH__mse__minmax__seed42__model_head_sizes32__model_shared_sizes64/mtlsh_state_dict_best.pt
Epoch 095 | train_loss=7.3697e-04 | train_eval_loss=7.1857e-04 | val_loss=6.9862e-04 | | lr=1.00e-03
Saved best model to results/thesis_model_results/outputs/mtlsh_embeddability_tradeoff/MTLSH__mse__minmax__seed42__model_head_sizes32__model_shared_sizes64/mtlsh_state_dict_best.pt
Epoch 096 | train_loss=7.1838e-04 | train_eval_loss=7.2249e-04 | val_loss=7.0650e-04 | | lr=1.00e-03
Epoch 097 | train_loss=7.2285e-04 | train_eval_loss=6.7486e-04 | val_loss=6.6123e-04 | | lr=1.00e-03
Saved best model to results/thesis_model_results/outputs/mtlsh_embeddability_tradeoff/MTLSH__mse__minmax__seed42__model_head_sizes32__model_shared_sizes64/mtlsh_state_dict_best.pt
Epoch 098 | train_loss=7.3516e-04 | train_eval_loss=7.6024e-04 | val_loss=7.4987e-04 | | lr=1.00e-03
Epoch 099 | train_loss=7.0207e-04 | train_eval_loss=6.8392e-04 | val_loss=6.7865e-04 | | lr=1.00e-03
Epoch 100 | train_loss=7.0431e-04 | train_eval_loss=8.2782e-04 | val_loss=8.2726e-04 | | lr=1.00e-03
Epoch 101 | train_loss=7.1911e-04 | train_eval_loss=7.3557e-04 | val_loss=7.2412e-04 | | lr=1.00e-03
Epoch 102 | train_loss=6.8883e-04 | train_eval_loss=6.9942e-04 | val_loss=6.8924e-04 | | lr=1.00e-03
Epoch 103 | train_loss=6.7967e-04 | train_eval_loss=6.7492e-04 | val_loss=6.4867e-04 | | lr=1.00e-03
Saved best model to results/thesis_model_results/outputs/mtlsh_embeddability_tradeoff/MTLSH__mse__minmax__seed42__model_head_sizes32__model_shared_sizes64/mtlsh_state_dict_best.pt
Epoch 104 | train_loss=6.6320e-04 | train_eval_loss=7.3129e-04 | val_loss=7.2348e-04 | | lr=1.00e-03
Epoch 105 | train_loss=6.8563e-04 | train_eval_loss=6.4614e-04 | val_loss=6.3666e-04 | | lr=1.00e-03
Saved best model to results/thesis_model_results/outputs/mtlsh_embeddability_tradeoff/MTLSH__mse__minmax__seed42__model_head_sizes32__model_shared_sizes64/mtlsh_state_dict_best.pt
Epoch 106 | train_loss=6.7602e-04 | train_eval_loss=8.0252e-04 | val_loss=7.8548e-04 | | lr=1.00e-03
Epoch 107 | train_loss=6.7314e-04 | train_eval_loss=6.4366e-04 | val_loss=6.3469e-04 | | lr=1.00e-03
Saved best model to results/thesis_model_results/outputs/mtlsh_embeddability_tradeoff/MTLSH__mse__minmax__seed42__model_head_sizes32__model_shared_sizes64/mtlsh_state_dict_best.pt
Epoch 108 | train_loss=6.4950e-04 | train_eval_loss=6.6298e-04 | val_loss=6.4770e-04 | | lr=1.00e-03
Epoch 109 | train_loss=6.5428e-04 | train_eval_loss=6.5905e-04 | val_loss=6.4062e-04 | | lr=1.00e-03
Epoch 110 | train_loss=6.4475e-04 | train_eval_loss=6.4079e-04 | val_loss=6.2353e-04 | | lr=1.00e-03
Saved best model to results/thesis_model_results/outputs/mtlsh_embeddability_tradeoff/MTLSH__mse__minmax__seed42__model_head_sizes32__model_shared_sizes64/mtlsh_state_dict_best.pt
Epoch 111 | train_loss=6.3574e-04 | train_eval_loss=6.2621e-04 | val_loss=6.1815e-04 | | lr=1.00e-03
Saved best model to results/thesis_model_results/outputs/mtlsh_embeddability_tradeoff/MTLSH__mse__minmax__seed42__model_head_sizes32__model_shared_sizes64/mtlsh_state_dict_best.pt
Epoch 112 | train_loss=6.4278e-04 | train_eval_loss=6.5216e-04 | val_loss=6.3764e-04 | | lr=1.00e-03
Epoch 113 | train_loss=6.5498e-04 | train_eval_loss=6.7228e-04 | val_loss=6.5523e-04 | | lr=1.00e-03
Epoch 114 | train_loss=6.5148e-04 | train_eval_loss=6.1851e-04 | val_loss=6.0859e-04 | | lr=1.00e-03
Saved best model to results/thesis_model_results/outputs/mtlsh_embeddability_tradeoff/MTLSH__mse__minmax__seed42__model_head_sizes32__model_shared_sizes64/mtlsh_state_dict_best.pt
Epoch 115 | train_loss=6.4793e-04 | train_eval_loss=6.0623e-04 | val_loss=5.9320e-04 | | lr=1.00e-03
Saved best model to results/thesis_model_results/outputs/mtlsh_embeddability_tradeoff/MTLSH__mse__minmax__seed42__model_head_sizes32__model_shared_sizes64/mtlsh_state_dict_best.pt
Epoch 116 | train_loss=6.1773e-04 | train_eval_loss=6.5684e-04 | val_loss=6.5740e-04 | | lr=1.00e-03
Epoch 117 | train_loss=6.2280e-04 | train_eval_loss=6.1388e-04 | val_loss=6.0017e-04 | | lr=1.00e-03
Epoch 118 | train_loss=6.1531e-04 | train_eval_loss=6.2402e-04 | val_loss=6.1558e-04 | | lr=1.00e-03
Epoch 119 | train_loss=6.2232e-04 | train_eval_loss=6.0633e-04 | val_loss=5.9507e-04 | | lr=1.00e-03
Epoch 120 | train_loss=6.1094e-04 | train_eval_loss=6.1056e-04 | val_loss=6.0821e-04 | | lr=1.00e-03
Epoch 121 | train_loss=6.1557e-04 | train_eval_loss=6.2013e-04 | val_loss=6.0648e-04 | | lr=1.00e-03
Epoch 122 | train_loss=6.2016e-04 | train_eval_loss=6.3206e-04 | val_loss=6.1494e-04 | | lr=1.00e-03
Epoch 123 | train_loss=5.9639e-04 | train_eval_loss=6.5340e-04 | val_loss=6.4075e-04 | | lr=1.00e-03
Epoch 124 | train_loss=6.1930e-04 | train_eval_loss=7.7037e-04 | val_loss=7.6436e-04 | | lr=1.00e-03
Epoch 125 | train_loss=5.8193e-04 | train_eval_loss=5.4141e-04 | val_loss=5.3341e-04 | | lr=5.00e-04
Saved best model to results/thesis_model_results/outputs/mtlsh_embeddability_tradeoff/MTLSH__mse__minmax__seed42__model_head_sizes32__model_shared_sizes64/mtlsh_state_dict_best.pt
Epoch 126 | train_loss=5.5567e-04 | train_eval_loss=5.6757e-04 | val_loss=5.5808e-04 | | lr=5.00e-04
Epoch 127 | train_loss=5.5527e-04 | train_eval_loss=5.4624e-04 | val_loss=5.3652e-04 | | lr=5.00e-04
Epoch 128 | train_loss=5.5291e-04 | train_eval_loss=5.6476e-04 | val_loss=5.6435e-04 | | lr=5.00e-04
Epoch 129 | train_loss=5.6559e-04 | train_eval_loss=5.6853e-04 | val_loss=5.5929e-04 | | lr=5.00e-04
Epoch 130 | train_loss=5.5584e-04 | train_eval_loss=5.3421e-04 | val_loss=5.2937e-04 | | lr=5.00e-04
Saved best model to results/thesis_model_results/outputs/mtlsh_embeddability_tradeoff/MTLSH__mse__minmax__seed42__model_head_sizes32__model_shared_sizes64/mtlsh_state_dict_best.pt
Epoch 131 | train_loss=5.5185e-04 | train_eval_loss=5.4539e-04 | val_loss=5.3983e-04 | | lr=5.00e-04
Epoch 132 | train_loss=5.5538e-04 | train_eval_loss=5.4202e-04 | val_loss=5.3501e-04 | | lr=5.00e-04
Epoch 133 | train_loss=5.5196e-04 | train_eval_loss=5.6715e-04 | val_loss=5.5619e-04 | | lr=5.00e-04
Epoch 134 | train_loss=5.5426e-04 | train_eval_loss=5.6173e-04 | val_loss=5.5793e-04 | | lr=5.00e-04
Epoch 135 | train_loss=5.5879e-04 | train_eval_loss=6.0905e-04 | val_loss=5.9807e-04 | | lr=5.00e-04
Epoch 136 | train_loss=5.5840e-04 | train_eval_loss=5.8275e-04 | val_loss=5.7819e-04 | | lr=5.00e-04
Epoch 137 | train_loss=5.4453e-04 | train_eval_loss=5.4480e-04 | val_loss=5.4201e-04 | | lr=5.00e-04
Epoch 138 | train_loss=5.5846e-04 | train_eval_loss=5.4521e-04 | val_loss=5.3863e-04 | | lr=5.00e-04
Epoch 139 | train_loss=5.4420e-04 | train_eval_loss=5.5374e-04 | val_loss=5.4178e-04 | | lr=5.00e-04
Epoch 140 | train_loss=5.2155e-04 | train_eval_loss=5.2250e-04 | val_loss=5.1493e-04 | | lr=2.50e-04
Saved best model to results/thesis_model_results/outputs/mtlsh_embeddability_tradeoff/MTLSH__mse__minmax__seed42__model_head_sizes32__model_shared_sizes64/mtlsh_state_dict_best.pt
Epoch 141 | train_loss=5.2437e-04 | train_eval_loss=5.1848e-04 | val_loss=5.1416e-04 | | lr=2.50e-04
Saved best model to results/thesis_model_results/outputs/mtlsh_embeddability_tradeoff/MTLSH__mse__minmax__seed42__model_head_sizes32__model_shared_sizes64/mtlsh_state_dict_best.pt
Epoch 142 | train_loss=5.2247e-04 | train_eval_loss=5.1849e-04 | val_loss=5.1304e-04 | | lr=2.50e-04
Saved best model to results/thesis_model_results/outputs/mtlsh_embeddability_tradeoff/MTLSH__mse__minmax__seed42__model_head_sizes32__model_shared_sizes64/mtlsh_state_dict_best.pt
Epoch 143 | train_loss=5.2425e-04 | train_eval_loss=5.2215e-04 | val_loss=5.1797e-04 | | lr=2.50e-04
Epoch 144 | train_loss=5.2160e-04 | train_eval_loss=5.1378e-04 | val_loss=5.1103e-04 | | lr=2.50e-04
Saved best model to results/thesis_model_results/outputs/mtlsh_embeddability_tradeoff/MTLSH__mse__minmax__seed42__model_head_sizes32__model_shared_sizes64/mtlsh_state_dict_best.pt
Epoch 145 | train_loss=5.2279e-04 | train_eval_loss=5.2455e-04 | val_loss=5.1924e-04 | | lr=2.50e-04
Epoch 146 | train_loss=5.1964e-04 | train_eval_loss=5.1972e-04 | val_loss=5.1310e-04 | | lr=2.50e-04
Epoch 147 | train_loss=5.2459e-04 | train_eval_loss=5.2041e-04 | val_loss=5.1351e-04 | | lr=2.50e-04
Epoch 148 | train_loss=5.1605e-04 | train_eval_loss=5.1288e-04 | val_loss=5.1006e-04 | | lr=2.50e-04
Saved best model to results/thesis_model_results/outputs/mtlsh_embeddability_tradeoff/MTLSH__mse__minmax__seed42__model_head_sizes32__model_shared_sizes64/mtlsh_state_dict_best.pt
Epoch 149 | train_loss=5.1601e-04 | train_eval_loss=5.1413e-04 | val_loss=5.0984e-04 | | lr=2.50e-04
Saved best model to results/thesis_model_results/outputs/mtlsh_embeddability_tradeoff/MTLSH__mse__minmax__seed42__model_head_sizes32__model_shared_sizes64/mtlsh_state_dict_best.pt
Epoch 150 | train_loss=5.2007e-04 | train_eval_loss=5.4388e-04 | val_loss=5.3926e-04 | | lr=2.50e-04
Epoch 151 | train_loss=5.2085e-04 | train_eval_loss=5.2786e-04 | val_loss=5.2287e-04 | | lr=2.50e-04
Epoch 152 | train_loss=5.2024e-04 | train_eval_loss=5.1325e-04 | val_loss=5.0904e-04 | | lr=2.50e-04
Saved best model to results/thesis_model_results/outputs/mtlsh_embeddability_tradeoff/MTLSH__mse__minmax__seed42__model_head_sizes32__model_shared_sizes64/mtlsh_state_dict_best.pt
Epoch 153 | train_loss=5.1583e-04 | train_eval_loss=5.3469e-04 | val_loss=5.3273e-04 | | lr=2.50e-04
Epoch 154 | train_loss=5.2393e-04 | train_eval_loss=5.4463e-04 | val_loss=5.4497e-04 | | lr=2.50e-04
Epoch 155 | train_loss=5.1891e-04 | train_eval_loss=5.1464e-04 | val_loss=5.0997e-04 | | lr=2.50e-04
Epoch 156 | train_loss=5.1379e-04 | train_eval_loss=5.2023e-04 | val_loss=5.1926e-04 | | lr=2.50e-04
Epoch 157 | train_loss=5.1995e-04 | train_eval_loss=5.2489e-04 | val_loss=5.2423e-04 | | lr=2.50e-04
Epoch 158 | train_loss=5.1668e-04 | train_eval_loss=5.1858e-04 | val_loss=5.1715e-04 | | lr=2.50e-04
Epoch 159 | train_loss=5.1568e-04 | train_eval_loss=5.1152e-04 | val_loss=5.0873e-04 | | lr=2.50e-04
Saved best model to results/thesis_model_results/outputs/mtlsh_embeddability_tradeoff/MTLSH__mse__minmax__seed42__model_head_sizes32__model_shared_sizes64/mtlsh_state_dict_best.pt
Epoch 160 | train_loss=5.1436e-04 | train_eval_loss=5.1865e-04 | val_loss=5.1749e-04 | | lr=2.50e-04
Epoch 161 | train_loss=5.1130e-04 | train_eval_loss=5.0651e-04 | val_loss=5.0399e-04 | | lr=2.50e-04
Saved best model to results/thesis_model_results/outputs/mtlsh_embeddability_tradeoff/MTLSH__mse__minmax__seed42__model_head_sizes32__model_shared_sizes64/mtlsh_state_dict_best.pt
Epoch 162 | train_loss=5.1416e-04 | train_eval_loss=5.0374e-04 | val_loss=5.0028e-04 | | lr=2.50e-04
Saved best model to results/thesis_model_results/outputs/mtlsh_embeddability_tradeoff/MTLSH__mse__minmax__seed42__model_head_sizes32__model_shared_sizes64/mtlsh_state_dict_best.pt
Epoch 163 | train_loss=5.1076e-04 | train_eval_loss=5.0518e-04 | val_loss=5.0079e-04 | | lr=2.50e-04
Epoch 164 | train_loss=5.0853e-04 | train_eval_loss=5.2294e-04 | val_loss=5.2112e-04 | | lr=2.50e-04
Epoch 165 | train_loss=5.1272e-04 | train_eval_loss=4.9804e-04 | val_loss=4.9686e-04 | | lr=2.50e-04
Saved best model to results/thesis_model_results/outputs/mtlsh_embeddability_tradeoff/MTLSH__mse__minmax__seed42__model_head_sizes32__model_shared_sizes64/mtlsh_state_dict_best.pt
Epoch 166 | train_loss=5.0717e-04 | train_eval_loss=5.1620e-04 | val_loss=5.1120e-04 | | lr=2.50e-04
Epoch 167 | train_loss=5.0823e-04 | train_eval_loss=5.0344e-04 | val_loss=5.0082e-04 | | lr=2.50e-04
Epoch 168 | train_loss=5.0558e-04 | train_eval_loss=5.0373e-04 | val_loss=5.0377e-04 | | lr=2.50e-04
Epoch 169 | train_loss=5.0563e-04 | train_eval_loss=4.9930e-04 | val_loss=4.9700e-04 | | lr=2.50e-04
Epoch 170 | train_loss=5.0701e-04 | train_eval_loss=5.2642e-04 | val_loss=5.2637e-04 | | lr=2.50e-04
Epoch 171 | train_loss=5.0404e-04 | train_eval_loss=5.2321e-04 | val_loss=5.1997e-04 | | lr=2.50e-04
Epoch 172 | train_loss=5.0446e-04 | train_eval_loss=4.9031e-04 | val_loss=4.8935e-04 | | lr=2.50e-04
Saved best model to results/thesis_model_results/outputs/mtlsh_embeddability_tradeoff/MTLSH__mse__minmax__seed42__model_head_sizes32__model_shared_sizes64/mtlsh_state_dict_best.pt
Epoch 173 | train_loss=5.0788e-04 | train_eval_loss=4.9635e-04 | val_loss=4.9445e-04 | | lr=2.50e-04
Epoch 174 | train_loss=5.0130e-04 | train_eval_loss=5.1112e-04 | val_loss=5.0878e-04 | | lr=2.50e-04
Epoch 175 | train_loss=5.0421e-04 | train_eval_loss=4.9702e-04 | val_loss=4.9658e-04 | | lr=2.50e-04
Epoch 176 | train_loss=5.0209e-04 | train_eval_loss=4.9065e-04 | val_loss=4.8748e-04 | | lr=2.50e-04
Saved best model to results/thesis_model_results/outputs/mtlsh_embeddability_tradeoff/MTLSH__mse__minmax__seed42__model_head_sizes32__model_shared_sizes64/mtlsh_state_dict_best.pt
Epoch 177 | train_loss=4.9795e-04 | train_eval_loss=4.9012e-04 | val_loss=4.8923e-04 | | lr=2.50e-04
Epoch 178 | train_loss=4.9909e-04 | train_eval_loss=4.9286e-04 | val_loss=4.9253e-04 | | lr=2.50e-04
Epoch 179 | train_loss=5.0348e-04 | train_eval_loss=4.9352e-04 | val_loss=4.9110e-04 | | lr=2.50e-04
Epoch 180 | train_loss=5.0015e-04 | train_eval_loss=4.9293e-04 | val_loss=4.9387e-04 | | lr=2.50e-04
Epoch 181 | train_loss=5.0152e-04 | train_eval_loss=5.0505e-04 | val_loss=5.0386e-04 | | lr=2.50e-04
Epoch 182 | train_loss=4.9342e-04 | train_eval_loss=5.0126e-04 | val_loss=5.0007e-04 | | lr=2.50e-04
Epoch 183 | train_loss=5.0009e-04 | train_eval_loss=5.0738e-04 | val_loss=5.0505e-04 | | lr=2.50e-04
Epoch 184 | train_loss=4.9694e-04 | train_eval_loss=5.0180e-04 | val_loss=5.0423e-04 | | lr=2.50e-04
Epoch 185 | train_loss=4.9948e-04 | train_eval_loss=5.0514e-04 | val_loss=5.0452e-04 | | lr=2.50e-04
Epoch 186 | train_loss=4.8456e-04 | train_eval_loss=4.8400e-04 | val_loss=4.8534e-04 | | lr=1.25e-04
Saved best model to results/thesis_model_results/outputs/mtlsh_embeddability_tradeoff/MTLSH__mse__minmax__seed42__model_head_sizes32__model_shared_sizes64/mtlsh_state_dict_best.pt
Epoch 187 | train_loss=4.8301e-04 | train_eval_loss=4.8160e-04 | val_loss=4.7984e-04 | | lr=1.25e-04
Saved best model to results/thesis_model_results/outputs/mtlsh_embeddability_tradeoff/MTLSH__mse__minmax__seed42__model_head_sizes32__model_shared_sizes64/mtlsh_state_dict_best.pt
Epoch 188 | train_loss=4.8178e-04 | train_eval_loss=4.8087e-04 | val_loss=4.8253e-04 | | lr=1.25e-04
Epoch 189 | train_loss=4.8017e-04 | train_eval_loss=4.8477e-04 | val_loss=4.8452e-04 | | lr=1.25e-04
Epoch 190 | train_loss=4.8223e-04 | train_eval_loss=4.7479e-04 | val_loss=4.7453e-04 | | lr=1.25e-04
Saved best model to results/thesis_model_results/outputs/mtlsh_embeddability_tradeoff/MTLSH__mse__minmax__seed42__model_head_sizes32__model_shared_sizes64/mtlsh_state_dict_best.pt
Epoch 191 | train_loss=4.7886e-04 | train_eval_loss=4.7941e-04 | val_loss=4.8183e-04 | | lr=1.25e-04
Epoch 192 | train_loss=4.7963e-04 | train_eval_loss=4.8640e-04 | val_loss=4.8596e-04 | | lr=1.25e-04
Epoch 193 | train_loss=4.8114e-04 | train_eval_loss=4.8382e-04 | val_loss=4.8537e-04 | | lr=1.25e-04
Epoch 194 | train_loss=4.8314e-04 | train_eval_loss=4.7731e-04 | val_loss=4.7838e-04 | | lr=1.25e-04
Epoch 195 | train_loss=4.7960e-04 | train_eval_loss=4.7544e-04 | val_loss=4.7597e-04 | | lr=1.25e-04
Epoch 196 | train_loss=4.7854e-04 | train_eval_loss=4.8385e-04 | val_loss=4.8425e-04 | | lr=1.25e-04
Epoch 197 | train_loss=4.7960e-04 | train_eval_loss=4.8289e-04 | val_loss=4.8346e-04 | | lr=1.25e-04
Epoch 198 | train_loss=4.7833e-04 | train_eval_loss=4.7994e-04 | val_loss=4.8140e-04 | | lr=1.25e-04
Epoch 199 | train_loss=4.7659e-04 | train_eval_loss=4.7556e-04 | val_loss=4.7636e-04 | | lr=1.25e-04
Epoch 200 | train_loss=4.7335e-04 | train_eval_loss=4.6821e-04 | val_loss=4.7035e-04 | | lr=6.25e-05
Saved best model to results/thesis_model_results/outputs/mtlsh_embeddability_tradeoff/MTLSH__mse__minmax__seed42__model_head_sizes32__model_shared_sizes64/mtlsh_state_dict_best.pt
Saved training logs to results/thesis_model_results/outputs/mtlsh_embeddability_tradeoff/MTLSH__mse__minmax__seed42__model_head_sizes32__model_shared_sizes64/training_summary.txt
Test RMSE(rocof_COI) = 0.0156 | norm: 0.0118 | real_diff: 0.0111
Test RMSE(dev_COI) = 0.0245 | norm: 0.0091 | real_diff: 0.0130
Test RMSE(Delta_P_IBR_1) = 0.1311 | norm: 0.0207 | real_diff: 0.0908
Test RMSE(Delta_P_IBR_2) = 0.1262 | norm: 0.0176 | real_diff: 0.0757
Test RMSE(Delta_P_IBR_3) = 0.2157 | norm: 0.0379 | real_diff: 0.1310
Test RMSE(Delta_P_IBR_4) = 0.2130 | norm: 0.0220 | real_diff: 0.1337
Saved RMSE results to results/thesis_model_results/outputs/mtlsh_embeddability_tradeoff/MTLSH__mse__minmax__seed42__model_head_sizes32__model_shared_sizes64/rmse_results.txt
Saved detailed metrics to results/thesis_model_results/outputs/mtlsh_embeddability_tradeoff/MTLSH__mse__minmax__seed42__model_head_sizes32__model_shared_sizes64/metrics_by_target.csv
Saved aggregate metrics to results/thesis_model_results/outputs/mtlsh_embeddability_tradeoff/MTLSH__mse__minmax__seed42__model_head_sizes32__model_shared_sizes64/metrics_summary.json
Saved loss curves to results/thesis_model_results/outputs/mtlsh_embeddability_tradeoff/MTLSH__mse__minmax__seed42__model_head_sizes32__model_shared_sizes64/loss_curve.png
Saved scatter plot results/thesis_model_results/outputs/mtlsh_embeddability_tradeoff/MTLSH__mse__minmax__seed42__model_head_sizes32__model_shared_sizes64/scatter_rocof_COI.png
Saved scatter plot results/thesis_model_results/outputs/mtlsh_embeddability_tradeoff/MTLSH__mse__minmax__seed42__model_head_sizes32__model_shared_sizes64/scatter_dev_COI.png
Saved scatter plot results/thesis_model_results/outputs/mtlsh_embeddability_tradeoff/MTLSH__mse__minmax__seed42__model_head_sizes32__model_shared_sizes64/scatter_Delta_P_IBR_1.png
Saved scatter plot results/thesis_model_results/outputs/mtlsh_embeddability_tradeoff/MTLSH__mse__minmax__seed42__model_head_sizes32__model_shared_sizes64/scatter_Delta_P_IBR_2.png
Saved scatter plot results/thesis_model_results/outputs/mtlsh_embeddability_tradeoff/MTLSH__mse__minmax__seed42__model_head_sizes32__model_shared_sizes64/scatter_Delta_P_IBR_3.png
Saved scatter plot results/thesis_model_results/outputs/mtlsh_embeddability_tradeoff/MTLSH__mse__minmax__seed42__model_head_sizes32__model_shared_sizes64/scatter_Delta_P_IBR_4.png
Saved model to results/thesis_model_results/outputs/mtlsh_embeddability_tradeoff/MTLSH__mse__minmax__seed42__model_head_sizes32__model_shared_sizes64/mtlsh_state_dict.pt
Loss type: mse | weights=[]
Target stats (scaled):
train mean=[0.549  0.589  0.492  0.4884 0.4785 0.4192]
train std=[0.1365 0.1371 0.1141 0.1063 0.1158 0.1138]
train q05=[0.3074 0.3979 0.3192 0.303  0.3347 0.2205]
train q95=[0.7933 0.8652 0.6719 0.6491 0.6927 0.6016]
val mean=[0.5473 0.5873 0.4922 0.4893 0.4798 0.4201]
val std=[0.1343 0.1348 0.1123 0.1072 0.1141 0.1112]
val q05=[0.3103 0.3982 0.3195 0.303  0.3376 0.2251]
val q95=[0.7886 0.8626 0.6731 0.6514 0.6918 0.5984]
val/train std ratio=[0.984  0.9828 0.9844 1.0084 0.9848 0.9772]
LR scheduler: ReduceLROnPlateau (factor=0.5, patience=8, min_lr=1e-07)
Epoch 001 | train_loss=2.9267e-02 | train_eval_loss=1.2805e-02 | val_loss=1.2471e-02 | | lr=1.00e-03
Saved best model to results/thesis_model_results/outputs/mtlsh_embeddability_tradeoff/MTLSH__mse__minmax__seed42__model_head_sizes64__model_shared_sizes64/mtlsh_state_dict_best.pt
Epoch 002 | train_loss=8.8324e-03 | train_eval_loss=3.9061e-03 | val_loss=3.8443e-03 | | lr=1.00e-03
Saved best model to results/thesis_model_results/outputs/mtlsh_embeddability_tradeoff/MTLSH__mse__minmax__seed42__model_head_sizes64__model_shared_sizes64/mtlsh_state_dict_best.pt
Epoch 003 | train_loss=3.2514e-03 | train_eval_loss=2.9445e-03 | val_loss=2.9032e-03 | | lr=1.00e-03
Saved best model to results/thesis_model_results/outputs/mtlsh_embeddability_tradeoff/MTLSH__mse__minmax__seed42__model_head_sizes64__model_shared_sizes64/mtlsh_state_dict_best.pt
Epoch 004 | train_loss=2.6391e-03 | train_eval_loss=2.3754e-03 | val_loss=2.3321e-03 | | lr=1.00e-03
Saved best model to results/thesis_model_results/outputs/mtlsh_embeddability_tradeoff/MTLSH__mse__minmax__seed42__model_head_sizes64__model_shared_sizes64/mtlsh_state_dict_best.pt
Epoch 005 | train_loss=2.2299e-03 | train_eval_loss=2.0374e-03 | val_loss=1.9949e-03 | | lr=1.00e-03
Saved best model to results/thesis_model_results/outputs/mtlsh_embeddability_tradeoff/MTLSH__mse__minmax__seed42__model_head_sizes64__model_shared_sizes64/mtlsh_state_dict_best.pt
Epoch 006 | train_loss=2.0407e-03 | train_eval_loss=2.0290e-03 | val_loss=1.9835e-03 | | lr=1.00e-03
Saved best model to results/thesis_model_results/outputs/mtlsh_embeddability_tradeoff/MTLSH__mse__minmax__seed42__model_head_sizes64__model_shared_sizes64/mtlsh_state_dict_best.pt
Epoch 007 | train_loss=1.8752e-03 | train_eval_loss=1.7930e-03 | val_loss=1.7611e-03 | | lr=1.00e-03
Saved best model to results/thesis_model_results/outputs/mtlsh_embeddability_tradeoff/MTLSH__mse__minmax__seed42__model_head_sizes64__model_shared_sizes64/mtlsh_state_dict_best.pt
Epoch 008 | train_loss=1.7806e-03 | train_eval_loss=1.7186e-03 | val_loss=1.6839e-03 | | lr=1.00e-03
Saved best model to results/thesis_model_results/outputs/mtlsh_embeddability_tradeoff/MTLSH__mse__minmax__seed42__model_head_sizes64__model_shared_sizes64/mtlsh_state_dict_best.pt
Epoch 009 | train_loss=1.7320e-03 | train_eval_loss=1.6667e-03 | val_loss=1.6360e-03 | | lr=1.00e-03
Saved best model to results/thesis_model_results/outputs/mtlsh_embeddability_tradeoff/MTLSH__mse__minmax__seed42__model_head_sizes64__model_shared_sizes64/mtlsh_state_dict_best.pt
Epoch 010 | train_loss=1.6473e-03 | train_eval_loss=1.6204e-03 | val_loss=1.5934e-03 | | lr=1.00e-03
Saved best model to results/thesis_model_results/outputs/mtlsh_embeddability_tradeoff/MTLSH__mse__minmax__seed42__model_head_sizes64__model_shared_sizes64/mtlsh_state_dict_best.pt
Epoch 011 | train_loss=1.5951e-03 | train_eval_loss=1.5634e-03 | val_loss=1.5423e-03 | | lr=1.00e-03
Saved best model to results/thesis_model_results/outputs/mtlsh_embeddability_tradeoff/MTLSH__mse__minmax__seed42__model_head_sizes64__model_shared_sizes64/mtlsh_state_dict_best.pt
Epoch 012 | train_loss=1.5361e-03 | train_eval_loss=1.4973e-03 | val_loss=1.4747e-03 | | lr=1.00e-03
Saved best model to results/thesis_model_results/outputs/mtlsh_embeddability_tradeoff/MTLSH__mse__minmax__seed42__model_head_sizes64__model_shared_sizes64/mtlsh_state_dict_best.pt
Epoch 013 | train_loss=1.5029e-03 | train_eval_loss=1.5162e-03 | val_loss=1.4963e-03 | | lr=1.00e-03
Epoch 014 | train_loss=1.4724e-03 | train_eval_loss=1.4806e-03 | val_loss=1.4638e-03 | | lr=1.00e-03
Saved best model to results/thesis_model_results/outputs/mtlsh_embeddability_tradeoff/MTLSH__mse__minmax__seed42__model_head_sizes64__model_shared_sizes64/mtlsh_state_dict_best.pt
Epoch 015 | train_loss=1.4582e-03 | train_eval_loss=1.4295e-03 | val_loss=1.4107e-03 | | lr=1.00e-03
Saved best model to results/thesis_model_results/outputs/mtlsh_embeddability_tradeoff/MTLSH__mse__minmax__seed42__model_head_sizes64__model_shared_sizes64/mtlsh_state_dict_best.pt
Epoch 016 | train_loss=1.3958e-03 | train_eval_loss=1.3369e-03 | val_loss=1.3153e-03 | | lr=1.00e-03
Saved best model to results/thesis_model_results/outputs/mtlsh_embeddability_tradeoff/MTLSH__mse__minmax__seed42__model_head_sizes64__model_shared_sizes64/mtlsh_state_dict_best.pt
Epoch 017 | train_loss=1.3744e-03 | train_eval_loss=1.3883e-03 | val_loss=1.3693e-03 | | lr=1.00e-03
Epoch 018 | train_loss=1.3583e-03 | train_eval_loss=1.3538e-03 | val_loss=1.3430e-03 | | lr=1.00e-03
Epoch 019 | train_loss=1.3126e-03 | train_eval_loss=1.3162e-03 | val_loss=1.3021e-03 | | lr=1.00e-03
Saved best model to results/thesis_model_results/outputs/mtlsh_embeddability_tradeoff/MTLSH__mse__minmax__seed42__model_head_sizes64__model_shared_sizes64/mtlsh_state_dict_best.pt
Epoch 020 | train_loss=1.2743e-03 | train_eval_loss=1.2503e-03 | val_loss=1.2362e-03 | | lr=1.00e-03
Saved best model to results/thesis_model_results/outputs/mtlsh_embeddability_tradeoff/MTLSH__mse__minmax__seed42__model_head_sizes64__model_shared_sizes64/mtlsh_state_dict_best.pt
Epoch 021 | train_loss=1.2635e-03 | train_eval_loss=1.2650e-03 | val_loss=1.2506e-03 | | lr=1.00e-03
Epoch 022 | train_loss=1.2414e-03 | train_eval_loss=1.1837e-03 | val_loss=1.1750e-03 | | lr=1.00e-03
Saved best model to results/thesis_model_results/outputs/mtlsh_embeddability_tradeoff/MTLSH__mse__minmax__seed42__model_head_sizes64__model_shared_sizes64/mtlsh_state_dict_best.pt
Epoch 023 | train_loss=1.2076e-03 | train_eval_loss=1.1566e-03 | val_loss=1.1497e-03 | | lr=1.00e-03
Saved best model to results/thesis_model_results/outputs/mtlsh_embeddability_tradeoff/MTLSH__mse__minmax__seed42__model_head_sizes64__model_shared_sizes64/mtlsh_state_dict_best.pt
Epoch 024 | train_loss=1.1765e-03 | train_eval_loss=1.1326e-03 | val_loss=1.1192e-03 | | lr=1.00e-03
Saved best model to results/thesis_model_results/outputs/mtlsh_embeddability_tradeoff/MTLSH__mse__minmax__seed42__model_head_sizes64__model_shared_sizes64/mtlsh_state_dict_best.pt
Epoch 025 | train_loss=1.1464e-03 | train_eval_loss=1.1669e-03 | val_loss=1.1623e-03 | | lr=1.00e-03
Epoch 026 | train_loss=1.1685e-03 | train_eval_loss=1.1356e-03 | val_loss=1.1261e-03 | | lr=1.00e-03
Epoch 027 | train_loss=1.0923e-03 | train_eval_loss=1.0804e-03 | val_loss=1.0658e-03 | | lr=1.00e-03
Saved best model to results/thesis_model_results/outputs/mtlsh_embeddability_tradeoff/MTLSH__mse__minmax__seed42__model_head_sizes64__model_shared_sizes64/mtlsh_state_dict_best.pt
Epoch 028 | train_loss=1.0949e-03 | train_eval_loss=1.1556e-03 | val_loss=1.1551e-03 | | lr=1.00e-03
Epoch 029 | train_loss=1.0822e-03 | train_eval_loss=1.0643e-03 | val_loss=1.0615e-03 | | lr=1.00e-03
Saved best model to results/thesis_model_results/outputs/mtlsh_embeddability_tradeoff/MTLSH__mse__minmax__seed42__model_head_sizes64__model_shared_sizes64/mtlsh_state_dict_best.pt
Epoch 030 | train_loss=1.0267e-03 | train_eval_loss=1.1098e-03 | val_loss=1.0985e-03 | | lr=1.00e-03
Epoch 031 | train_loss=1.0010e-03 | train_eval_loss=9.6110e-04 | val_loss=9.6195e-04 | | lr=1.00e-03
Saved best model to results/thesis_model_results/outputs/mtlsh_embeddability_tradeoff/MTLSH__mse__minmax__seed42__model_head_sizes64__model_shared_sizes64/mtlsh_state_dict_best.pt
Epoch 032 | train_loss=9.8215e-04 | train_eval_loss=9.3584e-04 | val_loss=9.2943e-04 | | lr=1.00e-03
Saved best model to results/thesis_model_results/outputs/mtlsh_embeddability_tradeoff/MTLSH__mse__minmax__seed42__model_head_sizes64__model_shared_sizes64/mtlsh_state_dict_best.pt
Epoch 033 | train_loss=9.5631e-04 | train_eval_loss=9.9394e-04 | val_loss=1.0038e-03 | | lr=1.00e-03
Epoch 034 | train_loss=9.5611e-04 | train_eval_loss=9.7656e-04 | val_loss=9.7300e-04 | | lr=1.00e-03
Epoch 035 | train_loss=9.4630e-04 | train_eval_loss=8.9772e-04 | val_loss=8.9499e-04 | | lr=1.00e-03
Saved best model to results/thesis_model_results/outputs/mtlsh_embeddability_tradeoff/MTLSH__mse__minmax__seed42__model_head_sizes64__model_shared_sizes64/mtlsh_state_dict_best.pt
Epoch 036 | train_loss=9.1647e-04 | train_eval_loss=8.8413e-04 | val_loss=8.8330e-04 | | lr=1.00e-03
Saved best model to results/thesis_model_results/outputs/mtlsh_embeddability_tradeoff/MTLSH__mse__minmax__seed42__model_head_sizes64__model_shared_sizes64/mtlsh_state_dict_best.pt
Epoch 037 | train_loss=9.0012e-04 | train_eval_loss=9.0680e-04 | val_loss=9.0883e-04 | | lr=1.00e-03
Epoch 038 | train_loss=8.7995e-04 | train_eval_loss=8.4084e-04 | val_loss=8.4070e-04 | | lr=1.00e-03
Saved best model to results/thesis_model_results/outputs/mtlsh_embeddability_tradeoff/MTLSH__mse__minmax__seed42__model_head_sizes64__model_shared_sizes64/mtlsh_state_dict_best.pt
Epoch 039 | train_loss=8.7105e-04 | train_eval_loss=8.9096e-04 | val_loss=8.9164e-04 | | lr=1.00e-03
Epoch 040 | train_loss=8.4503e-04 | train_eval_loss=8.3223e-04 | val_loss=8.2887e-04 | | lr=1.00e-03
Saved best model to results/thesis_model_results/outputs/mtlsh_embeddability_tradeoff/MTLSH__mse__minmax__seed42__model_head_sizes64__model_shared_sizes64/mtlsh_state_dict_best.pt
Epoch 041 | train_loss=8.6965e-04 | train_eval_loss=8.3108e-04 | val_loss=8.2614e-04 | | lr=1.00e-03
Saved best model to results/thesis_model_results/outputs/mtlsh_embeddability_tradeoff/MTLSH__mse__minmax__seed42__model_head_sizes64__model_shared_sizes64/mtlsh_state_dict_best.pt
Epoch 042 | train_loss=8.1688e-04 | train_eval_loss=8.2571e-04 | val_loss=8.2702e-04 | | lr=1.00e-03
Epoch 043 | train_loss=8.1542e-04 | train_eval_loss=9.4771e-04 | val_loss=9.4625e-04 | | lr=1.00e-03
Epoch 044 | train_loss=8.3311e-04 | train_eval_loss=7.7523e-04 | val_loss=7.7308e-04 | | lr=1.00e-03
Saved best model to results/thesis_model_results/outputs/mtlsh_embeddability_tradeoff/MTLSH__mse__minmax__seed42__model_head_sizes64__model_shared_sizes64/mtlsh_state_dict_best.pt
Epoch 045 | train_loss=7.9609e-04 | train_eval_loss=7.8588e-04 | val_loss=7.8355e-04 | | lr=1.00e-03
Epoch 046 | train_loss=7.9267e-04 | train_eval_loss=9.7189e-04 | val_loss=9.8310e-04 | | lr=1.00e-03
Epoch 047 | train_loss=7.7943e-04 | train_eval_loss=8.1093e-04 | val_loss=7.9779e-04 | | lr=1.00e-03
Epoch 048 | train_loss=7.8812e-04 | train_eval_loss=7.6289e-04 | val_loss=7.6612e-04 | | lr=1.00e-03
Saved best model to results/thesis_model_results/outputs/mtlsh_embeddability_tradeoff/MTLSH__mse__minmax__seed42__model_head_sizes64__model_shared_sizes64/mtlsh_state_dict_best.pt
Epoch 049 | train_loss=7.8213e-04 | train_eval_loss=7.8860e-04 | val_loss=7.8205e-04 | | lr=1.00e-03
Epoch 050 | train_loss=7.6322e-04 | train_eval_loss=8.0663e-04 | val_loss=7.9905e-04 | | lr=1.00e-03
Epoch 051 | train_loss=7.7218e-04 | train_eval_loss=7.7270e-04 | val_loss=7.7979e-04 | | lr=1.00e-03
Epoch 052 | train_loss=7.4104e-04 | train_eval_loss=7.3901e-04 | val_loss=7.4718e-04 | | lr=1.00e-03
Saved best model to results/thesis_model_results/outputs/mtlsh_embeddability_tradeoff/MTLSH__mse__minmax__seed42__model_head_sizes64__model_shared_sizes64/mtlsh_state_dict_best.pt
Epoch 053 | train_loss=7.2700e-04 | train_eval_loss=8.4896e-04 | val_loss=8.5939e-04 | | lr=1.00e-03
Epoch 054 | train_loss=7.2994e-04 | train_eval_loss=7.2234e-04 | val_loss=7.1840e-04 | | lr=1.00e-03
Saved best model to results/thesis_model_results/outputs/mtlsh_embeddability_tradeoff/MTLSH__mse__minmax__seed42__model_head_sizes64__model_shared_sizes64/mtlsh_state_dict_best.pt
Epoch 055 | train_loss=7.1466e-04 | train_eval_loss=7.4375e-04 | val_loss=7.4397e-04 | | lr=1.00e-03
Epoch 056 | train_loss=7.1324e-04 | train_eval_loss=6.7998e-04 | val_loss=6.7802e-04 | | lr=1.00e-03
Saved best model to results/thesis_model_results/outputs/mtlsh_embeddability_tradeoff/MTLSH__mse__minmax__seed42__model_head_sizes64__model_shared_sizes64/mtlsh_state_dict_best.pt
Epoch 057 | train_loss=7.3261e-04 | train_eval_loss=7.1974e-04 | val_loss=7.2458e-04 | | lr=1.00e-03
Epoch 058 | train_loss=7.1098e-04 | train_eval_loss=7.2991e-04 | val_loss=7.3300e-04 | | lr=1.00e-03
Epoch 059 | train_loss=7.0808e-04 | train_eval_loss=7.4601e-04 | val_loss=7.4982e-04 | | lr=1.00e-03
Epoch 060 | train_loss=7.1078e-04 | train_eval_loss=7.0977e-04 | val_loss=7.1049e-04 | | lr=1.00e-03
Epoch 061 | train_loss=7.0591e-04 | train_eval_loss=7.9705e-04 | val_loss=7.9280e-04 | | lr=1.00e-03
Epoch 062 | train_loss=7.1136e-04 | train_eval_loss=6.9454e-04 | val_loss=6.8590e-04 | | lr=1.00e-03
Epoch 063 | train_loss=6.7182e-04 | train_eval_loss=7.1900e-04 | val_loss=7.2903e-04 | | lr=1.00e-03
Epoch 064 | train_loss=6.9767e-04 | train_eval_loss=7.6126e-04 | val_loss=7.5535e-04 | | lr=1.00e-03
Epoch 065 | train_loss=6.8605e-04 | train_eval_loss=7.0066e-04 | val_loss=6.9497e-04 | | lr=1.00e-03
Epoch 066 | train_loss=6.2707e-04 | train_eval_loss=6.3732e-04 | val_loss=6.3545e-04 | | lr=5.00e-04
Saved best model to results/thesis_model_results/outputs/mtlsh_embeddability_tradeoff/MTLSH__mse__minmax__seed42__model_head_sizes64__model_shared_sizes64/mtlsh_state_dict_best.pt
Epoch 067 | train_loss=6.2656e-04 | train_eval_loss=6.3013e-04 | val_loss=6.3265e-04 | | lr=5.00e-04
Saved best model to results/thesis_model_results/outputs/mtlsh_embeddability_tradeoff/MTLSH__mse__minmax__seed42__model_head_sizes64__model_shared_sizes64/mtlsh_state_dict_best.pt
Epoch 068 | train_loss=6.2378e-04 | train_eval_loss=6.2443e-04 | val_loss=6.2521e-04 | | lr=5.00e-04
Saved best model to results/thesis_model_results/outputs/mtlsh_embeddability_tradeoff/MTLSH__mse__minmax__seed42__model_head_sizes64__model_shared_sizes64/mtlsh_state_dict_best.pt
Epoch 069 | train_loss=6.2259e-04 | train_eval_loss=6.3231e-04 | val_loss=6.3346e-04 | | lr=5.00e-04
Epoch 070 | train_loss=6.1771e-04 | train_eval_loss=6.0121e-04 | val_loss=6.0709e-04 | | lr=5.00e-04
Saved best model to results/thesis_model_results/outputs/mtlsh_embeddability_tradeoff/MTLSH__mse__minmax__seed42__model_head_sizes64__model_shared_sizes64/mtlsh_state_dict_best.pt
Epoch 071 | train_loss=6.1062e-04 | train_eval_loss=5.9626e-04 | val_loss=5.9799e-04 | | lr=5.00e-04
Saved best model to results/thesis_model_results/outputs/mtlsh_embeddability_tradeoff/MTLSH__mse__minmax__seed42__model_head_sizes64__model_shared_sizes64/mtlsh_state_dict_best.pt
Epoch 072 | train_loss=6.2218e-04 | train_eval_loss=6.5760e-04 | val_loss=6.6615e-04 | | lr=5.00e-04
Epoch 073 | train_loss=6.1921e-04 | train_eval_loss=6.1790e-04 | val_loss=6.1712e-04 | | lr=5.00e-04
Epoch 074 | train_loss=6.1258e-04 | train_eval_loss=6.1988e-04 | val_loss=6.3003e-04 | | lr=5.00e-04
Epoch 075 | train_loss=6.1023e-04 | train_eval_loss=6.1105e-04 | val_loss=6.1236e-04 | | lr=5.00e-04
Epoch 076 | train_loss=6.0692e-04 | train_eval_loss=6.1319e-04 | val_loss=6.1898e-04 | | lr=5.00e-04
Epoch 077 | train_loss=6.0801e-04 | train_eval_loss=6.3914e-04 | val_loss=6.3583e-04 | | lr=5.00e-04
Epoch 078 | train_loss=6.0676e-04 | train_eval_loss=5.8654e-04 | val_loss=5.8753e-04 | | lr=5.00e-04
Saved best model to results/thesis_model_results/outputs/mtlsh_embeddability_tradeoff/MTLSH__mse__minmax__seed42__model_head_sizes64__model_shared_sizes64/mtlsh_state_dict_best.pt
Epoch 079 | train_loss=6.0835e-04 | train_eval_loss=5.9835e-04 | val_loss=5.9634e-04 | | lr=5.00e-04
Epoch 080 | train_loss=5.9696e-04 | train_eval_loss=5.8786e-04 | val_loss=5.9174e-04 | | lr=5.00e-04
Epoch 081 | train_loss=5.9584e-04 | train_eval_loss=5.9556e-04 | val_loss=6.0027e-04 | | lr=5.00e-04
Epoch 082 | train_loss=6.0883e-04 | train_eval_loss=6.0339e-04 | val_loss=6.0446e-04 | | lr=5.00e-04
Epoch 083 | train_loss=6.0098e-04 | train_eval_loss=6.3812e-04 | val_loss=6.4559e-04 | | lr=5.00e-04
Epoch 084 | train_loss=5.8748e-04 | train_eval_loss=6.1521e-04 | val_loss=6.1744e-04 | | lr=5.00e-04
Epoch 085 | train_loss=5.8450e-04 | train_eval_loss=6.1963e-04 | val_loss=6.2503e-04 | | lr=5.00e-04
Epoch 086 | train_loss=5.8896e-04 | train_eval_loss=6.0207e-04 | val_loss=6.0871e-04 | | lr=5.00e-04
Epoch 087 | train_loss=6.0430e-04 | train_eval_loss=5.6698e-04 | val_loss=5.7308e-04 | | lr=5.00e-04
Saved best model to results/thesis_model_results/outputs/mtlsh_embeddability_tradeoff/MTLSH__mse__minmax__seed42__model_head_sizes64__model_shared_sizes64/mtlsh_state_dict_best.pt
Epoch 088 | train_loss=5.8241e-04 | train_eval_loss=6.7662e-04 | val_loss=6.7495e-04 | | lr=5.00e-04
Epoch 089 | train_loss=5.8545e-04 | train_eval_loss=6.2192e-04 | val_loss=6.3331e-04 | | lr=5.00e-04
Epoch 090 | train_loss=5.8506e-04 | train_eval_loss=5.7265e-04 | val_loss=5.8359e-04 | | lr=5.00e-04
Epoch 091 | train_loss=5.7848e-04 | train_eval_loss=5.9101e-04 | val_loss=5.9573e-04 | | lr=5.00e-04
Epoch 092 | train_loss=5.7660e-04 | train_eval_loss=5.8093e-04 | val_loss=5.8532e-04 | | lr=5.00e-04
Epoch 093 | train_loss=5.7870e-04 | train_eval_loss=5.8892e-04 | val_loss=6.0042e-04 | | lr=5.00e-04
Epoch 094 | train_loss=5.8144e-04 | train_eval_loss=5.9502e-04 | val_loss=6.0370e-04 | | lr=5.00e-04
Epoch 095 | train_loss=5.7976e-04 | train_eval_loss=5.7110e-04 | val_loss=5.8050e-04 | | lr=5.00e-04
Epoch 096 | train_loss=5.7242e-04 | train_eval_loss=5.6997e-04 | val_loss=5.7728e-04 | | lr=5.00e-04
Epoch 097 | train_loss=5.4846e-04 | train_eval_loss=5.4222e-04 | val_loss=5.4903e-04 | | lr=2.50e-04
Saved best model to results/thesis_model_results/outputs/mtlsh_embeddability_tradeoff/MTLSH__mse__minmax__seed42__model_head_sizes64__model_shared_sizes64/mtlsh_state_dict_best.pt
Epoch 098 | train_loss=5.4267e-04 | train_eval_loss=5.6281e-04 | val_loss=5.7134e-04 | | lr=2.50e-04
Epoch 099 | train_loss=5.4125e-04 | train_eval_loss=5.3548e-04 | val_loss=5.4461e-04 | | lr=2.50e-04
Saved best model to results/thesis_model_results/outputs/mtlsh_embeddability_tradeoff/MTLSH__mse__minmax__seed42__model_head_sizes64__model_shared_sizes64/mtlsh_state_dict_best.pt
Epoch 100 | train_loss=5.4028e-04 | train_eval_loss=5.3973e-04 | val_loss=5.4967e-04 | | lr=2.50e-04
Epoch 101 | train_loss=5.3856e-04 | train_eval_loss=5.4868e-04 | val_loss=5.6204e-04 | | lr=2.50e-04
Epoch 102 | train_loss=5.4274e-04 | train_eval_loss=5.3984e-04 | val_loss=5.5155e-04 | | lr=2.50e-04
Epoch 103 | train_loss=5.3763e-04 | train_eval_loss=5.3340e-04 | val_loss=5.3874e-04 | | lr=2.50e-04
Saved best model to results/thesis_model_results/outputs/mtlsh_embeddability_tradeoff/MTLSH__mse__minmax__seed42__model_head_sizes64__model_shared_sizes64/mtlsh_state_dict_best.pt
Epoch 104 | train_loss=5.3493e-04 | train_eval_loss=5.3269e-04 | val_loss=5.3712e-04 | | lr=2.50e-04
Saved best model to results/thesis_model_results/outputs/mtlsh_embeddability_tradeoff/MTLSH__mse__minmax__seed42__model_head_sizes64__model_shared_sizes64/mtlsh_state_dict_best.pt
Epoch 105 | train_loss=5.4085e-04 | train_eval_loss=5.3428e-04 | val_loss=5.4351e-04 | | lr=2.50e-04
Epoch 106 | train_loss=5.3890e-04 | train_eval_loss=5.4233e-04 | val_loss=5.4570e-04 | | lr=2.50e-04
Epoch 107 | train_loss=5.3505e-04 | train_eval_loss=5.2656e-04 | val_loss=5.3334e-04 | | lr=2.50e-04
Saved best model to results/thesis_model_results/outputs/mtlsh_embeddability_tradeoff/MTLSH__mse__minmax__seed42__model_head_sizes64__model_shared_sizes64/mtlsh_state_dict_best.pt
Epoch 108 | train_loss=5.3442e-04 | train_eval_loss=5.2994e-04 | val_loss=5.3832e-04 | | lr=2.50e-04
Epoch 109 | train_loss=5.3451e-04 | train_eval_loss=5.5656e-04 | val_loss=5.7234e-04 | | lr=2.50e-04
Epoch 110 | train_loss=5.3319e-04 | train_eval_loss=5.5475e-04 | val_loss=5.6184e-04 | | lr=2.50e-04
Epoch 111 | train_loss=5.3576e-04 | train_eval_loss=5.2143e-04 | val_loss=5.2866e-04 | | lr=2.50e-04
Saved best model to results/thesis_model_results/outputs/mtlsh_embeddability_tradeoff/MTLSH__mse__minmax__seed42__model_head_sizes64__model_shared_sizes64/mtlsh_state_dict_best.pt
Epoch 112 | train_loss=5.2878e-04 | train_eval_loss=5.3789e-04 | val_loss=5.4885e-04 | | lr=2.50e-04
Epoch 113 | train_loss=5.3318e-04 | train_eval_loss=5.3552e-04 | val_loss=5.4707e-04 | | lr=2.50e-04
Epoch 114 | train_loss=5.2942e-04 | train_eval_loss=5.3486e-04 | val_loss=5.4325e-04 | | lr=2.50e-04
Epoch 115 | train_loss=5.2638e-04 | train_eval_loss=5.2054e-04 | val_loss=5.2888e-04 | | lr=2.50e-04
Epoch 116 | train_loss=5.2518e-04 | train_eval_loss=5.2969e-04 | val_loss=5.4099e-04 | | lr=2.50e-04
Epoch 117 | train_loss=5.2475e-04 | train_eval_loss=5.2343e-04 | val_loss=5.3300e-04 | | lr=2.50e-04
Epoch 118 | train_loss=5.2890e-04 | train_eval_loss=5.2400e-04 | val_loss=5.3777e-04 | | lr=2.50e-04
Epoch 119 | train_loss=5.2234e-04 | train_eval_loss=5.3741e-04 | val_loss=5.4153e-04 | | lr=2.50e-04
Epoch 120 | train_loss=5.2938e-04 | train_eval_loss=5.1837e-04 | val_loss=5.2629e-04 | | lr=2.50e-04
Saved best model to results/thesis_model_results/outputs/mtlsh_embeddability_tradeoff/MTLSH__mse__minmax__seed42__model_head_sizes64__model_shared_sizes64/mtlsh_state_dict_best.pt
Epoch 121 | train_loss=5.2139e-04 | train_eval_loss=5.3166e-04 | val_loss=5.4411e-04 | | lr=2.50e-04
Epoch 122 | train_loss=5.2039e-04 | train_eval_loss=5.3084e-04 | val_loss=5.4266e-04 | | lr=2.50e-04
Epoch 123 | train_loss=5.2067e-04 | train_eval_loss=5.2941e-04 | val_loss=5.3673e-04 | | lr=2.50e-04
Epoch 124 | train_loss=5.2060e-04 | train_eval_loss=5.1789e-04 | val_loss=5.3006e-04 | | lr=2.50e-04
Epoch 125 | train_loss=5.2048e-04 | train_eval_loss=5.2094e-04 | val_loss=5.3646e-04 | | lr=2.50e-04
Epoch 126 | train_loss=5.2427e-04 | train_eval_loss=5.1745e-04 | val_loss=5.2320e-04 | | lr=2.50e-04
Saved best model to results/thesis_model_results/outputs/mtlsh_embeddability_tradeoff/MTLSH__mse__minmax__seed42__model_head_sizes64__model_shared_sizes64/mtlsh_state_dict_best.pt
Epoch 127 | train_loss=5.1678e-04 | train_eval_loss=5.0189e-04 | val_loss=5.1305e-04 | | lr=2.50e-04
Saved best model to results/thesis_model_results/outputs/mtlsh_embeddability_tradeoff/MTLSH__mse__minmax__seed42__model_head_sizes64__model_shared_sizes64/mtlsh_state_dict_best.pt
Epoch 128 | train_loss=5.1278e-04 | train_eval_loss=5.1419e-04 | val_loss=5.2151e-04 | | lr=2.50e-04
Epoch 129 | train_loss=5.1429e-04 | train_eval_loss=5.3518e-04 | val_loss=5.4142e-04 | | lr=2.50e-04
Epoch 130 | train_loss=5.1781e-04 | train_eval_loss=5.0937e-04 | val_loss=5.2418e-04 | | lr=2.50e-04
Epoch 131 | train_loss=5.1321e-04 | train_eval_loss=5.2415e-04 | val_loss=5.3676e-04 | | lr=2.50e-04
Epoch 132 | train_loss=5.1331e-04 | train_eval_loss=5.0803e-04 | val_loss=5.1825e-04 | | lr=2.50e-04
Epoch 133 | train_loss=5.0651e-04 | train_eval_loss=5.2087e-04 | val_loss=5.2415e-04 | | lr=2.50e-04
Epoch 134 | train_loss=5.1300e-04 | train_eval_loss=5.0694e-04 | val_loss=5.1704e-04 | | lr=2.50e-04
Epoch 135 | train_loss=5.0909e-04 | train_eval_loss=5.1943e-04 | val_loss=5.2823e-04 | | lr=2.50e-04
Epoch 136 | train_loss=5.1192e-04 | train_eval_loss=5.2145e-04 | val_loss=5.3009e-04 | | lr=2.50e-04
Epoch 137 | train_loss=4.9583e-04 | train_eval_loss=4.9034e-04 | val_loss=4.9862e-04 | | lr=1.25e-04
Saved best model to results/thesis_model_results/outputs/mtlsh_embeddability_tradeoff/MTLSH__mse__minmax__seed42__model_head_sizes64__model_shared_sizes64/mtlsh_state_dict_best.pt
Epoch 138 | train_loss=4.8981e-04 | train_eval_loss=4.8665e-04 | val_loss=5.0119e-04 | | lr=1.25e-04
Epoch 139 | train_loss=4.8867e-04 | train_eval_loss=4.8336e-04 | val_loss=4.9280e-04 | | lr=1.25e-04
Saved best model to results/thesis_model_results/outputs/mtlsh_embeddability_tradeoff/MTLSH__mse__minmax__seed42__model_head_sizes64__model_shared_sizes64/mtlsh_state_dict_best.pt
Epoch 140 | train_loss=4.9126e-04 | train_eval_loss=4.8977e-04 | val_loss=5.0353e-04 | | lr=1.25e-04
Epoch 141 | train_loss=4.8876e-04 | train_eval_loss=4.9067e-04 | val_loss=5.0222e-04 | | lr=1.25e-04
Epoch 142 | train_loss=4.9115e-04 | train_eval_loss=4.8378e-04 | val_loss=4.9519e-04 | | lr=1.25e-04
Epoch 143 | train_loss=4.9010e-04 | train_eval_loss=4.8164e-04 | val_loss=4.9245e-04 | | lr=1.25e-04
Saved best model to results/thesis_model_results/outputs/mtlsh_embeddability_tradeoff/MTLSH__mse__minmax__seed42__model_head_sizes64__model_shared_sizes64/mtlsh_state_dict_best.pt
Epoch 144 | train_loss=4.8764e-04 | train_eval_loss=4.8543e-04 | val_loss=4.9495e-04 | | lr=1.25e-04
Epoch 145 | train_loss=4.8734e-04 | train_eval_loss=4.8476e-04 | val_loss=4.9531e-04 | | lr=1.25e-04
Epoch 146 | train_loss=4.8752e-04 | train_eval_loss=4.8673e-04 | val_loss=4.9696e-04 | | lr=1.25e-04
Epoch 147 | train_loss=4.8591e-04 | train_eval_loss=4.8422e-04 | val_loss=4.9484e-04 | | lr=1.25e-04
Epoch 148 | train_loss=4.8607e-04 | train_eval_loss=4.8935e-04 | val_loss=5.0303e-04 | | lr=1.25e-04
Epoch 149 | train_loss=4.8343e-04 | train_eval_loss=4.9001e-04 | val_loss=4.9806e-04 | | lr=1.25e-04
Epoch 150 | train_loss=4.8451e-04 | train_eval_loss=4.7763e-04 | val_loss=4.8935e-04 | | lr=1.25e-04
Saved best model to results/thesis_model_results/outputs/mtlsh_embeddability_tradeoff/MTLSH__mse__minmax__seed42__model_head_sizes64__model_shared_sizes64/mtlsh_state_dict_best.pt
Epoch 151 | train_loss=4.8454e-04 | train_eval_loss=4.7854e-04 | val_loss=4.9228e-04 | | lr=1.25e-04
Epoch 152 | train_loss=4.8418e-04 | train_eval_loss=4.8162e-04 | val_loss=4.9386e-04 | | lr=1.25e-04
Epoch 153 | train_loss=4.8643e-04 | train_eval_loss=4.8300e-04 | val_loss=4.9597e-04 | | lr=1.25e-04
Epoch 154 | train_loss=4.8501e-04 | train_eval_loss=4.7460e-04 | val_loss=4.8768e-04 | | lr=1.25e-04
Saved best model to results/thesis_model_results/outputs/mtlsh_embeddability_tradeoff/MTLSH__mse__minmax__seed42__model_head_sizes64__model_shared_sizes64/mtlsh_state_dict_best.pt
Epoch 155 | train_loss=4.8172e-04 | train_eval_loss=4.8254e-04 | val_loss=4.9560e-04 | | lr=1.25e-04
Epoch 156 | train_loss=4.8241e-04 | train_eval_loss=4.7604e-04 | val_loss=4.8722e-04 | | lr=1.25e-04
Saved best model to results/thesis_model_results/outputs/mtlsh_embeddability_tradeoff/MTLSH__mse__minmax__seed42__model_head_sizes64__model_shared_sizes64/mtlsh_state_dict_best.pt
Epoch 157 | train_loss=4.8059e-04 | train_eval_loss=4.7724e-04 | val_loss=4.8650e-04 | | lr=1.25e-04
Saved best model to results/thesis_model_results/outputs/mtlsh_embeddability_tradeoff/MTLSH__mse__minmax__seed42__model_head_sizes64__model_shared_sizes64/mtlsh_state_dict_best.pt
Epoch 158 | train_loss=4.8059e-04 | train_eval_loss=4.7799e-04 | val_loss=4.8854e-04 | | lr=1.25e-04
Epoch 159 | train_loss=4.8047e-04 | train_eval_loss=4.7472e-04 | val_loss=4.8619e-04 | | lr=1.25e-04
Saved best model to results/thesis_model_results/outputs/mtlsh_embeddability_tradeoff/MTLSH__mse__minmax__seed42__model_head_sizes64__model_shared_sizes64/mtlsh_state_dict_best.pt
Epoch 160 | train_loss=4.8291e-04 | train_eval_loss=4.8088e-04 | val_loss=4.9424e-04 | | lr=1.25e-04
Epoch 161 | train_loss=4.7989e-04 | train_eval_loss=4.7458e-04 | val_loss=4.8827e-04 | | lr=1.25e-04
Epoch 162 | train_loss=4.8394e-04 | train_eval_loss=4.7756e-04 | val_loss=4.8968e-04 | | lr=1.25e-04
Epoch 163 | train_loss=4.7843e-04 | train_eval_loss=4.8514e-04 | val_loss=4.9740e-04 | | lr=1.25e-04
Epoch 164 | train_loss=4.7876e-04 | train_eval_loss=4.7765e-04 | val_loss=4.9039e-04 | | lr=1.25e-04
Epoch 165 | train_loss=4.7914e-04 | train_eval_loss=4.7117e-04 | val_loss=4.8440e-04 | | lr=1.25e-04
Saved best model to results/thesis_model_results/outputs/mtlsh_embeddability_tradeoff/MTLSH__mse__minmax__seed42__model_head_sizes64__model_shared_sizes64/mtlsh_state_dict_best.pt
Epoch 166 | train_loss=4.7558e-04 | train_eval_loss=4.8291e-04 | val_loss=4.9758e-04 | | lr=1.25e-04
Epoch 167 | train_loss=4.7731e-04 | train_eval_loss=4.7376e-04 | val_loss=4.8919e-04 | | lr=1.25e-04
Epoch 168 | train_loss=4.7937e-04 | train_eval_loss=4.8719e-04 | val_loss=5.0268e-04 | | lr=1.25e-04
Epoch 169 | train_loss=4.7687e-04 | train_eval_loss=4.7162e-04 | val_loss=4.8620e-04 | | lr=1.25e-04
Epoch 170 | train_loss=4.7407e-04 | train_eval_loss=4.7060e-04 | val_loss=4.8488e-04 | | lr=1.25e-04
Epoch 171 | train_loss=4.7359e-04 | train_eval_loss=4.7076e-04 | val_loss=4.8090e-04 | | lr=1.25e-04
Saved best model to results/thesis_model_results/outputs/mtlsh_embeddability_tradeoff/MTLSH__mse__minmax__seed42__model_head_sizes64__model_shared_sizes64/mtlsh_state_dict_best.pt
Epoch 172 | train_loss=4.7371e-04 | train_eval_loss=4.7667e-04 | val_loss=4.9133e-04 | | lr=1.25e-04
Epoch 173 | train_loss=4.7507e-04 | train_eval_loss=4.6952e-04 | val_loss=4.8257e-04 | | lr=1.25e-04
Epoch 174 | train_loss=4.6904e-04 | train_eval_loss=4.7267e-04 | val_loss=4.8353e-04 | | lr=1.25e-04
Epoch 175 | train_loss=4.7437e-04 | train_eval_loss=4.6720e-04 | val_loss=4.7862e-04 | | lr=1.25e-04
Saved best model to results/thesis_model_results/outputs/mtlsh_embeddability_tradeoff/MTLSH__mse__minmax__seed42__model_head_sizes64__model_shared_sizes64/mtlsh_state_dict_best.pt
Epoch 176 | train_loss=4.7312e-04 | train_eval_loss=4.6984e-04 | val_loss=4.8404e-04 | | lr=1.25e-04
Epoch 177 | train_loss=4.6990e-04 | train_eval_loss=4.8605e-04 | val_loss=4.9845e-04 | | lr=1.25e-04
Epoch 178 | train_loss=4.7272e-04 | train_eval_loss=4.6795e-04 | val_loss=4.7707e-04 | | lr=1.25e-04
Saved best model to results/thesis_model_results/outputs/mtlsh_embeddability_tradeoff/MTLSH__mse__minmax__seed42__model_head_sizes64__model_shared_sizes64/mtlsh_state_dict_best.pt
Epoch 179 | train_loss=4.6886e-04 | train_eval_loss=4.7227e-04 | val_loss=4.8469e-04 | | lr=1.25e-04
Epoch 180 | train_loss=4.6978e-04 | train_eval_loss=4.6214e-04 | val_loss=4.7413e-04 | | lr=1.25e-04
Saved best model to results/thesis_model_results/outputs/mtlsh_embeddability_tradeoff/MTLSH__mse__minmax__seed42__model_head_sizes64__model_shared_sizes64/mtlsh_state_dict_best.pt
Epoch 181 | train_loss=4.7317e-04 | train_eval_loss=4.8242e-04 | val_loss=4.9875e-04 | | lr=1.25e-04
Epoch 182 | train_loss=4.6772e-04 | train_eval_loss=4.6304e-04 | val_loss=4.7640e-04 | | lr=1.25e-04
Epoch 183 | train_loss=4.6720e-04 | train_eval_loss=4.6449e-04 | val_loss=4.7819e-04 | | lr=1.25e-04
Epoch 184 | train_loss=4.6788e-04 | train_eval_loss=4.6722e-04 | val_loss=4.8345e-04 | | lr=1.25e-04
Epoch 185 | train_loss=4.6647e-04 | train_eval_loss=4.7277e-04 | val_loss=4.8459e-04 | | lr=1.25e-04
Epoch 186 | train_loss=4.6700e-04 | train_eval_loss=4.6341e-04 | val_loss=4.7761e-04 | | lr=1.25e-04
Epoch 187 | train_loss=4.6517e-04 | train_eval_loss=4.6295e-04 | val_loss=4.7598e-04 | | lr=1.25e-04
Epoch 188 | train_loss=4.6593e-04 | train_eval_loss=4.6895e-04 | val_loss=4.7847e-04 | | lr=1.25e-04
Epoch 189 | train_loss=4.6515e-04 | train_eval_loss=4.6056e-04 | val_loss=4.7445e-04 | | lr=1.25e-04
Epoch 190 | train_loss=4.5570e-04 | train_eval_loss=4.5182e-04 | val_loss=4.6561e-04 | | lr=6.25e-05
Saved best model to results/thesis_model_results/outputs/mtlsh_embeddability_tradeoff/MTLSH__mse__minmax__seed42__model_head_sizes64__model_shared_sizes64/mtlsh_state_dict_best.pt
Epoch 191 | train_loss=4.5649e-04 | train_eval_loss=4.5843e-04 | val_loss=4.7218e-04 | | lr=6.25e-05
Epoch 192 | train_loss=4.5613e-04 | train_eval_loss=4.5826e-04 | val_loss=4.6963e-04 | | lr=6.25e-05
Epoch 193 | train_loss=4.5617e-04 | train_eval_loss=4.5461e-04 | val_loss=4.7027e-04 | | lr=6.25e-05
Epoch 194 | train_loss=4.5676e-04 | train_eval_loss=4.5772e-04 | val_loss=4.7319e-04 | | lr=6.25e-05
Epoch 195 | train_loss=4.5725e-04 | train_eval_loss=4.5363e-04 | val_loss=4.6898e-04 | | lr=6.25e-05
Epoch 196 | train_loss=4.5509e-04 | train_eval_loss=4.5626e-04 | val_loss=4.7152e-04 | | lr=6.25e-05
Epoch 197 | train_loss=4.5441e-04 | train_eval_loss=4.5388e-04 | val_loss=4.7062e-04 | | lr=6.25e-05
Epoch 198 | train_loss=4.5351e-04 | train_eval_loss=4.5358e-04 | val_loss=4.6834e-04 | | lr=6.25e-05
Epoch 199 | train_loss=4.5390e-04 | train_eval_loss=4.5305e-04 | val_loss=4.6655e-04 | | lr=6.25e-05
Epoch 200 | train_loss=4.5121e-04 | train_eval_loss=4.5076e-04 | val_loss=4.6664e-04 | | lr=3.13e-05
Saved training logs to results/thesis_model_results/outputs/mtlsh_embeddability_tradeoff/MTLSH__mse__minmax__seed42__model_head_sizes64__model_shared_sizes64/training_summary.txt
Test RMSE(rocof_COI) = 0.0144 | norm: 0.0110 | real_diff: 0.0100
Test RMSE(dev_COI) = 0.0241 | norm: 0.0089 | real_diff: 0.0130
Test RMSE(Delta_P_IBR_1) = 0.1365 | norm: 0.0216 | real_diff: 0.0961
Test RMSE(Delta_P_IBR_2) = 0.1147 | norm: 0.0160 | real_diff: 0.0673
Test RMSE(Delta_P_IBR_3) = 0.2102 | norm: 0.0369 | real_diff: 0.1253
Test RMSE(Delta_P_IBR_4) = 0.2117 | norm: 0.0219 | real_diff: 0.1400
Saved RMSE results to results/thesis_model_results/outputs/mtlsh_embeddability_tradeoff/MTLSH__mse__minmax__seed42__model_head_sizes64__model_shared_sizes64/rmse_results.txt
Saved detailed metrics to results/thesis_model_results/outputs/mtlsh_embeddability_tradeoff/MTLSH__mse__minmax__seed42__model_head_sizes64__model_shared_sizes64/metrics_by_target.csv
Saved aggregate metrics to results/thesis_model_results/outputs/mtlsh_embeddability_tradeoff/MTLSH__mse__minmax__seed42__model_head_sizes64__model_shared_sizes64/metrics_summary.json
Saved loss curves to results/thesis_model_results/outputs/mtlsh_embeddability_tradeoff/MTLSH__mse__minmax__seed42__model_head_sizes64__model_shared_sizes64/loss_curve.png
Saved scatter plot results/thesis_model_results/outputs/mtlsh_embeddability_tradeoff/MTLSH__mse__minmax__seed42__model_head_sizes64__model_shared_sizes64/scatter_rocof_COI.png
Saved scatter plot results/thesis_model_results/outputs/mtlsh_embeddability_tradeoff/MTLSH__mse__minmax__seed42__model_head_sizes64__model_shared_sizes64/scatter_dev_COI.png
Saved scatter plot results/thesis_model_results/outputs/mtlsh_embeddability_tradeoff/MTLSH__mse__minmax__seed42__model_head_sizes64__model_shared_sizes64/scatter_Delta_P_IBR_1.png
Saved scatter plot results/thesis_model_results/outputs/mtlsh_embeddability_tradeoff/MTLSH__mse__minmax__seed42__model_head_sizes64__model_shared_sizes64/scatter_Delta_P_IBR_2.png
Saved scatter plot results/thesis_model_results/outputs/mtlsh_embeddability_tradeoff/MTLSH__mse__minmax__seed42__model_head_sizes64__model_shared_sizes64/scatter_Delta_P_IBR_3.png
Saved scatter plot results/thesis_model_results/outputs/mtlsh_embeddability_tradeoff/MTLSH__mse__minmax__seed42__model_head_sizes64__model_shared_sizes64/scatter_Delta_P_IBR_4.png
Saved model to results/thesis_model_results/outputs/mtlsh_embeddability_tradeoff/MTLSH__mse__minmax__seed42__model_head_sizes64__model_shared_sizes64/mtlsh_state_dict.pt
Loss type: mse | weights=[]
Target stats (scaled):
train mean=[0.549  0.589  0.492  0.4884 0.4785 0.4192]
train std=[0.1365 0.1371 0.1141 0.1063 0.1158 0.1138]
train q05=[0.3074 0.3979 0.3192 0.303  0.3347 0.2205]
train q95=[0.7933 0.8652 0.6719 0.6491 0.6927 0.6016]
val mean=[0.5473 0.5873 0.4922 0.4893 0.4798 0.4201]
val std=[0.1343 0.1348 0.1123 0.1072 0.1141 0.1112]
val q05=[0.3103 0.3982 0.3195 0.303  0.3376 0.2251]
val q95=[0.7886 0.8626 0.6731 0.6514 0.6918 0.5984]
val/train std ratio=[0.984  0.9828 0.9844 1.0084 0.9848 0.9772]
LR scheduler: ReduceLROnPlateau (factor=0.5, patience=8, min_lr=1e-07)
Epoch 001 | train_loss=2.5829e-02 | train_eval_loss=1.2124e-02 | val_loss=1.1787e-02 | | lr=1.00e-03
Saved best model to results/thesis_model_results/outputs/mtlsh_embeddability_tradeoff/MTLSH__mse__minmax__seed42__model_head_sizes128__model_shared_sizes64/mtlsh_state_dict_best.pt
Epoch 002 | train_loss=7.8163e-03 | train_eval_loss=3.7844e-03 | val_loss=3.7111e-03 | | lr=1.00e-03
Saved best model to results/thesis_model_results/outputs/mtlsh_embeddability_tradeoff/MTLSH__mse__minmax__seed42__model_head_sizes128__model_shared_sizes64/mtlsh_state_dict_best.pt
Epoch 003 | train_loss=3.1491e-03 | train_eval_loss=2.6470e-03 | val_loss=2.5941e-03 | | lr=1.00e-03
Saved best model to results/thesis_model_results/outputs/mtlsh_embeddability_tradeoff/MTLSH__mse__minmax__seed42__model_head_sizes128__model_shared_sizes64/mtlsh_state_dict_best.pt
Epoch 004 | train_loss=2.3634e-03 | train_eval_loss=2.0473e-03 | val_loss=2.0016e-03 | | lr=1.00e-03
Saved best model to results/thesis_model_results/outputs/mtlsh_embeddability_tradeoff/MTLSH__mse__minmax__seed42__model_head_sizes128__model_shared_sizes64/mtlsh_state_dict_best.pt
Epoch 005 | train_loss=1.9517e-03 | train_eval_loss=1.8544e-03 | val_loss=1.8224e-03 | | lr=1.00e-03
Saved best model to results/thesis_model_results/outputs/mtlsh_embeddability_tradeoff/MTLSH__mse__minmax__seed42__model_head_sizes128__model_shared_sizes64/mtlsh_state_dict_best.pt
Epoch 006 | train_loss=1.7893e-03 | train_eval_loss=1.7045e-03 | val_loss=1.6693e-03 | | lr=1.00e-03
Saved best model to results/thesis_model_results/outputs/mtlsh_embeddability_tradeoff/MTLSH__mse__minmax__seed42__model_head_sizes128__model_shared_sizes64/mtlsh_state_dict_best.pt
Epoch 007 | train_loss=1.7008e-03 | train_eval_loss=1.6425e-03 | val_loss=1.6156e-03 | | lr=1.00e-03
Saved best model to results/thesis_model_results/outputs/mtlsh_embeddability_tradeoff/MTLSH__mse__minmax__seed42__model_head_sizes128__model_shared_sizes64/mtlsh_state_dict_best.pt
Epoch 008 | train_loss=1.6115e-03 | train_eval_loss=1.6138e-03 | val_loss=1.5940e-03 | | lr=1.00e-03
Saved best model to results/thesis_model_results/outputs/mtlsh_embeddability_tradeoff/MTLSH__mse__minmax__seed42__model_head_sizes128__model_shared_sizes64/mtlsh_state_dict_best.pt
Epoch 009 | train_loss=1.5783e-03 | train_eval_loss=1.6247e-03 | val_loss=1.6046e-03 | | lr=1.00e-03
Epoch 010 | train_loss=1.5133e-03 | train_eval_loss=1.5823e-03 | val_loss=1.5608e-03 | | lr=1.00e-03
Saved best model to results/thesis_model_results/outputs/mtlsh_embeddability_tradeoff/MTLSH__mse__minmax__seed42__model_head_sizes128__model_shared_sizes64/mtlsh_state_dict_best.pt
Epoch 011 | train_loss=1.4498e-03 | train_eval_loss=1.4825e-03 | val_loss=1.4638e-03 | | lr=1.00e-03
Saved best model to results/thesis_model_results/outputs/mtlsh_embeddability_tradeoff/MTLSH__mse__minmax__seed42__model_head_sizes128__model_shared_sizes64/mtlsh_state_dict_best.pt
Epoch 012 | train_loss=1.3615e-03 | train_eval_loss=1.4279e-03 | val_loss=1.4115e-03 | | lr=1.00e-03
Saved best model to results/thesis_model_results/outputs/mtlsh_embeddability_tradeoff/MTLSH__mse__minmax__seed42__model_head_sizes128__model_shared_sizes64/mtlsh_state_dict_best.pt
Epoch 013 | train_loss=1.3066e-03 | train_eval_loss=1.2520e-03 | val_loss=1.2406e-03 | | lr=1.00e-03
Saved best model to results/thesis_model_results/outputs/mtlsh_embeddability_tradeoff/MTLSH__mse__minmax__seed42__model_head_sizes128__model_shared_sizes64/mtlsh_state_dict_best.pt
Epoch 014 | train_loss=1.2974e-03 | train_eval_loss=1.2098e-03 | val_loss=1.1931e-03 | | lr=1.00e-03
Saved best model to results/thesis_model_results/outputs/mtlsh_embeddability_tradeoff/MTLSH__mse__minmax__seed42__model_head_sizes128__model_shared_sizes64/mtlsh_state_dict_best.pt
Epoch 015 | train_loss=1.2665e-03 | train_eval_loss=1.2513e-03 | val_loss=1.2426e-03 | | lr=1.00e-03
Epoch 016 | train_loss=1.1980e-03 | train_eval_loss=1.1425e-03 | val_loss=1.1252e-03 | | lr=1.00e-03
Saved best model to results/thesis_model_results/outputs/mtlsh_embeddability_tradeoff/MTLSH__mse__minmax__seed42__model_head_sizes128__model_shared_sizes64/mtlsh_state_dict_best.pt
Epoch 017 | train_loss=1.1838e-03 | train_eval_loss=1.3352e-03 | val_loss=1.3223e-03 | | lr=1.00e-03
Epoch 018 | train_loss=1.1270e-03 | train_eval_loss=1.1488e-03 | val_loss=1.1305e-03 | | lr=1.00e-03
Epoch 019 | train_loss=1.0622e-03 | train_eval_loss=1.0161e-03 | val_loss=1.0041e-03 | | lr=1.00e-03
Saved best model to results/thesis_model_results/outputs/mtlsh_embeddability_tradeoff/MTLSH__mse__minmax__seed42__model_head_sizes128__model_shared_sizes64/mtlsh_state_dict_best.pt
Epoch 020 | train_loss=1.0607e-03 | train_eval_loss=1.0357e-03 | val_loss=1.0328e-03 | | lr=1.00e-03
Epoch 021 | train_loss=1.0314e-03 | train_eval_loss=1.0054e-03 | val_loss=9.9923e-04 | | lr=1.00e-03
Saved best model to results/thesis_model_results/outputs/mtlsh_embeddability_tradeoff/MTLSH__mse__minmax__seed42__model_head_sizes128__model_shared_sizes64/mtlsh_state_dict_best.pt
Epoch 022 | train_loss=1.0158e-03 | train_eval_loss=9.7879e-04 | val_loss=9.6952e-04 | | lr=1.00e-03
Saved best model to results/thesis_model_results/outputs/mtlsh_embeddability_tradeoff/MTLSH__mse__minmax__seed42__model_head_sizes128__model_shared_sizes64/mtlsh_state_dict_best.pt
Epoch 023 | train_loss=9.5773e-04 | train_eval_loss=9.4545e-04 | val_loss=9.3687e-04 | | lr=1.00e-03
Saved best model to results/thesis_model_results/outputs/mtlsh_embeddability_tradeoff/MTLSH__mse__minmax__seed42__model_head_sizes128__model_shared_sizes64/mtlsh_state_dict_best.pt
Epoch 024 | train_loss=9.5899e-04 | train_eval_loss=9.7045e-04 | val_loss=9.6983e-04 | | lr=1.00e-03
Epoch 025 | train_loss=9.1657e-04 | train_eval_loss=1.0121e-03 | val_loss=1.0111e-03 | | lr=1.00e-03
Epoch 026 | train_loss=9.0014e-04 | train_eval_loss=9.9388e-04 | val_loss=9.8334e-04 | | lr=1.00e-03
Epoch 027 | train_loss=9.1781e-04 | train_eval_loss=8.6487e-04 | val_loss=8.6028e-04 | | lr=1.00e-03
Saved best model to results/thesis_model_results/outputs/mtlsh_embeddability_tradeoff/MTLSH__mse__minmax__seed42__model_head_sizes128__model_shared_sizes64/mtlsh_state_dict_best.pt
Epoch 028 | train_loss=8.7629e-04 | train_eval_loss=8.2655e-04 | val_loss=8.1426e-04 | | lr=1.00e-03
Saved best model to results/thesis_model_results/outputs/mtlsh_embeddability_tradeoff/MTLSH__mse__minmax__seed42__model_head_sizes128__model_shared_sizes64/mtlsh_state_dict_best.pt
Epoch 029 | train_loss=8.5706e-04 | train_eval_loss=9.1260e-04 | val_loss=9.0097e-04 | | lr=1.00e-03
Epoch 030 | train_loss=8.5632e-04 | train_eval_loss=8.6960e-04 | val_loss=8.6142e-04 | | lr=1.00e-03
Epoch 031 | train_loss=8.5022e-04 | train_eval_loss=9.9241e-04 | val_loss=9.8574e-04 | | lr=1.00e-03
Epoch 032 | train_loss=8.3367e-04 | train_eval_loss=7.8600e-04 | val_loss=7.7539e-04 | | lr=1.00e-03
Saved best model to results/thesis_model_results/outputs/mtlsh_embeddability_tradeoff/MTLSH__mse__minmax__seed42__model_head_sizes128__model_shared_sizes64/mtlsh_state_dict_best.pt
Epoch 033 | train_loss=8.0243e-04 | train_eval_loss=8.1131e-04 | val_loss=8.0036e-04 | | lr=1.00e-03
Epoch 034 | train_loss=7.9558e-04 | train_eval_loss=7.8247e-04 | val_loss=7.7469e-04 | | lr=1.00e-03
Saved best model to results/thesis_model_results/outputs/mtlsh_embeddability_tradeoff/MTLSH__mse__minmax__seed42__model_head_sizes128__model_shared_sizes64/mtlsh_state_dict_best.pt
Epoch 035 | train_loss=7.9940e-04 | train_eval_loss=7.7211e-04 | val_loss=7.6153e-04 | | lr=1.00e-03
Saved best model to results/thesis_model_results/outputs/mtlsh_embeddability_tradeoff/MTLSH__mse__minmax__seed42__model_head_sizes128__model_shared_sizes64/mtlsh_state_dict_best.pt
Epoch 036 | train_loss=8.0006e-04 | train_eval_loss=8.8066e-04 | val_loss=8.8529e-04 | | lr=1.00e-03
Epoch 037 | train_loss=7.8053e-04 | train_eval_loss=8.0197e-04 | val_loss=7.9901e-04 | | lr=1.00e-03
Epoch 038 | train_loss=7.5706e-04 | train_eval_loss=7.4300e-04 | val_loss=7.2758e-04 | | lr=1.00e-03
Saved best model to results/thesis_model_results/outputs/mtlsh_embeddability_tradeoff/MTLSH__mse__minmax__seed42__model_head_sizes128__model_shared_sizes64/mtlsh_state_dict_best.pt
Epoch 039 | train_loss=7.4725e-04 | train_eval_loss=7.7359e-04 | val_loss=7.6178e-04 | | lr=1.00e-03
Epoch 040 | train_loss=7.4961e-04 | train_eval_loss=8.5655e-04 | val_loss=8.5169e-04 | | lr=1.00e-03
Epoch 041 | train_loss=7.2356e-04 | train_eval_loss=7.2585e-04 | val_loss=7.2051e-04 | | lr=1.00e-03
Saved best model to results/thesis_model_results/outputs/mtlsh_embeddability_tradeoff/MTLSH__mse__minmax__seed42__model_head_sizes128__model_shared_sizes64/mtlsh_state_dict_best.pt
Epoch 042 | train_loss=7.2853e-04 | train_eval_loss=8.3551e-04 | val_loss=8.3847e-04 | | lr=1.00e-03
Epoch 043 | train_loss=7.3709e-04 | train_eval_loss=6.7491e-04 | val_loss=6.7343e-04 | | lr=1.00e-03
Saved best model to results/thesis_model_results/outputs/mtlsh_embeddability_tradeoff/MTLSH__mse__minmax__seed42__model_head_sizes128__model_shared_sizes64/mtlsh_state_dict_best.pt
Epoch 044 | train_loss=6.9317e-04 | train_eval_loss=6.5975e-04 | val_loss=6.5562e-04 | | lr=1.00e-03
Saved best model to results/thesis_model_results/outputs/mtlsh_embeddability_tradeoff/MTLSH__mse__minmax__seed42__model_head_sizes128__model_shared_sizes64/mtlsh_state_dict_best.pt
Epoch 045 | train_loss=7.2319e-04 | train_eval_loss=9.1662e-04 | val_loss=9.1601e-04 | | lr=1.00e-03
Epoch 046 | train_loss=7.4541e-04 | train_eval_loss=6.8191e-04 | val_loss=6.8304e-04 | | lr=1.00e-03
Epoch 047 | train_loss=6.8139e-04 | train_eval_loss=7.3759e-04 | val_loss=7.4563e-04 | | lr=1.00e-03
Epoch 048 | train_loss=6.8546e-04 | train_eval_loss=6.4574e-04 | val_loss=6.3932e-04 | | lr=1.00e-03
Saved best model to results/thesis_model_results/outputs/mtlsh_embeddability_tradeoff/MTLSH__mse__minmax__seed42__model_head_sizes128__model_shared_sizes64/mtlsh_state_dict_best.pt
Epoch 049 | train_loss=6.7145e-04 | train_eval_loss=6.4654e-04 | val_loss=6.5078e-04 | | lr=1.00e-03
Epoch 050 | train_loss=6.6799e-04 | train_eval_loss=6.4807e-04 | val_loss=6.5312e-04 | | lr=1.00e-03
Epoch 051 | train_loss=6.5627e-04 | train_eval_loss=6.7840e-04 | val_loss=6.7217e-04 | | lr=1.00e-03
Epoch 052 | train_loss=6.7574e-04 | train_eval_loss=6.5293e-04 | val_loss=6.5403e-04 | | lr=1.00e-03
Epoch 053 | train_loss=6.8016e-04 | train_eval_loss=7.2319e-04 | val_loss=7.1468e-04 | | lr=1.00e-03
Epoch 054 | train_loss=6.6325e-04 | train_eval_loss=7.2694e-04 | val_loss=7.2734e-04 | | lr=1.00e-03
Epoch 055 | train_loss=6.5956e-04 | train_eval_loss=6.3436e-04 | val_loss=6.2997e-04 | | lr=1.00e-03
Saved best model to results/thesis_model_results/outputs/mtlsh_embeddability_tradeoff/MTLSH__mse__minmax__seed42__model_head_sizes128__model_shared_sizes64/mtlsh_state_dict_best.pt
Epoch 056 | train_loss=6.4123e-04 | train_eval_loss=6.1546e-04 | val_loss=6.1782e-04 | | lr=1.00e-03
Saved best model to results/thesis_model_results/outputs/mtlsh_embeddability_tradeoff/MTLSH__mse__minmax__seed42__model_head_sizes128__model_shared_sizes64/mtlsh_state_dict_best.pt
Epoch 057 | train_loss=6.3271e-04 | train_eval_loss=6.7516e-04 | val_loss=6.7408e-04 | | lr=1.00e-03
Epoch 058 | train_loss=6.1964e-04 | train_eval_loss=6.0580e-04 | val_loss=5.9738e-04 | | lr=1.00e-03
Saved best model to results/thesis_model_results/outputs/mtlsh_embeddability_tradeoff/MTLSH__mse__minmax__seed42__model_head_sizes128__model_shared_sizes64/mtlsh_state_dict_best.pt
Epoch 059 | train_loss=6.2657e-04 | train_eval_loss=6.3100e-04 | val_loss=6.3165e-04 | | lr=1.00e-03
Epoch 060 | train_loss=6.2395e-04 | train_eval_loss=6.0002e-04 | val_loss=6.0173e-04 | | lr=1.00e-03
Epoch 061 | train_loss=6.1601e-04 | train_eval_loss=5.8911e-04 | val_loss=5.8146e-04 | | lr=1.00e-03
Saved best model to results/thesis_model_results/outputs/mtlsh_embeddability_tradeoff/MTLSH__mse__minmax__seed42__model_head_sizes128__model_shared_sizes64/mtlsh_state_dict_best.pt
Epoch 062 | train_loss=5.9379e-04 | train_eval_loss=6.0662e-04 | val_loss=6.1815e-04 | | lr=1.00e-03
Epoch 063 | train_loss=6.2191e-04 | train_eval_loss=6.1893e-04 | val_loss=6.0938e-04 | | lr=1.00e-03
Epoch 064 | train_loss=6.0193e-04 | train_eval_loss=5.7249e-04 | val_loss=5.7167e-04 | | lr=1.00e-03
Saved best model to results/thesis_model_results/outputs/mtlsh_embeddability_tradeoff/MTLSH__mse__minmax__seed42__model_head_sizes128__model_shared_sizes64/mtlsh_state_dict_best.pt
Epoch 065 | train_loss=6.0552e-04 | train_eval_loss=5.4819e-04 | val_loss=5.5102e-04 | | lr=1.00e-03
Saved best model to results/thesis_model_results/outputs/mtlsh_embeddability_tradeoff/MTLSH__mse__minmax__seed42__model_head_sizes128__model_shared_sizes64/mtlsh_state_dict_best.pt
Epoch 066 | train_loss=6.1389e-04 | train_eval_loss=6.5724e-04 | val_loss=6.5652e-04 | | lr=1.00e-03
Epoch 067 | train_loss=5.9832e-04 | train_eval_loss=5.9095e-04 | val_loss=5.8821e-04 | | lr=1.00e-03
Epoch 068 | train_loss=5.8161e-04 | train_eval_loss=6.7884e-04 | val_loss=6.8109e-04 | | lr=1.00e-03
Epoch 069 | train_loss=5.8410e-04 | train_eval_loss=6.2524e-04 | val_loss=6.2582e-04 | | lr=1.00e-03
Epoch 070 | train_loss=5.8196e-04 | train_eval_loss=8.0498e-04 | val_loss=7.9697e-04 | | lr=1.00e-03
Epoch 071 | train_loss=6.0858e-04 | train_eval_loss=5.8549e-04 | val_loss=5.9051e-04 | | lr=1.00e-03
Epoch 072 | train_loss=5.6902e-04 | train_eval_loss=5.2096e-04 | val_loss=5.2893e-04 | | lr=1.00e-03
Saved best model to results/thesis_model_results/outputs/mtlsh_embeddability_tradeoff/MTLSH__mse__minmax__seed42__model_head_sizes128__model_shared_sizes64/mtlsh_state_dict_best.pt
Epoch 073 | train_loss=5.6495e-04 | train_eval_loss=6.1790e-04 | val_loss=6.3179e-04 | | lr=1.00e-03
Epoch 074 | train_loss=5.5827e-04 | train_eval_loss=5.5419e-04 | val_loss=5.6054e-04 | | lr=1.00e-03
Epoch 075 | train_loss=5.9474e-04 | train_eval_loss=5.2567e-04 | val_loss=5.3557e-04 | | lr=1.00e-03
Epoch 076 | train_loss=5.7012e-04 | train_eval_loss=6.5666e-04 | val_loss=6.5304e-04 | | lr=1.00e-03
Epoch 077 | train_loss=5.3055e-04 | train_eval_loss=5.5106e-04 | val_loss=5.5049e-04 | | lr=1.00e-03
Epoch 078 | train_loss=5.5873e-04 | train_eval_loss=5.5095e-04 | val_loss=5.6143e-04 | | lr=1.00e-03
Epoch 079 | train_loss=5.2793e-04 | train_eval_loss=6.0692e-04 | val_loss=6.2898e-04 | | lr=1.00e-03
Epoch 080 | train_loss=5.6462e-04 | train_eval_loss=5.6229e-04 | val_loss=5.7320e-04 | | lr=1.00e-03
Epoch 081 | train_loss=5.4301e-04 | train_eval_loss=5.7443e-04 | val_loss=5.7812e-04 | | lr=1.00e-03
Epoch 082 | train_loss=4.8621e-04 | train_eval_loss=4.6341e-04 | val_loss=4.7260e-04 | | lr=5.00e-04
Saved best model to results/thesis_model_results/outputs/mtlsh_embeddability_tradeoff/MTLSH__mse__minmax__seed42__model_head_sizes128__model_shared_sizes64/mtlsh_state_dict_best.pt
Epoch 083 | train_loss=4.8109e-04 | train_eval_loss=4.8275e-04 | val_loss=4.9155e-04 | | lr=5.00e-04
Epoch 084 | train_loss=4.7201e-04 | train_eval_loss=4.7301e-04 | val_loss=4.8344e-04 | | lr=5.00e-04
Epoch 085 | train_loss=4.7973e-04 | train_eval_loss=4.5359e-04 | val_loss=4.6664e-04 | | lr=5.00e-04
Saved best model to results/thesis_model_results/outputs/mtlsh_embeddability_tradeoff/MTLSH__mse__minmax__seed42__model_head_sizes128__model_shared_sizes64/mtlsh_state_dict_best.pt
Epoch 086 | train_loss=4.6767e-04 | train_eval_loss=4.5977e-04 | val_loss=4.6543e-04 | | lr=5.00e-04
Saved best model to results/thesis_model_results/outputs/mtlsh_embeddability_tradeoff/MTLSH__mse__minmax__seed42__model_head_sizes128__model_shared_sizes64/mtlsh_state_dict_best.pt
Epoch 087 | train_loss=4.6898e-04 | train_eval_loss=5.1753e-04 | val_loss=5.3234e-04 | | lr=5.00e-04
Epoch 088 | train_loss=4.7644e-04 | train_eval_loss=4.8892e-04 | val_loss=5.0600e-04 | | lr=5.00e-04
Epoch 089 | train_loss=4.6852e-04 | train_eval_loss=4.7320e-04 | val_loss=4.8561e-04 | | lr=5.00e-04
Epoch 090 | train_loss=4.6677e-04 | train_eval_loss=4.6652e-04 | val_loss=4.7794e-04 | | lr=5.00e-04
Epoch 091 | train_loss=4.6379e-04 | train_eval_loss=4.5929e-04 | val_loss=4.7377e-04 | | lr=5.00e-04
Epoch 092 | train_loss=4.7045e-04 | train_eval_loss=4.9003e-04 | val_loss=5.0142e-04 | | lr=5.00e-04
Epoch 093 | train_loss=4.6998e-04 | train_eval_loss=4.8116e-04 | val_loss=4.9285e-04 | | lr=5.00e-04
Epoch 094 | train_loss=4.6715e-04 | train_eval_loss=4.8288e-04 | val_loss=4.9222e-04 | | lr=5.00e-04
Epoch 095 | train_loss=4.7309e-04 | train_eval_loss=4.4367e-04 | val_loss=4.5786e-04 | | lr=5.00e-04
Saved best model to results/thesis_model_results/outputs/mtlsh_embeddability_tradeoff/MTLSH__mse__minmax__seed42__model_head_sizes128__model_shared_sizes64/mtlsh_state_dict_best.pt
Epoch 096 | train_loss=4.6687e-04 | train_eval_loss=4.5243e-04 | val_loss=4.6862e-04 | | lr=5.00e-04
Epoch 097 | train_loss=4.5620e-04 | train_eval_loss=4.6331e-04 | val_loss=4.7776e-04 | | lr=5.00e-04
Epoch 098 | train_loss=4.6396e-04 | train_eval_loss=4.4319e-04 | val_loss=4.4950e-04 | | lr=5.00e-04
Saved best model to results/thesis_model_results/outputs/mtlsh_embeddability_tradeoff/MTLSH__mse__minmax__seed42__model_head_sizes128__model_shared_sizes64/mtlsh_state_dict_best.pt
Epoch 099 | train_loss=4.6796e-04 | train_eval_loss=5.3238e-04 | val_loss=5.5418e-04 | | lr=5.00e-04
Epoch 100 | train_loss=4.6739e-04 | train_eval_loss=4.3681e-04 | val_loss=4.5144e-04 | | lr=5.00e-04
Epoch 101 | train_loss=4.5564e-04 | train_eval_loss=4.5231e-04 | val_loss=4.6102e-04 | | lr=5.00e-04
Epoch 102 | train_loss=4.5521e-04 | train_eval_loss=4.3147e-04 | val_loss=4.4353e-04 | | lr=5.00e-04
Saved best model to results/thesis_model_results/outputs/mtlsh_embeddability_tradeoff/MTLSH__mse__minmax__seed42__model_head_sizes128__model_shared_sizes64/mtlsh_state_dict_best.pt
Epoch 103 | train_loss=4.5844e-04 | train_eval_loss=4.5394e-04 | val_loss=4.6865e-04 | | lr=5.00e-04
Epoch 104 | train_loss=4.5677e-04 | train_eval_loss=4.4720e-04 | val_loss=4.6020e-04 | | lr=5.00e-04
Epoch 105 | train_loss=4.5932e-04 | train_eval_loss=4.3913e-04 | val_loss=4.5440e-04 | | lr=5.00e-04
Epoch 106 | train_loss=4.4427e-04 | train_eval_loss=4.4182e-04 | val_loss=4.5561e-04 | | lr=5.00e-04
Epoch 107 | train_loss=4.5355e-04 | train_eval_loss=4.5046e-04 | val_loss=4.7199e-04 | | lr=5.00e-04
Epoch 108 | train_loss=4.5768e-04 | train_eval_loss=4.4769e-04 | val_loss=4.6403e-04 | | lr=5.00e-04
Epoch 109 | train_loss=4.4694e-04 | train_eval_loss=4.7231e-04 | val_loss=4.9045e-04 | | lr=5.00e-04
Epoch 110 | train_loss=4.5226e-04 | train_eval_loss=5.0583e-04 | val_loss=5.1149e-04 | | lr=5.00e-04
Epoch 111 | train_loss=4.6013e-04 | train_eval_loss=4.5258e-04 | val_loss=4.6968e-04 | | lr=5.00e-04
Epoch 112 | train_loss=4.1756e-04 | train_eval_loss=4.0019e-04 | val_loss=4.1520e-04 | | lr=2.50e-04
Saved best model to results/thesis_model_results/outputs/mtlsh_embeddability_tradeoff/MTLSH__mse__minmax__seed42__model_head_sizes128__model_shared_sizes64/mtlsh_state_dict_best.pt
Epoch 113 | train_loss=4.1513e-04 | train_eval_loss=4.0780e-04 | val_loss=4.2585e-04 | | lr=2.50e-04
Epoch 114 | train_loss=4.1464e-04 | train_eval_loss=4.1842e-04 | val_loss=4.3416e-04 | | lr=2.50e-04
Epoch 115 | train_loss=4.1308e-04 | train_eval_loss=4.2176e-04 | val_loss=4.4091e-04 | | lr=2.50e-04
Epoch 116 | train_loss=4.2384e-04 | train_eval_loss=4.0878e-04 | val_loss=4.2577e-04 | | lr=2.50e-04
Epoch 117 | train_loss=4.1695e-04 | train_eval_loss=4.1556e-04 | val_loss=4.2745e-04 | | lr=2.50e-04
Epoch 118 | train_loss=4.1128e-04 | train_eval_loss=4.1634e-04 | val_loss=4.3132e-04 | | lr=2.50e-04
Epoch 119 | train_loss=4.0943e-04 | train_eval_loss=4.0889e-04 | val_loss=4.2330e-04 | | lr=2.50e-04
Epoch 120 | train_loss=4.0607e-04 | train_eval_loss=4.0586e-04 | val_loss=4.2526e-04 | | lr=2.50e-04
Epoch 121 | train_loss=4.1041e-04 | train_eval_loss=4.0594e-04 | val_loss=4.2253e-04 | | lr=2.50e-04
Epoch 122 | train_loss=3.9763e-04 | train_eval_loss=3.9427e-04 | val_loss=4.1280e-04 | | lr=1.25e-04
Saved best model to results/thesis_model_results/outputs/mtlsh_embeddability_tradeoff/MTLSH__mse__minmax__seed42__model_head_sizes128__model_shared_sizes64/mtlsh_state_dict_best.pt
Epoch 123 | train_loss=3.9567e-04 | train_eval_loss=3.8861e-04 | val_loss=4.0706e-04 | | lr=1.25e-04
Saved best model to results/thesis_model_results/outputs/mtlsh_embeddability_tradeoff/MTLSH__mse__minmax__seed42__model_head_sizes128__model_shared_sizes64/mtlsh_state_dict_best.pt
Epoch 124 | train_loss=3.9453e-04 | train_eval_loss=3.9193e-04 | val_loss=4.1092e-04 | | lr=1.25e-04
Epoch 125 | train_loss=3.9255e-04 | train_eval_loss=3.8882e-04 | val_loss=4.0883e-04 | | lr=1.25e-04
Epoch 126 | train_loss=3.9504e-04 | train_eval_loss=3.9700e-04 | val_loss=4.1476e-04 | | lr=1.25e-04
Epoch 127 | train_loss=3.9589e-04 | train_eval_loss=3.9748e-04 | val_loss=4.1471e-04 | | lr=1.25e-04
Epoch 128 | train_loss=3.9634e-04 | train_eval_loss=3.9290e-04 | val_loss=4.1029e-04 | | lr=1.25e-04
Epoch 129 | train_loss=3.9417e-04 | train_eval_loss=3.9041e-04 | val_loss=4.1073e-04 | | lr=1.25e-04
Epoch 130 | train_loss=3.9265e-04 | train_eval_loss=3.8711e-04 | val_loss=4.0460e-04 | | lr=1.25e-04
Saved best model to results/thesis_model_results/outputs/mtlsh_embeddability_tradeoff/MTLSH__mse__minmax__seed42__model_head_sizes128__model_shared_sizes64/mtlsh_state_dict_best.pt
Epoch 131 | train_loss=3.9114e-04 | train_eval_loss=3.8988e-04 | val_loss=4.0821e-04 | | lr=1.25e-04
Epoch 132 | train_loss=3.9629e-04 | train_eval_loss=3.8434e-04 | val_loss=4.0254e-04 | | lr=1.25e-04
Saved best model to results/thesis_model_results/outputs/mtlsh_embeddability_tradeoff/MTLSH__mse__minmax__seed42__model_head_sizes128__model_shared_sizes64/mtlsh_state_dict_best.pt
Epoch 133 | train_loss=3.9416e-04 | train_eval_loss=3.8598e-04 | val_loss=4.0392e-04 | | lr=1.25e-04
Epoch 134 | train_loss=3.9624e-04 | train_eval_loss=3.9237e-04 | val_loss=4.1244e-04 | | lr=1.25e-04
Epoch 135 | train_loss=3.9347e-04 | train_eval_loss=3.9334e-04 | val_loss=4.1165e-04 | | lr=1.25e-04
Epoch 136 | train_loss=3.9302e-04 | train_eval_loss=3.8594e-04 | val_loss=4.0369e-04 | | lr=1.25e-04
Epoch 137 | train_loss=3.9145e-04 | train_eval_loss=3.8613e-04 | val_loss=4.0562e-04 | | lr=1.25e-04
Epoch 138 | train_loss=3.9218e-04 | train_eval_loss=3.8371e-04 | val_loss=4.0296e-04 | | lr=1.25e-04
Epoch 139 | train_loss=3.8819e-04 | train_eval_loss=3.8751e-04 | val_loss=4.0709e-04 | | lr=1.25e-04
Epoch 140 | train_loss=3.9289e-04 | train_eval_loss=4.0665e-04 | val_loss=4.2908e-04 | | lr=1.25e-04
Epoch 141 | train_loss=3.9354e-04 | train_eval_loss=4.0724e-04 | val_loss=4.2952e-04 | | lr=1.25e-04
Epoch 142 | train_loss=3.8540e-04 | train_eval_loss=3.8234e-04 | val_loss=4.0304e-04 | | lr=6.25e-05
Epoch 143 | train_loss=3.8351e-04 | train_eval_loss=3.8133e-04 | val_loss=4.0210e-04 | | lr=6.25e-05
Saved best model to results/thesis_model_results/outputs/mtlsh_embeddability_tradeoff/MTLSH__mse__minmax__seed42__model_head_sizes128__model_shared_sizes64/mtlsh_state_dict_best.pt
Epoch 144 | train_loss=3.8189e-04 | train_eval_loss=3.8159e-04 | val_loss=4.0098e-04 | | lr=6.25e-05
Saved best model to results/thesis_model_results/outputs/mtlsh_embeddability_tradeoff/MTLSH__mse__minmax__seed42__model_head_sizes128__model_shared_sizes64/mtlsh_state_dict_best.pt
Epoch 145 | train_loss=3.8270e-04 | train_eval_loss=3.8361e-04 | val_loss=4.0471e-04 | | lr=6.25e-05
Epoch 146 | train_loss=3.8203e-04 | train_eval_loss=3.8077e-04 | val_loss=4.0125e-04 | | lr=6.25e-05
Epoch 147 | train_loss=3.8214e-04 | train_eval_loss=3.8474e-04 | val_loss=4.0477e-04 | | lr=6.25e-05
Epoch 148 | train_loss=3.8142e-04 | train_eval_loss=3.7961e-04 | val_loss=3.9907e-04 | | lr=6.25e-05
Saved best model to results/thesis_model_results/outputs/mtlsh_embeddability_tradeoff/MTLSH__mse__minmax__seed42__model_head_sizes128__model_shared_sizes64/mtlsh_state_dict_best.pt
Epoch 149 | train_loss=3.8333e-04 | train_eval_loss=3.7890e-04 | val_loss=3.9944e-04 | | lr=6.25e-05
Epoch 150 | train_loss=3.8011e-04 | train_eval_loss=3.7893e-04 | val_loss=3.9869e-04 | | lr=6.25e-05
Saved best model to results/thesis_model_results/outputs/mtlsh_embeddability_tradeoff/MTLSH__mse__minmax__seed42__model_head_sizes128__model_shared_sizes64/mtlsh_state_dict_best.pt
Epoch 151 | train_loss=3.8118e-04 | train_eval_loss=3.7793e-04 | val_loss=3.9777e-04 | | lr=6.25e-05
Saved best model to results/thesis_model_results/outputs/mtlsh_embeddability_tradeoff/MTLSH__mse__minmax__seed42__model_head_sizes128__model_shared_sizes64/mtlsh_state_dict_best.pt
Epoch 152 | train_loss=3.7891e-04 | train_eval_loss=3.7915e-04 | val_loss=3.9976e-04 | | lr=6.25e-05
Epoch 153 | train_loss=3.8203e-04 | train_eval_loss=3.7765e-04 | val_loss=3.9644e-04 | | lr=6.25e-05
Saved best model to results/thesis_model_results/outputs/mtlsh_embeddability_tradeoff/MTLSH__mse__minmax__seed42__model_head_sizes128__model_shared_sizes64/mtlsh_state_dict_best.pt
Epoch 154 | train_loss=3.8098e-04 | train_eval_loss=3.7898e-04 | val_loss=3.9919e-04 | | lr=6.25e-05
Epoch 155 | train_loss=3.7956e-04 | train_eval_loss=3.7637e-04 | val_loss=3.9738e-04 | | lr=6.25e-05
Epoch 156 | train_loss=3.7962e-04 | train_eval_loss=3.7870e-04 | val_loss=4.0024e-04 | | lr=6.25e-05
Epoch 157 | train_loss=3.8026e-04 | train_eval_loss=3.7738e-04 | val_loss=3.9837e-04 | | lr=6.25e-05
Epoch 158 | train_loss=3.7881e-04 | train_eval_loss=3.7751e-04 | val_loss=3.9659e-04 | | lr=6.25e-05
Epoch 159 | train_loss=3.8002e-04 | train_eval_loss=3.7708e-04 | val_loss=3.9679e-04 | | lr=6.25e-05
Epoch 160 | train_loss=3.7863e-04 | train_eval_loss=3.7595e-04 | val_loss=3.9611e-04 | | lr=6.25e-05
Saved best model to results/thesis_model_results/outputs/mtlsh_embeddability_tradeoff/MTLSH__mse__minmax__seed42__model_head_sizes128__model_shared_sizes64/mtlsh_state_dict_best.pt
Epoch 161 | train_loss=3.7766e-04 | train_eval_loss=3.7626e-04 | val_loss=3.9518e-04 | | lr=6.25e-05
Saved best model to results/thesis_model_results/outputs/mtlsh_embeddability_tradeoff/MTLSH__mse__minmax__seed42__model_head_sizes128__model_shared_sizes64/mtlsh_state_dict_best.pt
Epoch 162 | train_loss=3.7713e-04 | train_eval_loss=3.7628e-04 | val_loss=3.9856e-04 | | lr=6.25e-05
Epoch 163 | train_loss=3.7970e-04 | train_eval_loss=3.7937e-04 | val_loss=4.0255e-04 | | lr=6.25e-05
Epoch 164 | train_loss=3.7805e-04 | train_eval_loss=3.7686e-04 | val_loss=3.9828e-04 | | lr=6.25e-05
Epoch 165 | train_loss=3.7934e-04 | train_eval_loss=3.7520e-04 | val_loss=3.9779e-04 | | lr=6.25e-05
Epoch 166 | train_loss=3.7781e-04 | train_eval_loss=3.8492e-04 | val_loss=4.0570e-04 | | lr=6.25e-05
Epoch 167 | train_loss=3.7748e-04 | train_eval_loss=3.7338e-04 | val_loss=3.9436e-04 | | lr=6.25e-05
Saved best model to results/thesis_model_results/outputs/mtlsh_embeddability_tradeoff/MTLSH__mse__minmax__seed42__model_head_sizes128__model_shared_sizes64/mtlsh_state_dict_best.pt
Epoch 168 | train_loss=3.7675e-04 | train_eval_loss=3.7267e-04 | val_loss=3.9288e-04 | | lr=6.25e-05
Saved best model to results/thesis_model_results/outputs/mtlsh_embeddability_tradeoff/MTLSH__mse__minmax__seed42__model_head_sizes128__model_shared_sizes64/mtlsh_state_dict_best.pt
Epoch 169 | train_loss=3.7715e-04 | train_eval_loss=3.7829e-04 | val_loss=4.0121e-04 | | lr=6.25e-05
Epoch 170 | train_loss=3.7990e-04 | train_eval_loss=3.7818e-04 | val_loss=4.0030e-04 | | lr=6.25e-05
Epoch 171 | train_loss=3.7732e-04 | train_eval_loss=3.7298e-04 | val_loss=3.9497e-04 | | lr=6.25e-05
Epoch 172 | train_loss=3.7808e-04 | train_eval_loss=3.8129e-04 | val_loss=4.0097e-04 | | lr=6.25e-05
Epoch 173 | train_loss=3.7670e-04 | train_eval_loss=3.7817e-04 | val_loss=3.9875e-04 | | lr=6.25e-05
Epoch 174 | train_loss=3.7708e-04 | train_eval_loss=3.7097e-04 | val_loss=3.9311e-04 | | lr=6.25e-05
Epoch 175 | train_loss=3.7534e-04 | train_eval_loss=3.7416e-04 | val_loss=3.9455e-04 | | lr=6.25e-05
Epoch 176 | train_loss=3.7576e-04 | train_eval_loss=3.7896e-04 | val_loss=4.0003e-04 | | lr=6.25e-05
Epoch 177 | train_loss=3.7469e-04 | train_eval_loss=3.7720e-04 | val_loss=3.9725e-04 | | lr=6.25e-05
Epoch 178 | train_loss=3.7185e-04 | train_eval_loss=3.7000e-04 | val_loss=3.9078e-04 | | lr=3.13e-05
Saved best model to results/thesis_model_results/outputs/mtlsh_embeddability_tradeoff/MTLSH__mse__minmax__seed42__model_head_sizes128__model_shared_sizes64/mtlsh_state_dict_best.pt
Epoch 179 | train_loss=3.7156e-04 | train_eval_loss=3.6863e-04 | val_loss=3.8948e-04 | | lr=3.13e-05
Saved best model to results/thesis_model_results/outputs/mtlsh_embeddability_tradeoff/MTLSH__mse__minmax__seed42__model_head_sizes128__model_shared_sizes64/mtlsh_state_dict_best.pt
Epoch 180 | train_loss=3.7079e-04 | train_eval_loss=3.6918e-04 | val_loss=3.9007e-04 | | lr=3.13e-05
Epoch 181 | train_loss=3.7033e-04 | train_eval_loss=3.6833e-04 | val_loss=3.9006e-04 | | lr=3.13e-05
Epoch 182 | train_loss=3.7039e-04 | train_eval_loss=3.6876e-04 | val_loss=3.8940e-04 | | lr=3.13e-05
Saved best model to results/thesis_model_results/outputs/mtlsh_embeddability_tradeoff/MTLSH__mse__minmax__seed42__model_head_sizes128__model_shared_sizes64/mtlsh_state_dict_best.pt
Epoch 183 | train_loss=3.7013e-04 | train_eval_loss=3.6821e-04 | val_loss=3.9026e-04 | | lr=3.13e-05
Epoch 184 | train_loss=3.6986e-04 | train_eval_loss=3.6751e-04 | val_loss=3.8918e-04 | | lr=3.13e-05
Saved best model to results/thesis_model_results/outputs/mtlsh_embeddability_tradeoff/MTLSH__mse__minmax__seed42__model_head_sizes128__model_shared_sizes64/mtlsh_state_dict_best.pt
Epoch 185 | train_loss=3.6981e-04 | train_eval_loss=3.6892e-04 | val_loss=3.9123e-04 | | lr=3.13e-05
Epoch 186 | train_loss=3.6991e-04 | train_eval_loss=3.6831e-04 | val_loss=3.8963e-04 | | lr=3.13e-05
Epoch 187 | train_loss=3.6936e-04 | train_eval_loss=3.7059e-04 | val_loss=3.9221e-04 | | lr=3.13e-05
Epoch 188 | train_loss=3.7037e-04 | train_eval_loss=3.6836e-04 | val_loss=3.8896e-04 | | lr=3.13e-05
Saved best model to results/thesis_model_results/outputs/mtlsh_embeddability_tradeoff/MTLSH__mse__minmax__seed42__model_head_sizes128__model_shared_sizes64/mtlsh_state_dict_best.pt
Epoch 189 | train_loss=3.7082e-04 | train_eval_loss=3.6657e-04 | val_loss=3.8879e-04 | | lr=3.13e-05
Saved best model to results/thesis_model_results/outputs/mtlsh_embeddability_tradeoff/MTLSH__mse__minmax__seed42__model_head_sizes128__model_shared_sizes64/mtlsh_state_dict_best.pt
Epoch 190 | train_loss=3.6932e-04 | train_eval_loss=3.6716e-04 | val_loss=3.8959e-04 | | lr=3.13e-05
Epoch 191 | train_loss=3.6910e-04 | train_eval_loss=3.6757e-04 | val_loss=3.8861e-04 | | lr=3.13e-05
Saved best model to results/thesis_model_results/outputs/mtlsh_embeddability_tradeoff/MTLSH__mse__minmax__seed42__model_head_sizes128__model_shared_sizes64/mtlsh_state_dict_best.pt
Epoch 192 | train_loss=3.6913e-04 | train_eval_loss=3.6872e-04 | val_loss=3.9073e-04 | | lr=3.13e-05
Epoch 193 | train_loss=3.6941e-04 | train_eval_loss=3.6695e-04 | val_loss=3.8881e-04 | | lr=3.13e-05
Epoch 194 | train_loss=3.6833e-04 | train_eval_loss=3.6689e-04 | val_loss=3.8852e-04 | | lr=3.13e-05
Saved best model to results/thesis_model_results/outputs/mtlsh_embeddability_tradeoff/MTLSH__mse__minmax__seed42__model_head_sizes128__model_shared_sizes64/mtlsh_state_dict_best.pt
Epoch 195 | train_loss=3.6975e-04 | train_eval_loss=3.7416e-04 | val_loss=3.9485e-04 | | lr=3.13e-05
Epoch 196 | train_loss=3.6963e-04 | train_eval_loss=3.6769e-04 | val_loss=3.8865e-04 | | lr=3.13e-05
Epoch 197 | train_loss=3.6916e-04 | train_eval_loss=3.6697e-04 | val_loss=3.8964e-04 | | lr=3.13e-05
Epoch 198 | train_loss=3.6883e-04 | train_eval_loss=3.6783e-04 | val_loss=3.9105e-04 | | lr=3.13e-05
Epoch 199 | train_loss=3.6949e-04 | train_eval_loss=3.6650e-04 | val_loss=3.8804e-04 | | lr=3.13e-05
Saved best model to results/thesis_model_results/outputs/mtlsh_embeddability_tradeoff/MTLSH__mse__minmax__seed42__model_head_sizes128__model_shared_sizes64/mtlsh_state_dict_best.pt
Epoch 200 | train_loss=3.6879e-04 | train_eval_loss=3.6779e-04 | val_loss=3.9030e-04 | | lr=3.13e-05
Saved training logs to results/thesis_model_results/outputs/mtlsh_embeddability_tradeoff/MTLSH__mse__minmax__seed42__model_head_sizes128__model_shared_sizes64/training_summary.txt
Test RMSE(rocof_COI) = 0.0140 | norm: 0.0106 | real_diff: 0.0096
Test RMSE(dev_COI) = 0.0233 | norm: 0.0086 | real_diff: 0.0122
Test RMSE(Delta_P_IBR_1) = 0.1200 | norm: 0.0189 | real_diff: 0.0803
Test RMSE(Delta_P_IBR_2) = 0.1054 | norm: 0.0147 | real_diff: 0.0613
Test RMSE(Delta_P_IBR_3) = 0.1910 | norm: 0.0335 | real_diff: 0.1068
Test RMSE(Delta_P_IBR_4) = 0.1905 | norm: 0.0197 | real_diff: 0.1208
Saved RMSE results to results/thesis_model_results/outputs/mtlsh_embeddability_tradeoff/MTLSH__mse__minmax__seed42__model_head_sizes128__model_shared_sizes64/rmse_results.txt
Saved detailed metrics to results/thesis_model_results/outputs/mtlsh_embeddability_tradeoff/MTLSH__mse__minmax__seed42__model_head_sizes128__model_shared_sizes64/metrics_by_target.csv
Saved aggregate metrics to results/thesis_model_results/outputs/mtlsh_embeddability_tradeoff/MTLSH__mse__minmax__seed42__model_head_sizes128__model_shared_sizes64/metrics_summary.json
Saved loss curves to results/thesis_model_results/outputs/mtlsh_embeddability_tradeoff/MTLSH__mse__minmax__seed42__model_head_sizes128__model_shared_sizes64/loss_curve.png
Saved scatter plot results/thesis_model_results/outputs/mtlsh_embeddability_tradeoff/MTLSH__mse__minmax__seed42__model_head_sizes128__model_shared_sizes64/scatter_rocof_COI.png
Saved scatter plot results/thesis_model_results/outputs/mtlsh_embeddability_tradeoff/MTLSH__mse__minmax__seed42__model_head_sizes128__model_shared_sizes64/scatter_dev_COI.png
Saved scatter plot results/thesis_model_results/outputs/mtlsh_embeddability_tradeoff/MTLSH__mse__minmax__seed42__model_head_sizes128__model_shared_sizes64/scatter_Delta_P_IBR_1.png
Saved scatter plot results/thesis_model_results/outputs/mtlsh_embeddability_tradeoff/MTLSH__mse__minmax__seed42__model_head_sizes128__model_shared_sizes64/scatter_Delta_P_IBR_2.png
Saved scatter plot results/thesis_model_results/outputs/mtlsh_embeddability_tradeoff/MTLSH__mse__minmax__seed42__model_head_sizes128__model_shared_sizes64/scatter_Delta_P_IBR_3.png
Saved scatter plot results/thesis_model_results/outputs/mtlsh_embeddability_tradeoff/MTLSH__mse__minmax__seed42__model_head_sizes128__model_shared_sizes64/scatter_Delta_P_IBR_4.png
Saved model to results/thesis_model_results/outputs/mtlsh_embeddability_tradeoff/MTLSH__mse__minmax__seed42__model_head_sizes128__model_shared_sizes64/mtlsh_state_dict.pt
Loss type: mse | weights=[]
Target stats (scaled):
train mean=[0.549  0.589  0.492  0.4884 0.4785 0.4192]
train std=[0.1365 0.1371 0.1141 0.1063 0.1158 0.1138]
train q05=[0.3074 0.3979 0.3192 0.303  0.3347 0.2205]
train q95=[0.7933 0.8652 0.6719 0.6491 0.6927 0.6016]
val mean=[0.5473 0.5873 0.4922 0.4893 0.4798 0.4201]
val std=[0.1343 0.1348 0.1123 0.1072 0.1141 0.1112]
val q05=[0.3103 0.3982 0.3195 0.303  0.3376 0.2251]
val q95=[0.7886 0.8626 0.6731 0.6514 0.6918 0.5984]
val/train std ratio=[0.984  0.9828 0.9844 1.0084 0.9848 0.9772]
LR scheduler: ReduceLROnPlateau (factor=0.5, patience=8, min_lr=1e-07)
Epoch 001 | train_loss=3.0121e-02 | train_eval_loss=1.4132e-02 | val_loss=1.3733e-02 | | lr=1.00e-03
Saved best model to results/thesis_model_results/outputs/mtlsh_embeddability_tradeoff/MTLSH__mse__minmax__seed42__model_head_sizes128_64__model_shared_sizes64/mtlsh_state_dict_best.pt
Epoch 002 | train_loss=1.0682e-02 | train_eval_loss=4.9890e-03 | val_loss=4.8674e-03 | | lr=1.00e-03
Saved best model to results/thesis_model_results/outputs/mtlsh_embeddability_tradeoff/MTLSH__mse__minmax__seed42__model_head_sizes128_64__model_shared_sizes64/mtlsh_state_dict_best.pt
Epoch 003 | train_loss=3.8204e-03 | train_eval_loss=2.9407e-03 | val_loss=2.8798e-03 | | lr=1.00e-03
Saved best model to results/thesis_model_results/outputs/mtlsh_embeddability_tradeoff/MTLSH__mse__minmax__seed42__model_head_sizes128_64__model_shared_sizes64/mtlsh_state_dict_best.pt
Epoch 004 | train_loss=2.5374e-03 | train_eval_loss=2.2452e-03 | val_loss=2.1994e-03 | | lr=1.00e-03
Saved best model to results/thesis_model_results/outputs/mtlsh_embeddability_tradeoff/MTLSH__mse__minmax__seed42__model_head_sizes128_64__model_shared_sizes64/mtlsh_state_dict_best.pt
Epoch 005 | train_loss=2.0354e-03 | train_eval_loss=2.1141e-03 | val_loss=2.0792e-03 | | lr=1.00e-03
Saved best model to results/thesis_model_results/outputs/mtlsh_embeddability_tradeoff/MTLSH__mse__minmax__seed42__model_head_sizes128_64__model_shared_sizes64/mtlsh_state_dict_best.pt
Epoch 006 | train_loss=1.8253e-03 | train_eval_loss=1.8459e-03 | val_loss=1.8093e-03 | | lr=1.00e-03
Saved best model to results/thesis_model_results/outputs/mtlsh_embeddability_tradeoff/MTLSH__mse__minmax__seed42__model_head_sizes128_64__model_shared_sizes64/mtlsh_state_dict_best.pt
Epoch 007 | train_loss=1.6890e-03 | train_eval_loss=1.6133e-03 | val_loss=1.5866e-03 | | lr=1.00e-03
Saved best model to results/thesis_model_results/outputs/mtlsh_embeddability_tradeoff/MTLSH__mse__minmax__seed42__model_head_sizes128_64__model_shared_sizes64/mtlsh_state_dict_best.pt
Epoch 008 | train_loss=1.6165e-03 | train_eval_loss=1.5197e-03 | val_loss=1.4918e-03 | | lr=1.00e-03
Saved best model to results/thesis_model_results/outputs/mtlsh_embeddability_tradeoff/MTLSH__mse__minmax__seed42__model_head_sizes128_64__model_shared_sizes64/mtlsh_state_dict_best.pt
Epoch 009 | train_loss=1.5946e-03 | train_eval_loss=1.5676e-03 | val_loss=1.5490e-03 | | lr=1.00e-03
Epoch 010 | train_loss=1.5108e-03 | train_eval_loss=1.4150e-03 | val_loss=1.3932e-03 | | lr=1.00e-03
Saved best model to results/thesis_model_results/outputs/mtlsh_embeddability_tradeoff/MTLSH__mse__minmax__seed42__model_head_sizes128_64__model_shared_sizes64/mtlsh_state_dict_best.pt
Epoch 011 | train_loss=1.4476e-03 | train_eval_loss=1.4744e-03 | val_loss=1.4487e-03 | | lr=1.00e-03
Epoch 012 | train_loss=1.4142e-03 | train_eval_loss=1.4646e-03 | val_loss=1.4494e-03 | | lr=1.00e-03
Epoch 013 | train_loss=1.3665e-03 | train_eval_loss=1.2999e-03 | val_loss=1.2811e-03 | | lr=1.00e-03
Saved best model to results/thesis_model_results/outputs/mtlsh_embeddability_tradeoff/MTLSH__mse__minmax__seed42__model_head_sizes128_64__model_shared_sizes64/mtlsh_state_dict_best.pt
Epoch 014 | train_loss=1.3129e-03 | train_eval_loss=1.2642e-03 | val_loss=1.2474e-03 | | lr=1.00e-03
Saved best model to results/thesis_model_results/outputs/mtlsh_embeddability_tradeoff/MTLSH__mse__minmax__seed42__model_head_sizes128_64__model_shared_sizes64/mtlsh_state_dict_best.pt
Epoch 015 | train_loss=1.2619e-03 | train_eval_loss=1.1912e-03 | val_loss=1.1788e-03 | | lr=1.00e-03
Saved best model to results/thesis_model_results/outputs/mtlsh_embeddability_tradeoff/MTLSH__mse__minmax__seed42__model_head_sizes128_64__model_shared_sizes64/mtlsh_state_dict_best.pt
Epoch 016 | train_loss=1.2413e-03 | train_eval_loss=1.1855e-03 | val_loss=1.1740e-03 | | lr=1.00e-03
Saved best model to results/thesis_model_results/outputs/mtlsh_embeddability_tradeoff/MTLSH__mse__minmax__seed42__model_head_sizes128_64__model_shared_sizes64/mtlsh_state_dict_best.pt
Epoch 017 | train_loss=1.1888e-03 | train_eval_loss=1.2831e-03 | val_loss=1.2717e-03 | | lr=1.00e-03
Epoch 018 | train_loss=1.1882e-03 | train_eval_loss=1.3053e-03 | val_loss=1.2983e-03 | | lr=1.00e-03
Epoch 019 | train_loss=1.1322e-03 | train_eval_loss=1.0682e-03 | val_loss=1.0576e-03 | | lr=1.00e-03
Saved best model to results/thesis_model_results/outputs/mtlsh_embeddability_tradeoff/MTLSH__mse__minmax__seed42__model_head_sizes128_64__model_shared_sizes64/mtlsh_state_dict_best.pt
Epoch 020 | train_loss=1.0714e-03 | train_eval_loss=1.0100e-03 | val_loss=9.9988e-04 | | lr=1.00e-03
Saved best model to results/thesis_model_results/outputs/mtlsh_embeddability_tradeoff/MTLSH__mse__minmax__seed42__model_head_sizes128_64__model_shared_sizes64/mtlsh_state_dict_best.pt
Epoch 021 | train_loss=1.0400e-03 | train_eval_loss=1.0467e-03 | val_loss=1.0357e-03 | | lr=1.00e-03
Epoch 022 | train_loss=1.0285e-03 | train_eval_loss=1.0699e-03 | val_loss=1.0553e-03 | | lr=1.00e-03
Epoch 023 | train_loss=9.9903e-04 | train_eval_loss=1.0772e-03 | val_loss=1.0679e-03 | | lr=1.00e-03
Epoch 024 | train_loss=9.4583e-04 | train_eval_loss=9.5443e-04 | val_loss=9.4296e-04 | | lr=1.00e-03
Saved best model to results/thesis_model_results/outputs/mtlsh_embeddability_tradeoff/MTLSH__mse__minmax__seed42__model_head_sizes128_64__model_shared_sizes64/mtlsh_state_dict_best.pt
Epoch 025 | train_loss=9.3046e-04 | train_eval_loss=1.0566e-03 | val_loss=1.0549e-03 | | lr=1.00e-03
Epoch 026 | train_loss=9.2970e-04 | train_eval_loss=8.9073e-04 | val_loss=8.8842e-04 | | lr=1.00e-03
Saved best model to results/thesis_model_results/outputs/mtlsh_embeddability_tradeoff/MTLSH__mse__minmax__seed42__model_head_sizes128_64__model_shared_sizes64/mtlsh_state_dict_best.pt
Epoch 027 | train_loss=9.3847e-04 | train_eval_loss=8.7772e-04 | val_loss=8.6819e-04 | | lr=1.00e-03
Saved best model to results/thesis_model_results/outputs/mtlsh_embeddability_tradeoff/MTLSH__mse__minmax__seed42__model_head_sizes128_64__model_shared_sizes64/mtlsh_state_dict_best.pt
Epoch 028 | train_loss=8.3672e-04 | train_eval_loss=8.3392e-04 | val_loss=8.2790e-04 | | lr=1.00e-03
Saved best model to results/thesis_model_results/outputs/mtlsh_embeddability_tradeoff/MTLSH__mse__minmax__seed42__model_head_sizes128_64__model_shared_sizes64/mtlsh_state_dict_best.pt
Epoch 029 | train_loss=8.1183e-04 | train_eval_loss=8.2760e-04 | val_loss=8.3057e-04 | | lr=1.00e-03
Epoch 030 | train_loss=8.1632e-04 | train_eval_loss=7.4416e-04 | val_loss=7.4334e-04 | | lr=1.00e-03
Saved best model to results/thesis_model_results/outputs/mtlsh_embeddability_tradeoff/MTLSH__mse__minmax__seed42__model_head_sizes128_64__model_shared_sizes64/mtlsh_state_dict_best.pt
Epoch 031 | train_loss=7.9101e-04 | train_eval_loss=9.6263e-04 | val_loss=9.5416e-04 | | lr=1.00e-03
Epoch 032 | train_loss=7.9721e-04 | train_eval_loss=7.5538e-04 | val_loss=7.5785e-04 | | lr=1.00e-03
Epoch 033 | train_loss=7.8879e-04 | train_eval_loss=7.9827e-04 | val_loss=7.9591e-04 | | lr=1.00e-03
Epoch 034 | train_loss=7.2822e-04 | train_eval_loss=1.1116e-03 | val_loss=1.1000e-03 | | lr=1.00e-03
Epoch 035 | train_loss=7.4290e-04 | train_eval_loss=8.7199e-04 | val_loss=8.5884e-04 | | lr=1.00e-03
Epoch 036 | train_loss=7.2367e-04 | train_eval_loss=6.4099e-04 | val_loss=6.3756e-04 | | lr=1.00e-03
Saved best model to results/thesis_model_results/outputs/mtlsh_embeddability_tradeoff/MTLSH__mse__minmax__seed42__model_head_sizes128_64__model_shared_sizes64/mtlsh_state_dict_best.pt
Epoch 037 | train_loss=6.8818e-04 | train_eval_loss=9.2193e-04 | val_loss=9.0691e-04 | | lr=1.00e-03
Epoch 038 | train_loss=6.6895e-04 | train_eval_loss=6.3891e-04 | val_loss=6.3740e-04 | | lr=1.00e-03
Saved best model to results/thesis_model_results/outputs/mtlsh_embeddability_tradeoff/MTLSH__mse__minmax__seed42__model_head_sizes128_64__model_shared_sizes64/mtlsh_state_dict_best.pt
Epoch 039 | train_loss=6.7830e-04 | train_eval_loss=6.9755e-04 | val_loss=6.9261e-04 | | lr=1.00e-03
Epoch 040 | train_loss=6.3373e-04 | train_eval_loss=6.3576e-04 | val_loss=6.2924e-04 | | lr=1.00e-03
Saved best model to results/thesis_model_results/outputs/mtlsh_embeddability_tradeoff/MTLSH__mse__minmax__seed42__model_head_sizes128_64__model_shared_sizes64/mtlsh_state_dict_best.pt
Epoch 041 | train_loss=6.5489e-04 | train_eval_loss=7.1766e-04 | val_loss=7.2283e-04 | | lr=1.00e-03
Epoch 042 | train_loss=6.8263e-04 | train_eval_loss=7.6411e-04 | val_loss=7.5193e-04 | | lr=1.00e-03
Epoch 043 | train_loss=6.3977e-04 | train_eval_loss=6.6351e-04 | val_loss=6.6589e-04 | | lr=1.00e-03
Epoch 044 | train_loss=6.9668e-04 | train_eval_loss=6.5374e-04 | val_loss=6.5000e-04 | | lr=1.00e-03
Epoch 045 | train_loss=6.2372e-04 | train_eval_loss=7.2028e-04 | val_loss=7.1489e-04 | | lr=1.00e-03
Epoch 046 | train_loss=6.3580e-04 | train_eval_loss=7.5579e-04 | val_loss=7.5011e-04 | | lr=1.00e-03
Epoch 047 | train_loss=6.3637e-04 | train_eval_loss=6.8323e-04 | val_loss=6.8997e-04 | | lr=1.00e-03
Epoch 048 | train_loss=6.1644e-04 | train_eval_loss=5.6232e-04 | val_loss=5.6302e-04 | | lr=1.00e-03
Saved best model to results/thesis_model_results/outputs/mtlsh_embeddability_tradeoff/MTLSH__mse__minmax__seed42__model_head_sizes128_64__model_shared_sizes64/mtlsh_state_dict_best.pt
Epoch 049 | train_loss=5.8646e-04 | train_eval_loss=5.9081e-04 | val_loss=5.8596e-04 | | lr=1.00e-03
Epoch 050 | train_loss=5.8965e-04 | train_eval_loss=5.5394e-04 | val_loss=5.5835e-04 | | lr=1.00e-03
Saved best model to results/thesis_model_results/outputs/mtlsh_embeddability_tradeoff/MTLSH__mse__minmax__seed42__model_head_sizes128_64__model_shared_sizes64/mtlsh_state_dict_best.pt
Epoch 051 | train_loss=6.1856e-04 | train_eval_loss=5.9074e-04 | val_loss=5.8880e-04 | | lr=1.00e-03
Epoch 052 | train_loss=5.7381e-04 | train_eval_loss=5.3899e-04 | val_loss=5.3644e-04 | | lr=1.00e-03
Saved best model to results/thesis_model_results/outputs/mtlsh_embeddability_tradeoff/MTLSH__mse__minmax__seed42__model_head_sizes128_64__model_shared_sizes64/mtlsh_state_dict_best.pt
Epoch 053 | train_loss=6.1079e-04 | train_eval_loss=5.4391e-04 | val_loss=5.5121e-04 | | lr=1.00e-03
Epoch 054 | train_loss=6.0705e-04 | train_eval_loss=6.1031e-04 | val_loss=6.1476e-04 | | lr=1.00e-03
Epoch 055 | train_loss=5.7169e-04 | train_eval_loss=6.5441e-04 | val_loss=6.4839e-04 | | lr=1.00e-03
Epoch 056 | train_loss=5.8343e-04 | train_eval_loss=6.6580e-04 | val_loss=6.7470e-04 | | lr=1.00e-03
Epoch 057 | train_loss=5.8229e-04 | train_eval_loss=5.3312e-04 | val_loss=5.4254e-04 | | lr=1.00e-03
Epoch 058 | train_loss=5.6407e-04 | train_eval_loss=6.1485e-04 | val_loss=6.2385e-04 | | lr=1.00e-03
Epoch 059 | train_loss=5.7013e-04 | train_eval_loss=5.7293e-04 | val_loss=5.7379e-04 | | lr=1.00e-03
Epoch 060 | train_loss=5.4478e-04 | train_eval_loss=6.1597e-04 | val_loss=6.3180e-04 | | lr=1.00e-03
Epoch 061 | train_loss=5.6217e-04 | train_eval_loss=6.2270e-04 | val_loss=6.3477e-04 | | lr=1.00e-03
Epoch 062 | train_loss=4.8663e-04 | train_eval_loss=4.5621e-04 | val_loss=4.6949e-04 | | lr=5.00e-04
Saved best model to results/thesis_model_results/outputs/mtlsh_embeddability_tradeoff/MTLSH__mse__minmax__seed42__model_head_sizes128_64__model_shared_sizes64/mtlsh_state_dict_best.pt
Epoch 063 | train_loss=4.7150e-04 | train_eval_loss=4.6159e-04 | val_loss=4.7239e-04 | | lr=5.00e-04
Epoch 064 | train_loss=4.6829e-04 | train_eval_loss=4.6621e-04 | val_loss=4.7386e-04 | | lr=5.00e-04
Epoch 065 | train_loss=4.7470e-04 | train_eval_loss=4.6564e-04 | val_loss=4.7854e-04 | | lr=5.00e-04
Epoch 066 | train_loss=4.6698e-04 | train_eval_loss=4.5857e-04 | val_loss=4.7315e-04 | | lr=5.00e-04
Epoch 067 | train_loss=4.5925e-04 | train_eval_loss=4.7587e-04 | val_loss=4.9455e-04 | | lr=5.00e-04
Epoch 068 | train_loss=4.6096e-04 | train_eval_loss=4.5667e-04 | val_loss=4.7000e-04 | | lr=5.00e-04
Epoch 069 | train_loss=4.6546e-04 | train_eval_loss=4.6450e-04 | val_loss=4.7761e-04 | | lr=5.00e-04
Epoch 070 | train_loss=4.6388e-04 | train_eval_loss=4.7995e-04 | val_loss=4.9149e-04 | | lr=5.00e-04
Epoch 071 | train_loss=4.5954e-04 | train_eval_loss=4.7755e-04 | val_loss=4.8869e-04 | | lr=5.00e-04
Epoch 072 | train_loss=4.3263e-04 | train_eval_loss=4.2853e-04 | val_loss=4.4088e-04 | | lr=2.50e-04
Saved best model to results/thesis_model_results/outputs/mtlsh_embeddability_tradeoff/MTLSH__mse__minmax__seed42__model_head_sizes128_64__model_shared_sizes64/mtlsh_state_dict_best.pt
Epoch 073 | train_loss=4.3416e-04 | train_eval_loss=4.2740e-04 | val_loss=4.4358e-04 | | lr=2.50e-04
Epoch 074 | train_loss=4.2966e-04 | train_eval_loss=4.2431e-04 | val_loss=4.4050e-04 | | lr=2.50e-04
Saved best model to results/thesis_model_results/outputs/mtlsh_embeddability_tradeoff/MTLSH__mse__minmax__seed42__model_head_sizes128_64__model_shared_sizes64/mtlsh_state_dict_best.pt
Epoch 075 | train_loss=4.2559e-04 | train_eval_loss=4.2225e-04 | val_loss=4.3737e-04 | | lr=2.50e-04
Saved best model to results/thesis_model_results/outputs/mtlsh_embeddability_tradeoff/MTLSH__mse__minmax__seed42__model_head_sizes128_64__model_shared_sizes64/mtlsh_state_dict_best.pt
Epoch 076 | train_loss=4.3067e-04 | train_eval_loss=4.3247e-04 | val_loss=4.4394e-04 | | lr=2.50e-04
Epoch 077 | train_loss=4.3034e-04 | train_eval_loss=4.3952e-04 | val_loss=4.5326e-04 | | lr=2.50e-04
Epoch 078 | train_loss=4.1977e-04 | train_eval_loss=4.2505e-04 | val_loss=4.4329e-04 | | lr=2.50e-04
Epoch 079 | train_loss=4.1939e-04 | train_eval_loss=4.1111e-04 | val_loss=4.2835e-04 | | lr=2.50e-04
Saved best model to results/thesis_model_results/outputs/mtlsh_embeddability_tradeoff/MTLSH__mse__minmax__seed42__model_head_sizes128_64__model_shared_sizes64/mtlsh_state_dict_best.pt
Epoch 080 | train_loss=4.2178e-04 | train_eval_loss=4.2346e-04 | val_loss=4.4159e-04 | | lr=2.50e-04
Epoch 081 | train_loss=4.2414e-04 | train_eval_loss=4.2166e-04 | val_loss=4.3536e-04 | | lr=2.50e-04
Epoch 082 | train_loss=4.2249e-04 | train_eval_loss=4.1834e-04 | val_loss=4.3114e-04 | | lr=2.50e-04
Epoch 083 | train_loss=4.2114e-04 | train_eval_loss=4.0787e-04 | val_loss=4.2431e-04 | | lr=2.50e-04
Saved best model to results/thesis_model_results/outputs/mtlsh_embeddability_tradeoff/MTLSH__mse__minmax__seed42__model_head_sizes128_64__model_shared_sizes64/mtlsh_state_dict_best.pt
Epoch 084 | train_loss=4.1661e-04 | train_eval_loss=4.2653e-04 | val_loss=4.4636e-04 | | lr=2.50e-04
Epoch 085 | train_loss=4.2415e-04 | train_eval_loss=4.2360e-04 | val_loss=4.3968e-04 | | lr=2.50e-04
Epoch 086 | train_loss=4.1966e-04 | train_eval_loss=4.3473e-04 | val_loss=4.5097e-04 | | lr=2.50e-04
Epoch 087 | train_loss=4.1691e-04 | train_eval_loss=4.2092e-04 | val_loss=4.3389e-04 | | lr=2.50e-04
Epoch 088 | train_loss=4.1875e-04 | train_eval_loss=4.0898e-04 | val_loss=4.2528e-04 | | lr=2.50e-04
Epoch 089 | train_loss=4.1681e-04 | train_eval_loss=4.1844e-04 | val_loss=4.3055e-04 | | lr=2.50e-04
Epoch 090 | train_loss=4.1100e-04 | train_eval_loss=4.0840e-04 | val_loss=4.2836e-04 | | lr=2.50e-04
Epoch 091 | train_loss=4.0803e-04 | train_eval_loss=3.9946e-04 | val_loss=4.1959e-04 | | lr=2.50e-04
Saved best model to results/thesis_model_results/outputs/mtlsh_embeddability_tradeoff/MTLSH__mse__minmax__seed42__model_head_sizes128_64__model_shared_sizes64/mtlsh_state_dict_best.pt
Epoch 092 | train_loss=4.1122e-04 | train_eval_loss=4.1843e-04 | val_loss=4.3505e-04 | | lr=2.50e-04
Epoch 093 | train_loss=4.0771e-04 | train_eval_loss=4.1074e-04 | val_loss=4.3053e-04 | | lr=2.50e-04
Epoch 094 | train_loss=4.1143e-04 | train_eval_loss=4.5860e-04 | val_loss=4.7214e-04 | | lr=2.50e-04
Epoch 095 | train_loss=4.1370e-04 | train_eval_loss=4.0359e-04 | val_loss=4.2220e-04 | | lr=2.50e-04
Epoch 096 | train_loss=4.0800e-04 | train_eval_loss=4.1582e-04 | val_loss=4.3607e-04 | | lr=2.50e-04
Epoch 097 | train_loss=4.2023e-04 | train_eval_loss=4.6099e-04 | val_loss=4.8505e-04 | | lr=2.50e-04
Epoch 098 | train_loss=4.1169e-04 | train_eval_loss=4.3946e-04 | val_loss=4.6165e-04 | | lr=2.50e-04
Epoch 099 | train_loss=3.9939e-04 | train_eval_loss=3.9483e-04 | val_loss=4.1495e-04 | | lr=2.50e-04
Saved best model to results/thesis_model_results/outputs/mtlsh_embeddability_tradeoff/MTLSH__mse__minmax__seed42__model_head_sizes128_64__model_shared_sizes64/mtlsh_state_dict_best.pt
Epoch 100 | train_loss=4.0364e-04 | train_eval_loss=4.0193e-04 | val_loss=4.2264e-04 | | lr=2.50e-04
Epoch 101 | train_loss=4.0116e-04 | train_eval_loss=4.1408e-04 | val_loss=4.2980e-04 | | lr=2.50e-04
Epoch 102 | train_loss=4.0408e-04 | train_eval_loss=4.0453e-04 | val_loss=4.3038e-04 | | lr=2.50e-04
Epoch 103 | train_loss=4.0263e-04 | train_eval_loss=4.0552e-04 | val_loss=4.2298e-04 | | lr=2.50e-04
Epoch 104 | train_loss=3.9904e-04 | train_eval_loss=3.9670e-04 | val_loss=4.1513e-04 | | lr=2.50e-04
Epoch 105 | train_loss=3.9862e-04 | train_eval_loss=3.9134e-04 | val_loss=4.1305e-04 | | lr=2.50e-04
Saved best model to results/thesis_model_results/outputs/mtlsh_embeddability_tradeoff/MTLSH__mse__minmax__seed42__model_head_sizes128_64__model_shared_sizes64/mtlsh_state_dict_best.pt
Epoch 106 | train_loss=3.9445e-04 | train_eval_loss=4.0078e-04 | val_loss=4.1866e-04 | | lr=2.50e-04
Epoch 107 | train_loss=3.9676e-04 | train_eval_loss=4.1922e-04 | val_loss=4.3577e-04 | | lr=2.50e-04
Epoch 108 | train_loss=3.9495e-04 | train_eval_loss=3.8416e-04 | val_loss=4.0564e-04 | | lr=2.50e-04
Saved best model to results/thesis_model_results/outputs/mtlsh_embeddability_tradeoff/MTLSH__mse__minmax__seed42__model_head_sizes128_64__model_shared_sizes64/mtlsh_state_dict_best.pt
Epoch 109 | train_loss=3.8907e-04 | train_eval_loss=4.1605e-04 | val_loss=4.4262e-04 | | lr=2.50e-04
Epoch 110 | train_loss=4.0396e-04 | train_eval_loss=3.8247e-04 | val_loss=3.9906e-04 | | lr=2.50e-04
Saved best model to results/thesis_model_results/outputs/mtlsh_embeddability_tradeoff/MTLSH__mse__minmax__seed42__model_head_sizes128_64__model_shared_sizes64/mtlsh_state_dict_best.pt
Epoch 111 | train_loss=3.9288e-04 | train_eval_loss=3.8606e-04 | val_loss=4.0852e-04 | | lr=2.50e-04
Epoch 112 | train_loss=3.9332e-04 | train_eval_loss=3.8608e-04 | val_loss=4.0848e-04 | | lr=2.50e-04
Epoch 113 | train_loss=3.8397e-04 | train_eval_loss=3.9031e-04 | val_loss=4.1190e-04 | | lr=2.50e-04
Epoch 114 | train_loss=3.9278e-04 | train_eval_loss=3.8722e-04 | val_loss=4.1065e-04 | | lr=2.50e-04
Epoch 115 | train_loss=3.9518e-04 | train_eval_loss=3.7382e-04 | val_loss=3.9491e-04 | | lr=2.50e-04
Saved best model to results/thesis_model_results/outputs/mtlsh_embeddability_tradeoff/MTLSH__mse__minmax__seed42__model_head_sizes128_64__model_shared_sizes64/mtlsh_state_dict_best.pt
Epoch 116 | train_loss=3.8715e-04 | train_eval_loss=3.8728e-04 | val_loss=4.1244e-04 | | lr=2.50e-04
Epoch 117 | train_loss=3.8707e-04 | train_eval_loss=3.8437e-04 | val_loss=4.0662e-04 | | lr=2.50e-04
Epoch 118 | train_loss=3.8010e-04 | train_eval_loss=3.7455e-04 | val_loss=3.9472e-04 | | lr=2.50e-04
Saved best model to results/thesis_model_results/outputs/mtlsh_embeddability_tradeoff/MTLSH__mse__minmax__seed42__model_head_sizes128_64__model_shared_sizes64/mtlsh_state_dict_best.pt
Epoch 119 | train_loss=3.7676e-04 | train_eval_loss=3.6879e-04 | val_loss=3.9181e-04 | | lr=2.50e-04
Saved best model to results/thesis_model_results/outputs/mtlsh_embeddability_tradeoff/MTLSH__mse__minmax__seed42__model_head_sizes128_64__model_shared_sizes64/mtlsh_state_dict_best.pt
Epoch 120 | train_loss=3.8397e-04 | train_eval_loss=3.6817e-04 | val_loss=3.8468e-04 | | lr=2.50e-04
Saved best model to results/thesis_model_results/outputs/mtlsh_embeddability_tradeoff/MTLSH__mse__minmax__seed42__model_head_sizes128_64__model_shared_sizes64/mtlsh_state_dict_best.pt
Epoch 121 | train_loss=3.7900e-04 | train_eval_loss=3.6872e-04 | val_loss=3.8782e-04 | | lr=2.50e-04
Epoch 122 | train_loss=3.8528e-04 | train_eval_loss=3.7552e-04 | val_loss=3.9729e-04 | | lr=2.50e-04
Epoch 123 | train_loss=3.7359e-04 | train_eval_loss=3.6299e-04 | val_loss=3.8950e-04 | | lr=2.50e-04
Epoch 124 | train_loss=3.7746e-04 | train_eval_loss=3.6810e-04 | val_loss=3.8831e-04 | | lr=2.50e-04
Epoch 125 | train_loss=3.7640e-04 | train_eval_loss=3.7408e-04 | val_loss=3.9699e-04 | | lr=2.50e-04
Epoch 126 | train_loss=3.7313e-04 | train_eval_loss=3.6427e-04 | val_loss=3.8723e-04 | | lr=2.50e-04
Epoch 127 | train_loss=3.6731e-04 | train_eval_loss=3.6112e-04 | val_loss=3.8671e-04 | | lr=2.50e-04
Epoch 128 | train_loss=3.7371e-04 | train_eval_loss=3.5788e-04 | val_loss=3.8350e-04 | | lr=2.50e-04
Saved best model to results/thesis_model_results/outputs/mtlsh_embeddability_tradeoff/MTLSH__mse__minmax__seed42__model_head_sizes128_64__model_shared_sizes64/mtlsh_state_dict_best.pt
Epoch 129 | train_loss=3.7080e-04 | train_eval_loss=3.7307e-04 | val_loss=3.9585e-04 | | lr=2.50e-04
Epoch 130 | train_loss=3.6384e-04 | train_eval_loss=3.5178e-04 | val_loss=3.7142e-04 | | lr=2.50e-04
Saved best model to results/thesis_model_results/outputs/mtlsh_embeddability_tradeoff/MTLSH__mse__minmax__seed42__model_head_sizes128_64__model_shared_sizes64/mtlsh_state_dict_best.pt
Epoch 131 | train_loss=3.7115e-04 | train_eval_loss=3.6315e-04 | val_loss=3.8728e-04 | | lr=2.50e-04
Epoch 132 | train_loss=3.6854e-04 | train_eval_loss=3.4581e-04 | val_loss=3.7126e-04 | | lr=2.50e-04
Saved best model to results/thesis_model_results/outputs/mtlsh_embeddability_tradeoff/MTLSH__mse__minmax__seed42__model_head_sizes128_64__model_shared_sizes64/mtlsh_state_dict_best.pt
Epoch 133 | train_loss=3.6833e-04 | train_eval_loss=3.9015e-04 | val_loss=4.1447e-04 | | lr=2.50e-04
Epoch 134 | train_loss=3.7008e-04 | train_eval_loss=3.5969e-04 | val_loss=3.8341e-04 | | lr=2.50e-04
Epoch 135 | train_loss=3.6369e-04 | train_eval_loss=3.6633e-04 | val_loss=3.8605e-04 | | lr=2.50e-04
Epoch 136 | train_loss=3.6874e-04 | train_eval_loss=3.4910e-04 | val_loss=3.7717e-04 | | lr=2.50e-04
Epoch 137 | train_loss=3.5758e-04 | train_eval_loss=3.5412e-04 | val_loss=3.8007e-04 | | lr=2.50e-04
Epoch 138 | train_loss=3.7138e-04 | train_eval_loss=3.8339e-04 | val_loss=4.0631e-04 | | lr=2.50e-04
Epoch 139 | train_loss=3.6337e-04 | train_eval_loss=3.3882e-04 | val_loss=3.6750e-04 | | lr=2.50e-04
Saved best model to results/thesis_model_results/outputs/mtlsh_embeddability_tradeoff/MTLSH__mse__minmax__seed42__model_head_sizes128_64__model_shared_sizes64/mtlsh_state_dict_best.pt
Epoch 140 | train_loss=3.5422e-04 | train_eval_loss=3.9133e-04 | val_loss=4.1316e-04 | | lr=2.50e-04
Epoch 141 | train_loss=3.7120e-04 | train_eval_loss=3.4991e-04 | val_loss=3.7411e-04 | | lr=2.50e-04
Epoch 142 | train_loss=3.5210e-04 | train_eval_loss=3.4934e-04 | val_loss=3.7385e-04 | | lr=2.50e-04
Epoch 143 | train_loss=3.5992e-04 | train_eval_loss=3.5230e-04 | val_loss=3.7998e-04 | | lr=2.50e-04
Epoch 144 | train_loss=3.5555e-04 | train_eval_loss=3.4219e-04 | val_loss=3.7059e-04 | | lr=2.50e-04
Epoch 145 | train_loss=3.5398e-04 | train_eval_loss=3.7266e-04 | val_loss=3.9959e-04 | | lr=2.50e-04
Epoch 146 | train_loss=3.5764e-04 | train_eval_loss=3.6101e-04 | val_loss=3.8236e-04 | | lr=2.50e-04
Epoch 147 | train_loss=3.5375e-04 | train_eval_loss=3.3209e-04 | val_loss=3.6366e-04 | | lr=2.50e-04
Saved best model to results/thesis_model_results/outputs/mtlsh_embeddability_tradeoff/MTLSH__mse__minmax__seed42__model_head_sizes128_64__model_shared_sizes64/mtlsh_state_dict_best.pt
Epoch 148 | train_loss=3.5533e-04 | train_eval_loss=3.3192e-04 | val_loss=3.5788e-04 | | lr=2.50e-04
Saved best model to results/thesis_model_results/outputs/mtlsh_embeddability_tradeoff/MTLSH__mse__minmax__seed42__model_head_sizes128_64__model_shared_sizes64/mtlsh_state_dict_best.pt
Epoch 149 | train_loss=3.4534e-04 | train_eval_loss=3.4991e-04 | val_loss=3.7857e-04 | | lr=2.50e-04
Epoch 150 | train_loss=3.5936e-04 | train_eval_loss=3.7921e-04 | val_loss=4.0930e-04 | | lr=2.50e-04
Epoch 151 | train_loss=3.4540e-04 | train_eval_loss=3.5622e-04 | val_loss=3.8305e-04 | | lr=2.50e-04
Epoch 152 | train_loss=3.4799e-04 | train_eval_loss=3.4501e-04 | val_loss=3.7372e-04 | | lr=2.50e-04
Epoch 153 | train_loss=3.4267e-04 | train_eval_loss=3.5777e-04 | val_loss=3.7995e-04 | | lr=2.50e-04
Epoch 154 | train_loss=3.4975e-04 | train_eval_loss=3.3597e-04 | val_loss=3.6267e-04 | | lr=2.50e-04
Epoch 155 | train_loss=3.4299e-04 | train_eval_loss=3.7410e-04 | val_loss=4.0495e-04 | | lr=2.50e-04
Epoch 156 | train_loss=3.5927e-04 | train_eval_loss=3.3269e-04 | val_loss=3.6425e-04 | | lr=2.50e-04
Epoch 157 | train_loss=3.3893e-04 | train_eval_loss=3.3638e-04 | val_loss=3.6469e-04 | | lr=2.50e-04
Epoch 158 | train_loss=3.2764e-04 | train_eval_loss=3.1731e-04 | val_loss=3.4677e-04 | | lr=1.25e-04
Saved best model to results/thesis_model_results/outputs/mtlsh_embeddability_tradeoff/MTLSH__mse__minmax__seed42__model_head_sizes128_64__model_shared_sizes64/mtlsh_state_dict_best.pt
Epoch 159 | train_loss=3.1888e-04 | train_eval_loss=3.1264e-04 | val_loss=3.4353e-04 | | lr=1.25e-04
Saved best model to results/thesis_model_results/outputs/mtlsh_embeddability_tradeoff/MTLSH__mse__minmax__seed42__model_head_sizes128_64__model_shared_sizes64/mtlsh_state_dict_best.pt
Epoch 160 | train_loss=3.1914e-04 | train_eval_loss=3.1245e-04 | val_loss=3.4353e-04 | | lr=1.25e-04
Saved best model to results/thesis_model_results/outputs/mtlsh_embeddability_tradeoff/MTLSH__mse__minmax__seed42__model_head_sizes128_64__model_shared_sizes64/mtlsh_state_dict_best.pt
Epoch 161 | train_loss=3.1998e-04 | train_eval_loss=3.1469e-04 | val_loss=3.4054e-04 | | lr=1.25e-04
Saved best model to results/thesis_model_results/outputs/mtlsh_embeddability_tradeoff/MTLSH__mse__minmax__seed42__model_head_sizes128_64__model_shared_sizes64/mtlsh_state_dict_best.pt
Epoch 162 | train_loss=3.2272e-04 | train_eval_loss=3.1844e-04 | val_loss=3.4843e-04 | | lr=1.25e-04
Epoch 163 | train_loss=3.2065e-04 | train_eval_loss=3.1133e-04 | val_loss=3.4162e-04 | | lr=1.25e-04
Epoch 164 | train_loss=3.1905e-04 | train_eval_loss=3.1835e-04 | val_loss=3.4791e-04 | | lr=1.25e-04
Epoch 165 | train_loss=3.1741e-04 | train_eval_loss=3.1196e-04 | val_loss=3.4091e-04 | | lr=1.25e-04
Epoch 166 | train_loss=3.1566e-04 | train_eval_loss=3.1795e-04 | val_loss=3.4986e-04 | | lr=1.25e-04
Epoch 167 | train_loss=3.1558e-04 | train_eval_loss=3.1137e-04 | val_loss=3.4250e-04 | | lr=1.25e-04
Epoch 168 | train_loss=3.1692e-04 | train_eval_loss=3.1930e-04 | val_loss=3.5068e-04 | | lr=1.25e-04
Epoch 169 | train_loss=3.1967e-04 | train_eval_loss=3.1217e-04 | val_loss=3.4262e-04 | | lr=1.25e-04
Epoch 170 | train_loss=3.1566e-04 | train_eval_loss=3.2895e-04 | val_loss=3.5984e-04 | | lr=1.25e-04
Epoch 171 | train_loss=3.0674e-04 | train_eval_loss=3.0048e-04 | val_loss=3.3245e-04 | | lr=6.25e-05
Saved best model to results/thesis_model_results/outputs/mtlsh_embeddability_tradeoff/MTLSH__mse__minmax__seed42__model_head_sizes128_64__model_shared_sizes64/mtlsh_state_dict_best.pt
Epoch 172 | train_loss=3.0478e-04 | train_eval_loss=3.0721e-04 | val_loss=3.3897e-04 | | lr=6.25e-05
Epoch 173 | train_loss=3.0847e-04 | train_eval_loss=3.0021e-04 | val_loss=3.3240e-04 | | lr=6.25e-05
Saved best model to results/thesis_model_results/outputs/mtlsh_embeddability_tradeoff/MTLSH__mse__minmax__seed42__model_head_sizes128_64__model_shared_sizes64/mtlsh_state_dict_best.pt
Epoch 174 | train_loss=3.0554e-04 | train_eval_loss=3.0360e-04 | val_loss=3.3549e-04 | | lr=6.25e-05
Epoch 175 | train_loss=3.0557e-04 | train_eval_loss=3.0981e-04 | val_loss=3.4318e-04 | | lr=6.25e-05
Epoch 176 | train_loss=3.0527e-04 | train_eval_loss=2.9989e-04 | val_loss=3.3038e-04 | | lr=6.25e-05
Saved best model to results/thesis_model_results/outputs/mtlsh_embeddability_tradeoff/MTLSH__mse__minmax__seed42__model_head_sizes128_64__model_shared_sizes64/mtlsh_state_dict_best.pt
Epoch 177 | train_loss=3.0385e-04 | train_eval_loss=3.0851e-04 | val_loss=3.3971e-04 | | lr=6.25e-05
Epoch 178 | train_loss=3.0464e-04 | train_eval_loss=3.0098e-04 | val_loss=3.3345e-04 | | lr=6.25e-05
Epoch 179 | train_loss=3.0756e-04 | train_eval_loss=3.0615e-04 | val_loss=3.3967e-04 | | lr=6.25e-05
Epoch 180 | train_loss=3.0276e-04 | train_eval_loss=2.9669e-04 | val_loss=3.2896e-04 | | lr=6.25e-05
Saved best model to results/thesis_model_results/outputs/mtlsh_embeddability_tradeoff/MTLSH__mse__minmax__seed42__model_head_sizes128_64__model_shared_sizes64/mtlsh_state_dict_best.pt
Epoch 181 | train_loss=3.0393e-04 | train_eval_loss=2.9888e-04 | val_loss=3.3034e-04 | | lr=6.25e-05
Epoch 182 | train_loss=3.0224e-04 | train_eval_loss=2.9755e-04 | val_loss=3.2928e-04 | | lr=6.25e-05
Epoch 183 | train_loss=3.0337e-04 | train_eval_loss=3.0215e-04 | val_loss=3.3424e-04 | | lr=6.25e-05
Epoch 184 | train_loss=3.0178e-04 | train_eval_loss=3.0068e-04 | val_loss=3.3400e-04 | | lr=6.25e-05
Epoch 185 | train_loss=3.0136e-04 | train_eval_loss=3.0021e-04 | val_loss=3.3425e-04 | | lr=6.25e-05
Epoch 186 | train_loss=3.0222e-04 | train_eval_loss=3.0187e-04 | val_loss=3.3531e-04 | | lr=6.25e-05
Epoch 187 | train_loss=3.0169e-04 | train_eval_loss=2.9697e-04 | val_loss=3.3207e-04 | | lr=6.25e-05
Epoch 188 | train_loss=3.0244e-04 | train_eval_loss=2.9696e-04 | val_loss=3.3124e-04 | | lr=6.25e-05
Epoch 189 | train_loss=3.0278e-04 | train_eval_loss=2.9629e-04 | val_loss=3.3027e-04 | | lr=6.25e-05
Epoch 190 | train_loss=2.9653e-04 | train_eval_loss=2.9164e-04 | val_loss=3.2509e-04 | | lr=3.13e-05
Saved best model to results/thesis_model_results/outputs/mtlsh_embeddability_tradeoff/MTLSH__mse__minmax__seed42__model_head_sizes128_64__model_shared_sizes64/mtlsh_state_dict_best.pt
Epoch 191 | train_loss=2.9580e-04 | train_eval_loss=2.9269e-04 | val_loss=3.2664e-04 | | lr=3.13e-05
Epoch 192 | train_loss=2.9490e-04 | train_eval_loss=2.9332e-04 | val_loss=3.2645e-04 | | lr=3.13e-05
Epoch 193 | train_loss=2.9607e-04 | train_eval_loss=2.9286e-04 | val_loss=3.2825e-04 | | lr=3.13e-05
Epoch 194 | train_loss=2.9462e-04 | train_eval_loss=2.9313e-04 | val_loss=3.2708e-04 | | lr=3.13e-05
Epoch 195 | train_loss=2.9476e-04 | train_eval_loss=2.9118e-04 | val_loss=3.2419e-04 | | lr=3.13e-05
Saved best model to results/thesis_model_results/outputs/mtlsh_embeddability_tradeoff/MTLSH__mse__minmax__seed42__model_head_sizes128_64__model_shared_sizes64/mtlsh_state_dict_best.pt
Epoch 196 | train_loss=2.9507e-04 | train_eval_loss=2.9421e-04 | val_loss=3.2859e-04 | | lr=3.13e-05
Epoch 197 | train_loss=2.9466e-04 | train_eval_loss=2.9513e-04 | val_loss=3.2744e-04 | | lr=3.13e-05
Epoch 198 | train_loss=2.9419e-04 | train_eval_loss=2.9247e-04 | val_loss=3.2569e-04 | | lr=3.13e-05
Epoch 199 | train_loss=2.9337e-04 | train_eval_loss=2.9216e-04 | val_loss=3.2508e-04 | | lr=3.13e-05
Epoch 200 | train_loss=2.9434e-04 | train_eval_loss=2.9551e-04 | val_loss=3.2827e-04 | | lr=3.13e-05
Saved training logs to results/thesis_model_results/outputs/mtlsh_embeddability_tradeoff/MTLSH__mse__minmax__seed42__model_head_sizes128_64__model_shared_sizes64/training_summary.txt
Test RMSE(rocof_COI) = 0.0134 | norm: 0.0102 | real_diff: 0.0090
Test RMSE(dev_COI) = 0.0187 | norm: 0.0069 | real_diff: 0.0097
Test RMSE(Delta_P_IBR_1) = 0.1116 | norm: 0.0176 | real_diff: 0.0697
Test RMSE(Delta_P_IBR_2) = 0.0961 | norm: 0.0134 | real_diff: 0.0530
Test RMSE(Delta_P_IBR_3) = 0.1772 | norm: 0.0311 | real_diff: 0.0931
Test RMSE(Delta_P_IBR_4) = 0.1723 | norm: 0.0178 | real_diff: 0.1035
Saved RMSE results to results/thesis_model_results/outputs/mtlsh_embeddability_tradeoff/MTLSH__mse__minmax__seed42__model_head_sizes128_64__model_shared_sizes64/rmse_results.txt
Saved detailed metrics to results/thesis_model_results/outputs/mtlsh_embeddability_tradeoff/MTLSH__mse__minmax__seed42__model_head_sizes128_64__model_shared_sizes64/metrics_by_target.csv
Saved aggregate metrics to results/thesis_model_results/outputs/mtlsh_embeddability_tradeoff/MTLSH__mse__minmax__seed42__model_head_sizes128_64__model_shared_sizes64/metrics_summary.json
Saved loss curves to results/thesis_model_results/outputs/mtlsh_embeddability_tradeoff/MTLSH__mse__minmax__seed42__model_head_sizes128_64__model_shared_sizes64/loss_curve.png
Saved scatter plot results/thesis_model_results/outputs/mtlsh_embeddability_tradeoff/MTLSH__mse__minmax__seed42__model_head_sizes128_64__model_shared_sizes64/scatter_rocof_COI.png
Saved scatter plot results/thesis_model_results/outputs/mtlsh_embeddability_tradeoff/MTLSH__mse__minmax__seed42__model_head_sizes128_64__model_shared_sizes64/scatter_dev_COI.png
Saved scatter plot results/thesis_model_results/outputs/mtlsh_embeddability_tradeoff/MTLSH__mse__minmax__seed42__model_head_sizes128_64__model_shared_sizes64/scatter_Delta_P_IBR_1.png
Saved scatter plot results/thesis_model_results/outputs/mtlsh_embeddability_tradeoff/MTLSH__mse__minmax__seed42__model_head_sizes128_64__model_shared_sizes64/scatter_Delta_P_IBR_2.png
Saved scatter plot results/thesis_model_results/outputs/mtlsh_embeddability_tradeoff/MTLSH__mse__minmax__seed42__model_head_sizes128_64__model_shared_sizes64/scatter_Delta_P_IBR_3.png
Saved scatter plot results/thesis_model_results/outputs/mtlsh_embeddability_tradeoff/MTLSH__mse__minmax__seed42__model_head_sizes128_64__model_shared_sizes64/scatter_Delta_P_IBR_4.png
Saved model to results/thesis_model_results/outputs/mtlsh_embeddability_tradeoff/MTLSH__mse__minmax__seed42__model_head_sizes128_64__model_shared_sizes64/mtlsh_state_dict.pt
Loss type: mse | weights=[]
Target stats (scaled):
train mean=[0.549  0.589  0.492  0.4884 0.4785 0.4192]
train std=[0.1365 0.1371 0.1141 0.1063 0.1158 0.1138]
train q05=[0.3074 0.3979 0.3192 0.303  0.3347 0.2205]
train q95=[0.7933 0.8652 0.6719 0.6491 0.6927 0.6016]
val mean=[0.5473 0.5873 0.4922 0.4893 0.4798 0.4201]
val std=[0.1343 0.1348 0.1123 0.1072 0.1141 0.1112]
val q05=[0.3103 0.3982 0.3195 0.303  0.3376 0.2251]
val q95=[0.7886 0.8626 0.6731 0.6514 0.6918 0.5984]
val/train std ratio=[0.984  0.9828 0.9844 1.0084 0.9848 0.9772]
LR scheduler: ReduceLROnPlateau (factor=0.5, patience=8, min_lr=1e-07)
Epoch 001 | train_loss=1.9459e-02 | train_eval_loss=8.9458e-03 | val_loss=8.7380e-03 | | lr=1.00e-03
Saved best model to results/thesis_model_results/outputs/mtlsh_embeddability_tradeoff/MTLSH__mse__minmax__seed42__model_head_sizes32__model_shared_sizes128/mtlsh_state_dict_best.pt
Epoch 002 | train_loss=4.6872e-03 | train_eval_loss=3.2586e-03 | val_loss=3.2138e-03 | | lr=1.00e-03
Saved best model to results/thesis_model_results/outputs/mtlsh_embeddability_tradeoff/MTLSH__mse__minmax__seed42__model_head_sizes32__model_shared_sizes128/mtlsh_state_dict_best.pt
Epoch 003 | train_loss=2.8326e-03 | train_eval_loss=2.5276e-03 | val_loss=2.4912e-03 | | lr=1.00e-03
Saved best model to results/thesis_model_results/outputs/mtlsh_embeddability_tradeoff/MTLSH__mse__minmax__seed42__model_head_sizes32__model_shared_sizes128/mtlsh_state_dict_best.pt
Epoch 004 | train_loss=2.1973e-03 | train_eval_loss=1.9932e-03 | val_loss=1.9594e-03 | | lr=1.00e-03
Saved best model to results/thesis_model_results/outputs/mtlsh_embeddability_tradeoff/MTLSH__mse__minmax__seed42__model_head_sizes32__model_shared_sizes128/mtlsh_state_dict_best.pt
Epoch 005 | train_loss=1.8630e-03 | train_eval_loss=1.7825e-03 | val_loss=1.7525e-03 | | lr=1.00e-03
Saved best model to results/thesis_model_results/outputs/mtlsh_embeddability_tradeoff/MTLSH__mse__minmax__seed42__model_head_sizes32__model_shared_sizes128/mtlsh_state_dict_best.pt
Epoch 006 | train_loss=1.7366e-03 | train_eval_loss=1.7207e-03 | val_loss=1.6890e-03 | | lr=1.00e-03
Saved best model to results/thesis_model_results/outputs/mtlsh_embeddability_tradeoff/MTLSH__mse__minmax__seed42__model_head_sizes32__model_shared_sizes128/mtlsh_state_dict_best.pt
Epoch 007 | train_loss=1.6682e-03 | train_eval_loss=1.5779e-03 | val_loss=1.5520e-03 | | lr=1.00e-03
Saved best model to results/thesis_model_results/outputs/mtlsh_embeddability_tradeoff/MTLSH__mse__minmax__seed42__model_head_sizes32__model_shared_sizes128/mtlsh_state_dict_best.pt
Epoch 008 | train_loss=1.6170e-03 | train_eval_loss=1.5588e-03 | val_loss=1.5346e-03 | | lr=1.00e-03
Saved best model to results/thesis_model_results/outputs/mtlsh_embeddability_tradeoff/MTLSH__mse__minmax__seed42__model_head_sizes32__model_shared_sizes128/mtlsh_state_dict_best.pt
Epoch 009 | train_loss=1.5891e-03 | train_eval_loss=1.4855e-03 | val_loss=1.4661e-03 | | lr=1.00e-03
Saved best model to results/thesis_model_results/outputs/mtlsh_embeddability_tradeoff/MTLSH__mse__minmax__seed42__model_head_sizes32__model_shared_sizes128/mtlsh_state_dict_best.pt
Epoch 010 | train_loss=1.4967e-03 | train_eval_loss=1.4738e-03 | val_loss=1.4528e-03 | | lr=1.00e-03
Saved best model to results/thesis_model_results/outputs/mtlsh_embeddability_tradeoff/MTLSH__mse__minmax__seed42__model_head_sizes32__model_shared_sizes128/mtlsh_state_dict_best.pt
Epoch 011 | train_loss=1.4596e-03 | train_eval_loss=1.6920e-03 | val_loss=1.6840e-03 | | lr=1.00e-03
Epoch 012 | train_loss=1.4975e-03 | train_eval_loss=1.3489e-03 | val_loss=1.3322e-03 | | lr=1.00e-03
Saved best model to results/thesis_model_results/outputs/mtlsh_embeddability_tradeoff/MTLSH__mse__minmax__seed42__model_head_sizes32__model_shared_sizes128/mtlsh_state_dict_best.pt
Epoch 013 | train_loss=1.3647e-03 | train_eval_loss=1.3485e-03 | val_loss=1.3342e-03 | | lr=1.00e-03
Epoch 014 | train_loss=1.3655e-03 | train_eval_loss=1.3208e-03 | val_loss=1.3043e-03 | | lr=1.00e-03
Saved best model to results/thesis_model_results/outputs/mtlsh_embeddability_tradeoff/MTLSH__mse__minmax__seed42__model_head_sizes32__model_shared_sizes128/mtlsh_state_dict_best.pt
Epoch 015 | train_loss=1.3219e-03 | train_eval_loss=1.3048e-03 | val_loss=1.2942e-03 | | lr=1.00e-03
Saved best model to results/thesis_model_results/outputs/mtlsh_embeddability_tradeoff/MTLSH__mse__minmax__seed42__model_head_sizes32__model_shared_sizes128/mtlsh_state_dict_best.pt
Epoch 016 | train_loss=1.2959e-03 | train_eval_loss=1.2445e-03 | val_loss=1.2348e-03 | | lr=1.00e-03
Saved best model to results/thesis_model_results/outputs/mtlsh_embeddability_tradeoff/MTLSH__mse__minmax__seed42__model_head_sizes32__model_shared_sizes128/mtlsh_state_dict_best.pt
Epoch 017 | train_loss=1.2560e-03 | train_eval_loss=1.2497e-03 | val_loss=1.2452e-03 | | lr=1.00e-03
Epoch 018 | train_loss=1.2291e-03 | train_eval_loss=1.1883e-03 | val_loss=1.1826e-03 | | lr=1.00e-03
Saved best model to results/thesis_model_results/outputs/mtlsh_embeddability_tradeoff/MTLSH__mse__minmax__seed42__model_head_sizes32__model_shared_sizes128/mtlsh_state_dict_best.pt
Epoch 019 | train_loss=1.2300e-03 | train_eval_loss=1.2204e-03 | val_loss=1.2150e-03 | | lr=1.00e-03
Epoch 020 | train_loss=1.2474e-03 | train_eval_loss=1.2682e-03 | val_loss=1.2692e-03 | | lr=1.00e-03
Epoch 021 | train_loss=1.1599e-03 | train_eval_loss=1.1100e-03 | val_loss=1.1035e-03 | | lr=1.00e-03
Saved best model to results/thesis_model_results/outputs/mtlsh_embeddability_tradeoff/MTLSH__mse__minmax__seed42__model_head_sizes32__model_shared_sizes128/mtlsh_state_dict_best.pt
Epoch 022 | train_loss=1.1466e-03 | train_eval_loss=1.1464e-03 | val_loss=1.1394e-03 | | lr=1.00e-03
Epoch 023 | train_loss=1.1353e-03 | train_eval_loss=1.0956e-03 | val_loss=1.0955e-03 | | lr=1.00e-03
Saved best model to results/thesis_model_results/outputs/mtlsh_embeddability_tradeoff/MTLSH__mse__minmax__seed42__model_head_sizes32__model_shared_sizes128/mtlsh_state_dict_best.pt
Epoch 024 | train_loss=1.1174e-03 | train_eval_loss=1.0478e-03 | val_loss=1.0410e-03 | | lr=1.00e-03
Saved best model to results/thesis_model_results/outputs/mtlsh_embeddability_tradeoff/MTLSH__mse__minmax__seed42__model_head_sizes32__model_shared_sizes128/mtlsh_state_dict_best.pt
Epoch 025 | train_loss=1.0838e-03 | train_eval_loss=1.2039e-03 | val_loss=1.1932e-03 | | lr=1.00e-03
Epoch 026 | train_loss=1.0793e-03 | train_eval_loss=1.0203e-03 | val_loss=1.0142e-03 | | lr=1.00e-03
Saved best model to results/thesis_model_results/outputs/mtlsh_embeddability_tradeoff/MTLSH__mse__minmax__seed42__model_head_sizes32__model_shared_sizes128/mtlsh_state_dict_best.pt
Epoch 027 | train_loss=1.0403e-03 | train_eval_loss=1.0403e-03 | val_loss=1.0421e-03 | | lr=1.00e-03
Epoch 028 | train_loss=1.0335e-03 | train_eval_loss=1.0213e-03 | val_loss=1.0152e-03 | | lr=1.00e-03
Epoch 029 | train_loss=1.0132e-03 | train_eval_loss=1.0294e-03 | val_loss=1.0320e-03 | | lr=1.00e-03
Epoch 030 | train_loss=1.0222e-03 | train_eval_loss=9.4567e-04 | val_loss=9.4023e-04 | | lr=1.00e-03
Saved best model to results/thesis_model_results/outputs/mtlsh_embeddability_tradeoff/MTLSH__mse__minmax__seed42__model_head_sizes32__model_shared_sizes128/mtlsh_state_dict_best.pt
Epoch 031 | train_loss=9.6821e-04 | train_eval_loss=9.3947e-04 | val_loss=9.3805e-04 | | lr=1.00e-03
Saved best model to results/thesis_model_results/outputs/mtlsh_embeddability_tradeoff/MTLSH__mse__minmax__seed42__model_head_sizes32__model_shared_sizes128/mtlsh_state_dict_best.pt
Epoch 032 | train_loss=9.5249e-04 | train_eval_loss=9.6822e-04 | val_loss=9.7062e-04 | | lr=1.00e-03
Epoch 033 | train_loss=9.5620e-04 | train_eval_loss=8.7477e-04 | val_loss=8.6996e-04 | | lr=1.00e-03
Saved best model to results/thesis_model_results/outputs/mtlsh_embeddability_tradeoff/MTLSH__mse__minmax__seed42__model_head_sizes32__model_shared_sizes128/mtlsh_state_dict_best.pt
Epoch 034 | train_loss=9.2931e-04 | train_eval_loss=8.9187e-04 | val_loss=8.8808e-04 | | lr=1.00e-03
Epoch 035 | train_loss=9.0832e-04 | train_eval_loss=9.2284e-04 | val_loss=9.1106e-04 | | lr=1.00e-03
Epoch 036 | train_loss=8.8615e-04 | train_eval_loss=9.1816e-04 | val_loss=9.1400e-04 | | lr=1.00e-03
Epoch 037 | train_loss=8.7193e-04 | train_eval_loss=8.5240e-04 | val_loss=8.5258e-04 | | lr=1.00e-03
Saved best model to results/thesis_model_results/outputs/mtlsh_embeddability_tradeoff/MTLSH__mse__minmax__seed42__model_head_sizes32__model_shared_sizes128/mtlsh_state_dict_best.pt
Epoch 038 | train_loss=8.6096e-04 | train_eval_loss=8.3881e-04 | val_loss=8.4223e-04 | | lr=1.00e-03
Saved best model to results/thesis_model_results/outputs/mtlsh_embeddability_tradeoff/MTLSH__mse__minmax__seed42__model_head_sizes32__model_shared_sizes128/mtlsh_state_dict_best.pt
Epoch 039 | train_loss=8.5319e-04 | train_eval_loss=8.6957e-04 | val_loss=8.6968e-04 | | lr=1.00e-03
Epoch 040 | train_loss=8.4066e-04 | train_eval_loss=8.1259e-04 | val_loss=8.1747e-04 | | lr=1.00e-03
Saved best model to results/thesis_model_results/outputs/mtlsh_embeddability_tradeoff/MTLSH__mse__minmax__seed42__model_head_sizes32__model_shared_sizes128/mtlsh_state_dict_best.pt
Epoch 041 | train_loss=8.1809e-04 | train_eval_loss=8.0083e-04 | val_loss=8.0126e-04 | | lr=1.00e-03
Saved best model to results/thesis_model_results/outputs/mtlsh_embeddability_tradeoff/MTLSH__mse__minmax__seed42__model_head_sizes32__model_shared_sizes128/mtlsh_state_dict_best.pt
Epoch 042 | train_loss=8.1790e-04 | train_eval_loss=8.2050e-04 | val_loss=8.2740e-04 | | lr=1.00e-03
Epoch 043 | train_loss=8.0306e-04 | train_eval_loss=8.1385e-04 | val_loss=8.1201e-04 | | lr=1.00e-03
Epoch 044 | train_loss=8.1573e-04 | train_eval_loss=8.6288e-04 | val_loss=8.5659e-04 | | lr=1.00e-03
Epoch 045 | train_loss=8.0492e-04 | train_eval_loss=8.6465e-04 | val_loss=8.5746e-04 | | lr=1.00e-03
Epoch 046 | train_loss=7.6695e-04 | train_eval_loss=8.1240e-04 | val_loss=8.1130e-04 | | lr=1.00e-03
Epoch 047 | train_loss=7.7967e-04 | train_eval_loss=7.3396e-04 | val_loss=7.3719e-04 | | lr=1.00e-03
Saved best model to results/thesis_model_results/outputs/mtlsh_embeddability_tradeoff/MTLSH__mse__minmax__seed42__model_head_sizes32__model_shared_sizes128/mtlsh_state_dict_best.pt
Epoch 048 | train_loss=7.3960e-04 | train_eval_loss=8.5822e-04 | val_loss=8.5141e-04 | | lr=1.00e-03
Epoch 049 | train_loss=7.4410e-04 | train_eval_loss=7.0475e-04 | val_loss=7.0826e-04 | | lr=1.00e-03
Saved best model to results/thesis_model_results/outputs/mtlsh_embeddability_tradeoff/MTLSH__mse__minmax__seed42__model_head_sizes32__model_shared_sizes128/mtlsh_state_dict_best.pt
Epoch 050 | train_loss=7.3993e-04 | train_eval_loss=7.3454e-04 | val_loss=7.3423e-04 | | lr=1.00e-03
Epoch 051 | train_loss=7.2009e-04 | train_eval_loss=7.3674e-04 | val_loss=7.3227e-04 | | lr=1.00e-03
Epoch 052 | train_loss=7.0665e-04 | train_eval_loss=7.0773e-04 | val_loss=7.0621e-04 | | lr=1.00e-03
Saved best model to results/thesis_model_results/outputs/mtlsh_embeddability_tradeoff/MTLSH__mse__minmax__seed42__model_head_sizes32__model_shared_sizes128/mtlsh_state_dict_best.pt
Epoch 053 | train_loss=7.1329e-04 | train_eval_loss=7.2105e-04 | val_loss=7.2051e-04 | | lr=1.00e-03
Epoch 054 | train_loss=7.0220e-04 | train_eval_loss=6.7271e-04 | val_loss=6.7096e-04 | | lr=1.00e-03
Saved best model to results/thesis_model_results/outputs/mtlsh_embeddability_tradeoff/MTLSH__mse__minmax__seed42__model_head_sizes32__model_shared_sizes128/mtlsh_state_dict_best.pt
Epoch 055 | train_loss=6.8267e-04 | train_eval_loss=7.0536e-04 | val_loss=7.1295e-04 | | lr=1.00e-03
Epoch 056 | train_loss=6.7071e-04 | train_eval_loss=6.9189e-04 | val_loss=6.8879e-04 | | lr=1.00e-03
Epoch 057 | train_loss=6.7569e-04 | train_eval_loss=6.8473e-04 | val_loss=6.8838e-04 | | lr=1.00e-03
Epoch 058 | train_loss=6.7687e-04 | train_eval_loss=6.2541e-04 | val_loss=6.2347e-04 | | lr=1.00e-03
Saved best model to results/thesis_model_results/outputs/mtlsh_embeddability_tradeoff/MTLSH__mse__minmax__seed42__model_head_sizes32__model_shared_sizes128/mtlsh_state_dict_best.pt
Epoch 059 | train_loss=6.7912e-04 | train_eval_loss=6.6639e-04 | val_loss=6.7233e-04 | | lr=1.00e-03
Epoch 060 | train_loss=6.6481e-04 | train_eval_loss=7.0411e-04 | val_loss=7.1493e-04 | | lr=1.00e-03
Epoch 061 | train_loss=6.6997e-04 | train_eval_loss=7.0290e-04 | val_loss=6.9558e-04 | | lr=1.00e-03
Epoch 062 | train_loss=6.4693e-04 | train_eval_loss=6.3267e-04 | val_loss=6.2482e-04 | | lr=1.00e-03
Epoch 063 | train_loss=6.6635e-04 | train_eval_loss=6.7999e-04 | val_loss=6.7542e-04 | | lr=1.00e-03
Epoch 064 | train_loss=6.6866e-04 | train_eval_loss=7.2802e-04 | val_loss=7.2251e-04 | | lr=1.00e-03
Epoch 065 | train_loss=6.4495e-04 | train_eval_loss=7.1956e-04 | val_loss=7.2524e-04 | | lr=1.00e-03
Epoch 066 | train_loss=6.1914e-04 | train_eval_loss=6.6629e-04 | val_loss=6.6984e-04 | | lr=1.00e-03
Epoch 067 | train_loss=6.1098e-04 | train_eval_loss=7.3082e-04 | val_loss=7.3578e-04 | | lr=1.00e-03
Epoch 068 | train_loss=5.6890e-04 | train_eval_loss=5.5154e-04 | val_loss=5.5640e-04 | | lr=5.00e-04
Saved best model to results/thesis_model_results/outputs/mtlsh_embeddability_tradeoff/MTLSH__mse__minmax__seed42__model_head_sizes32__model_shared_sizes128/mtlsh_state_dict_best.pt
Epoch 069 | train_loss=5.5412e-04 | train_eval_loss=5.4438e-04 | val_loss=5.5427e-04 | | lr=5.00e-04
Saved best model to results/thesis_model_results/outputs/mtlsh_embeddability_tradeoff/MTLSH__mse__minmax__seed42__model_head_sizes32__model_shared_sizes128/mtlsh_state_dict_best.pt
Epoch 070 | train_loss=5.5338e-04 | train_eval_loss=5.5039e-04 | val_loss=5.5236e-04 | | lr=5.00e-04
Saved best model to results/thesis_model_results/outputs/mtlsh_embeddability_tradeoff/MTLSH__mse__minmax__seed42__model_head_sizes32__model_shared_sizes128/mtlsh_state_dict_best.pt
Epoch 071 | train_loss=5.4667e-04 | train_eval_loss=5.3214e-04 | val_loss=5.3458e-04 | | lr=5.00e-04
Saved best model to results/thesis_model_results/outputs/mtlsh_embeddability_tradeoff/MTLSH__mse__minmax__seed42__model_head_sizes32__model_shared_sizes128/mtlsh_state_dict_best.pt
Epoch 072 | train_loss=5.4920e-04 | train_eval_loss=5.6938e-04 | val_loss=5.7410e-04 | | lr=5.00e-04
Epoch 073 | train_loss=5.5070e-04 | train_eval_loss=5.3939e-04 | val_loss=5.4650e-04 | | lr=5.00e-04
Epoch 074 | train_loss=5.4332e-04 | train_eval_loss=5.6104e-04 | val_loss=5.7264e-04 | | lr=5.00e-04
Epoch 075 | train_loss=5.4682e-04 | train_eval_loss=5.6300e-04 | val_loss=5.7406e-04 | | lr=5.00e-04
Epoch 076 | train_loss=5.4195e-04 | train_eval_loss=5.5195e-04 | val_loss=5.5973e-04 | | lr=5.00e-04
Epoch 077 | train_loss=5.4217e-04 | train_eval_loss=5.5870e-04 | val_loss=5.6238e-04 | | lr=5.00e-04
Epoch 078 | train_loss=5.3882e-04 | train_eval_loss=5.4624e-04 | val_loss=5.5044e-04 | | lr=5.00e-04
Epoch 079 | train_loss=5.4309e-04 | train_eval_loss=5.5413e-04 | val_loss=5.5703e-04 | | lr=5.00e-04
Epoch 080 | train_loss=5.4484e-04 | train_eval_loss=5.2646e-04 | val_loss=5.3689e-04 | | lr=5.00e-04
Epoch 081 | train_loss=5.1302e-04 | train_eval_loss=5.1398e-04 | val_loss=5.1972e-04 | | lr=2.50e-04
Saved best model to results/thesis_model_results/outputs/mtlsh_embeddability_tradeoff/MTLSH__mse__minmax__seed42__model_head_sizes32__model_shared_sizes128/mtlsh_state_dict_best.pt
Epoch 082 | train_loss=5.1128e-04 | train_eval_loss=5.0238e-04 | val_loss=5.1035e-04 | | lr=2.50e-04
Saved best model to results/thesis_model_results/outputs/mtlsh_embeddability_tradeoff/MTLSH__mse__minmax__seed42__model_head_sizes32__model_shared_sizes128/mtlsh_state_dict_best.pt
Epoch 083 | train_loss=5.0858e-04 | train_eval_loss=5.0919e-04 | val_loss=5.1976e-04 | | lr=2.50e-04
Epoch 084 | train_loss=5.0601e-04 | train_eval_loss=5.0775e-04 | val_loss=5.1463e-04 | | lr=2.50e-04
Epoch 085 | train_loss=5.0617e-04 | train_eval_loss=4.9447e-04 | val_loss=5.0280e-04 | | lr=2.50e-04
Saved best model to results/thesis_model_results/outputs/mtlsh_embeddability_tradeoff/MTLSH__mse__minmax__seed42__model_head_sizes32__model_shared_sizes128/mtlsh_state_dict_best.pt
Epoch 086 | train_loss=5.0621e-04 | train_eval_loss=4.9901e-04 | val_loss=5.0361e-04 | | lr=2.50e-04
Epoch 087 | train_loss=5.0414e-04 | train_eval_loss=5.1241e-04 | val_loss=5.2014e-04 | | lr=2.50e-04
Epoch 088 | train_loss=5.0506e-04 | train_eval_loss=5.1683e-04 | val_loss=5.2251e-04 | | lr=2.50e-04
Epoch 089 | train_loss=5.0804e-04 | train_eval_loss=5.0410e-04 | val_loss=5.1688e-04 | | lr=2.50e-04
Epoch 090 | train_loss=5.0407e-04 | train_eval_loss=4.9636e-04 | val_loss=5.0399e-04 | | lr=2.50e-04
Epoch 091 | train_loss=5.0014e-04 | train_eval_loss=5.2689e-04 | val_loss=5.3143e-04 | | lr=2.50e-04
Epoch 092 | train_loss=5.0642e-04 | train_eval_loss=5.0450e-04 | val_loss=5.1098e-04 | | lr=2.50e-04
Epoch 093 | train_loss=5.0301e-04 | train_eval_loss=5.0716e-04 | val_loss=5.1635e-04 | | lr=2.50e-04
Epoch 094 | train_loss=5.0294e-04 | train_eval_loss=4.9571e-04 | val_loss=5.0755e-04 | | lr=2.50e-04
Epoch 095 | train_loss=4.8921e-04 | train_eval_loss=4.7985e-04 | val_loss=4.8934e-04 | | lr=1.25e-04
Saved best model to results/thesis_model_results/outputs/mtlsh_embeddability_tradeoff/MTLSH__mse__minmax__seed42__model_head_sizes32__model_shared_sizes128/mtlsh_state_dict_best.pt
Epoch 096 | train_loss=4.8489e-04 | train_eval_loss=4.7750e-04 | val_loss=4.8621e-04 | | lr=1.25e-04
Saved best model to results/thesis_model_results/outputs/mtlsh_embeddability_tradeoff/MTLSH__mse__minmax__seed42__model_head_sizes32__model_shared_sizes128/mtlsh_state_dict_best.pt
Epoch 097 | train_loss=4.8568e-04 | train_eval_loss=4.8248e-04 | val_loss=4.9372e-04 | | lr=1.25e-04
Epoch 098 | train_loss=4.8479e-04 | train_eval_loss=4.8436e-04 | val_loss=4.9388e-04 | | lr=1.25e-04
Epoch 099 | train_loss=4.8312e-04 | train_eval_loss=4.8057e-04 | val_loss=4.9185e-04 | | lr=1.25e-04
Epoch 100 | train_loss=4.8424e-04 | train_eval_loss=4.8255e-04 | val_loss=4.9196e-04 | | lr=1.25e-04
Epoch 101 | train_loss=4.8352e-04 | train_eval_loss=4.8126e-04 | val_loss=4.9232e-04 | | lr=1.25e-04
Epoch 102 | train_loss=4.8494e-04 | train_eval_loss=4.8101e-04 | val_loss=4.8990e-04 | | lr=1.25e-04
Epoch 103 | train_loss=4.8406e-04 | train_eval_loss=4.7966e-04 | val_loss=4.9234e-04 | | lr=1.25e-04
Epoch 104 | train_loss=4.8566e-04 | train_eval_loss=4.8519e-04 | val_loss=4.9825e-04 | | lr=1.25e-04
Epoch 105 | train_loss=4.8455e-04 | train_eval_loss=4.9352e-04 | val_loss=5.0682e-04 | | lr=1.25e-04
Epoch 106 | train_loss=4.7548e-04 | train_eval_loss=4.7366e-04 | val_loss=4.8229e-04 | | lr=6.25e-05
Saved best model to results/thesis_model_results/outputs/mtlsh_embeddability_tradeoff/MTLSH__mse__minmax__seed42__model_head_sizes32__model_shared_sizes128/mtlsh_state_dict_best.pt
Epoch 107 | train_loss=4.7499e-04 | train_eval_loss=4.7137e-04 | val_loss=4.8276e-04 | | lr=6.25e-05
Epoch 108 | train_loss=4.7370e-04 | train_eval_loss=4.7376e-04 | val_loss=4.8335e-04 | | lr=6.25e-05
Epoch 109 | train_loss=4.7464e-04 | train_eval_loss=4.7158e-04 | val_loss=4.8136e-04 | | lr=6.25e-05
Saved best model to results/thesis_model_results/outputs/mtlsh_embeddability_tradeoff/MTLSH__mse__minmax__seed42__model_head_sizes32__model_shared_sizes128/mtlsh_state_dict_best.pt
Epoch 110 | train_loss=4.7384e-04 | train_eval_loss=4.7188e-04 | val_loss=4.8333e-04 | | lr=6.25e-05
Epoch 111 | train_loss=4.7294e-04 | train_eval_loss=4.7226e-04 | val_loss=4.8368e-04 | | lr=6.25e-05
Epoch 112 | train_loss=4.7231e-04 | train_eval_loss=4.6930e-04 | val_loss=4.8134e-04 | | lr=6.25e-05
Saved best model to results/thesis_model_results/outputs/mtlsh_embeddability_tradeoff/MTLSH__mse__minmax__seed42__model_head_sizes32__model_shared_sizes128/mtlsh_state_dict_best.pt
Epoch 113 | train_loss=4.7226e-04 | train_eval_loss=4.6891e-04 | val_loss=4.7959e-04 | | lr=6.25e-05
Saved best model to results/thesis_model_results/outputs/mtlsh_embeddability_tradeoff/MTLSH__mse__minmax__seed42__model_head_sizes32__model_shared_sizes128/mtlsh_state_dict_best.pt
Epoch 114 | train_loss=4.7183e-04 | train_eval_loss=4.7127e-04 | val_loss=4.8304e-04 | | lr=6.25e-05
Epoch 115 | train_loss=4.7295e-04 | train_eval_loss=4.6827e-04 | val_loss=4.7960e-04 | | lr=6.25e-05
Epoch 116 | train_loss=4.7122e-04 | train_eval_loss=4.6890e-04 | val_loss=4.7873e-04 | | lr=6.25e-05
Saved best model to results/thesis_model_results/outputs/mtlsh_embeddability_tradeoff/MTLSH__mse__minmax__seed42__model_head_sizes32__model_shared_sizes128/mtlsh_state_dict_best.pt
Epoch 117 | train_loss=4.7061e-04 | train_eval_loss=4.6867e-04 | val_loss=4.8100e-04 | | lr=6.25e-05
Epoch 118 | train_loss=4.7097e-04 | train_eval_loss=4.6787e-04 | val_loss=4.7890e-04 | | lr=6.25e-05
Epoch 119 | train_loss=4.7051e-04 | train_eval_loss=4.6801e-04 | val_loss=4.7910e-04 | | lr=6.25e-05
Epoch 120 | train_loss=4.7117e-04 | train_eval_loss=4.6858e-04 | val_loss=4.7824e-04 | | lr=6.25e-05
Saved best model to results/thesis_model_results/outputs/mtlsh_embeddability_tradeoff/MTLSH__mse__minmax__seed42__model_head_sizes32__model_shared_sizes128/mtlsh_state_dict_best.pt
Epoch 121 | train_loss=4.7084e-04 | train_eval_loss=4.6907e-04 | val_loss=4.8234e-04 | | lr=6.25e-05
Epoch 122 | train_loss=4.6903e-04 | train_eval_loss=4.6974e-04 | val_loss=4.8250e-04 | | lr=6.25e-05
Epoch 123 | train_loss=4.6910e-04 | train_eval_loss=4.6470e-04 | val_loss=4.7531e-04 | | lr=6.25e-05
Saved best model to results/thesis_model_results/outputs/mtlsh_embeddability_tradeoff/MTLSH__mse__minmax__seed42__model_head_sizes32__model_shared_sizes128/mtlsh_state_dict_best.pt
Epoch 124 | train_loss=4.6981e-04 | train_eval_loss=4.6650e-04 | val_loss=4.7907e-04 | | lr=6.25e-05
Epoch 125 | train_loss=4.6926e-04 | train_eval_loss=4.6421e-04 | val_loss=4.7490e-04 | | lr=6.25e-05
Saved best model to results/thesis_model_results/outputs/mtlsh_embeddability_tradeoff/MTLSH__mse__minmax__seed42__model_head_sizes32__model_shared_sizes128/mtlsh_state_dict_best.pt
Epoch 126 | train_loss=4.6740e-04 | train_eval_loss=4.6626e-04 | val_loss=4.7943e-04 | | lr=6.25e-05
Epoch 127 | train_loss=4.6845e-04 | train_eval_loss=4.6827e-04 | val_loss=4.7919e-04 | | lr=6.25e-05
Epoch 128 | train_loss=4.6739e-04 | train_eval_loss=4.6501e-04 | val_loss=4.7468e-04 | | lr=6.25e-05
Saved best model to results/thesis_model_results/outputs/mtlsh_embeddability_tradeoff/MTLSH__mse__minmax__seed42__model_head_sizes32__model_shared_sizes128/mtlsh_state_dict_best.pt
Epoch 129 | train_loss=4.6709e-04 | train_eval_loss=4.6359e-04 | val_loss=4.7639e-04 | | lr=6.25e-05
Epoch 130 | train_loss=4.6522e-04 | train_eval_loss=4.6365e-04 | val_loss=4.7535e-04 | | lr=6.25e-05
Epoch 131 | train_loss=4.6514e-04 | train_eval_loss=4.6443e-04 | val_loss=4.7521e-04 | | lr=6.25e-05
Epoch 132 | train_loss=4.6594e-04 | train_eval_loss=4.6208e-04 | val_loss=4.7423e-04 | | lr=6.25e-05
Saved best model to results/thesis_model_results/outputs/mtlsh_embeddability_tradeoff/MTLSH__mse__minmax__seed42__model_head_sizes32__model_shared_sizes128/mtlsh_state_dict_best.pt
Epoch 133 | train_loss=4.6721e-04 | train_eval_loss=4.6539e-04 | val_loss=4.7692e-04 | | lr=6.25e-05
Epoch 134 | train_loss=4.6754e-04 | train_eval_loss=4.6468e-04 | val_loss=4.7741e-04 | | lr=6.25e-05
Epoch 135 | train_loss=4.6518e-04 | train_eval_loss=4.6904e-04 | val_loss=4.8249e-04 | | lr=6.25e-05
Epoch 136 | train_loss=4.6498e-04 | train_eval_loss=4.6177e-04 | val_loss=4.7509e-04 | | lr=6.25e-05
Epoch 137 | train_loss=4.6624e-04 | train_eval_loss=4.6553e-04 | val_loss=4.7793e-04 | | lr=6.25e-05
Epoch 138 | train_loss=4.6363e-04 | train_eval_loss=4.6704e-04 | val_loss=4.7770e-04 | | lr=6.25e-05
Epoch 139 | train_loss=4.6489e-04 | train_eval_loss=4.6213e-04 | val_loss=4.7441e-04 | | lr=6.25e-05
Epoch 140 | train_loss=4.6510e-04 | train_eval_loss=4.6258e-04 | val_loss=4.7625e-04 | | lr=6.25e-05
Epoch 141 | train_loss=4.6494e-04 | train_eval_loss=4.6827e-04 | val_loss=4.8084e-04 | | lr=6.25e-05
Epoch 142 | train_loss=4.5995e-04 | train_eval_loss=4.5810e-04 | val_loss=4.6996e-04 | | lr=3.13e-05
Saved best model to results/thesis_model_results/outputs/mtlsh_embeddability_tradeoff/MTLSH__mse__minmax__seed42__model_head_sizes32__model_shared_sizes128/mtlsh_state_dict_best.pt
Epoch 143 | train_loss=4.5864e-04 | train_eval_loss=4.5794e-04 | val_loss=4.7038e-04 | | lr=3.13e-05
Epoch 144 | train_loss=4.5779e-04 | train_eval_loss=4.5700e-04 | val_loss=4.6776e-04 | | lr=3.13e-05
Saved best model to results/thesis_model_results/outputs/mtlsh_embeddability_tradeoff/MTLSH__mse__minmax__seed42__model_head_sizes32__model_shared_sizes128/mtlsh_state_dict_best.pt
Epoch 145 | train_loss=4.5826e-04 | train_eval_loss=4.5791e-04 | val_loss=4.7046e-04 | | lr=3.13e-05
Epoch 146 | train_loss=4.5762e-04 | train_eval_loss=4.5711e-04 | val_loss=4.6788e-04 | | lr=3.13e-05
Epoch 147 | train_loss=4.5812e-04 | train_eval_loss=4.5812e-04 | val_loss=4.6972e-04 | | lr=3.13e-05
Epoch 148 | train_loss=4.5808e-04 | train_eval_loss=4.5683e-04 | val_loss=4.6986e-04 | | lr=3.13e-05
Epoch 149 | train_loss=4.5698e-04 | train_eval_loss=4.5523e-04 | val_loss=4.6751e-04 | | lr=3.13e-05
Saved best model to results/thesis_model_results/outputs/mtlsh_embeddability_tradeoff/MTLSH__mse__minmax__seed42__model_head_sizes32__model_shared_sizes128/mtlsh_state_dict_best.pt
Epoch 150 | train_loss=4.5712e-04 | train_eval_loss=4.5355e-04 | val_loss=4.6619e-04 | | lr=3.13e-05
Saved best model to results/thesis_model_results/outputs/mtlsh_embeddability_tradeoff/MTLSH__mse__minmax__seed42__model_head_sizes32__model_shared_sizes128/mtlsh_state_dict_best.pt
Epoch 151 | train_loss=4.5659e-04 | train_eval_loss=4.5768e-04 | val_loss=4.6928e-04 | | lr=3.13e-05
Epoch 152 | train_loss=4.5798e-04 | train_eval_loss=4.5606e-04 | val_loss=4.6718e-04 | | lr=3.13e-05
Epoch 153 | train_loss=4.5703e-04 | train_eval_loss=4.5440e-04 | val_loss=4.6661e-04 | | lr=3.13e-05
Epoch 154 | train_loss=4.5572e-04 | train_eval_loss=4.5422e-04 | val_loss=4.6723e-04 | | lr=3.13e-05
Epoch 155 | train_loss=4.5556e-04 | train_eval_loss=4.5389e-04 | val_loss=4.6581e-04 | | lr=3.13e-05
Saved best model to results/thesis_model_results/outputs/mtlsh_embeddability_tradeoff/MTLSH__mse__minmax__seed42__model_head_sizes32__model_shared_sizes128/mtlsh_state_dict_best.pt
Epoch 156 | train_loss=4.5537e-04 | train_eval_loss=4.5593e-04 | val_loss=4.6742e-04 | | lr=3.13e-05
Epoch 157 | train_loss=4.5541e-04 | train_eval_loss=4.5315e-04 | val_loss=4.6579e-04 | | lr=3.13e-05
Saved best model to results/thesis_model_results/outputs/mtlsh_embeddability_tradeoff/MTLSH__mse__minmax__seed42__model_head_sizes32__model_shared_sizes128/mtlsh_state_dict_best.pt
Epoch 158 | train_loss=4.5513e-04 | train_eval_loss=4.5834e-04 | val_loss=4.6846e-04 | | lr=3.13e-05
Epoch 159 | train_loss=4.5605e-04 | train_eval_loss=4.5312e-04 | val_loss=4.6591e-04 | | lr=3.13e-05
Epoch 160 | train_loss=4.5441e-04 | train_eval_loss=4.5709e-04 | val_loss=4.6874e-04 | | lr=3.13e-05
Epoch 161 | train_loss=4.5495e-04 | train_eval_loss=4.5315e-04 | val_loss=4.6730e-04 | | lr=3.13e-05
Epoch 162 | train_loss=4.5590e-04 | train_eval_loss=4.5351e-04 | val_loss=4.6627e-04 | | lr=3.13e-05
Epoch 163 | train_loss=4.5475e-04 | train_eval_loss=4.5293e-04 | val_loss=4.6571e-04 | | lr=3.13e-05
Saved best model to results/thesis_model_results/outputs/mtlsh_embeddability_tradeoff/MTLSH__mse__minmax__seed42__model_head_sizes32__model_shared_sizes128/mtlsh_state_dict_best.pt
Epoch 164 | train_loss=4.5503e-04 | train_eval_loss=4.5582e-04 | val_loss=4.6933e-04 | | lr=3.13e-05
Epoch 165 | train_loss=4.5438e-04 | train_eval_loss=4.5524e-04 | val_loss=4.6926e-04 | | lr=3.13e-05
Epoch 166 | train_loss=4.5505e-04 | train_eval_loss=4.5328e-04 | val_loss=4.6566e-04 | | lr=3.13e-05
Saved best model to results/thesis_model_results/outputs/mtlsh_embeddability_tradeoff/MTLSH__mse__minmax__seed42__model_head_sizes32__model_shared_sizes128/mtlsh_state_dict_best.pt
Epoch 167 | train_loss=4.5309e-04 | train_eval_loss=4.5242e-04 | val_loss=4.6430e-04 | | lr=3.13e-05
Saved best model to results/thesis_model_results/outputs/mtlsh_embeddability_tradeoff/MTLSH__mse__minmax__seed42__model_head_sizes32__model_shared_sizes128/mtlsh_state_dict_best.pt
Epoch 168 | train_loss=4.5479e-04 | train_eval_loss=4.5256e-04 | val_loss=4.6747e-04 | | lr=3.13e-05
Epoch 169 | train_loss=4.5440e-04 | train_eval_loss=4.5170e-04 | val_loss=4.6323e-04 | | lr=3.13e-05
Saved best model to results/thesis_model_results/outputs/mtlsh_embeddability_tradeoff/MTLSH__mse__minmax__seed42__model_head_sizes32__model_shared_sizes128/mtlsh_state_dict_best.pt
Epoch 170 | train_loss=4.5398e-04 | train_eval_loss=4.5190e-04 | val_loss=4.6552e-04 | | lr=3.13e-05
Epoch 171 | train_loss=4.5400e-04 | train_eval_loss=4.5422e-04 | val_loss=4.6691e-04 | | lr=3.13e-05
Epoch 172 | train_loss=4.5421e-04 | train_eval_loss=4.5120e-04 | val_loss=4.6328e-04 | | lr=3.13e-05
Epoch 173 | train_loss=4.5285e-04 | train_eval_loss=4.5068e-04 | val_loss=4.6537e-04 | | lr=3.13e-05
Epoch 174 | train_loss=4.5349e-04 | train_eval_loss=4.5287e-04 | val_loss=4.6590e-04 | | lr=3.13e-05
Epoch 175 | train_loss=4.5281e-04 | train_eval_loss=4.5108e-04 | val_loss=4.6300e-04 | | lr=3.13e-05
Saved best model to results/thesis_model_results/outputs/mtlsh_embeddability_tradeoff/MTLSH__mse__minmax__seed42__model_head_sizes32__model_shared_sizes128/mtlsh_state_dict_best.pt
Epoch 176 | train_loss=4.5280e-04 | train_eval_loss=4.5021e-04 | val_loss=4.6363e-04 | | lr=3.13e-05
Epoch 177 | train_loss=4.5201e-04 | train_eval_loss=4.5110e-04 | val_loss=4.6413e-04 | | lr=3.13e-05
Epoch 178 | train_loss=4.5187e-04 | train_eval_loss=4.5057e-04 | val_loss=4.6324e-04 | | lr=3.13e-05
Epoch 179 | train_loss=4.5169e-04 | train_eval_loss=4.5088e-04 | val_loss=4.6475e-04 | | lr=3.13e-05
Epoch 180 | train_loss=4.5132e-04 | train_eval_loss=4.4967e-04 | val_loss=4.6194e-04 | | lr=3.13e-05
Saved best model to results/thesis_model_results/outputs/mtlsh_embeddability_tradeoff/MTLSH__mse__minmax__seed42__model_head_sizes32__model_shared_sizes128/mtlsh_state_dict_best.pt
Epoch 181 | train_loss=4.5087e-04 | train_eval_loss=4.5041e-04 | val_loss=4.6316e-04 | | lr=3.13e-05
Epoch 182 | train_loss=4.5150e-04 | train_eval_loss=4.4918e-04 | val_loss=4.6218e-04 | | lr=3.13e-05
Epoch 183 | train_loss=4.5090e-04 | train_eval_loss=4.4754e-04 | val_loss=4.5935e-04 | | lr=3.13e-05
Saved best model to results/thesis_model_results/outputs/mtlsh_embeddability_tradeoff/MTLSH__mse__minmax__seed42__model_head_sizes32__model_shared_sizes128/mtlsh_state_dict_best.pt
Epoch 184 | train_loss=4.5030e-04 | train_eval_loss=4.5080e-04 | val_loss=4.6395e-04 | | lr=3.13e-05
Epoch 185 | train_loss=4.5099e-04 | train_eval_loss=4.4767e-04 | val_loss=4.6069e-04 | | lr=3.13e-05
Epoch 186 | train_loss=4.4964e-04 | train_eval_loss=4.4888e-04 | val_loss=4.6413e-04 | | lr=3.13e-05
Epoch 187 | train_loss=4.5188e-04 | train_eval_loss=4.5014e-04 | val_loss=4.6342e-04 | | lr=3.13e-05
Epoch 188 | train_loss=4.5083e-04 | train_eval_loss=4.4734e-04 | val_loss=4.6047e-04 | | lr=3.13e-05
Epoch 189 | train_loss=4.4974e-04 | train_eval_loss=4.4745e-04 | val_loss=4.5990e-04 | | lr=3.13e-05
Epoch 190 | train_loss=4.4932e-04 | train_eval_loss=4.5056e-04 | val_loss=4.6200e-04 | | lr=3.13e-05
Epoch 191 | train_loss=4.4991e-04 | train_eval_loss=4.4841e-04 | val_loss=4.6061e-04 | | lr=3.13e-05
Epoch 192 | train_loss=4.4928e-04 | train_eval_loss=4.4623e-04 | val_loss=4.6043e-04 | | lr=3.13e-05
Epoch 193 | train_loss=4.4674e-04 | train_eval_loss=4.4541e-04 | val_loss=4.5896e-04 | | lr=1.56e-05
Saved best model to results/thesis_model_results/outputs/mtlsh_embeddability_tradeoff/MTLSH__mse__minmax__seed42__model_head_sizes32__model_shared_sizes128/mtlsh_state_dict_best.pt
Epoch 194 | train_loss=4.4598e-04 | train_eval_loss=4.4494e-04 | val_loss=4.5759e-04 | | lr=1.56e-05
Saved best model to results/thesis_model_results/outputs/mtlsh_embeddability_tradeoff/MTLSH__mse__minmax__seed42__model_head_sizes32__model_shared_sizes128/mtlsh_state_dict_best.pt
Epoch 195 | train_loss=4.4586e-04 | train_eval_loss=4.4413e-04 | val_loss=4.5767e-04 | | lr=1.56e-05
Epoch 196 | train_loss=4.4640e-04 | train_eval_loss=4.4560e-04 | val_loss=4.5877e-04 | | lr=1.56e-05
Epoch 197 | train_loss=4.4600e-04 | train_eval_loss=4.4587e-04 | val_loss=4.5808e-04 | | lr=1.56e-05
Epoch 198 | train_loss=4.4623e-04 | train_eval_loss=4.4482e-04 | val_loss=4.5818e-04 | | lr=1.56e-05
Epoch 199 | train_loss=4.4580e-04 | train_eval_loss=4.4403e-04 | val_loss=4.5640e-04 | | lr=1.56e-05
Saved best model to results/thesis_model_results/outputs/mtlsh_embeddability_tradeoff/MTLSH__mse__minmax__seed42__model_head_sizes32__model_shared_sizes128/mtlsh_state_dict_best.pt
Epoch 200 | train_loss=4.4602e-04 | train_eval_loss=4.4388e-04 | val_loss=4.5761e-04 | | lr=1.56e-05
Saved training logs to results/thesis_model_results/outputs/mtlsh_embeddability_tradeoff/MTLSH__mse__minmax__seed42__model_head_sizes32__model_shared_sizes128/training_summary.txt
Test RMSE(rocof_COI) = 0.0157 | norm: 0.0119 | real_diff: 0.0113
Test RMSE(dev_COI) = 0.0233 | norm: 0.0086 | real_diff: 0.0120
Test RMSE(Delta_P_IBR_1) = 0.1380 | norm: 0.0218 | real_diff: 0.0966
Test RMSE(Delta_P_IBR_2) = 0.1096 | norm: 0.0153 | real_diff: 0.0619
Test RMSE(Delta_P_IBR_3) = 0.2085 | norm: 0.0366 | real_diff: 0.1218
Test RMSE(Delta_P_IBR_4) = 0.2109 | norm: 0.0218 | real_diff: 0.1374
Saved RMSE results to results/thesis_model_results/outputs/mtlsh_embeddability_tradeoff/MTLSH__mse__minmax__seed42__model_head_sizes32__model_shared_sizes128/rmse_results.txt
Saved detailed metrics to results/thesis_model_results/outputs/mtlsh_embeddability_tradeoff/MTLSH__mse__minmax__seed42__model_head_sizes32__model_shared_sizes128/metrics_by_target.csv
Saved aggregate metrics to results/thesis_model_results/outputs/mtlsh_embeddability_tradeoff/MTLSH__mse__minmax__seed42__model_head_sizes32__model_shared_sizes128/metrics_summary.json
Saved loss curves to results/thesis_model_results/outputs/mtlsh_embeddability_tradeoff/MTLSH__mse__minmax__seed42__model_head_sizes32__model_shared_sizes128/loss_curve.png
Saved scatter plot results/thesis_model_results/outputs/mtlsh_embeddability_tradeoff/MTLSH__mse__minmax__seed42__model_head_sizes32__model_shared_sizes128/scatter_rocof_COI.png
Saved scatter plot results/thesis_model_results/outputs/mtlsh_embeddability_tradeoff/MTLSH__mse__minmax__seed42__model_head_sizes32__model_shared_sizes128/scatter_dev_COI.png
Saved scatter plot results/thesis_model_results/outputs/mtlsh_embeddability_tradeoff/MTLSH__mse__minmax__seed42__model_head_sizes32__model_shared_sizes128/scatter_Delta_P_IBR_1.png
Saved scatter plot results/thesis_model_results/outputs/mtlsh_embeddability_tradeoff/MTLSH__mse__minmax__seed42__model_head_sizes32__model_shared_sizes128/scatter_Delta_P_IBR_2.png
Saved scatter plot results/thesis_model_results/outputs/mtlsh_embeddability_tradeoff/MTLSH__mse__minmax__seed42__model_head_sizes32__model_shared_sizes128/scatter_Delta_P_IBR_3.png
Saved scatter plot results/thesis_model_results/outputs/mtlsh_embeddability_tradeoff/MTLSH__mse__minmax__seed42__model_head_sizes32__model_shared_sizes128/scatter_Delta_P_IBR_4.png
Saved model to results/thesis_model_results/outputs/mtlsh_embeddability_tradeoff/MTLSH__mse__minmax__seed42__model_head_sizes32__model_shared_sizes128/mtlsh_state_dict.pt
Loss type: mse | weights=[]
Target stats (scaled):
train mean=[0.549  0.589  0.492  0.4884 0.4785 0.4192]
train std=[0.1365 0.1371 0.1141 0.1063 0.1158 0.1138]
train q05=[0.3074 0.3979 0.3192 0.303  0.3347 0.2205]
train q95=[0.7933 0.8652 0.6719 0.6491 0.6927 0.6016]
val mean=[0.5473 0.5873 0.4922 0.4893 0.4798 0.4201]
val std=[0.1343 0.1348 0.1123 0.1072 0.1141 0.1112]
val q05=[0.3103 0.3982 0.3195 0.303  0.3376 0.2251]
val q95=[0.7886 0.8626 0.6731 0.6514 0.6918 0.5984]
val/train std ratio=[0.984  0.9828 0.9844 1.0084 0.9848 0.9772]
LR scheduler: ReduceLROnPlateau (factor=0.5, patience=8, min_lr=1e-07)
Epoch 001 | train_loss=2.7939e-02 | train_eval_loss=1.3605e-02 | val_loss=1.3244e-02 | | lr=1.00e-03
Saved best model to results/thesis_model_results/outputs/mtlsh_embeddability_tradeoff/MTLSH__mse__minmax__seed42__model_head_sizes64__model_shared_sizes128/mtlsh_state_dict_best.pt
Epoch 002 | train_loss=1.1301e-02 | train_eval_loss=7.1630e-03 | val_loss=6.9611e-03 | | lr=1.00e-03
Saved best model to results/thesis_model_results/outputs/mtlsh_embeddability_tradeoff/MTLSH__mse__minmax__seed42__model_head_sizes64__model_shared_sizes128/mtlsh_state_dict_best.pt
Epoch 003 | train_loss=4.1857e-03 | train_eval_loss=2.9715e-03 | val_loss=2.9182e-03 | | lr=1.00e-03
Saved best model to results/thesis_model_results/outputs/mtlsh_embeddability_tradeoff/MTLSH__mse__minmax__seed42__model_head_sizes64__model_shared_sizes128/mtlsh_state_dict_best.pt
Epoch 004 | train_loss=2.7184e-03 | train_eval_loss=2.4697e-03 | val_loss=2.4247e-03 | | lr=1.00e-03
Saved best model to results/thesis_model_results/outputs/mtlsh_embeddability_tradeoff/MTLSH__mse__minmax__seed42__model_head_sizes64__model_shared_sizes128/mtlsh_state_dict_best.pt
Epoch 005 | train_loss=2.3487e-03 | train_eval_loss=2.2027e-03 | val_loss=2.1657e-03 | | lr=1.00e-03
Saved best model to results/thesis_model_results/outputs/mtlsh_embeddability_tradeoff/MTLSH__mse__minmax__seed42__model_head_sizes64__model_shared_sizes128/mtlsh_state_dict_best.pt
Epoch 006 | train_loss=2.1324e-03 | train_eval_loss=2.0619e-03 | val_loss=2.0291e-03 | | lr=1.00e-03
Saved best model to results/thesis_model_results/outputs/mtlsh_embeddability_tradeoff/MTLSH__mse__minmax__seed42__model_head_sizes64__model_shared_sizes128/mtlsh_state_dict_best.pt
Epoch 007 | train_loss=2.0081e-03 | train_eval_loss=1.9409e-03 | val_loss=1.9126e-03 | | lr=1.00e-03
Saved best model to results/thesis_model_results/outputs/mtlsh_embeddability_tradeoff/MTLSH__mse__minmax__seed42__model_head_sizes64__model_shared_sizes128/mtlsh_state_dict_best.pt
Epoch 008 | train_loss=1.9583e-03 | train_eval_loss=1.9098e-03 | val_loss=1.8774e-03 | | lr=1.00e-03
Saved best model to results/thesis_model_results/outputs/mtlsh_embeddability_tradeoff/MTLSH__mse__minmax__seed42__model_head_sizes64__model_shared_sizes128/mtlsh_state_dict_best.pt
Epoch 009 | train_loss=1.8593e-03 | train_eval_loss=1.8760e-03 | val_loss=1.8499e-03 | | lr=1.00e-03
Saved best model to results/thesis_model_results/outputs/mtlsh_embeddability_tradeoff/MTLSH__mse__minmax__seed42__model_head_sizes64__model_shared_sizes128/mtlsh_state_dict_best.pt
Epoch 010 | train_loss=1.7639e-03 | train_eval_loss=1.7002e-03 | val_loss=1.6735e-03 | | lr=1.00e-03
Saved best model to results/thesis_model_results/outputs/mtlsh_embeddability_tradeoff/MTLSH__mse__minmax__seed42__model_head_sizes64__model_shared_sizes128/mtlsh_state_dict_best.pt
Epoch 011 | train_loss=1.6987e-03 | train_eval_loss=1.6333e-03 | val_loss=1.6133e-03 | | lr=1.00e-03
Saved best model to results/thesis_model_results/outputs/mtlsh_embeddability_tradeoff/MTLSH__mse__minmax__seed42__model_head_sizes64__model_shared_sizes128/mtlsh_state_dict_best.pt
Epoch 012 | train_loss=1.6336e-03 | train_eval_loss=1.5806e-03 | val_loss=1.5519e-03 | | lr=1.00e-03
Saved best model to results/thesis_model_results/outputs/mtlsh_embeddability_tradeoff/MTLSH__mse__minmax__seed42__model_head_sizes64__model_shared_sizes128/mtlsh_state_dict_best.pt
Epoch 013 | train_loss=1.5792e-03 | train_eval_loss=1.6381e-03 | val_loss=1.6201e-03 | | lr=1.00e-03
Epoch 014 | train_loss=1.5401e-03 | train_eval_loss=1.5668e-03 | val_loss=1.5499e-03 | | lr=1.00e-03
Saved best model to results/thesis_model_results/outputs/mtlsh_embeddability_tradeoff/MTLSH__mse__minmax__seed42__model_head_sizes64__model_shared_sizes128/mtlsh_state_dict_best.pt
Epoch 015 | train_loss=1.5150e-03 | train_eval_loss=1.6059e-03 | val_loss=1.5902e-03 | | lr=1.00e-03
Epoch 016 | train_loss=1.5105e-03 | train_eval_loss=1.6735e-03 | val_loss=1.6578e-03 | | lr=1.00e-03
Epoch 017 | train_loss=1.4149e-03 | train_eval_loss=1.3561e-03 | val_loss=1.3482e-03 | | lr=1.00e-03
Saved best model to results/thesis_model_results/outputs/mtlsh_embeddability_tradeoff/MTLSH__mse__minmax__seed42__model_head_sizes64__model_shared_sizes128/mtlsh_state_dict_best.pt
Epoch 018 | train_loss=1.3470e-03 | train_eval_loss=1.3368e-03 | val_loss=1.3295e-03 | | lr=1.00e-03
Saved best model to results/thesis_model_results/outputs/mtlsh_embeddability_tradeoff/MTLSH__mse__minmax__seed42__model_head_sizes64__model_shared_sizes128/mtlsh_state_dict_best.pt
Epoch 019 | train_loss=1.3737e-03 | train_eval_loss=1.3545e-03 | val_loss=1.3406e-03 | | lr=1.00e-03
Epoch 020 | train_loss=1.3258e-03 | train_eval_loss=1.3389e-03 | val_loss=1.3411e-03 | | lr=1.00e-03
Epoch 021 | train_loss=1.2926e-03 | train_eval_loss=1.3601e-03 | val_loss=1.3542e-03 | | lr=1.00e-03
Epoch 022 | train_loss=1.2818e-03 | train_eval_loss=1.2914e-03 | val_loss=1.2888e-03 | | lr=1.00e-03
Saved best model to results/thesis_model_results/outputs/mtlsh_embeddability_tradeoff/MTLSH__mse__minmax__seed42__model_head_sizes64__model_shared_sizes128/mtlsh_state_dict_best.pt
Epoch 023 | train_loss=1.2152e-03 | train_eval_loss=1.2867e-03 | val_loss=1.2821e-03 | | lr=1.00e-03
Saved best model to results/thesis_model_results/outputs/mtlsh_embeddability_tradeoff/MTLSH__mse__minmax__seed42__model_head_sizes64__model_shared_sizes128/mtlsh_state_dict_best.pt
Epoch 024 | train_loss=1.2168e-03 | train_eval_loss=1.2369e-03 | val_loss=1.2340e-03 | | lr=1.00e-03
Saved best model to results/thesis_model_results/outputs/mtlsh_embeddability_tradeoff/MTLSH__mse__minmax__seed42__model_head_sizes64__model_shared_sizes128/mtlsh_state_dict_best.pt
Epoch 025 | train_loss=1.2250e-03 | train_eval_loss=1.2350e-03 | val_loss=1.2188e-03 | | lr=1.00e-03
Saved best model to results/thesis_model_results/outputs/mtlsh_embeddability_tradeoff/MTLSH__mse__minmax__seed42__model_head_sizes64__model_shared_sizes128/mtlsh_state_dict_best.pt
Epoch 026 | train_loss=1.1556e-03 | train_eval_loss=1.1649e-03 | val_loss=1.1679e-03 | | lr=1.00e-03
Saved best model to results/thesis_model_results/outputs/mtlsh_embeddability_tradeoff/MTLSH__mse__minmax__seed42__model_head_sizes64__model_shared_sizes128/mtlsh_state_dict_best.pt
Epoch 027 | train_loss=1.1728e-03 | train_eval_loss=1.1346e-03 | val_loss=1.1309e-03 | | lr=1.00e-03
Saved best model to results/thesis_model_results/outputs/mtlsh_embeddability_tradeoff/MTLSH__mse__minmax__seed42__model_head_sizes64__model_shared_sizes128/mtlsh_state_dict_best.pt
Epoch 028 | train_loss=1.1033e-03 | train_eval_loss=1.0689e-03 | val_loss=1.0601e-03 | | lr=1.00e-03
Saved best model to results/thesis_model_results/outputs/mtlsh_embeddability_tradeoff/MTLSH__mse__minmax__seed42__model_head_sizes64__model_shared_sizes128/mtlsh_state_dict_best.pt
Epoch 029 | train_loss=1.1196e-03 | train_eval_loss=1.1336e-03 | val_loss=1.1255e-03 | | lr=1.00e-03
Epoch 030 | train_loss=1.0379e-03 | train_eval_loss=1.0129e-03 | val_loss=1.0062e-03 | | lr=1.00e-03
Saved best model to results/thesis_model_results/outputs/mtlsh_embeddability_tradeoff/MTLSH__mse__minmax__seed42__model_head_sizes64__model_shared_sizes128/mtlsh_state_dict_best.pt
Epoch 031 | train_loss=1.0179e-03 | train_eval_loss=1.0092e-03 | val_loss=9.9986e-04 | | lr=1.00e-03
Saved best model to results/thesis_model_results/outputs/mtlsh_embeddability_tradeoff/MTLSH__mse__minmax__seed42__model_head_sizes64__model_shared_sizes128/mtlsh_state_dict_best.pt
Epoch 032 | train_loss=1.0358e-03 | train_eval_loss=9.5063e-04 | val_loss=9.4683e-04 | | lr=1.00e-03
Saved best model to results/thesis_model_results/outputs/mtlsh_embeddability_tradeoff/MTLSH__mse__minmax__seed42__model_head_sizes64__model_shared_sizes128/mtlsh_state_dict_best.pt
Epoch 033 | train_loss=9.8493e-04 | train_eval_loss=9.0955e-04 | val_loss=8.9847e-04 | | lr=1.00e-03
Saved best model to results/thesis_model_results/outputs/mtlsh_embeddability_tradeoff/MTLSH__mse__minmax__seed42__model_head_sizes64__model_shared_sizes128/mtlsh_state_dict_best.pt
Epoch 034 | train_loss=9.3155e-04 | train_eval_loss=9.6212e-04 | val_loss=9.5731e-04 | | lr=1.00e-03
Epoch 035 | train_loss=9.2213e-04 | train_eval_loss=9.4240e-04 | val_loss=9.3255e-04 | | lr=1.00e-03
Epoch 036 | train_loss=8.6167e-04 | train_eval_loss=8.2319e-04 | val_loss=8.1166e-04 | | lr=1.00e-03
Saved best model to results/thesis_model_results/outputs/mtlsh_embeddability_tradeoff/MTLSH__mse__minmax__seed42__model_head_sizes64__model_shared_sizes128/mtlsh_state_dict_best.pt
Epoch 037 | train_loss=8.4659e-04 | train_eval_loss=8.2747e-04 | val_loss=8.2368e-04 | | lr=1.00e-03
Epoch 038 | train_loss=8.4988e-04 | train_eval_loss=8.9780e-04 | val_loss=8.8413e-04 | | lr=1.00e-03
Epoch 039 | train_loss=8.0540e-04 | train_eval_loss=8.2467e-04 | val_loss=8.1721e-04 | | lr=1.00e-03
Epoch 040 | train_loss=7.9978e-04 | train_eval_loss=7.7332e-04 | val_loss=7.6764e-04 | | lr=1.00e-03
Saved best model to results/thesis_model_results/outputs/mtlsh_embeddability_tradeoff/MTLSH__mse__minmax__seed42__model_head_sizes64__model_shared_sizes128/mtlsh_state_dict_best.pt
Epoch 041 | train_loss=7.7806e-04 | train_eval_loss=7.6845e-04 | val_loss=7.5769e-04 | | lr=1.00e-03
Saved best model to results/thesis_model_results/outputs/mtlsh_embeddability_tradeoff/MTLSH__mse__minmax__seed42__model_head_sizes64__model_shared_sizes128/mtlsh_state_dict_best.pt
Epoch 042 | train_loss=7.7955e-04 | train_eval_loss=7.4471e-04 | val_loss=7.3816e-04 | | lr=1.00e-03
Saved best model to results/thesis_model_results/outputs/mtlsh_embeddability_tradeoff/MTLSH__mse__minmax__seed42__model_head_sizes64__model_shared_sizes128/mtlsh_state_dict_best.pt
Epoch 043 | train_loss=7.9292e-04 | train_eval_loss=7.4370e-04 | val_loss=7.3549e-04 | | lr=1.00e-03
Saved best model to results/thesis_model_results/outputs/mtlsh_embeddability_tradeoff/MTLSH__mse__minmax__seed42__model_head_sizes64__model_shared_sizes128/mtlsh_state_dict_best.pt
Epoch 044 | train_loss=7.4781e-04 | train_eval_loss=6.9561e-04 | val_loss=6.8308e-04 | | lr=1.00e-03
Saved best model to results/thesis_model_results/outputs/mtlsh_embeddability_tradeoff/MTLSH__mse__minmax__seed42__model_head_sizes64__model_shared_sizes128/mtlsh_state_dict_best.pt
Epoch 045 | train_loss=7.2290e-04 | train_eval_loss=7.5508e-04 | val_loss=7.5049e-04 | | lr=1.00e-03
Epoch 046 | train_loss=7.0741e-04 | train_eval_loss=6.8826e-04 | val_loss=6.8375e-04 | | lr=1.00e-03
Epoch 047 | train_loss=7.1685e-04 | train_eval_loss=6.6687e-04 | val_loss=6.6217e-04 | | lr=1.00e-03
Saved best model to results/thesis_model_results/outputs/mtlsh_embeddability_tradeoff/MTLSH__mse__minmax__seed42__model_head_sizes64__model_shared_sizes128/mtlsh_state_dict_best.pt
Epoch 048 | train_loss=6.8602e-04 | train_eval_loss=7.2871e-04 | val_loss=7.3057e-04 | | lr=1.00e-03
Epoch 049 | train_loss=7.4803e-04 | train_eval_loss=7.7493e-04 | val_loss=7.7572e-04 | | lr=1.00e-03
Epoch 050 | train_loss=7.3312e-04 | train_eval_loss=7.4016e-04 | val_loss=7.3805e-04 | | lr=1.00e-03
Epoch 051 | train_loss=6.7352e-04 | train_eval_loss=6.7079e-04 | val_loss=6.6942e-04 | | lr=1.00e-03
Epoch 052 | train_loss=7.0676e-04 | train_eval_loss=7.2167e-04 | val_loss=7.1998e-04 | | lr=1.00e-03
Epoch 053 | train_loss=6.8077e-04 | train_eval_loss=6.4395e-04 | val_loss=6.3630e-04 | | lr=1.00e-03
Saved best model to results/thesis_model_results/outputs/mtlsh_embeddability_tradeoff/MTLSH__mse__minmax__seed42__model_head_sizes64__model_shared_sizes128/mtlsh_state_dict_best.pt
Epoch 054 | train_loss=6.7166e-04 | train_eval_loss=6.9537e-04 | val_loss=6.9313e-04 | | lr=1.00e-03
Epoch 055 | train_loss=6.5692e-04 | train_eval_loss=6.8182e-04 | val_loss=6.8571e-04 | | lr=1.00e-03
Epoch 056 | train_loss=6.6434e-04 | train_eval_loss=7.8424e-04 | val_loss=7.9117e-04 | | lr=1.00e-03
Epoch 057 | train_loss=6.6523e-04 | train_eval_loss=5.9944e-04 | val_loss=5.9780e-04 | | lr=1.00e-03
Saved best model to results/thesis_model_results/outputs/mtlsh_embeddability_tradeoff/MTLSH__mse__minmax__seed42__model_head_sizes64__model_shared_sizes128/mtlsh_state_dict_best.pt
Epoch 058 | train_loss=6.4990e-04 | train_eval_loss=6.7297e-04 | val_loss=6.7995e-04 | | lr=1.00e-03
Epoch 059 | train_loss=6.5221e-04 | train_eval_loss=6.9888e-04 | val_loss=6.9862e-04 | | lr=1.00e-03
Epoch 060 | train_loss=6.3469e-04 | train_eval_loss=6.7111e-04 | val_loss=6.7171e-04 | | lr=1.00e-03
Epoch 061 | train_loss=6.2157e-04 | train_eval_loss=6.0593e-04 | val_loss=6.0290e-04 | | lr=1.00e-03
Epoch 062 | train_loss=6.2953e-04 | train_eval_loss=6.9291e-04 | val_loss=6.9239e-04 | | lr=1.00e-03
Epoch 063 | train_loss=6.2650e-04 | train_eval_loss=6.2294e-04 | val_loss=6.1532e-04 | | lr=1.00e-03
Epoch 064 | train_loss=6.2588e-04 | train_eval_loss=5.7272e-04 | val_loss=5.7020e-04 | | lr=1.00e-03
Saved best model to results/thesis_model_results/outputs/mtlsh_embeddability_tradeoff/MTLSH__mse__minmax__seed42__model_head_sizes64__model_shared_sizes128/mtlsh_state_dict_best.pt
Epoch 065 | train_loss=5.9704e-04 | train_eval_loss=6.1925e-04 | val_loss=6.1507e-04 | | lr=1.00e-03
Epoch 066 | train_loss=5.9124e-04 | train_eval_loss=7.1804e-04 | val_loss=7.2209e-04 | | lr=1.00e-03
Epoch 067 | train_loss=6.4484e-04 | train_eval_loss=7.2768e-04 | val_loss=7.3065e-04 | | lr=1.00e-03
Epoch 068 | train_loss=6.2799e-04 | train_eval_loss=6.3847e-04 | val_loss=6.4282e-04 | | lr=1.00e-03
Epoch 069 | train_loss=5.8574e-04 | train_eval_loss=5.8742e-04 | val_loss=5.9635e-04 | | lr=1.00e-03
Epoch 070 | train_loss=5.9007e-04 | train_eval_loss=6.0073e-04 | val_loss=6.0551e-04 | | lr=1.00e-03
Epoch 071 | train_loss=5.8326e-04 | train_eval_loss=5.4416e-04 | val_loss=5.3782e-04 | | lr=1.00e-03
Saved best model to results/thesis_model_results/outputs/mtlsh_embeddability_tradeoff/MTLSH__mse__minmax__seed42__model_head_sizes64__model_shared_sizes128/mtlsh_state_dict_best.pt
Epoch 072 | train_loss=5.9356e-04 | train_eval_loss=5.8386e-04 | val_loss=5.9581e-04 | | lr=1.00e-03
Epoch 073 | train_loss=5.8524e-04 | train_eval_loss=5.3158e-04 | val_loss=5.3677e-04 | | lr=1.00e-03
Saved best model to results/thesis_model_results/outputs/mtlsh_embeddability_tradeoff/MTLSH__mse__minmax__seed42__model_head_sizes64__model_shared_sizes128/mtlsh_state_dict_best.pt
Epoch 074 | train_loss=5.5733e-04 | train_eval_loss=6.4130e-04 | val_loss=6.4701e-04 | | lr=1.00e-03
Epoch 075 | train_loss=5.6970e-04 | train_eval_loss=6.5200e-04 | val_loss=6.5373e-04 | | lr=1.00e-03
Epoch 076 | train_loss=5.6270e-04 | train_eval_loss=6.4462e-04 | val_loss=6.4323e-04 | | lr=1.00e-03
Epoch 077 | train_loss=5.6951e-04 | train_eval_loss=5.4464e-04 | val_loss=5.4624e-04 | | lr=1.00e-03
Epoch 078 | train_loss=5.5740e-04 | train_eval_loss=5.6871e-04 | val_loss=5.7281e-04 | | lr=1.00e-03
Epoch 079 | train_loss=5.9630e-04 | train_eval_loss=5.3948e-04 | val_loss=5.4718e-04 | | lr=1.00e-03
Epoch 080 | train_loss=5.8881e-04 | train_eval_loss=6.2680e-04 | val_loss=6.2518e-04 | | lr=1.00e-03
Epoch 081 | train_loss=5.6582e-04 | train_eval_loss=5.5928e-04 | val_loss=5.5856e-04 | | lr=1.00e-03
Epoch 082 | train_loss=5.3397e-04 | train_eval_loss=5.4109e-04 | val_loss=5.4057e-04 | | lr=1.00e-03
Epoch 083 | train_loss=4.8597e-04 | train_eval_loss=4.8442e-04 | val_loss=4.8675e-04 | | lr=5.00e-04
Saved best model to results/thesis_model_results/outputs/mtlsh_embeddability_tradeoff/MTLSH__mse__minmax__seed42__model_head_sizes64__model_shared_sizes128/mtlsh_state_dict_best.pt
Epoch 084 | train_loss=4.7495e-04 | train_eval_loss=4.6169e-04 | val_loss=4.6780e-04 | | lr=5.00e-04
Saved best model to results/thesis_model_results/outputs/mtlsh_embeddability_tradeoff/MTLSH__mse__minmax__seed42__model_head_sizes64__model_shared_sizes128/mtlsh_state_dict_best.pt
Epoch 085 | train_loss=4.8315e-04 | train_eval_loss=4.8969e-04 | val_loss=4.8943e-04 | | lr=5.00e-04
Epoch 086 | train_loss=4.8062e-04 | train_eval_loss=4.5962e-04 | val_loss=4.6615e-04 | | lr=5.00e-04
Saved best model to results/thesis_model_results/outputs/mtlsh_embeddability_tradeoff/MTLSH__mse__minmax__seed42__model_head_sizes64__model_shared_sizes128/mtlsh_state_dict_best.pt
Epoch 087 | train_loss=4.7088e-04 | train_eval_loss=4.6272e-04 | val_loss=4.6844e-04 | | lr=5.00e-04
Epoch 088 | train_loss=4.7506e-04 | train_eval_loss=4.8533e-04 | val_loss=4.8872e-04 | | lr=5.00e-04
Epoch 089 | train_loss=4.7880e-04 | train_eval_loss=4.7282e-04 | val_loss=4.7829e-04 | | lr=5.00e-04
Epoch 090 | train_loss=4.7311e-04 | train_eval_loss=4.7357e-04 | val_loss=4.7586e-04 | | lr=5.00e-04
Epoch 091 | train_loss=4.7095e-04 | train_eval_loss=4.9407e-04 | val_loss=5.0512e-04 | | lr=5.00e-04
Epoch 092 | train_loss=4.7674e-04 | train_eval_loss=5.2020e-04 | val_loss=5.3888e-04 | | lr=5.00e-04
Epoch 093 | train_loss=4.7580e-04 | train_eval_loss=5.1654e-04 | val_loss=5.2781e-04 | | lr=5.00e-04
Epoch 094 | train_loss=4.7585e-04 | train_eval_loss=4.6615e-04 | val_loss=4.7401e-04 | | lr=5.00e-04
Epoch 095 | train_loss=4.6786e-04 | train_eval_loss=4.5564e-04 | val_loss=4.6397e-04 | | lr=5.00e-04
Saved best model to results/thesis_model_results/outputs/mtlsh_embeddability_tradeoff/MTLSH__mse__minmax__seed42__model_head_sizes64__model_shared_sizes128/mtlsh_state_dict_best.pt
Epoch 096 | train_loss=4.7450e-04 | train_eval_loss=4.6726e-04 | val_loss=4.8319e-04 | | lr=5.00e-04
Epoch 097 | train_loss=4.7210e-04 | train_eval_loss=4.9160e-04 | val_loss=4.9832e-04 | | lr=5.00e-04
Epoch 098 | train_loss=4.6755e-04 | train_eval_loss=4.6895e-04 | val_loss=4.7623e-04 | | lr=5.00e-04
Epoch 099 | train_loss=4.6465e-04 | train_eval_loss=4.5005e-04 | val_loss=4.5829e-04 | | lr=5.00e-04
Saved best model to results/thesis_model_results/outputs/mtlsh_embeddability_tradeoff/MTLSH__mse__minmax__seed42__model_head_sizes64__model_shared_sizes128/mtlsh_state_dict_best.pt
Epoch 100 | train_loss=4.6345e-04 | train_eval_loss=4.6457e-04 | val_loss=4.7122e-04 | | lr=5.00e-04
Epoch 101 | train_loss=4.6982e-04 | train_eval_loss=4.7157e-04 | val_loss=4.8124e-04 | | lr=5.00e-04
Epoch 102 | train_loss=4.5873e-04 | train_eval_loss=4.7106e-04 | val_loss=4.7819e-04 | | lr=5.00e-04
Epoch 103 | train_loss=4.6097e-04 | train_eval_loss=4.9039e-04 | val_loss=5.0017e-04 | | lr=5.00e-04
Epoch 104 | train_loss=4.6615e-04 | train_eval_loss=4.7522e-04 | val_loss=4.8317e-04 | | lr=5.00e-04
Epoch 105 | train_loss=4.5795e-04 | train_eval_loss=4.6276e-04 | val_loss=4.7951e-04 | | lr=5.00e-04
Epoch 106 | train_loss=4.5536e-04 | train_eval_loss=4.5190e-04 | val_loss=4.6399e-04 | | lr=5.00e-04
Epoch 107 | train_loss=4.6063e-04 | train_eval_loss=4.4867e-04 | val_loss=4.5658e-04 | | lr=5.00e-04
Saved best model to results/thesis_model_results/outputs/mtlsh_embeddability_tradeoff/MTLSH__mse__minmax__seed42__model_head_sizes64__model_shared_sizes128/mtlsh_state_dict_best.pt
Epoch 108 | train_loss=4.6515e-04 | train_eval_loss=4.6871e-04 | val_loss=4.8140e-04 | | lr=5.00e-04
Epoch 109 | train_loss=4.5207e-04 | train_eval_loss=4.7985e-04 | val_loss=4.9714e-04 | | lr=5.00e-04
Epoch 110 | train_loss=4.6244e-04 | train_eval_loss=4.8160e-04 | val_loss=4.8403e-04 | | lr=5.00e-04
Epoch 111 | train_loss=4.5194e-04 | train_eval_loss=4.5630e-04 | val_loss=4.7005e-04 | | lr=5.00e-04
Epoch 112 | train_loss=4.4931e-04 | train_eval_loss=4.5732e-04 | val_loss=4.6224e-04 | | lr=5.00e-04
Epoch 113 | train_loss=4.4884e-04 | train_eval_loss=4.6703e-04 | val_loss=4.7597e-04 | | lr=5.00e-04
Epoch 114 | train_loss=4.5593e-04 | train_eval_loss=4.3179e-04 | val_loss=4.4234e-04 | | lr=5.00e-04
Saved best model to results/thesis_model_results/outputs/mtlsh_embeddability_tradeoff/MTLSH__mse__minmax__seed42__model_head_sizes64__model_shared_sizes128/mtlsh_state_dict_best.pt
Epoch 115 | train_loss=4.5645e-04 | train_eval_loss=4.6626e-04 | val_loss=4.8027e-04 | | lr=5.00e-04
Epoch 116 | train_loss=4.4724e-04 | train_eval_loss=4.8253e-04 | val_loss=4.9084e-04 | | lr=5.00e-04
Epoch 117 | train_loss=4.4975e-04 | train_eval_loss=4.6579e-04 | val_loss=4.7534e-04 | | lr=5.00e-04
Epoch 118 | train_loss=4.5356e-04 | train_eval_loss=4.5901e-04 | val_loss=4.7831e-04 | | lr=5.00e-04
Epoch 119 | train_loss=4.4351e-04 | train_eval_loss=4.2791e-04 | val_loss=4.4539e-04 | | lr=5.00e-04
Epoch 120 | train_loss=4.3281e-04 | train_eval_loss=4.4927e-04 | val_loss=4.6873e-04 | | lr=5.00e-04
Epoch 121 | train_loss=4.3858e-04 | train_eval_loss=4.6626e-04 | val_loss=4.8547e-04 | | lr=5.00e-04
Epoch 122 | train_loss=4.4701e-04 | train_eval_loss=4.2715e-04 | val_loss=4.3812e-04 | | lr=5.00e-04
Saved best model to results/thesis_model_results/outputs/mtlsh_embeddability_tradeoff/MTLSH__mse__minmax__seed42__model_head_sizes64__model_shared_sizes128/mtlsh_state_dict_best.pt
Epoch 123 | train_loss=4.2968e-04 | train_eval_loss=4.1234e-04 | val_loss=4.2845e-04 | | lr=5.00e-04
Saved best model to results/thesis_model_results/outputs/mtlsh_embeddability_tradeoff/MTLSH__mse__minmax__seed42__model_head_sizes64__model_shared_sizes128/mtlsh_state_dict_best.pt
Epoch 124 | train_loss=4.3836e-04 | train_eval_loss=4.3590e-04 | val_loss=4.5290e-04 | | lr=5.00e-04
Epoch 125 | train_loss=4.5438e-04 | train_eval_loss=4.2195e-04 | val_loss=4.3559e-04 | | lr=5.00e-04
Epoch 126 | train_loss=4.3670e-04 | train_eval_loss=4.4793e-04 | val_loss=4.5960e-04 | | lr=5.00e-04
Epoch 127 | train_loss=4.4676e-04 | train_eval_loss=4.2499e-04 | val_loss=4.4585e-04 | | lr=5.00e-04
Epoch 128 | train_loss=4.3914e-04 | train_eval_loss=4.9099e-04 | val_loss=5.0003e-04 | | lr=5.00e-04
Epoch 129 | train_loss=4.3483e-04 | train_eval_loss=4.2802e-04 | val_loss=4.4308e-04 | | lr=5.00e-04
Epoch 130 | train_loss=4.3583e-04 | train_eval_loss=4.5943e-04 | val_loss=4.7444e-04 | | lr=5.00e-04
Epoch 131 | train_loss=4.2796e-04 | train_eval_loss=4.2207e-04 | val_loss=4.4459e-04 | | lr=5.00e-04
Epoch 132 | train_loss=4.1915e-04 | train_eval_loss=4.6017e-04 | val_loss=4.7752e-04 | | lr=5.00e-04
Epoch 133 | train_loss=4.0284e-04 | train_eval_loss=3.9815e-04 | val_loss=4.1320e-04 | | lr=2.50e-04
Saved best model to results/thesis_model_results/outputs/mtlsh_embeddability_tradeoff/MTLSH__mse__minmax__seed42__model_head_sizes64__model_shared_sizes128/mtlsh_state_dict_best.pt
Epoch 134 | train_loss=3.9428e-04 | train_eval_loss=3.8619e-04 | val_loss=4.0468e-04 | | lr=2.50e-04
Saved best model to results/thesis_model_results/outputs/mtlsh_embeddability_tradeoff/MTLSH__mse__minmax__seed42__model_head_sizes64__model_shared_sizes128/mtlsh_state_dict_best.pt
Epoch 135 | train_loss=3.9784e-04 | train_eval_loss=4.0259e-04 | val_loss=4.2366e-04 | | lr=2.50e-04
Epoch 136 | train_loss=3.9852e-04 | train_eval_loss=3.9018e-04 | val_loss=4.0695e-04 | | lr=2.50e-04
Epoch 137 | train_loss=3.9376e-04 | train_eval_loss=3.8830e-04 | val_loss=4.0772e-04 | | lr=2.50e-04
Epoch 138 | train_loss=3.9202e-04 | train_eval_loss=3.9198e-04 | val_loss=4.1292e-04 | | lr=2.50e-04
Epoch 139 | train_loss=3.9540e-04 | train_eval_loss=3.9841e-04 | val_loss=4.1774e-04 | | lr=2.50e-04
Epoch 140 | train_loss=3.9325e-04 | train_eval_loss=4.0251e-04 | val_loss=4.1799e-04 | | lr=2.50e-04
Epoch 141 | train_loss=3.9837e-04 | train_eval_loss=3.9017e-04 | val_loss=4.1248e-04 | | lr=2.50e-04
Epoch 142 | train_loss=4.0169e-04 | train_eval_loss=4.3011e-04 | val_loss=4.4887e-04 | | lr=2.50e-04
Epoch 143 | train_loss=3.9611e-04 | train_eval_loss=3.8910e-04 | val_loss=4.1026e-04 | | lr=2.50e-04
Epoch 144 | train_loss=3.7919e-04 | train_eval_loss=3.7598e-04 | val_loss=3.9966e-04 | | lr=1.25e-04
Saved best model to results/thesis_model_results/outputs/mtlsh_embeddability_tradeoff/MTLSH__mse__minmax__seed42__model_head_sizes64__model_shared_sizes128/mtlsh_state_dict_best.pt
Epoch 145 | train_loss=3.7928e-04 | train_eval_loss=3.7797e-04 | val_loss=3.9745e-04 | | lr=1.25e-04
Saved best model to results/thesis_model_results/outputs/mtlsh_embeddability_tradeoff/MTLSH__mse__minmax__seed42__model_head_sizes64__model_shared_sizes128/mtlsh_state_dict_best.pt
Epoch 146 | train_loss=3.7869e-04 | train_eval_loss=3.7513e-04 | val_loss=3.9557e-04 | | lr=1.25e-04
Saved best model to results/thesis_model_results/outputs/mtlsh_embeddability_tradeoff/MTLSH__mse__minmax__seed42__model_head_sizes64__model_shared_sizes128/mtlsh_state_dict_best.pt
Epoch 147 | train_loss=3.7592e-04 | train_eval_loss=3.7839e-04 | val_loss=3.9828e-04 | | lr=1.25e-04
Epoch 148 | train_loss=3.7816e-04 | train_eval_loss=3.7307e-04 | val_loss=3.9832e-04 | | lr=1.25e-04
Epoch 149 | train_loss=3.7522e-04 | train_eval_loss=3.7805e-04 | val_loss=3.9855e-04 | | lr=1.25e-04
Epoch 150 | train_loss=3.7587e-04 | train_eval_loss=3.8132e-04 | val_loss=3.9745e-04 | | lr=1.25e-04
Epoch 151 | train_loss=3.7612e-04 | train_eval_loss=3.7533e-04 | val_loss=3.9517e-04 | | lr=1.25e-04
Saved best model to results/thesis_model_results/outputs/mtlsh_embeddability_tradeoff/MTLSH__mse__minmax__seed42__model_head_sizes64__model_shared_sizes128/mtlsh_state_dict_best.pt
Epoch 152 | train_loss=3.7517e-04 | train_eval_loss=3.7379e-04 | val_loss=3.9719e-04 | | lr=1.25e-04
Epoch 153 | train_loss=3.7595e-04 | train_eval_loss=3.7548e-04 | val_loss=4.0043e-04 | | lr=1.25e-04
Epoch 154 | train_loss=3.7972e-04 | train_eval_loss=3.7017e-04 | val_loss=3.9167e-04 | | lr=1.25e-04
Saved best model to results/thesis_model_results/outputs/mtlsh_embeddability_tradeoff/MTLSH__mse__minmax__seed42__model_head_sizes64__model_shared_sizes128/mtlsh_state_dict_best.pt
Epoch 155 | train_loss=3.7678e-04 | train_eval_loss=3.7790e-04 | val_loss=3.9932e-04 | | lr=1.25e-04
Epoch 156 | train_loss=3.7608e-04 | train_eval_loss=3.9610e-04 | val_loss=4.1045e-04 | | lr=1.25e-04
Epoch 157 | train_loss=3.7947e-04 | train_eval_loss=3.7894e-04 | val_loss=4.0140e-04 | | lr=1.25e-04
Epoch 158 | train_loss=3.7518e-04 | train_eval_loss=3.7089e-04 | val_loss=3.9349e-04 | | lr=1.25e-04
Epoch 159 | train_loss=3.7576e-04 | train_eval_loss=3.8238e-04 | val_loss=4.0797e-04 | | lr=1.25e-04
Epoch 160 | train_loss=3.7691e-04 | train_eval_loss=3.8433e-04 | val_loss=4.0632e-04 | | lr=1.25e-04
Epoch 161 | train_loss=3.7380e-04 | train_eval_loss=3.6684e-04 | val_loss=3.8803e-04 | | lr=1.25e-04
Saved best model to results/thesis_model_results/outputs/mtlsh_embeddability_tradeoff/MTLSH__mse__minmax__seed42__model_head_sizes64__model_shared_sizes128/mtlsh_state_dict_best.pt
Epoch 162 | train_loss=3.7747e-04 | train_eval_loss=3.8174e-04 | val_loss=4.0258e-04 | | lr=1.25e-04
Epoch 163 | train_loss=3.7195e-04 | train_eval_loss=3.7389e-04 | val_loss=3.9747e-04 | | lr=1.25e-04
Epoch 164 | train_loss=3.7257e-04 | train_eval_loss=3.7511e-04 | val_loss=3.9858e-04 | | lr=1.25e-04
Epoch 165 | train_loss=3.7338e-04 | train_eval_loss=3.8274e-04 | val_loss=4.0717e-04 | | lr=1.25e-04
Epoch 166 | train_loss=3.7608e-04 | train_eval_loss=3.7014e-04 | val_loss=3.9523e-04 | | lr=1.25e-04
Epoch 167 | train_loss=3.7243e-04 | train_eval_loss=3.6455e-04 | val_loss=3.8730e-04 | | lr=1.25e-04
Saved best model to results/thesis_model_results/outputs/mtlsh_embeddability_tradeoff/MTLSH__mse__minmax__seed42__model_head_sizes64__model_shared_sizes128/mtlsh_state_dict_best.pt
Epoch 168 | train_loss=3.7302e-04 | train_eval_loss=3.8713e-04 | val_loss=4.1166e-04 | | lr=1.25e-04
Epoch 169 | train_loss=3.7613e-04 | train_eval_loss=3.8126e-04 | val_loss=4.0898e-04 | | lr=1.25e-04
Epoch 170 | train_loss=3.7638e-04 | train_eval_loss=3.6479e-04 | val_loss=3.8970e-04 | | lr=1.25e-04
Epoch 171 | train_loss=3.7338e-04 | train_eval_loss=3.6318e-04 | val_loss=3.8861e-04 | | lr=1.25e-04
Epoch 172 | train_loss=3.6926e-04 | train_eval_loss=3.7118e-04 | val_loss=3.9329e-04 | | lr=1.25e-04
Epoch 173 | train_loss=3.7078e-04 | train_eval_loss=3.6568e-04 | val_loss=3.8939e-04 | | lr=1.25e-04
Epoch 174 | train_loss=3.7025e-04 | train_eval_loss=3.6871e-04 | val_loss=3.9621e-04 | | lr=1.25e-04
Epoch 175 | train_loss=3.7148e-04 | train_eval_loss=3.6474e-04 | val_loss=3.9090e-04 | | lr=1.25e-04
Epoch 176 | train_loss=3.6896e-04 | train_eval_loss=3.6580e-04 | val_loss=3.9264e-04 | | lr=1.25e-04
Epoch 177 | train_loss=3.6082e-04 | train_eval_loss=3.5796e-04 | val_loss=3.8394e-04 | | lr=6.25e-05
Saved best model to results/thesis_model_results/outputs/mtlsh_embeddability_tradeoff/MTLSH__mse__minmax__seed42__model_head_sizes64__model_shared_sizes128/mtlsh_state_dict_best.pt
Epoch 178 | train_loss=3.6134e-04 | train_eval_loss=3.5943e-04 | val_loss=3.8509e-04 | | lr=6.25e-05
Epoch 179 | train_loss=3.6249e-04 | train_eval_loss=3.5833e-04 | val_loss=3.8345e-04 | | lr=6.25e-05
Saved best model to results/thesis_model_results/outputs/mtlsh_embeddability_tradeoff/MTLSH__mse__minmax__seed42__model_head_sizes64__model_shared_sizes128/mtlsh_state_dict_best.pt
Epoch 180 | train_loss=3.6074e-04 | train_eval_loss=3.6058e-04 | val_loss=3.8479e-04 | | lr=6.25e-05
Epoch 181 | train_loss=3.5957e-04 | train_eval_loss=3.5896e-04 | val_loss=3.8528e-04 | | lr=6.25e-05
Epoch 182 | train_loss=3.6002e-04 | train_eval_loss=3.5542e-04 | val_loss=3.7973e-04 | | lr=6.25e-05
Saved best model to results/thesis_model_results/outputs/mtlsh_embeddability_tradeoff/MTLSH__mse__minmax__seed42__model_head_sizes64__model_shared_sizes128/mtlsh_state_dict_best.pt
Epoch 183 | train_loss=3.5985e-04 | train_eval_loss=3.6242e-04 | val_loss=3.8938e-04 | | lr=6.25e-05
Epoch 184 | train_loss=3.6000e-04 | train_eval_loss=3.5646e-04 | val_loss=3.8303e-04 | | lr=6.25e-05
Epoch 185 | train_loss=3.5950e-04 | train_eval_loss=3.5489e-04 | val_loss=3.8208e-04 | | lr=6.25e-05
Epoch 186 | train_loss=3.6010e-04 | train_eval_loss=3.6226e-04 | val_loss=3.8751e-04 | | lr=6.25e-05
Epoch 187 | train_loss=3.6096e-04 | train_eval_loss=3.6163e-04 | val_loss=3.8837e-04 | | lr=6.25e-05
Epoch 188 | train_loss=3.6064e-04 | train_eval_loss=3.6320e-04 | val_loss=3.9157e-04 | | lr=6.25e-05
Epoch 189 | train_loss=3.5826e-04 | train_eval_loss=3.6179e-04 | val_loss=3.8440e-04 | | lr=6.25e-05
Epoch 190 | train_loss=3.5934e-04 | train_eval_loss=3.5344e-04 | val_loss=3.7970e-04 | | lr=6.25e-05
Saved best model to results/thesis_model_results/outputs/mtlsh_embeddability_tradeoff/MTLSH__mse__minmax__seed42__model_head_sizes64__model_shared_sizes128/mtlsh_state_dict_best.pt
Epoch 191 | train_loss=3.5869e-04 | train_eval_loss=3.6109e-04 | val_loss=3.8188e-04 | | lr=6.25e-05
Epoch 192 | train_loss=3.5588e-04 | train_eval_loss=3.5442e-04 | val_loss=3.8074e-04 | | lr=3.13e-05
Epoch 193 | train_loss=3.5424e-04 | train_eval_loss=3.5159e-04 | val_loss=3.7704e-04 | | lr=3.13e-05
Saved best model to results/thesis_model_results/outputs/mtlsh_embeddability_tradeoff/MTLSH__mse__minmax__seed42__model_head_sizes64__model_shared_sizes128/mtlsh_state_dict_best.pt
Epoch 194 | train_loss=3.5344e-04 | train_eval_loss=3.5321e-04 | val_loss=3.7757e-04 | | lr=3.13e-05
Epoch 195 | train_loss=3.5374e-04 | train_eval_loss=3.5257e-04 | val_loss=3.7760e-04 | | lr=3.13e-05
Epoch 196 | train_loss=3.5401e-04 | train_eval_loss=3.5089e-04 | val_loss=3.7819e-04 | | lr=3.13e-05
Epoch 197 | train_loss=3.5366e-04 | train_eval_loss=3.5241e-04 | val_loss=3.7789e-04 | | lr=3.13e-05
Epoch 198 | train_loss=3.5396e-04 | train_eval_loss=3.5092e-04 | val_loss=3.7840e-04 | | lr=3.13e-05
Epoch 199 | train_loss=3.5348e-04 | train_eval_loss=3.5434e-04 | val_loss=3.8060e-04 | | lr=3.13e-05
Epoch 200 | train_loss=3.5406e-04 | train_eval_loss=3.5144e-04 | val_loss=3.7761e-04 | | lr=3.13e-05
Saved training logs to results/thesis_model_results/outputs/mtlsh_embeddability_tradeoff/MTLSH__mse__minmax__seed42__model_head_sizes64__model_shared_sizes128/training_summary.txt
Test RMSE(rocof_COI) = 0.0126 | norm: 0.0096 | real_diff: 0.0082
Test RMSE(dev_COI) = 0.0238 | norm: 0.0088 | real_diff: 0.0128
Test RMSE(Delta_P_IBR_1) = 0.1132 | norm: 0.0179 | real_diff: 0.0718
Test RMSE(Delta_P_IBR_2) = 0.1077 | norm: 0.0150 | real_diff: 0.0593
Test RMSE(Delta_P_IBR_3) = 0.1907 | norm: 0.0335 | real_diff: 0.1012
Test RMSE(Delta_P_IBR_4) = 0.2027 | norm: 0.0209 | real_diff: 0.1288
Saved RMSE results to results/thesis_model_results/outputs/mtlsh_embeddability_tradeoff/MTLSH__mse__minmax__seed42__model_head_sizes64__model_shared_sizes128/rmse_results.txt
Saved detailed metrics to results/thesis_model_results/outputs/mtlsh_embeddability_tradeoff/MTLSH__mse__minmax__seed42__model_head_sizes64__model_shared_sizes128/metrics_by_target.csv
Saved aggregate metrics to results/thesis_model_results/outputs/mtlsh_embeddability_tradeoff/MTLSH__mse__minmax__seed42__model_head_sizes64__model_shared_sizes128/metrics_summary.json
Saved loss curves to results/thesis_model_results/outputs/mtlsh_embeddability_tradeoff/MTLSH__mse__minmax__seed42__model_head_sizes64__model_shared_sizes128/loss_curve.png
Saved scatter plot results/thesis_model_results/outputs/mtlsh_embeddability_tradeoff/MTLSH__mse__minmax__seed42__model_head_sizes64__model_shared_sizes128/scatter_rocof_COI.png
Saved scatter plot results/thesis_model_results/outputs/mtlsh_embeddability_tradeoff/MTLSH__mse__minmax__seed42__model_head_sizes64__model_shared_sizes128/scatter_dev_COI.png
Saved scatter plot results/thesis_model_results/outputs/mtlsh_embeddability_tradeoff/MTLSH__mse__minmax__seed42__model_head_sizes64__model_shared_sizes128/scatter_Delta_P_IBR_1.png
Saved scatter plot results/thesis_model_results/outputs/mtlsh_embeddability_tradeoff/MTLSH__mse__minmax__seed42__model_head_sizes64__model_shared_sizes128/scatter_Delta_P_IBR_2.png
Saved scatter plot results/thesis_model_results/outputs/mtlsh_embeddability_tradeoff/MTLSH__mse__minmax__seed42__model_head_sizes64__model_shared_sizes128/scatter_Delta_P_IBR_3.png
Saved scatter plot results/thesis_model_results/outputs/mtlsh_embeddability_tradeoff/MTLSH__mse__minmax__seed42__model_head_sizes64__model_shared_sizes128/scatter_Delta_P_IBR_4.png
Saved model to results/thesis_model_results/outputs/mtlsh_embeddability_tradeoff/MTLSH__mse__minmax__seed42__model_head_sizes64__model_shared_sizes128/mtlsh_state_dict.pt
Loss type: mse | weights=[]
Target stats (scaled):
train mean=[0.549  0.589  0.492  0.4884 0.4785 0.4192]
train std=[0.1365 0.1371 0.1141 0.1063 0.1158 0.1138]
train q05=[0.3074 0.3979 0.3192 0.303  0.3347 0.2205]
train q95=[0.7933 0.8652 0.6719 0.6491 0.6927 0.6016]
val mean=[0.5473 0.5873 0.4922 0.4893 0.4798 0.4201]
val std=[0.1343 0.1348 0.1123 0.1072 0.1141 0.1112]
val q05=[0.3103 0.3982 0.3195 0.303  0.3376 0.2251]
val q95=[0.7886 0.8626 0.6731 0.6514 0.6918 0.5984]
val/train std ratio=[0.984  0.9828 0.9844 1.0084 0.9848 0.9772]
LR scheduler: ReduceLROnPlateau (factor=0.5, patience=8, min_lr=1e-07)
Epoch 001 | train_loss=2.3188e-02 | train_eval_loss=1.2307e-02 | val_loss=1.1995e-02 | | lr=1.00e-03
Saved best model to results/thesis_model_results/outputs/mtlsh_embeddability_tradeoff/MTLSH__mse__minmax__seed42__model_head_sizes128__model_shared_sizes128/mtlsh_state_dict_best.pt
Epoch 002 | train_loss=6.3894e-03 | train_eval_loss=3.3101e-03 | val_loss=3.2667e-03 | | lr=1.00e-03
Saved best model to results/thesis_model_results/outputs/mtlsh_embeddability_tradeoff/MTLSH__mse__minmax__seed42__model_head_sizes128__model_shared_sizes128/mtlsh_state_dict_best.pt
Epoch 003 | train_loss=2.8938e-03 | train_eval_loss=2.4788e-03 | val_loss=2.4356e-03 | | lr=1.00e-03
Saved best model to results/thesis_model_results/outputs/mtlsh_embeddability_tradeoff/MTLSH__mse__minmax__seed42__model_head_sizes128__model_shared_sizes128/mtlsh_state_dict_best.pt
Epoch 004 | train_loss=2.2170e-03 | train_eval_loss=2.0996e-03 | val_loss=2.0659e-03 | | lr=1.00e-03
Saved best model to results/thesis_model_results/outputs/mtlsh_embeddability_tradeoff/MTLSH__mse__minmax__seed42__model_head_sizes128__model_shared_sizes128/mtlsh_state_dict_best.pt
Epoch 005 | train_loss=1.9063e-03 | train_eval_loss=1.7817e-03 | val_loss=1.7499e-03 | | lr=1.00e-03
Saved best model to results/thesis_model_results/outputs/mtlsh_embeddability_tradeoff/MTLSH__mse__minmax__seed42__model_head_sizes128__model_shared_sizes128/mtlsh_state_dict_best.pt
Epoch 006 | train_loss=1.7564e-03 | train_eval_loss=1.7172e-03 | val_loss=1.6861e-03 | | lr=1.00e-03
Saved best model to results/thesis_model_results/outputs/mtlsh_embeddability_tradeoff/MTLSH__mse__minmax__seed42__model_head_sizes128__model_shared_sizes128/mtlsh_state_dict_best.pt
Epoch 007 | train_loss=1.7274e-03 | train_eval_loss=1.6607e-03 | val_loss=1.6297e-03 | | lr=1.00e-03
Saved best model to results/thesis_model_results/outputs/mtlsh_embeddability_tradeoff/MTLSH__mse__minmax__seed42__model_head_sizes128__model_shared_sizes128/mtlsh_state_dict_best.pt
Epoch 008 | train_loss=1.6809e-03 | train_eval_loss=1.6131e-03 | val_loss=1.5811e-03 | | lr=1.00e-03
Saved best model to results/thesis_model_results/outputs/mtlsh_embeddability_tradeoff/MTLSH__mse__minmax__seed42__model_head_sizes128__model_shared_sizes128/mtlsh_state_dict_best.pt
Epoch 009 | train_loss=1.6134e-03 | train_eval_loss=1.5172e-03 | val_loss=1.4921e-03 | | lr=1.00e-03
Saved best model to results/thesis_model_results/outputs/mtlsh_embeddability_tradeoff/MTLSH__mse__minmax__seed42__model_head_sizes128__model_shared_sizes128/mtlsh_state_dict_best.pt
Epoch 010 | train_loss=1.5279e-03 | train_eval_loss=1.4747e-03 | val_loss=1.4507e-03 | | lr=1.00e-03
Saved best model to results/thesis_model_results/outputs/mtlsh_embeddability_tradeoff/MTLSH__mse__minmax__seed42__model_head_sizes128__model_shared_sizes128/mtlsh_state_dict_best.pt
Epoch 011 | train_loss=1.5196e-03 | train_eval_loss=1.4871e-03 | val_loss=1.4636e-03 | | lr=1.00e-03
Epoch 012 | train_loss=1.5186e-03 | train_eval_loss=1.4021e-03 | val_loss=1.3786e-03 | | lr=1.00e-03
Saved best model to results/thesis_model_results/outputs/mtlsh_embeddability_tradeoff/MTLSH__mse__minmax__seed42__model_head_sizes128__model_shared_sizes128/mtlsh_state_dict_best.pt
Epoch 013 | train_loss=1.4189e-03 | train_eval_loss=1.5278e-03 | val_loss=1.5120e-03 | | lr=1.00e-03
Epoch 014 | train_loss=1.3886e-03 | train_eval_loss=1.5248e-03 | val_loss=1.5191e-03 | | lr=1.00e-03
Epoch 015 | train_loss=1.3245e-03 | train_eval_loss=1.2495e-03 | val_loss=1.2363e-03 | | lr=1.00e-03
Saved best model to results/thesis_model_results/outputs/mtlsh_embeddability_tradeoff/MTLSH__mse__minmax__seed42__model_head_sizes128__model_shared_sizes128/mtlsh_state_dict_best.pt
Epoch 016 | train_loss=1.2760e-03 | train_eval_loss=1.2641e-03 | val_loss=1.2568e-03 | | lr=1.00e-03
Epoch 017 | train_loss=1.2748e-03 | train_eval_loss=1.1918e-03 | val_loss=1.1843e-03 | | lr=1.00e-03
Saved best model to results/thesis_model_results/outputs/mtlsh_embeddability_tradeoff/MTLSH__mse__minmax__seed42__model_head_sizes128__model_shared_sizes128/mtlsh_state_dict_best.pt
Epoch 018 | train_loss=1.1841e-03 | train_eval_loss=1.1841e-03 | val_loss=1.1699e-03 | | lr=1.00e-03
Saved best model to results/thesis_model_results/outputs/mtlsh_embeddability_tradeoff/MTLSH__mse__minmax__seed42__model_head_sizes128__model_shared_sizes128/mtlsh_state_dict_best.pt
Epoch 019 | train_loss=1.1298e-03 | train_eval_loss=1.0995e-03 | val_loss=1.0990e-03 | | lr=1.00e-03
Saved best model to results/thesis_model_results/outputs/mtlsh_embeddability_tradeoff/MTLSH__mse__minmax__seed42__model_head_sizes128__model_shared_sizes128/mtlsh_state_dict_best.pt
Epoch 020 | train_loss=1.1001e-03 | train_eval_loss=1.0853e-03 | val_loss=1.0858e-03 | | lr=1.00e-03
Saved best model to results/thesis_model_results/outputs/mtlsh_embeddability_tradeoff/MTLSH__mse__minmax__seed42__model_head_sizes128__model_shared_sizes128/mtlsh_state_dict_best.pt
Epoch 021 | train_loss=1.1012e-03 | train_eval_loss=1.0222e-03 | val_loss=1.0164e-03 | | lr=1.00e-03
Saved best model to results/thesis_model_results/outputs/mtlsh_embeddability_tradeoff/MTLSH__mse__minmax__seed42__model_head_sizes128__model_shared_sizes128/mtlsh_state_dict_best.pt
Epoch 022 | train_loss=1.0358e-03 | train_eval_loss=1.0861e-03 | val_loss=1.0786e-03 | | lr=1.00e-03
Epoch 023 | train_loss=1.0505e-03 | train_eval_loss=9.9193e-04 | val_loss=9.8697e-04 | | lr=1.00e-03
Saved best model to results/thesis_model_results/outputs/mtlsh_embeddability_tradeoff/MTLSH__mse__minmax__seed42__model_head_sizes128__model_shared_sizes128/mtlsh_state_dict_best.pt
Epoch 024 | train_loss=9.9894e-04 | train_eval_loss=1.0178e-03 | val_loss=1.0138e-03 | | lr=1.00e-03
Epoch 025 | train_loss=9.7376e-04 | train_eval_loss=1.0003e-03 | val_loss=9.9009e-04 | | lr=1.00e-03
Epoch 026 | train_loss=9.6841e-04 | train_eval_loss=9.2320e-04 | val_loss=9.1592e-04 | | lr=1.00e-03
Saved best model to results/thesis_model_results/outputs/mtlsh_embeddability_tradeoff/MTLSH__mse__minmax__seed42__model_head_sizes128__model_shared_sizes128/mtlsh_state_dict_best.pt
Epoch 027 | train_loss=9.3505e-04 | train_eval_loss=1.0729e-03 | val_loss=1.0756e-03 | | lr=1.00e-03
Epoch 028 | train_loss=9.1553e-04 | train_eval_loss=9.2847e-04 | val_loss=9.1700e-04 | | lr=1.00e-03
Epoch 029 | train_loss=8.8112e-04 | train_eval_loss=8.4901e-04 | val_loss=8.4148e-04 | | lr=1.00e-03
Saved best model to results/thesis_model_results/outputs/mtlsh_embeddability_tradeoff/MTLSH__mse__minmax__seed42__model_head_sizes128__model_shared_sizes128/mtlsh_state_dict_best.pt
Epoch 030 | train_loss=8.4232e-04 | train_eval_loss=8.1700e-04 | val_loss=8.0948e-04 | | lr=1.00e-03
Saved best model to results/thesis_model_results/outputs/mtlsh_embeddability_tradeoff/MTLSH__mse__minmax__seed42__model_head_sizes128__model_shared_sizes128/mtlsh_state_dict_best.pt
Epoch 031 | train_loss=8.5143e-04 | train_eval_loss=9.8051e-04 | val_loss=9.8805e-04 | | lr=1.00e-03
Epoch 032 | train_loss=8.4579e-04 | train_eval_loss=9.3814e-04 | val_loss=9.4579e-04 | | lr=1.00e-03
Epoch 033 | train_loss=8.0807e-04 | train_eval_loss=8.2302e-04 | val_loss=8.1489e-04 | | lr=1.00e-03
Epoch 034 | train_loss=8.2133e-04 | train_eval_loss=8.5582e-04 | val_loss=8.5854e-04 | | lr=1.00e-03
Epoch 035 | train_loss=8.0459e-04 | train_eval_loss=8.4299e-04 | val_loss=8.3194e-04 | | lr=1.00e-03
Epoch 036 | train_loss=7.8538e-04 | train_eval_loss=7.4827e-04 | val_loss=7.4355e-04 | | lr=1.00e-03
Saved best model to results/thesis_model_results/outputs/mtlsh_embeddability_tradeoff/MTLSH__mse__minmax__seed42__model_head_sizes128__model_shared_sizes128/mtlsh_state_dict_best.pt
Epoch 037 | train_loss=7.6288e-04 | train_eval_loss=7.2469e-04 | val_loss=7.2072e-04 | | lr=1.00e-03
Saved best model to results/thesis_model_results/outputs/mtlsh_embeddability_tradeoff/MTLSH__mse__minmax__seed42__model_head_sizes128__model_shared_sizes128/mtlsh_state_dict_best.pt
Epoch 038 | train_loss=7.5184e-04 | train_eval_loss=7.4429e-04 | val_loss=7.4499e-04 | | lr=1.00e-03
Epoch 039 | train_loss=7.5694e-04 | train_eval_loss=7.3789e-04 | val_loss=7.3730e-04 | | lr=1.00e-03
Epoch 040 | train_loss=7.4539e-04 | train_eval_loss=6.9089e-04 | val_loss=6.8701e-04 | | lr=1.00e-03
Saved best model to results/thesis_model_results/outputs/mtlsh_embeddability_tradeoff/MTLSH__mse__minmax__seed42__model_head_sizes128__model_shared_sizes128/mtlsh_state_dict_best.pt
Epoch 041 | train_loss=7.0917e-04 | train_eval_loss=6.8507e-04 | val_loss=6.8232e-04 | | lr=1.00e-03
Saved best model to results/thesis_model_results/outputs/mtlsh_embeddability_tradeoff/MTLSH__mse__minmax__seed42__model_head_sizes128__model_shared_sizes128/mtlsh_state_dict_best.pt
Epoch 042 | train_loss=7.0400e-04 | train_eval_loss=6.7573e-04 | val_loss=6.7624e-04 | | lr=1.00e-03
Saved best model to results/thesis_model_results/outputs/mtlsh_embeddability_tradeoff/MTLSH__mse__minmax__seed42__model_head_sizes128__model_shared_sizes128/mtlsh_state_dict_best.pt
Epoch 043 | train_loss=7.0528e-04 | train_eval_loss=7.1738e-04 | val_loss=7.1928e-04 | | lr=1.00e-03
Epoch 044 | train_loss=7.1509e-04 | train_eval_loss=8.4925e-04 | val_loss=8.4403e-04 | | lr=1.00e-03
Epoch 045 | train_loss=7.5480e-04 | train_eval_loss=7.9801e-04 | val_loss=7.9795e-04 | | lr=1.00e-03
Epoch 046 | train_loss=6.9979e-04 | train_eval_loss=6.8603e-04 | val_loss=6.8144e-04 | | lr=1.00e-03
Epoch 047 | train_loss=7.2463e-04 | train_eval_loss=7.7885e-04 | val_loss=7.6618e-04 | | lr=1.00e-03
Epoch 048 | train_loss=6.6673e-04 | train_eval_loss=7.3052e-04 | val_loss=7.4003e-04 | | lr=1.00e-03
Epoch 049 | train_loss=6.7853e-04 | train_eval_loss=6.0484e-04 | val_loss=6.0198e-04 | | lr=1.00e-03
Saved best model to results/thesis_model_results/outputs/mtlsh_embeddability_tradeoff/MTLSH__mse__minmax__seed42__model_head_sizes128__model_shared_sizes128/mtlsh_state_dict_best.pt
Epoch 050 | train_loss=6.3896e-04 | train_eval_loss=6.4538e-04 | val_loss=6.4025e-04 | | lr=1.00e-03
Epoch 051 | train_loss=6.2744e-04 | train_eval_loss=7.1370e-04 | val_loss=7.2237e-04 | | lr=1.00e-03
Epoch 052 | train_loss=6.4570e-04 | train_eval_loss=6.1040e-04 | val_loss=6.0334e-04 | | lr=1.00e-03
Epoch 053 | train_loss=6.3618e-04 | train_eval_loss=6.4232e-04 | val_loss=6.4559e-04 | | lr=1.00e-03
Epoch 054 | train_loss=6.2048e-04 | train_eval_loss=6.6827e-04 | val_loss=6.6397e-04 | | lr=1.00e-03
Epoch 055 | train_loss=6.1192e-04 | train_eval_loss=6.6072e-04 | val_loss=6.5940e-04 | | lr=1.00e-03
Epoch 056 | train_loss=6.3598e-04 | train_eval_loss=5.9891e-04 | val_loss=5.8744e-04 | | lr=1.00e-03
Saved best model to results/thesis_model_results/outputs/mtlsh_embeddability_tradeoff/MTLSH__mse__minmax__seed42__model_head_sizes128__model_shared_sizes128/mtlsh_state_dict_best.pt
Epoch 057 | train_loss=6.4043e-04 | train_eval_loss=6.8652e-04 | val_loss=6.9752e-04 | | lr=1.00e-03
Epoch 058 | train_loss=6.3373e-04 | train_eval_loss=5.9198e-04 | val_loss=5.9688e-04 | | lr=1.00e-03
Epoch 059 | train_loss=5.9540e-04 | train_eval_loss=5.9040e-04 | val_loss=5.8598e-04 | | lr=1.00e-03
Saved best model to results/thesis_model_results/outputs/mtlsh_embeddability_tradeoff/MTLSH__mse__minmax__seed42__model_head_sizes128__model_shared_sizes128/mtlsh_state_dict_best.pt
Epoch 060 | train_loss=6.0360e-04 | train_eval_loss=6.2847e-04 | val_loss=6.2005e-04 | | lr=1.00e-03
Epoch 061 | train_loss=5.9412e-04 | train_eval_loss=6.0888e-04 | val_loss=6.0929e-04 | | lr=1.00e-03
Epoch 062 | train_loss=5.9066e-04 | train_eval_loss=5.6843e-04 | val_loss=5.6451e-04 | | lr=1.00e-03
Saved best model to results/thesis_model_results/outputs/mtlsh_embeddability_tradeoff/MTLSH__mse__minmax__seed42__model_head_sizes128__model_shared_sizes128/mtlsh_state_dict_best.pt
Epoch 063 | train_loss=6.0600e-04 | train_eval_loss=5.5720e-04 | val_loss=5.5630e-04 | | lr=1.00e-03
Saved best model to results/thesis_model_results/outputs/mtlsh_embeddability_tradeoff/MTLSH__mse__minmax__seed42__model_head_sizes128__model_shared_sizes128/mtlsh_state_dict_best.pt
Epoch 064 | train_loss=5.7958e-04 | train_eval_loss=7.3777e-04 | val_loss=7.4288e-04 | | lr=1.00e-03
Epoch 065 | train_loss=6.2906e-04 | train_eval_loss=5.8084e-04 | val_loss=5.8390e-04 | | lr=1.00e-03
Epoch 066 | train_loss=5.7546e-04 | train_eval_loss=5.4185e-04 | val_loss=5.4411e-04 | | lr=1.00e-03
Saved best model to results/thesis_model_results/outputs/mtlsh_embeddability_tradeoff/MTLSH__mse__minmax__seed42__model_head_sizes128__model_shared_sizes128/mtlsh_state_dict_best.pt
Epoch 067 | train_loss=5.6585e-04 | train_eval_loss=6.1935e-04 | val_loss=6.1694e-04 | | lr=1.00e-03
Epoch 068 | train_loss=5.9317e-04 | train_eval_loss=6.4955e-04 | val_loss=6.4343e-04 | | lr=1.00e-03
Epoch 069 | train_loss=5.6390e-04 | train_eval_loss=5.6685e-04 | val_loss=5.6909e-04 | | lr=1.00e-03
Epoch 070 | train_loss=5.6548e-04 | train_eval_loss=6.2952e-04 | val_loss=6.2551e-04 | | lr=1.00e-03
Epoch 071 | train_loss=5.5965e-04 | train_eval_loss=5.1623e-04 | val_loss=5.1079e-04 | | lr=1.00e-03
Saved best model to results/thesis_model_results/outputs/mtlsh_embeddability_tradeoff/MTLSH__mse__minmax__seed42__model_head_sizes128__model_shared_sizes128/mtlsh_state_dict_best.pt
Epoch 072 | train_loss=5.4803e-04 | train_eval_loss=5.1406e-04 | val_loss=5.1299e-04 | | lr=1.00e-03
Epoch 073 | train_loss=5.5895e-04 | train_eval_loss=5.1795e-04 | val_loss=5.2386e-04 | | lr=1.00e-03
Epoch 074 | train_loss=5.9757e-04 | train_eval_loss=6.2505e-04 | val_loss=6.1843e-04 | | lr=1.00e-03
Epoch 075 | train_loss=5.3989e-04 | train_eval_loss=4.9629e-04 | val_loss=4.9934e-04 | | lr=1.00e-03
Saved best model to results/thesis_model_results/outputs/mtlsh_embeddability_tradeoff/MTLSH__mse__minmax__seed42__model_head_sizes128__model_shared_sizes128/mtlsh_state_dict_best.pt
Epoch 076 | train_loss=5.2887e-04 | train_eval_loss=5.7582e-04 | val_loss=5.7186e-04 | | lr=1.00e-03
Epoch 077 | train_loss=5.4884e-04 | train_eval_loss=5.1678e-04 | val_loss=5.1896e-04 | | lr=1.00e-03
Epoch 078 | train_loss=5.1572e-04 | train_eval_loss=5.1061e-04 | val_loss=5.1569e-04 | | lr=1.00e-03
Epoch 079 | train_loss=5.6033e-04 | train_eval_loss=4.8067e-04 | val_loss=4.7815e-04 | | lr=1.00e-03
Saved best model to results/thesis_model_results/outputs/mtlsh_embeddability_tradeoff/MTLSH__mse__minmax__seed42__model_head_sizes128__model_shared_sizes128/mtlsh_state_dict_best.pt
Epoch 080 | train_loss=5.6598e-04 | train_eval_loss=5.7958e-04 | val_loss=5.7812e-04 | | lr=1.00e-03
Epoch 081 | train_loss=5.4308e-04 | train_eval_loss=5.0342e-04 | val_loss=5.0675e-04 | | lr=1.00e-03
Epoch 082 | train_loss=5.1062e-04 | train_eval_loss=5.4437e-04 | val_loss=5.5221e-04 | | lr=1.00e-03
Epoch 083 | train_loss=5.5549e-04 | train_eval_loss=5.1794e-04 | val_loss=5.1873e-04 | | lr=1.00e-03
Epoch 084 | train_loss=4.9253e-04 | train_eval_loss=5.3137e-04 | val_loss=5.4700e-04 | | lr=1.00e-03
Epoch 085 | train_loss=5.1831e-04 | train_eval_loss=4.7317e-04 | val_loss=4.7879e-04 | | lr=1.00e-03
Epoch 086 | train_loss=4.9105e-04 | train_eval_loss=5.3319e-04 | val_loss=5.3879e-04 | | lr=1.00e-03
Epoch 087 | train_loss=5.2369e-04 | train_eval_loss=6.3603e-04 | val_loss=6.4375e-04 | | lr=1.00e-03
Epoch 088 | train_loss=5.5288e-04 | train_eval_loss=5.1517e-04 | val_loss=5.1601e-04 | | lr=1.00e-03
Epoch 089 | train_loss=4.4612e-04 | train_eval_loss=4.4706e-04 | val_loss=4.5506e-04 | | lr=5.00e-04
Saved best model to results/thesis_model_results/outputs/mtlsh_embeddability_tradeoff/MTLSH__mse__minmax__seed42__model_head_sizes128__model_shared_sizes128/mtlsh_state_dict_best.pt
Epoch 090 | train_loss=4.3729e-04 | train_eval_loss=4.5697e-04 | val_loss=4.6644e-04 | | lr=5.00e-04
Epoch 091 | train_loss=4.3411e-04 | train_eval_loss=4.4293e-04 | val_loss=4.5380e-04 | | lr=5.00e-04
Saved best model to results/thesis_model_results/outputs/mtlsh_embeddability_tradeoff/MTLSH__mse__minmax__seed42__model_head_sizes128__model_shared_sizes128/mtlsh_state_dict_best.pt
Epoch 092 | train_loss=4.4260e-04 | train_eval_loss=4.2697e-04 | val_loss=4.3911e-04 | | lr=5.00e-04
Saved best model to results/thesis_model_results/outputs/mtlsh_embeddability_tradeoff/MTLSH__mse__minmax__seed42__model_head_sizes128__model_shared_sizes128/mtlsh_state_dict_best.pt
Epoch 093 | train_loss=4.3737e-04 | train_eval_loss=4.3297e-04 | val_loss=4.4160e-04 | | lr=5.00e-04
Epoch 094 | train_loss=4.3429e-04 | train_eval_loss=4.3511e-04 | val_loss=4.4160e-04 | | lr=5.00e-04
Epoch 095 | train_loss=4.3084e-04 | train_eval_loss=4.5352e-04 | val_loss=4.6205e-04 | | lr=5.00e-04
Epoch 096 | train_loss=4.2992e-04 | train_eval_loss=4.1491e-04 | val_loss=4.2558e-04 | | lr=5.00e-04
Saved best model to results/thesis_model_results/outputs/mtlsh_embeddability_tradeoff/MTLSH__mse__minmax__seed42__model_head_sizes128__model_shared_sizes128/mtlsh_state_dict_best.pt
Epoch 097 | train_loss=4.3184e-04 | train_eval_loss=4.1994e-04 | val_loss=4.2429e-04 | | lr=5.00e-04
Saved best model to results/thesis_model_results/outputs/mtlsh_embeddability_tradeoff/MTLSH__mse__minmax__seed42__model_head_sizes128__model_shared_sizes128/mtlsh_state_dict_best.pt
Epoch 098 | train_loss=4.3135e-04 | train_eval_loss=4.1590e-04 | val_loss=4.2682e-04 | | lr=5.00e-04
Epoch 099 | train_loss=4.2615e-04 | train_eval_loss=4.2807e-04 | val_loss=4.3896e-04 | | lr=5.00e-04
Epoch 100 | train_loss=4.2566e-04 | train_eval_loss=4.1130e-04 | val_loss=4.2536e-04 | | lr=5.00e-04
Epoch 101 | train_loss=4.2611e-04 | train_eval_loss=4.1831e-04 | val_loss=4.2548e-04 | | lr=5.00e-04
Epoch 102 | train_loss=4.2379e-04 | train_eval_loss=4.0455e-04 | val_loss=4.1225e-04 | | lr=5.00e-04
Saved best model to results/thesis_model_results/outputs/mtlsh_embeddability_tradeoff/MTLSH__mse__minmax__seed42__model_head_sizes128__model_shared_sizes128/mtlsh_state_dict_best.pt
Epoch 103 | train_loss=4.2307e-04 | train_eval_loss=4.2302e-04 | val_loss=4.3096e-04 | | lr=5.00e-04
Epoch 104 | train_loss=4.2585e-04 | train_eval_loss=4.4044e-04 | val_loss=4.5088e-04 | | lr=5.00e-04
Epoch 105 | train_loss=4.3170e-04 | train_eval_loss=4.2162e-04 | val_loss=4.2878e-04 | | lr=5.00e-04
Epoch 106 | train_loss=4.2669e-04 | train_eval_loss=4.1021e-04 | val_loss=4.2164e-04 | | lr=5.00e-04
Epoch 107 | train_loss=4.1537e-04 | train_eval_loss=4.1975e-04 | val_loss=4.3669e-04 | | lr=5.00e-04
Epoch 108 | train_loss=4.2134e-04 | train_eval_loss=4.0797e-04 | val_loss=4.2116e-04 | | lr=5.00e-04
Epoch 109 | train_loss=4.2367e-04 | train_eval_loss=4.2760e-04 | val_loss=4.4282e-04 | | lr=5.00e-04
Epoch 110 | train_loss=4.2051e-04 | train_eval_loss=4.1333e-04 | val_loss=4.2689e-04 | | lr=5.00e-04
Epoch 111 | train_loss=4.1902e-04 | train_eval_loss=4.1800e-04 | val_loss=4.3253e-04 | | lr=5.00e-04
Epoch 112 | train_loss=3.9689e-04 | train_eval_loss=3.9399e-04 | val_loss=4.0994e-04 | | lr=2.50e-04
Saved best model to results/thesis_model_results/outputs/mtlsh_embeddability_tradeoff/MTLSH__mse__minmax__seed42__model_head_sizes128__model_shared_sizes128/mtlsh_state_dict_best.pt
Epoch 113 | train_loss=3.9030e-04 | train_eval_loss=3.7699e-04 | val_loss=3.9188e-04 | | lr=2.50e-04
Saved best model to results/thesis_model_results/outputs/mtlsh_embeddability_tradeoff/MTLSH__mse__minmax__seed42__model_head_sizes128__model_shared_sizes128/mtlsh_state_dict_best.pt
Epoch 114 | train_loss=3.8612e-04 | train_eval_loss=3.7977e-04 | val_loss=3.9363e-04 | | lr=2.50e-04
Epoch 115 | train_loss=3.8974e-04 | train_eval_loss=3.7934e-04 | val_loss=3.9483e-04 | | lr=2.50e-04
Epoch 116 | train_loss=3.8870e-04 | train_eval_loss=3.8179e-04 | val_loss=3.9428e-04 | | lr=2.50e-04
Epoch 117 | train_loss=3.8338e-04 | train_eval_loss=3.8339e-04 | val_loss=3.9638e-04 | | lr=2.50e-04
Epoch 118 | train_loss=3.8357e-04 | train_eval_loss=3.8013e-04 | val_loss=3.9483e-04 | | lr=2.50e-04
Epoch 119 | train_loss=3.8595e-04 | train_eval_loss=3.8102e-04 | val_loss=3.9339e-04 | | lr=2.50e-04
Epoch 120 | train_loss=3.8115e-04 | train_eval_loss=3.7917e-04 | val_loss=3.9499e-04 | | lr=2.50e-04
Epoch 121 | train_loss=3.8065e-04 | train_eval_loss=3.9122e-04 | val_loss=4.1062e-04 | | lr=2.50e-04
Epoch 122 | train_loss=3.9073e-04 | train_eval_loss=3.8530e-04 | val_loss=4.0032e-04 | | lr=2.50e-04
Epoch 123 | train_loss=3.7138e-04 | train_eval_loss=3.7607e-04 | val_loss=3.9208e-04 | | lr=1.25e-04
Epoch 124 | train_loss=3.6687e-04 | train_eval_loss=3.6758e-04 | val_loss=3.8035e-04 | | lr=1.25e-04
Saved best model to results/thesis_model_results/outputs/mtlsh_embeddability_tradeoff/MTLSH__mse__minmax__seed42__model_head_sizes128__model_shared_sizes128/mtlsh_state_dict_best.pt
Epoch 125 | train_loss=3.6731e-04 | train_eval_loss=3.6103e-04 | val_loss=3.7755e-04 | | lr=1.25e-04
Saved best model to results/thesis_model_results/outputs/mtlsh_embeddability_tradeoff/MTLSH__mse__minmax__seed42__model_head_sizes128__model_shared_sizes128/mtlsh_state_dict_best.pt
Epoch 126 | train_loss=3.6788e-04 | train_eval_loss=3.6887e-04 | val_loss=3.8311e-04 | | lr=1.25e-04
Epoch 127 | train_loss=3.6601e-04 | train_eval_loss=3.7024e-04 | val_loss=3.8770e-04 | | lr=1.25e-04
Epoch 128 | train_loss=3.7083e-04 | train_eval_loss=3.6550e-04 | val_loss=3.7999e-04 | | lr=1.25e-04
Epoch 129 | train_loss=3.6876e-04 | train_eval_loss=3.5967e-04 | val_loss=3.7674e-04 | | lr=1.25e-04
Saved best model to results/thesis_model_results/outputs/mtlsh_embeddability_tradeoff/MTLSH__mse__minmax__seed42__model_head_sizes128__model_shared_sizes128/mtlsh_state_dict_best.pt
Epoch 130 | train_loss=3.6738e-04 | train_eval_loss=3.6416e-04 | val_loss=3.8135e-04 | | lr=1.25e-04
Epoch 131 | train_loss=3.6389e-04 | train_eval_loss=3.6545e-04 | val_loss=3.8341e-04 | | lr=1.25e-04
Epoch 132 | train_loss=3.6354e-04 | train_eval_loss=3.6140e-04 | val_loss=3.8258e-04 | | lr=1.25e-04
Epoch 133 | train_loss=3.6615e-04 | train_eval_loss=3.6280e-04 | val_loss=3.8071e-04 | | lr=1.25e-04
Epoch 134 | train_loss=3.6461e-04 | train_eval_loss=3.7230e-04 | val_loss=3.9039e-04 | | lr=1.25e-04
Epoch 135 | train_loss=3.6915e-04 | train_eval_loss=3.6086e-04 | val_loss=3.7820e-04 | | lr=1.25e-04
Epoch 136 | train_loss=3.6624e-04 | train_eval_loss=3.6245e-04 | val_loss=3.7901e-04 | | lr=1.25e-04
Epoch 137 | train_loss=3.6552e-04 | train_eval_loss=3.6207e-04 | val_loss=3.8033e-04 | | lr=1.25e-04
Epoch 138 | train_loss=3.6331e-04 | train_eval_loss=3.6487e-04 | val_loss=3.8275e-04 | | lr=1.25e-04
Epoch 139 | train_loss=3.5722e-04 | train_eval_loss=3.5423e-04 | val_loss=3.7281e-04 | | lr=6.25e-05
Saved best model to results/thesis_model_results/outputs/mtlsh_embeddability_tradeoff/MTLSH__mse__minmax__seed42__model_head_sizes128__model_shared_sizes128/mtlsh_state_dict_best.pt
Epoch 140 | train_loss=3.5752e-04 | train_eval_loss=3.5218e-04 | val_loss=3.7111e-04 | | lr=6.25e-05
Saved best model to results/thesis_model_results/outputs/mtlsh_embeddability_tradeoff/MTLSH__mse__minmax__seed42__model_head_sizes128__model_shared_sizes128/mtlsh_state_dict_best.pt
Epoch 141 | train_loss=3.5456e-04 | train_eval_loss=3.5206e-04 | val_loss=3.7032e-04 | | lr=6.25e-05
Saved best model to results/thesis_model_results/outputs/mtlsh_embeddability_tradeoff/MTLSH__mse__minmax__seed42__model_head_sizes128__model_shared_sizes128/mtlsh_state_dict_best.pt
Epoch 142 | train_loss=3.5688e-04 | train_eval_loss=3.6296e-04 | val_loss=3.8279e-04 | | lr=6.25e-05
Epoch 143 | train_loss=3.5586e-04 | train_eval_loss=3.5397e-04 | val_loss=3.7340e-04 | | lr=6.25e-05
Epoch 144 | train_loss=3.5568e-04 | train_eval_loss=3.5015e-04 | val_loss=3.6938e-04 | | lr=6.25e-05
Saved best model to results/thesis_model_results/outputs/mtlsh_embeddability_tradeoff/MTLSH__mse__minmax__seed42__model_head_sizes128__model_shared_sizes128/mtlsh_state_dict_best.pt
Epoch 145 | train_loss=3.5425e-04 | train_eval_loss=3.5135e-04 | val_loss=3.7007e-04 | | lr=6.25e-05
Epoch 146 | train_loss=3.5544e-04 | train_eval_loss=3.5315e-04 | val_loss=3.7228e-04 | | lr=6.25e-05
Epoch 147 | train_loss=3.5455e-04 | train_eval_loss=3.6429e-04 | val_loss=3.8127e-04 | | lr=6.25e-05
Epoch 148 | train_loss=3.5539e-04 | train_eval_loss=3.5173e-04 | val_loss=3.6944e-04 | | lr=6.25e-05
Epoch 149 | train_loss=3.5559e-04 | train_eval_loss=3.5173e-04 | val_loss=3.6888e-04 | | lr=6.25e-05
Saved best model to results/thesis_model_results/outputs/mtlsh_embeddability_tradeoff/MTLSH__mse__minmax__seed42__model_head_sizes128__model_shared_sizes128/mtlsh_state_dict_best.pt
Epoch 150 | train_loss=3.5614e-04 | train_eval_loss=3.5207e-04 | val_loss=3.7049e-04 | | lr=6.25e-05
Epoch 151 | train_loss=3.5448e-04 | train_eval_loss=3.5395e-04 | val_loss=3.7202e-04 | | lr=6.25e-05
Epoch 152 | train_loss=3.5294e-04 | train_eval_loss=3.4999e-04 | val_loss=3.6852e-04 | | lr=6.25e-05
Saved best model to results/thesis_model_results/outputs/mtlsh_embeddability_tradeoff/MTLSH__mse__minmax__seed42__model_head_sizes128__model_shared_sizes128/mtlsh_state_dict_best.pt
Epoch 153 | train_loss=3.5302e-04 | train_eval_loss=3.5035e-04 | val_loss=3.6830e-04 | | lr=6.25e-05
Saved best model to results/thesis_model_results/outputs/mtlsh_embeddability_tradeoff/MTLSH__mse__minmax__seed42__model_head_sizes128__model_shared_sizes128/mtlsh_state_dict_best.pt
Epoch 154 | train_loss=3.5099e-04 | train_eval_loss=3.4865e-04 | val_loss=3.6963e-04 | | lr=6.25e-05
Epoch 155 | train_loss=3.5168e-04 | train_eval_loss=3.4860e-04 | val_loss=3.6571e-04 | | lr=6.25e-05
Saved best model to results/thesis_model_results/outputs/mtlsh_embeddability_tradeoff/MTLSH__mse__minmax__seed42__model_head_sizes128__model_shared_sizes128/mtlsh_state_dict_best.pt
Epoch 156 | train_loss=3.5144e-04 | train_eval_loss=3.4893e-04 | val_loss=3.6927e-04 | | lr=6.25e-05
Epoch 157 | train_loss=3.5228e-04 | train_eval_loss=3.4830e-04 | val_loss=3.7003e-04 | | lr=6.25e-05
Epoch 158 | train_loss=3.5158e-04 | train_eval_loss=3.4969e-04 | val_loss=3.6725e-04 | | lr=6.25e-05
Epoch 159 | train_loss=3.5245e-04 | train_eval_loss=3.4658e-04 | val_loss=3.6457e-04 | | lr=6.25e-05
Saved best model to results/thesis_model_results/outputs/mtlsh_embeddability_tradeoff/MTLSH__mse__minmax__seed42__model_head_sizes128__model_shared_sizes128/mtlsh_state_dict_best.pt
Epoch 160 | train_loss=3.5278e-04 | train_eval_loss=3.5654e-04 | val_loss=3.7711e-04 | | lr=6.25e-05
Epoch 161 | train_loss=3.5129e-04 | train_eval_loss=3.4715e-04 | val_loss=3.6657e-04 | | lr=6.25e-05
Epoch 162 | train_loss=3.5120e-04 | train_eval_loss=3.4578e-04 | val_loss=3.6575e-04 | | lr=6.25e-05
Epoch 163 | train_loss=3.5157e-04 | train_eval_loss=3.4765e-04 | val_loss=3.6746e-04 | | lr=6.25e-05
Epoch 164 | train_loss=3.5384e-04 | train_eval_loss=3.4963e-04 | val_loss=3.7124e-04 | | lr=6.25e-05
Epoch 165 | train_loss=3.5110e-04 | train_eval_loss=3.4660e-04 | val_loss=3.6549e-04 | | lr=6.25e-05
Epoch 166 | train_loss=3.4931e-04 | train_eval_loss=3.5020e-04 | val_loss=3.6907e-04 | | lr=6.25e-05
Epoch 167 | train_loss=3.4986e-04 | train_eval_loss=3.4647e-04 | val_loss=3.6548e-04 | | lr=6.25e-05
Epoch 168 | train_loss=3.4953e-04 | train_eval_loss=3.4792e-04 | val_loss=3.6684e-04 | | lr=6.25e-05
Epoch 169 | train_loss=3.4499e-04 | train_eval_loss=3.4250e-04 | val_loss=3.6268e-04 | | lr=3.13e-05
Saved best model to results/thesis_model_results/outputs/mtlsh_embeddability_tradeoff/MTLSH__mse__minmax__seed42__model_head_sizes128__model_shared_sizes128/mtlsh_state_dict_best.pt
Epoch 170 | train_loss=3.4462e-04 | train_eval_loss=3.4346e-04 | val_loss=3.6271e-04 | | lr=3.13e-05
Epoch 171 | train_loss=3.4489e-04 | train_eval_loss=3.4435e-04 | val_loss=3.6594e-04 | | lr=3.13e-05
Epoch 172 | train_loss=3.4473e-04 | train_eval_loss=3.4422e-04 | val_loss=3.6330e-04 | | lr=3.13e-05
Epoch 173 | train_loss=3.4452e-04 | train_eval_loss=3.4182e-04 | val_loss=3.6162e-04 | | lr=3.13e-05
Saved best model to results/thesis_model_results/outputs/mtlsh_embeddability_tradeoff/MTLSH__mse__minmax__seed42__model_head_sizes128__model_shared_sizes128/mtlsh_state_dict_best.pt
Epoch 174 | train_loss=3.4426e-04 | train_eval_loss=3.4514e-04 | val_loss=3.6558e-04 | | lr=3.13e-05
Epoch 175 | train_loss=3.4481e-04 | train_eval_loss=3.4581e-04 | val_loss=3.6562e-04 | | lr=3.13e-05
Epoch 176 | train_loss=3.4338e-04 | train_eval_loss=3.4221e-04 | val_loss=3.6244e-04 | | lr=3.13e-05
Epoch 177 | train_loss=3.4385e-04 | train_eval_loss=3.4367e-04 | val_loss=3.6343e-04 | | lr=3.13e-05
Epoch 178 | train_loss=3.4459e-04 | train_eval_loss=3.4244e-04 | val_loss=3.6266e-04 | | lr=3.13e-05
Epoch 179 | train_loss=3.4388e-04 | train_eval_loss=3.4129e-04 | val_loss=3.5996e-04 | | lr=3.13e-05
Saved best model to results/thesis_model_results/outputs/mtlsh_embeddability_tradeoff/MTLSH__mse__minmax__seed42__model_head_sizes128__model_shared_sizes128/mtlsh_state_dict_best.pt
Epoch 180 | train_loss=3.4356e-04 | train_eval_loss=3.4141e-04 | val_loss=3.6200e-04 | | lr=3.13e-05
Epoch 181 | train_loss=3.4308e-04 | train_eval_loss=3.4248e-04 | val_loss=3.6463e-04 | | lr=3.13e-05
Epoch 182 | train_loss=3.4362e-04 | train_eval_loss=3.4065e-04 | val_loss=3.6138e-04 | | lr=3.13e-05
Epoch 183 | train_loss=3.4406e-04 | train_eval_loss=3.4134e-04 | val_loss=3.6237e-04 | | lr=3.13e-05
Epoch 184 | train_loss=3.4258e-04 | train_eval_loss=3.4067e-04 | val_loss=3.6017e-04 | | lr=3.13e-05
Epoch 185 | train_loss=3.4357e-04 | train_eval_loss=3.4439e-04 | val_loss=3.6584e-04 | | lr=3.13e-05
Epoch 186 | train_loss=3.4354e-04 | train_eval_loss=3.4092e-04 | val_loss=3.6125e-04 | | lr=3.13e-05
Epoch 187 | train_loss=3.4302e-04 | train_eval_loss=3.4157e-04 | val_loss=3.6204e-04 | | lr=3.13e-05
Epoch 188 | train_loss=3.4321e-04 | train_eval_loss=3.3984e-04 | val_loss=3.5870e-04 | | lr=3.13e-05
Saved best model to results/thesis_model_results/outputs/mtlsh_embeddability_tradeoff/MTLSH__mse__minmax__seed42__model_head_sizes128__model_shared_sizes128/mtlsh_state_dict_best.pt
Epoch 189 | train_loss=3.4284e-04 | train_eval_loss=3.4281e-04 | val_loss=3.6491e-04 | | lr=3.13e-05
Epoch 190 | train_loss=3.4335e-04 | train_eval_loss=3.4350e-04 | val_loss=3.6273e-04 | | lr=3.13e-05
Epoch 191 | train_loss=3.4336e-04 | train_eval_loss=3.3863e-04 | val_loss=3.5945e-04 | | lr=3.13e-05
Epoch 192 | train_loss=3.4188e-04 | train_eval_loss=3.4101e-04 | val_loss=3.6281e-04 | | lr=3.13e-05
Epoch 193 | train_loss=3.4159e-04 | train_eval_loss=3.4140e-04 | val_loss=3.5948e-04 | | lr=3.13e-05
Epoch 194 | train_loss=3.4134e-04 | train_eval_loss=3.4041e-04 | val_loss=3.6011e-04 | | lr=3.13e-05
Epoch 195 | train_loss=3.4130e-04 | train_eval_loss=3.4102e-04 | val_loss=3.6340e-04 | | lr=3.13e-05
Epoch 196 | train_loss=3.4169e-04 | train_eval_loss=3.3866e-04 | val_loss=3.5888e-04 | | lr=3.13e-05
Epoch 197 | train_loss=3.4201e-04 | train_eval_loss=3.4069e-04 | val_loss=3.6147e-04 | | lr=3.13e-05
Epoch 198 | train_loss=3.3865e-04 | train_eval_loss=3.3694e-04 | val_loss=3.5767e-04 | | lr=1.56e-05
Saved best model to results/thesis_model_results/outputs/mtlsh_embeddability_tradeoff/MTLSH__mse__minmax__seed42__model_head_sizes128__model_shared_sizes128/mtlsh_state_dict_best.pt
Epoch 199 | train_loss=3.3859e-04 | train_eval_loss=3.3733e-04 | val_loss=3.5671e-04 | | lr=1.56e-05
Saved best model to results/thesis_model_results/outputs/mtlsh_embeddability_tradeoff/MTLSH__mse__minmax__seed42__model_head_sizes128__model_shared_sizes128/mtlsh_state_dict_best.pt
Epoch 200 | train_loss=3.3831e-04 | train_eval_loss=3.3676e-04 | val_loss=3.5754e-04 | | lr=1.56e-05
Saved training logs to results/thesis_model_results/outputs/mtlsh_embeddability_tradeoff/MTLSH__mse__minmax__seed42__model_head_sizes128__model_shared_sizes128/training_summary.txt
Test RMSE(rocof_COI) = 0.0131 | norm: 0.0099 | real_diff: 0.0086
Test RMSE(dev_COI) = 0.0215 | norm: 0.0080 | real_diff: 0.0107
Test RMSE(Delta_P_IBR_1) = 0.1131 | norm: 0.0179 | real_diff: 0.0734
Test RMSE(Delta_P_IBR_2) = 0.0998 | norm: 0.0139 | real_diff: 0.0539
Test RMSE(Delta_P_IBR_3) = 0.1892 | norm: 0.0332 | real_diff: 0.1048
Test RMSE(Delta_P_IBR_4) = 0.1886 | norm: 0.0195 | real_diff: 0.1179
Saved RMSE results to results/thesis_model_results/outputs/mtlsh_embeddability_tradeoff/MTLSH__mse__minmax__seed42__model_head_sizes128__model_shared_sizes128/rmse_results.txt
Saved detailed metrics to results/thesis_model_results/outputs/mtlsh_embeddability_tradeoff/MTLSH__mse__minmax__seed42__model_head_sizes128__model_shared_sizes128/metrics_by_target.csv
Saved aggregate metrics to results/thesis_model_results/outputs/mtlsh_embeddability_tradeoff/MTLSH__mse__minmax__seed42__model_head_sizes128__model_shared_sizes128/metrics_summary.json
Saved loss curves to results/thesis_model_results/outputs/mtlsh_embeddability_tradeoff/MTLSH__mse__minmax__seed42__model_head_sizes128__model_shared_sizes128/loss_curve.png
Saved scatter plot results/thesis_model_results/outputs/mtlsh_embeddability_tradeoff/MTLSH__mse__minmax__seed42__model_head_sizes128__model_shared_sizes128/scatter_rocof_COI.png
Saved scatter plot results/thesis_model_results/outputs/mtlsh_embeddability_tradeoff/MTLSH__mse__minmax__seed42__model_head_sizes128__model_shared_sizes128/scatter_dev_COI.png
Saved scatter plot results/thesis_model_results/outputs/mtlsh_embeddability_tradeoff/MTLSH__mse__minmax__seed42__model_head_sizes128__model_shared_sizes128/scatter_Delta_P_IBR_1.png
Saved scatter plot results/thesis_model_results/outputs/mtlsh_embeddability_tradeoff/MTLSH__mse__minmax__seed42__model_head_sizes128__model_shared_sizes128/scatter_Delta_P_IBR_2.png
Saved scatter plot results/thesis_model_results/outputs/mtlsh_embeddability_tradeoff/MTLSH__mse__minmax__seed42__model_head_sizes128__model_shared_sizes128/scatter_Delta_P_IBR_3.png
Saved scatter plot results/thesis_model_results/outputs/mtlsh_embeddability_tradeoff/MTLSH__mse__minmax__seed42__model_head_sizes128__model_shared_sizes128/scatter_Delta_P_IBR_4.png
Saved model to results/thesis_model_results/outputs/mtlsh_embeddability_tradeoff/MTLSH__mse__minmax__seed42__model_head_sizes128__model_shared_sizes128/mtlsh_state_dict.pt
Loss type: mse | weights=[]
Target stats (scaled):
train mean=[0.549  0.589  0.492  0.4884 0.4785 0.4192]
train std=[0.1365 0.1371 0.1141 0.1063 0.1158 0.1138]
train q05=[0.3074 0.3979 0.3192 0.303  0.3347 0.2205]
train q95=[0.7933 0.8652 0.6719 0.6491 0.6927 0.6016]
val mean=[0.5473 0.5873 0.4922 0.4893 0.4798 0.4201]
val std=[0.1343 0.1348 0.1123 0.1072 0.1141 0.1112]
val q05=[0.3103 0.3982 0.3195 0.303  0.3376 0.2251]
val q95=[0.7886 0.8626 0.6731 0.6514 0.6918 0.5984]
val/train std ratio=[0.984  0.9828 0.9844 1.0084 0.9848 0.9772]
LR scheduler: ReduceLROnPlateau (factor=0.5, patience=8, min_lr=1e-07)
Epoch 001 | train_loss=3.2408e-02 | train_eval_loss=1.4004e-02 | val_loss=1.3641e-02 | | lr=1.00e-03
Saved best model to results/thesis_model_results/outputs/mtlsh_embeddability_tradeoff/MTLSH__mse__minmax__seed42__model_head_sizes128_64__model_shared_sizes128/mtlsh_state_dict_best.pt
Epoch 002 | train_loss=1.0906e-02 | train_eval_loss=5.2211e-03 | val_loss=5.1227e-03 | | lr=1.00e-03
Saved best model to results/thesis_model_results/outputs/mtlsh_embeddability_tradeoff/MTLSH__mse__minmax__seed42__model_head_sizes128_64__model_shared_sizes128/mtlsh_state_dict_best.pt
Epoch 003 | train_loss=3.5590e-03 | train_eval_loss=2.8560e-03 | val_loss=2.8058e-03 | | lr=1.00e-03
Saved best model to results/thesis_model_results/outputs/mtlsh_embeddability_tradeoff/MTLSH__mse__minmax__seed42__model_head_sizes128_64__model_shared_sizes128/mtlsh_state_dict_best.pt
Epoch 004 | train_loss=2.4329e-03 | train_eval_loss=2.1411e-03 | val_loss=2.1125e-03 | | lr=1.00e-03
Saved best model to results/thesis_model_results/outputs/mtlsh_embeddability_tradeoff/MTLSH__mse__minmax__seed42__model_head_sizes128_64__model_shared_sizes128/mtlsh_state_dict_best.pt
Epoch 005 | train_loss=1.9536e-03 | train_eval_loss=1.8204e-03 | val_loss=1.7837e-03 | | lr=1.00e-03
Saved best model to results/thesis_model_results/outputs/mtlsh_embeddability_tradeoff/MTLSH__mse__minmax__seed42__model_head_sizes128_64__model_shared_sizes128/mtlsh_state_dict_best.pt
Epoch 006 | train_loss=1.7566e-03 | train_eval_loss=1.7948e-03 | val_loss=1.7747e-03 | | lr=1.00e-03
Saved best model to results/thesis_model_results/outputs/mtlsh_embeddability_tradeoff/MTLSH__mse__minmax__seed42__model_head_sizes128_64__model_shared_sizes128/mtlsh_state_dict_best.pt
Epoch 007 | train_loss=1.6685e-03 | train_eval_loss=1.6130e-03 | val_loss=1.5890e-03 | | lr=1.00e-03
Saved best model to results/thesis_model_results/outputs/mtlsh_embeddability_tradeoff/MTLSH__mse__minmax__seed42__model_head_sizes128_64__model_shared_sizes128/mtlsh_state_dict_best.pt
Epoch 008 | train_loss=1.5880e-03 | train_eval_loss=1.5243e-03 | val_loss=1.4986e-03 | | lr=1.00e-03
Saved best model to results/thesis_model_results/outputs/mtlsh_embeddability_tradeoff/MTLSH__mse__minmax__seed42__model_head_sizes128_64__model_shared_sizes128/mtlsh_state_dict_best.pt
Epoch 009 | train_loss=1.5133e-03 | train_eval_loss=1.4972e-03 | val_loss=1.4769e-03 | | lr=1.00e-03
Saved best model to results/thesis_model_results/outputs/mtlsh_embeddability_tradeoff/MTLSH__mse__minmax__seed42__model_head_sizes128_64__model_shared_sizes128/mtlsh_state_dict_best.pt
Epoch 010 | train_loss=1.4524e-03 | train_eval_loss=2.2284e-03 | val_loss=2.2204e-03 | | lr=1.00e-03
Epoch 011 | train_loss=1.5210e-03 | train_eval_loss=1.3044e-03 | val_loss=1.2945e-03 | | lr=1.00e-03
Saved best model to results/thesis_model_results/outputs/mtlsh_embeddability_tradeoff/MTLSH__mse__minmax__seed42__model_head_sizes128_64__model_shared_sizes128/mtlsh_state_dict_best.pt
Epoch 012 | train_loss=1.3279e-03 | train_eval_loss=1.3435e-03 | val_loss=1.3296e-03 | | lr=1.00e-03
Epoch 013 | train_loss=1.2941e-03 | train_eval_loss=1.2766e-03 | val_loss=1.2752e-03 | | lr=1.00e-03
Saved best model to results/thesis_model_results/outputs/mtlsh_embeddability_tradeoff/MTLSH__mse__minmax__seed42__model_head_sizes128_64__model_shared_sizes128/mtlsh_state_dict_best.pt
Epoch 014 | train_loss=1.2718e-03 | train_eval_loss=1.3678e-03 | val_loss=1.3555e-03 | | lr=1.00e-03
Epoch 015 | train_loss=1.2234e-03 | train_eval_loss=1.2421e-03 | val_loss=1.2393e-03 | | lr=1.00e-03
Saved best model to results/thesis_model_results/outputs/mtlsh_embeddability_tradeoff/MTLSH__mse__minmax__seed42__model_head_sizes128_64__model_shared_sizes128/mtlsh_state_dict_best.pt
Epoch 016 | train_loss=1.1885e-03 | train_eval_loss=1.3951e-03 | val_loss=1.3846e-03 | | lr=1.00e-03
Epoch 017 | train_loss=1.2595e-03 | train_eval_loss=1.2917e-03 | val_loss=1.2768e-03 | | lr=1.00e-03
Epoch 018 | train_loss=1.1303e-03 | train_eval_loss=1.0716e-03 | val_loss=1.0645e-03 | | lr=1.00e-03
Saved best model to results/thesis_model_results/outputs/mtlsh_embeddability_tradeoff/MTLSH__mse__minmax__seed42__model_head_sizes128_64__model_shared_sizes128/mtlsh_state_dict_best.pt
Epoch 019 | train_loss=1.0747e-03 | train_eval_loss=1.0580e-03 | val_loss=1.0514e-03 | | lr=1.00e-03
Saved best model to results/thesis_model_results/outputs/mtlsh_embeddability_tradeoff/MTLSH__mse__minmax__seed42__model_head_sizes128_64__model_shared_sizes128/mtlsh_state_dict_best.pt
Epoch 020 | train_loss=1.1312e-03 | train_eval_loss=9.8342e-04 | val_loss=9.7959e-04 | | lr=1.00e-03
Saved best model to results/thesis_model_results/outputs/mtlsh_embeddability_tradeoff/MTLSH__mse__minmax__seed42__model_head_sizes128_64__model_shared_sizes128/mtlsh_state_dict_best.pt
Epoch 021 | train_loss=9.9911e-04 | train_eval_loss=9.8305e-04 | val_loss=9.8329e-04 | | lr=1.00e-03
Epoch 022 | train_loss=9.5875e-04 | train_eval_loss=9.0388e-04 | val_loss=9.0040e-04 | | lr=1.00e-03
Saved best model to results/thesis_model_results/outputs/mtlsh_embeddability_tradeoff/MTLSH__mse__minmax__seed42__model_head_sizes128_64__model_shared_sizes128/mtlsh_state_dict_best.pt
Epoch 023 | train_loss=9.3970e-04 | train_eval_loss=9.8553e-04 | val_loss=9.7989e-04 | | lr=1.00e-03
Epoch 024 | train_loss=9.0098e-04 | train_eval_loss=8.5142e-04 | val_loss=8.4524e-04 | | lr=1.00e-03
Saved best model to results/thesis_model_results/outputs/mtlsh_embeddability_tradeoff/MTLSH__mse__minmax__seed42__model_head_sizes128_64__model_shared_sizes128/mtlsh_state_dict_best.pt
Epoch 025 | train_loss=8.6437e-04 | train_eval_loss=8.6795e-04 | val_loss=8.6844e-04 | | lr=1.00e-03
Epoch 026 | train_loss=8.8443e-04 | train_eval_loss=8.5738e-04 | val_loss=8.5700e-04 | | lr=1.00e-03
Epoch 027 | train_loss=7.9359e-04 | train_eval_loss=8.0765e-04 | val_loss=8.1357e-04 | | lr=1.00e-03
Saved best model to results/thesis_model_results/outputs/mtlsh_embeddability_tradeoff/MTLSH__mse__minmax__seed42__model_head_sizes128_64__model_shared_sizes128/mtlsh_state_dict_best.pt
Epoch 028 | train_loss=7.9680e-04 | train_eval_loss=7.5698e-04 | val_loss=7.5982e-04 | | lr=1.00e-03
Saved best model to results/thesis_model_results/outputs/mtlsh_embeddability_tradeoff/MTLSH__mse__minmax__seed42__model_head_sizes128_64__model_shared_sizes128/mtlsh_state_dict_best.pt
Epoch 029 | train_loss=8.1531e-04 | train_eval_loss=7.7945e-04 | val_loss=7.7539e-04 | | lr=1.00e-03
Epoch 030 | train_loss=7.6744e-04 | train_eval_loss=7.3385e-04 | val_loss=7.3904e-04 | | lr=1.00e-03
Saved best model to results/thesis_model_results/outputs/mtlsh_embeddability_tradeoff/MTLSH__mse__minmax__seed42__model_head_sizes128_64__model_shared_sizes128/mtlsh_state_dict_best.pt
Epoch 031 | train_loss=7.4689e-04 | train_eval_loss=6.9933e-04 | val_loss=6.9259e-04 | | lr=1.00e-03
Saved best model to results/thesis_model_results/outputs/mtlsh_embeddability_tradeoff/MTLSH__mse__minmax__seed42__model_head_sizes128_64__model_shared_sizes128/mtlsh_state_dict_best.pt
Epoch 032 | train_loss=7.1526e-04 | train_eval_loss=7.4683e-04 | val_loss=7.4041e-04 | | lr=1.00e-03
Epoch 033 | train_loss=7.0895e-04 | train_eval_loss=6.9250e-04 | val_loss=6.9215e-04 | | lr=1.00e-03
Saved best model to results/thesis_model_results/outputs/mtlsh_embeddability_tradeoff/MTLSH__mse__minmax__seed42__model_head_sizes128_64__model_shared_sizes128/mtlsh_state_dict_best.pt
Epoch 034 | train_loss=7.0934e-04 | train_eval_loss=6.8229e-04 | val_loss=6.7178e-04 | | lr=1.00e-03
Saved best model to results/thesis_model_results/outputs/mtlsh_embeddability_tradeoff/MTLSH__mse__minmax__seed42__model_head_sizes128_64__model_shared_sizes128/mtlsh_state_dict_best.pt
Epoch 035 | train_loss=7.0220e-04 | train_eval_loss=6.7685e-04 | val_loss=6.8844e-04 | | lr=1.00e-03
Epoch 036 | train_loss=7.2903e-04 | train_eval_loss=7.1799e-04 | val_loss=7.1994e-04 | | lr=1.00e-03
Epoch 037 | train_loss=7.3352e-04 | train_eval_loss=6.4655e-04 | val_loss=6.4520e-04 | | lr=1.00e-03
Saved best model to results/thesis_model_results/outputs/mtlsh_embeddability_tradeoff/MTLSH__mse__minmax__seed42__model_head_sizes128_64__model_shared_sizes128/mtlsh_state_dict_best.pt
Epoch 038 | train_loss=6.6212e-04 | train_eval_loss=6.0077e-04 | val_loss=6.0561e-04 | | lr=1.00e-03
Saved best model to results/thesis_model_results/outputs/mtlsh_embeddability_tradeoff/MTLSH__mse__minmax__seed42__model_head_sizes128_64__model_shared_sizes128/mtlsh_state_dict_best.pt
Epoch 039 | train_loss=6.5662e-04 | train_eval_loss=6.8461e-04 | val_loss=6.9125e-04 | | lr=1.00e-03
Epoch 040 | train_loss=6.4399e-04 | train_eval_loss=6.9123e-04 | val_loss=7.0552e-04 | | lr=1.00e-03
Epoch 041 | train_loss=6.6260e-04 | train_eval_loss=6.2618e-04 | val_loss=6.4088e-04 | | lr=1.00e-03
Epoch 042 | train_loss=6.6740e-04 | train_eval_loss=6.7536e-04 | val_loss=6.7800e-04 | | lr=1.00e-03
Epoch 043 | train_loss=6.2978e-04 | train_eval_loss=6.6243e-04 | val_loss=6.6832e-04 | | lr=1.00e-03
Epoch 044 | train_loss=6.2554e-04 | train_eval_loss=7.6964e-04 | val_loss=7.8522e-04 | | lr=1.00e-03
Epoch 045 | train_loss=6.9265e-04 | train_eval_loss=5.5585e-04 | val_loss=5.6946e-04 | | lr=1.00e-03
Saved best model to results/thesis_model_results/outputs/mtlsh_embeddability_tradeoff/MTLSH__mse__minmax__seed42__model_head_sizes128_64__model_shared_sizes128/mtlsh_state_dict_best.pt
Epoch 046 | train_loss=5.7673e-04 | train_eval_loss=5.5234e-04 | val_loss=5.6831e-04 | | lr=1.00e-03
Saved best model to results/thesis_model_results/outputs/mtlsh_embeddability_tradeoff/MTLSH__mse__minmax__seed42__model_head_sizes128_64__model_shared_sizes128/mtlsh_state_dict_best.pt
Epoch 047 | train_loss=6.0171e-04 | train_eval_loss=6.0597e-04 | val_loss=6.0561e-04 | | lr=1.00e-03
Epoch 048 | train_loss=5.7945e-04 | train_eval_loss=5.6427e-04 | val_loss=5.7891e-04 | | lr=1.00e-03
Epoch 049 | train_loss=5.5608e-04 | train_eval_loss=5.2580e-04 | val_loss=5.3586e-04 | | lr=1.00e-03
Saved best model to results/thesis_model_results/outputs/mtlsh_embeddability_tradeoff/MTLSH__mse__minmax__seed42__model_head_sizes128_64__model_shared_sizes128/mtlsh_state_dict_best.pt
Epoch 050 | train_loss=5.8248e-04 | train_eval_loss=7.5696e-04 | val_loss=7.6501e-04 | | lr=1.00e-03
Epoch 051 | train_loss=6.1429e-04 | train_eval_loss=5.3253e-04 | val_loss=5.4855e-04 | | lr=1.00e-03
Epoch 052 | train_loss=5.7025e-04 | train_eval_loss=6.9549e-04 | val_loss=7.2629e-04 | | lr=1.00e-03
Epoch 053 | train_loss=5.6600e-04 | train_eval_loss=5.4921e-04 | val_loss=5.6623e-04 | | lr=1.00e-03
Epoch 054 | train_loss=5.4516e-04 | train_eval_loss=5.1119e-04 | val_loss=5.2412e-04 | | lr=1.00e-03
Saved best model to results/thesis_model_results/outputs/mtlsh_embeddability_tradeoff/MTLSH__mse__minmax__seed42__model_head_sizes128_64__model_shared_sizes128/mtlsh_state_dict_best.pt
Epoch 055 | train_loss=5.7587e-04 | train_eval_loss=5.8587e-04 | val_loss=5.9404e-04 | | lr=1.00e-03
Epoch 056 | train_loss=5.8172e-04 | train_eval_loss=5.6236e-04 | val_loss=5.8070e-04 | | lr=1.00e-03
Epoch 057 | train_loss=5.5819e-04 | train_eval_loss=4.7838e-04 | val_loss=4.9782e-04 | | lr=1.00e-03
Saved best model to results/thesis_model_results/outputs/mtlsh_embeddability_tradeoff/MTLSH__mse__minmax__seed42__model_head_sizes128_64__model_shared_sizes128/mtlsh_state_dict_best.pt
Epoch 058 | train_loss=5.3839e-04 | train_eval_loss=5.1412e-04 | val_loss=5.3505e-04 | | lr=1.00e-03
Epoch 059 | train_loss=5.4934e-04 | train_eval_loss=5.1663e-04 | val_loss=5.2803e-04 | | lr=1.00e-03
Epoch 060 | train_loss=5.6775e-04 | train_eval_loss=5.3357e-04 | val_loss=5.5971e-04 | | lr=1.00e-03
Epoch 061 | train_loss=5.1204e-04 | train_eval_loss=5.1872e-04 | val_loss=5.3820e-04 | | lr=1.00e-03
Epoch 062 | train_loss=5.2391e-04 | train_eval_loss=4.9777e-04 | val_loss=5.2155e-04 | | lr=1.00e-03
Epoch 063 | train_loss=4.9427e-04 | train_eval_loss=6.5814e-04 | val_loss=6.6801e-04 | | lr=1.00e-03
Epoch 064 | train_loss=5.1023e-04 | train_eval_loss=4.9498e-04 | val_loss=5.2142e-04 | | lr=1.00e-03
Epoch 065 | train_loss=5.5413e-04 | train_eval_loss=5.1177e-04 | val_loss=5.3704e-04 | | lr=1.00e-03
Epoch 066 | train_loss=5.7771e-04 | train_eval_loss=5.1093e-04 | val_loss=5.3960e-04 | | lr=1.00e-03
Epoch 067 | train_loss=4.2764e-04 | train_eval_loss=3.9648e-04 | val_loss=4.2299e-04 | | lr=5.00e-04
Saved best model to results/thesis_model_results/outputs/mtlsh_embeddability_tradeoff/MTLSH__mse__minmax__seed42__model_head_sizes128_64__model_shared_sizes128/mtlsh_state_dict_best.pt
Epoch 068 | train_loss=4.1924e-04 | train_eval_loss=4.2303e-04 | val_loss=4.4874e-04 | | lr=5.00e-04
Epoch 069 | train_loss=4.1173e-04 | train_eval_loss=4.2139e-04 | val_loss=4.4096e-04 | | lr=5.00e-04
Epoch 070 | train_loss=4.1564e-04 | train_eval_loss=3.9575e-04 | val_loss=4.2176e-04 | | lr=5.00e-04
Saved best model to results/thesis_model_results/outputs/mtlsh_embeddability_tradeoff/MTLSH__mse__minmax__seed42__model_head_sizes128_64__model_shared_sizes128/mtlsh_state_dict_best.pt
Epoch 071 | train_loss=4.1658e-04 | train_eval_loss=4.1873e-04 | val_loss=4.5347e-04 | | lr=5.00e-04
Epoch 072 | train_loss=4.1031e-04 | train_eval_loss=4.1035e-04 | val_loss=4.4033e-04 | | lr=5.00e-04
Epoch 073 | train_loss=4.0044e-04 | train_eval_loss=3.7614e-04 | val_loss=4.0757e-04 | | lr=5.00e-04
Saved best model to results/thesis_model_results/outputs/mtlsh_embeddability_tradeoff/MTLSH__mse__minmax__seed42__model_head_sizes128_64__model_shared_sizes128/mtlsh_state_dict_best.pt
Epoch 074 | train_loss=4.0735e-04 | train_eval_loss=4.1986e-04 | val_loss=4.5201e-04 | | lr=5.00e-04
Epoch 075 | train_loss=4.0544e-04 | train_eval_loss=4.2768e-04 | val_loss=4.6176e-04 | | lr=5.00e-04
Epoch 076 | train_loss=4.0731e-04 | train_eval_loss=4.1774e-04 | val_loss=4.4388e-04 | | lr=5.00e-04
Epoch 077 | train_loss=4.1150e-04 | train_eval_loss=3.9239e-04 | val_loss=4.2384e-04 | | lr=5.00e-04
Epoch 078 | train_loss=4.0275e-04 | train_eval_loss=3.7650e-04 | val_loss=4.0618e-04 | | lr=5.00e-04
Saved best model to results/thesis_model_results/outputs/mtlsh_embeddability_tradeoff/MTLSH__mse__minmax__seed42__model_head_sizes128_64__model_shared_sizes128/mtlsh_state_dict_best.pt
Epoch 079 | train_loss=3.9804e-04 | train_eval_loss=4.8834e-04 | val_loss=5.2177e-04 | | lr=5.00e-04
Epoch 080 | train_loss=4.0556e-04 | train_eval_loss=3.8223e-04 | val_loss=4.1393e-04 | | lr=5.00e-04
Epoch 081 | train_loss=3.9775e-04 | train_eval_loss=4.0093e-04 | val_loss=4.3730e-04 | | lr=5.00e-04
Epoch 082 | train_loss=4.0472e-04 | train_eval_loss=3.9887e-04 | val_loss=4.2755e-04 | | lr=5.00e-04
Epoch 083 | train_loss=4.0045e-04 | train_eval_loss=3.6614e-04 | val_loss=3.9766e-04 | | lr=5.00e-04
Saved best model to results/thesis_model_results/outputs/mtlsh_embeddability_tradeoff/MTLSH__mse__minmax__seed42__model_head_sizes128_64__model_shared_sizes128/mtlsh_state_dict_best.pt
Epoch 084 | train_loss=4.0113e-04 | train_eval_loss=5.6542e-04 | val_loss=5.9842e-04 | | lr=5.00e-04
Epoch 085 | train_loss=4.3340e-04 | train_eval_loss=3.9123e-04 | val_loss=4.2445e-04 | | lr=5.00e-04
Epoch 086 | train_loss=3.9673e-04 | train_eval_loss=3.7869e-04 | val_loss=4.1081e-04 | | lr=5.00e-04
Epoch 087 | train_loss=3.7728e-04 | train_eval_loss=3.6402e-04 | val_loss=3.9668e-04 | | lr=5.00e-04
Saved best model to results/thesis_model_results/outputs/mtlsh_embeddability_tradeoff/MTLSH__mse__minmax__seed42__model_head_sizes128_64__model_shared_sizes128/mtlsh_state_dict_best.pt
Epoch 088 | train_loss=4.2416e-04 | train_eval_loss=4.4816e-04 | val_loss=4.7540e-04 | | lr=5.00e-04
Epoch 089 | train_loss=3.8138e-04 | train_eval_loss=3.5586e-04 | val_loss=3.9729e-04 | | lr=5.00e-04
Epoch 090 | train_loss=3.7952e-04 | train_eval_loss=3.7133e-04 | val_loss=4.1051e-04 | | lr=5.00e-04
Epoch 091 | train_loss=3.8140e-04 | train_eval_loss=5.5802e-04 | val_loss=5.8157e-04 | | lr=5.00e-04
Epoch 092 | train_loss=4.1108e-04 | train_eval_loss=3.8445e-04 | val_loss=4.2385e-04 | | lr=5.00e-04
Epoch 093 | train_loss=3.7596e-04 | train_eval_loss=3.4989e-04 | val_loss=3.8239e-04 | | lr=5.00e-04
Saved best model to results/thesis_model_results/outputs/mtlsh_embeddability_tradeoff/MTLSH__mse__minmax__seed42__model_head_sizes128_64__model_shared_sizes128/mtlsh_state_dict_best.pt
Epoch 094 | train_loss=3.8606e-04 | train_eval_loss=3.6478e-04 | val_loss=4.0358e-04 | | lr=5.00e-04
Epoch 095 | train_loss=3.7705e-04 | train_eval_loss=3.7309e-04 | val_loss=4.0508e-04 | | lr=5.00e-04
Epoch 096 | train_loss=3.9809e-04 | train_eval_loss=3.8127e-04 | val_loss=4.2294e-04 | | lr=5.00e-04
Epoch 097 | train_loss=3.8428e-04 | train_eval_loss=3.5103e-04 | val_loss=3.9025e-04 | | lr=5.00e-04
Epoch 098 | train_loss=3.7549e-04 | train_eval_loss=4.1560e-04 | val_loss=4.4132e-04 | | lr=5.00e-04
Epoch 099 | train_loss=3.8279e-04 | train_eval_loss=3.5583e-04 | val_loss=3.9202e-04 | | lr=5.00e-04
Epoch 100 | train_loss=3.7047e-04 | train_eval_loss=3.7242e-04 | val_loss=4.0461e-04 | | lr=5.00e-04
Epoch 101 | train_loss=3.7388e-04 | train_eval_loss=3.5665e-04 | val_loss=3.8807e-04 | | lr=5.00e-04
Epoch 102 | train_loss=3.8030e-04 | train_eval_loss=4.0126e-04 | val_loss=4.3886e-04 | | lr=5.00e-04
Epoch 103 | train_loss=3.2770e-04 | train_eval_loss=3.1341e-04 | val_loss=3.5542e-04 | | lr=2.50e-04
Saved best model to results/thesis_model_results/outputs/mtlsh_embeddability_tradeoff/MTLSH__mse__minmax__seed42__model_head_sizes128_64__model_shared_sizes128/mtlsh_state_dict_best.pt
Epoch 104 | train_loss=3.2204e-04 | train_eval_loss=3.1377e-04 | val_loss=3.5453e-04 | | lr=2.50e-04
Saved best model to results/thesis_model_results/outputs/mtlsh_embeddability_tradeoff/MTLSH__mse__minmax__seed42__model_head_sizes128_64__model_shared_sizes128/mtlsh_state_dict_best.pt
Epoch 105 | train_loss=3.1412e-04 | train_eval_loss=3.0873e-04 | val_loss=3.5464e-04 | | lr=2.50e-04
Epoch 106 | train_loss=3.1165e-04 | train_eval_loss=3.1243e-04 | val_loss=3.5198e-04 | | lr=2.50e-04
Saved best model to results/thesis_model_results/outputs/mtlsh_embeddability_tradeoff/MTLSH__mse__minmax__seed42__model_head_sizes128_64__model_shared_sizes128/mtlsh_state_dict_best.pt
Epoch 107 | train_loss=3.1382e-04 | train_eval_loss=3.1177e-04 | val_loss=3.5176e-04 | | lr=2.50e-04
Saved best model to results/thesis_model_results/outputs/mtlsh_embeddability_tradeoff/MTLSH__mse__minmax__seed42__model_head_sizes128_64__model_shared_sizes128/mtlsh_state_dict_best.pt
Epoch 108 | train_loss=3.1138e-04 | train_eval_loss=3.0718e-04 | val_loss=3.5413e-04 | | lr=2.50e-04
Epoch 109 | train_loss=3.1972e-04 | train_eval_loss=3.2424e-04 | val_loss=3.6887e-04 | | lr=2.50e-04
Epoch 110 | train_loss=3.1294e-04 | train_eval_loss=3.4865e-04 | val_loss=3.9767e-04 | | lr=2.50e-04
Epoch 111 | train_loss=3.1740e-04 | train_eval_loss=2.9948e-04 | val_loss=3.3844e-04 | | lr=2.50e-04
Saved best model to results/thesis_model_results/outputs/mtlsh_embeddability_tradeoff/MTLSH__mse__minmax__seed42__model_head_sizes128_64__model_shared_sizes128/mtlsh_state_dict_best.pt
Epoch 112 | train_loss=3.1380e-04 | train_eval_loss=3.1424e-04 | val_loss=3.5399e-04 | | lr=2.50e-04
Epoch 113 | train_loss=3.1017e-04 | train_eval_loss=3.0402e-04 | val_loss=3.5076e-04 | | lr=2.50e-04
Epoch 114 | train_loss=3.1604e-04 | train_eval_loss=3.1086e-04 | val_loss=3.5461e-04 | | lr=2.50e-04
Epoch 115 | train_loss=3.1599e-04 | train_eval_loss=3.2714e-04 | val_loss=3.7513e-04 | | lr=2.50e-04
Epoch 116 | train_loss=3.1574e-04 | train_eval_loss=3.1896e-04 | val_loss=3.6740e-04 | | lr=2.50e-04
Epoch 117 | train_loss=3.0510e-04 | train_eval_loss=3.0793e-04 | val_loss=3.6126e-04 | | lr=2.50e-04
Epoch 118 | train_loss=3.0546e-04 | train_eval_loss=3.1147e-04 | val_loss=3.5806e-04 | | lr=2.50e-04
Epoch 119 | train_loss=3.1285e-04 | train_eval_loss=3.0053e-04 | val_loss=3.4570e-04 | | lr=2.50e-04
Epoch 120 | train_loss=3.0931e-04 | train_eval_loss=2.9104e-04 | val_loss=3.3629e-04 | | lr=2.50e-04
Saved best model to results/thesis_model_results/outputs/mtlsh_embeddability_tradeoff/MTLSH__mse__minmax__seed42__model_head_sizes128_64__model_shared_sizes128/mtlsh_state_dict_best.pt
Epoch 121 | train_loss=3.0810e-04 | train_eval_loss=3.5678e-04 | val_loss=4.0203e-04 | | lr=2.50e-04
Epoch 122 | train_loss=3.1805e-04 | train_eval_loss=2.9167e-04 | val_loss=3.3922e-04 | | lr=2.50e-04
Epoch 123 | train_loss=3.0744e-04 | train_eval_loss=2.9217e-04 | val_loss=3.3759e-04 | | lr=2.50e-04
Epoch 124 | train_loss=3.1173e-04 | train_eval_loss=3.0131e-04 | val_loss=3.5464e-04 | | lr=2.50e-04
Epoch 125 | train_loss=3.1638e-04 | train_eval_loss=3.1138e-04 | val_loss=3.6358e-04 | | lr=2.50e-04
Epoch 126 | train_loss=3.0229e-04 | train_eval_loss=2.8736e-04 | val_loss=3.3996e-04 | | lr=2.50e-04
Epoch 127 | train_loss=2.9758e-04 | train_eval_loss=2.9638e-04 | val_loss=3.4614e-04 | | lr=2.50e-04
Epoch 128 | train_loss=3.1067e-04 | train_eval_loss=3.0906e-04 | val_loss=3.6509e-04 | | lr=2.50e-04
Epoch 129 | train_loss=2.9748e-04 | train_eval_loss=2.9493e-04 | val_loss=3.4958e-04 | | lr=2.50e-04
Epoch 130 | train_loss=2.8699e-04 | train_eval_loss=2.6894e-04 | val_loss=3.2296e-04 | | lr=1.25e-04
Saved best model to results/thesis_model_results/outputs/mtlsh_embeddability_tradeoff/MTLSH__mse__minmax__seed42__model_head_sizes128_64__model_shared_sizes128/mtlsh_state_dict_best.pt
Epoch 131 | train_loss=2.7382e-04 | train_eval_loss=2.6952e-04 | val_loss=3.2505e-04 | | lr=1.25e-04
Epoch 132 | train_loss=2.7306e-04 | train_eval_loss=2.7038e-04 | val_loss=3.2383e-04 | | lr=1.25e-04
Epoch 133 | train_loss=2.7571e-04 | train_eval_loss=2.7139e-04 | val_loss=3.2268e-04 | | lr=1.25e-04
Saved best model to results/thesis_model_results/outputs/mtlsh_embeddability_tradeoff/MTLSH__mse__minmax__seed42__model_head_sizes128_64__model_shared_sizes128/mtlsh_state_dict_best.pt
Epoch 134 | train_loss=2.7449e-04 | train_eval_loss=2.7296e-04 | val_loss=3.3223e-04 | | lr=1.25e-04
Epoch 135 | train_loss=2.7435e-04 | train_eval_loss=2.8019e-04 | val_loss=3.3735e-04 | | lr=1.25e-04
Epoch 136 | train_loss=2.7686e-04 | train_eval_loss=2.7220e-04 | val_loss=3.2663e-04 | | lr=1.25e-04
Epoch 137 | train_loss=2.7490e-04 | train_eval_loss=2.8427e-04 | val_loss=3.4308e-04 | | lr=1.25e-04
Epoch 138 | train_loss=2.7453e-04 | train_eval_loss=2.7065e-04 | val_loss=3.2536e-04 | | lr=1.25e-04
Epoch 139 | train_loss=2.6922e-04 | train_eval_loss=2.7133e-04 | val_loss=3.2804e-04 | | lr=1.25e-04
Epoch 140 | train_loss=2.7165e-04 | train_eval_loss=2.6951e-04 | val_loss=3.2414e-04 | | lr=1.25e-04
Epoch 141 | train_loss=2.7065e-04 | train_eval_loss=2.6208e-04 | val_loss=3.1609e-04 | | lr=1.25e-04
Saved best model to results/thesis_model_results/outputs/mtlsh_embeddability_tradeoff/MTLSH__mse__minmax__seed42__model_head_sizes128_64__model_shared_sizes128/mtlsh_state_dict_best.pt
Epoch 142 | train_loss=2.7088e-04 | train_eval_loss=2.7478e-04 | val_loss=3.3051e-04 | | lr=1.25e-04
Epoch 143 | train_loss=2.7282e-04 | train_eval_loss=2.7440e-04 | val_loss=3.2674e-04 | | lr=1.25e-04
Epoch 144 | train_loss=2.7319e-04 | train_eval_loss=2.6888e-04 | val_loss=3.2167e-04 | | lr=1.25e-04
Epoch 145 | train_loss=2.6712e-04 | train_eval_loss=2.6477e-04 | val_loss=3.1999e-04 | | lr=1.25e-04
Epoch 146 | train_loss=2.7194e-04 | train_eval_loss=2.5811e-04 | val_loss=3.1570e-04 | | lr=1.25e-04
Saved best model to results/thesis_model_results/outputs/mtlsh_embeddability_tradeoff/MTLSH__mse__minmax__seed42__model_head_sizes128_64__model_shared_sizes128/mtlsh_state_dict_best.pt
Epoch 147 | train_loss=2.7077e-04 | train_eval_loss=2.7539e-04 | val_loss=3.3526e-04 | | lr=1.25e-04
Epoch 148 | train_loss=2.7497e-04 | train_eval_loss=2.7337e-04 | val_loss=3.2926e-04 | | lr=1.25e-04
Epoch 149 | train_loss=2.7098e-04 | train_eval_loss=2.6558e-04 | val_loss=3.2102e-04 | | lr=1.25e-04
Epoch 150 | train_loss=2.7378e-04 | train_eval_loss=2.6293e-04 | val_loss=3.1661e-04 | | lr=1.25e-04
Epoch 151 | train_loss=2.6917e-04 | train_eval_loss=2.6845e-04 | val_loss=3.2145e-04 | | lr=1.25e-04
Epoch 152 | train_loss=2.6589e-04 | train_eval_loss=2.7714e-04 | val_loss=3.3819e-04 | | lr=1.25e-04
Epoch 153 | train_loss=2.7144e-04 | train_eval_loss=2.6741e-04 | val_loss=3.2450e-04 | | lr=1.25e-04
Epoch 154 | train_loss=2.7049e-04 | train_eval_loss=2.7133e-04 | val_loss=3.3222e-04 | | lr=1.25e-04
Epoch 155 | train_loss=2.7183e-04 | train_eval_loss=2.6221e-04 | val_loss=3.2150e-04 | | lr=1.25e-04
Epoch 156 | train_loss=2.5258e-04 | train_eval_loss=2.4845e-04 | val_loss=3.0917e-04 | | lr=6.25e-05
Saved best model to results/thesis_model_results/outputs/mtlsh_embeddability_tradeoff/MTLSH__mse__minmax__seed42__model_head_sizes128_64__model_shared_sizes128/mtlsh_state_dict_best.pt
Epoch 157 | train_loss=2.5290e-04 | train_eval_loss=2.5230e-04 | val_loss=3.1127e-04 | | lr=6.25e-05
Epoch 158 | train_loss=2.5334e-04 | train_eval_loss=2.4789e-04 | val_loss=3.0613e-04 | | lr=6.25e-05
Saved best model to results/thesis_model_results/outputs/mtlsh_embeddability_tradeoff/MTLSH__mse__minmax__seed42__model_head_sizes128_64__model_shared_sizes128/mtlsh_state_dict_best.pt
Epoch 159 | train_loss=2.5449e-04 | train_eval_loss=2.4993e-04 | val_loss=3.1069e-04 | | lr=6.25e-05
Epoch 160 | train_loss=2.5646e-04 | train_eval_loss=2.5763e-04 | val_loss=3.2017e-04 | | lr=6.25e-05
Epoch 161 | train_loss=2.5348e-04 | train_eval_loss=2.4587e-04 | val_loss=3.0877e-04 | | lr=6.25e-05
Epoch 162 | train_loss=2.5063e-04 | train_eval_loss=2.4702e-04 | val_loss=3.0728e-04 | | lr=6.25e-05
Epoch 163 | train_loss=2.4991e-04 | train_eval_loss=2.4731e-04 | val_loss=3.0990e-04 | | lr=6.25e-05
Epoch 164 | train_loss=2.4885e-04 | train_eval_loss=2.4965e-04 | val_loss=3.1385e-04 | | lr=6.25e-05
Epoch 165 | train_loss=2.5318e-04 | train_eval_loss=2.4432e-04 | val_loss=3.0572e-04 | | lr=6.25e-05
Saved best model to results/thesis_model_results/outputs/mtlsh_embeddability_tradeoff/MTLSH__mse__minmax__seed42__model_head_sizes128_64__model_shared_sizes128/mtlsh_state_dict_best.pt
Epoch 166 | train_loss=2.5252e-04 | train_eval_loss=2.5586e-04 | val_loss=3.1673e-04 | | lr=6.25e-05
Epoch 167 | train_loss=2.5063e-04 | train_eval_loss=2.4670e-04 | val_loss=3.1215e-04 | | lr=6.25e-05
Epoch 168 | train_loss=2.5152e-04 | train_eval_loss=2.4356e-04 | val_loss=3.0612e-04 | | lr=6.25e-05
Epoch 169 | train_loss=2.4919e-04 | train_eval_loss=2.4725e-04 | val_loss=3.1023e-04 | | lr=6.25e-05
Epoch 170 | train_loss=2.4957e-04 | train_eval_loss=2.4697e-04 | val_loss=3.0625e-04 | | lr=6.25e-05
Epoch 171 | train_loss=2.4886e-04 | train_eval_loss=2.4287e-04 | val_loss=3.0453e-04 | | lr=6.25e-05
Saved best model to results/thesis_model_results/outputs/mtlsh_embeddability_tradeoff/MTLSH__mse__minmax__seed42__model_head_sizes128_64__model_shared_sizes128/mtlsh_state_dict_best.pt
Epoch 172 | train_loss=2.5133e-04 | train_eval_loss=2.5792e-04 | val_loss=3.2009e-04 | | lr=6.25e-05
Epoch 173 | train_loss=2.5027e-04 | train_eval_loss=2.4173e-04 | val_loss=3.0538e-04 | | lr=6.25e-05
Epoch 174 | train_loss=2.4871e-04 | train_eval_loss=2.6159e-04 | val_loss=3.2487e-04 | | lr=6.25e-05
Epoch 175 | train_loss=2.5254e-04 | train_eval_loss=2.4873e-04 | val_loss=3.1180e-04 | | lr=6.25e-05
Epoch 176 | train_loss=2.5002e-04 | train_eval_loss=2.4087e-04 | val_loss=3.0638e-04 | | lr=6.25e-05
Epoch 177 | train_loss=2.4651e-04 | train_eval_loss=2.4808e-04 | val_loss=3.1228e-04 | | lr=6.25e-05
Epoch 178 | train_loss=2.4674e-04 | train_eval_loss=2.4099e-04 | val_loss=3.0313e-04 | | lr=6.25e-05
Saved best model to results/thesis_model_results/outputs/mtlsh_embeddability_tradeoff/MTLSH__mse__minmax__seed42__model_head_sizes128_64__model_shared_sizes128/mtlsh_state_dict_best.pt
Epoch 179 | train_loss=2.4827e-04 | train_eval_loss=2.4282e-04 | val_loss=3.0684e-04 | | lr=6.25e-05
Epoch 180 | train_loss=2.4749e-04 | train_eval_loss=2.4620e-04 | val_loss=3.1192e-04 | | lr=6.25e-05
Epoch 181 | train_loss=2.4731e-04 | train_eval_loss=2.4089e-04 | val_loss=3.0590e-04 | | lr=6.25e-05
Epoch 182 | train_loss=2.4885e-04 | train_eval_loss=2.4208e-04 | val_loss=3.0320e-04 | | lr=6.25e-05
Epoch 183 | train_loss=2.4621e-04 | train_eval_loss=2.4302e-04 | val_loss=3.0874e-04 | | lr=6.25e-05
Epoch 184 | train_loss=2.4636e-04 | train_eval_loss=2.5036e-04 | val_loss=3.1358e-04 | | lr=6.25e-05
Epoch 185 | train_loss=2.4564e-04 | train_eval_loss=2.4061e-04 | val_loss=3.0473e-04 | | lr=6.25e-05
Epoch 186 | train_loss=2.4570e-04 | train_eval_loss=2.5204e-04 | val_loss=3.1337e-04 | | lr=6.25e-05
Epoch 187 | train_loss=2.4570e-04 | train_eval_loss=2.4279e-04 | val_loss=3.0894e-04 | | lr=6.25e-05
Epoch 188 | train_loss=2.3988e-04 | train_eval_loss=2.3599e-04 | val_loss=3.0201e-04 | | lr=3.13e-05
Saved best model to results/thesis_model_results/outputs/mtlsh_embeddability_tradeoff/MTLSH__mse__minmax__seed42__model_head_sizes128_64__model_shared_sizes128/mtlsh_state_dict_best.pt
Epoch 189 | train_loss=2.3726e-04 | train_eval_loss=2.3508e-04 | val_loss=3.0213e-04 | | lr=3.13e-05
Epoch 190 | train_loss=2.3803e-04 | train_eval_loss=2.3534e-04 | val_loss=3.0199e-04 | | lr=3.13e-05
Saved best model to results/thesis_model_results/outputs/mtlsh_embeddability_tradeoff/MTLSH__mse__minmax__seed42__model_head_sizes128_64__model_shared_sizes128/mtlsh_state_dict_best.pt
Epoch 191 | train_loss=2.3693e-04 | train_eval_loss=2.3708e-04 | val_loss=3.0416e-04 | | lr=3.13e-05
Epoch 192 | train_loss=2.3722e-04 | train_eval_loss=2.3739e-04 | val_loss=3.0073e-04 | | lr=3.13e-05
Saved best model to results/thesis_model_results/outputs/mtlsh_embeddability_tradeoff/MTLSH__mse__minmax__seed42__model_head_sizes128_64__model_shared_sizes128/mtlsh_state_dict_best.pt
Epoch 193 | train_loss=2.3951e-04 | train_eval_loss=2.3686e-04 | val_loss=3.0172e-04 | | lr=3.13e-05
Epoch 194 | train_loss=2.3906e-04 | train_eval_loss=2.3668e-04 | val_loss=3.0276e-04 | | lr=3.13e-05
Epoch 195 | train_loss=2.3706e-04 | train_eval_loss=2.3498e-04 | val_loss=3.0120e-04 | | lr=3.13e-05
Epoch 196 | train_loss=2.3692e-04 | train_eval_loss=2.3414e-04 | val_loss=2.9973e-04 | | lr=3.13e-05
Saved best model to results/thesis_model_results/outputs/mtlsh_embeddability_tradeoff/MTLSH__mse__minmax__seed42__model_head_sizes128_64__model_shared_sizes128/mtlsh_state_dict_best.pt
Epoch 197 | train_loss=2.3721e-04 | train_eval_loss=2.3749e-04 | val_loss=3.0164e-04 | | lr=3.13e-05
Epoch 198 | train_loss=2.3728e-04 | train_eval_loss=2.3376e-04 | val_loss=3.0077e-04 | | lr=3.13e-05
Epoch 199 | train_loss=2.3557e-04 | train_eval_loss=2.3458e-04 | val_loss=3.0053e-04 | | lr=3.13e-05
Epoch 200 | train_loss=2.3664e-04 | train_eval_loss=2.3933e-04 | val_loss=3.0635e-04 | | lr=3.13e-05
Saved training logs to results/thesis_model_results/outputs/mtlsh_embeddability_tradeoff/MTLSH__mse__minmax__seed42__model_head_sizes128_64__model_shared_sizes128/training_summary.txt
Test RMSE(rocof_COI) = 0.0122 | norm: 0.0093 | real_diff: 0.0080
Test RMSE(dev_COI) = 0.0176 | norm: 0.0065 | real_diff: 0.0085
Test RMSE(Delta_P_IBR_1) = 0.1050 | norm: 0.0166 | real_diff: 0.0635
Test RMSE(Delta_P_IBR_2) = 0.0877 | norm: 0.0122 | real_diff: 0.0501
Test RMSE(Delta_P_IBR_3) = 0.1631 | norm: 0.0286 | real_diff: 0.0795
Test RMSE(Delta_P_IBR_4) = 0.1735 | norm: 0.0179 | real_diff: 0.1018
Saved RMSE results to results/thesis_model_results/outputs/mtlsh_embeddability_tradeoff/MTLSH__mse__minmax__seed42__model_head_sizes128_64__model_shared_sizes128/rmse_results.txt
Saved detailed metrics to results/thesis_model_results/outputs/mtlsh_embeddability_tradeoff/MTLSH__mse__minmax__seed42__model_head_sizes128_64__model_shared_sizes128/metrics_by_target.csv
Saved aggregate metrics to results/thesis_model_results/outputs/mtlsh_embeddability_tradeoff/MTLSH__mse__minmax__seed42__model_head_sizes128_64__model_shared_sizes128/metrics_summary.json
Saved loss curves to results/thesis_model_results/outputs/mtlsh_embeddability_tradeoff/MTLSH__mse__minmax__seed42__model_head_sizes128_64__model_shared_sizes128/loss_curve.png
Saved scatter plot results/thesis_model_results/outputs/mtlsh_embeddability_tradeoff/MTLSH__mse__minmax__seed42__model_head_sizes128_64__model_shared_sizes128/scatter_rocof_COI.png
Saved scatter plot results/thesis_model_results/outputs/mtlsh_embeddability_tradeoff/MTLSH__mse__minmax__seed42__model_head_sizes128_64__model_shared_sizes128/scatter_dev_COI.png
Saved scatter plot results/thesis_model_results/outputs/mtlsh_embeddability_tradeoff/MTLSH__mse__minmax__seed42__model_head_sizes128_64__model_shared_sizes128/scatter_Delta_P_IBR_1.png
Saved scatter plot results/thesis_model_results/outputs/mtlsh_embeddability_tradeoff/MTLSH__mse__minmax__seed42__model_head_sizes128_64__model_shared_sizes128/scatter_Delta_P_IBR_2.png
Saved scatter plot results/thesis_model_results/outputs/mtlsh_embeddability_tradeoff/MTLSH__mse__minmax__seed42__model_head_sizes128_64__model_shared_sizes128/scatter_Delta_P_IBR_3.png
Saved scatter plot results/thesis_model_results/outputs/mtlsh_embeddability_tradeoff/MTLSH__mse__minmax__seed42__model_head_sizes128_64__model_shared_sizes128/scatter_Delta_P_IBR_4.png
Saved model to results/thesis_model_results/outputs/mtlsh_embeddability_tradeoff/MTLSH__mse__minmax__seed42__model_head_sizes128_64__model_shared_sizes128/mtlsh_state_dict.pt
Loss type: mse | weights=[]
Target stats (scaled):
train mean=[0.549  0.589  0.492  0.4884 0.4785 0.4192]
train std=[0.1365 0.1371 0.1141 0.1063 0.1158 0.1138]
train q05=[0.3074 0.3979 0.3192 0.303  0.3347 0.2205]
train q95=[0.7933 0.8652 0.6719 0.6491 0.6927 0.6016]
val mean=[0.5473 0.5873 0.4922 0.4893 0.4798 0.4201]
val std=[0.1343 0.1348 0.1123 0.1072 0.1141 0.1112]
val q05=[0.3103 0.3982 0.3195 0.303  0.3376 0.2251]
val q95=[0.7886 0.8626 0.6731 0.6514 0.6918 0.5984]
val/train std ratio=[0.984  0.9828 0.9844 1.0084 0.9848 0.9772]
LR scheduler: ReduceLROnPlateau (factor=0.5, patience=8, min_lr=1e-07)
Epoch 001 | train_loss=3.3150e-02 | train_eval_loss=1.4176e-02 | val_loss=1.3804e-02 | | lr=1.00e-03
Saved best model to results/thesis_model_results/outputs/mtlsh_embeddability_tradeoff/MTLSH__mse__minmax__seed42__model_head_sizes32__model_shared_sizes128_64/mtlsh_state_dict_best.pt
Epoch 002 | train_loss=1.2329e-02 | train_eval_loss=8.4643e-03 | val_loss=8.2352e-03 | | lr=1.00e-03
Saved best model to results/thesis_model_results/outputs/mtlsh_embeddability_tradeoff/MTLSH__mse__minmax__seed42__model_head_sizes32__model_shared_sizes128_64/mtlsh_state_dict_best.pt
Epoch 003 | train_loss=4.9958e-03 | train_eval_loss=3.5763e-03 | val_loss=3.5238e-03 | | lr=1.00e-03
Saved best model to results/thesis_model_results/outputs/mtlsh_embeddability_tradeoff/MTLSH__mse__minmax__seed42__model_head_sizes32__model_shared_sizes128_64/mtlsh_state_dict_best.pt
Epoch 004 | train_loss=3.2994e-03 | train_eval_loss=3.0645e-03 | val_loss=3.0197e-03 | | lr=1.00e-03
Saved best model to results/thesis_model_results/outputs/mtlsh_embeddability_tradeoff/MTLSH__mse__minmax__seed42__model_head_sizes32__model_shared_sizes128_64/mtlsh_state_dict_best.pt
Epoch 005 | train_loss=2.8378e-03 | train_eval_loss=2.6586e-03 | val_loss=2.6295e-03 | | lr=1.00e-03
Saved best model to results/thesis_model_results/outputs/mtlsh_embeddability_tradeoff/MTLSH__mse__minmax__seed42__model_head_sizes32__model_shared_sizes128_64/mtlsh_state_dict_best.pt
Epoch 006 | train_loss=2.3350e-03 | train_eval_loss=2.1386e-03 | val_loss=2.1039e-03 | | lr=1.00e-03
Saved best model to results/thesis_model_results/outputs/mtlsh_embeddability_tradeoff/MTLSH__mse__minmax__seed42__model_head_sizes32__model_shared_sizes128_64/mtlsh_state_dict_best.pt
Epoch 007 | train_loss=2.0427e-03 | train_eval_loss=1.9243e-03 | val_loss=1.8883e-03 | | lr=1.00e-03
Saved best model to results/thesis_model_results/outputs/mtlsh_embeddability_tradeoff/MTLSH__mse__minmax__seed42__model_head_sizes32__model_shared_sizes128_64/mtlsh_state_dict_best.pt
Epoch 008 | train_loss=1.9073e-03 | train_eval_loss=1.8060e-03 | val_loss=1.7741e-03 | | lr=1.00e-03
Saved best model to results/thesis_model_results/outputs/mtlsh_embeddability_tradeoff/MTLSH__mse__minmax__seed42__model_head_sizes32__model_shared_sizes128_64/mtlsh_state_dict_best.pt
Epoch 009 | train_loss=1.7857e-03 | train_eval_loss=1.7365e-03 | val_loss=1.7078e-03 | | lr=1.00e-03
Saved best model to results/thesis_model_results/outputs/mtlsh_embeddability_tradeoff/MTLSH__mse__minmax__seed42__model_head_sizes32__model_shared_sizes128_64/mtlsh_state_dict_best.pt
Epoch 010 | train_loss=1.7559e-03 | train_eval_loss=1.7620e-03 | val_loss=1.7330e-03 | | lr=1.00e-03
Epoch 011 | train_loss=1.6402e-03 | train_eval_loss=1.5731e-03 | val_loss=1.5485e-03 | | lr=1.00e-03
Saved best model to results/thesis_model_results/outputs/mtlsh_embeddability_tradeoff/MTLSH__mse__minmax__seed42__model_head_sizes32__model_shared_sizes128_64/mtlsh_state_dict_best.pt
Epoch 012 | train_loss=1.5879e-03 | train_eval_loss=1.5446e-03 | val_loss=1.5172e-03 | | lr=1.00e-03
Saved best model to results/thesis_model_results/outputs/mtlsh_embeddability_tradeoff/MTLSH__mse__minmax__seed42__model_head_sizes32__model_shared_sizes128_64/mtlsh_state_dict_best.pt
Epoch 013 | train_loss=1.5413e-03 | train_eval_loss=1.4780e-03 | val_loss=1.4551e-03 | | lr=1.00e-03
Saved best model to results/thesis_model_results/outputs/mtlsh_embeddability_tradeoff/MTLSH__mse__minmax__seed42__model_head_sizes32__model_shared_sizes128_64/mtlsh_state_dict_best.pt
Epoch 014 | train_loss=1.4988e-03 | train_eval_loss=1.4314e-03 | val_loss=1.4054e-03 | | lr=1.00e-03
Saved best model to results/thesis_model_results/outputs/mtlsh_embeddability_tradeoff/MTLSH__mse__minmax__seed42__model_head_sizes32__model_shared_sizes128_64/mtlsh_state_dict_best.pt
Epoch 015 | train_loss=1.4561e-03 | train_eval_loss=1.3845e-03 | val_loss=1.3657e-03 | | lr=1.00e-03
Saved best model to results/thesis_model_results/outputs/mtlsh_embeddability_tradeoff/MTLSH__mse__minmax__seed42__model_head_sizes32__model_shared_sizes128_64/mtlsh_state_dict_best.pt
Epoch 016 | train_loss=1.3968e-03 | train_eval_loss=1.4266e-03 | val_loss=1.4088e-03 | | lr=1.00e-03
Epoch 017 | train_loss=1.3790e-03 | train_eval_loss=1.3338e-03 | val_loss=1.3124e-03 | | lr=1.00e-03
Saved best model to results/thesis_model_results/outputs/mtlsh_embeddability_tradeoff/MTLSH__mse__minmax__seed42__model_head_sizes32__model_shared_sizes128_64/mtlsh_state_dict_best.pt
Epoch 018 | train_loss=1.3332e-03 | train_eval_loss=1.3093e-03 | val_loss=1.2899e-03 | | lr=1.00e-03
Saved best model to results/thesis_model_results/outputs/mtlsh_embeddability_tradeoff/MTLSH__mse__minmax__seed42__model_head_sizes32__model_shared_sizes128_64/mtlsh_state_dict_best.pt
Epoch 019 | train_loss=1.3020e-03 | train_eval_loss=1.3096e-03 | val_loss=1.2970e-03 | | lr=1.00e-03
Epoch 020 | train_loss=1.2983e-03 | train_eval_loss=1.2558e-03 | val_loss=1.2425e-03 | | lr=1.00e-03
Saved best model to results/thesis_model_results/outputs/mtlsh_embeddability_tradeoff/MTLSH__mse__minmax__seed42__model_head_sizes32__model_shared_sizes128_64/mtlsh_state_dict_best.pt
Epoch 021 | train_loss=1.2577e-03 | train_eval_loss=1.2178e-03 | val_loss=1.2057e-03 | | lr=1.00e-03
Saved best model to results/thesis_model_results/outputs/mtlsh_embeddability_tradeoff/MTLSH__mse__minmax__seed42__model_head_sizes32__model_shared_sizes128_64/mtlsh_state_dict_best.pt
Epoch 022 | train_loss=1.2244e-03 | train_eval_loss=1.2133e-03 | val_loss=1.2051e-03 | | lr=1.00e-03
Saved best model to results/thesis_model_results/outputs/mtlsh_embeddability_tradeoff/MTLSH__mse__minmax__seed42__model_head_sizes32__model_shared_sizes128_64/mtlsh_state_dict_best.pt
Epoch 023 | train_loss=1.2111e-03 | train_eval_loss=1.2676e-03 | val_loss=1.2585e-03 | | lr=1.00e-03
Epoch 024 | train_loss=1.1730e-03 | train_eval_loss=1.1814e-03 | val_loss=1.1709e-03 | | lr=1.00e-03
Saved best model to results/thesis_model_results/outputs/mtlsh_embeddability_tradeoff/MTLSH__mse__minmax__seed42__model_head_sizes32__model_shared_sizes128_64/mtlsh_state_dict_best.pt
Epoch 025 | train_loss=1.1697e-03 | train_eval_loss=1.1905e-03 | val_loss=1.1759e-03 | | lr=1.00e-03
Epoch 026 | train_loss=1.1399e-03 | train_eval_loss=1.0955e-03 | val_loss=1.0817e-03 | | lr=1.00e-03
Saved best model to results/thesis_model_results/outputs/mtlsh_embeddability_tradeoff/MTLSH__mse__minmax__seed42__model_head_sizes32__model_shared_sizes128_64/mtlsh_state_dict_best.pt
Epoch 027 | train_loss=1.1114e-03 | train_eval_loss=1.1014e-03 | val_loss=1.0849e-03 | | lr=1.00e-03
Epoch 028 | train_loss=1.1063e-03 | train_eval_loss=1.0552e-03 | val_loss=1.0446e-03 | | lr=1.00e-03
Saved best model to results/thesis_model_results/outputs/mtlsh_embeddability_tradeoff/MTLSH__mse__minmax__seed42__model_head_sizes32__model_shared_sizes128_64/mtlsh_state_dict_best.pt
Epoch 029 | train_loss=1.1192e-03 | train_eval_loss=1.0126e-03 | val_loss=1.0000e-03 | | lr=1.00e-03
Saved best model to results/thesis_model_results/outputs/mtlsh_embeddability_tradeoff/MTLSH__mse__minmax__seed42__model_head_sizes32__model_shared_sizes128_64/mtlsh_state_dict_best.pt
Epoch 030 | train_loss=1.0468e-03 | train_eval_loss=1.0215e-03 | val_loss=1.0058e-03 | | lr=1.00e-03
Epoch 031 | train_loss=1.0213e-03 | train_eval_loss=1.3362e-03 | val_loss=1.3225e-03 | | lr=1.00e-03
Epoch 032 | train_loss=1.0535e-03 | train_eval_loss=1.1266e-03 | val_loss=1.1123e-03 | | lr=1.00e-03
Epoch 033 | train_loss=1.0634e-03 | train_eval_loss=1.0195e-03 | val_loss=1.0059e-03 | | lr=1.00e-03
Epoch 034 | train_loss=9.9131e-04 | train_eval_loss=1.0132e-03 | val_loss=1.0054e-03 | | lr=1.00e-03
Epoch 035 | train_loss=9.9860e-04 | train_eval_loss=9.5654e-04 | val_loss=9.4420e-04 | | lr=1.00e-03
Saved best model to results/thesis_model_results/outputs/mtlsh_embeddability_tradeoff/MTLSH__mse__minmax__seed42__model_head_sizes32__model_shared_sizes128_64/mtlsh_state_dict_best.pt
Epoch 036 | train_loss=9.6501e-04 | train_eval_loss=9.5822e-04 | val_loss=9.4378e-04 | | lr=1.00e-03
Saved best model to results/thesis_model_results/outputs/mtlsh_embeddability_tradeoff/MTLSH__mse__minmax__seed42__model_head_sizes32__model_shared_sizes128_64/mtlsh_state_dict_best.pt
Epoch 037 | train_loss=9.6883e-04 | train_eval_loss=9.6657e-04 | val_loss=9.5128e-04 | | lr=1.00e-03
Epoch 038 | train_loss=9.4911e-04 | train_eval_loss=1.0490e-03 | val_loss=1.0376e-03 | | lr=1.00e-03
Epoch 039 | train_loss=9.7684e-04 | train_eval_loss=1.0211e-03 | val_loss=1.0120e-03 | | lr=1.00e-03
Epoch 040 | train_loss=9.3846e-04 | train_eval_loss=1.0136e-03 | val_loss=1.0002e-03 | | lr=1.00e-03
Epoch 041 | train_loss=9.4519e-04 | train_eval_loss=9.0281e-04 | val_loss=8.8700e-04 | | lr=1.00e-03
Saved best model to results/thesis_model_results/outputs/mtlsh_embeddability_tradeoff/MTLSH__mse__minmax__seed42__model_head_sizes32__model_shared_sizes128_64/mtlsh_state_dict_best.pt
Epoch 042 | train_loss=9.4187e-04 | train_eval_loss=8.5671e-04 | val_loss=8.4713e-04 | | lr=1.00e-03
Saved best model to results/thesis_model_results/outputs/mtlsh_embeddability_tradeoff/MTLSH__mse__minmax__seed42__model_head_sizes32__model_shared_sizes128_64/mtlsh_state_dict_best.pt
Epoch 043 | train_loss=9.2619e-04 | train_eval_loss=8.8553e-04 | val_loss=8.7313e-04 | | lr=1.00e-03
Epoch 044 | train_loss=8.9212e-04 | train_eval_loss=9.4788e-04 | val_loss=9.3526e-04 | | lr=1.00e-03
Epoch 045 | train_loss=8.9340e-04 | train_eval_loss=9.1341e-04 | val_loss=8.9861e-04 | | lr=1.00e-03
Epoch 046 | train_loss=9.0537e-04 | train_eval_loss=8.4005e-04 | val_loss=8.2828e-04 | | lr=1.00e-03
Saved best model to results/thesis_model_results/outputs/mtlsh_embeddability_tradeoff/MTLSH__mse__minmax__seed42__model_head_sizes32__model_shared_sizes128_64/mtlsh_state_dict_best.pt
Epoch 047 | train_loss=8.7233e-04 | train_eval_loss=8.6506e-04 | val_loss=8.5820e-04 | | lr=1.00e-03
Epoch 048 | train_loss=8.7786e-04 | train_eval_loss=8.5736e-04 | val_loss=8.4120e-04 | | lr=1.00e-03
Epoch 049 | train_loss=8.6338e-04 | train_eval_loss=8.2856e-04 | val_loss=8.2212e-04 | | lr=1.00e-03
Saved best model to results/thesis_model_results/outputs/mtlsh_embeddability_tradeoff/MTLSH__mse__minmax__seed42__model_head_sizes32__model_shared_sizes128_64/mtlsh_state_dict_best.pt
Epoch 050 | train_loss=8.2790e-04 | train_eval_loss=7.9593e-04 | val_loss=7.8750e-04 | | lr=1.00e-03
Saved best model to results/thesis_model_results/outputs/mtlsh_embeddability_tradeoff/MTLSH__mse__minmax__seed42__model_head_sizes32__model_shared_sizes128_64/mtlsh_state_dict_best.pt
Epoch 051 | train_loss=8.0412e-04 | train_eval_loss=7.8147e-04 | val_loss=7.7483e-04 | | lr=1.00e-03
Saved best model to results/thesis_model_results/outputs/mtlsh_embeddability_tradeoff/MTLSH__mse__minmax__seed42__model_head_sizes32__model_shared_sizes128_64/mtlsh_state_dict_best.pt
Epoch 052 | train_loss=8.0898e-04 | train_eval_loss=8.0145e-04 | val_loss=7.9297e-04 | | lr=1.00e-03
Epoch 053 | train_loss=8.4891e-04 | train_eval_loss=8.0131e-04 | val_loss=7.9024e-04 | | lr=1.00e-03
Epoch 054 | train_loss=8.0309e-04 | train_eval_loss=8.4699e-04 | val_loss=8.4112e-04 | | lr=1.00e-03
Epoch 055 | train_loss=8.0908e-04 | train_eval_loss=7.9422e-04 | val_loss=7.8562e-04 | | lr=1.00e-03
Epoch 056 | train_loss=7.8412e-04 | train_eval_loss=7.4685e-04 | val_loss=7.3823e-04 | | lr=1.00e-03
Saved best model to results/thesis_model_results/outputs/mtlsh_embeddability_tradeoff/MTLSH__mse__minmax__seed42__model_head_sizes32__model_shared_sizes128_64/mtlsh_state_dict_best.pt
Epoch 057 | train_loss=7.9073e-04 | train_eval_loss=7.6252e-04 | val_loss=7.5609e-04 | | lr=1.00e-03
Epoch 058 | train_loss=7.7866e-04 | train_eval_loss=7.8159e-04 | val_loss=7.7076e-04 | | lr=1.00e-03
Epoch 059 | train_loss=7.5790e-04 | train_eval_loss=7.8780e-04 | val_loss=7.7499e-04 | | lr=1.00e-03
Epoch 060 | train_loss=7.5630e-04 | train_eval_loss=7.4338e-04 | val_loss=7.3165e-04 | | lr=1.00e-03
Saved best model to results/thesis_model_results/outputs/mtlsh_embeddability_tradeoff/MTLSH__mse__minmax__seed42__model_head_sizes32__model_shared_sizes128_64/mtlsh_state_dict_best.pt
Epoch 061 | train_loss=7.8994e-04 | train_eval_loss=7.4103e-04 | val_loss=7.3183e-04 | | lr=1.00e-03
Epoch 062 | train_loss=7.3221e-04 | train_eval_loss=8.0101e-04 | val_loss=7.9898e-04 | | lr=1.00e-03
Epoch 063 | train_loss=7.6430e-04 | train_eval_loss=8.1740e-04 | val_loss=8.1008e-04 | | lr=1.00e-03
Epoch 064 | train_loss=7.6045e-04 | train_eval_loss=6.8480e-04 | val_loss=6.7928e-04 | | lr=1.00e-03
Saved best model to results/thesis_model_results/outputs/mtlsh_embeddability_tradeoff/MTLSH__mse__minmax__seed42__model_head_sizes32__model_shared_sizes128_64/mtlsh_state_dict_best.pt
Epoch 065 | train_loss=7.3453e-04 | train_eval_loss=7.2701e-04 | val_loss=7.2228e-04 | | lr=1.00e-03
Epoch 066 | train_loss=7.2265e-04 | train_eval_loss=7.0803e-04 | val_loss=7.0490e-04 | | lr=1.00e-03
Epoch 067 | train_loss=7.3380e-04 | train_eval_loss=7.5137e-04 | val_loss=7.4684e-04 | | lr=1.00e-03
Epoch 068 | train_loss=6.9461e-04 | train_eval_loss=7.3987e-04 | val_loss=7.3954e-04 | | lr=1.00e-03
Epoch 069 | train_loss=7.0457e-04 | train_eval_loss=7.5995e-04 | val_loss=7.5288e-04 | | lr=1.00e-03
Epoch 070 | train_loss=6.9849e-04 | train_eval_loss=8.2154e-04 | val_loss=8.2041e-04 | | lr=1.00e-03
Epoch 071 | train_loss=6.9597e-04 | train_eval_loss=6.9722e-04 | val_loss=6.9576e-04 | | lr=1.00e-03
Epoch 072 | train_loss=6.9033e-04 | train_eval_loss=6.8711e-04 | val_loss=6.8731e-04 | | lr=1.00e-03
Epoch 073 | train_loss=6.7488e-04 | train_eval_loss=6.6950e-04 | val_loss=6.6468e-04 | | lr=1.00e-03
Saved best model to results/thesis_model_results/outputs/mtlsh_embeddability_tradeoff/MTLSH__mse__minmax__seed42__model_head_sizes32__model_shared_sizes128_64/mtlsh_state_dict_best.pt
Epoch 074 | train_loss=6.8537e-04 | train_eval_loss=6.6116e-04 | val_loss=6.5477e-04 | | lr=1.00e-03
Saved best model to results/thesis_model_results/outputs/mtlsh_embeddability_tradeoff/MTLSH__mse__minmax__seed42__model_head_sizes32__model_shared_sizes128_64/mtlsh_state_dict_best.pt
Epoch 075 | train_loss=6.8820e-04 | train_eval_loss=1.0801e-03 | val_loss=1.0801e-03 | | lr=1.00e-03
Epoch 076 | train_loss=7.2710e-04 | train_eval_loss=6.3476e-04 | val_loss=6.2998e-04 | | lr=1.00e-03
Saved best model to results/thesis_model_results/outputs/mtlsh_embeddability_tradeoff/MTLSH__mse__minmax__seed42__model_head_sizes32__model_shared_sizes128_64/mtlsh_state_dict_best.pt
Epoch 077 | train_loss=6.8023e-04 | train_eval_loss=6.4683e-04 | val_loss=6.3982e-04 | | lr=1.00e-03
Epoch 078 | train_loss=6.5107e-04 | train_eval_loss=7.6742e-04 | val_loss=7.5607e-04 | | lr=1.00e-03
Epoch 079 | train_loss=6.8727e-04 | train_eval_loss=6.4704e-04 | val_loss=6.4594e-04 | | lr=1.00e-03
Epoch 080 | train_loss=6.8293e-04 | train_eval_loss=6.7724e-04 | val_loss=6.7673e-04 | | lr=1.00e-03
Epoch 081 | train_loss=7.1357e-04 | train_eval_loss=7.6801e-04 | val_loss=7.6936e-04 | | lr=1.00e-03
Epoch 082 | train_loss=6.4130e-04 | train_eval_loss=6.6390e-04 | val_loss=6.5874e-04 | | lr=1.00e-03
Epoch 083 | train_loss=6.4274e-04 | train_eval_loss=6.0365e-04 | val_loss=6.0595e-04 | | lr=1.00e-03
Saved best model to results/thesis_model_results/outputs/mtlsh_embeddability_tradeoff/MTLSH__mse__minmax__seed42__model_head_sizes32__model_shared_sizes128_64/mtlsh_state_dict_best.pt
Epoch 084 | train_loss=6.2511e-04 | train_eval_loss=6.5803e-04 | val_loss=6.5561e-04 | | lr=1.00e-03
Epoch 085 | train_loss=6.6760e-04 | train_eval_loss=6.9040e-04 | val_loss=6.9603e-04 | | lr=1.00e-03
Epoch 086 | train_loss=6.5516e-04 | train_eval_loss=7.0877e-04 | val_loss=7.1372e-04 | | lr=1.00e-03
Epoch 087 | train_loss=6.4072e-04 | train_eval_loss=6.1256e-04 | val_loss=6.1493e-04 | | lr=1.00e-03
Epoch 088 | train_loss=6.2661e-04 | train_eval_loss=5.7731e-04 | val_loss=5.7979e-04 | | lr=1.00e-03
Saved best model to results/thesis_model_results/outputs/mtlsh_embeddability_tradeoff/MTLSH__mse__minmax__seed42__model_head_sizes32__model_shared_sizes128_64/mtlsh_state_dict_best.pt
Epoch 089 | train_loss=6.2754e-04 | train_eval_loss=7.2268e-04 | val_loss=7.2295e-04 | | lr=1.00e-03
Epoch 090 | train_loss=6.5746e-04 | train_eval_loss=6.7821e-04 | val_loss=6.8996e-04 | | lr=1.00e-03
Epoch 091 | train_loss=6.8282e-04 | train_eval_loss=6.2161e-04 | val_loss=6.2541e-04 | | lr=1.00e-03
Epoch 092 | train_loss=6.1613e-04 | train_eval_loss=7.0181e-04 | val_loss=7.0044e-04 | | lr=1.00e-03
Epoch 093 | train_loss=6.4628e-04 | train_eval_loss=6.9187e-04 | val_loss=6.8799e-04 | | lr=1.00e-03
Epoch 094 | train_loss=6.0267e-04 | train_eval_loss=6.1025e-04 | val_loss=6.1288e-04 | | lr=1.00e-03
Epoch 095 | train_loss=6.1975e-04 | train_eval_loss=6.0268e-04 | val_loss=6.0131e-04 | | lr=1.00e-03
Epoch 096 | train_loss=6.1340e-04 | train_eval_loss=6.8461e-04 | val_loss=6.8877e-04 | | lr=1.00e-03
Epoch 097 | train_loss=6.3931e-04 | train_eval_loss=6.4340e-04 | val_loss=6.5164e-04 | | lr=1.00e-03
Epoch 098 | train_loss=5.5967e-04 | train_eval_loss=5.4666e-04 | val_loss=5.5065e-04 | | lr=5.00e-04
Saved best model to results/thesis_model_results/outputs/mtlsh_embeddability_tradeoff/MTLSH__mse__minmax__seed42__model_head_sizes32__model_shared_sizes128_64/mtlsh_state_dict_best.pt
Epoch 099 | train_loss=5.5002e-04 | train_eval_loss=5.3893e-04 | val_loss=5.4829e-04 | | lr=5.00e-04
Saved best model to results/thesis_model_results/outputs/mtlsh_embeddability_tradeoff/MTLSH__mse__minmax__seed42__model_head_sizes32__model_shared_sizes128_64/mtlsh_state_dict_best.pt
Epoch 100 | train_loss=5.4564e-04 | train_eval_loss=5.3499e-04 | val_loss=5.4630e-04 | | lr=5.00e-04
Saved best model to results/thesis_model_results/outputs/mtlsh_embeddability_tradeoff/MTLSH__mse__minmax__seed42__model_head_sizes32__model_shared_sizes128_64/mtlsh_state_dict_best.pt
Epoch 101 | train_loss=5.3708e-04 | train_eval_loss=5.3158e-04 | val_loss=5.3892e-04 | | lr=5.00e-04
Saved best model to results/thesis_model_results/outputs/mtlsh_embeddability_tradeoff/MTLSH__mse__minmax__seed42__model_head_sizes32__model_shared_sizes128_64/mtlsh_state_dict_best.pt
Epoch 102 | train_loss=5.3473e-04 | train_eval_loss=5.5616e-04 | val_loss=5.6077e-04 | | lr=5.00e-04
Epoch 103 | train_loss=5.4359e-04 | train_eval_loss=5.2526e-04 | val_loss=5.3519e-04 | | lr=5.00e-04
Saved best model to results/thesis_model_results/outputs/mtlsh_embeddability_tradeoff/MTLSH__mse__minmax__seed42__model_head_sizes32__model_shared_sizes128_64/mtlsh_state_dict_best.pt
Epoch 104 | train_loss=5.3784e-04 | train_eval_loss=5.5442e-04 | val_loss=5.6009e-04 | | lr=5.00e-04
Epoch 105 | train_loss=5.4052e-04 | train_eval_loss=5.2940e-04 | val_loss=5.3796e-04 | | lr=5.00e-04
Epoch 106 | train_loss=5.3669e-04 | train_eval_loss=5.2443e-04 | val_loss=5.3430e-04 | | lr=5.00e-04
Saved best model to results/thesis_model_results/outputs/mtlsh_embeddability_tradeoff/MTLSH__mse__minmax__seed42__model_head_sizes32__model_shared_sizes128_64/mtlsh_state_dict_best.pt
Epoch 107 | train_loss=5.4254e-04 | train_eval_loss=5.7976e-04 | val_loss=5.8480e-04 | | lr=5.00e-04
Epoch 108 | train_loss=5.4484e-04 | train_eval_loss=5.3793e-04 | val_loss=5.4832e-04 | | lr=5.00e-04
Epoch 109 | train_loss=5.3597e-04 | train_eval_loss=6.0629e-04 | val_loss=6.1764e-04 | | lr=5.00e-04
Epoch 110 | train_loss=5.3756e-04 | train_eval_loss=5.2133e-04 | val_loss=5.2767e-04 | | lr=5.00e-04
Saved best model to results/thesis_model_results/outputs/mtlsh_embeddability_tradeoff/MTLSH__mse__minmax__seed42__model_head_sizes32__model_shared_sizes128_64/mtlsh_state_dict_best.pt
Epoch 111 | train_loss=5.2688e-04 | train_eval_loss=5.3003e-04 | val_loss=5.4021e-04 | | lr=5.00e-04
Epoch 112 | train_loss=5.3196e-04 | train_eval_loss=5.2302e-04 | val_loss=5.3618e-04 | | lr=5.00e-04
Epoch 113 | train_loss=5.2350e-04 | train_eval_loss=5.0546e-04 | val_loss=5.1344e-04 | | lr=5.00e-04
Saved best model to results/thesis_model_results/outputs/mtlsh_embeddability_tradeoff/MTLSH__mse__minmax__seed42__model_head_sizes32__model_shared_sizes128_64/mtlsh_state_dict_best.pt
Epoch 114 | train_loss=5.2316e-04 | train_eval_loss=5.6351e-04 | val_loss=5.7550e-04 | | lr=5.00e-04
Epoch 115 | train_loss=5.3912e-04 | train_eval_loss=5.2386e-04 | val_loss=5.3612e-04 | | lr=5.00e-04
Epoch 116 | train_loss=5.2605e-04 | train_eval_loss=5.1927e-04 | val_loss=5.2896e-04 | | lr=5.00e-04
Epoch 117 | train_loss=5.3813e-04 | train_eval_loss=5.2716e-04 | val_loss=5.3751e-04 | | lr=5.00e-04
Epoch 118 | train_loss=5.3912e-04 | train_eval_loss=5.2094e-04 | val_loss=5.2816e-04 | | lr=5.00e-04
Epoch 119 | train_loss=5.3489e-04 | train_eval_loss=5.2432e-04 | val_loss=5.3071e-04 | | lr=5.00e-04
Epoch 120 | train_loss=5.2775e-04 | train_eval_loss=5.2086e-04 | val_loss=5.2345e-04 | | lr=5.00e-04
Epoch 121 | train_loss=5.2079e-04 | train_eval_loss=5.1658e-04 | val_loss=5.2727e-04 | | lr=5.00e-04
Epoch 122 | train_loss=5.0748e-04 | train_eval_loss=5.1450e-04 | val_loss=5.2438e-04 | | lr=5.00e-04
Epoch 123 | train_loss=4.9148e-04 | train_eval_loss=4.9085e-04 | val_loss=5.0160e-04 | | lr=2.50e-04
Saved best model to results/thesis_model_results/outputs/mtlsh_embeddability_tradeoff/MTLSH__mse__minmax__seed42__model_head_sizes32__model_shared_sizes128_64/mtlsh_state_dict_best.pt
Epoch 124 | train_loss=4.8833e-04 | train_eval_loss=4.9160e-04 | val_loss=5.0149e-04 | | lr=2.50e-04
Saved best model to results/thesis_model_results/outputs/mtlsh_embeddability_tradeoff/MTLSH__mse__minmax__seed42__model_head_sizes32__model_shared_sizes128_64/mtlsh_state_dict_best.pt
Epoch 125 | train_loss=4.8635e-04 | train_eval_loss=4.8909e-04 | val_loss=4.9964e-04 | | lr=2.50e-04
Saved best model to results/thesis_model_results/outputs/mtlsh_embeddability_tradeoff/MTLSH__mse__minmax__seed42__model_head_sizes32__model_shared_sizes128_64/mtlsh_state_dict_best.pt
Epoch 126 | train_loss=4.9083e-04 | train_eval_loss=4.8853e-04 | val_loss=4.9998e-04 | | lr=2.50e-04
Epoch 127 | train_loss=4.8452e-04 | train_eval_loss=4.8444e-04 | val_loss=4.9361e-04 | | lr=2.50e-04
Saved best model to results/thesis_model_results/outputs/mtlsh_embeddability_tradeoff/MTLSH__mse__minmax__seed42__model_head_sizes32__model_shared_sizes128_64/mtlsh_state_dict_best.pt
Epoch 128 | train_loss=4.8736e-04 | train_eval_loss=4.8629e-04 | val_loss=4.9682e-04 | | lr=2.50e-04
Epoch 129 | train_loss=4.8463e-04 | train_eval_loss=4.7854e-04 | val_loss=4.9241e-04 | | lr=2.50e-04
Saved best model to results/thesis_model_results/outputs/mtlsh_embeddability_tradeoff/MTLSH__mse__minmax__seed42__model_head_sizes32__model_shared_sizes128_64/mtlsh_state_dict_best.pt
Epoch 130 | train_loss=4.8444e-04 | train_eval_loss=4.7956e-04 | val_loss=4.9190e-04 | | lr=2.50e-04
Saved best model to results/thesis_model_results/outputs/mtlsh_embeddability_tradeoff/MTLSH__mse__minmax__seed42__model_head_sizes32__model_shared_sizes128_64/mtlsh_state_dict_best.pt
Epoch 131 | train_loss=4.8390e-04 | train_eval_loss=4.7634e-04 | val_loss=4.8867e-04 | | lr=2.50e-04
Saved best model to results/thesis_model_results/outputs/mtlsh_embeddability_tradeoff/MTLSH__mse__minmax__seed42__model_head_sizes32__model_shared_sizes128_64/mtlsh_state_dict_best.pt
Epoch 132 | train_loss=4.8623e-04 | train_eval_loss=4.9056e-04 | val_loss=5.0480e-04 | | lr=2.50e-04
Epoch 133 | train_loss=4.8152e-04 | train_eval_loss=4.7735e-04 | val_loss=4.8858e-04 | | lr=2.50e-04
Saved best model to results/thesis_model_results/outputs/mtlsh_embeddability_tradeoff/MTLSH__mse__minmax__seed42__model_head_sizes32__model_shared_sizes128_64/mtlsh_state_dict_best.pt
Epoch 134 | train_loss=4.7843e-04 | train_eval_loss=4.6875e-04 | val_loss=4.8088e-04 | | lr=2.50e-04
Saved best model to results/thesis_model_results/outputs/mtlsh_embeddability_tradeoff/MTLSH__mse__minmax__seed42__model_head_sizes32__model_shared_sizes128_64/mtlsh_state_dict_best.pt
Epoch 135 | train_loss=4.7923e-04 | train_eval_loss=4.8869e-04 | val_loss=4.9854e-04 | | lr=2.50e-04
Epoch 136 | train_loss=4.8068e-04 | train_eval_loss=5.0048e-04 | val_loss=5.1192e-04 | | lr=2.50e-04
Epoch 137 | train_loss=4.8807e-04 | train_eval_loss=4.9091e-04 | val_loss=5.0360e-04 | | lr=2.50e-04
Epoch 138 | train_loss=4.7699e-04 | train_eval_loss=4.7470e-04 | val_loss=4.8475e-04 | | lr=2.50e-04
Epoch 139 | train_loss=4.8337e-04 | train_eval_loss=4.7204e-04 | val_loss=4.8825e-04 | | lr=2.50e-04
Epoch 140 | train_loss=4.7545e-04 | train_eval_loss=4.6932e-04 | val_loss=4.8364e-04 | | lr=2.50e-04
Epoch 141 | train_loss=4.8295e-04 | train_eval_loss=4.6857e-04 | val_loss=4.8665e-04 | | lr=2.50e-04
Epoch 142 | train_loss=4.8042e-04 | train_eval_loss=4.7503e-04 | val_loss=4.9014e-04 | | lr=2.50e-04
Epoch 143 | train_loss=4.8612e-04 | train_eval_loss=4.6496e-04 | val_loss=4.7926e-04 | | lr=2.50e-04
Saved best model to results/thesis_model_results/outputs/mtlsh_embeddability_tradeoff/MTLSH__mse__minmax__seed42__model_head_sizes32__model_shared_sizes128_64/mtlsh_state_dict_best.pt
Epoch 144 | train_loss=4.7488e-04 | train_eval_loss=4.6769e-04 | val_loss=4.7991e-04 | | lr=2.50e-04
Epoch 145 | train_loss=4.7220e-04 | train_eval_loss=4.6715e-04 | val_loss=4.8014e-04 | | lr=2.50e-04
Epoch 146 | train_loss=4.7830e-04 | train_eval_loss=4.6566e-04 | val_loss=4.7870e-04 | | lr=2.50e-04
Saved best model to results/thesis_model_results/outputs/mtlsh_embeddability_tradeoff/MTLSH__mse__minmax__seed42__model_head_sizes32__model_shared_sizes128_64/mtlsh_state_dict_best.pt
Epoch 147 | train_loss=4.7383e-04 | train_eval_loss=4.8724e-04 | val_loss=5.0452e-04 | | lr=2.50e-04
Epoch 148 | train_loss=4.8340e-04 | train_eval_loss=4.6821e-04 | val_loss=4.8090e-04 | | lr=2.50e-04
Epoch 149 | train_loss=4.7076e-04 | train_eval_loss=4.8301e-04 | val_loss=4.9491e-04 | | lr=2.50e-04
Epoch 150 | train_loss=4.7650e-04 | train_eval_loss=4.7505e-04 | val_loss=4.8862e-04 | | lr=2.50e-04
Epoch 151 | train_loss=4.7829e-04 | train_eval_loss=4.5888e-04 | val_loss=4.7086e-04 | | lr=2.50e-04
Saved best model to results/thesis_model_results/outputs/mtlsh_embeddability_tradeoff/MTLSH__mse__minmax__seed42__model_head_sizes32__model_shared_sizes128_64/mtlsh_state_dict_best.pt
Epoch 152 | train_loss=4.6945e-04 | train_eval_loss=4.8157e-04 | val_loss=4.9717e-04 | | lr=2.50e-04
Epoch 153 | train_loss=4.7467e-04 | train_eval_loss=4.8857e-04 | val_loss=5.0434e-04 | | lr=2.50e-04
Epoch 154 | train_loss=4.7352e-04 | train_eval_loss=4.7739e-04 | val_loss=4.9250e-04 | | lr=2.50e-04
Epoch 155 | train_loss=4.6955e-04 | train_eval_loss=4.9745e-04 | val_loss=5.0758e-04 | | lr=2.50e-04
Epoch 156 | train_loss=4.7169e-04 | train_eval_loss=4.7329e-04 | val_loss=4.8657e-04 | | lr=2.50e-04
Epoch 157 | train_loss=4.6775e-04 | train_eval_loss=4.6372e-04 | val_loss=4.7654e-04 | | lr=2.50e-04
Epoch 158 | train_loss=4.6833e-04 | train_eval_loss=4.5062e-04 | val_loss=4.6868e-04 | | lr=2.50e-04
Saved best model to results/thesis_model_results/outputs/mtlsh_embeddability_tradeoff/MTLSH__mse__minmax__seed42__model_head_sizes32__model_shared_sizes128_64/mtlsh_state_dict_best.pt
Epoch 159 | train_loss=4.6547e-04 | train_eval_loss=4.6152e-04 | val_loss=4.7410e-04 | | lr=2.50e-04
Epoch 160 | train_loss=4.6069e-04 | train_eval_loss=4.8747e-04 | val_loss=5.0725e-04 | | lr=2.50e-04
Epoch 161 | train_loss=4.6657e-04 | train_eval_loss=4.9874e-04 | val_loss=5.1782e-04 | | lr=2.50e-04
Epoch 162 | train_loss=4.6125e-04 | train_eval_loss=4.5830e-04 | val_loss=4.7187e-04 | | lr=2.50e-04
Epoch 163 | train_loss=4.6151e-04 | train_eval_loss=4.6459e-04 | val_loss=4.7891e-04 | | lr=2.50e-04
Epoch 164 | train_loss=4.6829e-04 | train_eval_loss=4.6216e-04 | val_loss=4.7525e-04 | | lr=2.50e-04
Epoch 165 | train_loss=4.6721e-04 | train_eval_loss=4.7727e-04 | val_loss=4.9686e-04 | | lr=2.50e-04
Epoch 166 | train_loss=4.7145e-04 | train_eval_loss=4.5259e-04 | val_loss=4.6668e-04 | | lr=2.50e-04
Saved best model to results/thesis_model_results/outputs/mtlsh_embeddability_tradeoff/MTLSH__mse__minmax__seed42__model_head_sizes32__model_shared_sizes128_64/mtlsh_state_dict_best.pt
Epoch 167 | train_loss=4.5755e-04 | train_eval_loss=4.5622e-04 | val_loss=4.7149e-04 | | lr=2.50e-04
Epoch 168 | train_loss=4.5812e-04 | train_eval_loss=4.5170e-04 | val_loss=4.6779e-04 | | lr=2.50e-04
Epoch 169 | train_loss=4.5934e-04 | train_eval_loss=4.4711e-04 | val_loss=4.6187e-04 | | lr=2.50e-04
Saved best model to results/thesis_model_results/outputs/mtlsh_embeddability_tradeoff/MTLSH__mse__minmax__seed42__model_head_sizes32__model_shared_sizes128_64/mtlsh_state_dict_best.pt
Epoch 170 | train_loss=4.5859e-04 | train_eval_loss=5.0375e-04 | val_loss=5.1956e-04 | | lr=2.50e-04
Epoch 171 | train_loss=4.6285e-04 | train_eval_loss=5.1320e-04 | val_loss=5.2797e-04 | | lr=2.50e-04
Epoch 172 | train_loss=4.5591e-04 | train_eval_loss=4.4241e-04 | val_loss=4.6201e-04 | | lr=2.50e-04
Epoch 173 | train_loss=4.5724e-04 | train_eval_loss=4.4707e-04 | val_loss=4.6439e-04 | | lr=2.50e-04
Epoch 174 | train_loss=4.5483e-04 | train_eval_loss=4.4748e-04 | val_loss=4.6419e-04 | | lr=2.50e-04
Epoch 175 | train_loss=4.5367e-04 | train_eval_loss=4.3958e-04 | val_loss=4.5707e-04 | | lr=2.50e-04
Saved best model to results/thesis_model_results/outputs/mtlsh_embeddability_tradeoff/MTLSH__mse__minmax__seed42__model_head_sizes32__model_shared_sizes128_64/mtlsh_state_dict_best.pt
Epoch 176 | train_loss=4.4764e-04 | train_eval_loss=4.7279e-04 | val_loss=4.8838e-04 | | lr=2.50e-04
Epoch 177 | train_loss=4.5452e-04 | train_eval_loss=4.5378e-04 | val_loss=4.6936e-04 | | lr=2.50e-04
Epoch 178 | train_loss=4.5748e-04 | train_eval_loss=4.4857e-04 | val_loss=4.6599e-04 | | lr=2.50e-04
Epoch 179 | train_loss=4.4888e-04 | train_eval_loss=4.4257e-04 | val_loss=4.6157e-04 | | lr=2.50e-04
Epoch 180 | train_loss=4.6244e-04 | train_eval_loss=4.4576e-04 | val_loss=4.6499e-04 | | lr=2.50e-04
Epoch 181 | train_loss=4.5578e-04 | train_eval_loss=4.5441e-04 | val_loss=4.7311e-04 | | lr=2.50e-04
Epoch 182 | train_loss=4.5465e-04 | train_eval_loss=4.6205e-04 | val_loss=4.8249e-04 | | lr=2.50e-04
Epoch 183 | train_loss=4.6163e-04 | train_eval_loss=4.6160e-04 | val_loss=4.7948e-04 | | lr=2.50e-04
Epoch 184 | train_loss=4.5213e-04 | train_eval_loss=4.4198e-04 | val_loss=4.5983e-04 | | lr=2.50e-04
Epoch 185 | train_loss=4.3174e-04 | train_eval_loss=4.2930e-04 | val_loss=4.4734e-04 | | lr=1.25e-04
Saved best model to results/thesis_model_results/outputs/mtlsh_embeddability_tradeoff/MTLSH__mse__minmax__seed42__model_head_sizes32__model_shared_sizes128_64/mtlsh_state_dict_best.pt
Epoch 186 | train_loss=4.2958e-04 | train_eval_loss=4.2582e-04 | val_loss=4.4445e-04 | | lr=1.25e-04
Saved best model to results/thesis_model_results/outputs/mtlsh_embeddability_tradeoff/MTLSH__mse__minmax__seed42__model_head_sizes32__model_shared_sizes128_64/mtlsh_state_dict_best.pt
Epoch 187 | train_loss=4.2866e-04 | train_eval_loss=4.2887e-04 | val_loss=4.5046e-04 | | lr=1.25e-04
Epoch 188 | train_loss=4.2873e-04 | train_eval_loss=4.3391e-04 | val_loss=4.5439e-04 | | lr=1.25e-04
Epoch 189 | train_loss=4.3077e-04 | train_eval_loss=4.2859e-04 | val_loss=4.4927e-04 | | lr=1.25e-04
Epoch 190 | train_loss=4.2988e-04 | train_eval_loss=4.2470e-04 | val_loss=4.4278e-04 | | lr=1.25e-04
Saved best model to results/thesis_model_results/outputs/mtlsh_embeddability_tradeoff/MTLSH__mse__minmax__seed42__model_head_sizes32__model_shared_sizes128_64/mtlsh_state_dict_best.pt
Epoch 191 | train_loss=4.3353e-04 | train_eval_loss=4.2993e-04 | val_loss=4.4982e-04 | | lr=1.25e-04
Epoch 192 | train_loss=4.3205e-04 | train_eval_loss=4.2830e-04 | val_loss=4.4739e-04 | | lr=1.25e-04
Epoch 193 | train_loss=4.3105e-04 | train_eval_loss=4.2548e-04 | val_loss=4.4365e-04 | | lr=1.25e-04
Epoch 194 | train_loss=4.2805e-04 | train_eval_loss=4.2072e-04 | val_loss=4.4022e-04 | | lr=1.25e-04
Saved best model to results/thesis_model_results/outputs/mtlsh_embeddability_tradeoff/MTLSH__mse__minmax__seed42__model_head_sizes32__model_shared_sizes128_64/mtlsh_state_dict_best.pt
Epoch 195 | train_loss=4.2535e-04 | train_eval_loss=4.3640e-04 | val_loss=4.5516e-04 | | lr=1.25e-04
Epoch 196 | train_loss=4.2917e-04 | train_eval_loss=4.2258e-04 | val_loss=4.4290e-04 | | lr=1.25e-04
Epoch 197 | train_loss=4.2704e-04 | train_eval_loss=4.2791e-04 | val_loss=4.4792e-04 | | lr=1.25e-04
Epoch 198 | train_loss=4.2914e-04 | train_eval_loss=4.2885e-04 | val_loss=4.4905e-04 | | lr=1.25e-04
Epoch 199 | train_loss=4.2889e-04 | train_eval_loss=4.3563e-04 | val_loss=4.5577e-04 | | lr=1.25e-04
Epoch 200 | train_loss=4.2634e-04 | train_eval_loss=4.2418e-04 | val_loss=4.4491e-04 | | lr=1.25e-04
Saved training logs to results/thesis_model_results/outputs/mtlsh_embeddability_tradeoff/MTLSH__mse__minmax__seed42__model_head_sizes32__model_shared_sizes128_64/training_summary.txt
Test RMSE(rocof_COI) = 0.0151 | norm: 0.0115 | real_diff: 0.0107
Test RMSE(dev_COI) = 0.0269 | norm: 0.0100 | real_diff: 0.0149
Test RMSE(Delta_P_IBR_1) = 0.1359 | norm: 0.0215 | real_diff: 0.0954
Test RMSE(Delta_P_IBR_2) = 0.1200 | norm: 0.0167 | real_diff: 0.0668
Test RMSE(Delta_P_IBR_3) = 0.1934 | norm: 0.0340 | real_diff: 0.1083
Test RMSE(Delta_P_IBR_4) = 0.2088 | norm: 0.0216 | real_diff: 0.1390
Saved RMSE results to results/thesis_model_results/outputs/mtlsh_embeddability_tradeoff/MTLSH__mse__minmax__seed42__model_head_sizes32__model_shared_sizes128_64/rmse_results.txt
Saved detailed metrics to results/thesis_model_results/outputs/mtlsh_embeddability_tradeoff/MTLSH__mse__minmax__seed42__model_head_sizes32__model_shared_sizes128_64/metrics_by_target.csv
Saved aggregate metrics to results/thesis_model_results/outputs/mtlsh_embeddability_tradeoff/MTLSH__mse__minmax__seed42__model_head_sizes32__model_shared_sizes128_64/metrics_summary.json
Saved loss curves to results/thesis_model_results/outputs/mtlsh_embeddability_tradeoff/MTLSH__mse__minmax__seed42__model_head_sizes32__model_shared_sizes128_64/loss_curve.png
Saved scatter plot results/thesis_model_results/outputs/mtlsh_embeddability_tradeoff/MTLSH__mse__minmax__seed42__model_head_sizes32__model_shared_sizes128_64/scatter_rocof_COI.png
Saved scatter plot results/thesis_model_results/outputs/mtlsh_embeddability_tradeoff/MTLSH__mse__minmax__seed42__model_head_sizes32__model_shared_sizes128_64/scatter_dev_COI.png
Saved scatter plot results/thesis_model_results/outputs/mtlsh_embeddability_tradeoff/MTLSH__mse__minmax__seed42__model_head_sizes32__model_shared_sizes128_64/scatter_Delta_P_IBR_1.png
Saved scatter plot results/thesis_model_results/outputs/mtlsh_embeddability_tradeoff/MTLSH__mse__minmax__seed42__model_head_sizes32__model_shared_sizes128_64/scatter_Delta_P_IBR_2.png
Saved scatter plot results/thesis_model_results/outputs/mtlsh_embeddability_tradeoff/MTLSH__mse__minmax__seed42__model_head_sizes32__model_shared_sizes128_64/scatter_Delta_P_IBR_3.png
Saved scatter plot results/thesis_model_results/outputs/mtlsh_embeddability_tradeoff/MTLSH__mse__minmax__seed42__model_head_sizes32__model_shared_sizes128_64/scatter_Delta_P_IBR_4.png
Saved model to results/thesis_model_results/outputs/mtlsh_embeddability_tradeoff/MTLSH__mse__minmax__seed42__model_head_sizes32__model_shared_sizes128_64/mtlsh_state_dict.pt
Loss type: mse | weights=[]
Target stats (scaled):
train mean=[0.549  0.589  0.492  0.4884 0.4785 0.4192]
train std=[0.1365 0.1371 0.1141 0.1063 0.1158 0.1138]
train q05=[0.3074 0.3979 0.3192 0.303  0.3347 0.2205]
train q95=[0.7933 0.8652 0.6719 0.6491 0.6927 0.6016]
val mean=[0.5473 0.5873 0.4922 0.4893 0.4798 0.4201]
val std=[0.1343 0.1348 0.1123 0.1072 0.1141 0.1112]
val q05=[0.3103 0.3982 0.3195 0.303  0.3376 0.2251]
val q95=[0.7886 0.8626 0.6731 0.6514 0.6918 0.5984]
val/train std ratio=[0.984  0.9828 0.9844 1.0084 0.9848 0.9772]
LR scheduler: ReduceLROnPlateau (factor=0.5, patience=8, min_lr=1e-07)
Epoch 001 | train_loss=3.8003e-02 | train_eval_loss=1.4592e-02 | val_loss=1.4175e-02 | | lr=1.00e-03
Saved best model to results/thesis_model_results/outputs/mtlsh_embeddability_tradeoff/MTLSH__mse__minmax__seed42__model_head_sizes64__model_shared_sizes128_64/mtlsh_state_dict_best.pt
Epoch 002 | train_loss=1.4222e-02 | train_eval_loss=1.3539e-02 | val_loss=1.3177e-02 | | lr=1.00e-03
Saved best model to results/thesis_model_results/outputs/mtlsh_embeddability_tradeoff/MTLSH__mse__minmax__seed42__model_head_sizes64__model_shared_sizes128_64/mtlsh_state_dict_best.pt
Epoch 003 | train_loss=1.0149e-02 | train_eval_loss=4.6945e-03 | val_loss=4.6248e-03 | | lr=1.00e-03
Saved best model to results/thesis_model_results/outputs/mtlsh_embeddability_tradeoff/MTLSH__mse__minmax__seed42__model_head_sizes64__model_shared_sizes128_64/mtlsh_state_dict_best.pt
Epoch 004 | train_loss=3.7356e-03 | train_eval_loss=3.3991e-03 | val_loss=3.3420e-03 | | lr=1.00e-03
Saved best model to results/thesis_model_results/outputs/mtlsh_embeddability_tradeoff/MTLSH__mse__minmax__seed42__model_head_sizes64__model_shared_sizes128_64/mtlsh_state_dict_best.pt
Epoch 005 | train_loss=3.1564e-03 | train_eval_loss=2.8820e-03 | val_loss=2.8252e-03 | | lr=1.00e-03
Saved best model to results/thesis_model_results/outputs/mtlsh_embeddability_tradeoff/MTLSH__mse__minmax__seed42__model_head_sizes64__model_shared_sizes128_64/mtlsh_state_dict_best.pt
Epoch 006 | train_loss=2.6135e-03 | train_eval_loss=2.3571e-03 | val_loss=2.3065e-03 | | lr=1.00e-03
Saved best model to results/thesis_model_results/outputs/mtlsh_embeddability_tradeoff/MTLSH__mse__minmax__seed42__model_head_sizes64__model_shared_sizes128_64/mtlsh_state_dict_best.pt
Epoch 007 | train_loss=2.0962e-03 | train_eval_loss=1.8925e-03 | val_loss=1.8585e-03 | | lr=1.00e-03
Saved best model to results/thesis_model_results/outputs/mtlsh_embeddability_tradeoff/MTLSH__mse__minmax__seed42__model_head_sizes64__model_shared_sizes128_64/mtlsh_state_dict_best.pt
Epoch 008 | train_loss=1.7757e-03 | train_eval_loss=1.6210e-03 | val_loss=1.5845e-03 | | lr=1.00e-03
Saved best model to results/thesis_model_results/outputs/mtlsh_embeddability_tradeoff/MTLSH__mse__minmax__seed42__model_head_sizes64__model_shared_sizes128_64/mtlsh_state_dict_best.pt
Epoch 009 | train_loss=1.5666e-03 | train_eval_loss=1.5498e-03 | val_loss=1.5066e-03 | | lr=1.00e-03
Saved best model to results/thesis_model_results/outputs/mtlsh_embeddability_tradeoff/MTLSH__mse__minmax__seed42__model_head_sizes64__model_shared_sizes128_64/mtlsh_state_dict_best.pt
Epoch 010 | train_loss=1.5030e-03 | train_eval_loss=1.4261e-03 | val_loss=1.3941e-03 | | lr=1.00e-03
Saved best model to results/thesis_model_results/outputs/mtlsh_embeddability_tradeoff/MTLSH__mse__minmax__seed42__model_head_sizes64__model_shared_sizes128_64/mtlsh_state_dict_best.pt
Epoch 011 | train_loss=1.4343e-03 | train_eval_loss=1.3619e-03 | val_loss=1.3380e-03 | | lr=1.00e-03
Saved best model to results/thesis_model_results/outputs/mtlsh_embeddability_tradeoff/MTLSH__mse__minmax__seed42__model_head_sizes64__model_shared_sizes128_64/mtlsh_state_dict_best.pt
Epoch 012 | train_loss=1.3818e-03 | train_eval_loss=1.3219e-03 | val_loss=1.3009e-03 | | lr=1.00e-03
Saved best model to results/thesis_model_results/outputs/mtlsh_embeddability_tradeoff/MTLSH__mse__minmax__seed42__model_head_sizes64__model_shared_sizes128_64/mtlsh_state_dict_best.pt
Epoch 013 | train_loss=1.3328e-03 | train_eval_loss=1.3513e-03 | val_loss=1.3329e-03 | | lr=1.00e-03
Epoch 014 | train_loss=1.3085e-03 | train_eval_loss=1.4083e-03 | val_loss=1.3866e-03 | | lr=1.00e-03
Epoch 015 | train_loss=1.2808e-03 | train_eval_loss=1.2955e-03 | val_loss=1.2797e-03 | | lr=1.00e-03
Saved best model to results/thesis_model_results/outputs/mtlsh_embeddability_tradeoff/MTLSH__mse__minmax__seed42__model_head_sizes64__model_shared_sizes128_64/mtlsh_state_dict_best.pt
Epoch 016 | train_loss=1.2575e-03 | train_eval_loss=1.2403e-03 | val_loss=1.2249e-03 | | lr=1.00e-03
Saved best model to results/thesis_model_results/outputs/mtlsh_embeddability_tradeoff/MTLSH__mse__minmax__seed42__model_head_sizes64__model_shared_sizes128_64/mtlsh_state_dict_best.pt
Epoch 017 | train_loss=1.2525e-03 | train_eval_loss=1.1830e-03 | val_loss=1.1643e-03 | | lr=1.00e-03
Saved best model to results/thesis_model_results/outputs/mtlsh_embeddability_tradeoff/MTLSH__mse__minmax__seed42__model_head_sizes64__model_shared_sizes128_64/mtlsh_state_dict_best.pt
Epoch 018 | train_loss=1.2355e-03 | train_eval_loss=1.2282e-03 | val_loss=1.2101e-03 | | lr=1.00e-03
Epoch 019 | train_loss=1.1995e-03 | train_eval_loss=1.1879e-03 | val_loss=1.1720e-03 | | lr=1.00e-03
Epoch 020 | train_loss=1.1514e-03 | train_eval_loss=1.1801e-03 | val_loss=1.1695e-03 | | lr=1.00e-03
Epoch 021 | train_loss=1.1832e-03 | train_eval_loss=1.1248e-03 | val_loss=1.1142e-03 | | lr=1.00e-03
Saved best model to results/thesis_model_results/outputs/mtlsh_embeddability_tradeoff/MTLSH__mse__minmax__seed42__model_head_sizes64__model_shared_sizes128_64/mtlsh_state_dict_best.pt
Epoch 022 | train_loss=1.1571e-03 | train_eval_loss=1.1720e-03 | val_loss=1.1602e-03 | | lr=1.00e-03
Epoch 023 | train_loss=1.1464e-03 | train_eval_loss=1.1187e-03 | val_loss=1.1048e-03 | | lr=1.00e-03
Saved best model to results/thesis_model_results/outputs/mtlsh_embeddability_tradeoff/MTLSH__mse__minmax__seed42__model_head_sizes64__model_shared_sizes128_64/mtlsh_state_dict_best.pt
Epoch 024 | train_loss=1.1101e-03 | train_eval_loss=1.1989e-03 | val_loss=1.1794e-03 | | lr=1.00e-03
Epoch 025 | train_loss=1.1602e-03 | train_eval_loss=1.1237e-03 | val_loss=1.1054e-03 | | lr=1.00e-03
Epoch 026 | train_loss=1.1038e-03 | train_eval_loss=1.1249e-03 | val_loss=1.1188e-03 | | lr=1.00e-03
Epoch 027 | train_loss=1.0713e-03 | train_eval_loss=1.1331e-03 | val_loss=1.1257e-03 | | lr=1.00e-03
Epoch 028 | train_loss=1.0586e-03 | train_eval_loss=1.0416e-03 | val_loss=1.0370e-03 | | lr=1.00e-03
Saved best model to results/thesis_model_results/outputs/mtlsh_embeddability_tradeoff/MTLSH__mse__minmax__seed42__model_head_sizes64__model_shared_sizes128_64/mtlsh_state_dict_best.pt
Epoch 029 | train_loss=1.0774e-03 | train_eval_loss=1.0301e-03 | val_loss=1.0227e-03 | | lr=1.00e-03
Saved best model to results/thesis_model_results/outputs/mtlsh_embeddability_tradeoff/MTLSH__mse__minmax__seed42__model_head_sizes64__model_shared_sizes128_64/mtlsh_state_dict_best.pt
Epoch 030 | train_loss=1.0219e-03 | train_eval_loss=9.9478e-04 | val_loss=9.8461e-04 | | lr=1.00e-03
Saved best model to results/thesis_model_results/outputs/mtlsh_embeddability_tradeoff/MTLSH__mse__minmax__seed42__model_head_sizes64__model_shared_sizes128_64/mtlsh_state_dict_best.pt
Epoch 031 | train_loss=1.0256e-03 | train_eval_loss=9.8993e-04 | val_loss=9.7920e-04 | | lr=1.00e-03
Saved best model to results/thesis_model_results/outputs/mtlsh_embeddability_tradeoff/MTLSH__mse__minmax__seed42__model_head_sizes64__model_shared_sizes128_64/mtlsh_state_dict_best.pt
Epoch 032 | train_loss=1.0231e-03 | train_eval_loss=1.0164e-03 | val_loss=1.0059e-03 | | lr=1.00e-03
Epoch 033 | train_loss=9.8690e-04 | train_eval_loss=9.7521e-04 | val_loss=9.7586e-04 | | lr=1.00e-03
Saved best model to results/thesis_model_results/outputs/mtlsh_embeddability_tradeoff/MTLSH__mse__minmax__seed42__model_head_sizes64__model_shared_sizes128_64/mtlsh_state_dict_best.pt
Epoch 034 | train_loss=1.0083e-03 | train_eval_loss=1.0188e-03 | val_loss=1.0212e-03 | | lr=1.00e-03
Epoch 035 | train_loss=9.7642e-04 | train_eval_loss=9.2939e-04 | val_loss=9.2368e-04 | | lr=1.00e-03
Saved best model to results/thesis_model_results/outputs/mtlsh_embeddability_tradeoff/MTLSH__mse__minmax__seed42__model_head_sizes64__model_shared_sizes128_64/mtlsh_state_dict_best.pt
Epoch 036 | train_loss=9.7503e-04 | train_eval_loss=9.4552e-04 | val_loss=9.4582e-04 | | lr=1.00e-03
Epoch 037 | train_loss=9.2971e-04 | train_eval_loss=1.1432e-03 | val_loss=1.1457e-03 | | lr=1.00e-03
Epoch 038 | train_loss=9.3224e-04 | train_eval_loss=8.5475e-04 | val_loss=8.4877e-04 | | lr=1.00e-03
Saved best model to results/thesis_model_results/outputs/mtlsh_embeddability_tradeoff/MTLSH__mse__minmax__seed42__model_head_sizes64__model_shared_sizes128_64/mtlsh_state_dict_best.pt
Epoch 039 | train_loss=9.0489e-04 | train_eval_loss=8.8276e-04 | val_loss=8.7498e-04 | | lr=1.00e-03
Epoch 040 | train_loss=8.8057e-04 | train_eval_loss=9.9003e-04 | val_loss=9.7770e-04 | | lr=1.00e-03
Epoch 041 | train_loss=8.7179e-04 | train_eval_loss=8.4595e-04 | val_loss=8.4551e-04 | | lr=1.00e-03
Saved best model to results/thesis_model_results/outputs/mtlsh_embeddability_tradeoff/MTLSH__mse__minmax__seed42__model_head_sizes64__model_shared_sizes128_64/mtlsh_state_dict_best.pt
Epoch 042 | train_loss=8.6872e-04 | train_eval_loss=9.4953e-04 | val_loss=9.4218e-04 | | lr=1.00e-03
Epoch 043 | train_loss=8.4814e-04 | train_eval_loss=8.2881e-04 | val_loss=8.2887e-04 | | lr=1.00e-03
Saved best model to results/thesis_model_results/outputs/mtlsh_embeddability_tradeoff/MTLSH__mse__minmax__seed42__model_head_sizes64__model_shared_sizes128_64/mtlsh_state_dict_best.pt
Epoch 044 | train_loss=8.1518e-04 | train_eval_loss=7.9546e-04 | val_loss=7.9668e-04 | | lr=1.00e-03
Saved best model to results/thesis_model_results/outputs/mtlsh_embeddability_tradeoff/MTLSH__mse__minmax__seed42__model_head_sizes64__model_shared_sizes128_64/mtlsh_state_dict_best.pt
Epoch 045 | train_loss=8.1624e-04 | train_eval_loss=8.1184e-04 | val_loss=8.0863e-04 | | lr=1.00e-03
Epoch 046 | train_loss=8.0601e-04 | train_eval_loss=7.7450e-04 | val_loss=7.7602e-04 | | lr=1.00e-03
Saved best model to results/thesis_model_results/outputs/mtlsh_embeddability_tradeoff/MTLSH__mse__minmax__seed42__model_head_sizes64__model_shared_sizes128_64/mtlsh_state_dict_best.pt
Epoch 047 | train_loss=7.8410e-04 | train_eval_loss=7.7316e-04 | val_loss=7.8119e-04 | | lr=1.00e-03
Epoch 048 | train_loss=7.8176e-04 | train_eval_loss=8.2406e-04 | val_loss=8.1927e-04 | | lr=1.00e-03
Epoch 049 | train_loss=8.0938e-04 | train_eval_loss=7.9296e-04 | val_loss=7.9373e-04 | | lr=1.00e-03
Epoch 050 | train_loss=7.7910e-04 | train_eval_loss=7.3757e-04 | val_loss=7.3322e-04 | | lr=1.00e-03
Saved best model to results/thesis_model_results/outputs/mtlsh_embeddability_tradeoff/MTLSH__mse__minmax__seed42__model_head_sizes64__model_shared_sizes128_64/mtlsh_state_dict_best.pt
Epoch 051 | train_loss=7.6668e-04 | train_eval_loss=7.9725e-04 | val_loss=7.9076e-04 | | lr=1.00e-03
Epoch 052 | train_loss=7.6690e-04 | train_eval_loss=7.7441e-04 | val_loss=7.7266e-04 | | lr=1.00e-03
Epoch 053 | train_loss=7.2789e-04 | train_eval_loss=7.3921e-04 | val_loss=7.5057e-04 | | lr=1.00e-03
Epoch 054 | train_loss=7.4827e-04 | train_eval_loss=8.7655e-04 | val_loss=8.8591e-04 | | lr=1.00e-03
Epoch 055 | train_loss=7.2602e-04 | train_eval_loss=6.8509e-04 | val_loss=6.8871e-04 | | lr=1.00e-03
Saved best model to results/thesis_model_results/outputs/mtlsh_embeddability_tradeoff/MTLSH__mse__minmax__seed42__model_head_sizes64__model_shared_sizes128_64/mtlsh_state_dict_best.pt
Epoch 056 | train_loss=7.2434e-04 | train_eval_loss=7.2313e-04 | val_loss=7.2847e-04 | | lr=1.00e-03
Epoch 057 | train_loss=7.5219e-04 | train_eval_loss=8.1037e-04 | val_loss=8.0171e-04 | | lr=1.00e-03
Epoch 058 | train_loss=7.0124e-04 | train_eval_loss=7.1278e-04 | val_loss=7.1951e-04 | | lr=1.00e-03
Epoch 059 | train_loss=7.1856e-04 | train_eval_loss=6.4249e-04 | val_loss=6.4693e-04 | | lr=1.00e-03
Saved best model to results/thesis_model_results/outputs/mtlsh_embeddability_tradeoff/MTLSH__mse__minmax__seed42__model_head_sizes64__model_shared_sizes128_64/mtlsh_state_dict_best.pt
Epoch 060 | train_loss=6.8074e-04 | train_eval_loss=7.1537e-04 | val_loss=7.2420e-04 | | lr=1.00e-03
Epoch 061 | train_loss=6.8395e-04 | train_eval_loss=6.9313e-04 | val_loss=6.9943e-04 | | lr=1.00e-03
Epoch 062 | train_loss=6.8299e-04 | train_eval_loss=7.0019e-04 | val_loss=6.9505e-04 | | lr=1.00e-03
Epoch 063 | train_loss=6.5466e-04 | train_eval_loss=6.7413e-04 | val_loss=6.8100e-04 | | lr=1.00e-03
Epoch 064 | train_loss=6.7041e-04 | train_eval_loss=6.3740e-04 | val_loss=6.4007e-04 | | lr=1.00e-03
Saved best model to results/thesis_model_results/outputs/mtlsh_embeddability_tradeoff/MTLSH__mse__minmax__seed42__model_head_sizes64__model_shared_sizes128_64/mtlsh_state_dict_best.pt
Epoch 065 | train_loss=6.9983e-04 | train_eval_loss=8.2180e-04 | val_loss=8.2166e-04 | | lr=1.00e-03
Epoch 066 | train_loss=6.5918e-04 | train_eval_loss=7.3184e-04 | val_loss=7.3243e-04 | | lr=1.00e-03
Epoch 067 | train_loss=6.8049e-04 | train_eval_loss=6.0197e-04 | val_loss=6.0616e-04 | | lr=1.00e-03
Saved best model to results/thesis_model_results/outputs/mtlsh_embeddability_tradeoff/MTLSH__mse__minmax__seed42__model_head_sizes64__model_shared_sizes128_64/mtlsh_state_dict_best.pt
Epoch 068 | train_loss=6.1692e-04 | train_eval_loss=7.4460e-04 | val_loss=7.5796e-04 | | lr=1.00e-03
Epoch 069 | train_loss=6.6449e-04 | train_eval_loss=6.7296e-04 | val_loss=6.6646e-04 | | lr=1.00e-03
Epoch 070 | train_loss=6.4355e-04 | train_eval_loss=6.8687e-04 | val_loss=6.8472e-04 | | lr=1.00e-03
Epoch 071 | train_loss=6.2236e-04 | train_eval_loss=5.8353e-04 | val_loss=5.9108e-04 | | lr=1.00e-03
Saved best model to results/thesis_model_results/outputs/mtlsh_embeddability_tradeoff/MTLSH__mse__minmax__seed42__model_head_sizes64__model_shared_sizes128_64/mtlsh_state_dict_best.pt
Epoch 072 | train_loss=6.6256e-04 | train_eval_loss=6.8638e-04 | val_loss=6.9371e-04 | | lr=1.00e-03
Epoch 073 | train_loss=6.4933e-04 | train_eval_loss=5.9193e-04 | val_loss=5.9727e-04 | | lr=1.00e-03
Epoch 074 | train_loss=6.2350e-04 | train_eval_loss=6.1068e-04 | val_loss=6.1281e-04 | | lr=1.00e-03
Epoch 075 | train_loss=6.1923e-04 | train_eval_loss=6.0674e-04 | val_loss=6.0846e-04 | | lr=1.00e-03
Epoch 076 | train_loss=7.1783e-04 | train_eval_loss=6.8222e-04 | val_loss=6.9029e-04 | | lr=1.00e-03
Epoch 077 | train_loss=5.9595e-04 | train_eval_loss=5.9111e-04 | val_loss=6.0088e-04 | | lr=1.00e-03
Epoch 078 | train_loss=6.0090e-04 | train_eval_loss=8.7338e-04 | val_loss=8.7177e-04 | | lr=1.00e-03
Epoch 079 | train_loss=6.1844e-04 | train_eval_loss=5.7239e-04 | val_loss=5.8293e-04 | | lr=1.00e-03
Saved best model to results/thesis_model_results/outputs/mtlsh_embeddability_tradeoff/MTLSH__mse__minmax__seed42__model_head_sizes64__model_shared_sizes128_64/mtlsh_state_dict_best.pt
Epoch 080 | train_loss=5.9605e-04 | train_eval_loss=5.5317e-04 | val_loss=5.6106e-04 | | lr=1.00e-03
Saved best model to results/thesis_model_results/outputs/mtlsh_embeddability_tradeoff/MTLSH__mse__minmax__seed42__model_head_sizes64__model_shared_sizes128_64/mtlsh_state_dict_best.pt
Epoch 081 | train_loss=6.0345e-04 | train_eval_loss=6.6004e-04 | val_loss=6.7096e-04 | | lr=1.00e-03
Epoch 082 | train_loss=6.1297e-04 | train_eval_loss=6.0007e-04 | val_loss=6.0268e-04 | | lr=1.00e-03
Epoch 083 | train_loss=5.8919e-04 | train_eval_loss=5.6433e-04 | val_loss=5.7609e-04 | | lr=1.00e-03
Epoch 084 | train_loss=5.8770e-04 | train_eval_loss=5.9386e-04 | val_loss=6.1158e-04 | | lr=1.00e-03
Epoch 085 | train_loss=5.7333e-04 | train_eval_loss=5.8774e-04 | val_loss=5.9864e-04 | | lr=1.00e-03
Epoch 086 | train_loss=5.9069e-04 | train_eval_loss=5.5808e-04 | val_loss=5.7150e-04 | | lr=1.00e-03
Epoch 087 | train_loss=5.7015e-04 | train_eval_loss=6.4219e-04 | val_loss=6.5799e-04 | | lr=1.00e-03
Epoch 088 | train_loss=5.7245e-04 | train_eval_loss=9.1468e-04 | val_loss=9.1883e-04 | | lr=1.00e-03
Epoch 089 | train_loss=6.0940e-04 | train_eval_loss=7.4617e-04 | val_loss=7.6910e-04 | | lr=1.00e-03
Epoch 090 | train_loss=5.2705e-04 | train_eval_loss=5.1005e-04 | val_loss=5.2593e-04 | | lr=5.00e-04
Saved best model to results/thesis_model_results/outputs/mtlsh_embeddability_tradeoff/MTLSH__mse__minmax__seed42__model_head_sizes64__model_shared_sizes128_64/mtlsh_state_dict_best.pt
Epoch 091 | train_loss=5.0675e-04 | train_eval_loss=4.8459e-04 | val_loss=5.0235e-04 | | lr=5.00e-04
Saved best model to results/thesis_model_results/outputs/mtlsh_embeddability_tradeoff/MTLSH__mse__minmax__seed42__model_head_sizes64__model_shared_sizes128_64/mtlsh_state_dict_best.pt
Epoch 092 | train_loss=5.0667e-04 | train_eval_loss=4.9860e-04 | val_loss=5.1994e-04 | | lr=5.00e-04
Epoch 093 | train_loss=4.9939e-04 | train_eval_loss=4.9661e-04 | val_loss=5.0801e-04 | | lr=5.00e-04
Epoch 094 | train_loss=5.0369e-04 | train_eval_loss=4.8641e-04 | val_loss=5.0562e-04 | | lr=5.00e-04
Epoch 095 | train_loss=5.0071e-04 | train_eval_loss=4.9243e-04 | val_loss=5.1392e-04 | | lr=5.00e-04
Epoch 096 | train_loss=4.9788e-04 | train_eval_loss=4.9125e-04 | val_loss=5.0640e-04 | | lr=5.00e-04
Epoch 097 | train_loss=4.9357e-04 | train_eval_loss=5.0084e-04 | val_loss=5.1903e-04 | | lr=5.00e-04
Epoch 098 | train_loss=4.9759e-04 | train_eval_loss=5.1960e-04 | val_loss=5.3502e-04 | | lr=5.00e-04
Epoch 099 | train_loss=4.9006e-04 | train_eval_loss=4.8844e-04 | val_loss=5.1140e-04 | | lr=5.00e-04
Epoch 100 | train_loss=4.9687e-04 | train_eval_loss=4.6791e-04 | val_loss=4.8854e-04 | | lr=5.00e-04
Saved best model to results/thesis_model_results/outputs/mtlsh_embeddability_tradeoff/MTLSH__mse__minmax__seed42__model_head_sizes64__model_shared_sizes128_64/mtlsh_state_dict_best.pt
Epoch 101 | train_loss=4.8899e-04 | train_eval_loss=5.1500e-04 | val_loss=5.3601e-04 | | lr=5.00e-04
Epoch 102 | train_loss=4.8490e-04 | train_eval_loss=4.8320e-04 | val_loss=5.0101e-04 | | lr=5.00e-04
Epoch 103 | train_loss=4.9740e-04 | train_eval_loss=4.7153e-04 | val_loss=4.9287e-04 | | lr=5.00e-04
Epoch 104 | train_loss=4.8454e-04 | train_eval_loss=5.5033e-04 | val_loss=5.7815e-04 | | lr=5.00e-04
Epoch 105 | train_loss=4.9028e-04 | train_eval_loss=4.8693e-04 | val_loss=5.0339e-04 | | lr=5.00e-04
Epoch 106 | train_loss=4.9053e-04 | train_eval_loss=5.2284e-04 | val_loss=5.4424e-04 | | lr=5.00e-04
Epoch 107 | train_loss=5.1075e-04 | train_eval_loss=4.9328e-04 | val_loss=5.0928e-04 | | lr=5.00e-04
Epoch 108 | train_loss=4.7503e-04 | train_eval_loss=4.7096e-04 | val_loss=4.9121e-04 | | lr=5.00e-04
Epoch 109 | train_loss=4.8300e-04 | train_eval_loss=4.8833e-04 | val_loss=5.0612e-04 | | lr=5.00e-04
Epoch 110 | train_loss=4.5629e-04 | train_eval_loss=4.5680e-04 | val_loss=4.7642e-04 | | lr=2.50e-04
Saved best model to results/thesis_model_results/outputs/mtlsh_embeddability_tradeoff/MTLSH__mse__minmax__seed42__model_head_sizes64__model_shared_sizes128_64/mtlsh_state_dict_best.pt
Epoch 111 | train_loss=4.5097e-04 | train_eval_loss=4.4206e-04 | val_loss=4.6889e-04 | | lr=2.50e-04
Saved best model to results/thesis_model_results/outputs/mtlsh_embeddability_tradeoff/MTLSH__mse__minmax__seed42__model_head_sizes64__model_shared_sizes128_64/mtlsh_state_dict_best.pt
Epoch 112 | train_loss=4.4497e-04 | train_eval_loss=4.3650e-04 | val_loss=4.5618e-04 | | lr=2.50e-04
Saved best model to results/thesis_model_results/outputs/mtlsh_embeddability_tradeoff/MTLSH__mse__minmax__seed42__model_head_sizes64__model_shared_sizes128_64/mtlsh_state_dict_best.pt
Epoch 113 | train_loss=4.5372e-04 | train_eval_loss=4.4258e-04 | val_loss=4.6592e-04 | | lr=2.50e-04
Epoch 114 | train_loss=4.4795e-04 | train_eval_loss=4.4428e-04 | val_loss=4.6912e-04 | | lr=2.50e-04
Epoch 115 | train_loss=4.5145e-04 | train_eval_loss=4.6280e-04 | val_loss=4.8414e-04 | | lr=2.50e-04
Epoch 116 | train_loss=4.4290e-04 | train_eval_loss=4.4798e-04 | val_loss=4.7244e-04 | | lr=2.50e-04
Epoch 117 | train_loss=4.4180e-04 | train_eval_loss=4.4791e-04 | val_loss=4.6790e-04 | | lr=2.50e-04
Epoch 118 | train_loss=4.4749e-04 | train_eval_loss=4.8102e-04 | val_loss=5.0015e-04 | | lr=2.50e-04
Epoch 119 | train_loss=4.5931e-04 | train_eval_loss=4.3379e-04 | val_loss=4.6033e-04 | | lr=2.50e-04
Epoch 120 | train_loss=4.4459e-04 | train_eval_loss=4.5646e-04 | val_loss=4.8448e-04 | | lr=2.50e-04
Epoch 121 | train_loss=4.4233e-04 | train_eval_loss=4.2883e-04 | val_loss=4.5146e-04 | | lr=2.50e-04
Saved best model to results/thesis_model_results/outputs/mtlsh_embeddability_tradeoff/MTLSH__mse__minmax__seed42__model_head_sizes64__model_shared_sizes128_64/mtlsh_state_dict_best.pt
Epoch 122 | train_loss=4.3887e-04 | train_eval_loss=4.4369e-04 | val_loss=4.6541e-04 | | lr=2.50e-04
Epoch 123 | train_loss=4.4469e-04 | train_eval_loss=4.5548e-04 | val_loss=4.7704e-04 | | lr=2.50e-04
Epoch 124 | train_loss=4.4133e-04 | train_eval_loss=4.4603e-04 | val_loss=4.7273e-04 | | lr=2.50e-04
Epoch 125 | train_loss=4.5083e-04 | train_eval_loss=4.3584e-04 | val_loss=4.6149e-04 | | lr=2.50e-04
Epoch 126 | train_loss=4.5551e-04 | train_eval_loss=4.3199e-04 | val_loss=4.5662e-04 | | lr=2.50e-04
Epoch 127 | train_loss=4.4491e-04 | train_eval_loss=4.3231e-04 | val_loss=4.5716e-04 | | lr=2.50e-04
Epoch 128 | train_loss=4.3728e-04 | train_eval_loss=4.2783e-04 | val_loss=4.4992e-04 | | lr=2.50e-04
Saved best model to results/thesis_model_results/outputs/mtlsh_embeddability_tradeoff/MTLSH__mse__minmax__seed42__model_head_sizes64__model_shared_sizes128_64/mtlsh_state_dict_best.pt
Epoch 129 | train_loss=4.4360e-04 | train_eval_loss=4.5776e-04 | val_loss=4.7666e-04 | | lr=2.50e-04
Epoch 130 | train_loss=4.3911e-04 | train_eval_loss=4.5982e-04 | val_loss=4.8510e-04 | | lr=2.50e-04
Epoch 131 | train_loss=4.3570e-04 | train_eval_loss=4.2833e-04 | val_loss=4.5622e-04 | | lr=2.50e-04
Epoch 132 | train_loss=4.4096e-04 | train_eval_loss=4.5186e-04 | val_loss=4.7646e-04 | | lr=2.50e-04
Epoch 133 | train_loss=4.3245e-04 | train_eval_loss=4.4496e-04 | val_loss=4.7329e-04 | | lr=2.50e-04
Epoch 134 | train_loss=4.3715e-04 | train_eval_loss=4.2825e-04 | val_loss=4.5521e-04 | | lr=2.50e-04
Epoch 135 | train_loss=4.3517e-04 | train_eval_loss=4.3209e-04 | val_loss=4.5708e-04 | | lr=2.50e-04
Epoch 136 | train_loss=4.3566e-04 | train_eval_loss=4.2646e-04 | val_loss=4.4982e-04 | | lr=2.50e-04
Saved best model to results/thesis_model_results/outputs/mtlsh_embeddability_tradeoff/MTLSH__mse__minmax__seed42__model_head_sizes64__model_shared_sizes128_64/mtlsh_state_dict_best.pt
Epoch 137 | train_loss=4.4083e-04 | train_eval_loss=4.2078e-04 | val_loss=4.4488e-04 | | lr=2.50e-04
Saved best model to results/thesis_model_results/outputs/mtlsh_embeddability_tradeoff/MTLSH__mse__minmax__seed42__model_head_sizes64__model_shared_sizes128_64/mtlsh_state_dict_best.pt
Epoch 138 | train_loss=4.3097e-04 | train_eval_loss=4.3774e-04 | val_loss=4.5756e-04 | | lr=2.50e-04
Epoch 139 | train_loss=4.3237e-04 | train_eval_loss=4.6626e-04 | val_loss=4.9474e-04 | | lr=2.50e-04
Epoch 140 | train_loss=4.3105e-04 | train_eval_loss=4.3379e-04 | val_loss=4.6170e-04 | | lr=2.50e-04
Epoch 141 | train_loss=4.3039e-04 | train_eval_loss=4.3029e-04 | val_loss=4.5722e-04 | | lr=2.50e-04
Epoch 142 | train_loss=4.2634e-04 | train_eval_loss=4.4204e-04 | val_loss=4.7067e-04 | | lr=2.50e-04
Epoch 143 | train_loss=4.3477e-04 | train_eval_loss=4.2321e-04 | val_loss=4.4980e-04 | | lr=2.50e-04
Epoch 144 | train_loss=4.2571e-04 | train_eval_loss=4.3719e-04 | val_loss=4.6354e-04 | | lr=2.50e-04
Epoch 145 | train_loss=4.2506e-04 | train_eval_loss=4.2129e-04 | val_loss=4.4716e-04 | | lr=2.50e-04
Epoch 146 | train_loss=4.3070e-04 | train_eval_loss=4.5570e-04 | val_loss=4.7399e-04 | | lr=2.50e-04
Epoch 147 | train_loss=4.1179e-04 | train_eval_loss=4.1036e-04 | val_loss=4.3907e-04 | | lr=1.25e-04
Saved best model to results/thesis_model_results/outputs/mtlsh_embeddability_tradeoff/MTLSH__mse__minmax__seed42__model_head_sizes64__model_shared_sizes128_64/mtlsh_state_dict_best.pt
Epoch 148 | train_loss=4.1209e-04 | train_eval_loss=4.2253e-04 | val_loss=4.4560e-04 | | lr=1.25e-04
Epoch 149 | train_loss=4.1093e-04 | train_eval_loss=4.1995e-04 | val_loss=4.4975e-04 | | lr=1.25e-04
Epoch 150 | train_loss=4.1128e-04 | train_eval_loss=4.0262e-04 | val_loss=4.2939e-04 | | lr=1.25e-04
Saved best model to results/thesis_model_results/outputs/mtlsh_embeddability_tradeoff/MTLSH__mse__minmax__seed42__model_head_sizes64__model_shared_sizes128_64/mtlsh_state_dict_best.pt
Epoch 151 | train_loss=4.0751e-04 | train_eval_loss=4.0050e-04 | val_loss=4.3012e-04 | | lr=1.25e-04
Epoch 152 | train_loss=4.0693e-04 | train_eval_loss=4.0491e-04 | val_loss=4.3098e-04 | | lr=1.25e-04
Epoch 153 | train_loss=4.0931e-04 | train_eval_loss=4.0590e-04 | val_loss=4.3092e-04 | | lr=1.25e-04
Epoch 154 | train_loss=4.1209e-04 | train_eval_loss=4.0551e-04 | val_loss=4.3268e-04 | | lr=1.25e-04
Epoch 155 | train_loss=4.0847e-04 | train_eval_loss=3.9986e-04 | val_loss=4.2699e-04 | | lr=1.25e-04
Saved best model to results/thesis_model_results/outputs/mtlsh_embeddability_tradeoff/MTLSH__mse__minmax__seed42__model_head_sizes64__model_shared_sizes128_64/mtlsh_state_dict_best.pt
Epoch 156 | train_loss=4.0432e-04 | train_eval_loss=4.0040e-04 | val_loss=4.2898e-04 | | lr=1.25e-04
Epoch 157 | train_loss=4.0707e-04 | train_eval_loss=4.2957e-04 | val_loss=4.5421e-04 | | lr=1.25e-04
Epoch 158 | train_loss=4.1174e-04 | train_eval_loss=4.1131e-04 | val_loss=4.3925e-04 | | lr=1.25e-04
Epoch 159 | train_loss=4.0998e-04 | train_eval_loss=4.0112e-04 | val_loss=4.2938e-04 | | lr=1.25e-04
Epoch 160 | train_loss=4.0674e-04 | train_eval_loss=4.0447e-04 | val_loss=4.3061e-04 | | lr=1.25e-04
Epoch 161 | train_loss=4.0540e-04 | train_eval_loss=3.9788e-04 | val_loss=4.2578e-04 | | lr=1.25e-04
Saved best model to results/thesis_model_results/outputs/mtlsh_embeddability_tradeoff/MTLSH__mse__minmax__seed42__model_head_sizes64__model_shared_sizes128_64/mtlsh_state_dict_best.pt
Epoch 162 | train_loss=4.0521e-04 | train_eval_loss=3.9680e-04 | val_loss=4.2523e-04 | | lr=1.25e-04
Saved best model to results/thesis_model_results/outputs/mtlsh_embeddability_tradeoff/MTLSH__mse__minmax__seed42__model_head_sizes64__model_shared_sizes128_64/mtlsh_state_dict_best.pt
Epoch 163 | train_loss=4.0333e-04 | train_eval_loss=3.9813e-04 | val_loss=4.2589e-04 | | lr=1.25e-04
Epoch 164 | train_loss=4.0143e-04 | train_eval_loss=4.0436e-04 | val_loss=4.3202e-04 | | lr=1.25e-04
Epoch 165 | train_loss=4.0709e-04 | train_eval_loss=3.9611e-04 | val_loss=4.2408e-04 | | lr=1.25e-04
Saved best model to results/thesis_model_results/outputs/mtlsh_embeddability_tradeoff/MTLSH__mse__minmax__seed42__model_head_sizes64__model_shared_sizes128_64/mtlsh_state_dict_best.pt
Epoch 166 | train_loss=4.0514e-04 | train_eval_loss=4.0715e-04 | val_loss=4.3603e-04 | | lr=1.25e-04
Epoch 167 | train_loss=4.0256e-04 | train_eval_loss=3.9742e-04 | val_loss=4.2440e-04 | | lr=1.25e-04
Epoch 168 | train_loss=4.0280e-04 | train_eval_loss=4.1509e-04 | val_loss=4.3718e-04 | | lr=1.25e-04
Epoch 169 | train_loss=4.0851e-04 | train_eval_loss=4.0920e-04 | val_loss=4.4008e-04 | | lr=1.25e-04
Epoch 170 | train_loss=4.0196e-04 | train_eval_loss=3.9885e-04 | val_loss=4.2750e-04 | | lr=1.25e-04
Epoch 171 | train_loss=3.9986e-04 | train_eval_loss=3.9538e-04 | val_loss=4.2656e-04 | | lr=1.25e-04
Epoch 172 | train_loss=3.9999e-04 | train_eval_loss=3.9248e-04 | val_loss=4.2048e-04 | | lr=1.25e-04
Saved best model to results/thesis_model_results/outputs/mtlsh_embeddability_tradeoff/MTLSH__mse__minmax__seed42__model_head_sizes64__model_shared_sizes128_64/mtlsh_state_dict_best.pt
Epoch 173 | train_loss=4.0458e-04 | train_eval_loss=3.9503e-04 | val_loss=4.2533e-04 | | lr=1.25e-04
Epoch 174 | train_loss=3.9808e-04 | train_eval_loss=3.9623e-04 | val_loss=4.2404e-04 | | lr=1.25e-04
Epoch 175 | train_loss=4.0233e-04 | train_eval_loss=3.9667e-04 | val_loss=4.2641e-04 | | lr=1.25e-04
Epoch 176 | train_loss=3.9952e-04 | train_eval_loss=4.0925e-04 | val_loss=4.3812e-04 | | lr=1.25e-04
Epoch 177 | train_loss=4.0246e-04 | train_eval_loss=3.9194e-04 | val_loss=4.2115e-04 | | lr=1.25e-04
Epoch 178 | train_loss=3.9991e-04 | train_eval_loss=3.8971e-04 | val_loss=4.2001e-04 | | lr=1.25e-04
Saved best model to results/thesis_model_results/outputs/mtlsh_embeddability_tradeoff/MTLSH__mse__minmax__seed42__model_head_sizes64__model_shared_sizes128_64/mtlsh_state_dict_best.pt
Epoch 179 | train_loss=3.9668e-04 | train_eval_loss=3.9413e-04 | val_loss=4.2424e-04 | | lr=1.25e-04
Epoch 180 | train_loss=3.9979e-04 | train_eval_loss=3.9048e-04 | val_loss=4.1998e-04 | | lr=1.25e-04
Saved best model to results/thesis_model_results/outputs/mtlsh_embeddability_tradeoff/MTLSH__mse__minmax__seed42__model_head_sizes64__model_shared_sizes128_64/mtlsh_state_dict_best.pt
Epoch 181 | train_loss=4.0188e-04 | train_eval_loss=3.9237e-04 | val_loss=4.2213e-04 | | lr=1.25e-04
Epoch 182 | train_loss=3.9861e-04 | train_eval_loss=4.0315e-04 | val_loss=4.3290e-04 | | lr=1.25e-04
Epoch 183 | train_loss=3.9774e-04 | train_eval_loss=3.9107e-04 | val_loss=4.2057e-04 | | lr=1.25e-04
Epoch 184 | train_loss=3.9743e-04 | train_eval_loss=4.0204e-04 | val_loss=4.2974e-04 | | lr=1.25e-04
Epoch 185 | train_loss=3.9275e-04 | train_eval_loss=3.8789e-04 | val_loss=4.1717e-04 | | lr=1.25e-04
Saved best model to results/thesis_model_results/outputs/mtlsh_embeddability_tradeoff/MTLSH__mse__minmax__seed42__model_head_sizes64__model_shared_sizes128_64/mtlsh_state_dict_best.pt
Epoch 186 | train_loss=3.9676e-04 | train_eval_loss=3.9033e-04 | val_loss=4.2109e-04 | | lr=1.25e-04
Epoch 187 | train_loss=3.9863e-04 | train_eval_loss=3.8590e-04 | val_loss=4.1759e-04 | | lr=1.25e-04
Epoch 188 | train_loss=3.9191e-04 | train_eval_loss=3.8446e-04 | val_loss=4.1550e-04 | | lr=1.25e-04
Saved best model to results/thesis_model_results/outputs/mtlsh_embeddability_tradeoff/MTLSH__mse__minmax__seed42__model_head_sizes64__model_shared_sizes128_64/mtlsh_state_dict_best.pt
Epoch 189 | train_loss=3.9493e-04 | train_eval_loss=3.9964e-04 | val_loss=4.2957e-04 | | lr=1.25e-04
Epoch 190 | train_loss=3.9354e-04 | train_eval_loss=3.8936e-04 | val_loss=4.1611e-04 | | lr=1.25e-04
Epoch 191 | train_loss=3.9608e-04 | train_eval_loss=3.9358e-04 | val_loss=4.2287e-04 | | lr=1.25e-04
Epoch 192 | train_loss=3.9781e-04 | train_eval_loss=3.9753e-04 | val_loss=4.2898e-04 | | lr=1.25e-04
Epoch 193 | train_loss=3.9711e-04 | train_eval_loss=3.9390e-04 | val_loss=4.2096e-04 | | lr=1.25e-04
Epoch 194 | train_loss=3.8956e-04 | train_eval_loss=4.0114e-04 | val_loss=4.3418e-04 | | lr=1.25e-04
Epoch 195 | train_loss=3.9447e-04 | train_eval_loss=3.8692e-04 | val_loss=4.1444e-04 | | lr=1.25e-04
Saved best model to results/thesis_model_results/outputs/mtlsh_embeddability_tradeoff/MTLSH__mse__minmax__seed42__model_head_sizes64__model_shared_sizes128_64/mtlsh_state_dict_best.pt
Epoch 196 | train_loss=3.8933e-04 | train_eval_loss=3.8497e-04 | val_loss=4.1469e-04 | | lr=1.25e-04
Epoch 197 | train_loss=3.9114e-04 | train_eval_loss=3.8905e-04 | val_loss=4.1654e-04 | | lr=1.25e-04
Epoch 198 | train_loss=3.9261e-04 | train_eval_loss=3.8993e-04 | val_loss=4.2006e-04 | | lr=1.25e-04
Epoch 199 | train_loss=3.9330e-04 | train_eval_loss=3.9005e-04 | val_loss=4.2088e-04 | | lr=1.25e-04
Epoch 200 | train_loss=3.9017e-04 | train_eval_loss=3.8922e-04 | val_loss=4.2053e-04 | | lr=1.25e-04
Saved training logs to results/thesis_model_results/outputs/mtlsh_embeddability_tradeoff/MTLSH__mse__minmax__seed42__model_head_sizes64__model_shared_sizes128_64/training_summary.txt
Test RMSE(rocof_COI) = 0.0143 | norm: 0.0108 | real_diff: 0.0097
Test RMSE(dev_COI) = 0.0257 | norm: 0.0095 | real_diff: 0.0141
Test RMSE(Delta_P_IBR_1) = 0.1284 | norm: 0.0203 | real_diff: 0.0865
Test RMSE(Delta_P_IBR_2) = 0.1174 | norm: 0.0163 | real_diff: 0.0713
Test RMSE(Delta_P_IBR_3) = 0.1874 | norm: 0.0329 | real_diff: 0.1052
Test RMSE(Delta_P_IBR_4) = 0.2031 | norm: 0.0210 | real_diff: 0.1300
Saved RMSE results to results/thesis_model_results/outputs/mtlsh_embeddability_tradeoff/MTLSH__mse__minmax__seed42__model_head_sizes64__model_shared_sizes128_64/rmse_results.txt
Saved detailed metrics to results/thesis_model_results/outputs/mtlsh_embeddability_tradeoff/MTLSH__mse__minmax__seed42__model_head_sizes64__model_shared_sizes128_64/metrics_by_target.csv
Saved aggregate metrics to results/thesis_model_results/outputs/mtlsh_embeddability_tradeoff/MTLSH__mse__minmax__seed42__model_head_sizes64__model_shared_sizes128_64/metrics_summary.json
Saved loss curves to results/thesis_model_results/outputs/mtlsh_embeddability_tradeoff/MTLSH__mse__minmax__seed42__model_head_sizes64__model_shared_sizes128_64/loss_curve.png
Saved scatter plot results/thesis_model_results/outputs/mtlsh_embeddability_tradeoff/MTLSH__mse__minmax__seed42__model_head_sizes64__model_shared_sizes128_64/scatter_rocof_COI.png
Saved scatter plot results/thesis_model_results/outputs/mtlsh_embeddability_tradeoff/MTLSH__mse__minmax__seed42__model_head_sizes64__model_shared_sizes128_64/scatter_dev_COI.png
Saved scatter plot results/thesis_model_results/outputs/mtlsh_embeddability_tradeoff/MTLSH__mse__minmax__seed42__model_head_sizes64__model_shared_sizes128_64/scatter_Delta_P_IBR_1.png
Saved scatter plot results/thesis_model_results/outputs/mtlsh_embeddability_tradeoff/MTLSH__mse__minmax__seed42__model_head_sizes64__model_shared_sizes128_64/scatter_Delta_P_IBR_2.png
Saved scatter plot results/thesis_model_results/outputs/mtlsh_embeddability_tradeoff/MTLSH__mse__minmax__seed42__model_head_sizes64__model_shared_sizes128_64/scatter_Delta_P_IBR_3.png
Saved scatter plot results/thesis_model_results/outputs/mtlsh_embeddability_tradeoff/MTLSH__mse__minmax__seed42__model_head_sizes64__model_shared_sizes128_64/scatter_Delta_P_IBR_4.png
Saved model to results/thesis_model_results/outputs/mtlsh_embeddability_tradeoff/MTLSH__mse__minmax__seed42__model_head_sizes64__model_shared_sizes128_64/mtlsh_state_dict.pt
Loss type: mse | weights=[]
Target stats (scaled):
train mean=[0.549  0.589  0.492  0.4884 0.4785 0.4192]
train std=[0.1365 0.1371 0.1141 0.1063 0.1158 0.1138]
train q05=[0.3074 0.3979 0.3192 0.303  0.3347 0.2205]
train q95=[0.7933 0.8652 0.6719 0.6491 0.6927 0.6016]
val mean=[0.5473 0.5873 0.4922 0.4893 0.4798 0.4201]
val std=[0.1343 0.1348 0.1123 0.1072 0.1141 0.1112]
val q05=[0.3103 0.3982 0.3195 0.303  0.3376 0.2251]
val q95=[0.7886 0.8626 0.6731 0.6514 0.6918 0.5984]
val/train std ratio=[0.984  0.9828 0.9844 1.0084 0.9848 0.9772]
LR scheduler: ReduceLROnPlateau (factor=0.5, patience=8, min_lr=1e-07)
Epoch 001 | train_loss=3.1935e-02 | train_eval_loss=1.4355e-02 | val_loss=1.3949e-02 | | lr=1.00e-03
Saved best model to results/thesis_model_results/outputs/mtlsh_embeddability_tradeoff/MTLSH__mse__minmax__seed42__model_head_sizes128__model_shared_sizes128_64/mtlsh_state_dict_best.pt
Epoch 002 | train_loss=1.2820e-02 | train_eval_loss=8.1376e-03 | val_loss=7.9228e-03 | | lr=1.00e-03
Saved best model to results/thesis_model_results/outputs/mtlsh_embeddability_tradeoff/MTLSH__mse__minmax__seed42__model_head_sizes128__model_shared_sizes128_64/mtlsh_state_dict_best.pt
Epoch 003 | train_loss=4.4371e-03 | train_eval_loss=3.5143e-03 | val_loss=3.4666e-03 | | lr=1.00e-03
Saved best model to results/thesis_model_results/outputs/mtlsh_embeddability_tradeoff/MTLSH__mse__minmax__seed42__model_head_sizes128__model_shared_sizes128_64/mtlsh_state_dict_best.pt
Epoch 004 | train_loss=3.2811e-03 | train_eval_loss=2.9435e-03 | val_loss=2.8950e-03 | | lr=1.00e-03
Saved best model to results/thesis_model_results/outputs/mtlsh_embeddability_tradeoff/MTLSH__mse__minmax__seed42__model_head_sizes128__model_shared_sizes128_64/mtlsh_state_dict_best.pt
Epoch 005 | train_loss=2.6931e-03 | train_eval_loss=2.4332e-03 | val_loss=2.3802e-03 | | lr=1.00e-03
Saved best model to results/thesis_model_results/outputs/mtlsh_embeddability_tradeoff/MTLSH__mse__minmax__seed42__model_head_sizes128__model_shared_sizes128_64/mtlsh_state_dict_best.pt
Epoch 006 | train_loss=2.2126e-03 | train_eval_loss=2.1425e-03 | val_loss=2.0821e-03 | | lr=1.00e-03
Saved best model to results/thesis_model_results/outputs/mtlsh_embeddability_tradeoff/MTLSH__mse__minmax__seed42__model_head_sizes128__model_shared_sizes128_64/mtlsh_state_dict_best.pt
Epoch 007 | train_loss=1.9174e-03 | train_eval_loss=1.8024e-03 | val_loss=1.7691e-03 | | lr=1.00e-03
Saved best model to results/thesis_model_results/outputs/mtlsh_embeddability_tradeoff/MTLSH__mse__minmax__seed42__model_head_sizes128__model_shared_sizes128_64/mtlsh_state_dict_best.pt
Epoch 008 | train_loss=1.7445e-03 | train_eval_loss=1.8388e-03 | val_loss=1.8059e-03 | | lr=1.00e-03
Epoch 009 | train_loss=1.6844e-03 | train_eval_loss=1.6213e-03 | val_loss=1.5911e-03 | | lr=1.00e-03
Saved best model to results/thesis_model_results/outputs/mtlsh_embeddability_tradeoff/MTLSH__mse__minmax__seed42__model_head_sizes128__model_shared_sizes128_64/mtlsh_state_dict_best.pt
Epoch 010 | train_loss=1.6276e-03 | train_eval_loss=1.6155e-03 | val_loss=1.5912e-03 | | lr=1.00e-03
Epoch 011 | train_loss=1.5647e-03 | train_eval_loss=1.5625e-03 | val_loss=1.5369e-03 | | lr=1.00e-03
Saved best model to results/thesis_model_results/outputs/mtlsh_embeddability_tradeoff/MTLSH__mse__minmax__seed42__model_head_sizes128__model_shared_sizes128_64/mtlsh_state_dict_best.pt
Epoch 012 | train_loss=1.4813e-03 | train_eval_loss=1.4564e-03 | val_loss=1.4385e-03 | | lr=1.00e-03
Saved best model to results/thesis_model_results/outputs/mtlsh_embeddability_tradeoff/MTLSH__mse__minmax__seed42__model_head_sizes128__model_shared_sizes128_64/mtlsh_state_dict_best.pt
Epoch 013 | train_loss=1.4997e-03 | train_eval_loss=1.4222e-03 | val_loss=1.4089e-03 | | lr=1.00e-03
Saved best model to results/thesis_model_results/outputs/mtlsh_embeddability_tradeoff/MTLSH__mse__minmax__seed42__model_head_sizes128__model_shared_sizes128_64/mtlsh_state_dict_best.pt
Epoch 014 | train_loss=1.4581e-03 | train_eval_loss=1.4138e-03 | val_loss=1.3917e-03 | | lr=1.00e-03
Saved best model to results/thesis_model_results/outputs/mtlsh_embeddability_tradeoff/MTLSH__mse__minmax__seed42__model_head_sizes128__model_shared_sizes128_64/mtlsh_state_dict_best.pt
Epoch 015 | train_loss=1.3645e-03 | train_eval_loss=1.3153e-03 | val_loss=1.2979e-03 | | lr=1.00e-03
Saved best model to results/thesis_model_results/outputs/mtlsh_embeddability_tradeoff/MTLSH__mse__minmax__seed42__model_head_sizes128__model_shared_sizes128_64/mtlsh_state_dict_best.pt
Epoch 016 | train_loss=1.2905e-03 | train_eval_loss=1.2574e-03 | val_loss=1.2492e-03 | | lr=1.00e-03
Saved best model to results/thesis_model_results/outputs/mtlsh_embeddability_tradeoff/MTLSH__mse__minmax__seed42__model_head_sizes128__model_shared_sizes128_64/mtlsh_state_dict_best.pt
Epoch 017 | train_loss=1.2578e-03 | train_eval_loss=1.2511e-03 | val_loss=1.2371e-03 | | lr=1.00e-03
Saved best model to results/thesis_model_results/outputs/mtlsh_embeddability_tradeoff/MTLSH__mse__minmax__seed42__model_head_sizes128__model_shared_sizes128_64/mtlsh_state_dict_best.pt
Epoch 018 | train_loss=1.2371e-03 | train_eval_loss=1.2171e-03 | val_loss=1.2082e-03 | | lr=1.00e-03
Saved best model to results/thesis_model_results/outputs/mtlsh_embeddability_tradeoff/MTLSH__mse__minmax__seed42__model_head_sizes128__model_shared_sizes128_64/mtlsh_state_dict_best.pt
Epoch 019 | train_loss=1.2117e-03 | train_eval_loss=1.2084e-03 | val_loss=1.2048e-03 | | lr=1.00e-03
Saved best model to results/thesis_model_results/outputs/mtlsh_embeddability_tradeoff/MTLSH__mse__minmax__seed42__model_head_sizes128__model_shared_sizes128_64/mtlsh_state_dict_best.pt
Epoch 020 | train_loss=1.1694e-03 | train_eval_loss=1.1589e-03 | val_loss=1.1501e-03 | | lr=1.00e-03
Saved best model to results/thesis_model_results/outputs/mtlsh_embeddability_tradeoff/MTLSH__mse__minmax__seed42__model_head_sizes128__model_shared_sizes128_64/mtlsh_state_dict_best.pt
Epoch 021 | train_loss=1.1686e-03 | train_eval_loss=1.1185e-03 | val_loss=1.1105e-03 | | lr=1.00e-03
Saved best model to results/thesis_model_results/outputs/mtlsh_embeddability_tradeoff/MTLSH__mse__minmax__seed42__model_head_sizes128__model_shared_sizes128_64/mtlsh_state_dict_best.pt
Epoch 022 | train_loss=1.1424e-03 | train_eval_loss=1.0972e-03 | val_loss=1.0887e-03 | | lr=1.00e-03
Saved best model to results/thesis_model_results/outputs/mtlsh_embeddability_tradeoff/MTLSH__mse__minmax__seed42__model_head_sizes128__model_shared_sizes128_64/mtlsh_state_dict_best.pt
Epoch 023 | train_loss=1.0937e-03 | train_eval_loss=1.0950e-03 | val_loss=1.0862e-03 | | lr=1.00e-03
Saved best model to results/thesis_model_results/outputs/mtlsh_embeddability_tradeoff/MTLSH__mse__minmax__seed42__model_head_sizes128__model_shared_sizes128_64/mtlsh_state_dict_best.pt
Epoch 024 | train_loss=1.0810e-03 | train_eval_loss=1.1995e-03 | val_loss=1.1881e-03 | | lr=1.00e-03
Epoch 025 | train_loss=1.0724e-03 | train_eval_loss=1.0980e-03 | val_loss=1.0864e-03 | | lr=1.00e-03
Epoch 026 | train_loss=1.0146e-03 | train_eval_loss=1.0174e-03 | val_loss=1.0049e-03 | | lr=1.00e-03
Saved best model to results/thesis_model_results/outputs/mtlsh_embeddability_tradeoff/MTLSH__mse__minmax__seed42__model_head_sizes128__model_shared_sizes128_64/mtlsh_state_dict_best.pt
Epoch 027 | train_loss=1.0201e-03 | train_eval_loss=9.7328e-04 | val_loss=9.6535e-04 | | lr=1.00e-03
Saved best model to results/thesis_model_results/outputs/mtlsh_embeddability_tradeoff/MTLSH__mse__minmax__seed42__model_head_sizes128__model_shared_sizes128_64/mtlsh_state_dict_best.pt
Epoch 028 | train_loss=1.0285e-03 | train_eval_loss=1.0019e-03 | val_loss=9.9003e-04 | | lr=1.00e-03
Epoch 029 | train_loss=9.8906e-04 | train_eval_loss=9.6908e-04 | val_loss=9.6051e-04 | | lr=1.00e-03
Saved best model to results/thesis_model_results/outputs/mtlsh_embeddability_tradeoff/MTLSH__mse__minmax__seed42__model_head_sizes128__model_shared_sizes128_64/mtlsh_state_dict_best.pt
Epoch 030 | train_loss=9.4386e-04 | train_eval_loss=9.1169e-04 | val_loss=9.0284e-04 | | lr=1.00e-03
Saved best model to results/thesis_model_results/outputs/mtlsh_embeddability_tradeoff/MTLSH__mse__minmax__seed42__model_head_sizes128__model_shared_sizes128_64/mtlsh_state_dict_best.pt
Epoch 031 | train_loss=9.2036e-04 | train_eval_loss=9.9609e-04 | val_loss=9.8890e-04 | | lr=1.00e-03
Epoch 032 | train_loss=9.4648e-04 | train_eval_loss=9.7493e-04 | val_loss=9.6751e-04 | | lr=1.00e-03
Epoch 033 | train_loss=9.3887e-04 | train_eval_loss=9.1780e-04 | val_loss=9.1459e-04 | | lr=1.00e-03
Epoch 034 | train_loss=8.9192e-04 | train_eval_loss=8.6207e-04 | val_loss=8.5755e-04 | | lr=1.00e-03
Saved best model to results/thesis_model_results/outputs/mtlsh_embeddability_tradeoff/MTLSH__mse__minmax__seed42__model_head_sizes128__model_shared_sizes128_64/mtlsh_state_dict_best.pt
Epoch 035 | train_loss=9.0255e-04 | train_eval_loss=1.0960e-03 | val_loss=1.0927e-03 | | lr=1.00e-03
Epoch 036 | train_loss=8.6851e-04 | train_eval_loss=8.4261e-04 | val_loss=8.3989e-04 | | lr=1.00e-03
Saved best model to results/thesis_model_results/outputs/mtlsh_embeddability_tradeoff/MTLSH__mse__minmax__seed42__model_head_sizes128__model_shared_sizes128_64/mtlsh_state_dict_best.pt
Epoch 037 | train_loss=8.7142e-04 | train_eval_loss=8.6345e-04 | val_loss=8.6629e-04 | | lr=1.00e-03
Epoch 038 | train_loss=8.2359e-04 | train_eval_loss=7.9497e-04 | val_loss=7.9302e-04 | | lr=1.00e-03
Saved best model to results/thesis_model_results/outputs/mtlsh_embeddability_tradeoff/MTLSH__mse__minmax__seed42__model_head_sizes128__model_shared_sizes128_64/mtlsh_state_dict_best.pt
Epoch 039 | train_loss=8.1338e-04 | train_eval_loss=7.9696e-04 | val_loss=7.9525e-04 | | lr=1.00e-03
Epoch 040 | train_loss=8.0530e-04 | train_eval_loss=9.7833e-04 | val_loss=9.7511e-04 | | lr=1.00e-03
Epoch 041 | train_loss=7.8062e-04 | train_eval_loss=8.6135e-04 | val_loss=8.6564e-04 | | lr=1.00e-03
Epoch 042 | train_loss=7.7054e-04 | train_eval_loss=7.7879e-04 | val_loss=7.7867e-04 | | lr=1.00e-03
Saved best model to results/thesis_model_results/outputs/mtlsh_embeddability_tradeoff/MTLSH__mse__minmax__seed42__model_head_sizes128__model_shared_sizes128_64/mtlsh_state_dict_best.pt
Epoch 043 | train_loss=7.7194e-04 | train_eval_loss=7.4025e-04 | val_loss=7.3943e-04 | | lr=1.00e-03
Saved best model to results/thesis_model_results/outputs/mtlsh_embeddability_tradeoff/MTLSH__mse__minmax__seed42__model_head_sizes128__model_shared_sizes128_64/mtlsh_state_dict_best.pt
Epoch 044 | train_loss=7.9269e-04 | train_eval_loss=7.9165e-04 | val_loss=7.9027e-04 | | lr=1.00e-03
Epoch 045 | train_loss=7.2492e-04 | train_eval_loss=7.5248e-04 | val_loss=7.5145e-04 | | lr=1.00e-03
Epoch 046 | train_loss=7.7517e-04 | train_eval_loss=7.1307e-04 | val_loss=7.1596e-04 | | lr=1.00e-03
Saved best model to results/thesis_model_results/outputs/mtlsh_embeddability_tradeoff/MTLSH__mse__minmax__seed42__model_head_sizes128__model_shared_sizes128_64/mtlsh_state_dict_best.pt
Epoch 047 | train_loss=7.0845e-04 | train_eval_loss=7.7602e-04 | val_loss=7.7758e-04 | | lr=1.00e-03
Epoch 048 | train_loss=7.3766e-04 | train_eval_loss=7.3330e-04 | val_loss=7.3196e-04 | | lr=1.00e-03
Epoch 049 | train_loss=7.0881e-04 | train_eval_loss=6.7408e-04 | val_loss=6.7542e-04 | | lr=1.00e-03
Saved best model to results/thesis_model_results/outputs/mtlsh_embeddability_tradeoff/MTLSH__mse__minmax__seed42__model_head_sizes128__model_shared_sizes128_64/mtlsh_state_dict_best.pt
Epoch 050 | train_loss=7.3178e-04 | train_eval_loss=7.1532e-04 | val_loss=7.1764e-04 | | lr=1.00e-03
Epoch 051 | train_loss=7.4864e-04 | train_eval_loss=6.8676e-04 | val_loss=6.8822e-04 | | lr=1.00e-03
Epoch 052 | train_loss=6.7276e-04 | train_eval_loss=6.7784e-04 | val_loss=6.8041e-04 | | lr=1.00e-03
Epoch 053 | train_loss=7.0316e-04 | train_eval_loss=6.9723e-04 | val_loss=6.9933e-04 | | lr=1.00e-03
Epoch 054 | train_loss=6.8575e-04 | train_eval_loss=7.0893e-04 | val_loss=7.0779e-04 | | lr=1.00e-03
Epoch 055 | train_loss=6.9553e-04 | train_eval_loss=6.5465e-04 | val_loss=6.5834e-04 | | lr=1.00e-03
Saved best model to results/thesis_model_results/outputs/mtlsh_embeddability_tradeoff/MTLSH__mse__minmax__seed42__model_head_sizes128__model_shared_sizes128_64/mtlsh_state_dict_best.pt
Epoch 056 | train_loss=6.5169e-04 | train_eval_loss=6.3361e-04 | val_loss=6.4316e-04 | | lr=1.00e-03
Saved best model to results/thesis_model_results/outputs/mtlsh_embeddability_tradeoff/MTLSH__mse__minmax__seed42__model_head_sizes128__model_shared_sizes128_64/mtlsh_state_dict_best.pt
Epoch 057 | train_loss=6.4032e-04 | train_eval_loss=6.3374e-04 | val_loss=6.3835e-04 | | lr=1.00e-03
Saved best model to results/thesis_model_results/outputs/mtlsh_embeddability_tradeoff/MTLSH__mse__minmax__seed42__model_head_sizes128__model_shared_sizes128_64/mtlsh_state_dict_best.pt
Epoch 058 | train_loss=6.3615e-04 | train_eval_loss=7.0501e-04 | val_loss=7.1273e-04 | | lr=1.00e-03
Epoch 059 | train_loss=6.3660e-04 | train_eval_loss=6.3128e-04 | val_loss=6.3938e-04 | | lr=1.00e-03
Epoch 060 | train_loss=6.4103e-04 | train_eval_loss=6.1644e-04 | val_loss=6.2654e-04 | | lr=1.00e-03
Saved best model to results/thesis_model_results/outputs/mtlsh_embeddability_tradeoff/MTLSH__mse__minmax__seed42__model_head_sizes128__model_shared_sizes128_64/mtlsh_state_dict_best.pt
Epoch 061 | train_loss=6.4393e-04 | train_eval_loss=6.9375e-04 | val_loss=6.9212e-04 | | lr=1.00e-03
Epoch 062 | train_loss=6.2100e-04 | train_eval_loss=5.8943e-04 | val_loss=5.9828e-04 | | lr=1.00e-03
Saved best model to results/thesis_model_results/outputs/mtlsh_embeddability_tradeoff/MTLSH__mse__minmax__seed42__model_head_sizes128__model_shared_sizes128_64/mtlsh_state_dict_best.pt
Epoch 063 | train_loss=6.0234e-04 | train_eval_loss=6.3050e-04 | val_loss=6.3828e-04 | | lr=1.00e-03
Epoch 064 | train_loss=6.7691e-04 | train_eval_loss=6.0849e-04 | val_loss=6.1092e-04 | | lr=1.00e-03
Epoch 065 | train_loss=6.1615e-04 | train_eval_loss=6.7496e-04 | val_loss=6.8566e-04 | | lr=1.00e-03
Epoch 066 | train_loss=6.2756e-04 | train_eval_loss=6.8497e-04 | val_loss=6.8799e-04 | | lr=1.00e-03
Epoch 067 | train_loss=5.9765e-04 | train_eval_loss=5.6132e-04 | val_loss=5.6869e-04 | | lr=1.00e-03
Saved best model to results/thesis_model_results/outputs/mtlsh_embeddability_tradeoff/MTLSH__mse__minmax__seed42__model_head_sizes128__model_shared_sizes128_64/mtlsh_state_dict_best.pt
Epoch 068 | train_loss=6.1529e-04 | train_eval_loss=5.6578e-04 | val_loss=5.6928e-04 | | lr=1.00e-03
Epoch 069 | train_loss=5.9770e-04 | train_eval_loss=5.8603e-04 | val_loss=5.9366e-04 | | lr=1.00e-03
Epoch 070 | train_loss=6.4522e-04 | train_eval_loss=6.3151e-04 | val_loss=6.3545e-04 | | lr=1.00e-03
Epoch 071 | train_loss=5.9522e-04 | train_eval_loss=5.6618e-04 | val_loss=5.7605e-04 | | lr=1.00e-03
Epoch 072 | train_loss=5.8131e-04 | train_eval_loss=6.5804e-04 | val_loss=6.6808e-04 | | lr=1.00e-03
Epoch 073 | train_loss=5.8944e-04 | train_eval_loss=6.7516e-04 | val_loss=6.7837e-04 | | lr=1.00e-03
Epoch 074 | train_loss=6.1488e-04 | train_eval_loss=5.7098e-04 | val_loss=5.7322e-04 | | lr=1.00e-03
Epoch 075 | train_loss=5.9545e-04 | train_eval_loss=5.9729e-04 | val_loss=6.0442e-04 | | lr=1.00e-03
Epoch 076 | train_loss=5.8077e-04 | train_eval_loss=5.6269e-04 | val_loss=5.6494e-04 | | lr=1.00e-03
Saved best model to results/thesis_model_results/outputs/mtlsh_embeddability_tradeoff/MTLSH__mse__minmax__seed42__model_head_sizes128__model_shared_sizes128_64/mtlsh_state_dict_best.pt
Epoch 077 | train_loss=6.0733e-04 | train_eval_loss=5.8237e-04 | val_loss=5.8696e-04 | | lr=1.00e-03
Epoch 078 | train_loss=5.6914e-04 | train_eval_loss=5.9931e-04 | val_loss=6.0585e-04 | | lr=1.00e-03
Epoch 079 | train_loss=5.7252e-04 | train_eval_loss=6.2776e-04 | val_loss=6.4118e-04 | | lr=1.00e-03
Epoch 080 | train_loss=6.0967e-04 | train_eval_loss=5.4240e-04 | val_loss=5.5387e-04 | | lr=1.00e-03
Saved best model to results/thesis_model_results/outputs/mtlsh_embeddability_tradeoff/MTLSH__mse__minmax__seed42__model_head_sizes128__model_shared_sizes128_64/mtlsh_state_dict_best.pt
Epoch 081 | train_loss=5.5863e-04 | train_eval_loss=5.6901e-04 | val_loss=5.8240e-04 | | lr=1.00e-03
Epoch 082 | train_loss=5.8445e-04 | train_eval_loss=5.7070e-04 | val_loss=5.8426e-04 | | lr=1.00e-03
Epoch 083 | train_loss=5.6680e-04 | train_eval_loss=5.5536e-04 | val_loss=5.6439e-04 | | lr=1.00e-03
Epoch 084 | train_loss=5.2601e-04 | train_eval_loss=5.0757e-04 | val_loss=5.1607e-04 | | lr=1.00e-03
Saved best model to results/thesis_model_results/outputs/mtlsh_embeddability_tradeoff/MTLSH__mse__minmax__seed42__model_head_sizes128__model_shared_sizes128_64/mtlsh_state_dict_best.pt
Epoch 085 | train_loss=5.6749e-04 | train_eval_loss=5.6660e-04 | val_loss=5.7496e-04 | | lr=1.00e-03
Epoch 086 | train_loss=5.6046e-04 | train_eval_loss=5.4096e-04 | val_loss=5.4611e-04 | | lr=1.00e-03
Epoch 087 | train_loss=5.3531e-04 | train_eval_loss=5.1381e-04 | val_loss=5.2808e-04 | | lr=1.00e-03
Epoch 088 | train_loss=5.2856e-04 | train_eval_loss=5.0526e-04 | val_loss=5.2174e-04 | | lr=1.00e-03
Epoch 089 | train_loss=5.5575e-04 | train_eval_loss=5.3389e-04 | val_loss=5.4650e-04 | | lr=1.00e-03
Epoch 090 | train_loss=5.5789e-04 | train_eval_loss=6.2710e-04 | val_loss=6.4192e-04 | | lr=1.00e-03
Epoch 091 | train_loss=6.2836e-04 | train_eval_loss=5.4093e-04 | val_loss=5.5496e-04 | | lr=1.00e-03
Epoch 092 | train_loss=5.1336e-04 | train_eval_loss=5.2766e-04 | val_loss=5.4746e-04 | | lr=1.00e-03
Epoch 093 | train_loss=5.1321e-04 | train_eval_loss=5.0876e-04 | val_loss=5.2053e-04 | | lr=1.00e-03
Epoch 094 | train_loss=4.7196e-04 | train_eval_loss=4.7609e-04 | val_loss=4.9268e-04 | | lr=5.00e-04
Saved best model to results/thesis_model_results/outputs/mtlsh_embeddability_tradeoff/MTLSH__mse__minmax__seed42__model_head_sizes128__model_shared_sizes128_64/mtlsh_state_dict_best.pt
Epoch 095 | train_loss=4.7337e-04 | train_eval_loss=4.8271e-04 | val_loss=5.0205e-04 | | lr=5.00e-04
Epoch 096 | train_loss=4.6461e-04 | train_eval_loss=4.6660e-04 | val_loss=4.8639e-04 | | lr=5.00e-04
Saved best model to results/thesis_model_results/outputs/mtlsh_embeddability_tradeoff/MTLSH__mse__minmax__seed42__model_head_sizes128__model_shared_sizes128_64/mtlsh_state_dict_best.pt
Epoch 097 | train_loss=4.6535e-04 | train_eval_loss=4.8146e-04 | val_loss=4.9650e-04 | | lr=5.00e-04
Epoch 098 | train_loss=4.6194e-04 | train_eval_loss=4.5346e-04 | val_loss=4.7308e-04 | | lr=5.00e-04
Saved best model to results/thesis_model_results/outputs/mtlsh_embeddability_tradeoff/MTLSH__mse__minmax__seed42__model_head_sizes128__model_shared_sizes128_64/mtlsh_state_dict_best.pt
Epoch 099 | train_loss=4.6533e-04 | train_eval_loss=4.5873e-04 | val_loss=4.7558e-04 | | lr=5.00e-04
Epoch 100 | train_loss=4.7517e-04 | train_eval_loss=5.0940e-04 | val_loss=5.2829e-04 | | lr=5.00e-04
Epoch 101 | train_loss=4.8624e-04 | train_eval_loss=4.9839e-04 | val_loss=5.1734e-04 | | lr=5.00e-04
Epoch 102 | train_loss=4.5911e-04 | train_eval_loss=4.7327e-04 | val_loss=4.9109e-04 | | lr=5.00e-04
Epoch 103 | train_loss=4.7078e-04 | train_eval_loss=4.7058e-04 | val_loss=4.8264e-04 | | lr=5.00e-04
Epoch 104 | train_loss=4.6610e-04 | train_eval_loss=4.3993e-04 | val_loss=4.5846e-04 | | lr=5.00e-04
Saved best model to results/thesis_model_results/outputs/mtlsh_embeddability_tradeoff/MTLSH__mse__minmax__seed42__model_head_sizes128__model_shared_sizes128_64/mtlsh_state_dict_best.pt
Epoch 105 | train_loss=4.5530e-04 | train_eval_loss=4.4733e-04 | val_loss=4.6275e-04 | | lr=5.00e-04
Epoch 106 | train_loss=4.5965e-04 | train_eval_loss=4.6021e-04 | val_loss=4.7766e-04 | | lr=5.00e-04
Epoch 107 | train_loss=4.5092e-04 | train_eval_loss=4.5021e-04 | val_loss=4.6994e-04 | | lr=5.00e-04
Epoch 108 | train_loss=4.5887e-04 | train_eval_loss=4.3766e-04 | val_loss=4.5597e-04 | | lr=5.00e-04
Saved best model to results/thesis_model_results/outputs/mtlsh_embeddability_tradeoff/MTLSH__mse__minmax__seed42__model_head_sizes128__model_shared_sizes128_64/mtlsh_state_dict_best.pt
Epoch 109 | train_loss=4.5821e-04 | train_eval_loss=4.5771e-04 | val_loss=4.7829e-04 | | lr=5.00e-04
Epoch 110 | train_loss=4.5732e-04 | train_eval_loss=4.5671e-04 | val_loss=4.7658e-04 | | lr=5.00e-04
Epoch 111 | train_loss=4.5428e-04 | train_eval_loss=4.5661e-04 | val_loss=4.7787e-04 | | lr=5.00e-04
Epoch 112 | train_loss=4.5540e-04 | train_eval_loss=4.8514e-04 | val_loss=5.0582e-04 | | lr=5.00e-04
Epoch 113 | train_loss=4.6911e-04 | train_eval_loss=4.4783e-04 | val_loss=4.6794e-04 | | lr=5.00e-04
Epoch 114 | train_loss=4.5559e-04 | train_eval_loss=4.8335e-04 | val_loss=5.0181e-04 | | lr=5.00e-04
Epoch 115 | train_loss=4.7128e-04 | train_eval_loss=4.3769e-04 | val_loss=4.5575e-04 | | lr=5.00e-04
Saved best model to results/thesis_model_results/outputs/mtlsh_embeddability_tradeoff/MTLSH__mse__minmax__seed42__model_head_sizes128__model_shared_sizes128_64/mtlsh_state_dict_best.pt
Epoch 116 | train_loss=4.5868e-04 | train_eval_loss=4.7819e-04 | val_loss=4.9605e-04 | | lr=5.00e-04
Epoch 117 | train_loss=4.7336e-04 | train_eval_loss=4.5173e-04 | val_loss=4.7462e-04 | | lr=5.00e-04
Epoch 118 | train_loss=4.5747e-04 | train_eval_loss=4.3382e-04 | val_loss=4.5524e-04 | | lr=5.00e-04
Saved best model to results/thesis_model_results/outputs/mtlsh_embeddability_tradeoff/MTLSH__mse__minmax__seed42__model_head_sizes128__model_shared_sizes128_64/mtlsh_state_dict_best.pt
Epoch 119 | train_loss=4.4489e-04 | train_eval_loss=4.4876e-04 | val_loss=4.7137e-04 | | lr=5.00e-04
Epoch 120 | train_loss=4.3981e-04 | train_eval_loss=4.3227e-04 | val_loss=4.5406e-04 | | lr=5.00e-04
Saved best model to results/thesis_model_results/outputs/mtlsh_embeddability_tradeoff/MTLSH__mse__minmax__seed42__model_head_sizes128__model_shared_sizes128_64/mtlsh_state_dict_best.pt
Epoch 121 | train_loss=4.4284e-04 | train_eval_loss=4.6921e-04 | val_loss=4.8472e-04 | | lr=5.00e-04
Epoch 122 | train_loss=4.5202e-04 | train_eval_loss=4.3674e-04 | val_loss=4.5148e-04 | | lr=5.00e-04
Saved best model to results/thesis_model_results/outputs/mtlsh_embeddability_tradeoff/MTLSH__mse__minmax__seed42__model_head_sizes128__model_shared_sizes128_64/mtlsh_state_dict_best.pt
Epoch 123 | train_loss=4.4510e-04 | train_eval_loss=4.2540e-04 | val_loss=4.4836e-04 | | lr=5.00e-04
Saved best model to results/thesis_model_results/outputs/mtlsh_embeddability_tradeoff/MTLSH__mse__minmax__seed42__model_head_sizes128__model_shared_sizes128_64/mtlsh_state_dict_best.pt
Epoch 124 | train_loss=4.4416e-04 | train_eval_loss=4.9583e-04 | val_loss=5.1420e-04 | | lr=5.00e-04
Epoch 125 | train_loss=4.5088e-04 | train_eval_loss=4.7543e-04 | val_loss=4.9240e-04 | | lr=5.00e-04
Epoch 126 | train_loss=4.3909e-04 | train_eval_loss=4.4889e-04 | val_loss=4.7754e-04 | | lr=5.00e-04
Epoch 127 | train_loss=4.3827e-04 | train_eval_loss=4.7109e-04 | val_loss=4.9650e-04 | | lr=5.00e-04
Epoch 128 | train_loss=4.3362e-04 | train_eval_loss=4.3189e-04 | val_loss=4.5182e-04 | | lr=5.00e-04
Epoch 129 | train_loss=4.4503e-04 | train_eval_loss=4.6305e-04 | val_loss=4.7872e-04 | | lr=5.00e-04
Epoch 130 | train_loss=4.4302e-04 | train_eval_loss=4.4551e-04 | val_loss=4.6172e-04 | | lr=5.00e-04
Epoch 131 | train_loss=4.5273e-04 | train_eval_loss=4.5143e-04 | val_loss=4.7216e-04 | | lr=5.00e-04
Epoch 132 | train_loss=4.4215e-04 | train_eval_loss=4.5306e-04 | val_loss=4.7963e-04 | | lr=5.00e-04
Epoch 133 | train_loss=4.0863e-04 | train_eval_loss=3.9536e-04 | val_loss=4.1803e-04 | | lr=2.50e-04
Saved best model to results/thesis_model_results/outputs/mtlsh_embeddability_tradeoff/MTLSH__mse__minmax__seed42__model_head_sizes128__model_shared_sizes128_64/mtlsh_state_dict_best.pt
Epoch 134 | train_loss=4.0862e-04 | train_eval_loss=4.0093e-04 | val_loss=4.2697e-04 | | lr=2.50e-04
Epoch 135 | train_loss=4.0849e-04 | train_eval_loss=3.8790e-04 | val_loss=4.1328e-04 | | lr=2.50e-04
Saved best model to results/thesis_model_results/outputs/mtlsh_embeddability_tradeoff/MTLSH__mse__minmax__seed42__model_head_sizes128__model_shared_sizes128_64/mtlsh_state_dict_best.pt
Epoch 136 | train_loss=4.0399e-04 | train_eval_loss=4.1322e-04 | val_loss=4.3942e-04 | | lr=2.50e-04
Epoch 137 | train_loss=4.1081e-04 | train_eval_loss=4.0742e-04 | val_loss=4.3022e-04 | | lr=2.50e-04
Epoch 138 | train_loss=4.0110e-04 | train_eval_loss=3.9129e-04 | val_loss=4.1497e-04 | | lr=2.50e-04
Epoch 139 | train_loss=4.0480e-04 | train_eval_loss=3.9198e-04 | val_loss=4.1734e-04 | | lr=2.50e-04
Epoch 140 | train_loss=4.0202e-04 | train_eval_loss=3.9570e-04 | val_loss=4.2095e-04 | | lr=2.50e-04
Epoch 141 | train_loss=4.0423e-04 | train_eval_loss=3.9108e-04 | val_loss=4.1586e-04 | | lr=2.50e-04
Epoch 142 | train_loss=3.9963e-04 | train_eval_loss=3.9707e-04 | val_loss=4.2362e-04 | | lr=2.50e-04
Epoch 143 | train_loss=4.0106e-04 | train_eval_loss=4.0207e-04 | val_loss=4.2723e-04 | | lr=2.50e-04
Epoch 144 | train_loss=4.0514e-04 | train_eval_loss=3.9653e-04 | val_loss=4.2110e-04 | | lr=2.50e-04
Epoch 145 | train_loss=3.9010e-04 | train_eval_loss=3.8629e-04 | val_loss=4.1292e-04 | | lr=1.25e-04
Saved best model to results/thesis_model_results/outputs/mtlsh_embeddability_tradeoff/MTLSH__mse__minmax__seed42__model_head_sizes128__model_shared_sizes128_64/mtlsh_state_dict_best.pt
Epoch 146 | train_loss=3.8746e-04 | train_eval_loss=3.8663e-04 | val_loss=4.1373e-04 | | lr=1.25e-04
Epoch 147 | train_loss=3.8697e-04 | train_eval_loss=4.0661e-04 | val_loss=4.3461e-04 | | lr=1.25e-04
Epoch 148 | train_loss=3.9008e-04 | train_eval_loss=3.8544e-04 | val_loss=4.1183e-04 | | lr=1.25e-04
Saved best model to results/thesis_model_results/outputs/mtlsh_embeddability_tradeoff/MTLSH__mse__minmax__seed42__model_head_sizes128__model_shared_sizes128_64/mtlsh_state_dict_best.pt
Epoch 149 | train_loss=3.8518e-04 | train_eval_loss=3.8342e-04 | val_loss=4.1044e-04 | | lr=1.25e-04
Saved best model to results/thesis_model_results/outputs/mtlsh_embeddability_tradeoff/MTLSH__mse__minmax__seed42__model_head_sizes128__model_shared_sizes128_64/mtlsh_state_dict_best.pt
Epoch 150 | train_loss=3.8734e-04 | train_eval_loss=3.8579e-04 | val_loss=4.1200e-04 | | lr=1.25e-04
Epoch 151 | train_loss=3.8510e-04 | train_eval_loss=3.7976e-04 | val_loss=4.0551e-04 | | lr=1.25e-04
Saved best model to results/thesis_model_results/outputs/mtlsh_embeddability_tradeoff/MTLSH__mse__minmax__seed42__model_head_sizes128__model_shared_sizes128_64/mtlsh_state_dict_best.pt
Epoch 152 | train_loss=3.8743e-04 | train_eval_loss=3.8437e-04 | val_loss=4.1174e-04 | | lr=1.25e-04
Epoch 153 | train_loss=3.9117e-04 | train_eval_loss=3.8719e-04 | val_loss=4.1604e-04 | | lr=1.25e-04
Epoch 154 | train_loss=3.8646e-04 | train_eval_loss=4.0597e-04 | val_loss=4.3020e-04 | | lr=1.25e-04
Epoch 155 | train_loss=3.9285e-04 | train_eval_loss=3.7902e-04 | val_loss=4.0609e-04 | | lr=1.25e-04
Epoch 156 | train_loss=3.8588e-04 | train_eval_loss=3.8464e-04 | val_loss=4.1087e-04 | | lr=1.25e-04
Epoch 157 | train_loss=3.8320e-04 | train_eval_loss=3.8629e-04 | val_loss=4.1050e-04 | | lr=1.25e-04
Epoch 158 | train_loss=3.8303e-04 | train_eval_loss=3.8317e-04 | val_loss=4.1010e-04 | | lr=1.25e-04
Epoch 159 | train_loss=3.8613e-04 | train_eval_loss=3.8137e-04 | val_loss=4.0940e-04 | | lr=1.25e-04
Epoch 160 | train_loss=3.8738e-04 | train_eval_loss=3.8010e-04 | val_loss=4.0463e-04 | | lr=1.25e-04
Saved best model to results/thesis_model_results/outputs/mtlsh_embeddability_tradeoff/MTLSH__mse__minmax__seed42__model_head_sizes128__model_shared_sizes128_64/mtlsh_state_dict_best.pt
Epoch 161 | train_loss=3.8975e-04 | train_eval_loss=3.8145e-04 | val_loss=4.0819e-04 | | lr=1.25e-04
Epoch 162 | train_loss=3.8466e-04 | train_eval_loss=3.9717e-04 | val_loss=4.2650e-04 | | lr=1.25e-04
Epoch 163 | train_loss=3.8815e-04 | train_eval_loss=3.8212e-04 | val_loss=4.1129e-04 | | lr=1.25e-04
Epoch 164 | train_loss=3.8435e-04 | train_eval_loss=3.7692e-04 | val_loss=4.0371e-04 | | lr=1.25e-04
Saved best model to results/thesis_model_results/outputs/mtlsh_embeddability_tradeoff/MTLSH__mse__minmax__seed42__model_head_sizes128__model_shared_sizes128_64/mtlsh_state_dict_best.pt
Epoch 165 | train_loss=3.8225e-04 | train_eval_loss=3.8913e-04 | val_loss=4.1645e-04 | | lr=1.25e-04
Epoch 166 | train_loss=3.8540e-04 | train_eval_loss=3.7695e-04 | val_loss=4.0631e-04 | | lr=1.25e-04
Epoch 167 | train_loss=3.8240e-04 | train_eval_loss=3.7426e-04 | val_loss=4.0427e-04 | | lr=1.25e-04
Epoch 168 | train_loss=3.8342e-04 | train_eval_loss=3.7690e-04 | val_loss=4.0630e-04 | | lr=1.25e-04
Epoch 169 | train_loss=3.8206e-04 | train_eval_loss=3.8078e-04 | val_loss=4.0497e-04 | | lr=1.25e-04
Epoch 170 | train_loss=3.8327e-04 | train_eval_loss=3.8197e-04 | val_loss=4.0835e-04 | | lr=1.25e-04
Epoch 171 | train_loss=3.7917e-04 | train_eval_loss=3.7410e-04 | val_loss=4.0232e-04 | | lr=1.25e-04
Saved best model to results/thesis_model_results/outputs/mtlsh_embeddability_tradeoff/MTLSH__mse__minmax__seed42__model_head_sizes128__model_shared_sizes128_64/mtlsh_state_dict_best.pt
Epoch 172 | train_loss=3.7921e-04 | train_eval_loss=3.7685e-04 | val_loss=4.0229e-04 | | lr=1.25e-04
Saved best model to results/thesis_model_results/outputs/mtlsh_embeddability_tradeoff/MTLSH__mse__minmax__seed42__model_head_sizes128__model_shared_sizes128_64/mtlsh_state_dict_best.pt
Epoch 173 | train_loss=3.7884e-04 | train_eval_loss=3.8120e-04 | val_loss=4.0897e-04 | | lr=1.25e-04
Epoch 174 | train_loss=3.8238e-04 | train_eval_loss=3.8652e-04 | val_loss=4.1714e-04 | | lr=1.25e-04
Epoch 175 | train_loss=3.8049e-04 | train_eval_loss=3.7642e-04 | val_loss=4.0645e-04 | | lr=1.25e-04
Epoch 176 | train_loss=3.7840e-04 | train_eval_loss=4.0961e-04 | val_loss=4.3839e-04 | | lr=1.25e-04
Epoch 177 | train_loss=3.9450e-04 | train_eval_loss=3.7149e-04 | val_loss=4.0037e-04 | | lr=1.25e-04
Saved best model to results/thesis_model_results/outputs/mtlsh_embeddability_tradeoff/MTLSH__mse__minmax__seed42__model_head_sizes128__model_shared_sizes128_64/mtlsh_state_dict_best.pt
Epoch 178 | train_loss=3.7806e-04 | train_eval_loss=3.7843e-04 | val_loss=4.0659e-04 | | lr=1.25e-04
Epoch 179 | train_loss=3.8026e-04 | train_eval_loss=3.6703e-04 | val_loss=3.9511e-04 | | lr=1.25e-04
Saved best model to results/thesis_model_results/outputs/mtlsh_embeddability_tradeoff/MTLSH__mse__minmax__seed42__model_head_sizes128__model_shared_sizes128_64/mtlsh_state_dict_best.pt
Epoch 180 | train_loss=3.7759e-04 | train_eval_loss=3.7185e-04 | val_loss=3.9879e-04 | | lr=1.25e-04
Epoch 181 | train_loss=3.7779e-04 | train_eval_loss=3.7275e-04 | val_loss=4.0229e-04 | | lr=1.25e-04
Epoch 182 | train_loss=3.8026e-04 | train_eval_loss=3.7297e-04 | val_loss=4.0114e-04 | | lr=1.25e-04
Epoch 183 | train_loss=3.7801e-04 | train_eval_loss=3.9280e-04 | val_loss=4.2194e-04 | | lr=1.25e-04
Epoch 184 | train_loss=3.7418e-04 | train_eval_loss=3.7269e-04 | val_loss=4.0133e-04 | | lr=1.25e-04
Epoch 185 | train_loss=3.8008e-04 | train_eval_loss=3.7414e-04 | val_loss=4.0210e-04 | | lr=1.25e-04
Epoch 186 | train_loss=3.7879e-04 | train_eval_loss=3.7413e-04 | val_loss=4.0482e-04 | | lr=1.25e-04
Epoch 187 | train_loss=3.7647e-04 | train_eval_loss=3.7221e-04 | val_loss=4.0338e-04 | | lr=1.25e-04
Epoch 188 | train_loss=3.7515e-04 | train_eval_loss=3.8461e-04 | val_loss=4.1628e-04 | | lr=1.25e-04
Epoch 189 | train_loss=3.6842e-04 | train_eval_loss=3.6085e-04 | val_loss=3.9095e-04 | | lr=6.25e-05
Saved best model to results/thesis_model_results/outputs/mtlsh_embeddability_tradeoff/MTLSH__mse__minmax__seed42__model_head_sizes128__model_shared_sizes128_64/mtlsh_state_dict_best.pt
Epoch 190 | train_loss=3.6488e-04 | train_eval_loss=3.6193e-04 | val_loss=3.9242e-04 | | lr=6.25e-05
Epoch 191 | train_loss=3.6576e-04 | train_eval_loss=3.6366e-04 | val_loss=3.9459e-04 | | lr=6.25e-05
Epoch 192 | train_loss=3.6699e-04 | train_eval_loss=3.6262e-04 | val_loss=3.9324e-04 | | lr=6.25e-05
Epoch 193 | train_loss=3.6638e-04 | train_eval_loss=3.6339e-04 | val_loss=3.9364e-04 | | lr=6.25e-05
Epoch 194 | train_loss=3.6784e-04 | train_eval_loss=3.6663e-04 | val_loss=3.9438e-04 | | lr=6.25e-05
Epoch 195 | train_loss=3.6479e-04 | train_eval_loss=3.6293e-04 | val_loss=3.9403e-04 | | lr=6.25e-05
Epoch 196 | train_loss=3.6643e-04 | train_eval_loss=3.6010e-04 | val_loss=3.9005e-04 | | lr=6.25e-05
Saved best model to results/thesis_model_results/outputs/mtlsh_embeddability_tradeoff/MTLSH__mse__minmax__seed42__model_head_sizes128__model_shared_sizes128_64/mtlsh_state_dict_best.pt
Epoch 197 | train_loss=3.6436e-04 | train_eval_loss=3.6093e-04 | val_loss=3.9029e-04 | | lr=6.25e-05
Epoch 198 | train_loss=3.6379e-04 | train_eval_loss=3.6355e-04 | val_loss=3.9307e-04 | | lr=6.25e-05
Epoch 199 | train_loss=3.6567e-04 | train_eval_loss=3.6152e-04 | val_loss=3.9087e-04 | | lr=6.25e-05
Epoch 200 | train_loss=3.6481e-04 | train_eval_loss=3.6274e-04 | val_loss=3.9395e-04 | | lr=6.25e-05
Saved training logs to results/thesis_model_results/outputs/mtlsh_embeddability_tradeoff/MTLSH__mse__minmax__seed42__model_head_sizes128__model_shared_sizes128_64/training_summary.txt
Test RMSE(rocof_COI) = 0.0134 | norm: 0.0102 | real_diff: 0.0091
Test RMSE(dev_COI) = 0.0234 | norm: 0.0087 | real_diff: 0.0125
Test RMSE(Delta_P_IBR_1) = 0.1204 | norm: 0.0190 | real_diff: 0.0819
Test RMSE(Delta_P_IBR_2) = 0.1184 | norm: 0.0165 | real_diff: 0.0693
Test RMSE(Delta_P_IBR_3) = 0.1831 | norm: 0.0321 | real_diff: 0.1030
Test RMSE(Delta_P_IBR_4) = 0.1968 | norm: 0.0203 | real_diff: 0.1230
Saved RMSE results to results/thesis_model_results/outputs/mtlsh_embeddability_tradeoff/MTLSH__mse__minmax__seed42__model_head_sizes128__model_shared_sizes128_64/rmse_results.txt
Saved detailed metrics to results/thesis_model_results/outputs/mtlsh_embeddability_tradeoff/MTLSH__mse__minmax__seed42__model_head_sizes128__model_shared_sizes128_64/metrics_by_target.csv
Saved aggregate metrics to results/thesis_model_results/outputs/mtlsh_embeddability_tradeoff/MTLSH__mse__minmax__seed42__model_head_sizes128__model_shared_sizes128_64/metrics_summary.json
Saved loss curves to results/thesis_model_results/outputs/mtlsh_embeddability_tradeoff/MTLSH__mse__minmax__seed42__model_head_sizes128__model_shared_sizes128_64/loss_curve.png
Saved scatter plot results/thesis_model_results/outputs/mtlsh_embeddability_tradeoff/MTLSH__mse__minmax__seed42__model_head_sizes128__model_shared_sizes128_64/scatter_rocof_COI.png
Saved scatter plot results/thesis_model_results/outputs/mtlsh_embeddability_tradeoff/MTLSH__mse__minmax__seed42__model_head_sizes128__model_shared_sizes128_64/scatter_dev_COI.png
Saved scatter plot results/thesis_model_results/outputs/mtlsh_embeddability_tradeoff/MTLSH__mse__minmax__seed42__model_head_sizes128__model_shared_sizes128_64/scatter_Delta_P_IBR_1.png
Saved scatter plot results/thesis_model_results/outputs/mtlsh_embeddability_tradeoff/MTLSH__mse__minmax__seed42__model_head_sizes128__model_shared_sizes128_64/scatter_Delta_P_IBR_2.png
Saved scatter plot results/thesis_model_results/outputs/mtlsh_embeddability_tradeoff/MTLSH__mse__minmax__seed42__model_head_sizes128__model_shared_sizes128_64/scatter_Delta_P_IBR_3.png
Saved scatter plot results/thesis_model_results/outputs/mtlsh_embeddability_tradeoff/MTLSH__mse__minmax__seed42__model_head_sizes128__model_shared_sizes128_64/scatter_Delta_P_IBR_4.png
Saved model to results/thesis_model_results/outputs/mtlsh_embeddability_tradeoff/MTLSH__mse__minmax__seed42__model_head_sizes128__model_shared_sizes128_64/mtlsh_state_dict.pt
Loss type: mse | weights=[]
Target stats (scaled):
train mean=[0.549  0.589  0.492  0.4884 0.4785 0.4192]
train std=[0.1365 0.1371 0.1141 0.1063 0.1158 0.1138]
train q05=[0.3074 0.3979 0.3192 0.303  0.3347 0.2205]
train q95=[0.7933 0.8652 0.6719 0.6491 0.6927 0.6016]
val mean=[0.5473 0.5873 0.4922 0.4893 0.4798 0.4201]
val std=[0.1343 0.1348 0.1123 0.1072 0.1141 0.1112]
val q05=[0.3103 0.3982 0.3195 0.303  0.3376 0.2251]
val q95=[0.7886 0.8626 0.6731 0.6514 0.6918 0.5984]
val/train std ratio=[0.984  0.9828 0.9844 1.0084 0.9848 0.9772]
LR scheduler: ReduceLROnPlateau (factor=0.5, patience=8, min_lr=1e-07)
Epoch 001 | train_loss=3.1453e-02 | train_eval_loss=1.4476e-02 | val_loss=1.4068e-02 | | lr=1.00e-03
Saved best model to results/thesis_model_results/outputs/mtlsh_embeddability_tradeoff/MTLSH__mse__minmax__seed42__model_head_sizes128_64__model_shared_sizes128_64/mtlsh_state_dict_best.pt
Epoch 002 | train_loss=1.3776e-02 | train_eval_loss=1.1577e-02 | val_loss=1.1257e-02 | | lr=1.00e-03
Saved best model to results/thesis_model_results/outputs/mtlsh_embeddability_tradeoff/MTLSH__mse__minmax__seed42__model_head_sizes128_64__model_shared_sizes128_64/mtlsh_state_dict_best.pt
Epoch 003 | train_loss=5.6333e-03 | train_eval_loss=3.6563e-03 | val_loss=3.6006e-03 | | lr=1.00e-03
Saved best model to results/thesis_model_results/outputs/mtlsh_embeddability_tradeoff/MTLSH__mse__minmax__seed42__model_head_sizes128_64__model_shared_sizes128_64/mtlsh_state_dict_best.pt
Epoch 004 | train_loss=3.3351e-03 | train_eval_loss=2.9775e-03 | val_loss=2.9202e-03 | | lr=1.00e-03
Saved best model to results/thesis_model_results/outputs/mtlsh_embeddability_tradeoff/MTLSH__mse__minmax__seed42__model_head_sizes128_64__model_shared_sizes128_64/mtlsh_state_dict_best.pt
Epoch 005 | train_loss=2.4709e-03 | train_eval_loss=2.1773e-03 | val_loss=2.1416e-03 | | lr=1.00e-03
Saved best model to results/thesis_model_results/outputs/mtlsh_embeddability_tradeoff/MTLSH__mse__minmax__seed42__model_head_sizes128_64__model_shared_sizes128_64/mtlsh_state_dict_best.pt
Epoch 006 | train_loss=1.8496e-03 | train_eval_loss=1.6724e-03 | val_loss=1.6357e-03 | | lr=1.00e-03
Saved best model to results/thesis_model_results/outputs/mtlsh_embeddability_tradeoff/MTLSH__mse__minmax__seed42__model_head_sizes128_64__model_shared_sizes128_64/mtlsh_state_dict_best.pt
Epoch 007 | train_loss=1.6313e-03 | train_eval_loss=1.5874e-03 | val_loss=1.5599e-03 | | lr=1.00e-03
Saved best model to results/thesis_model_results/outputs/mtlsh_embeddability_tradeoff/MTLSH__mse__minmax__seed42__model_head_sizes128_64__model_shared_sizes128_64/mtlsh_state_dict_best.pt
Epoch 008 | train_loss=1.5734e-03 | train_eval_loss=1.4049e-03 | val_loss=1.3816e-03 | | lr=1.00e-03
Saved best model to results/thesis_model_results/outputs/mtlsh_embeddability_tradeoff/MTLSH__mse__minmax__seed42__model_head_sizes128_64__model_shared_sizes128_64/mtlsh_state_dict_best.pt
Epoch 009 | train_loss=1.5190e-03 | train_eval_loss=1.5274e-03 | val_loss=1.5110e-03 | | lr=1.00e-03
Epoch 010 | train_loss=1.4537e-03 | train_eval_loss=1.3202e-03 | val_loss=1.3084e-03 | | lr=1.00e-03
Saved best model to results/thesis_model_results/outputs/mtlsh_embeddability_tradeoff/MTLSH__mse__minmax__seed42__model_head_sizes128_64__model_shared_sizes128_64/mtlsh_state_dict_best.pt
Epoch 011 | train_loss=1.3278e-03 | train_eval_loss=1.2198e-03 | val_loss=1.2113e-03 | | lr=1.00e-03
Saved best model to results/thesis_model_results/outputs/mtlsh_embeddability_tradeoff/MTLSH__mse__minmax__seed42__model_head_sizes128_64__model_shared_sizes128_64/mtlsh_state_dict_best.pt
Epoch 012 | train_loss=1.2945e-03 | train_eval_loss=1.4868e-03 | val_loss=1.4733e-03 | | lr=1.00e-03
Epoch 013 | train_loss=1.3093e-03 | train_eval_loss=1.2153e-03 | val_loss=1.2150e-03 | | lr=1.00e-03
Epoch 014 | train_loss=1.2067e-03 | train_eval_loss=1.1392e-03 | val_loss=1.1335e-03 | | lr=1.00e-03
Saved best model to results/thesis_model_results/outputs/mtlsh_embeddability_tradeoff/MTLSH__mse__minmax__seed42__model_head_sizes128_64__model_shared_sizes128_64/mtlsh_state_dict_best.pt
Epoch 015 | train_loss=1.1706e-03 | train_eval_loss=1.2703e-03 | val_loss=1.2662e-03 | | lr=1.00e-03
Epoch 016 | train_loss=1.1836e-03 | train_eval_loss=1.1243e-03 | val_loss=1.1237e-03 | | lr=1.00e-03
Saved best model to results/thesis_model_results/outputs/mtlsh_embeddability_tradeoff/MTLSH__mse__minmax__seed42__model_head_sizes128_64__model_shared_sizes128_64/mtlsh_state_dict_best.pt
Epoch 017 | train_loss=1.1092e-03 | train_eval_loss=1.0827e-03 | val_loss=1.0882e-03 | | lr=1.00e-03
Saved best model to results/thesis_model_results/outputs/mtlsh_embeddability_tradeoff/MTLSH__mse__minmax__seed42__model_head_sizes128_64__model_shared_sizes128_64/mtlsh_state_dict_best.pt
Epoch 018 | train_loss=1.1659e-03 | train_eval_loss=1.2111e-03 | val_loss=1.2205e-03 | | lr=1.00e-03
Epoch 019 | train_loss=1.0662e-03 | train_eval_loss=9.8410e-04 | val_loss=9.8655e-04 | | lr=1.00e-03
Saved best model to results/thesis_model_results/outputs/mtlsh_embeddability_tradeoff/MTLSH__mse__minmax__seed42__model_head_sizes128_64__model_shared_sizes128_64/mtlsh_state_dict_best.pt
Epoch 020 | train_loss=1.0167e-03 | train_eval_loss=9.7389e-04 | val_loss=9.8103e-04 | | lr=1.00e-03
Saved best model to results/thesis_model_results/outputs/mtlsh_embeddability_tradeoff/MTLSH__mse__minmax__seed42__model_head_sizes128_64__model_shared_sizes128_64/mtlsh_state_dict_best.pt
Epoch 021 | train_loss=1.0476e-03 | train_eval_loss=9.2662e-04 | val_loss=9.2629e-04 | | lr=1.00e-03
Saved best model to results/thesis_model_results/outputs/mtlsh_embeddability_tradeoff/MTLSH__mse__minmax__seed42__model_head_sizes128_64__model_shared_sizes128_64/mtlsh_state_dict_best.pt
Epoch 022 | train_loss=1.0833e-03 | train_eval_loss=1.2094e-03 | val_loss=1.2244e-03 | | lr=1.00e-03
Epoch 023 | train_loss=9.7700e-04 | train_eval_loss=9.3979e-04 | val_loss=9.4041e-04 | | lr=1.00e-03
Epoch 024 | train_loss=9.5358e-04 | train_eval_loss=9.9337e-04 | val_loss=9.9087e-04 | | lr=1.00e-03
Epoch 025 | train_loss=9.4987e-04 | train_eval_loss=8.7020e-04 | val_loss=8.8013e-04 | | lr=1.00e-03
Saved best model to results/thesis_model_results/outputs/mtlsh_embeddability_tradeoff/MTLSH__mse__minmax__seed42__model_head_sizes128_64__model_shared_sizes128_64/mtlsh_state_dict_best.pt
Epoch 026 | train_loss=9.2256e-04 | train_eval_loss=1.0858e-03 | val_loss=1.0798e-03 | | lr=1.00e-03
Epoch 027 | train_loss=9.4613e-04 | train_eval_loss=1.1175e-03 | val_loss=1.1019e-03 | | lr=1.00e-03
Epoch 028 | train_loss=8.9171e-04 | train_eval_loss=9.0826e-04 | val_loss=9.0404e-04 | | lr=1.00e-03
Epoch 029 | train_loss=8.7000e-04 | train_eval_loss=8.0079e-04 | val_loss=7.9707e-04 | | lr=1.00e-03
Saved best model to results/thesis_model_results/outputs/mtlsh_embeddability_tradeoff/MTLSH__mse__minmax__seed42__model_head_sizes128_64__model_shared_sizes128_64/mtlsh_state_dict_best.pt
Epoch 030 | train_loss=8.3182e-04 | train_eval_loss=8.4007e-04 | val_loss=8.4617e-04 | | lr=1.00e-03
Epoch 031 | train_loss=7.8931e-04 | train_eval_loss=9.4543e-04 | val_loss=9.4630e-04 | | lr=1.00e-03
Epoch 032 | train_loss=8.9662e-04 | train_eval_loss=8.3625e-04 | val_loss=8.4032e-04 | | lr=1.00e-03
Epoch 033 | train_loss=8.0538e-04 | train_eval_loss=9.1212e-04 | val_loss=9.2182e-04 | | lr=1.00e-03
Epoch 034 | train_loss=7.4980e-04 | train_eval_loss=6.9931e-04 | val_loss=7.0618e-04 | | lr=1.00e-03
Saved best model to results/thesis_model_results/outputs/mtlsh_embeddability_tradeoff/MTLSH__mse__minmax__seed42__model_head_sizes128_64__model_shared_sizes128_64/mtlsh_state_dict_best.pt
Epoch 035 | train_loss=7.9867e-04 | train_eval_loss=7.0481e-04 | val_loss=7.0665e-04 | | lr=1.00e-03
Epoch 036 | train_loss=7.8553e-04 | train_eval_loss=7.6717e-04 | val_loss=7.8065e-04 | | lr=1.00e-03
Epoch 037 | train_loss=7.1307e-04 | train_eval_loss=8.5335e-04 | val_loss=8.6420e-04 | | lr=1.00e-03
Epoch 038 | train_loss=7.4053e-04 | train_eval_loss=6.7072e-04 | val_loss=6.7057e-04 | | lr=1.00e-03
Saved best model to results/thesis_model_results/outputs/mtlsh_embeddability_tradeoff/MTLSH__mse__minmax__seed42__model_head_sizes128_64__model_shared_sizes128_64/mtlsh_state_dict_best.pt
Epoch 039 | train_loss=6.9938e-04 | train_eval_loss=6.7835e-04 | val_loss=6.9175e-04 | | lr=1.00e-03
Epoch 040 | train_loss=6.6290e-04 | train_eval_loss=6.9485e-04 | val_loss=7.0061e-04 | | lr=1.00e-03
Epoch 041 | train_loss=6.9231e-04 | train_eval_loss=6.6680e-04 | val_loss=6.6699e-04 | | lr=1.00e-03
Saved best model to results/thesis_model_results/outputs/mtlsh_embeddability_tradeoff/MTLSH__mse__minmax__seed42__model_head_sizes128_64__model_shared_sizes128_64/mtlsh_state_dict_best.pt
Epoch 042 | train_loss=7.3895e-04 | train_eval_loss=7.5393e-04 | val_loss=7.5931e-04 | | lr=1.00e-03
Epoch 043 | train_loss=6.6544e-04 | train_eval_loss=6.3559e-04 | val_loss=6.4444e-04 | | lr=1.00e-03
Saved best model to results/thesis_model_results/outputs/mtlsh_embeddability_tradeoff/MTLSH__mse__minmax__seed42__model_head_sizes128_64__model_shared_sizes128_64/mtlsh_state_dict_best.pt
Epoch 044 | train_loss=6.9655e-04 | train_eval_loss=8.4565e-04 | val_loss=8.4388e-04 | | lr=1.00e-03
Epoch 045 | train_loss=7.1986e-04 | train_eval_loss=6.9987e-04 | val_loss=7.0202e-04 | | lr=1.00e-03
Epoch 046 | train_loss=6.3360e-04 | train_eval_loss=6.4399e-04 | val_loss=6.5879e-04 | | lr=1.00e-03
Epoch 047 | train_loss=6.0159e-04 | train_eval_loss=6.0108e-04 | val_loss=6.1709e-04 | | lr=1.00e-03
Saved best model to results/thesis_model_results/outputs/mtlsh_embeddability_tradeoff/MTLSH__mse__minmax__seed42__model_head_sizes128_64__model_shared_sizes128_64/mtlsh_state_dict_best.pt
Epoch 048 | train_loss=6.1331e-04 | train_eval_loss=8.9538e-04 | val_loss=9.0069e-04 | | lr=1.00e-03
Epoch 049 | train_loss=6.6830e-04 | train_eval_loss=5.7603e-04 | val_loss=5.8519e-04 | | lr=1.00e-03
Saved best model to results/thesis_model_results/outputs/mtlsh_embeddability_tradeoff/MTLSH__mse__minmax__seed42__model_head_sizes128_64__model_shared_sizes128_64/mtlsh_state_dict_best.pt
Epoch 050 | train_loss=6.0843e-04 | train_eval_loss=5.9910e-04 | val_loss=6.1493e-04 | | lr=1.00e-03
Epoch 051 | train_loss=5.8023e-04 | train_eval_loss=5.4424e-04 | val_loss=5.5793e-04 | | lr=1.00e-03
Saved best model to results/thesis_model_results/outputs/mtlsh_embeddability_tradeoff/MTLSH__mse__minmax__seed42__model_head_sizes128_64__model_shared_sizes128_64/mtlsh_state_dict_best.pt
Epoch 052 | train_loss=6.0013e-04 | train_eval_loss=7.2671e-04 | val_loss=7.2725e-04 | | lr=1.00e-03
Epoch 053 | train_loss=6.3119e-04 | train_eval_loss=6.5825e-04 | val_loss=6.7080e-04 | | lr=1.00e-03
Epoch 054 | train_loss=5.8357e-04 | train_eval_loss=5.5489e-04 | val_loss=5.7180e-04 | | lr=1.00e-03
Epoch 055 | train_loss=5.9753e-04 | train_eval_loss=7.0030e-04 | val_loss=7.1267e-04 | | lr=1.00e-03
Epoch 056 | train_loss=6.5378e-04 | train_eval_loss=5.9443e-04 | val_loss=6.1235e-04 | | lr=1.00e-03
Epoch 057 | train_loss=5.7491e-04 | train_eval_loss=4.8635e-04 | val_loss=5.0007e-04 | | lr=1.00e-03
Saved best model to results/thesis_model_results/outputs/mtlsh_embeddability_tradeoff/MTLSH__mse__minmax__seed42__model_head_sizes128_64__model_shared_sizes128_64/mtlsh_state_dict_best.pt
Epoch 058 | train_loss=6.1583e-04 | train_eval_loss=5.5084e-04 | val_loss=5.5950e-04 | | lr=1.00e-03
Epoch 059 | train_loss=6.1840e-04 | train_eval_loss=5.4974e-04 | val_loss=5.6650e-04 | | lr=1.00e-03
Epoch 060 | train_loss=5.4081e-04 | train_eval_loss=4.9151e-04 | val_loss=5.0522e-04 | | lr=1.00e-03
Epoch 061 | train_loss=5.3091e-04 | train_eval_loss=8.1445e-04 | val_loss=8.3159e-04 | | lr=1.00e-03
Epoch 062 | train_loss=5.5582e-04 | train_eval_loss=5.2738e-04 | val_loss=5.3716e-04 | | lr=1.00e-03
Epoch 063 | train_loss=5.4531e-04 | train_eval_loss=8.6379e-04 | val_loss=8.7004e-04 | | lr=1.00e-03
Epoch 064 | train_loss=5.9207e-04 | train_eval_loss=5.2297e-04 | val_loss=5.4199e-04 | | lr=1.00e-03
Epoch 065 | train_loss=5.4991e-04 | train_eval_loss=5.0652e-04 | val_loss=5.2064e-04 | | lr=1.00e-03
Epoch 066 | train_loss=5.9324e-04 | train_eval_loss=4.8295e-04 | val_loss=4.9124e-04 | | lr=1.00e-03
Saved best model to results/thesis_model_results/outputs/mtlsh_embeddability_tradeoff/MTLSH__mse__minmax__seed42__model_head_sizes128_64__model_shared_sizes128_64/mtlsh_state_dict_best.pt
Epoch 067 | train_loss=5.0341e-04 | train_eval_loss=5.2112e-04 | val_loss=5.2997e-04 | | lr=1.00e-03
Epoch 068 | train_loss=4.8708e-04 | train_eval_loss=4.8890e-04 | val_loss=4.9874e-04 | | lr=1.00e-03
Epoch 069 | train_loss=5.6277e-04 | train_eval_loss=5.1877e-04 | val_loss=5.3662e-04 | | lr=1.00e-03
Epoch 070 | train_loss=4.9102e-04 | train_eval_loss=5.3636e-04 | val_loss=5.4568e-04 | | lr=1.00e-03
Epoch 071 | train_loss=5.4873e-04 | train_eval_loss=4.9624e-04 | val_loss=5.1289e-04 | | lr=1.00e-03
Epoch 072 | train_loss=5.7162e-04 | train_eval_loss=5.3132e-04 | val_loss=5.5097e-04 | | lr=1.00e-03
Epoch 073 | train_loss=5.0075e-04 | train_eval_loss=4.3278e-04 | val_loss=4.5477e-04 | | lr=1.00e-03
Saved best model to results/thesis_model_results/outputs/mtlsh_embeddability_tradeoff/MTLSH__mse__minmax__seed42__model_head_sizes128_64__model_shared_sizes128_64/mtlsh_state_dict_best.pt
Epoch 074 | train_loss=5.3657e-04 | train_eval_loss=5.0521e-04 | val_loss=5.2647e-04 | | lr=1.00e-03
Epoch 075 | train_loss=4.8314e-04 | train_eval_loss=4.7877e-04 | val_loss=5.0265e-04 | | lr=1.00e-03
Epoch 076 | train_loss=5.6106e-04 | train_eval_loss=5.5657e-04 | val_loss=5.8477e-04 | | lr=1.00e-03
Epoch 077 | train_loss=4.9717e-04 | train_eval_loss=4.9173e-04 | val_loss=5.0201e-04 | | lr=1.00e-03
Epoch 078 | train_loss=4.6704e-04 | train_eval_loss=4.8768e-04 | val_loss=5.1046e-04 | | lr=1.00e-03
Epoch 079 | train_loss=4.9410e-04 | train_eval_loss=5.1653e-04 | val_loss=5.4197e-04 | | lr=1.00e-03
Epoch 080 | train_loss=4.9673e-04 | train_eval_loss=5.0501e-04 | val_loss=5.2262e-04 | | lr=1.00e-03
Epoch 081 | train_loss=5.3853e-04 | train_eval_loss=4.8846e-04 | val_loss=5.1362e-04 | | lr=1.00e-03
Epoch 082 | train_loss=4.6853e-04 | train_eval_loss=6.3008e-04 | val_loss=6.6382e-04 | | lr=1.00e-03
Epoch 083 | train_loss=4.0599e-04 | train_eval_loss=4.0439e-04 | val_loss=4.3206e-04 | | lr=5.00e-04
Saved best model to results/thesis_model_results/outputs/mtlsh_embeddability_tradeoff/MTLSH__mse__minmax__seed42__model_head_sizes128_64__model_shared_sizes128_64/mtlsh_state_dict_best.pt
Epoch 084 | train_loss=3.8221e-04 | train_eval_loss=3.6262e-04 | val_loss=3.9092e-04 | | lr=5.00e-04
Saved best model to results/thesis_model_results/outputs/mtlsh_embeddability_tradeoff/MTLSH__mse__minmax__seed42__model_head_sizes128_64__model_shared_sizes128_64/mtlsh_state_dict_best.pt
Epoch 085 | train_loss=3.8961e-04 | train_eval_loss=3.7672e-04 | val_loss=4.0656e-04 | | lr=5.00e-04
Epoch 086 | train_loss=3.8028e-04 | train_eval_loss=3.6790e-04 | val_loss=3.9246e-04 | | lr=5.00e-04
Epoch 087 | train_loss=3.9423e-04 | train_eval_loss=3.8992e-04 | val_loss=4.1597e-04 | | lr=5.00e-04
Epoch 088 | train_loss=3.8426e-04 | train_eval_loss=4.4919e-04 | val_loss=4.6593e-04 | | lr=5.00e-04
Epoch 089 | train_loss=4.0266e-04 | train_eval_loss=3.8595e-04 | val_loss=4.1885e-04 | | lr=5.00e-04
Epoch 090 | train_loss=3.9285e-04 | train_eval_loss=3.5926e-04 | val_loss=3.9243e-04 | | lr=5.00e-04
Epoch 091 | train_loss=3.8771e-04 | train_eval_loss=3.6672e-04 | val_loss=4.0144e-04 | | lr=5.00e-04
Epoch 092 | train_loss=3.7877e-04 | train_eval_loss=3.6526e-04 | val_loss=3.9149e-04 | | lr=5.00e-04
Epoch 093 | train_loss=3.8869e-04 | train_eval_loss=4.2829e-04 | val_loss=4.5910e-04 | | lr=5.00e-04
Epoch 094 | train_loss=3.5391e-04 | train_eval_loss=3.3184e-04 | val_loss=3.6638e-04 | | lr=2.50e-04
Saved best model to results/thesis_model_results/outputs/mtlsh_embeddability_tradeoff/MTLSH__mse__minmax__seed42__model_head_sizes128_64__model_shared_sizes128_64/mtlsh_state_dict_best.pt
Epoch 095 | train_loss=3.4426e-04 | train_eval_loss=3.5798e-04 | val_loss=3.8964e-04 | | lr=2.50e-04
Epoch 096 | train_loss=3.4560e-04 | train_eval_loss=3.4070e-04 | val_loss=3.7631e-04 | | lr=2.50e-04
Epoch 097 | train_loss=3.4581e-04 | train_eval_loss=3.3315e-04 | val_loss=3.7117e-04 | | lr=2.50e-04
Epoch 098 | train_loss=3.4470e-04 | train_eval_loss=3.4421e-04 | val_loss=3.7710e-04 | | lr=2.50e-04
Epoch 099 | train_loss=3.4428e-04 | train_eval_loss=3.3371e-04 | val_loss=3.7025e-04 | | lr=2.50e-04
Epoch 100 | train_loss=3.4488e-04 | train_eval_loss=3.6520e-04 | val_loss=4.0316e-04 | | lr=2.50e-04
Epoch 101 | train_loss=3.4995e-04 | train_eval_loss=3.4721e-04 | val_loss=3.8257e-04 | | lr=2.50e-04
Epoch 102 | train_loss=3.4762e-04 | train_eval_loss=3.3582e-04 | val_loss=3.7236e-04 | | lr=2.50e-04
Epoch 103 | train_loss=3.4860e-04 | train_eval_loss=3.4775e-04 | val_loss=3.8505e-04 | | lr=2.50e-04
Epoch 104 | train_loss=3.2593e-04 | train_eval_loss=3.1586e-04 | val_loss=3.5281e-04 | | lr=1.25e-04
Saved best model to results/thesis_model_results/outputs/mtlsh_embeddability_tradeoff/MTLSH__mse__minmax__seed42__model_head_sizes128_64__model_shared_sizes128_64/mtlsh_state_dict_best.pt
Epoch 105 | train_loss=3.2434e-04 | train_eval_loss=3.2613e-04 | val_loss=3.6319e-04 | | lr=1.25e-04
Epoch 106 | train_loss=3.2459e-04 | train_eval_loss=3.2567e-04 | val_loss=3.6043e-04 | | lr=1.25e-04
Epoch 107 | train_loss=3.3016e-04 | train_eval_loss=3.2084e-04 | val_loss=3.5582e-04 | | lr=1.25e-04
Epoch 108 | train_loss=3.2016e-04 | train_eval_loss=3.2025e-04 | val_loss=3.5909e-04 | | lr=1.25e-04
Epoch 109 | train_loss=3.1875e-04 | train_eval_loss=3.2501e-04 | val_loss=3.6240e-04 | | lr=1.25e-04
Epoch 110 | train_loss=3.2382e-04 | train_eval_loss=3.1329e-04 | val_loss=3.5231e-04 | | lr=1.25e-04
Saved best model to results/thesis_model_results/outputs/mtlsh_embeddability_tradeoff/MTLSH__mse__minmax__seed42__model_head_sizes128_64__model_shared_sizes128_64/mtlsh_state_dict_best.pt
Epoch 111 | train_loss=3.1859e-04 | train_eval_loss=3.1394e-04 | val_loss=3.5293e-04 | | lr=1.25e-04
Epoch 112 | train_loss=3.1784e-04 | train_eval_loss=3.0996e-04 | val_loss=3.4797e-04 | | lr=1.25e-04
Saved best model to results/thesis_model_results/outputs/mtlsh_embeddability_tradeoff/MTLSH__mse__minmax__seed42__model_head_sizes128_64__model_shared_sizes128_64/mtlsh_state_dict_best.pt
Epoch 113 | train_loss=3.2231e-04 | train_eval_loss=3.0817e-04 | val_loss=3.4811e-04 | | lr=1.25e-04
Epoch 114 | train_loss=3.2152e-04 | train_eval_loss=3.2230e-04 | val_loss=3.6220e-04 | | lr=1.25e-04
Epoch 115 | train_loss=3.2166e-04 | train_eval_loss=3.1886e-04 | val_loss=3.5401e-04 | | lr=1.25e-04
Epoch 116 | train_loss=3.1989e-04 | train_eval_loss=3.1099e-04 | val_loss=3.5009e-04 | | lr=1.25e-04
Epoch 117 | train_loss=3.1596e-04 | train_eval_loss=3.2179e-04 | val_loss=3.5911e-04 | | lr=1.25e-04
Epoch 118 | train_loss=3.2422e-04 | train_eval_loss=3.1869e-04 | val_loss=3.6074e-04 | | lr=1.25e-04
Epoch 119 | train_loss=3.2333e-04 | train_eval_loss=3.2252e-04 | val_loss=3.6117e-04 | | lr=1.25e-04
Epoch 120 | train_loss=3.2012e-04 | train_eval_loss=3.1108e-04 | val_loss=3.5035e-04 | | lr=1.25e-04
Epoch 121 | train_loss=3.2268e-04 | train_eval_loss=3.2023e-04 | val_loss=3.5716e-04 | | lr=1.25e-04
Epoch 122 | train_loss=3.0739e-04 | train_eval_loss=3.0397e-04 | val_loss=3.4533e-04 | | lr=6.25e-05
Saved best model to results/thesis_model_results/outputs/mtlsh_embeddability_tradeoff/MTLSH__mse__minmax__seed42__model_head_sizes128_64__model_shared_sizes128_64/mtlsh_state_dict_best.pt
Epoch 123 | train_loss=3.0868e-04 | train_eval_loss=3.0361e-04 | val_loss=3.4476e-04 | | lr=6.25e-05
Saved best model to results/thesis_model_results/outputs/mtlsh_embeddability_tradeoff/MTLSH__mse__minmax__seed42__model_head_sizes128_64__model_shared_sizes128_64/mtlsh_state_dict_best.pt
Epoch 124 | train_loss=3.0908e-04 | train_eval_loss=3.0313e-04 | val_loss=3.4392e-04 | | lr=6.25e-05
Saved best model to results/thesis_model_results/outputs/mtlsh_embeddability_tradeoff/MTLSH__mse__minmax__seed42__model_head_sizes128_64__model_shared_sizes128_64/mtlsh_state_dict_best.pt
Epoch 125 | train_loss=3.0512e-04 | train_eval_loss=3.0952e-04 | val_loss=3.4936e-04 | | lr=6.25e-05
Epoch 126 | train_loss=3.0604e-04 | train_eval_loss=3.0748e-04 | val_loss=3.4780e-04 | | lr=6.25e-05
Epoch 127 | train_loss=3.0573e-04 | train_eval_loss=3.0188e-04 | val_loss=3.4332e-04 | | lr=6.25e-05
Saved best model to results/thesis_model_results/outputs/mtlsh_embeddability_tradeoff/MTLSH__mse__minmax__seed42__model_head_sizes128_64__model_shared_sizes128_64/mtlsh_state_dict_best.pt
Epoch 128 | train_loss=3.0576e-04 | train_eval_loss=3.0563e-04 | val_loss=3.4595e-04 | | lr=6.25e-05
Epoch 129 | train_loss=3.0568e-04 | train_eval_loss=3.0364e-04 | val_loss=3.4573e-04 | | lr=6.25e-05
Epoch 130 | train_loss=3.0478e-04 | train_eval_loss=3.0319e-04 | val_loss=3.4133e-04 | | lr=6.25e-05
Saved best model to results/thesis_model_results/outputs/mtlsh_embeddability_tradeoff/MTLSH__mse__minmax__seed42__model_head_sizes128_64__model_shared_sizes128_64/mtlsh_state_dict_best.pt
Epoch 131 | train_loss=3.0436e-04 | train_eval_loss=3.0847e-04 | val_loss=3.5045e-04 | | lr=6.25e-05
Epoch 132 | train_loss=3.0978e-04 | train_eval_loss=2.9993e-04 | val_loss=3.4179e-04 | | lr=6.25e-05
Epoch 133 | train_loss=3.0400e-04 | train_eval_loss=2.9885e-04 | val_loss=3.3990e-04 | | lr=6.25e-05
Saved best model to results/thesis_model_results/outputs/mtlsh_embeddability_tradeoff/MTLSH__mse__minmax__seed42__model_head_sizes128_64__model_shared_sizes128_64/mtlsh_state_dict_best.pt
Epoch 134 | train_loss=3.0156e-04 | train_eval_loss=3.0563e-04 | val_loss=3.4572e-04 | | lr=6.25e-05
Epoch 135 | train_loss=3.0562e-04 | train_eval_loss=2.9712e-04 | val_loss=3.3877e-04 | | lr=6.25e-05
Saved best model to results/thesis_model_results/outputs/mtlsh_embeddability_tradeoff/MTLSH__mse__minmax__seed42__model_head_sizes128_64__model_shared_sizes128_64/mtlsh_state_dict_best.pt
Epoch 136 | train_loss=3.0200e-04 | train_eval_loss=2.9982e-04 | val_loss=3.4040e-04 | | lr=6.25e-05
Epoch 137 | train_loss=3.0465e-04 | train_eval_loss=3.1296e-04 | val_loss=3.5564e-04 | | lr=6.25e-05
Epoch 138 | train_loss=3.0377e-04 | train_eval_loss=3.0083e-04 | val_loss=3.3991e-04 | | lr=6.25e-05
Epoch 139 | train_loss=3.0284e-04 | train_eval_loss=2.9963e-04 | val_loss=3.3760e-04 | | lr=6.25e-05
Saved best model to results/thesis_model_results/outputs/mtlsh_embeddability_tradeoff/MTLSH__mse__minmax__seed42__model_head_sizes128_64__model_shared_sizes128_64/mtlsh_state_dict_best.pt
Epoch 140 | train_loss=3.0346e-04 | train_eval_loss=2.9642e-04 | val_loss=3.3740e-04 | | lr=6.25e-05
Saved best model to results/thesis_model_results/outputs/mtlsh_embeddability_tradeoff/MTLSH__mse__minmax__seed42__model_head_sizes128_64__model_shared_sizes128_64/mtlsh_state_dict_best.pt
Epoch 141 | train_loss=3.0017e-04 | train_eval_loss=2.9469e-04 | val_loss=3.3629e-04 | | lr=6.25e-05
Saved best model to results/thesis_model_results/outputs/mtlsh_embeddability_tradeoff/MTLSH__mse__minmax__seed42__model_head_sizes128_64__model_shared_sizes128_64/mtlsh_state_dict_best.pt
Epoch 142 | train_loss=3.0125e-04 | train_eval_loss=2.9705e-04 | val_loss=3.3738e-04 | | lr=6.25e-05
Epoch 143 | train_loss=3.0142e-04 | train_eval_loss=2.9732e-04 | val_loss=3.3789e-04 | | lr=6.25e-05
Epoch 144 | train_loss=3.0292e-04 | train_eval_loss=3.0125e-04 | val_loss=3.4182e-04 | | lr=6.25e-05
Epoch 145 | train_loss=3.0035e-04 | train_eval_loss=2.9391e-04 | val_loss=3.3693e-04 | | lr=6.25e-05
Epoch 146 | train_loss=2.9853e-04 | train_eval_loss=2.9409e-04 | val_loss=3.3712e-04 | | lr=6.25e-05
Epoch 147 | train_loss=3.0255e-04 | train_eval_loss=2.9770e-04 | val_loss=3.3946e-04 | | lr=6.25e-05
Epoch 148 | train_loss=3.0161e-04 | train_eval_loss=2.9772e-04 | val_loss=3.4085e-04 | | lr=6.25e-05
Epoch 149 | train_loss=2.9888e-04 | train_eval_loss=2.9361e-04 | val_loss=3.3688e-04 | | lr=6.25e-05
Epoch 150 | train_loss=2.9871e-04 | train_eval_loss=2.9277e-04 | val_loss=3.3405e-04 | | lr=6.25e-05
Saved best model to results/thesis_model_results/outputs/mtlsh_embeddability_tradeoff/MTLSH__mse__minmax__seed42__model_head_sizes128_64__model_shared_sizes128_64/mtlsh_state_dict_best.pt
Epoch 151 | train_loss=3.0206e-04 | train_eval_loss=2.9742e-04 | val_loss=3.3979e-04 | | lr=6.25e-05
Epoch 152 | train_loss=2.9734e-04 | train_eval_loss=2.9386e-04 | val_loss=3.3809e-04 | | lr=6.25e-05
Epoch 153 | train_loss=2.9869e-04 | train_eval_loss=2.9412e-04 | val_loss=3.3385e-04 | | lr=6.25e-05
Saved best model to results/thesis_model_results/outputs/mtlsh_embeddability_tradeoff/MTLSH__mse__minmax__seed42__model_head_sizes128_64__model_shared_sizes128_64/mtlsh_state_dict_best.pt
Epoch 154 | train_loss=2.9829e-04 | train_eval_loss=2.9944e-04 | val_loss=3.4301e-04 | | lr=6.25e-05
Epoch 155 | train_loss=2.9912e-04 | train_eval_loss=2.9591e-04 | val_loss=3.3454e-04 | | lr=6.25e-05
Epoch 156 | train_loss=2.9595e-04 | train_eval_loss=2.9630e-04 | val_loss=3.3925e-04 | | lr=6.25e-05
Epoch 157 | train_loss=2.9865e-04 | train_eval_loss=2.9543e-04 | val_loss=3.3835e-04 | | lr=6.25e-05
Epoch 158 | train_loss=2.9756e-04 | train_eval_loss=3.1918e-04 | val_loss=3.6274e-04 | | lr=6.25e-05
Epoch 159 | train_loss=2.9966e-04 | train_eval_loss=2.9535e-04 | val_loss=3.3749e-04 | | lr=6.25e-05
Epoch 160 | train_loss=2.9549e-04 | train_eval_loss=2.9265e-04 | val_loss=3.3627e-04 | | lr=6.25e-05
Epoch 161 | train_loss=2.9879e-04 | train_eval_loss=2.9967e-04 | val_loss=3.4433e-04 | | lr=6.25e-05
Epoch 162 | train_loss=2.9635e-04 | train_eval_loss=2.9622e-04 | val_loss=3.3956e-04 | | lr=6.25e-05
Epoch 163 | train_loss=2.9027e-04 | train_eval_loss=2.8693e-04 | val_loss=3.3246e-04 | | lr=3.13e-05
Saved best model to results/thesis_model_results/outputs/mtlsh_embeddability_tradeoff/MTLSH__mse__minmax__seed42__model_head_sizes128_64__model_shared_sizes128_64/mtlsh_state_dict_best.pt
Epoch 164 | train_loss=2.8736e-04 | train_eval_loss=2.8534e-04 | val_loss=3.3018e-04 | | lr=3.13e-05
Saved best model to results/thesis_model_results/outputs/mtlsh_embeddability_tradeoff/MTLSH__mse__minmax__seed42__model_head_sizes128_64__model_shared_sizes128_64/mtlsh_state_dict_best.pt
Epoch 165 | train_loss=2.9036e-04 | train_eval_loss=2.8481e-04 | val_loss=3.2927e-04 | | lr=3.13e-05
Saved best model to results/thesis_model_results/outputs/mtlsh_embeddability_tradeoff/MTLSH__mse__minmax__seed42__model_head_sizes128_64__model_shared_sizes128_64/mtlsh_state_dict_best.pt
Epoch 166 | train_loss=2.8834e-04 | train_eval_loss=2.8572e-04 | val_loss=3.3016e-04 | | lr=3.13e-05
Epoch 167 | train_loss=2.8767e-04 | train_eval_loss=2.8423e-04 | val_loss=3.2874e-04 | | lr=3.13e-05
Saved best model to results/thesis_model_results/outputs/mtlsh_embeddability_tradeoff/MTLSH__mse__minmax__seed42__model_head_sizes128_64__model_shared_sizes128_64/mtlsh_state_dict_best.pt
Epoch 168 | train_loss=2.8841e-04 | train_eval_loss=2.9376e-04 | val_loss=3.3914e-04 | | lr=3.13e-05
Epoch 169 | train_loss=2.8890e-04 | train_eval_loss=2.8524e-04 | val_loss=3.3007e-04 | | lr=3.13e-05
Epoch 170 | train_loss=2.8890e-04 | train_eval_loss=2.8778e-04 | val_loss=3.3361e-04 | | lr=3.13e-05
Epoch 171 | train_loss=2.9086e-04 | train_eval_loss=2.9389e-04 | val_loss=3.3996e-04 | | lr=3.13e-05
Epoch 172 | train_loss=2.9060e-04 | train_eval_loss=2.9571e-04 | val_loss=3.4107e-04 | | lr=3.13e-05
Epoch 173 | train_loss=2.8922e-04 | train_eval_loss=2.8383e-04 | val_loss=3.3016e-04 | | lr=3.13e-05
Epoch 174 | train_loss=2.8708e-04 | train_eval_loss=2.8374e-04 | val_loss=3.2958e-04 | | lr=3.13e-05
Epoch 175 | train_loss=2.8700e-04 | train_eval_loss=2.8645e-04 | val_loss=3.3259e-04 | | lr=3.13e-05
Epoch 176 | train_loss=2.8697e-04 | train_eval_loss=2.8284e-04 | val_loss=3.2835e-04 | | lr=3.13e-05
Saved best model to results/thesis_model_results/outputs/mtlsh_embeddability_tradeoff/MTLSH__mse__minmax__seed42__model_head_sizes128_64__model_shared_sizes128_64/mtlsh_state_dict_best.pt
Epoch 177 | train_loss=2.8738e-04 | train_eval_loss=2.9510e-04 | val_loss=3.3932e-04 | | lr=3.13e-05
Epoch 178 | train_loss=2.8720e-04 | train_eval_loss=2.8336e-04 | val_loss=3.2866e-04 | | lr=3.13e-05
Epoch 179 | train_loss=2.8617e-04 | train_eval_loss=2.8588e-04 | val_loss=3.3159e-04 | | lr=3.13e-05
Epoch 180 | train_loss=2.8556e-04 | train_eval_loss=2.8620e-04 | val_loss=3.3215e-04 | | lr=3.13e-05
Epoch 181 | train_loss=2.8631e-04 | train_eval_loss=2.8269e-04 | val_loss=3.2690e-04 | | lr=3.13e-05
Saved best model to results/thesis_model_results/outputs/mtlsh_embeddability_tradeoff/MTLSH__mse__minmax__seed42__model_head_sizes128_64__model_shared_sizes128_64/mtlsh_state_dict_best.pt
Epoch 182 | train_loss=2.8943e-04 | train_eval_loss=2.8434e-04 | val_loss=3.3040e-04 | | lr=3.13e-05
Epoch 183 | train_loss=2.8490e-04 | train_eval_loss=2.8010e-04 | val_loss=3.2622e-04 | | lr=3.13e-05
Saved best model to results/thesis_model_results/outputs/mtlsh_embeddability_tradeoff/MTLSH__mse__minmax__seed42__model_head_sizes128_64__model_shared_sizes128_64/mtlsh_state_dict_best.pt
Epoch 184 | train_loss=2.8502e-04 | train_eval_loss=2.8245e-04 | val_loss=3.2766e-04 | | lr=3.13e-05
Epoch 185 | train_loss=2.8597e-04 | train_eval_loss=2.8094e-04 | val_loss=3.2769e-04 | | lr=3.13e-05
Epoch 186 | train_loss=2.8489e-04 | train_eval_loss=2.8242e-04 | val_loss=3.2872e-04 | | lr=3.13e-05
Epoch 187 | train_loss=2.8701e-04 | train_eval_loss=2.8484e-04 | val_loss=3.2781e-04 | | lr=3.13e-05
Epoch 188 | train_loss=2.8390e-04 | train_eval_loss=2.7994e-04 | val_loss=3.2527e-04 | | lr=3.13e-05
Saved best model to results/thesis_model_results/outputs/mtlsh_embeddability_tradeoff/MTLSH__mse__minmax__seed42__model_head_sizes128_64__model_shared_sizes128_64/mtlsh_state_dict_best.pt
Epoch 189 | train_loss=2.8477e-04 | train_eval_loss=2.8373e-04 | val_loss=3.2909e-04 | | lr=3.13e-05
Epoch 190 | train_loss=2.8441e-04 | train_eval_loss=2.8660e-04 | val_loss=3.3040e-04 | | lr=3.13e-05
Epoch 191 | train_loss=2.8639e-04 | train_eval_loss=2.8207e-04 | val_loss=3.2934e-04 | | lr=3.13e-05
Epoch 192 | train_loss=2.8456e-04 | train_eval_loss=2.7967e-04 | val_loss=3.2610e-04 | | lr=3.13e-05
Epoch 193 | train_loss=2.8444e-04 | train_eval_loss=2.8123e-04 | val_loss=3.2688e-04 | | lr=3.13e-05
Epoch 194 | train_loss=2.8245e-04 | train_eval_loss=2.8060e-04 | val_loss=3.2587e-04 | | lr=3.13e-05
Epoch 195 | train_loss=2.8242e-04 | train_eval_loss=2.8534e-04 | val_loss=3.3221e-04 | | lr=3.13e-05
Epoch 196 | train_loss=2.8489e-04 | train_eval_loss=2.7938e-04 | val_loss=3.2582e-04 | | lr=3.13e-05
Epoch 197 | train_loss=2.8480e-04 | train_eval_loss=2.8311e-04 | val_loss=3.2858e-04 | | lr=3.13e-05
Epoch 198 | train_loss=2.7946e-04 | train_eval_loss=2.7772e-04 | val_loss=3.2425e-04 | | lr=1.56e-05
Saved best model to results/thesis_model_results/outputs/mtlsh_embeddability_tradeoff/MTLSH__mse__minmax__seed42__model_head_sizes128_64__model_shared_sizes128_64/mtlsh_state_dict_best.pt
Epoch 199 | train_loss=2.7903e-04 | train_eval_loss=2.8027e-04 | val_loss=3.2713e-04 | | lr=1.56e-05
Epoch 200 | train_loss=2.7939e-04 | train_eval_loss=2.7750e-04 | val_loss=3.2465e-04 | | lr=1.56e-05
Saved training logs to results/thesis_model_results/outputs/mtlsh_embeddability_tradeoff/MTLSH__mse__minmax__seed42__model_head_sizes128_64__model_shared_sizes128_64/training_summary.txt
Test RMSE(rocof_COI) = 0.0128 | norm: 0.0097 | real_diff: 0.0085
Test RMSE(dev_COI) = 0.0213 | norm: 0.0079 | real_diff: 0.0109
Test RMSE(Delta_P_IBR_1) = 0.1077 | norm: 0.0170 | real_diff: 0.0669
Test RMSE(Delta_P_IBR_2) = 0.0979 | norm: 0.0136 | real_diff: 0.0553
Test RMSE(Delta_P_IBR_3) = 0.1697 | norm: 0.0298 | real_diff: 0.0872
Test RMSE(Delta_P_IBR_4) = 0.1818 | norm: 0.0188 | real_diff: 0.1145
Saved RMSE results to results/thesis_model_results/outputs/mtlsh_embeddability_tradeoff/MTLSH__mse__minmax__seed42__model_head_sizes128_64__model_shared_sizes128_64/rmse_results.txt
Saved detailed metrics to results/thesis_model_results/outputs/mtlsh_embeddability_tradeoff/MTLSH__mse__minmax__seed42__model_head_sizes128_64__model_shared_sizes128_64/metrics_by_target.csv
Saved aggregate metrics to results/thesis_model_results/outputs/mtlsh_embeddability_tradeoff/MTLSH__mse__minmax__seed42__model_head_sizes128_64__model_shared_sizes128_64/metrics_summary.json
Saved loss curves to results/thesis_model_results/outputs/mtlsh_embeddability_tradeoff/MTLSH__mse__minmax__seed42__model_head_sizes128_64__model_shared_sizes128_64/loss_curve.png
Saved scatter plot results/thesis_model_results/outputs/mtlsh_embeddability_tradeoff/MTLSH__mse__minmax__seed42__model_head_sizes128_64__model_shared_sizes128_64/scatter_rocof_COI.png
Saved scatter plot results/thesis_model_results/outputs/mtlsh_embeddability_tradeoff/MTLSH__mse__minmax__seed42__model_head_sizes128_64__model_shared_sizes128_64/scatter_dev_COI.png
Saved scatter plot results/thesis_model_results/outputs/mtlsh_embeddability_tradeoff/MTLSH__mse__minmax__seed42__model_head_sizes128_64__model_shared_sizes128_64/scatter_Delta_P_IBR_1.png
Saved scatter plot results/thesis_model_results/outputs/mtlsh_embeddability_tradeoff/MTLSH__mse__minmax__seed42__model_head_sizes128_64__model_shared_sizes128_64/scatter_Delta_P_IBR_2.png
Saved scatter plot results/thesis_model_results/outputs/mtlsh_embeddability_tradeoff/MTLSH__mse__minmax__seed42__model_head_sizes128_64__model_shared_sizes128_64/scatter_Delta_P_IBR_3.png
Saved scatter plot results/thesis_model_results/outputs/mtlsh_embeddability_tradeoff/MTLSH__mse__minmax__seed42__model_head_sizes128_64__model_shared_sizes128_64/scatter_Delta_P_IBR_4.png
Saved model to results/thesis_model_results/outputs/mtlsh_embeddability_tradeoff/MTLSH__mse__minmax__seed42__model_head_sizes128_64__model_shared_sizes128_64/mtlsh_state_dict.pt
Loss type: mse | weights=[]
Target stats (scaled):
train mean=[0.549  0.589  0.492  0.4884 0.4785 0.4192]
train std=[0.1365 0.1371 0.1141 0.1063 0.1158 0.1138]
train q05=[0.3074 0.3979 0.3192 0.303  0.3347 0.2205]
train q95=[0.7933 0.8652 0.6719 0.6491 0.6927 0.6016]
val mean=[0.5473 0.5873 0.4922 0.4893 0.4798 0.4201]
val std=[0.1343 0.1348 0.1123 0.1072 0.1141 0.1112]
val q05=[0.3103 0.3982 0.3195 0.303  0.3376 0.2251]
val q95=[0.7886 0.8626 0.6731 0.6514 0.6918 0.5984]
val/train std ratio=[0.984  0.9828 0.9844 1.0084 0.9848 0.9772]
LR scheduler: ReduceLROnPlateau (factor=0.5, patience=8, min_lr=1e-07)
Epoch 001 | train_loss=2.7731e-02 | train_eval_loss=1.4065e-02 | val_loss=1.3677e-02 | | lr=1.00e-03
Saved best model to results/thesis_model_results/outputs/mtlsh_embeddability_tradeoff/MTLSH__mse__minmax__seed42__model_head_sizes32__model_shared_sizes256_128/mtlsh_state_dict_best.pt
Epoch 002 | train_loss=1.1567e-02 | train_eval_loss=5.1619e-03 | val_loss=5.0335e-03 | | lr=1.00e-03
Saved best model to results/thesis_model_results/outputs/mtlsh_embeddability_tradeoff/MTLSH__mse__minmax__seed42__model_head_sizes32__model_shared_sizes256_128/mtlsh_state_dict_best.pt
Epoch 003 | train_loss=3.6585e-03 | train_eval_loss=3.1461e-03 | val_loss=3.0840e-03 | | lr=1.00e-03
Saved best model to results/thesis_model_results/outputs/mtlsh_embeddability_tradeoff/MTLSH__mse__minmax__seed42__model_head_sizes32__model_shared_sizes256_128/mtlsh_state_dict_best.pt
Epoch 004 | train_loss=2.8739e-03 | train_eval_loss=2.5218e-03 | val_loss=2.4619e-03 | | lr=1.00e-03
Saved best model to results/thesis_model_results/outputs/mtlsh_embeddability_tradeoff/MTLSH__mse__minmax__seed42__model_head_sizes32__model_shared_sizes256_128/mtlsh_state_dict_best.pt
Epoch 005 | train_loss=2.2491e-03 | train_eval_loss=2.0085e-03 | val_loss=1.9568e-03 | | lr=1.00e-03
Saved best model to results/thesis_model_results/outputs/mtlsh_embeddability_tradeoff/MTLSH__mse__minmax__seed42__model_head_sizes32__model_shared_sizes256_128/mtlsh_state_dict_best.pt
Epoch 006 | train_loss=1.9420e-03 | train_eval_loss=1.8180e-03 | val_loss=1.7754e-03 | | lr=1.00e-03
Saved best model to results/thesis_model_results/outputs/mtlsh_embeddability_tradeoff/MTLSH__mse__minmax__seed42__model_head_sizes32__model_shared_sizes256_128/mtlsh_state_dict_best.pt
Epoch 007 | train_loss=1.8310e-03 | train_eval_loss=1.7290e-03 | val_loss=1.6941e-03 | | lr=1.00e-03
Saved best model to results/thesis_model_results/outputs/mtlsh_embeddability_tradeoff/MTLSH__mse__minmax__seed42__model_head_sizes32__model_shared_sizes256_128/mtlsh_state_dict_best.pt
Epoch 008 | train_loss=1.7515e-03 | train_eval_loss=1.7057e-03 | val_loss=1.6728e-03 | | lr=1.00e-03
Saved best model to results/thesis_model_results/outputs/mtlsh_embeddability_tradeoff/MTLSH__mse__minmax__seed42__model_head_sizes32__model_shared_sizes256_128/mtlsh_state_dict_best.pt
Epoch 009 | train_loss=1.7780e-03 | train_eval_loss=1.8079e-03 | val_loss=1.7846e-03 | | lr=1.00e-03
Epoch 010 | train_loss=1.6176e-03 | train_eval_loss=1.5917e-03 | val_loss=1.5651e-03 | | lr=1.00e-03
Saved best model to results/thesis_model_results/outputs/mtlsh_embeddability_tradeoff/MTLSH__mse__minmax__seed42__model_head_sizes32__model_shared_sizes256_128/mtlsh_state_dict_best.pt
Epoch 011 | train_loss=1.6014e-03 | train_eval_loss=1.5509e-03 | val_loss=1.5296e-03 | | lr=1.00e-03
Saved best model to results/thesis_model_results/outputs/mtlsh_embeddability_tradeoff/MTLSH__mse__minmax__seed42__model_head_sizes32__model_shared_sizes256_128/mtlsh_state_dict_best.pt
Epoch 012 | train_loss=1.6042e-03 | train_eval_loss=1.4445e-03 | val_loss=1.4267e-03 | | lr=1.00e-03
Saved best model to results/thesis_model_results/outputs/mtlsh_embeddability_tradeoff/MTLSH__mse__minmax__seed42__model_head_sizes32__model_shared_sizes256_128/mtlsh_state_dict_best.pt
Epoch 013 | train_loss=1.5710e-03 | train_eval_loss=1.4365e-03 | val_loss=1.4201e-03 | | lr=1.00e-03
Saved best model to results/thesis_model_results/outputs/mtlsh_embeddability_tradeoff/MTLSH__mse__minmax__seed42__model_head_sizes32__model_shared_sizes256_128/mtlsh_state_dict_best.pt
Epoch 014 | train_loss=1.4064e-03 | train_eval_loss=1.3418e-03 | val_loss=1.3230e-03 | | lr=1.00e-03
Saved best model to results/thesis_model_results/outputs/mtlsh_embeddability_tradeoff/MTLSH__mse__minmax__seed42__model_head_sizes32__model_shared_sizes256_128/mtlsh_state_dict_best.pt
Epoch 015 | train_loss=1.4022e-03 | train_eval_loss=1.2851e-03 | val_loss=1.2782e-03 | | lr=1.00e-03
Saved best model to results/thesis_model_results/outputs/mtlsh_embeddability_tradeoff/MTLSH__mse__minmax__seed42__model_head_sizes32__model_shared_sizes256_128/mtlsh_state_dict_best.pt
Epoch 016 | train_loss=1.3509e-03 | train_eval_loss=1.4141e-03 | val_loss=1.4074e-03 | | lr=1.00e-03
Epoch 017 | train_loss=1.3217e-03 | train_eval_loss=1.2812e-03 | val_loss=1.2615e-03 | | lr=1.00e-03
Saved best model to results/thesis_model_results/outputs/mtlsh_embeddability_tradeoff/MTLSH__mse__minmax__seed42__model_head_sizes32__model_shared_sizes256_128/mtlsh_state_dict_best.pt
Epoch 018 | train_loss=1.2407e-03 | train_eval_loss=1.1754e-03 | val_loss=1.1685e-03 | | lr=1.00e-03
Saved best model to results/thesis_model_results/outputs/mtlsh_embeddability_tradeoff/MTLSH__mse__minmax__seed42__model_head_sizes32__model_shared_sizes256_128/mtlsh_state_dict_best.pt
Epoch 019 | train_loss=1.2329e-03 | train_eval_loss=1.3335e-03 | val_loss=1.3286e-03 | | lr=1.00e-03
Epoch 020 | train_loss=1.2222e-03 | train_eval_loss=1.2768e-03 | val_loss=1.2807e-03 | | lr=1.00e-03
Epoch 021 | train_loss=1.1386e-03 | train_eval_loss=1.0545e-03 | val_loss=1.0519e-03 | | lr=1.00e-03
Saved best model to results/thesis_model_results/outputs/mtlsh_embeddability_tradeoff/MTLSH__mse__minmax__seed42__model_head_sizes32__model_shared_sizes256_128/mtlsh_state_dict_best.pt
Epoch 022 | train_loss=1.0945e-03 | train_eval_loss=1.0527e-03 | val_loss=1.0584e-03 | | lr=1.00e-03
Epoch 023 | train_loss=1.1025e-03 | train_eval_loss=1.0730e-03 | val_loss=1.0722e-03 | | lr=1.00e-03
Epoch 024 | train_loss=1.0675e-03 | train_eval_loss=1.1245e-03 | val_loss=1.1311e-03 | | lr=1.00e-03
Epoch 025 | train_loss=1.0379e-03 | train_eval_loss=1.2473e-03 | val_loss=1.2406e-03 | | lr=1.00e-03
Epoch 026 | train_loss=1.0600e-03 | train_eval_loss=1.0171e-03 | val_loss=1.0228e-03 | | lr=1.00e-03
Saved best model to results/thesis_model_results/outputs/mtlsh_embeddability_tradeoff/MTLSH__mse__minmax__seed42__model_head_sizes32__model_shared_sizes256_128/mtlsh_state_dict_best.pt
Epoch 027 | train_loss=1.0099e-03 | train_eval_loss=9.7710e-04 | val_loss=9.8636e-04 | | lr=1.00e-03
Saved best model to results/thesis_model_results/outputs/mtlsh_embeddability_tradeoff/MTLSH__mse__minmax__seed42__model_head_sizes32__model_shared_sizes256_128/mtlsh_state_dict_best.pt
Epoch 028 | train_loss=9.7889e-04 | train_eval_loss=9.2757e-04 | val_loss=9.3480e-04 | | lr=1.00e-03
Saved best model to results/thesis_model_results/outputs/mtlsh_embeddability_tradeoff/MTLSH__mse__minmax__seed42__model_head_sizes32__model_shared_sizes256_128/mtlsh_state_dict_best.pt
Epoch 029 | train_loss=9.2213e-04 | train_eval_loss=9.1877e-04 | val_loss=9.2738e-04 | | lr=1.00e-03
Saved best model to results/thesis_model_results/outputs/mtlsh_embeddability_tradeoff/MTLSH__mse__minmax__seed42__model_head_sizes32__model_shared_sizes256_128/mtlsh_state_dict_best.pt
Epoch 030 | train_loss=9.4954e-04 | train_eval_loss=8.7958e-04 | val_loss=8.8525e-04 | | lr=1.00e-03
Saved best model to results/thesis_model_results/outputs/mtlsh_embeddability_tradeoff/MTLSH__mse__minmax__seed42__model_head_sizes32__model_shared_sizes256_128/mtlsh_state_dict_best.pt
Epoch 031 | train_loss=8.9899e-04 | train_eval_loss=8.7688e-04 | val_loss=8.8598e-04 | | lr=1.00e-03
Epoch 032 | train_loss=8.9036e-04 | train_eval_loss=9.4722e-04 | val_loss=9.4792e-04 | | lr=1.00e-03
Epoch 033 | train_loss=9.0210e-04 | train_eval_loss=1.0894e-03 | val_loss=1.0929e-03 | | lr=1.00e-03
Epoch 034 | train_loss=8.7525e-04 | train_eval_loss=8.7919e-04 | val_loss=8.8768e-04 | | lr=1.00e-03
Epoch 035 | train_loss=9.0485e-04 | train_eval_loss=8.0303e-04 | val_loss=8.0854e-04 | | lr=1.00e-03
Saved best model to results/thesis_model_results/outputs/mtlsh_embeddability_tradeoff/MTLSH__mse__minmax__seed42__model_head_sizes32__model_shared_sizes256_128/mtlsh_state_dict_best.pt
Epoch 036 | train_loss=8.6199e-04 | train_eval_loss=8.0945e-04 | val_loss=8.1489e-04 | | lr=1.00e-03
Epoch 037 | train_loss=8.2507e-04 | train_eval_loss=8.7140e-04 | val_loss=8.7915e-04 | | lr=1.00e-03
Epoch 038 | train_loss=8.3485e-04 | train_eval_loss=8.1731e-04 | val_loss=8.2001e-04 | | lr=1.00e-03
Epoch 039 | train_loss=8.0507e-04 | train_eval_loss=8.0060e-04 | val_loss=8.0693e-04 | | lr=1.00e-03
Saved best model to results/thesis_model_results/outputs/mtlsh_embeddability_tradeoff/MTLSH__mse__minmax__seed42__model_head_sizes32__model_shared_sizes256_128/mtlsh_state_dict_best.pt
Epoch 040 | train_loss=8.2931e-04 | train_eval_loss=8.1272e-04 | val_loss=8.2864e-04 | | lr=1.00e-03
Epoch 041 | train_loss=8.0839e-04 | train_eval_loss=7.4934e-04 | val_loss=7.5793e-04 | | lr=1.00e-03
Saved best model to results/thesis_model_results/outputs/mtlsh_embeddability_tradeoff/MTLSH__mse__minmax__seed42__model_head_sizes32__model_shared_sizes256_128/mtlsh_state_dict_best.pt
Epoch 042 | train_loss=7.6795e-04 | train_eval_loss=7.7565e-04 | val_loss=7.8057e-04 | | lr=1.00e-03
Epoch 043 | train_loss=8.0230e-04 | train_eval_loss=7.3149e-04 | val_loss=7.3557e-04 | | lr=1.00e-03
Saved best model to results/thesis_model_results/outputs/mtlsh_embeddability_tradeoff/MTLSH__mse__minmax__seed42__model_head_sizes32__model_shared_sizes256_128/mtlsh_state_dict_best.pt
Epoch 044 | train_loss=7.7584e-04 | train_eval_loss=7.9198e-04 | val_loss=8.0043e-04 | | lr=1.00e-03
Epoch 045 | train_loss=7.7278e-04 | train_eval_loss=7.3453e-04 | val_loss=7.4129e-04 | | lr=1.00e-03
Epoch 046 | train_loss=7.4457e-04 | train_eval_loss=8.4950e-04 | val_loss=8.4203e-04 | | lr=1.00e-03
Epoch 047 | train_loss=7.7579e-04 | train_eval_loss=7.6228e-04 | val_loss=7.7049e-04 | | lr=1.00e-03
Epoch 048 | train_loss=7.4483e-04 | train_eval_loss=6.9844e-04 | val_loss=7.0278e-04 | | lr=1.00e-03
Saved best model to results/thesis_model_results/outputs/mtlsh_embeddability_tradeoff/MTLSH__mse__minmax__seed42__model_head_sizes32__model_shared_sizes256_128/mtlsh_state_dict_best.pt
Epoch 049 | train_loss=7.1662e-04 | train_eval_loss=7.1510e-04 | val_loss=7.2019e-04 | | lr=1.00e-03
Epoch 050 | train_loss=7.1601e-04 | train_eval_loss=7.3295e-04 | val_loss=7.3988e-04 | | lr=1.00e-03
Epoch 051 | train_loss=7.1577e-04 | train_eval_loss=7.4908e-04 | val_loss=7.5635e-04 | | lr=1.00e-03
Epoch 052 | train_loss=6.8951e-04 | train_eval_loss=6.2591e-04 | val_loss=6.3815e-04 | | lr=1.00e-03
Saved best model to results/thesis_model_results/outputs/mtlsh_embeddability_tradeoff/MTLSH__mse__minmax__seed42__model_head_sizes32__model_shared_sizes256_128/mtlsh_state_dict_best.pt
Epoch 053 | train_loss=7.3308e-04 | train_eval_loss=8.4773e-04 | val_loss=8.6516e-04 | | lr=1.00e-03
Epoch 054 | train_loss=6.9587e-04 | train_eval_loss=6.5859e-04 | val_loss=6.6311e-04 | | lr=1.00e-03
Epoch 055 | train_loss=6.7176e-04 | train_eval_loss=6.6063e-04 | val_loss=6.7586e-04 | | lr=1.00e-03
Epoch 056 | train_loss=6.7738e-04 | train_eval_loss=7.8197e-04 | val_loss=7.8502e-04 | | lr=1.00e-03
Epoch 057 | train_loss=6.8552e-04 | train_eval_loss=6.6838e-04 | val_loss=6.8658e-04 | | lr=1.00e-03
Epoch 058 | train_loss=6.4600e-04 | train_eval_loss=6.1560e-04 | val_loss=6.2087e-04 | | lr=1.00e-03
Saved best model to results/thesis_model_results/outputs/mtlsh_embeddability_tradeoff/MTLSH__mse__minmax__seed42__model_head_sizes32__model_shared_sizes256_128/mtlsh_state_dict_best.pt
Epoch 059 | train_loss=6.4062e-04 | train_eval_loss=6.7894e-04 | val_loss=6.9308e-04 | | lr=1.00e-03
Epoch 060 | train_loss=6.7040e-04 | train_eval_loss=6.5018e-04 | val_loss=6.5445e-04 | | lr=1.00e-03
Epoch 061 | train_loss=6.5239e-04 | train_eval_loss=6.1819e-04 | val_loss=6.3128e-04 | | lr=1.00e-03
Epoch 062 | train_loss=6.2194e-04 | train_eval_loss=6.0772e-04 | val_loss=6.2712e-04 | | lr=1.00e-03
Epoch 063 | train_loss=6.9678e-04 | train_eval_loss=6.4397e-04 | val_loss=6.5198e-04 | | lr=1.00e-03
Epoch 064 | train_loss=6.3293e-04 | train_eval_loss=7.0890e-04 | val_loss=7.2228e-04 | | lr=1.00e-03
Epoch 065 | train_loss=6.5208e-04 | train_eval_loss=5.9913e-04 | val_loss=6.1486e-04 | | lr=1.00e-03
Saved best model to results/thesis_model_results/outputs/mtlsh_embeddability_tradeoff/MTLSH__mse__minmax__seed42__model_head_sizes32__model_shared_sizes256_128/mtlsh_state_dict_best.pt
Epoch 066 | train_loss=6.1131e-04 | train_eval_loss=5.6913e-04 | val_loss=5.7809e-04 | | lr=1.00e-03
Saved best model to results/thesis_model_results/outputs/mtlsh_embeddability_tradeoff/MTLSH__mse__minmax__seed42__model_head_sizes32__model_shared_sizes256_128/mtlsh_state_dict_best.pt
Epoch 067 | train_loss=6.2305e-04 | train_eval_loss=6.0668e-04 | val_loss=6.2254e-04 | | lr=1.00e-03
Epoch 068 | train_loss=6.1011e-04 | train_eval_loss=6.0457e-04 | val_loss=6.0840e-04 | | lr=1.00e-03
Epoch 069 | train_loss=6.0529e-04 | train_eval_loss=6.6019e-04 | val_loss=6.7266e-04 | | lr=1.00e-03
Epoch 070 | train_loss=5.9831e-04 | train_eval_loss=6.3347e-04 | val_loss=6.3108e-04 | | lr=1.00e-03
Epoch 071 | train_loss=6.1217e-04 | train_eval_loss=6.4139e-04 | val_loss=6.3942e-04 | | lr=1.00e-03
Epoch 072 | train_loss=6.2321e-04 | train_eval_loss=7.0329e-04 | val_loss=7.1136e-04 | | lr=1.00e-03
Epoch 073 | train_loss=5.8796e-04 | train_eval_loss=5.5149e-04 | val_loss=5.7318e-04 | | lr=1.00e-03
Saved best model to results/thesis_model_results/outputs/mtlsh_embeddability_tradeoff/MTLSH__mse__minmax__seed42__model_head_sizes32__model_shared_sizes256_128/mtlsh_state_dict_best.pt
Epoch 074 | train_loss=5.6004e-04 | train_eval_loss=5.2680e-04 | val_loss=5.4249e-04 | | lr=1.00e-03
Saved best model to results/thesis_model_results/outputs/mtlsh_embeddability_tradeoff/MTLSH__mse__minmax__seed42__model_head_sizes32__model_shared_sizes256_128/mtlsh_state_dict_best.pt
Epoch 075 | train_loss=5.6615e-04 | train_eval_loss=6.5320e-04 | val_loss=6.7900e-04 | | lr=1.00e-03
Epoch 076 | train_loss=5.7336e-04 | train_eval_loss=6.2018e-04 | val_loss=6.2691e-04 | | lr=1.00e-03
Epoch 077 | train_loss=5.7241e-04 | train_eval_loss=6.0968e-04 | val_loss=6.3274e-04 | | lr=1.00e-03
Epoch 078 | train_loss=5.7738e-04 | train_eval_loss=6.0519e-04 | val_loss=6.2027e-04 | | lr=1.00e-03
Epoch 079 | train_loss=5.6557e-04 | train_eval_loss=5.4750e-04 | val_loss=5.6169e-04 | | lr=1.00e-03
Epoch 080 | train_loss=5.4486e-04 | train_eval_loss=5.4042e-04 | val_loss=5.6251e-04 | | lr=1.00e-03
Epoch 081 | train_loss=6.1669e-04 | train_eval_loss=6.3416e-04 | val_loss=6.4670e-04 | | lr=1.00e-03
Epoch 082 | train_loss=5.8758e-04 | train_eval_loss=5.8460e-04 | val_loss=6.0955e-04 | | lr=1.00e-03
Epoch 083 | train_loss=6.1058e-04 | train_eval_loss=6.7298e-04 | val_loss=6.7771e-04 | | lr=1.00e-03
Epoch 084 | train_loss=4.8853e-04 | train_eval_loss=4.8969e-04 | val_loss=5.0529e-04 | | lr=5.00e-04
Saved best model to results/thesis_model_results/outputs/mtlsh_embeddability_tradeoff/MTLSH__mse__minmax__seed42__model_head_sizes32__model_shared_sizes256_128/mtlsh_state_dict_best.pt
Epoch 085 | train_loss=4.7651e-04 | train_eval_loss=4.5537e-04 | val_loss=4.7372e-04 | | lr=5.00e-04
Saved best model to results/thesis_model_results/outputs/mtlsh_embeddability_tradeoff/MTLSH__mse__minmax__seed42__model_head_sizes32__model_shared_sizes256_128/mtlsh_state_dict_best.pt
Epoch 086 | train_loss=4.6777e-04 | train_eval_loss=4.5099e-04 | val_loss=4.6855e-04 | | lr=5.00e-04
Saved best model to results/thesis_model_results/outputs/mtlsh_embeddability_tradeoff/MTLSH__mse__minmax__seed42__model_head_sizes32__model_shared_sizes256_128/mtlsh_state_dict_best.pt
Epoch 087 | train_loss=4.7507e-04 | train_eval_loss=4.6600e-04 | val_loss=4.8496e-04 | | lr=5.00e-04
Epoch 088 | train_loss=4.7487e-04 | train_eval_loss=5.1445e-04 | val_loss=5.3321e-04 | | lr=5.00e-04
Epoch 089 | train_loss=4.7794e-04 | train_eval_loss=4.7944e-04 | val_loss=4.9194e-04 | | lr=5.00e-04
Epoch 090 | train_loss=4.6562e-04 | train_eval_loss=4.6078e-04 | val_loss=4.8335e-04 | | lr=5.00e-04
Epoch 091 | train_loss=4.6371e-04 | train_eval_loss=4.6297e-04 | val_loss=4.8689e-04 | | lr=5.00e-04
Epoch 092 | train_loss=4.6633e-04 | train_eval_loss=4.7215e-04 | val_loss=4.8957e-04 | | lr=5.00e-04
Epoch 093 | train_loss=4.6853e-04 | train_eval_loss=4.8070e-04 | val_loss=4.9002e-04 | | lr=5.00e-04
Epoch 094 | train_loss=4.8166e-04 | train_eval_loss=4.7233e-04 | val_loss=5.0132e-04 | | lr=5.00e-04
Epoch 095 | train_loss=4.6502e-04 | train_eval_loss=4.3433e-04 | val_loss=4.5516e-04 | | lr=5.00e-04
Saved best model to results/thesis_model_results/outputs/mtlsh_embeddability_tradeoff/MTLSH__mse__minmax__seed42__model_head_sizes32__model_shared_sizes256_128/mtlsh_state_dict_best.pt
Epoch 096 | train_loss=4.6134e-04 | train_eval_loss=4.6769e-04 | val_loss=4.8738e-04 | | lr=5.00e-04
Epoch 097 | train_loss=4.6266e-04 | train_eval_loss=5.1883e-04 | val_loss=5.5171e-04 | | lr=5.00e-04
Epoch 098 | train_loss=4.6711e-04 | train_eval_loss=5.0308e-04 | val_loss=5.1837e-04 | | lr=5.00e-04
Epoch 099 | train_loss=4.6999e-04 | train_eval_loss=4.5563e-04 | val_loss=4.7609e-04 | | lr=5.00e-04
Epoch 100 | train_loss=4.6941e-04 | train_eval_loss=4.8240e-04 | val_loss=5.1269e-04 | | lr=5.00e-04
Epoch 101 | train_loss=4.6980e-04 | train_eval_loss=4.4228e-04 | val_loss=4.6576e-04 | | lr=5.00e-04
Epoch 102 | train_loss=4.4946e-04 | train_eval_loss=4.4405e-04 | val_loss=4.6590e-04 | | lr=5.00e-04
Epoch 103 | train_loss=4.5813e-04 | train_eval_loss=4.4664e-04 | val_loss=4.7841e-04 | | lr=5.00e-04
Epoch 104 | train_loss=4.4950e-04 | train_eval_loss=4.5687e-04 | val_loss=4.8980e-04 | | lr=5.00e-04
Epoch 105 | train_loss=4.2227e-04 | train_eval_loss=4.2530e-04 | val_loss=4.5495e-04 | | lr=2.50e-04
Saved best model to results/thesis_model_results/outputs/mtlsh_embeddability_tradeoff/MTLSH__mse__minmax__seed42__model_head_sizes32__model_shared_sizes256_128/mtlsh_state_dict_best.pt
Epoch 106 | train_loss=4.2068e-04 | train_eval_loss=4.3921e-04 | val_loss=4.7063e-04 | | lr=2.50e-04
Epoch 107 | train_loss=4.2537e-04 | train_eval_loss=4.1997e-04 | val_loss=4.4415e-04 | | lr=2.50e-04
Saved best model to results/thesis_model_results/outputs/mtlsh_embeddability_tradeoff/MTLSH__mse__minmax__seed42__model_head_sizes32__model_shared_sizes256_128/mtlsh_state_dict_best.pt
Epoch 108 | train_loss=4.1937e-04 | train_eval_loss=4.1959e-04 | val_loss=4.4624e-04 | | lr=2.50e-04
Epoch 109 | train_loss=4.1055e-04 | train_eval_loss=4.0441e-04 | val_loss=4.3569e-04 | | lr=2.50e-04
Saved best model to results/thesis_model_results/outputs/mtlsh_embeddability_tradeoff/MTLSH__mse__minmax__seed42__model_head_sizes32__model_shared_sizes256_128/mtlsh_state_dict_best.pt
Epoch 110 | train_loss=4.0945e-04 | train_eval_loss=4.0432e-04 | val_loss=4.3264e-04 | | lr=2.50e-04
Saved best model to results/thesis_model_results/outputs/mtlsh_embeddability_tradeoff/MTLSH__mse__minmax__seed42__model_head_sizes32__model_shared_sizes256_128/mtlsh_state_dict_best.pt
Epoch 111 | train_loss=4.1311e-04 | train_eval_loss=4.0766e-04 | val_loss=4.3817e-04 | | lr=2.50e-04
Epoch 112 | train_loss=4.1125e-04 | train_eval_loss=4.0300e-04 | val_loss=4.3520e-04 | | lr=2.50e-04
Epoch 113 | train_loss=4.1398e-04 | train_eval_loss=4.1392e-04 | val_loss=4.4051e-04 | | lr=2.50e-04
Epoch 114 | train_loss=4.0712e-04 | train_eval_loss=4.1084e-04 | val_loss=4.3942e-04 | | lr=2.50e-04
Epoch 115 | train_loss=4.0639e-04 | train_eval_loss=4.0965e-04 | val_loss=4.4160e-04 | | lr=2.50e-04
Epoch 116 | train_loss=4.2100e-04 | train_eval_loss=4.0447e-04 | val_loss=4.3298e-04 | | lr=2.50e-04
Epoch 117 | train_loss=4.1540e-04 | train_eval_loss=4.0724e-04 | val_loss=4.4133e-04 | | lr=2.50e-04
Epoch 118 | train_loss=4.1569e-04 | train_eval_loss=3.9305e-04 | val_loss=4.2552e-04 | | lr=2.50e-04
Saved best model to results/thesis_model_results/outputs/mtlsh_embeddability_tradeoff/MTLSH__mse__minmax__seed42__model_head_sizes32__model_shared_sizes256_128/mtlsh_state_dict_best.pt
Epoch 119 | train_loss=4.0717e-04 | train_eval_loss=3.9959e-04 | val_loss=4.3043e-04 | | lr=2.50e-04
Epoch 120 | train_loss=4.0573e-04 | train_eval_loss=3.8845e-04 | val_loss=4.1934e-04 | | lr=2.50e-04
Saved best model to results/thesis_model_results/outputs/mtlsh_embeddability_tradeoff/MTLSH__mse__minmax__seed42__model_head_sizes32__model_shared_sizes256_128/mtlsh_state_dict_best.pt
Epoch 121 | train_loss=4.0619e-04 | train_eval_loss=4.0499e-04 | val_loss=4.3578e-04 | | lr=2.50e-04
Epoch 122 | train_loss=4.0774e-04 | train_eval_loss=4.3578e-04 | val_loss=4.7377e-04 | | lr=2.50e-04
Epoch 123 | train_loss=4.0913e-04 | train_eval_loss=3.9678e-04 | val_loss=4.2895e-04 | | lr=2.50e-04
Epoch 124 | train_loss=4.0210e-04 | train_eval_loss=3.9775e-04 | val_loss=4.3360e-04 | | lr=2.50e-04
Epoch 125 | train_loss=4.0117e-04 | train_eval_loss=3.9071e-04 | val_loss=4.2310e-04 | | lr=2.50e-04
Epoch 126 | train_loss=4.0098e-04 | train_eval_loss=3.8203e-04 | val_loss=4.1297e-04 | | lr=2.50e-04
Saved best model to results/thesis_model_results/outputs/mtlsh_embeddability_tradeoff/MTLSH__mse__minmax__seed42__model_head_sizes32__model_shared_sizes256_128/mtlsh_state_dict_best.pt
Epoch 127 | train_loss=3.9850e-04 | train_eval_loss=4.0068e-04 | val_loss=4.3213e-04 | | lr=2.50e-04
Epoch 128 | train_loss=3.9591e-04 | train_eval_loss=4.0329e-04 | val_loss=4.3650e-04 | | lr=2.50e-04
Epoch 129 | train_loss=3.9851e-04 | train_eval_loss=4.1446e-04 | val_loss=4.5313e-04 | | lr=2.50e-04
Epoch 130 | train_loss=3.9632e-04 | train_eval_loss=3.8502e-04 | val_loss=4.1941e-04 | | lr=2.50e-04
Epoch 131 | train_loss=3.8654e-04 | train_eval_loss=3.7842e-04 | val_loss=4.1078e-04 | | lr=2.50e-04
Saved best model to results/thesis_model_results/outputs/mtlsh_embeddability_tradeoff/MTLSH__mse__minmax__seed42__model_head_sizes32__model_shared_sizes256_128/mtlsh_state_dict_best.pt
Epoch 132 | train_loss=4.0206e-04 | train_eval_loss=3.9555e-04 | val_loss=4.2778e-04 | | lr=2.50e-04
Epoch 133 | train_loss=4.0835e-04 | train_eval_loss=3.9558e-04 | val_loss=4.3592e-04 | | lr=2.50e-04
Epoch 134 | train_loss=3.9435e-04 | train_eval_loss=3.8151e-04 | val_loss=4.1711e-04 | | lr=2.50e-04
Epoch 135 | train_loss=3.9352e-04 | train_eval_loss=3.7429e-04 | val_loss=4.0961e-04 | | lr=2.50e-04
Saved best model to results/thesis_model_results/outputs/mtlsh_embeddability_tradeoff/MTLSH__mse__minmax__seed42__model_head_sizes32__model_shared_sizes256_128/mtlsh_state_dict_best.pt
Epoch 136 | train_loss=3.7816e-04 | train_eval_loss=4.0070e-04 | val_loss=4.3791e-04 | | lr=2.50e-04
Epoch 137 | train_loss=3.8181e-04 | train_eval_loss=3.9344e-04 | val_loss=4.2879e-04 | | lr=2.50e-04
Epoch 138 | train_loss=3.8558e-04 | train_eval_loss=3.8449e-04 | val_loss=4.1574e-04 | | lr=2.50e-04
Epoch 139 | train_loss=3.8147e-04 | train_eval_loss=3.8137e-04 | val_loss=4.2250e-04 | | lr=2.50e-04
Epoch 140 | train_loss=3.9498e-04 | train_eval_loss=3.7927e-04 | val_loss=4.1657e-04 | | lr=2.50e-04
Epoch 141 | train_loss=3.8191e-04 | train_eval_loss=3.7315e-04 | val_loss=4.1058e-04 | | lr=2.50e-04
Epoch 142 | train_loss=3.8070e-04 | train_eval_loss=3.7634e-04 | val_loss=4.1577e-04 | | lr=2.50e-04
Epoch 143 | train_loss=3.8137e-04 | train_eval_loss=3.7407e-04 | val_loss=4.1394e-04 | | lr=2.50e-04
Epoch 144 | train_loss=3.7664e-04 | train_eval_loss=3.7956e-04 | val_loss=4.1650e-04 | | lr=2.50e-04
Epoch 145 | train_loss=3.5981e-04 | train_eval_loss=3.5368e-04 | val_loss=3.9212e-04 | | lr=1.25e-04
Saved best model to results/thesis_model_results/outputs/mtlsh_embeddability_tradeoff/MTLSH__mse__minmax__seed42__model_head_sizes32__model_shared_sizes256_128/mtlsh_state_dict_best.pt
Epoch 146 | train_loss=3.5384e-04 | train_eval_loss=3.5312e-04 | val_loss=3.9133e-04 | | lr=1.25e-04
Saved best model to results/thesis_model_results/outputs/mtlsh_embeddability_tradeoff/MTLSH__mse__minmax__seed42__model_head_sizes32__model_shared_sizes256_128/mtlsh_state_dict_best.pt
Epoch 147 | train_loss=3.5431e-04 | train_eval_loss=3.4870e-04 | val_loss=3.9300e-04 | | lr=1.25e-04
Epoch 148 | train_loss=3.5504e-04 | train_eval_loss=3.6063e-04 | val_loss=4.0476e-04 | | lr=1.25e-04
Epoch 149 | train_loss=3.5192e-04 | train_eval_loss=3.8652e-04 | val_loss=4.3018e-04 | | lr=1.25e-04
Epoch 150 | train_loss=3.5668e-04 | train_eval_loss=3.5623e-04 | val_loss=4.0011e-04 | | lr=1.25e-04
Epoch 151 | train_loss=3.5261e-04 | train_eval_loss=3.5356e-04 | val_loss=3.9253e-04 | | lr=1.25e-04
Epoch 152 | train_loss=3.5053e-04 | train_eval_loss=3.5209e-04 | val_loss=3.9544e-04 | | lr=1.25e-04
Epoch 153 | train_loss=3.5529e-04 | train_eval_loss=3.5268e-04 | val_loss=3.9147e-04 | | lr=1.25e-04
Epoch 154 | train_loss=3.5070e-04 | train_eval_loss=3.4291e-04 | val_loss=3.8688e-04 | | lr=1.25e-04
Saved best model to results/thesis_model_results/outputs/mtlsh_embeddability_tradeoff/MTLSH__mse__minmax__seed42__model_head_sizes32__model_shared_sizes256_128/mtlsh_state_dict_best.pt
Epoch 155 | train_loss=3.4977e-04 | train_eval_loss=3.5782e-04 | val_loss=4.0201e-04 | | lr=1.25e-04
Epoch 156 | train_loss=3.5617e-04 | train_eval_loss=3.5671e-04 | val_loss=3.9627e-04 | | lr=1.25e-04
Epoch 157 | train_loss=3.5196e-04 | train_eval_loss=3.4404e-04 | val_loss=3.9189e-04 | | lr=1.25e-04
Epoch 158 | train_loss=3.5158e-04 | train_eval_loss=3.6704e-04 | val_loss=4.0910e-04 | | lr=1.25e-04
Epoch 159 | train_loss=3.5621e-04 | train_eval_loss=3.4420e-04 | val_loss=3.8854e-04 | | lr=1.25e-04
Epoch 160 | train_loss=3.5008e-04 | train_eval_loss=3.6404e-04 | val_loss=4.0290e-04 | | lr=1.25e-04
Epoch 161 | train_loss=3.4839e-04 | train_eval_loss=3.3936e-04 | val_loss=3.7919e-04 | | lr=1.25e-04
Saved best model to results/thesis_model_results/outputs/mtlsh_embeddability_tradeoff/MTLSH__mse__minmax__seed42__model_head_sizes32__model_shared_sizes256_128/mtlsh_state_dict_best.pt
Epoch 162 | train_loss=3.4645e-04 | train_eval_loss=3.3605e-04 | val_loss=3.8226e-04 | | lr=1.25e-04
Epoch 163 | train_loss=3.4608e-04 | train_eval_loss=3.4153e-04 | val_loss=3.8661e-04 | | lr=1.25e-04
Epoch 164 | train_loss=3.4824e-04 | train_eval_loss=3.4295e-04 | val_loss=3.8747e-04 | | lr=1.25e-04
Epoch 165 | train_loss=3.4472e-04 | train_eval_loss=3.4105e-04 | val_loss=3.8637e-04 | | lr=1.25e-04
Epoch 166 | train_loss=3.4518e-04 | train_eval_loss=3.4093e-04 | val_loss=3.8457e-04 | | lr=1.25e-04
Epoch 167 | train_loss=3.4540e-04 | train_eval_loss=3.3564e-04 | val_loss=3.8293e-04 | | lr=1.25e-04
Epoch 168 | train_loss=3.4879e-04 | train_eval_loss=3.4495e-04 | val_loss=3.9107e-04 | | lr=1.25e-04
Epoch 169 | train_loss=3.4800e-04 | train_eval_loss=3.5056e-04 | val_loss=3.9932e-04 | | lr=1.25e-04
Epoch 170 | train_loss=3.4335e-04 | train_eval_loss=3.4147e-04 | val_loss=3.8235e-04 | | lr=1.25e-04
Epoch 171 | train_loss=3.3393e-04 | train_eval_loss=3.2754e-04 | val_loss=3.7484e-04 | | lr=6.25e-05
Saved best model to results/thesis_model_results/outputs/mtlsh_embeddability_tradeoff/MTLSH__mse__minmax__seed42__model_head_sizes32__model_shared_sizes256_128/mtlsh_state_dict_best.pt
Epoch 172 | train_loss=3.3207e-04 | train_eval_loss=3.3403e-04 | val_loss=3.8109e-04 | | lr=6.25e-05
Epoch 173 | train_loss=3.3197e-04 | train_eval_loss=3.2715e-04 | val_loss=3.7394e-04 | | lr=6.25e-05
Saved best model to results/thesis_model_results/outputs/mtlsh_embeddability_tradeoff/MTLSH__mse__minmax__seed42__model_head_sizes32__model_shared_sizes256_128/mtlsh_state_dict_best.pt
Epoch 174 | train_loss=3.3113e-04 | train_eval_loss=3.3080e-04 | val_loss=3.7898e-04 | | lr=6.25e-05
Epoch 175 | train_loss=3.2867e-04 | train_eval_loss=3.3081e-04 | val_loss=3.7818e-04 | | lr=6.25e-05
Epoch 176 | train_loss=3.3175e-04 | train_eval_loss=3.2706e-04 | val_loss=3.7487e-04 | | lr=6.25e-05
Epoch 177 | train_loss=3.3302e-04 | train_eval_loss=3.3079e-04 | val_loss=3.7876e-04 | | lr=6.25e-05
Epoch 178 | train_loss=3.3199e-04 | train_eval_loss=3.3022e-04 | val_loss=3.7860e-04 | | lr=6.25e-05
Epoch 179 | train_loss=3.2957e-04 | train_eval_loss=3.2602e-04 | val_loss=3.7215e-04 | | lr=6.25e-05
Saved best model to results/thesis_model_results/outputs/mtlsh_embeddability_tradeoff/MTLSH__mse__minmax__seed42__model_head_sizes32__model_shared_sizes256_128/mtlsh_state_dict_best.pt
Epoch 180 | train_loss=3.3246e-04 | train_eval_loss=3.2963e-04 | val_loss=3.7761e-04 | | lr=6.25e-05
Epoch 181 | train_loss=3.3106e-04 | train_eval_loss=3.2382e-04 | val_loss=3.7117e-04 | | lr=6.25e-05
Saved best model to results/thesis_model_results/outputs/mtlsh_embeddability_tradeoff/MTLSH__mse__minmax__seed42__model_head_sizes32__model_shared_sizes256_128/mtlsh_state_dict_best.pt
Epoch 182 | train_loss=3.2773e-04 | train_eval_loss=3.2493e-04 | val_loss=3.7272e-04 | | lr=6.25e-05
Epoch 183 | train_loss=3.2834e-04 | train_eval_loss=3.3082e-04 | val_loss=3.7836e-04 | | lr=6.25e-05
Epoch 184 | train_loss=3.3103e-04 | train_eval_loss=3.3702e-04 | val_loss=3.8105e-04 | | lr=6.25e-05
Epoch 185 | train_loss=3.3066e-04 | train_eval_loss=3.2449e-04 | val_loss=3.7441e-04 | | lr=6.25e-05
Epoch 186 | train_loss=3.2796e-04 | train_eval_loss=3.3141e-04 | val_loss=3.8294e-04 | | lr=6.25e-05
Epoch 187 | train_loss=3.3051e-04 | train_eval_loss=3.2465e-04 | val_loss=3.7098e-04 | | lr=6.25e-05
Saved best model to results/thesis_model_results/outputs/mtlsh_embeddability_tradeoff/MTLSH__mse__minmax__seed42__model_head_sizes32__model_shared_sizes256_128/mtlsh_state_dict_best.pt
Epoch 188 | train_loss=3.2860e-04 | train_eval_loss=3.2474e-04 | val_loss=3.7428e-04 | | lr=6.25e-05
Epoch 189 | train_loss=3.2972e-04 | train_eval_loss=3.3717e-04 | val_loss=3.8488e-04 | | lr=6.25e-05
Epoch 190 | train_loss=3.2915e-04 | train_eval_loss=3.2720e-04 | val_loss=3.7348e-04 | | lr=6.25e-05
Epoch 191 | train_loss=3.2869e-04 | train_eval_loss=3.2806e-04 | val_loss=3.8000e-04 | | lr=6.25e-05
Epoch 192 | train_loss=3.2618e-04 | train_eval_loss=3.2636e-04 | val_loss=3.7538e-04 | | lr=6.25e-05
Epoch 193 | train_loss=3.2597e-04 | train_eval_loss=3.2639e-04 | val_loss=3.7383e-04 | | lr=6.25e-05
Epoch 194 | train_loss=3.2635e-04 | train_eval_loss=3.2424e-04 | val_loss=3.7272e-04 | | lr=6.25e-05
Epoch 195 | train_loss=3.2830e-04 | train_eval_loss=3.2624e-04 | val_loss=3.7488e-04 | | lr=6.25e-05
Epoch 196 | train_loss=3.2574e-04 | train_eval_loss=3.2329e-04 | val_loss=3.6827e-04 | | lr=6.25e-05
Saved best model to results/thesis_model_results/outputs/mtlsh_embeddability_tradeoff/MTLSH__mse__minmax__seed42__model_head_sizes32__model_shared_sizes256_128/mtlsh_state_dict_best.pt
Epoch 197 | train_loss=3.2592e-04 | train_eval_loss=3.1960e-04 | val_loss=3.6908e-04 | | lr=6.25e-05
Epoch 198 | train_loss=3.2296e-04 | train_eval_loss=3.1809e-04 | val_loss=3.6730e-04 | | lr=6.25e-05
Saved best model to results/thesis_model_results/outputs/mtlsh_embeddability_tradeoff/MTLSH__mse__minmax__seed42__model_head_sizes32__model_shared_sizes256_128/mtlsh_state_dict_best.pt
Epoch 199 | train_loss=3.2312e-04 | train_eval_loss=3.2542e-04 | val_loss=3.7315e-04 | | lr=6.25e-05
Epoch 200 | train_loss=3.2484e-04 | train_eval_loss=3.1789e-04 | val_loss=3.6901e-04 | | lr=6.25e-05
Saved training logs to results/thesis_model_results/outputs/mtlsh_embeddability_tradeoff/MTLSH__mse__minmax__seed42__model_head_sizes32__model_shared_sizes256_128/training_summary.txt
Test RMSE(rocof_COI) = 0.0142 | norm: 0.0108 | real_diff: 0.0099
Test RMSE(dev_COI) = 0.0250 | norm: 0.0093 | real_diff: 0.0137
Test RMSE(Delta_P_IBR_1) = 0.1151 | norm: 0.0182 | real_diff: 0.0737
Test RMSE(Delta_P_IBR_2) = 0.1035 | norm: 0.0144 | real_diff: 0.0583
Test RMSE(Delta_P_IBR_3) = 0.1800 | norm: 0.0316 | real_diff: 0.0972
Test RMSE(Delta_P_IBR_4) = 0.1963 | norm: 0.0203 | real_diff: 0.1248
Saved RMSE results to results/thesis_model_results/outputs/mtlsh_embeddability_tradeoff/MTLSH__mse__minmax__seed42__model_head_sizes32__model_shared_sizes256_128/rmse_results.txt
Saved detailed metrics to results/thesis_model_results/outputs/mtlsh_embeddability_tradeoff/MTLSH__mse__minmax__seed42__model_head_sizes32__model_shared_sizes256_128/metrics_by_target.csv
Saved aggregate metrics to results/thesis_model_results/outputs/mtlsh_embeddability_tradeoff/MTLSH__mse__minmax__seed42__model_head_sizes32__model_shared_sizes256_128/metrics_summary.json
Saved loss curves to results/thesis_model_results/outputs/mtlsh_embeddability_tradeoff/MTLSH__mse__minmax__seed42__model_head_sizes32__model_shared_sizes256_128/loss_curve.png
Saved scatter plot results/thesis_model_results/outputs/mtlsh_embeddability_tradeoff/MTLSH__mse__minmax__seed42__model_head_sizes32__model_shared_sizes256_128/scatter_rocof_COI.png
Saved scatter plot results/thesis_model_results/outputs/mtlsh_embeddability_tradeoff/MTLSH__mse__minmax__seed42__model_head_sizes32__model_shared_sizes256_128/scatter_dev_COI.png
Saved scatter plot results/thesis_model_results/outputs/mtlsh_embeddability_tradeoff/MTLSH__mse__minmax__seed42__model_head_sizes32__model_shared_sizes256_128/scatter_Delta_P_IBR_1.png
Saved scatter plot results/thesis_model_results/outputs/mtlsh_embeddability_tradeoff/MTLSH__mse__minmax__seed42__model_head_sizes32__model_shared_sizes256_128/scatter_Delta_P_IBR_2.png
Saved scatter plot results/thesis_model_results/outputs/mtlsh_embeddability_tradeoff/MTLSH__mse__minmax__seed42__model_head_sizes32__model_shared_sizes256_128/scatter_Delta_P_IBR_3.png
Saved scatter plot results/thesis_model_results/outputs/mtlsh_embeddability_tradeoff/MTLSH__mse__minmax__seed42__model_head_sizes32__model_shared_sizes256_128/scatter_Delta_P_IBR_4.png
Saved model to results/thesis_model_results/outputs/mtlsh_embeddability_tradeoff/MTLSH__mse__minmax__seed42__model_head_sizes32__model_shared_sizes256_128/mtlsh_state_dict.pt
Loss type: mse | weights=[]
Target stats (scaled):
train mean=[0.549  0.589  0.492  0.4884 0.4785 0.4192]
train std=[0.1365 0.1371 0.1141 0.1063 0.1158 0.1138]
train q05=[0.3074 0.3979 0.3192 0.303  0.3347 0.2205]
train q95=[0.7933 0.8652 0.6719 0.6491 0.6927 0.6016]
val mean=[0.5473 0.5873 0.4922 0.4893 0.4798 0.4201]
val std=[0.1343 0.1348 0.1123 0.1072 0.1141 0.1112]
val q05=[0.3103 0.3982 0.3195 0.303  0.3376 0.2251]
val q95=[0.7886 0.8626 0.6731 0.6514 0.6918 0.5984]
val/train std ratio=[0.984  0.9828 0.9844 1.0084 0.9848 0.9772]
LR scheduler: ReduceLROnPlateau (factor=0.5, patience=8, min_lr=1e-07)
Epoch 001 | train_loss=2.7848e-02 | train_eval_loss=1.4016e-02 | val_loss=1.3638e-02 | | lr=1.00e-03
Saved best model to results/thesis_model_results/outputs/mtlsh_embeddability_tradeoff/MTLSH__mse__minmax__seed42__model_head_sizes64__model_shared_sizes256_128/mtlsh_state_dict_best.pt
Epoch 002 | train_loss=1.1869e-02 | train_eval_loss=6.6298e-03 | val_loss=6.4836e-03 | | lr=1.00e-03
Saved best model to results/thesis_model_results/outputs/mtlsh_embeddability_tradeoff/MTLSH__mse__minmax__seed42__model_head_sizes64__model_shared_sizes256_128/mtlsh_state_dict_best.pt
Epoch 003 | train_loss=3.8877e-03 | train_eval_loss=3.0940e-03 | val_loss=3.0501e-03 | | lr=1.00e-03
Saved best model to results/thesis_model_results/outputs/mtlsh_embeddability_tradeoff/MTLSH__mse__minmax__seed42__model_head_sizes64__model_shared_sizes256_128/mtlsh_state_dict_best.pt
Epoch 004 | train_loss=2.6839e-03 | train_eval_loss=2.2972e-03 | val_loss=2.2515e-03 | | lr=1.00e-03
Saved best model to results/thesis_model_results/outputs/mtlsh_embeddability_tradeoff/MTLSH__mse__minmax__seed42__model_head_sizes64__model_shared_sizes256_128/mtlsh_state_dict_best.pt
Epoch 005 | train_loss=2.1873e-03 | train_eval_loss=1.9245e-03 | val_loss=1.8869e-03 | | lr=1.00e-03
Saved best model to results/thesis_model_results/outputs/mtlsh_embeddability_tradeoff/MTLSH__mse__minmax__seed42__model_head_sizes64__model_shared_sizes256_128/mtlsh_state_dict_best.pt
Epoch 006 | train_loss=1.8846e-03 | train_eval_loss=1.7597e-03 | val_loss=1.7285e-03 | | lr=1.00e-03
Saved best model to results/thesis_model_results/outputs/mtlsh_embeddability_tradeoff/MTLSH__mse__minmax__seed42__model_head_sizes64__model_shared_sizes256_128/mtlsh_state_dict_best.pt
Epoch 007 | train_loss=1.7549e-03 | train_eval_loss=1.6569e-03 | val_loss=1.6242e-03 | | lr=1.00e-03
Saved best model to results/thesis_model_results/outputs/mtlsh_embeddability_tradeoff/MTLSH__mse__minmax__seed42__model_head_sizes64__model_shared_sizes256_128/mtlsh_state_dict_best.pt
Epoch 008 | train_loss=1.6816e-03 | train_eval_loss=1.6980e-03 | val_loss=1.6761e-03 | | lr=1.00e-03
Epoch 009 | train_loss=1.6823e-03 | train_eval_loss=1.5880e-03 | val_loss=1.5737e-03 | | lr=1.00e-03
Saved best model to results/thesis_model_results/outputs/mtlsh_embeddability_tradeoff/MTLSH__mse__minmax__seed42__model_head_sizes64__model_shared_sizes256_128/mtlsh_state_dict_best.pt
Epoch 010 | train_loss=1.5483e-03 | train_eval_loss=1.5058e-03 | val_loss=1.4865e-03 | | lr=1.00e-03
Saved best model to results/thesis_model_results/outputs/mtlsh_embeddability_tradeoff/MTLSH__mse__minmax__seed42__model_head_sizes64__model_shared_sizes256_128/mtlsh_state_dict_best.pt
Epoch 011 | train_loss=1.4997e-03 | train_eval_loss=1.4248e-03 | val_loss=1.4121e-03 | | lr=1.00e-03
Saved best model to results/thesis_model_results/outputs/mtlsh_embeddability_tradeoff/MTLSH__mse__minmax__seed42__model_head_sizes64__model_shared_sizes256_128/mtlsh_state_dict_best.pt
Epoch 012 | train_loss=1.4005e-03 | train_eval_loss=1.3747e-03 | val_loss=1.3560e-03 | | lr=1.00e-03
Saved best model to results/thesis_model_results/outputs/mtlsh_embeddability_tradeoff/MTLSH__mse__minmax__seed42__model_head_sizes64__model_shared_sizes256_128/mtlsh_state_dict_best.pt
Epoch 013 | train_loss=1.3999e-03 | train_eval_loss=1.3929e-03 | val_loss=1.3739e-03 | | lr=1.00e-03
Epoch 014 | train_loss=1.3336e-03 | train_eval_loss=1.2483e-03 | val_loss=1.2387e-03 | | lr=1.00e-03
Saved best model to results/thesis_model_results/outputs/mtlsh_embeddability_tradeoff/MTLSH__mse__minmax__seed42__model_head_sizes64__model_shared_sizes256_128/mtlsh_state_dict_best.pt
Epoch 015 | train_loss=1.2841e-03 | train_eval_loss=1.2436e-03 | val_loss=1.2353e-03 | | lr=1.00e-03
Saved best model to results/thesis_model_results/outputs/mtlsh_embeddability_tradeoff/MTLSH__mse__minmax__seed42__model_head_sizes64__model_shared_sizes256_128/mtlsh_state_dict_best.pt
Epoch 016 | train_loss=1.3078e-03 | train_eval_loss=1.3200e-03 | val_loss=1.3099e-03 | | lr=1.00e-03
Epoch 017 | train_loss=1.2350e-03 | train_eval_loss=1.1919e-03 | val_loss=1.1833e-03 | | lr=1.00e-03
Saved best model to results/thesis_model_results/outputs/mtlsh_embeddability_tradeoff/MTLSH__mse__minmax__seed42__model_head_sizes64__model_shared_sizes256_128/mtlsh_state_dict_best.pt
Epoch 018 | train_loss=1.1873e-03 | train_eval_loss=1.1660e-03 | val_loss=1.1619e-03 | | lr=1.00e-03
Saved best model to results/thesis_model_results/outputs/mtlsh_embeddability_tradeoff/MTLSH__mse__minmax__seed42__model_head_sizes64__model_shared_sizes256_128/mtlsh_state_dict_best.pt
Epoch 019 | train_loss=1.1711e-03 | train_eval_loss=1.2374e-03 | val_loss=1.2280e-03 | | lr=1.00e-03
Epoch 020 | train_loss=1.1105e-03 | train_eval_loss=1.1056e-03 | val_loss=1.0974e-03 | | lr=1.00e-03
Saved best model to results/thesis_model_results/outputs/mtlsh_embeddability_tradeoff/MTLSH__mse__minmax__seed42__model_head_sizes64__model_shared_sizes256_128/mtlsh_state_dict_best.pt
Epoch 021 | train_loss=1.1075e-03 | train_eval_loss=1.0364e-03 | val_loss=1.0324e-03 | | lr=1.00e-03
Saved best model to results/thesis_model_results/outputs/mtlsh_embeddability_tradeoff/MTLSH__mse__minmax__seed42__model_head_sizes64__model_shared_sizes256_128/mtlsh_state_dict_best.pt
Epoch 022 | train_loss=1.0950e-03 | train_eval_loss=1.1403e-03 | val_loss=1.1383e-03 | | lr=1.00e-03
Epoch 023 | train_loss=1.1114e-03 | train_eval_loss=1.0702e-03 | val_loss=1.0672e-03 | | lr=1.00e-03
Epoch 024 | train_loss=1.0281e-03 | train_eval_loss=1.0196e-03 | val_loss=1.0152e-03 | | lr=1.00e-03
Saved best model to results/thesis_model_results/outputs/mtlsh_embeddability_tradeoff/MTLSH__mse__minmax__seed42__model_head_sizes64__model_shared_sizes256_128/mtlsh_state_dict_best.pt
Epoch 025 | train_loss=1.0287e-03 | train_eval_loss=1.0128e-03 | val_loss=1.0076e-03 | | lr=1.00e-03
Saved best model to results/thesis_model_results/outputs/mtlsh_embeddability_tradeoff/MTLSH__mse__minmax__seed42__model_head_sizes64__model_shared_sizes256_128/mtlsh_state_dict_best.pt
Epoch 026 | train_loss=9.8893e-04 | train_eval_loss=9.3871e-04 | val_loss=9.3879e-04 | | lr=1.00e-03
Saved best model to results/thesis_model_results/outputs/mtlsh_embeddability_tradeoff/MTLSH__mse__minmax__seed42__model_head_sizes64__model_shared_sizes256_128/mtlsh_state_dict_best.pt
Epoch 027 | train_loss=9.7418e-04 | train_eval_loss=1.0147e-03 | val_loss=1.0129e-03 | | lr=1.00e-03
Epoch 028 | train_loss=9.6083e-04 | train_eval_loss=1.0181e-03 | val_loss=1.0233e-03 | | lr=1.00e-03
Epoch 029 | train_loss=9.2157e-04 | train_eval_loss=8.4723e-04 | val_loss=8.4719e-04 | | lr=1.00e-03
Saved best model to results/thesis_model_results/outputs/mtlsh_embeddability_tradeoff/MTLSH__mse__minmax__seed42__model_head_sizes64__model_shared_sizes256_128/mtlsh_state_dict_best.pt
Epoch 030 | train_loss=9.2854e-04 | train_eval_loss=9.3121e-04 | val_loss=9.3057e-04 | | lr=1.00e-03
Epoch 031 | train_loss=8.8767e-04 | train_eval_loss=8.2690e-04 | val_loss=8.2563e-04 | | lr=1.00e-03
Saved best model to results/thesis_model_results/outputs/mtlsh_embeddability_tradeoff/MTLSH__mse__minmax__seed42__model_head_sizes64__model_shared_sizes256_128/mtlsh_state_dict_best.pt
Epoch 032 | train_loss=8.5600e-04 | train_eval_loss=8.1023e-04 | val_loss=8.0991e-04 | | lr=1.00e-03
Saved best model to results/thesis_model_results/outputs/mtlsh_embeddability_tradeoff/MTLSH__mse__minmax__seed42__model_head_sizes64__model_shared_sizes256_128/mtlsh_state_dict_best.pt
Epoch 033 | train_loss=8.4328e-04 | train_eval_loss=8.2770e-04 | val_loss=8.2699e-04 | | lr=1.00e-03
Epoch 034 | train_loss=8.3792e-04 | train_eval_loss=8.5966e-04 | val_loss=8.5752e-04 | | lr=1.00e-03
Epoch 035 | train_loss=8.1025e-04 | train_eval_loss=8.5912e-04 | val_loss=8.5743e-04 | | lr=1.00e-03
Epoch 036 | train_loss=7.7773e-04 | train_eval_loss=7.9578e-04 | val_loss=7.9666e-04 | | lr=1.00e-03
Saved best model to results/thesis_model_results/outputs/mtlsh_embeddability_tradeoff/MTLSH__mse__minmax__seed42__model_head_sizes64__model_shared_sizes256_128/mtlsh_state_dict_best.pt
Epoch 037 | train_loss=8.1284e-04 | train_eval_loss=8.6863e-04 | val_loss=8.6726e-04 | | lr=1.00e-03
Epoch 038 | train_loss=7.5795e-04 | train_eval_loss=7.1985e-04 | val_loss=7.2013e-04 | | lr=1.00e-03
Saved best model to results/thesis_model_results/outputs/mtlsh_embeddability_tradeoff/MTLSH__mse__minmax__seed42__model_head_sizes64__model_shared_sizes256_128/mtlsh_state_dict_best.pt
Epoch 039 | train_loss=7.6479e-04 | train_eval_loss=9.2609e-04 | val_loss=9.1886e-04 | | lr=1.00e-03
Epoch 040 | train_loss=8.4949e-04 | train_eval_loss=1.0709e-03 | val_loss=1.0692e-03 | | lr=1.00e-03
Epoch 041 | train_loss=7.8590e-04 | train_eval_loss=6.6394e-04 | val_loss=6.6691e-04 | | lr=1.00e-03
Saved best model to results/thesis_model_results/outputs/mtlsh_embeddability_tradeoff/MTLSH__mse__minmax__seed42__model_head_sizes64__model_shared_sizes256_128/mtlsh_state_dict_best.pt
Epoch 042 | train_loss=6.9084e-04 | train_eval_loss=6.9837e-04 | val_loss=6.9969e-04 | | lr=1.00e-03
Epoch 043 | train_loss=7.4763e-04 | train_eval_loss=6.7587e-04 | val_loss=6.7466e-04 | | lr=1.00e-03
Epoch 044 | train_loss=7.2900e-04 | train_eval_loss=7.2334e-04 | val_loss=7.2231e-04 | | lr=1.00e-03
Epoch 045 | train_loss=7.0767e-04 | train_eval_loss=6.9248e-04 | val_loss=6.9320e-04 | | lr=1.00e-03
Epoch 046 | train_loss=6.5798e-04 | train_eval_loss=8.5813e-04 | val_loss=8.6681e-04 | | lr=1.00e-03
Epoch 047 | train_loss=7.6846e-04 | train_eval_loss=6.0850e-04 | val_loss=6.0963e-04 | | lr=1.00e-03
Saved best model to results/thesis_model_results/outputs/mtlsh_embeddability_tradeoff/MTLSH__mse__minmax__seed42__model_head_sizes64__model_shared_sizes256_128/mtlsh_state_dict_best.pt
Epoch 048 | train_loss=6.5467e-04 | train_eval_loss=6.5745e-04 | val_loss=6.5777e-04 | | lr=1.00e-03
Epoch 049 | train_loss=7.6010e-04 | train_eval_loss=8.9338e-04 | val_loss=8.9637e-04 | | lr=1.00e-03
Epoch 050 | train_loss=6.8647e-04 | train_eval_loss=6.3040e-04 | val_loss=6.3449e-04 | | lr=1.00e-03
Epoch 051 | train_loss=6.4527e-04 | train_eval_loss=6.2538e-04 | val_loss=6.2815e-04 | | lr=1.00e-03
Epoch 052 | train_loss=6.3244e-04 | train_eval_loss=6.2319e-04 | val_loss=6.2503e-04 | | lr=1.00e-03
Epoch 053 | train_loss=6.5392e-04 | train_eval_loss=9.7862e-04 | val_loss=9.7829e-04 | | lr=1.00e-03
Epoch 054 | train_loss=7.0784e-04 | train_eval_loss=8.4151e-04 | val_loss=8.5659e-04 | | lr=1.00e-03
Epoch 055 | train_loss=6.7185e-04 | train_eval_loss=5.8563e-04 | val_loss=5.8916e-04 | | lr=1.00e-03
Saved best model to results/thesis_model_results/outputs/mtlsh_embeddability_tradeoff/MTLSH__mse__minmax__seed42__model_head_sizes64__model_shared_sizes256_128/mtlsh_state_dict_best.pt
Epoch 056 | train_loss=6.9023e-04 | train_eval_loss=6.3063e-04 | val_loss=6.3565e-04 | | lr=1.00e-03
Epoch 057 | train_loss=5.9139e-04 | train_eval_loss=5.8193e-04 | val_loss=5.8956e-04 | | lr=1.00e-03
Epoch 058 | train_loss=6.4204e-04 | train_eval_loss=6.6279e-04 | val_loss=6.6483e-04 | | lr=1.00e-03
Epoch 059 | train_loss=6.3151e-04 | train_eval_loss=6.1508e-04 | val_loss=6.2112e-04 | | lr=1.00e-03
Epoch 060 | train_loss=6.3889e-04 | train_eval_loss=6.5637e-04 | val_loss=6.6349e-04 | | lr=1.00e-03
Epoch 061 | train_loss=6.0418e-04 | train_eval_loss=7.0792e-04 | val_loss=7.1480e-04 | | lr=1.00e-03
Epoch 062 | train_loss=6.0751e-04 | train_eval_loss=5.6941e-04 | val_loss=5.7879e-04 | | lr=1.00e-03
Saved best model to results/thesis_model_results/outputs/mtlsh_embeddability_tradeoff/MTLSH__mse__minmax__seed42__model_head_sizes64__model_shared_sizes256_128/mtlsh_state_dict_best.pt
Epoch 063 | train_loss=7.2154e-04 | train_eval_loss=6.2376e-04 | val_loss=6.4546e-04 | | lr=1.00e-03
Epoch 064 | train_loss=5.9408e-04 | train_eval_loss=6.6401e-04 | val_loss=6.8202e-04 | | lr=1.00e-03
Epoch 065 | train_loss=5.8234e-04 | train_eval_loss=5.7950e-04 | val_loss=5.9683e-04 | | lr=1.00e-03
Epoch 066 | train_loss=5.8527e-04 | train_eval_loss=6.1504e-04 | val_loss=6.3678e-04 | | lr=1.00e-03
Epoch 067 | train_loss=5.9513e-04 | train_eval_loss=6.6812e-04 | val_loss=6.9216e-04 | | lr=1.00e-03
Epoch 068 | train_loss=6.2321e-04 | train_eval_loss=7.4358e-04 | val_loss=7.4869e-04 | | lr=1.00e-03
Epoch 069 | train_loss=5.9065e-04 | train_eval_loss=5.9946e-04 | val_loss=6.2280e-04 | | lr=1.00e-03
Epoch 070 | train_loss=5.8874e-04 | train_eval_loss=7.4033e-04 | val_loss=7.5694e-04 | | lr=1.00e-03
Epoch 071 | train_loss=6.0038e-04 | train_eval_loss=5.6300e-04 | val_loss=5.7504e-04 | | lr=1.00e-03
Saved best model to results/thesis_model_results/outputs/mtlsh_embeddability_tradeoff/MTLSH__mse__minmax__seed42__model_head_sizes64__model_shared_sizes256_128/mtlsh_state_dict_best.pt
Epoch 072 | train_loss=5.6916e-04 | train_eval_loss=6.3150e-04 | val_loss=6.5023e-04 | | lr=1.00e-03
Epoch 073 | train_loss=5.5928e-04 | train_eval_loss=5.4972e-04 | val_loss=5.6248e-04 | | lr=1.00e-03
Saved best model to results/thesis_model_results/outputs/mtlsh_embeddability_tradeoff/MTLSH__mse__minmax__seed42__model_head_sizes64__model_shared_sizes256_128/mtlsh_state_dict_best.pt
Epoch 074 | train_loss=5.3195e-04 | train_eval_loss=5.5555e-04 | val_loss=5.7785e-04 | | lr=1.00e-03
Epoch 075 | train_loss=5.7564e-04 | train_eval_loss=5.5576e-04 | val_loss=5.7416e-04 | | lr=1.00e-03
Epoch 076 | train_loss=5.8255e-04 | train_eval_loss=5.8116e-04 | val_loss=6.0336e-04 | | lr=1.00e-03
Epoch 077 | train_loss=5.7059e-04 | train_eval_loss=6.1380e-04 | val_loss=6.4024e-04 | | lr=1.00e-03
Epoch 078 | train_loss=5.5523e-04 | train_eval_loss=5.8463e-04 | val_loss=6.1410e-04 | | lr=1.00e-03
Epoch 079 | train_loss=5.3253e-04 | train_eval_loss=5.4222e-04 | val_loss=5.6974e-04 | | lr=1.00e-03
Epoch 080 | train_loss=6.3913e-04 | train_eval_loss=6.0248e-04 | val_loss=6.2948e-04 | | lr=1.00e-03
Epoch 081 | train_loss=5.7897e-04 | train_eval_loss=5.5792e-04 | val_loss=5.8599e-04 | | lr=1.00e-03
Epoch 082 | train_loss=5.4182e-04 | train_eval_loss=5.2336e-04 | val_loss=5.4423e-04 | | lr=1.00e-03
Saved best model to results/thesis_model_results/outputs/mtlsh_embeddability_tradeoff/MTLSH__mse__minmax__seed42__model_head_sizes64__model_shared_sizes256_128/mtlsh_state_dict_best.pt
Epoch 083 | train_loss=5.3989e-04 | train_eval_loss=4.9569e-04 | val_loss=5.1441e-04 | | lr=1.00e-03
Saved best model to results/thesis_model_results/outputs/mtlsh_embeddability_tradeoff/MTLSH__mse__minmax__seed42__model_head_sizes64__model_shared_sizes256_128/mtlsh_state_dict_best.pt
Epoch 084 | train_loss=5.1498e-04 | train_eval_loss=4.7613e-04 | val_loss=5.0035e-04 | | lr=1.00e-03
Saved best model to results/thesis_model_results/outputs/mtlsh_embeddability_tradeoff/MTLSH__mse__minmax__seed42__model_head_sizes64__model_shared_sizes256_128/mtlsh_state_dict_best.pt
Epoch 085 | train_loss=5.0923e-04 | train_eval_loss=5.3216e-04 | val_loss=5.6035e-04 | | lr=1.00e-03
Epoch 086 | train_loss=5.1397e-04 | train_eval_loss=5.4873e-04 | val_loss=5.7786e-04 | | lr=1.00e-03
Epoch 087 | train_loss=5.0110e-04 | train_eval_loss=6.5733e-04 | val_loss=6.8984e-04 | | lr=1.00e-03
Epoch 088 | train_loss=5.9116e-04 | train_eval_loss=4.8411e-04 | val_loss=5.0490e-04 | | lr=1.00e-03
Epoch 089 | train_loss=5.5996e-04 | train_eval_loss=5.3965e-04 | val_loss=5.6290e-04 | | lr=1.00e-03
Epoch 090 | train_loss=5.5631e-04 | train_eval_loss=4.4604e-04 | val_loss=4.7910e-04 | | lr=1.00e-03
Saved best model to results/thesis_model_results/outputs/mtlsh_embeddability_tradeoff/MTLSH__mse__minmax__seed42__model_head_sizes64__model_shared_sizes256_128/mtlsh_state_dict_best.pt
Epoch 091 | train_loss=5.4512e-04 | train_eval_loss=4.7473e-04 | val_loss=4.9958e-04 | | lr=1.00e-03
Epoch 092 | train_loss=5.1111e-04 | train_eval_loss=4.3501e-04 | val_loss=4.7010e-04 | | lr=1.00e-03
Saved best model to results/thesis_model_results/outputs/mtlsh_embeddability_tradeoff/MTLSH__mse__minmax__seed42__model_head_sizes64__model_shared_sizes256_128/mtlsh_state_dict_best.pt
Epoch 093 | train_loss=4.8537e-04 | train_eval_loss=5.0301e-04 | val_loss=5.2492e-04 | | lr=1.00e-03
Epoch 094 | train_loss=5.3372e-04 | train_eval_loss=5.7151e-04 | val_loss=5.9459e-04 | | lr=1.00e-03
Epoch 095 | train_loss=4.9360e-04 | train_eval_loss=4.6483e-04 | val_loss=4.9949e-04 | | lr=1.00e-03
Epoch 096 | train_loss=5.1374e-04 | train_eval_loss=4.4454e-04 | val_loss=4.8057e-04 | | lr=1.00e-03
Epoch 097 | train_loss=5.0192e-04 | train_eval_loss=5.2380e-04 | val_loss=5.5276e-04 | | lr=1.00e-03
Epoch 098 | train_loss=4.8400e-04 | train_eval_loss=5.2027e-04 | val_loss=5.5968e-04 | | lr=1.00e-03
Epoch 099 | train_loss=5.0957e-04 | train_eval_loss=6.3112e-04 | val_loss=6.7241e-04 | | lr=1.00e-03
Epoch 100 | train_loss=4.7745e-04 | train_eval_loss=4.3970e-04 | val_loss=4.7580e-04 | | lr=1.00e-03
Epoch 101 | train_loss=4.8867e-04 | train_eval_loss=5.4464e-04 | val_loss=5.8627e-04 | | lr=1.00e-03
Epoch 102 | train_loss=4.0895e-04 | train_eval_loss=4.5499e-04 | val_loss=4.9248e-04 | | lr=5.00e-04
Epoch 103 | train_loss=4.0199e-04 | train_eval_loss=3.9729e-04 | val_loss=4.3592e-04 | | lr=5.00e-04
Saved best model to results/thesis_model_results/outputs/mtlsh_embeddability_tradeoff/MTLSH__mse__minmax__seed42__model_head_sizes64__model_shared_sizes256_128/mtlsh_state_dict_best.pt
Epoch 104 | train_loss=3.9703e-04 | train_eval_loss=3.8118e-04 | val_loss=4.2238e-04 | | lr=5.00e-04
Saved best model to results/thesis_model_results/outputs/mtlsh_embeddability_tradeoff/MTLSH__mse__minmax__seed42__model_head_sizes64__model_shared_sizes256_128/mtlsh_state_dict_best.pt
Epoch 105 | train_loss=3.9615e-04 | train_eval_loss=3.8451e-04 | val_loss=4.2368e-04 | | lr=5.00e-04
Epoch 106 | train_loss=4.0861e-04 | train_eval_loss=4.3133e-04 | val_loss=4.7706e-04 | | lr=5.00e-04
Epoch 107 | train_loss=3.9538e-04 | train_eval_loss=4.0179e-04 | val_loss=4.4102e-04 | | lr=5.00e-04
Epoch 108 | train_loss=3.9109e-04 | train_eval_loss=3.9727e-04 | val_loss=4.3956e-04 | | lr=5.00e-04
Epoch 109 | train_loss=4.0593e-04 | train_eval_loss=3.8898e-04 | val_loss=4.3075e-04 | | lr=5.00e-04
Epoch 110 | train_loss=4.0901e-04 | train_eval_loss=3.7472e-04 | val_loss=4.1617e-04 | | lr=5.00e-04
Saved best model to results/thesis_model_results/outputs/mtlsh_embeddability_tradeoff/MTLSH__mse__minmax__seed42__model_head_sizes64__model_shared_sizes256_128/mtlsh_state_dict_best.pt
Epoch 111 | train_loss=3.9428e-04 | train_eval_loss=4.5734e-04 | val_loss=5.0129e-04 | | lr=5.00e-04
Epoch 112 | train_loss=4.0422e-04 | train_eval_loss=4.4926e-04 | val_loss=4.8810e-04 | | lr=5.00e-04
Epoch 113 | train_loss=4.1385e-04 | train_eval_loss=5.2530e-04 | val_loss=5.7061e-04 | | lr=5.00e-04
Epoch 114 | train_loss=4.0497e-04 | train_eval_loss=3.7871e-04 | val_loss=4.1868e-04 | | lr=5.00e-04
Epoch 115 | train_loss=3.8157e-04 | train_eval_loss=3.7689e-04 | val_loss=4.1831e-04 | | lr=5.00e-04
Epoch 116 | train_loss=3.8504e-04 | train_eval_loss=3.8621e-04 | val_loss=4.3261e-04 | | lr=5.00e-04
Epoch 117 | train_loss=3.8834e-04 | train_eval_loss=3.7081e-04 | val_loss=4.1289e-04 | | lr=5.00e-04
Saved best model to results/thesis_model_results/outputs/mtlsh_embeddability_tradeoff/MTLSH__mse__minmax__seed42__model_head_sizes64__model_shared_sizes256_128/mtlsh_state_dict_best.pt
Epoch 118 | train_loss=3.9778e-04 | train_eval_loss=4.0184e-04 | val_loss=4.4454e-04 | | lr=5.00e-04
Epoch 119 | train_loss=3.9955e-04 | train_eval_loss=4.5848e-04 | val_loss=5.0300e-04 | | lr=5.00e-04
Epoch 120 | train_loss=4.0338e-04 | train_eval_loss=3.6997e-04 | val_loss=4.1648e-04 | | lr=5.00e-04
Epoch 121 | train_loss=3.9458e-04 | train_eval_loss=6.1206e-04 | val_loss=6.7113e-04 | | lr=5.00e-04
Epoch 122 | train_loss=4.0202e-04 | train_eval_loss=3.7262e-04 | val_loss=4.2392e-04 | | lr=5.00e-04
Epoch 123 | train_loss=3.8159e-04 | train_eval_loss=3.5330e-04 | val_loss=4.0295e-04 | | lr=5.00e-04
Saved best model to results/thesis_model_results/outputs/mtlsh_embeddability_tradeoff/MTLSH__mse__minmax__seed42__model_head_sizes64__model_shared_sizes256_128/mtlsh_state_dict_best.pt
Epoch 124 | train_loss=3.9236e-04 | train_eval_loss=3.6905e-04 | val_loss=4.1556e-04 | | lr=5.00e-04
Epoch 125 | train_loss=3.9398e-04 | train_eval_loss=3.7767e-04 | val_loss=4.2158e-04 | | lr=5.00e-04
Epoch 126 | train_loss=3.8334e-04 | train_eval_loss=4.1107e-04 | val_loss=4.5125e-04 | | lr=5.00e-04
Epoch 127 | train_loss=3.8924e-04 | train_eval_loss=3.7466e-04 | val_loss=4.2313e-04 | | lr=5.00e-04
Epoch 128 | train_loss=3.8301e-04 | train_eval_loss=3.9002e-04 | val_loss=4.2675e-04 | | lr=5.00e-04
Epoch 129 | train_loss=3.7757e-04 | train_eval_loss=3.9986e-04 | val_loss=4.4578e-04 | | lr=5.00e-04
Epoch 130 | train_loss=3.8232e-04 | train_eval_loss=3.5839e-04 | val_loss=3.9949e-04 | | lr=5.00e-04
Saved best model to results/thesis_model_results/outputs/mtlsh_embeddability_tradeoff/MTLSH__mse__minmax__seed42__model_head_sizes64__model_shared_sizes256_128/mtlsh_state_dict_best.pt
Epoch 131 | train_loss=3.7692e-04 | train_eval_loss=4.1412e-04 | val_loss=4.6443e-04 | | lr=5.00e-04
Epoch 132 | train_loss=3.7703e-04 | train_eval_loss=3.6223e-04 | val_loss=4.1482e-04 | | lr=5.00e-04
Epoch 133 | train_loss=3.9492e-04 | train_eval_loss=5.0562e-04 | val_loss=5.4755e-04 | | lr=5.00e-04
Epoch 134 | train_loss=3.9487e-04 | train_eval_loss=3.6506e-04 | val_loss=4.1082e-04 | | lr=5.00e-04
Epoch 135 | train_loss=3.7497e-04 | train_eval_loss=4.0792e-04 | val_loss=4.5516e-04 | | lr=5.00e-04
Epoch 136 | train_loss=3.9298e-04 | train_eval_loss=4.2737e-04 | val_loss=4.7490e-04 | | lr=5.00e-04
Epoch 137 | train_loss=4.0914e-04 | train_eval_loss=3.6456e-04 | val_loss=4.1261e-04 | | lr=5.00e-04
Epoch 138 | train_loss=3.8254e-04 | train_eval_loss=4.0893e-04 | val_loss=4.6408e-04 | | lr=5.00e-04
Epoch 139 | train_loss=3.7787e-04 | train_eval_loss=3.5286e-04 | val_loss=3.9877e-04 | | lr=5.00e-04
Saved best model to results/thesis_model_results/outputs/mtlsh_embeddability_tradeoff/MTLSH__mse__minmax__seed42__model_head_sizes64__model_shared_sizes256_128/mtlsh_state_dict_best.pt
Epoch 140 | train_loss=3.6644e-04 | train_eval_loss=3.6863e-04 | val_loss=4.0764e-04 | | lr=5.00e-04
Epoch 141 | train_loss=3.6915e-04 | train_eval_loss=4.1826e-04 | val_loss=4.5822e-04 | | lr=5.00e-04
Epoch 142 | train_loss=3.9141e-04 | train_eval_loss=4.2483e-04 | val_loss=4.8075e-04 | | lr=5.00e-04
Epoch 143 | train_loss=3.7061e-04 | train_eval_loss=3.3881e-04 | val_loss=3.8957e-04 | | lr=5.00e-04
Saved best model to results/thesis_model_results/outputs/mtlsh_embeddability_tradeoff/MTLSH__mse__minmax__seed42__model_head_sizes64__model_shared_sizes256_128/mtlsh_state_dict_best.pt
Epoch 144 | train_loss=3.6393e-04 | train_eval_loss=3.3667e-04 | val_loss=3.8522e-04 | | lr=5.00e-04
Saved best model to results/thesis_model_results/outputs/mtlsh_embeddability_tradeoff/MTLSH__mse__minmax__seed42__model_head_sizes64__model_shared_sizes256_128/mtlsh_state_dict_best.pt
Epoch 145 | train_loss=3.9106e-04 | train_eval_loss=3.7363e-04 | val_loss=4.1759e-04 | | lr=5.00e-04
Epoch 146 | train_loss=3.8537e-04 | train_eval_loss=5.7234e-04 | val_loss=6.4061e-04 | | lr=5.00e-04
Epoch 147 | train_loss=4.0219e-04 | train_eval_loss=3.3248e-04 | val_loss=3.8292e-04 | | lr=5.00e-04
Saved best model to results/thesis_model_results/outputs/mtlsh_embeddability_tradeoff/MTLSH__mse__minmax__seed42__model_head_sizes64__model_shared_sizes256_128/mtlsh_state_dict_best.pt
Epoch 148 | train_loss=3.5667e-04 | train_eval_loss=5.7757e-04 | val_loss=6.4312e-04 | | lr=5.00e-04
Epoch 149 | train_loss=3.7320e-04 | train_eval_loss=3.8755e-04 | val_loss=4.3087e-04 | | lr=5.00e-04
Epoch 150 | train_loss=3.7418e-04 | train_eval_loss=5.9929e-04 | val_loss=6.5352e-04 | | lr=5.00e-04
Epoch 151 | train_loss=3.7071e-04 | train_eval_loss=3.4942e-04 | val_loss=4.0350e-04 | | lr=5.00e-04
Epoch 152 | train_loss=3.6044e-04 | train_eval_loss=4.7313e-04 | val_loss=5.2898e-04 | | lr=5.00e-04
Epoch 153 | train_loss=3.6179e-04 | train_eval_loss=3.7367e-04 | val_loss=4.2382e-04 | | lr=5.00e-04
Epoch 154 | train_loss=3.6248e-04 | train_eval_loss=3.4567e-04 | val_loss=4.0218e-04 | | lr=5.00e-04
Epoch 155 | train_loss=3.5206e-04 | train_eval_loss=3.3330e-04 | val_loss=3.8857e-04 | | lr=5.00e-04
Epoch 156 | train_loss=3.5557e-04 | train_eval_loss=3.7977e-04 | val_loss=4.2772e-04 | | lr=5.00e-04
Epoch 157 | train_loss=3.2828e-04 | train_eval_loss=3.2038e-04 | val_loss=3.7469e-04 | | lr=2.50e-04
Saved best model to results/thesis_model_results/outputs/mtlsh_embeddability_tradeoff/MTLSH__mse__minmax__seed42__model_head_sizes64__model_shared_sizes256_128/mtlsh_state_dict_best.pt
Epoch 158 | train_loss=3.1438e-04 | train_eval_loss=3.1939e-04 | val_loss=3.7249e-04 | | lr=2.50e-04
Saved best model to results/thesis_model_results/outputs/mtlsh_embeddability_tradeoff/MTLSH__mse__minmax__seed42__model_head_sizes64__model_shared_sizes256_128/mtlsh_state_dict_best.pt
Epoch 159 | train_loss=3.1524e-04 | train_eval_loss=3.0681e-04 | val_loss=3.5783e-04 | | lr=2.50e-04
Saved best model to results/thesis_model_results/outputs/mtlsh_embeddability_tradeoff/MTLSH__mse__minmax__seed42__model_head_sizes64__model_shared_sizes256_128/mtlsh_state_dict_best.pt
Epoch 160 | train_loss=3.1672e-04 | train_eval_loss=3.1893e-04 | val_loss=3.7408e-04 | | lr=2.50e-04
Epoch 161 | train_loss=3.2194e-04 | train_eval_loss=3.3271e-04 | val_loss=3.8800e-04 | | lr=2.50e-04
Epoch 162 | train_loss=3.1837e-04 | train_eval_loss=3.0675e-04 | val_loss=3.6141e-04 | | lr=2.50e-04
Epoch 163 | train_loss=3.1700e-04 | train_eval_loss=3.0217e-04 | val_loss=3.5668e-04 | | lr=2.50e-04
Saved best model to results/thesis_model_results/outputs/mtlsh_embeddability_tradeoff/MTLSH__mse__minmax__seed42__model_head_sizes64__model_shared_sizes256_128/mtlsh_state_dict_best.pt
Epoch 164 | train_loss=3.1144e-04 | train_eval_loss=3.1663e-04 | val_loss=3.7336e-04 | | lr=2.50e-04
Epoch 165 | train_loss=3.1366e-04 | train_eval_loss=3.1265e-04 | val_loss=3.7464e-04 | | lr=2.50e-04
Epoch 166 | train_loss=3.1477e-04 | train_eval_loss=2.9941e-04 | val_loss=3.6070e-04 | | lr=2.50e-04
Epoch 167 | train_loss=3.2164e-04 | train_eval_loss=3.1283e-04 | val_loss=3.7189e-04 | | lr=2.50e-04
Epoch 168 | train_loss=3.1614e-04 | train_eval_loss=3.0076e-04 | val_loss=3.5917e-04 | | lr=2.50e-04
Epoch 169 | train_loss=3.1518e-04 | train_eval_loss=3.1219e-04 | val_loss=3.6871e-04 | | lr=2.50e-04
Epoch 170 | train_loss=3.2275e-04 | train_eval_loss=3.1515e-04 | val_loss=3.7169e-04 | | lr=2.50e-04
Epoch 171 | train_loss=3.1622e-04 | train_eval_loss=3.5902e-04 | val_loss=4.1486e-04 | | lr=2.50e-04
Epoch 172 | train_loss=3.1805e-04 | train_eval_loss=3.1148e-04 | val_loss=3.6821e-04 | | lr=2.50e-04
Epoch 173 | train_loss=2.9527e-04 | train_eval_loss=2.8887e-04 | val_loss=3.5086e-04 | | lr=1.25e-04
Saved best model to results/thesis_model_results/outputs/mtlsh_embeddability_tradeoff/MTLSH__mse__minmax__seed42__model_head_sizes64__model_shared_sizes256_128/mtlsh_state_dict_best.pt
Epoch 174 | train_loss=2.9143e-04 | train_eval_loss=2.8774e-04 | val_loss=3.4771e-04 | | lr=1.25e-04
Saved best model to results/thesis_model_results/outputs/mtlsh_embeddability_tradeoff/MTLSH__mse__minmax__seed42__model_head_sizes64__model_shared_sizes256_128/mtlsh_state_dict_best.pt
Epoch 175 | train_loss=2.9457e-04 | train_eval_loss=2.9477e-04 | val_loss=3.5756e-04 | | lr=1.25e-04
Epoch 176 | train_loss=2.9189e-04 | train_eval_loss=2.8848e-04 | val_loss=3.5140e-04 | | lr=1.25e-04
Epoch 177 | train_loss=2.9767e-04 | train_eval_loss=2.8469e-04 | val_loss=3.4842e-04 | | lr=1.25e-04
Epoch 178 | train_loss=2.9172e-04 | train_eval_loss=2.8918e-04 | val_loss=3.4984e-04 | | lr=1.25e-04
Epoch 179 | train_loss=2.9394e-04 | train_eval_loss=2.8740e-04 | val_loss=3.4678e-04 | | lr=1.25e-04
Saved best model to results/thesis_model_results/outputs/mtlsh_embeddability_tradeoff/MTLSH__mse__minmax__seed42__model_head_sizes64__model_shared_sizes256_128/mtlsh_state_dict_best.pt
Epoch 180 | train_loss=2.9599e-04 | train_eval_loss=3.0276e-04 | val_loss=3.6030e-04 | | lr=1.25e-04
Epoch 181 | train_loss=2.9140e-04 | train_eval_loss=2.9850e-04 | val_loss=3.5736e-04 | | lr=1.25e-04
Epoch 182 | train_loss=2.9696e-04 | train_eval_loss=2.9901e-04 | val_loss=3.6395e-04 | | lr=1.25e-04
Epoch 183 | train_loss=2.9501e-04 | train_eval_loss=2.8948e-04 | val_loss=3.5306e-04 | | lr=1.25e-04
Epoch 184 | train_loss=2.9143e-04 | train_eval_loss=2.8145e-04 | val_loss=3.4171e-04 | | lr=1.25e-04
Saved best model to results/thesis_model_results/outputs/mtlsh_embeddability_tradeoff/MTLSH__mse__minmax__seed42__model_head_sizes64__model_shared_sizes256_128/mtlsh_state_dict_best.pt
Epoch 185 | train_loss=2.9124e-04 | train_eval_loss=2.8457e-04 | val_loss=3.4624e-04 | | lr=1.25e-04
Epoch 186 | train_loss=2.9104e-04 | train_eval_loss=2.9655e-04 | val_loss=3.5963e-04 | | lr=1.25e-04
Epoch 187 | train_loss=2.9292e-04 | train_eval_loss=2.8668e-04 | val_loss=3.4854e-04 | | lr=1.25e-04
Epoch 188 | train_loss=2.9305e-04 | train_eval_loss=3.0348e-04 | val_loss=3.6497e-04 | | lr=1.25e-04
Epoch 189 | train_loss=2.8952e-04 | train_eval_loss=2.8854e-04 | val_loss=3.4806e-04 | | lr=1.25e-04
Epoch 190 | train_loss=2.9084e-04 | train_eval_loss=2.9649e-04 | val_loss=3.6226e-04 | | lr=1.25e-04
Epoch 191 | train_loss=2.8926e-04 | train_eval_loss=2.9150e-04 | val_loss=3.5023e-04 | | lr=1.25e-04
Epoch 192 | train_loss=2.9086e-04 | train_eval_loss=3.0027e-04 | val_loss=3.5964e-04 | | lr=1.25e-04
Epoch 193 | train_loss=2.9486e-04 | train_eval_loss=2.8356e-04 | val_loss=3.4718e-04 | | lr=1.25e-04
Epoch 194 | train_loss=2.7987e-04 | train_eval_loss=2.7996e-04 | val_loss=3.4258e-04 | | lr=6.25e-05
Epoch 195 | train_loss=2.8044e-04 | train_eval_loss=2.7820e-04 | val_loss=3.4072e-04 | | lr=6.25e-05
Saved best model to results/thesis_model_results/outputs/mtlsh_embeddability_tradeoff/MTLSH__mse__minmax__seed42__model_head_sizes64__model_shared_sizes256_128/mtlsh_state_dict_best.pt
Epoch 196 | train_loss=2.8319e-04 | train_eval_loss=2.7911e-04 | val_loss=3.4152e-04 | | lr=6.25e-05
Epoch 197 | train_loss=2.8023e-04 | train_eval_loss=2.7671e-04 | val_loss=3.3862e-04 | | lr=6.25e-05
Saved best model to results/thesis_model_results/outputs/mtlsh_embeddability_tradeoff/MTLSH__mse__minmax__seed42__model_head_sizes64__model_shared_sizes256_128/mtlsh_state_dict_best.pt
Epoch 198 | train_loss=2.8066e-04 | train_eval_loss=2.8061e-04 | val_loss=3.4354e-04 | | lr=6.25e-05
Epoch 199 | train_loss=2.7894e-04 | train_eval_loss=2.7827e-04 | val_loss=3.4222e-04 | | lr=6.25e-05
Epoch 200 | train_loss=2.8153e-04 | train_eval_loss=2.7707e-04 | val_loss=3.4085e-04 | | lr=6.25e-05
Saved training logs to results/thesis_model_results/outputs/mtlsh_embeddability_tradeoff/MTLSH__mse__minmax__seed42__model_head_sizes64__model_shared_sizes256_128/training_summary.txt
Test RMSE(rocof_COI) = 0.0132 | norm: 0.0100 | real_diff: 0.0089
Test RMSE(dev_COI) = 0.0219 | norm: 0.0081 | real_diff: 0.0127
Test RMSE(Delta_P_IBR_1) = 0.1085 | norm: 0.0171 | real_diff: 0.0697
Test RMSE(Delta_P_IBR_2) = 0.0987 | norm: 0.0137 | real_diff: 0.0537
Test RMSE(Delta_P_IBR_3) = 0.1803 | norm: 0.0317 | real_diff: 0.0956
Test RMSE(Delta_P_IBR_4) = 0.1798 | norm: 0.0186 | real_diff: 0.1072
Saved RMSE results to results/thesis_model_results/outputs/mtlsh_embeddability_tradeoff/MTLSH__mse__minmax__seed42__model_head_sizes64__model_shared_sizes256_128/rmse_results.txt
Saved detailed metrics to results/thesis_model_results/outputs/mtlsh_embeddability_tradeoff/MTLSH__mse__minmax__seed42__model_head_sizes64__model_shared_sizes256_128/metrics_by_target.csv
Saved aggregate metrics to results/thesis_model_results/outputs/mtlsh_embeddability_tradeoff/MTLSH__mse__minmax__seed42__model_head_sizes64__model_shared_sizes256_128/metrics_summary.json
Saved loss curves to results/thesis_model_results/outputs/mtlsh_embeddability_tradeoff/MTLSH__mse__minmax__seed42__model_head_sizes64__model_shared_sizes256_128/loss_curve.png
Saved scatter plot results/thesis_model_results/outputs/mtlsh_embeddability_tradeoff/MTLSH__mse__minmax__seed42__model_head_sizes64__model_shared_sizes256_128/scatter_rocof_COI.png
Saved scatter plot results/thesis_model_results/outputs/mtlsh_embeddability_tradeoff/MTLSH__mse__minmax__seed42__model_head_sizes64__model_shared_sizes256_128/scatter_dev_COI.png
Saved scatter plot results/thesis_model_results/outputs/mtlsh_embeddability_tradeoff/MTLSH__mse__minmax__seed42__model_head_sizes64__model_shared_sizes256_128/scatter_Delta_P_IBR_1.png
Saved scatter plot results/thesis_model_results/outputs/mtlsh_embeddability_tradeoff/MTLSH__mse__minmax__seed42__model_head_sizes64__model_shared_sizes256_128/scatter_Delta_P_IBR_2.png
Saved scatter plot results/thesis_model_results/outputs/mtlsh_embeddability_tradeoff/MTLSH__mse__minmax__seed42__model_head_sizes64__model_shared_sizes256_128/scatter_Delta_P_IBR_3.png
Saved scatter plot results/thesis_model_results/outputs/mtlsh_embeddability_tradeoff/MTLSH__mse__minmax__seed42__model_head_sizes64__model_shared_sizes256_128/scatter_Delta_P_IBR_4.png
Saved model to results/thesis_model_results/outputs/mtlsh_embeddability_tradeoff/MTLSH__mse__minmax__seed42__model_head_sizes64__model_shared_sizes256_128/mtlsh_state_dict.pt
Loss type: mse | weights=[]
Target stats (scaled):
train mean=[0.549  0.589  0.492  0.4884 0.4785 0.4192]
train std=[0.1365 0.1371 0.1141 0.1063 0.1158 0.1138]
train q05=[0.3074 0.3979 0.3192 0.303  0.3347 0.2205]
train q95=[0.7933 0.8652 0.6719 0.6491 0.6927 0.6016]
val mean=[0.5473 0.5873 0.4922 0.4893 0.4798 0.4201]
val std=[0.1343 0.1348 0.1123 0.1072 0.1141 0.1112]
val q05=[0.3103 0.3982 0.3195 0.303  0.3376 0.2251]
val q95=[0.7886 0.8626 0.6731 0.6514 0.6918 0.5984]
val/train std ratio=[0.984  0.9828 0.9844 1.0084 0.9848 0.9772]
LR scheduler: ReduceLROnPlateau (factor=0.5, patience=8, min_lr=1e-07)
Epoch 001 | train_loss=2.9308e-02 | train_eval_loss=1.3797e-02 | val_loss=1.3406e-02 | | lr=1.00e-03
Saved best model to results/thesis_model_results/outputs/mtlsh_embeddability_tradeoff/MTLSH__mse__minmax__seed42__model_head_sizes128__model_shared_sizes256_128/mtlsh_state_dict_best.pt
Epoch 002 | train_loss=9.7546e-03 | train_eval_loss=3.9371e-03 | val_loss=3.8937e-03 | | lr=1.00e-03
Saved best model to results/thesis_model_results/outputs/mtlsh_embeddability_tradeoff/MTLSH__mse__minmax__seed42__model_head_sizes128__model_shared_sizes256_128/mtlsh_state_dict_best.pt
Epoch 003 | train_loss=3.5617e-03 | train_eval_loss=3.2142e-03 | val_loss=3.1665e-03 | | lr=1.00e-03
Saved best model to results/thesis_model_results/outputs/mtlsh_embeddability_tradeoff/MTLSH__mse__minmax__seed42__model_head_sizes128__model_shared_sizes256_128/mtlsh_state_dict_best.pt
Epoch 004 | train_loss=2.9592e-03 | train_eval_loss=2.5442e-03 | val_loss=2.5026e-03 | | lr=1.00e-03
Saved best model to results/thesis_model_results/outputs/mtlsh_embeddability_tradeoff/MTLSH__mse__minmax__seed42__model_head_sizes128__model_shared_sizes256_128/mtlsh_state_dict_best.pt
Epoch 005 | train_loss=2.1772e-03 | train_eval_loss=2.0016e-03 | val_loss=1.9723e-03 | | lr=1.00e-03
Saved best model to results/thesis_model_results/outputs/mtlsh_embeddability_tradeoff/MTLSH__mse__minmax__seed42__model_head_sizes128__model_shared_sizes256_128/mtlsh_state_dict_best.pt
Epoch 006 | train_loss=1.8827e-03 | train_eval_loss=1.8248e-03 | val_loss=1.7927e-03 | | lr=1.00e-03
Saved best model to results/thesis_model_results/outputs/mtlsh_embeddability_tradeoff/MTLSH__mse__minmax__seed42__model_head_sizes128__model_shared_sizes256_128/mtlsh_state_dict_best.pt
Epoch 007 | train_loss=1.7274e-03 | train_eval_loss=1.6947e-03 | val_loss=1.6711e-03 | | lr=1.00e-03
Saved best model to results/thesis_model_results/outputs/mtlsh_embeddability_tradeoff/MTLSH__mse__minmax__seed42__model_head_sizes128__model_shared_sizes256_128/mtlsh_state_dict_best.pt
Epoch 008 | train_loss=1.5847e-03 | train_eval_loss=1.5119e-03 | val_loss=1.4854e-03 | | lr=1.00e-03
Saved best model to results/thesis_model_results/outputs/mtlsh_embeddability_tradeoff/MTLSH__mse__minmax__seed42__model_head_sizes128__model_shared_sizes256_128/mtlsh_state_dict_best.pt
Epoch 009 | train_loss=1.5589e-03 | train_eval_loss=1.5673e-03 | val_loss=1.5428e-03 | | lr=1.00e-03
Epoch 010 | train_loss=1.5310e-03 | train_eval_loss=1.5624e-03 | val_loss=1.5446e-03 | | lr=1.00e-03
Epoch 011 | train_loss=1.4497e-03 | train_eval_loss=1.4741e-03 | val_loss=1.4538e-03 | | lr=1.00e-03
Saved best model to results/thesis_model_results/outputs/mtlsh_embeddability_tradeoff/MTLSH__mse__minmax__seed42__model_head_sizes128__model_shared_sizes256_128/mtlsh_state_dict_best.pt
Epoch 012 | train_loss=1.3875e-03 | train_eval_loss=1.6829e-03 | val_loss=1.6592e-03 | | lr=1.00e-03
Epoch 013 | train_loss=1.4028e-03 | train_eval_loss=1.3068e-03 | val_loss=1.2855e-03 | | lr=1.00e-03
Saved best model to results/thesis_model_results/outputs/mtlsh_embeddability_tradeoff/MTLSH__mse__minmax__seed42__model_head_sizes128__model_shared_sizes256_128/mtlsh_state_dict_best.pt
Epoch 014 | train_loss=1.3637e-03 | train_eval_loss=1.2544e-03 | val_loss=1.2378e-03 | | lr=1.00e-03
Saved best model to results/thesis_model_results/outputs/mtlsh_embeddability_tradeoff/MTLSH__mse__minmax__seed42__model_head_sizes128__model_shared_sizes256_128/mtlsh_state_dict_best.pt
Epoch 015 | train_loss=1.3066e-03 | train_eval_loss=1.3447e-03 | val_loss=1.3271e-03 | | lr=1.00e-03
Epoch 016 | train_loss=1.2381e-03 | train_eval_loss=1.4147e-03 | val_loss=1.4029e-03 | | lr=1.00e-03
Epoch 017 | train_loss=1.2035e-03 | train_eval_loss=1.2254e-03 | val_loss=1.2122e-03 | | lr=1.00e-03
Saved best model to results/thesis_model_results/outputs/mtlsh_embeddability_tradeoff/MTLSH__mse__minmax__seed42__model_head_sizes128__model_shared_sizes256_128/mtlsh_state_dict_best.pt
Epoch 018 | train_loss=1.2407e-03 | train_eval_loss=1.1090e-03 | val_loss=1.1020e-03 | | lr=1.00e-03
Saved best model to results/thesis_model_results/outputs/mtlsh_embeddability_tradeoff/MTLSH__mse__minmax__seed42__model_head_sizes128__model_shared_sizes256_128/mtlsh_state_dict_best.pt
Epoch 019 | train_loss=1.1876e-03 | train_eval_loss=1.1094e-03 | val_loss=1.1005e-03 | | lr=1.00e-03
Saved best model to results/thesis_model_results/outputs/mtlsh_embeddability_tradeoff/MTLSH__mse__minmax__seed42__model_head_sizes128__model_shared_sizes256_128/mtlsh_state_dict_best.pt
Epoch 020 | train_loss=1.1121e-03 | train_eval_loss=1.1644e-03 | val_loss=1.1609e-03 | | lr=1.00e-03
Epoch 021 | train_loss=1.1248e-03 | train_eval_loss=1.0368e-03 | val_loss=1.0250e-03 | | lr=1.00e-03
Saved best model to results/thesis_model_results/outputs/mtlsh_embeddability_tradeoff/MTLSH__mse__minmax__seed42__model_head_sizes128__model_shared_sizes256_128/mtlsh_state_dict_best.pt
Epoch 022 | train_loss=1.0840e-03 | train_eval_loss=1.0532e-03 | val_loss=1.0464e-03 | | lr=1.00e-03
Epoch 023 | train_loss=1.0804e-03 | train_eval_loss=1.3028e-03 | val_loss=1.2978e-03 | | lr=1.00e-03
Epoch 024 | train_loss=1.0365e-03 | train_eval_loss=1.0894e-03 | val_loss=1.0849e-03 | | lr=1.00e-03
Epoch 025 | train_loss=9.9204e-04 | train_eval_loss=1.0020e-03 | val_loss=9.9629e-04 | | lr=1.00e-03
Saved best model to results/thesis_model_results/outputs/mtlsh_embeddability_tradeoff/MTLSH__mse__minmax__seed42__model_head_sizes128__model_shared_sizes256_128/mtlsh_state_dict_best.pt
Epoch 026 | train_loss=9.8102e-04 | train_eval_loss=1.0438e-03 | val_loss=1.0436e-03 | | lr=1.00e-03
Epoch 027 | train_loss=9.7191e-04 | train_eval_loss=9.6768e-04 | val_loss=9.6279e-04 | | lr=1.00e-03
Saved best model to results/thesis_model_results/outputs/mtlsh_embeddability_tradeoff/MTLSH__mse__minmax__seed42__model_head_sizes128__model_shared_sizes256_128/mtlsh_state_dict_best.pt
Epoch 028 | train_loss=9.9620e-04 | train_eval_loss=9.9020e-04 | val_loss=9.8396e-04 | | lr=1.00e-03
Epoch 029 | train_loss=9.4711e-04 | train_eval_loss=9.1969e-04 | val_loss=9.1324e-04 | | lr=1.00e-03
Saved best model to results/thesis_model_results/outputs/mtlsh_embeddability_tradeoff/MTLSH__mse__minmax__seed42__model_head_sizes128__model_shared_sizes256_128/mtlsh_state_dict_best.pt
Epoch 030 | train_loss=9.7749e-04 | train_eval_loss=1.1504e-03 | val_loss=1.1504e-03 | | lr=1.00e-03
Epoch 031 | train_loss=9.5677e-04 | train_eval_loss=8.3803e-04 | val_loss=8.3242e-04 | | lr=1.00e-03
Saved best model to results/thesis_model_results/outputs/mtlsh_embeddability_tradeoff/MTLSH__mse__minmax__seed42__model_head_sizes128__model_shared_sizes256_128/mtlsh_state_dict_best.pt
Epoch 032 | train_loss=8.4807e-04 | train_eval_loss=8.3161e-04 | val_loss=8.3223e-04 | | lr=1.00e-03
Saved best model to results/thesis_model_results/outputs/mtlsh_embeddability_tradeoff/MTLSH__mse__minmax__seed42__model_head_sizes128__model_shared_sizes256_128/mtlsh_state_dict_best.pt
Epoch 033 | train_loss=8.2752e-04 | train_eval_loss=7.9903e-04 | val_loss=7.9791e-04 | | lr=1.00e-03
Saved best model to results/thesis_model_results/outputs/mtlsh_embeddability_tradeoff/MTLSH__mse__minmax__seed42__model_head_sizes128__model_shared_sizes256_128/mtlsh_state_dict_best.pt
Epoch 034 | train_loss=8.5473e-04 | train_eval_loss=8.1091e-04 | val_loss=8.1417e-04 | | lr=1.00e-03
Epoch 035 | train_loss=7.8507e-04 | train_eval_loss=7.6048e-04 | val_loss=7.5300e-04 | | lr=1.00e-03
Saved best model to results/thesis_model_results/outputs/mtlsh_embeddability_tradeoff/MTLSH__mse__minmax__seed42__model_head_sizes128__model_shared_sizes256_128/mtlsh_state_dict_best.pt
Epoch 036 | train_loss=7.6798e-04 | train_eval_loss=7.8758e-04 | val_loss=7.9550e-04 | | lr=1.00e-03
Epoch 037 | train_loss=8.1532e-04 | train_eval_loss=9.7109e-04 | val_loss=9.6995e-04 | | lr=1.00e-03
Epoch 038 | train_loss=7.7361e-04 | train_eval_loss=7.2150e-04 | val_loss=7.2430e-04 | | lr=1.00e-03
Saved best model to results/thesis_model_results/outputs/mtlsh_embeddability_tradeoff/MTLSH__mse__minmax__seed42__model_head_sizes128__model_shared_sizes256_128/mtlsh_state_dict_best.pt
Epoch 039 | train_loss=7.1683e-04 | train_eval_loss=9.8642e-04 | val_loss=9.8725e-04 | | lr=1.00e-03
Epoch 040 | train_loss=8.4141e-04 | train_eval_loss=6.8740e-04 | val_loss=6.8320e-04 | | lr=1.00e-03
Saved best model to results/thesis_model_results/outputs/mtlsh_embeddability_tradeoff/MTLSH__mse__minmax__seed42__model_head_sizes128__model_shared_sizes256_128/mtlsh_state_dict_best.pt
Epoch 041 | train_loss=7.3979e-04 | train_eval_loss=7.1024e-04 | val_loss=7.1173e-04 | | lr=1.00e-03
Epoch 042 | train_loss=7.2703e-04 | train_eval_loss=7.1808e-04 | val_loss=7.1635e-04 | | lr=1.00e-03
Epoch 043 | train_loss=7.0877e-04 | train_eval_loss=7.4850e-04 | val_loss=7.4606e-04 | | lr=1.00e-03
Epoch 044 | train_loss=6.8910e-04 | train_eval_loss=6.3068e-04 | val_loss=6.2654e-04 | | lr=1.00e-03
Saved best model to results/thesis_model_results/outputs/mtlsh_embeddability_tradeoff/MTLSH__mse__minmax__seed42__model_head_sizes128__model_shared_sizes256_128/mtlsh_state_dict_best.pt
Epoch 045 | train_loss=7.0572e-04 | train_eval_loss=8.3183e-04 | val_loss=8.3766e-04 | | lr=1.00e-03
Epoch 046 | train_loss=7.2125e-04 | train_eval_loss=8.3789e-04 | val_loss=8.4639e-04 | | lr=1.00e-03
Epoch 047 | train_loss=7.2195e-04 | train_eval_loss=6.5766e-04 | val_loss=6.7020e-04 | | lr=1.00e-03
Epoch 048 | train_loss=6.4913e-04 | train_eval_loss=6.8756e-04 | val_loss=6.8747e-04 | | lr=1.00e-03
Epoch 049 | train_loss=6.4021e-04 | train_eval_loss=6.2869e-04 | val_loss=6.4076e-04 | | lr=1.00e-03
Epoch 050 | train_loss=6.6646e-04 | train_eval_loss=6.2540e-04 | val_loss=6.2535e-04 | | lr=1.00e-03
Saved best model to results/thesis_model_results/outputs/mtlsh_embeddability_tradeoff/MTLSH__mse__minmax__seed42__model_head_sizes128__model_shared_sizes256_128/mtlsh_state_dict_best.pt
Epoch 051 | train_loss=6.4510e-04 | train_eval_loss=8.1308e-04 | val_loss=8.0507e-04 | | lr=1.00e-03
Epoch 052 | train_loss=7.6662e-04 | train_eval_loss=6.1274e-04 | val_loss=6.2024e-04 | | lr=1.00e-03
Saved best model to results/thesis_model_results/outputs/mtlsh_embeddability_tradeoff/MTLSH__mse__minmax__seed42__model_head_sizes128__model_shared_sizes256_128/mtlsh_state_dict_best.pt
Epoch 053 | train_loss=7.0032e-04 | train_eval_loss=1.0972e-03 | val_loss=1.0975e-03 | | lr=1.00e-03
Epoch 054 | train_loss=6.8807e-04 | train_eval_loss=6.3335e-04 | val_loss=6.4831e-04 | | lr=1.00e-03
Epoch 055 | train_loss=5.8564e-04 | train_eval_loss=9.2786e-04 | val_loss=9.1917e-04 | | lr=1.00e-03
Epoch 056 | train_loss=7.0520e-04 | train_eval_loss=6.1571e-04 | val_loss=6.2038e-04 | | lr=1.00e-03
Epoch 057 | train_loss=5.7859e-04 | train_eval_loss=5.8058e-04 | val_loss=5.8745e-04 | | lr=1.00e-03
Saved best model to results/thesis_model_results/outputs/mtlsh_embeddability_tradeoff/MTLSH__mse__minmax__seed42__model_head_sizes128__model_shared_sizes256_128/mtlsh_state_dict_best.pt
Epoch 058 | train_loss=5.8160e-04 | train_eval_loss=5.7961e-04 | val_loss=5.8421e-04 | | lr=1.00e-03
Saved best model to results/thesis_model_results/outputs/mtlsh_embeddability_tradeoff/MTLSH__mse__minmax__seed42__model_head_sizes128__model_shared_sizes256_128/mtlsh_state_dict_best.pt
Epoch 059 | train_loss=7.0466e-04 | train_eval_loss=5.8423e-04 | val_loss=5.9684e-04 | | lr=1.00e-03
Epoch 060 | train_loss=6.0417e-04 | train_eval_loss=6.4171e-04 | val_loss=6.4004e-04 | | lr=1.00e-03
Epoch 061 | train_loss=5.7911e-04 | train_eval_loss=5.9598e-04 | val_loss=6.1364e-04 | | lr=1.00e-03
Epoch 062 | train_loss=6.2791e-04 | train_eval_loss=7.9700e-04 | val_loss=8.0027e-04 | | lr=1.00e-03
Epoch 063 | train_loss=6.2723e-04 | train_eval_loss=6.9562e-04 | val_loss=7.0184e-04 | | lr=1.00e-03
Epoch 064 | train_loss=6.3111e-04 | train_eval_loss=6.0331e-04 | val_loss=6.0222e-04 | | lr=1.00e-03
Epoch 065 | train_loss=5.8486e-04 | train_eval_loss=6.2841e-04 | val_loss=6.3986e-04 | | lr=1.00e-03
Epoch 066 | train_loss=5.6179e-04 | train_eval_loss=5.3011e-04 | val_loss=5.2496e-04 | | lr=1.00e-03
Saved best model to results/thesis_model_results/outputs/mtlsh_embeddability_tradeoff/MTLSH__mse__minmax__seed42__model_head_sizes128__model_shared_sizes256_128/mtlsh_state_dict_best.pt
Epoch 067 | train_loss=5.6785e-04 | train_eval_loss=5.1670e-04 | val_loss=5.2085e-04 | | lr=1.00e-03
Saved best model to results/thesis_model_results/outputs/mtlsh_embeddability_tradeoff/MTLSH__mse__minmax__seed42__model_head_sizes128__model_shared_sizes256_128/mtlsh_state_dict_best.pt
Epoch 068 | train_loss=5.0918e-04 | train_eval_loss=5.5233e-04 | val_loss=5.5689e-04 | | lr=1.00e-03
Epoch 069 | train_loss=5.7175e-04 | train_eval_loss=5.8239e-04 | val_loss=5.9507e-04 | | lr=1.00e-03
Epoch 070 | train_loss=6.0835e-04 | train_eval_loss=7.5834e-04 | val_loss=7.8184e-04 | | lr=1.00e-03
Epoch 071 | train_loss=6.1267e-04 | train_eval_loss=5.7715e-04 | val_loss=5.8837e-04 | | lr=1.00e-03
Epoch 072 | train_loss=6.3697e-04 | train_eval_loss=6.2092e-04 | val_loss=6.3407e-04 | | lr=1.00e-03
Epoch 073 | train_loss=5.4775e-04 | train_eval_loss=5.4730e-04 | val_loss=5.5178e-04 | | lr=1.00e-03
Epoch 074 | train_loss=6.2358e-04 | train_eval_loss=6.7468e-04 | val_loss=6.7441e-04 | | lr=1.00e-03
Epoch 075 | train_loss=5.7339e-04 | train_eval_loss=4.5484e-04 | val_loss=4.6806e-04 | | lr=1.00e-03
Saved best model to results/thesis_model_results/outputs/mtlsh_embeddability_tradeoff/MTLSH__mse__minmax__seed42__model_head_sizes128__model_shared_sizes256_128/mtlsh_state_dict_best.pt
Epoch 076 | train_loss=4.9742e-04 | train_eval_loss=5.1209e-04 | val_loss=5.2207e-04 | | lr=1.00e-03
Epoch 077 | train_loss=5.4795e-04 | train_eval_loss=6.2209e-04 | val_loss=6.3549e-04 | | lr=1.00e-03
Epoch 078 | train_loss=5.5564e-04 | train_eval_loss=5.0850e-04 | val_loss=5.1779e-04 | | lr=1.00e-03
Epoch 079 | train_loss=5.3727e-04 | train_eval_loss=5.7052e-04 | val_loss=5.9330e-04 | | lr=1.00e-03
Epoch 080 | train_loss=5.1601e-04 | train_eval_loss=5.5460e-04 | val_loss=5.7728e-04 | | lr=1.00e-03
Epoch 081 | train_loss=5.1544e-04 | train_eval_loss=6.7748e-04 | val_loss=7.0130e-04 | | lr=1.00e-03
Epoch 082 | train_loss=5.9521e-04 | train_eval_loss=5.8606e-04 | val_loss=6.0053e-04 | | lr=1.00e-03
Epoch 083 | train_loss=5.5070e-04 | train_eval_loss=5.6077e-04 | val_loss=5.7756e-04 | | lr=1.00e-03
Epoch 084 | train_loss=4.8287e-04 | train_eval_loss=4.8889e-04 | val_loss=5.0294e-04 | | lr=1.00e-03
Epoch 085 | train_loss=4.1890e-04 | train_eval_loss=4.0935e-04 | val_loss=4.3360e-04 | | lr=5.00e-04
Saved best model to results/thesis_model_results/outputs/mtlsh_embeddability_tradeoff/MTLSH__mse__minmax__seed42__model_head_sizes128__model_shared_sizes256_128/mtlsh_state_dict_best.pt
Epoch 086 | train_loss=4.0585e-04 | train_eval_loss=4.4418e-04 | val_loss=4.6181e-04 | | lr=5.00e-04
Epoch 087 | train_loss=4.2798e-04 | train_eval_loss=4.0734e-04 | val_loss=4.2545e-04 | | lr=5.00e-04
Saved best model to results/thesis_model_results/outputs/mtlsh_embeddability_tradeoff/MTLSH__mse__minmax__seed42__model_head_sizes128__model_shared_sizes256_128/mtlsh_state_dict_best.pt
Epoch 088 | train_loss=4.0160e-04 | train_eval_loss=4.1192e-04 | val_loss=4.3391e-04 | | lr=5.00e-04
Epoch 089 | train_loss=4.0505e-04 | train_eval_loss=3.8319e-04 | val_loss=4.0918e-04 | | lr=5.00e-04
Saved best model to results/thesis_model_results/outputs/mtlsh_embeddability_tradeoff/MTLSH__mse__minmax__seed42__model_head_sizes128__model_shared_sizes256_128/mtlsh_state_dict_best.pt
Epoch 090 | train_loss=3.9831e-04 | train_eval_loss=3.9147e-04 | val_loss=4.1455e-04 | | lr=5.00e-04
Epoch 091 | train_loss=4.0040e-04 | train_eval_loss=3.7879e-04 | val_loss=4.0463e-04 | | lr=5.00e-04
Saved best model to results/thesis_model_results/outputs/mtlsh_embeddability_tradeoff/MTLSH__mse__minmax__seed42__model_head_sizes128__model_shared_sizes256_128/mtlsh_state_dict_best.pt
Epoch 092 | train_loss=3.9592e-04 | train_eval_loss=4.0701e-04 | val_loss=4.2755e-04 | | lr=5.00e-04
Epoch 093 | train_loss=3.9772e-04 | train_eval_loss=3.9630e-04 | val_loss=4.2496e-04 | | lr=5.00e-04
Epoch 094 | train_loss=3.9763e-04 | train_eval_loss=5.1397e-04 | val_loss=5.4618e-04 | | lr=5.00e-04
Epoch 095 | train_loss=4.2019e-04 | train_eval_loss=3.8756e-04 | val_loss=4.1274e-04 | | lr=5.00e-04
Epoch 096 | train_loss=3.8755e-04 | train_eval_loss=4.1420e-04 | val_loss=4.3231e-04 | | lr=5.00e-04
Epoch 097 | train_loss=4.0784e-04 | train_eval_loss=4.3800e-04 | val_loss=4.6774e-04 | | lr=5.00e-04
Epoch 098 | train_loss=3.9621e-04 | train_eval_loss=4.0163e-04 | val_loss=4.3066e-04 | | lr=5.00e-04
Epoch 099 | train_loss=3.9707e-04 | train_eval_loss=4.3923e-04 | val_loss=4.5990e-04 | | lr=5.00e-04
Epoch 100 | train_loss=4.0389e-04 | train_eval_loss=3.7584e-04 | val_loss=4.0080e-04 | | lr=5.00e-04
Saved best model to results/thesis_model_results/outputs/mtlsh_embeddability_tradeoff/MTLSH__mse__minmax__seed42__model_head_sizes128__model_shared_sizes256_128/mtlsh_state_dict_best.pt
Epoch 101 | train_loss=3.8436e-04 | train_eval_loss=3.6785e-04 | val_loss=3.9934e-04 | | lr=5.00e-04
Saved best model to results/thesis_model_results/outputs/mtlsh_embeddability_tradeoff/MTLSH__mse__minmax__seed42__model_head_sizes128__model_shared_sizes256_128/mtlsh_state_dict_best.pt
Epoch 102 | train_loss=3.8480e-04 | train_eval_loss=3.8261e-04 | val_loss=4.1414e-04 | | lr=5.00e-04
Epoch 103 | train_loss=4.0565e-04 | train_eval_loss=3.9606e-04 | val_loss=4.2163e-04 | | lr=5.00e-04
Epoch 104 | train_loss=4.0099e-04 | train_eval_loss=3.9408e-04 | val_loss=4.2288e-04 | | lr=5.00e-04
Epoch 105 | train_loss=3.9165e-04 | train_eval_loss=4.1192e-04 | val_loss=4.4215e-04 | | lr=5.00e-04
Epoch 106 | train_loss=4.0048e-04 | train_eval_loss=3.8957e-04 | val_loss=4.2830e-04 | | lr=5.00e-04
Epoch 107 | train_loss=3.9660e-04 | train_eval_loss=3.7316e-04 | val_loss=4.0243e-04 | | lr=5.00e-04
Epoch 108 | train_loss=4.0517e-04 | train_eval_loss=3.9642e-04 | val_loss=4.3157e-04 | | lr=5.00e-04
Epoch 109 | train_loss=3.9879e-04 | train_eval_loss=4.2231e-04 | val_loss=4.6068e-04 | | lr=5.00e-04
Epoch 110 | train_loss=3.9984e-04 | train_eval_loss=3.6919e-04 | val_loss=4.0231e-04 | | lr=5.00e-04
Epoch 111 | train_loss=3.5203e-04 | train_eval_loss=3.3837e-04 | val_loss=3.7607e-04 | | lr=2.50e-04
Saved best model to results/thesis_model_results/outputs/mtlsh_embeddability_tradeoff/MTLSH__mse__minmax__seed42__model_head_sizes128__model_shared_sizes256_128/mtlsh_state_dict_best.pt
Epoch 112 | train_loss=3.5129e-04 | train_eval_loss=3.5312e-04 | val_loss=3.8886e-04 | | lr=2.50e-04
Epoch 113 | train_loss=3.3824e-04 | train_eval_loss=3.3110e-04 | val_loss=3.6774e-04 | | lr=2.50e-04
Saved best model to results/thesis_model_results/outputs/mtlsh_embeddability_tradeoff/MTLSH__mse__minmax__seed42__model_head_sizes128__model_shared_sizes256_128/mtlsh_state_dict_best.pt
Epoch 114 | train_loss=3.3872e-04 | train_eval_loss=3.3703e-04 | val_loss=3.7041e-04 | | lr=2.50e-04
Epoch 115 | train_loss=3.4233e-04 | train_eval_loss=3.3421e-04 | val_loss=3.7825e-04 | | lr=2.50e-04
Epoch 116 | train_loss=3.3620e-04 | train_eval_loss=3.3526e-04 | val_loss=3.7631e-04 | | lr=2.50e-04
Epoch 117 | train_loss=3.4132e-04 | train_eval_loss=3.2588e-04 | val_loss=3.6566e-04 | | lr=2.50e-04
Saved best model to results/thesis_model_results/outputs/mtlsh_embeddability_tradeoff/MTLSH__mse__minmax__seed42__model_head_sizes128__model_shared_sizes256_128/mtlsh_state_dict_best.pt
Epoch 118 | train_loss=3.3358e-04 | train_eval_loss=3.3358e-04 | val_loss=3.7435e-04 | | lr=2.50e-04
Epoch 119 | train_loss=3.3596e-04 | train_eval_loss=3.6651e-04 | val_loss=4.0764e-04 | | lr=2.50e-04
Epoch 120 | train_loss=3.3995e-04 | train_eval_loss=3.6773e-04 | val_loss=4.0976e-04 | | lr=2.50e-04
Epoch 121 | train_loss=3.4313e-04 | train_eval_loss=3.3136e-04 | val_loss=3.6717e-04 | | lr=2.50e-04
Epoch 122 | train_loss=3.3393e-04 | train_eval_loss=3.8842e-04 | val_loss=4.1748e-04 | | lr=2.50e-04
Epoch 123 | train_loss=3.4462e-04 | train_eval_loss=3.2288e-04 | val_loss=3.6218e-04 | | lr=2.50e-04
Saved best model to results/thesis_model_results/outputs/mtlsh_embeddability_tradeoff/MTLSH__mse__minmax__seed42__model_head_sizes128__model_shared_sizes256_128/mtlsh_state_dict_best.pt
Epoch 124 | train_loss=3.4425e-04 | train_eval_loss=3.3888e-04 | val_loss=3.8440e-04 | | lr=2.50e-04
Epoch 125 | train_loss=3.3968e-04 | train_eval_loss=3.2237e-04 | val_loss=3.6764e-04 | | lr=2.50e-04
Epoch 126 | train_loss=3.3281e-04 | train_eval_loss=3.1924e-04 | val_loss=3.6344e-04 | | lr=2.50e-04
Epoch 127 | train_loss=3.3276e-04 | train_eval_loss=3.4067e-04 | val_loss=3.7926e-04 | | lr=2.50e-04
Epoch 128 | train_loss=3.4086e-04 | train_eval_loss=3.5267e-04 | val_loss=3.9833e-04 | | lr=2.50e-04
Epoch 129 | train_loss=3.3905e-04 | train_eval_loss=3.2300e-04 | val_loss=3.6562e-04 | | lr=2.50e-04
Epoch 130 | train_loss=3.3594e-04 | train_eval_loss=3.4603e-04 | val_loss=3.9067e-04 | | lr=2.50e-04
Epoch 131 | train_loss=3.2871e-04 | train_eval_loss=3.3940e-04 | val_loss=3.8532e-04 | | lr=2.50e-04
Epoch 132 | train_loss=3.3592e-04 | train_eval_loss=3.2375e-04 | val_loss=3.6113e-04 | | lr=2.50e-04
Saved best model to results/thesis_model_results/outputs/mtlsh_embeddability_tradeoff/MTLSH__mse__minmax__seed42__model_head_sizes128__model_shared_sizes256_128/mtlsh_state_dict_best.pt
Epoch 133 | train_loss=3.3547e-04 | train_eval_loss=3.2653e-04 | val_loss=3.6734e-04 | | lr=2.50e-04
Epoch 134 | train_loss=3.2824e-04 | train_eval_loss=3.2078e-04 | val_loss=3.6382e-04 | | lr=2.50e-04
Epoch 135 | train_loss=3.3377e-04 | train_eval_loss=3.4005e-04 | val_loss=3.8565e-04 | | lr=2.50e-04
Epoch 136 | train_loss=3.3192e-04 | train_eval_loss=3.1739e-04 | val_loss=3.6505e-04 | | lr=2.50e-04
Epoch 137 | train_loss=3.2557e-04 | train_eval_loss=3.0847e-04 | val_loss=3.5274e-04 | | lr=2.50e-04
Saved best model to results/thesis_model_results/outputs/mtlsh_embeddability_tradeoff/MTLSH__mse__minmax__seed42__model_head_sizes128__model_shared_sizes256_128/mtlsh_state_dict_best.pt
Epoch 138 | train_loss=3.2255e-04 | train_eval_loss=3.3922e-04 | val_loss=3.8393e-04 | | lr=2.50e-04
Epoch 139 | train_loss=3.2729e-04 | train_eval_loss=3.2848e-04 | val_loss=3.7425e-04 | | lr=2.50e-04
Epoch 140 | train_loss=3.1982e-04 | train_eval_loss=3.1589e-04 | val_loss=3.6194e-04 | | lr=2.50e-04
Epoch 141 | train_loss=3.3465e-04 | train_eval_loss=3.1570e-04 | val_loss=3.5842e-04 | | lr=2.50e-04
Epoch 142 | train_loss=3.1544e-04 | train_eval_loss=3.0680e-04 | val_loss=3.5544e-04 | | lr=2.50e-04
Epoch 143 | train_loss=3.1414e-04 | train_eval_loss=3.2390e-04 | val_loss=3.7514e-04 | | lr=2.50e-04
Epoch 144 | train_loss=3.1749e-04 | train_eval_loss=3.1181e-04 | val_loss=3.6044e-04 | | lr=2.50e-04
Epoch 145 | train_loss=3.3974e-04 | train_eval_loss=3.1854e-04 | val_loss=3.6731e-04 | | lr=2.50e-04
Epoch 146 | train_loss=3.2208e-04 | train_eval_loss=3.1484e-04 | val_loss=3.6517e-04 | | lr=2.50e-04
Epoch 147 | train_loss=2.9563e-04 | train_eval_loss=2.8835e-04 | val_loss=3.3709e-04 | | lr=1.25e-04
Saved best model to results/thesis_model_results/outputs/mtlsh_embeddability_tradeoff/MTLSH__mse__minmax__seed42__model_head_sizes128__model_shared_sizes256_128/mtlsh_state_dict_best.pt
Epoch 148 | train_loss=2.9286e-04 | train_eval_loss=2.8513e-04 | val_loss=3.3715e-04 | | lr=1.25e-04
Epoch 149 | train_loss=2.9482e-04 | train_eval_loss=2.9290e-04 | val_loss=3.4025e-04 | | lr=1.25e-04
Epoch 150 | train_loss=3.0240e-04 | train_eval_loss=3.2799e-04 | val_loss=3.7626e-04 | | lr=1.25e-04
Epoch 151 | train_loss=2.9746e-04 | train_eval_loss=2.8680e-04 | val_loss=3.3888e-04 | | lr=1.25e-04
Epoch 152 | train_loss=2.9445e-04 | train_eval_loss=2.8288e-04 | val_loss=3.3500e-04 | | lr=1.25e-04
Saved best model to results/thesis_model_results/outputs/mtlsh_embeddability_tradeoff/MTLSH__mse__minmax__seed42__model_head_sizes128__model_shared_sizes256_128/mtlsh_state_dict_best.pt
Epoch 153 | train_loss=2.9558e-04 | train_eval_loss=2.8993e-04 | val_loss=3.4196e-04 | | lr=1.25e-04
Epoch 154 | train_loss=2.9357e-04 | train_eval_loss=2.9019e-04 | val_loss=3.4332e-04 | | lr=1.25e-04
Epoch 155 | train_loss=2.9467e-04 | train_eval_loss=2.9168e-04 | val_loss=3.4626e-04 | | lr=1.25e-04
Epoch 156 | train_loss=2.9491e-04 | train_eval_loss=2.8659e-04 | val_loss=3.3544e-04 | | lr=1.25e-04
Epoch 157 | train_loss=2.8925e-04 | train_eval_loss=3.1633e-04 | val_loss=3.6791e-04 | | lr=1.25e-04
Epoch 158 | train_loss=2.9596e-04 | train_eval_loss=2.9149e-04 | val_loss=3.4447e-04 | | lr=1.25e-04
Epoch 159 | train_loss=2.9139e-04 | train_eval_loss=2.8865e-04 | val_loss=3.4171e-04 | | lr=1.25e-04
Epoch 160 | train_loss=2.8869e-04 | train_eval_loss=3.0278e-04 | val_loss=3.5483e-04 | | lr=1.25e-04
Epoch 161 | train_loss=2.9258e-04 | train_eval_loss=2.9951e-04 | val_loss=3.4616e-04 | | lr=1.25e-04
Epoch 162 | train_loss=2.7829e-04 | train_eval_loss=2.7396e-04 | val_loss=3.2688e-04 | | lr=6.25e-05
Saved best model to results/thesis_model_results/outputs/mtlsh_embeddability_tradeoff/MTLSH__mse__minmax__seed42__model_head_sizes128__model_shared_sizes256_128/mtlsh_state_dict_best.pt
Epoch 163 | train_loss=2.7817e-04 | train_eval_loss=2.8215e-04 | val_loss=3.3617e-04 | | lr=6.25e-05
Epoch 164 | train_loss=2.7852e-04 | train_eval_loss=2.9873e-04 | val_loss=3.5191e-04 | | lr=6.25e-05
Epoch 165 | train_loss=2.8021e-04 | train_eval_loss=2.7564e-04 | val_loss=3.2752e-04 | | lr=6.25e-05
Epoch 166 | train_loss=2.7884e-04 | train_eval_loss=2.7322e-04 | val_loss=3.2835e-04 | | lr=6.25e-05
Epoch 167 | train_loss=2.7711e-04 | train_eval_loss=2.7219e-04 | val_loss=3.2841e-04 | | lr=6.25e-05
Epoch 168 | train_loss=2.7834e-04 | train_eval_loss=2.7395e-04 | val_loss=3.3004e-04 | | lr=6.25e-05
Epoch 169 | train_loss=2.7757e-04 | train_eval_loss=2.7017e-04 | val_loss=3.2554e-04 | | lr=6.25e-05
Saved best model to results/thesis_model_results/outputs/mtlsh_embeddability_tradeoff/MTLSH__mse__minmax__seed42__model_head_sizes128__model_shared_sizes256_128/mtlsh_state_dict_best.pt
Epoch 170 | train_loss=2.7516e-04 | train_eval_loss=2.7332e-04 | val_loss=3.2988e-04 | | lr=6.25e-05
Epoch 171 | train_loss=2.7706e-04 | train_eval_loss=2.7495e-04 | val_loss=3.2746e-04 | | lr=6.25e-05
Epoch 172 | train_loss=2.7720e-04 | train_eval_loss=2.7123e-04 | val_loss=3.2626e-04 | | lr=6.25e-05
Epoch 173 | train_loss=2.7566e-04 | train_eval_loss=2.7263e-04 | val_loss=3.3004e-04 | | lr=6.25e-05
Epoch 174 | train_loss=2.7591e-04 | train_eval_loss=2.7944e-04 | val_loss=3.3227e-04 | | lr=6.25e-05
Epoch 175 | train_loss=2.7487e-04 | train_eval_loss=2.7248e-04 | val_loss=3.2913e-04 | | lr=6.25e-05
Epoch 176 | train_loss=2.7713e-04 | train_eval_loss=2.9785e-04 | val_loss=3.5393e-04 | | lr=6.25e-05
Epoch 177 | train_loss=2.8280e-04 | train_eval_loss=2.7597e-04 | val_loss=3.3260e-04 | | lr=6.25e-05
Epoch 178 | train_loss=2.7678e-04 | train_eval_loss=2.6676e-04 | val_loss=3.2295e-04 | | lr=6.25e-05
Saved best model to results/thesis_model_results/outputs/mtlsh_embeddability_tradeoff/MTLSH__mse__minmax__seed42__model_head_sizes128__model_shared_sizes256_128/mtlsh_state_dict_best.pt
Epoch 179 | train_loss=2.7500e-04 | train_eval_loss=2.7092e-04 | val_loss=3.2890e-04 | | lr=6.25e-05
Epoch 180 | train_loss=2.7363e-04 | train_eval_loss=2.7033e-04 | val_loss=3.2828e-04 | | lr=6.25e-05
Epoch 181 | train_loss=2.7795e-04 | train_eval_loss=2.7368e-04 | val_loss=3.3123e-04 | | lr=6.25e-05
Epoch 182 | train_loss=2.7434e-04 | train_eval_loss=2.8202e-04 | val_loss=3.3907e-04 | | lr=6.25e-05
Epoch 183 | train_loss=2.7534e-04 | train_eval_loss=2.7095e-04 | val_loss=3.2791e-04 | | lr=6.25e-05
Epoch 184 | train_loss=2.7584e-04 | train_eval_loss=2.8138e-04 | val_loss=3.3607e-04 | | lr=6.25e-05
Epoch 185 | train_loss=2.7367e-04 | train_eval_loss=2.7108e-04 | val_loss=3.2790e-04 | | lr=6.25e-05
Epoch 186 | train_loss=2.7432e-04 | train_eval_loss=2.8454e-04 | val_loss=3.4232e-04 | | lr=6.25e-05
Epoch 187 | train_loss=2.7455e-04 | train_eval_loss=2.6838e-04 | val_loss=3.2378e-04 | | lr=6.25e-05
Epoch 188 | train_loss=2.6770e-04 | train_eval_loss=2.6399e-04 | val_loss=3.2355e-04 | | lr=3.13e-05
Epoch 189 | train_loss=2.6720e-04 | train_eval_loss=2.6730e-04 | val_loss=3.2649e-04 | | lr=3.13e-05
Epoch 190 | train_loss=2.6724e-04 | train_eval_loss=2.6429e-04 | val_loss=3.2235e-04 | | lr=3.13e-05
Saved best model to results/thesis_model_results/outputs/mtlsh_embeddability_tradeoff/MTLSH__mse__minmax__seed42__model_head_sizes128__model_shared_sizes256_128/mtlsh_state_dict_best.pt
Epoch 191 | train_loss=2.6569e-04 | train_eval_loss=2.6387e-04 | val_loss=3.2092e-04 | | lr=3.13e-05
Saved best model to results/thesis_model_results/outputs/mtlsh_embeddability_tradeoff/MTLSH__mse__minmax__seed42__model_head_sizes128__model_shared_sizes256_128/mtlsh_state_dict_best.pt
Epoch 192 | train_loss=2.6740e-04 | train_eval_loss=2.6348e-04 | val_loss=3.2123e-04 | | lr=3.13e-05
Epoch 193 | train_loss=2.6537e-04 | train_eval_loss=2.6416e-04 | val_loss=3.2297e-04 | | lr=3.13e-05
Epoch 194 | train_loss=2.6602e-04 | train_eval_loss=2.6295e-04 | val_loss=3.2213e-04 | | lr=3.13e-05
Epoch 195 | train_loss=2.6605e-04 | train_eval_loss=2.6228e-04 | val_loss=3.2103e-04 | | lr=3.13e-05
Epoch 196 | train_loss=2.6750e-04 | train_eval_loss=2.6446e-04 | val_loss=3.2231e-04 | | lr=3.13e-05
Epoch 197 | train_loss=2.6469e-04 | train_eval_loss=2.6499e-04 | val_loss=3.2309e-04 | | lr=3.13e-05
Epoch 198 | train_loss=2.6666e-04 | train_eval_loss=2.6427e-04 | val_loss=3.2317e-04 | | lr=3.13e-05
Epoch 199 | train_loss=2.6604e-04 | train_eval_loss=2.6317e-04 | val_loss=3.2203e-04 | | lr=3.13e-05
Epoch 200 | train_loss=2.6525e-04 | train_eval_loss=2.6164e-04 | val_loss=3.2133e-04 | | lr=3.13e-05
Saved training logs to results/thesis_model_results/outputs/mtlsh_embeddability_tradeoff/MTLSH__mse__minmax__seed42__model_head_sizes128__model_shared_sizes256_128/training_summary.txt
Test RMSE(rocof_COI) = 0.0130 | norm: 0.0099 | real_diff: 0.0086
Test RMSE(dev_COI) = 0.0193 | norm: 0.0072 | real_diff: 0.0098
Test RMSE(Delta_P_IBR_1) = 0.1077 | norm: 0.0170 | real_diff: 0.0680
Test RMSE(Delta_P_IBR_2) = 0.0977 | norm: 0.0136 | real_diff: 0.0526
Test RMSE(Delta_P_IBR_3) = 0.1761 | norm: 0.0309 | real_diff: 0.0913
Test RMSE(Delta_P_IBR_4) = 0.1809 | norm: 0.0187 | real_diff: 0.1083
Saved RMSE results to results/thesis_model_results/outputs/mtlsh_embeddability_tradeoff/MTLSH__mse__minmax__seed42__model_head_sizes128__model_shared_sizes256_128/rmse_results.txt
Saved detailed metrics to results/thesis_model_results/outputs/mtlsh_embeddability_tradeoff/MTLSH__mse__minmax__seed42__model_head_sizes128__model_shared_sizes256_128/metrics_by_target.csv
Saved aggregate metrics to results/thesis_model_results/outputs/mtlsh_embeddability_tradeoff/MTLSH__mse__minmax__seed42__model_head_sizes128__model_shared_sizes256_128/metrics_summary.json
Saved loss curves to results/thesis_model_results/outputs/mtlsh_embeddability_tradeoff/MTLSH__mse__minmax__seed42__model_head_sizes128__model_shared_sizes256_128/loss_curve.png
Saved scatter plot results/thesis_model_results/outputs/mtlsh_embeddability_tradeoff/MTLSH__mse__minmax__seed42__model_head_sizes128__model_shared_sizes256_128/scatter_rocof_COI.png
Saved scatter plot results/thesis_model_results/outputs/mtlsh_embeddability_tradeoff/MTLSH__mse__minmax__seed42__model_head_sizes128__model_shared_sizes256_128/scatter_dev_COI.png
Saved scatter plot results/thesis_model_results/outputs/mtlsh_embeddability_tradeoff/MTLSH__mse__minmax__seed42__model_head_sizes128__model_shared_sizes256_128/scatter_Delta_P_IBR_1.png
Saved scatter plot results/thesis_model_results/outputs/mtlsh_embeddability_tradeoff/MTLSH__mse__minmax__seed42__model_head_sizes128__model_shared_sizes256_128/scatter_Delta_P_IBR_2.png
Saved scatter plot results/thesis_model_results/outputs/mtlsh_embeddability_tradeoff/MTLSH__mse__minmax__seed42__model_head_sizes128__model_shared_sizes256_128/scatter_Delta_P_IBR_3.png
Saved scatter plot results/thesis_model_results/outputs/mtlsh_embeddability_tradeoff/MTLSH__mse__minmax__seed42__model_head_sizes128__model_shared_sizes256_128/scatter_Delta_P_IBR_4.png
Saved model to results/thesis_model_results/outputs/mtlsh_embeddability_tradeoff/MTLSH__mse__minmax__seed42__model_head_sizes128__model_shared_sizes256_128/mtlsh_state_dict.pt
Loss type: mse | weights=[]
Target stats (scaled):
train mean=[0.549  0.589  0.492  0.4884 0.4785 0.4192]
train std=[0.1365 0.1371 0.1141 0.1063 0.1158 0.1138]
train q05=[0.3074 0.3979 0.3192 0.303  0.3347 0.2205]
train q95=[0.7933 0.8652 0.6719 0.6491 0.6927 0.6016]
val mean=[0.5473 0.5873 0.4922 0.4893 0.4798 0.4201]
val std=[0.1343 0.1348 0.1123 0.1072 0.1141 0.1112]
val q05=[0.3103 0.3982 0.3195 0.303  0.3376 0.2251]
val q95=[0.7886 0.8626 0.6731 0.6514 0.6918 0.5984]
val/train std ratio=[0.984  0.9828 0.9844 1.0084 0.9848 0.9772]
LR scheduler: ReduceLROnPlateau (factor=0.5, patience=8, min_lr=1e-07)
Epoch 001 | train_loss=3.2592e-02 | train_eval_loss=1.4327e-02 | val_loss=1.3921e-02 | | lr=1.00e-03
Saved best model to results/thesis_model_results/outputs/mtlsh_embeddability_tradeoff/MTLSH__mse__minmax__seed42__model_head_sizes128_64__model_shared_sizes256_128/mtlsh_state_dict_best.pt
Epoch 002 | train_loss=1.1998e-02 | train_eval_loss=6.2137e-03 | val_loss=6.0815e-03 | | lr=1.00e-03
Saved best model to results/thesis_model_results/outputs/mtlsh_embeddability_tradeoff/MTLSH__mse__minmax__seed42__model_head_sizes128_64__model_shared_sizes256_128/mtlsh_state_dict_best.pt
Epoch 003 | train_loss=3.8835e-03 | train_eval_loss=3.2226e-03 | val_loss=3.1651e-03 | | lr=1.00e-03
Saved best model to results/thesis_model_results/outputs/mtlsh_embeddability_tradeoff/MTLSH__mse__minmax__seed42__model_head_sizes128_64__model_shared_sizes256_128/mtlsh_state_dict_best.pt
Epoch 004 | train_loss=2.9677e-03 | train_eval_loss=2.6989e-03 | val_loss=2.6553e-03 | | lr=1.00e-03
Saved best model to results/thesis_model_results/outputs/mtlsh_embeddability_tradeoff/MTLSH__mse__minmax__seed42__model_head_sizes128_64__model_shared_sizes256_128/mtlsh_state_dict_best.pt
Epoch 005 | train_loss=2.2771e-03 | train_eval_loss=2.0695e-03 | val_loss=2.0442e-03 | | lr=1.00e-03
Saved best model to results/thesis_model_results/outputs/mtlsh_embeddability_tradeoff/MTLSH__mse__minmax__seed42__model_head_sizes128_64__model_shared_sizes256_128/mtlsh_state_dict_best.pt
Epoch 006 | train_loss=1.7897e-03 | train_eval_loss=2.0017e-03 | val_loss=1.9878e-03 | | lr=1.00e-03
Saved best model to results/thesis_model_results/outputs/mtlsh_embeddability_tradeoff/MTLSH__mse__minmax__seed42__model_head_sizes128_64__model_shared_sizes256_128/mtlsh_state_dict_best.pt
Epoch 007 | train_loss=1.5842e-03 | train_eval_loss=1.7095e-03 | val_loss=1.6808e-03 | | lr=1.00e-03
Saved best model to results/thesis_model_results/outputs/mtlsh_embeddability_tradeoff/MTLSH__mse__minmax__seed42__model_head_sizes128_64__model_shared_sizes256_128/mtlsh_state_dict_best.pt
Epoch 008 | train_loss=1.4451e-03 | train_eval_loss=1.5115e-03 | val_loss=1.4926e-03 | | lr=1.00e-03
Saved best model to results/thesis_model_results/outputs/mtlsh_embeddability_tradeoff/MTLSH__mse__minmax__seed42__model_head_sizes128_64__model_shared_sizes256_128/mtlsh_state_dict_best.pt
Epoch 009 | train_loss=1.3896e-03 | train_eval_loss=1.2719e-03 | val_loss=1.2559e-03 | | lr=1.00e-03
Saved best model to results/thesis_model_results/outputs/mtlsh_embeddability_tradeoff/MTLSH__mse__minmax__seed42__model_head_sizes128_64__model_shared_sizes256_128/mtlsh_state_dict_best.pt
Epoch 010 | train_loss=1.3458e-03 | train_eval_loss=1.4371e-03 | val_loss=1.4341e-03 | | lr=1.00e-03
Epoch 011 | train_loss=1.2313e-03 | train_eval_loss=1.2969e-03 | val_loss=1.2990e-03 | | lr=1.00e-03
Epoch 012 | train_loss=1.2234e-03 | train_eval_loss=1.5030e-03 | val_loss=1.4841e-03 | | lr=1.00e-03
Epoch 013 | train_loss=1.1864e-03 | train_eval_loss=1.2950e-03 | val_loss=1.2909e-03 | | lr=1.00e-03
Epoch 014 | train_loss=1.1141e-03 | train_eval_loss=1.1116e-03 | val_loss=1.1053e-03 | | lr=1.00e-03
Saved best model to results/thesis_model_results/outputs/mtlsh_embeddability_tradeoff/MTLSH__mse__minmax__seed42__model_head_sizes128_64__model_shared_sizes256_128/mtlsh_state_dict_best.pt
Epoch 015 | train_loss=1.0750e-03 | train_eval_loss=1.0153e-03 | val_loss=1.0098e-03 | | lr=1.00e-03
Saved best model to results/thesis_model_results/outputs/mtlsh_embeddability_tradeoff/MTLSH__mse__minmax__seed42__model_head_sizes128_64__model_shared_sizes256_128/mtlsh_state_dict_best.pt
Epoch 016 | train_loss=1.0911e-03 | train_eval_loss=1.2339e-03 | val_loss=1.2142e-03 | | lr=1.00e-03
Epoch 017 | train_loss=1.0603e-03 | train_eval_loss=1.1034e-03 | val_loss=1.0960e-03 | | lr=1.00e-03
Epoch 018 | train_loss=9.6891e-04 | train_eval_loss=1.0233e-03 | val_loss=1.0114e-03 | | lr=1.00e-03
Epoch 019 | train_loss=9.2669e-04 | train_eval_loss=8.8864e-04 | val_loss=8.8294e-04 | | lr=1.00e-03
Saved best model to results/thesis_model_results/outputs/mtlsh_embeddability_tradeoff/MTLSH__mse__minmax__seed42__model_head_sizes128_64__model_shared_sizes256_128/mtlsh_state_dict_best.pt
Epoch 020 | train_loss=9.3046e-04 | train_eval_loss=9.4017e-04 | val_loss=9.4604e-04 | | lr=1.00e-03
Epoch 021 | train_loss=9.4249e-04 | train_eval_loss=8.5340e-04 | val_loss=8.4822e-04 | | lr=1.00e-03
Saved best model to results/thesis_model_results/outputs/mtlsh_embeddability_tradeoff/MTLSH__mse__minmax__seed42__model_head_sizes128_64__model_shared_sizes256_128/mtlsh_state_dict_best.pt
Epoch 022 | train_loss=8.4730e-04 | train_eval_loss=1.1199e-03 | val_loss=1.1282e-03 | | lr=1.00e-03
Epoch 023 | train_loss=9.1194e-04 | train_eval_loss=1.0463e-03 | val_loss=1.0451e-03 | | lr=1.00e-03
Epoch 024 | train_loss=8.6114e-04 | train_eval_loss=7.4321e-04 | val_loss=7.4729e-04 | | lr=1.00e-03
Saved best model to results/thesis_model_results/outputs/mtlsh_embeddability_tradeoff/MTLSH__mse__minmax__seed42__model_head_sizes128_64__model_shared_sizes256_128/mtlsh_state_dict_best.pt
Epoch 025 | train_loss=8.3109e-04 | train_eval_loss=8.1427e-04 | val_loss=8.2716e-04 | | lr=1.00e-03
Epoch 026 | train_loss=7.6218e-04 | train_eval_loss=7.1278e-04 | val_loss=7.2118e-04 | | lr=1.00e-03
Saved best model to results/thesis_model_results/outputs/mtlsh_embeddability_tradeoff/MTLSH__mse__minmax__seed42__model_head_sizes128_64__model_shared_sizes256_128/mtlsh_state_dict_best.pt
Epoch 027 | train_loss=7.6742e-04 | train_eval_loss=7.9670e-04 | val_loss=7.9511e-04 | | lr=1.00e-03
Epoch 028 | train_loss=7.8028e-04 | train_eval_loss=7.2582e-04 | val_loss=7.2112e-04 | | lr=1.00e-03
Saved best model to results/thesis_model_results/outputs/mtlsh_embeddability_tradeoff/MTLSH__mse__minmax__seed42__model_head_sizes128_64__model_shared_sizes256_128/mtlsh_state_dict_best.pt
Epoch 029 | train_loss=7.5571e-04 | train_eval_loss=6.8108e-04 | val_loss=6.8204e-04 | | lr=1.00e-03
Saved best model to results/thesis_model_results/outputs/mtlsh_embeddability_tradeoff/MTLSH__mse__minmax__seed42__model_head_sizes128_64__model_shared_sizes256_128/mtlsh_state_dict_best.pt
Epoch 030 | train_loss=7.7767e-04 | train_eval_loss=7.7416e-04 | val_loss=7.7268e-04 | | lr=1.00e-03
Epoch 031 | train_loss=7.2471e-04 | train_eval_loss=6.6534e-04 | val_loss=6.7323e-04 | | lr=1.00e-03
Saved best model to results/thesis_model_results/outputs/mtlsh_embeddability_tradeoff/MTLSH__mse__minmax__seed42__model_head_sizes128_64__model_shared_sizes256_128/mtlsh_state_dict_best.pt
Epoch 032 | train_loss=7.5384e-04 | train_eval_loss=6.7662e-04 | val_loss=6.8161e-04 | | lr=1.00e-03
Epoch 033 | train_loss=6.3576e-04 | train_eval_loss=6.4118e-04 | val_loss=6.4158e-04 | | lr=1.00e-03
Saved best model to results/thesis_model_results/outputs/mtlsh_embeddability_tradeoff/MTLSH__mse__minmax__seed42__model_head_sizes128_64__model_shared_sizes256_128/mtlsh_state_dict_best.pt
Epoch 034 | train_loss=6.8822e-04 | train_eval_loss=6.6565e-04 | val_loss=6.6840e-04 | | lr=1.00e-03
Epoch 035 | train_loss=6.6341e-04 | train_eval_loss=7.7553e-04 | val_loss=7.8764e-04 | | lr=1.00e-03
Epoch 036 | train_loss=6.9395e-04 | train_eval_loss=7.7908e-04 | val_loss=7.8903e-04 | | lr=1.00e-03
Epoch 037 | train_loss=6.4499e-04 | train_eval_loss=5.4510e-04 | val_loss=5.5178e-04 | | lr=1.00e-03
Saved best model to results/thesis_model_results/outputs/mtlsh_embeddability_tradeoff/MTLSH__mse__minmax__seed42__model_head_sizes128_64__model_shared_sizes256_128/mtlsh_state_dict_best.pt
Epoch 038 | train_loss=6.1665e-04 | train_eval_loss=6.4225e-04 | val_loss=6.5009e-04 | | lr=1.00e-03
Epoch 039 | train_loss=6.1959e-04 | train_eval_loss=7.1317e-04 | val_loss=7.0794e-04 | | lr=1.00e-03
Epoch 040 | train_loss=6.4607e-04 | train_eval_loss=6.1382e-04 | val_loss=6.2000e-04 | | lr=1.00e-03
Epoch 041 | train_loss=5.9457e-04 | train_eval_loss=6.7474e-04 | val_loss=6.7502e-04 | | lr=1.00e-03
Epoch 042 | train_loss=6.0891e-04 | train_eval_loss=6.1256e-04 | val_loss=6.2901e-04 | | lr=1.00e-03
Epoch 043 | train_loss=6.5609e-04 | train_eval_loss=8.1932e-04 | val_loss=8.2471e-04 | | lr=1.00e-03
Epoch 044 | train_loss=5.5960e-04 | train_eval_loss=5.5854e-04 | val_loss=5.7342e-04 | | lr=1.00e-03
Epoch 045 | train_loss=6.0666e-04 | train_eval_loss=5.8360e-04 | val_loss=5.8277e-04 | | lr=1.00e-03
Epoch 046 | train_loss=5.8616e-04 | train_eval_loss=6.3605e-04 | val_loss=6.5041e-04 | | lr=1.00e-03
Epoch 047 | train_loss=4.8121e-04 | train_eval_loss=4.5143e-04 | val_loss=4.6743e-04 | | lr=5.00e-04
Saved best model to results/thesis_model_results/outputs/mtlsh_embeddability_tradeoff/MTLSH__mse__minmax__seed42__model_head_sizes128_64__model_shared_sizes256_128/mtlsh_state_dict_best.pt
Epoch 048 | train_loss=4.6282e-04 | train_eval_loss=4.4402e-04 | val_loss=4.5805e-04 | | lr=5.00e-04
Saved best model to results/thesis_model_results/outputs/mtlsh_embeddability_tradeoff/MTLSH__mse__minmax__seed42__model_head_sizes128_64__model_shared_sizes256_128/mtlsh_state_dict_best.pt
Epoch 049 | train_loss=4.5756e-04 | train_eval_loss=4.6511e-04 | val_loss=4.8262e-04 | | lr=5.00e-04
Epoch 050 | train_loss=4.5779e-04 | train_eval_loss=4.3801e-04 | val_loss=4.6008e-04 | | lr=5.00e-04
Epoch 051 | train_loss=4.5964e-04 | train_eval_loss=4.4526e-04 | val_loss=4.6642e-04 | | lr=5.00e-04
Epoch 052 | train_loss=4.7554e-04 | train_eval_loss=4.5727e-04 | val_loss=4.6962e-04 | | lr=5.00e-04
Epoch 053 | train_loss=4.5256e-04 | train_eval_loss=5.1037e-04 | val_loss=5.2961e-04 | | lr=5.00e-04
Epoch 054 | train_loss=4.5516e-04 | train_eval_loss=4.2999e-04 | val_loss=4.4634e-04 | | lr=5.00e-04
Saved best model to results/thesis_model_results/outputs/mtlsh_embeddability_tradeoff/MTLSH__mse__minmax__seed42__model_head_sizes128_64__model_shared_sizes256_128/mtlsh_state_dict_best.pt
Epoch 055 | train_loss=4.3958e-04 | train_eval_loss=4.4341e-04 | val_loss=4.5858e-04 | | lr=5.00e-04
Epoch 056 | train_loss=4.5080e-04 | train_eval_loss=4.4292e-04 | val_loss=4.5285e-04 | | lr=5.00e-04
Epoch 057 | train_loss=4.3010e-04 | train_eval_loss=4.3003e-04 | val_loss=4.5530e-04 | | lr=5.00e-04
Epoch 058 | train_loss=4.5337e-04 | train_eval_loss=4.3761e-04 | val_loss=4.5360e-04 | | lr=5.00e-04
Epoch 059 | train_loss=4.5987e-04 | train_eval_loss=4.6763e-04 | val_loss=4.8924e-04 | | lr=5.00e-04
Epoch 060 | train_loss=4.3994e-04 | train_eval_loss=4.0832e-04 | val_loss=4.2710e-04 | | lr=5.00e-04
Saved best model to results/thesis_model_results/outputs/mtlsh_embeddability_tradeoff/MTLSH__mse__minmax__seed42__model_head_sizes128_64__model_shared_sizes256_128/mtlsh_state_dict_best.pt
Epoch 061 | train_loss=4.2288e-04 | train_eval_loss=4.2843e-04 | val_loss=4.5335e-04 | | lr=5.00e-04
Epoch 062 | train_loss=4.3979e-04 | train_eval_loss=4.2892e-04 | val_loss=4.5299e-04 | | lr=5.00e-04
Epoch 063 | train_loss=4.6028e-04 | train_eval_loss=4.0675e-04 | val_loss=4.2957e-04 | | lr=5.00e-04
Epoch 064 | train_loss=4.1962e-04 | train_eval_loss=4.5911e-04 | val_loss=4.8484e-04 | | lr=5.00e-04
Epoch 065 | train_loss=4.2894e-04 | train_eval_loss=4.1401e-04 | val_loss=4.3964e-04 | | lr=5.00e-04
Epoch 066 | train_loss=4.3438e-04 | train_eval_loss=4.4881e-04 | val_loss=4.7878e-04 | | lr=5.00e-04
Epoch 067 | train_loss=4.4433e-04 | train_eval_loss=4.0538e-04 | val_loss=4.3540e-04 | | lr=5.00e-04
Epoch 068 | train_loss=4.0556e-04 | train_eval_loss=3.9250e-04 | val_loss=4.1270e-04 | | lr=5.00e-04
Saved best model to results/thesis_model_results/outputs/mtlsh_embeddability_tradeoff/MTLSH__mse__minmax__seed42__model_head_sizes128_64__model_shared_sizes256_128/mtlsh_state_dict_best.pt
Epoch 069 | train_loss=4.2168e-04 | train_eval_loss=4.2485e-04 | val_loss=4.4767e-04 | | lr=5.00e-04
Epoch 070 | train_loss=4.3339e-04 | train_eval_loss=3.9823e-04 | val_loss=4.3149e-04 | | lr=5.00e-04
Epoch 071 | train_loss=4.2271e-04 | train_eval_loss=4.2120e-04 | val_loss=4.4582e-04 | | lr=5.00e-04
Epoch 072 | train_loss=4.5684e-04 | train_eval_loss=3.9602e-04 | val_loss=4.2606e-04 | | lr=5.00e-04
Epoch 073 | train_loss=4.5134e-04 | train_eval_loss=4.7590e-04 | val_loss=5.0472e-04 | | lr=5.00e-04
Epoch 074 | train_loss=4.3944e-04 | train_eval_loss=4.6876e-04 | val_loss=4.9822e-04 | | lr=5.00e-04
Epoch 075 | train_loss=4.3401e-04 | train_eval_loss=4.1115e-04 | val_loss=4.3841e-04 | | lr=5.00e-04
Epoch 076 | train_loss=4.2018e-04 | train_eval_loss=3.7837e-04 | val_loss=4.0507e-04 | | lr=5.00e-04
Saved best model to results/thesis_model_results/outputs/mtlsh_embeddability_tradeoff/MTLSH__mse__minmax__seed42__model_head_sizes128_64__model_shared_sizes256_128/mtlsh_state_dict_best.pt
Epoch 077 | train_loss=4.0662e-04 | train_eval_loss=4.3211e-04 | val_loss=4.6042e-04 | | lr=5.00e-04
Epoch 078 | train_loss=4.3940e-04 | train_eval_loss=4.2846e-04 | val_loss=4.6463e-04 | | lr=5.00e-04
Epoch 079 | train_loss=3.9383e-04 | train_eval_loss=4.0267e-04 | val_loss=4.3355e-04 | | lr=5.00e-04
Epoch 080 | train_loss=3.9400e-04 | train_eval_loss=3.5823e-04 | val_loss=3.8922e-04 | | lr=5.00e-04
Saved best model to results/thesis_model_results/outputs/mtlsh_embeddability_tradeoff/MTLSH__mse__minmax__seed42__model_head_sizes128_64__model_shared_sizes256_128/mtlsh_state_dict_best.pt
Epoch 081 | train_loss=4.1752e-04 | train_eval_loss=4.9886e-04 | val_loss=5.3071e-04 | | lr=5.00e-04
Epoch 082 | train_loss=5.0063e-04 | train_eval_loss=4.2495e-04 | val_loss=4.6102e-04 | | lr=5.00e-04
Epoch 083 | train_loss=4.1103e-04 | train_eval_loss=4.5452e-04 | val_loss=4.8326e-04 | | lr=5.00e-04
Epoch 084 | train_loss=4.1574e-04 | train_eval_loss=3.8407e-04 | val_loss=4.1847e-04 | | lr=5.00e-04
Epoch 085 | train_loss=3.9934e-04 | train_eval_loss=3.4239e-04 | val_loss=3.7589e-04 | | lr=5.00e-04
Saved best model to results/thesis_model_results/outputs/mtlsh_embeddability_tradeoff/MTLSH__mse__minmax__seed42__model_head_sizes128_64__model_shared_sizes256_128/mtlsh_state_dict_best.pt
Epoch 086 | train_loss=3.7962e-04 | train_eval_loss=3.9545e-04 | val_loss=4.3394e-04 | | lr=5.00e-04
Epoch 087 | train_loss=3.8627e-04 | train_eval_loss=3.4150e-04 | val_loss=3.7768e-04 | | lr=5.00e-04
Epoch 088 | train_loss=3.8699e-04 | train_eval_loss=3.8210e-04 | val_loss=4.1525e-04 | | lr=5.00e-04
Epoch 089 | train_loss=4.2237e-04 | train_eval_loss=4.3333e-04 | val_loss=4.7046e-04 | | lr=5.00e-04
Epoch 090 | train_loss=3.7151e-04 | train_eval_loss=3.8451e-04 | val_loss=4.1755e-04 | | lr=5.00e-04
Epoch 091 | train_loss=3.9095e-04 | train_eval_loss=3.7833e-04 | val_loss=4.1078e-04 | | lr=5.00e-04
Epoch 092 | train_loss=3.8289e-04 | train_eval_loss=3.8261e-04 | val_loss=4.2666e-04 | | lr=5.00e-04
Epoch 093 | train_loss=3.8439e-04 | train_eval_loss=4.1772e-04 | val_loss=4.5627e-04 | | lr=5.00e-04
Epoch 094 | train_loss=4.4512e-04 | train_eval_loss=4.0227e-04 | val_loss=4.4318e-04 | | lr=5.00e-04
Epoch 095 | train_loss=3.2761e-04 | train_eval_loss=3.4644e-04 | val_loss=3.8288e-04 | | lr=2.50e-04
Epoch 096 | train_loss=3.3087e-04 | train_eval_loss=3.1604e-04 | val_loss=3.6126e-04 | | lr=2.50e-04
Saved best model to results/thesis_model_results/outputs/mtlsh_embeddability_tradeoff/MTLSH__mse__minmax__seed42__model_head_sizes128_64__model_shared_sizes256_128/mtlsh_state_dict_best.pt
Epoch 097 | train_loss=3.1173e-04 | train_eval_loss=2.9977e-04 | val_loss=3.4600e-04 | | lr=2.50e-04
Saved best model to results/thesis_model_results/outputs/mtlsh_embeddability_tradeoff/MTLSH__mse__minmax__seed42__model_head_sizes128_64__model_shared_sizes256_128/mtlsh_state_dict_best.pt
Epoch 098 | train_loss=3.1722e-04 | train_eval_loss=3.2159e-04 | val_loss=3.6588e-04 | | lr=2.50e-04
Epoch 099 | train_loss=3.2402e-04 | train_eval_loss=3.0306e-04 | val_loss=3.4720e-04 | | lr=2.50e-04
Epoch 100 | train_loss=3.2298e-04 | train_eval_loss=3.1461e-04 | val_loss=3.6327e-04 | | lr=2.50e-04
Epoch 101 | train_loss=3.2504e-04 | train_eval_loss=3.1737e-04 | val_loss=3.6191e-04 | | lr=2.50e-04
Epoch 102 | train_loss=3.1787e-04 | train_eval_loss=3.2775e-04 | val_loss=3.6882e-04 | | lr=2.50e-04
Epoch 103 | train_loss=3.3389e-04 | train_eval_loss=3.2533e-04 | val_loss=3.8035e-04 | | lr=2.50e-04
Epoch 104 | train_loss=3.2846e-04 | train_eval_loss=2.9161e-04 | val_loss=3.3619e-04 | | lr=2.50e-04
Saved best model to results/thesis_model_results/outputs/mtlsh_embeddability_tradeoff/MTLSH__mse__minmax__seed42__model_head_sizes128_64__model_shared_sizes256_128/mtlsh_state_dict_best.pt
Epoch 105 | train_loss=3.1368e-04 | train_eval_loss=2.9768e-04 | val_loss=3.4662e-04 | | lr=2.50e-04
Epoch 106 | train_loss=3.1157e-04 | train_eval_loss=3.0339e-04 | val_loss=3.5833e-04 | | lr=2.50e-04
Epoch 107 | train_loss=3.0719e-04 | train_eval_loss=2.9385e-04 | val_loss=3.4288e-04 | | lr=2.50e-04
Epoch 108 | train_loss=3.0605e-04 | train_eval_loss=3.1071e-04 | val_loss=3.6493e-04 | | lr=2.50e-04
Epoch 109 | train_loss=3.0937e-04 | train_eval_loss=2.8385e-04 | val_loss=3.3392e-04 | | lr=2.50e-04
Saved best model to results/thesis_model_results/outputs/mtlsh_embeddability_tradeoff/MTLSH__mse__minmax__seed42__model_head_sizes128_64__model_shared_sizes256_128/mtlsh_state_dict_best.pt
Epoch 110 | train_loss=3.0475e-04 | train_eval_loss=2.8892e-04 | val_loss=3.3528e-04 | | lr=2.50e-04
Epoch 111 | train_loss=3.2204e-04 | train_eval_loss=3.1165e-04 | val_loss=3.6475e-04 | | lr=2.50e-04
Epoch 112 | train_loss=3.1290e-04 | train_eval_loss=2.9597e-04 | val_loss=3.4533e-04 | | lr=2.50e-04
Epoch 113 | train_loss=3.1151e-04 | train_eval_loss=3.6522e-04 | val_loss=4.1471e-04 | | lr=2.50e-04
Epoch 114 | train_loss=3.0667e-04 | train_eval_loss=3.3524e-04 | val_loss=3.8327e-04 | | lr=2.50e-04
Epoch 115 | train_loss=3.0212e-04 | train_eval_loss=3.2479e-04 | val_loss=3.7834e-04 | | lr=2.50e-04
Epoch 116 | train_loss=3.0491e-04 | train_eval_loss=2.9405e-04 | val_loss=3.5215e-04 | | lr=2.50e-04
Epoch 117 | train_loss=2.9659e-04 | train_eval_loss=3.0269e-04 | val_loss=3.6006e-04 | | lr=2.50e-04
Epoch 118 | train_loss=2.9780e-04 | train_eval_loss=2.9612e-04 | val_loss=3.5081e-04 | | lr=2.50e-04
Epoch 119 | train_loss=2.7798e-04 | train_eval_loss=2.7040e-04 | val_loss=3.2642e-04 | | lr=1.25e-04
Saved best model to results/thesis_model_results/outputs/mtlsh_embeddability_tradeoff/MTLSH__mse__minmax__seed42__model_head_sizes128_64__model_shared_sizes256_128/mtlsh_state_dict_best.pt
Epoch 120 | train_loss=2.7826e-04 | train_eval_loss=2.7220e-04 | val_loss=3.2979e-04 | | lr=1.25e-04
Epoch 121 | train_loss=2.7394e-04 | train_eval_loss=2.7243e-04 | val_loss=3.3056e-04 | | lr=1.25e-04
Epoch 122 | train_loss=2.7603e-04 | train_eval_loss=2.8387e-04 | val_loss=3.3867e-04 | | lr=1.25e-04
Epoch 123 | train_loss=2.7677e-04 | train_eval_loss=2.7236e-04 | val_loss=3.3089e-04 | | lr=1.25e-04
Epoch 124 | train_loss=2.7681e-04 | train_eval_loss=2.7578e-04 | val_loss=3.3469e-04 | | lr=1.25e-04
Epoch 125 | train_loss=2.7218e-04 | train_eval_loss=2.6216e-04 | val_loss=3.2273e-04 | | lr=1.25e-04
Saved best model to results/thesis_model_results/outputs/mtlsh_embeddability_tradeoff/MTLSH__mse__minmax__seed42__model_head_sizes128_64__model_shared_sizes256_128/mtlsh_state_dict_best.pt
Epoch 126 | train_loss=2.7511e-04 | train_eval_loss=2.7609e-04 | val_loss=3.3189e-04 | | lr=1.25e-04
Epoch 127 | train_loss=2.6961e-04 | train_eval_loss=2.6360e-04 | val_loss=3.2184e-04 | | lr=1.25e-04
Saved best model to results/thesis_model_results/outputs/mtlsh_embeddability_tradeoff/MTLSH__mse__minmax__seed42__model_head_sizes128_64__model_shared_sizes256_128/mtlsh_state_dict_best.pt
Epoch 128 | train_loss=2.7453e-04 | train_eval_loss=2.6618e-04 | val_loss=3.2890e-04 | | lr=1.25e-04
Epoch 129 | train_loss=2.7100e-04 | train_eval_loss=2.7092e-04 | val_loss=3.2938e-04 | | lr=1.25e-04
Epoch 130 | train_loss=2.7335e-04 | train_eval_loss=2.6729e-04 | val_loss=3.2902e-04 | | lr=1.25e-04
Epoch 131 | train_loss=2.6808e-04 | train_eval_loss=2.6102e-04 | val_loss=3.1957e-04 | | lr=1.25e-04
Saved best model to results/thesis_model_results/outputs/mtlsh_embeddability_tradeoff/MTLSH__mse__minmax__seed42__model_head_sizes128_64__model_shared_sizes256_128/mtlsh_state_dict_best.pt
Epoch 132 | train_loss=2.7423e-04 | train_eval_loss=2.8903e-04 | val_loss=3.4553e-04 | | lr=1.25e-04
Epoch 133 | train_loss=2.7607e-04 | train_eval_loss=2.6421e-04 | val_loss=3.3302e-04 | | lr=1.25e-04
Epoch 134 | train_loss=2.6669e-04 | train_eval_loss=2.6692e-04 | val_loss=3.2813e-04 | | lr=1.25e-04
Epoch 135 | train_loss=2.7734e-04 | train_eval_loss=2.6108e-04 | val_loss=3.2246e-04 | | lr=1.25e-04
Epoch 136 | train_loss=2.7192e-04 | train_eval_loss=2.6306e-04 | val_loss=3.2019e-04 | | lr=1.25e-04
Epoch 137 | train_loss=2.6746e-04 | train_eval_loss=2.6273e-04 | val_loss=3.2265e-04 | | lr=1.25e-04
Epoch 138 | train_loss=2.6581e-04 | train_eval_loss=2.5896e-04 | val_loss=3.2209e-04 | | lr=1.25e-04
Epoch 139 | train_loss=2.6946e-04 | train_eval_loss=2.5952e-04 | val_loss=3.2616e-04 | | lr=1.25e-04
Epoch 140 | train_loss=2.6934e-04 | train_eval_loss=2.7281e-04 | val_loss=3.3638e-04 | | lr=1.25e-04
Epoch 141 | train_loss=2.5472e-04 | train_eval_loss=2.4736e-04 | val_loss=3.1304e-04 | | lr=6.25e-05
Saved best model to results/thesis_model_results/outputs/mtlsh_embeddability_tradeoff/MTLSH__mse__minmax__seed42__model_head_sizes128_64__model_shared_sizes256_128/mtlsh_state_dict_best.pt
Epoch 142 | train_loss=2.5340e-04 | train_eval_loss=2.5269e-04 | val_loss=3.2428e-04 | | lr=6.25e-05
Epoch 143 | train_loss=2.5238e-04 | train_eval_loss=2.5835e-04 | val_loss=3.2486e-04 | | lr=6.25e-05
Epoch 144 | train_loss=2.5154e-04 | train_eval_loss=2.4624e-04 | val_loss=3.1506e-04 | | lr=6.25e-05
Epoch 145 | train_loss=2.5159e-04 | train_eval_loss=2.4271e-04 | val_loss=3.0945e-04 | | lr=6.25e-05
Saved best model to results/thesis_model_results/outputs/mtlsh_embeddability_tradeoff/MTLSH__mse__minmax__seed42__model_head_sizes128_64__model_shared_sizes256_128/mtlsh_state_dict_best.pt
Epoch 146 | train_loss=2.4916e-04 | train_eval_loss=2.4423e-04 | val_loss=3.1342e-04 | | lr=6.25e-05
Epoch 147 | train_loss=2.5114e-04 | train_eval_loss=2.5111e-04 | val_loss=3.1526e-04 | | lr=6.25e-05
Epoch 148 | train_loss=2.5191e-04 | train_eval_loss=2.5882e-04 | val_loss=3.2978e-04 | | lr=6.25e-05
Epoch 149 | train_loss=2.5032e-04 | train_eval_loss=2.4596e-04 | val_loss=3.1306e-04 | | lr=6.25e-05
Epoch 150 | train_loss=2.4797e-04 | train_eval_loss=2.4083e-04 | val_loss=3.1086e-04 | | lr=6.25e-05
Epoch 151 | train_loss=2.5355e-04 | train_eval_loss=2.4356e-04 | val_loss=3.1363e-04 | | lr=6.25e-05
Epoch 152 | train_loss=2.4870e-04 | train_eval_loss=2.5165e-04 | val_loss=3.2175e-04 | | lr=6.25e-05
Epoch 153 | train_loss=2.4749e-04 | train_eval_loss=2.4512e-04 | val_loss=3.1411e-04 | | lr=6.25e-05
Epoch 154 | train_loss=2.4894e-04 | train_eval_loss=2.4922e-04 | val_loss=3.1318e-04 | | lr=6.25e-05
Epoch 155 | train_loss=2.4244e-04 | train_eval_loss=2.3973e-04 | val_loss=3.1198e-04 | | lr=3.13e-05
Epoch 156 | train_loss=2.3888e-04 | train_eval_loss=2.4231e-04 | val_loss=3.1188e-04 | | lr=3.13e-05
Epoch 157 | train_loss=2.3860e-04 | train_eval_loss=2.4259e-04 | val_loss=3.1102e-04 | | lr=3.13e-05
Epoch 158 | train_loss=2.4256e-04 | train_eval_loss=2.3694e-04 | val_loss=3.0647e-04 | | lr=3.13e-05
Saved best model to results/thesis_model_results/outputs/mtlsh_embeddability_tradeoff/MTLSH__mse__minmax__seed42__model_head_sizes128_64__model_shared_sizes256_128/mtlsh_state_dict_best.pt
Epoch 159 | train_loss=2.3956e-04 | train_eval_loss=2.3693e-04 | val_loss=3.0701e-04 | | lr=3.13e-05
Epoch 160 | train_loss=2.3932e-04 | train_eval_loss=2.3613e-04 | val_loss=3.0478e-04 | | lr=3.13e-05
Saved best model to results/thesis_model_results/outputs/mtlsh_embeddability_tradeoff/MTLSH__mse__minmax__seed42__model_head_sizes128_64__model_shared_sizes256_128/mtlsh_state_dict_best.pt
Epoch 161 | train_loss=2.3768e-04 | train_eval_loss=2.3485e-04 | val_loss=3.0384e-04 | | lr=3.13e-05
Saved best model to results/thesis_model_results/outputs/mtlsh_embeddability_tradeoff/MTLSH__mse__minmax__seed42__model_head_sizes128_64__model_shared_sizes256_128/mtlsh_state_dict_best.pt
Epoch 162 | train_loss=2.3879e-04 | train_eval_loss=2.4051e-04 | val_loss=3.1023e-04 | | lr=3.13e-05
Epoch 163 | train_loss=2.3919e-04 | train_eval_loss=2.3482e-04 | val_loss=3.0626e-04 | | lr=3.13e-05
Epoch 164 | train_loss=2.3694e-04 | train_eval_loss=2.3710e-04 | val_loss=3.0669e-04 | | lr=3.13e-05
Epoch 165 | train_loss=2.3957e-04 | train_eval_loss=2.3535e-04 | val_loss=3.0443e-04 | | lr=3.13e-05
Epoch 166 | train_loss=2.3791e-04 | train_eval_loss=2.4580e-04 | val_loss=3.1616e-04 | | lr=3.13e-05
Epoch 167 | train_loss=2.3960e-04 | train_eval_loss=2.3570e-04 | val_loss=3.0549e-04 | | lr=3.13e-05
Epoch 168 | train_loss=2.3738e-04 | train_eval_loss=2.3276e-04 | val_loss=3.0417e-04 | | lr=3.13e-05
Epoch 169 | train_loss=2.3732e-04 | train_eval_loss=2.3337e-04 | val_loss=3.0370e-04 | | lr=3.13e-05
Saved best model to results/thesis_model_results/outputs/mtlsh_embeddability_tradeoff/MTLSH__mse__minmax__seed42__model_head_sizes128_64__model_shared_sizes256_128/mtlsh_state_dict_best.pt
Epoch 170 | train_loss=2.3742e-04 | train_eval_loss=2.3552e-04 | val_loss=3.0636e-04 | | lr=3.13e-05
Epoch 171 | train_loss=2.3801e-04 | train_eval_loss=2.3454e-04 | val_loss=3.0522e-04 | | lr=3.13e-05
Epoch 172 | train_loss=2.3664e-04 | train_eval_loss=2.3593e-04 | val_loss=3.0712e-04 | | lr=3.13e-05
Epoch 173 | train_loss=2.3585e-04 | train_eval_loss=2.3591e-04 | val_loss=3.0665e-04 | | lr=3.13e-05
Epoch 174 | train_loss=2.3633e-04 | train_eval_loss=2.3763e-04 | val_loss=3.0734e-04 | | lr=3.13e-05
Epoch 175 | train_loss=2.3967e-04 | train_eval_loss=2.3610e-04 | val_loss=3.0676e-04 | | lr=3.13e-05
Epoch 176 | train_loss=2.3546e-04 | train_eval_loss=2.3126e-04 | val_loss=3.0411e-04 | | lr=3.13e-05
Epoch 177 | train_loss=2.3517e-04 | train_eval_loss=2.3751e-04 | val_loss=3.0806e-04 | | lr=3.13e-05
Epoch 178 | train_loss=2.3529e-04 | train_eval_loss=2.3003e-04 | val_loss=3.0040e-04 | | lr=3.13e-05
Saved best model to results/thesis_model_results/outputs/mtlsh_embeddability_tradeoff/MTLSH__mse__minmax__seed42__model_head_sizes128_64__model_shared_sizes256_128/mtlsh_state_dict_best.pt
Epoch 179 | train_loss=2.3514e-04 | train_eval_loss=2.4221e-04 | val_loss=3.1460e-04 | | lr=3.13e-05
Epoch 180 | train_loss=2.3701e-04 | train_eval_loss=2.4426e-04 | val_loss=3.1590e-04 | | lr=3.13e-05
Epoch 181 | train_loss=2.3436e-04 | train_eval_loss=2.3398e-04 | val_loss=3.0707e-04 | | lr=3.13e-05
Epoch 182 | train_loss=2.3461e-04 | train_eval_loss=2.3745e-04 | val_loss=3.0842e-04 | | lr=3.13e-05
Epoch 183 | train_loss=2.3634e-04 | train_eval_loss=2.3079e-04 | val_loss=3.0238e-04 | | lr=3.13e-05
Epoch 184 | train_loss=2.3409e-04 | train_eval_loss=2.2993e-04 | val_loss=3.0346e-04 | | lr=3.13e-05
Epoch 185 | train_loss=2.3441e-04 | train_eval_loss=2.3069e-04 | val_loss=3.0345e-04 | | lr=3.13e-05
Epoch 186 | train_loss=2.3488e-04 | train_eval_loss=2.3037e-04 | val_loss=3.0286e-04 | | lr=3.13e-05
Epoch 187 | train_loss=2.3272e-04 | train_eval_loss=2.2961e-04 | val_loss=3.0381e-04 | | lr=3.13e-05
Epoch 188 | train_loss=2.2997e-04 | train_eval_loss=2.2676e-04 | val_loss=3.0079e-04 | | lr=1.56e-05
Epoch 189 | train_loss=2.3002e-04 | train_eval_loss=2.3048e-04 | val_loss=3.0520e-04 | | lr=1.56e-05
Epoch 190 | train_loss=2.3022e-04 | train_eval_loss=2.2691e-04 | val_loss=3.0001e-04 | | lr=1.56e-05
Saved best model to results/thesis_model_results/outputs/mtlsh_embeddability_tradeoff/MTLSH__mse__minmax__seed42__model_head_sizes128_64__model_shared_sizes256_128/mtlsh_state_dict_best.pt
Epoch 191 | train_loss=2.2934e-04 | train_eval_loss=2.2893e-04 | val_loss=2.9999e-04 | | lr=1.56e-05
Saved best model to results/thesis_model_results/outputs/mtlsh_embeddability_tradeoff/MTLSH__mse__minmax__seed42__model_head_sizes128_64__model_shared_sizes256_128/mtlsh_state_dict_best.pt
Epoch 192 | train_loss=2.2955e-04 | train_eval_loss=2.2881e-04 | val_loss=3.0088e-04 | | lr=1.56e-05
Epoch 193 | train_loss=2.2836e-04 | train_eval_loss=2.2595e-04 | val_loss=2.9941e-04 | | lr=1.56e-05
Saved best model to results/thesis_model_results/outputs/mtlsh_embeddability_tradeoff/MTLSH__mse__minmax__seed42__model_head_sizes128_64__model_shared_sizes256_128/mtlsh_state_dict_best.pt
Epoch 194 | train_loss=2.2849e-04 | train_eval_loss=2.3091e-04 | val_loss=3.0385e-04 | | lr=1.56e-05
Epoch 195 | train_loss=2.2961e-04 | train_eval_loss=2.2558e-04 | val_loss=2.9820e-04 | | lr=1.56e-05
Saved best model to results/thesis_model_results/outputs/mtlsh_embeddability_tradeoff/MTLSH__mse__minmax__seed42__model_head_sizes128_64__model_shared_sizes256_128/mtlsh_state_dict_best.pt
Epoch 196 | train_loss=2.2859e-04 | train_eval_loss=2.2692e-04 | val_loss=3.0010e-04 | | lr=1.56e-05
Epoch 197 | train_loss=2.2916e-04 | train_eval_loss=2.2723e-04 | val_loss=3.0156e-04 | | lr=1.56e-05
Epoch 198 | train_loss=2.2854e-04 | train_eval_loss=2.2526e-04 | val_loss=2.9950e-04 | | lr=1.56e-05
Epoch 199 | train_loss=2.2843e-04 | train_eval_loss=2.2651e-04 | val_loss=2.9933e-04 | | lr=1.56e-05
Epoch 200 | train_loss=2.2893e-04 | train_eval_loss=2.2600e-04 | val_loss=2.9851e-04 | | lr=1.56e-05
Saved training logs to results/thesis_model_results/outputs/mtlsh_embeddability_tradeoff/MTLSH__mse__minmax__seed42__model_head_sizes128_64__model_shared_sizes256_128/training_summary.txt
Test RMSE(rocof_COI) = 0.0120 | norm: 0.0091 | real_diff: 0.0075
Test RMSE(dev_COI) = 0.0191 | norm: 0.0071 | real_diff: 0.0092
Test RMSE(Delta_P_IBR_1) = 0.1050 | norm: 0.0166 | real_diff: 0.0647
Test RMSE(Delta_P_IBR_2) = 0.0859 | norm: 0.0120 | real_diff: 0.0480
Test RMSE(Delta_P_IBR_3) = 0.1694 | norm: 0.0297 | real_diff: 0.0834
Test RMSE(Delta_P_IBR_4) = 0.1741 | norm: 0.0180 | real_diff: 0.1046
Saved RMSE results to results/thesis_model_results/outputs/mtlsh_embeddability_tradeoff/MTLSH__mse__minmax__seed42__model_head_sizes128_64__model_shared_sizes256_128/rmse_results.txt
Saved detailed metrics to results/thesis_model_results/outputs/mtlsh_embeddability_tradeoff/MTLSH__mse__minmax__seed42__model_head_sizes128_64__model_shared_sizes256_128/metrics_by_target.csv
Saved aggregate metrics to results/thesis_model_results/outputs/mtlsh_embeddability_tradeoff/MTLSH__mse__minmax__seed42__model_head_sizes128_64__model_shared_sizes256_128/metrics_summary.json
Saved loss curves to results/thesis_model_results/outputs/mtlsh_embeddability_tradeoff/MTLSH__mse__minmax__seed42__model_head_sizes128_64__model_shared_sizes256_128/loss_curve.png
Saved scatter plot results/thesis_model_results/outputs/mtlsh_embeddability_tradeoff/MTLSH__mse__minmax__seed42__model_head_sizes128_64__model_shared_sizes256_128/scatter_rocof_COI.png
Saved scatter plot results/thesis_model_results/outputs/mtlsh_embeddability_tradeoff/MTLSH__mse__minmax__seed42__model_head_sizes128_64__model_shared_sizes256_128/scatter_dev_COI.png
Saved scatter plot results/thesis_model_results/outputs/mtlsh_embeddability_tradeoff/MTLSH__mse__minmax__seed42__model_head_sizes128_64__model_shared_sizes256_128/scatter_Delta_P_IBR_1.png
Saved scatter plot results/thesis_model_results/outputs/mtlsh_embeddability_tradeoff/MTLSH__mse__minmax__seed42__model_head_sizes128_64__model_shared_sizes256_128/scatter_Delta_P_IBR_2.png
Saved scatter plot results/thesis_model_results/outputs/mtlsh_embeddability_tradeoff/MTLSH__mse__minmax__seed42__model_head_sizes128_64__model_shared_sizes256_128/scatter_Delta_P_IBR_3.png
Saved scatter plot results/thesis_model_results/outputs/mtlsh_embeddability_tradeoff/MTLSH__mse__minmax__seed42__model_head_sizes128_64__model_shared_sizes256_128/scatter_Delta_P_IBR_4.png
Saved model to results/thesis_model_results/outputs/mtlsh_embeddability_tradeoff/MTLSH__mse__minmax__seed42__model_head_sizes128_64__model_shared_sizes256_128/mtlsh_state_dict.pt
Loss type: mse | weights=[]
Target stats (scaled):
train mean=[0.549  0.589  0.492  0.4884 0.4785 0.4192]
train std=[0.1365 0.1371 0.1141 0.1063 0.1158 0.1138]
train q05=[0.3074 0.3979 0.3192 0.303  0.3347 0.2205]
train q95=[0.7933 0.8652 0.6719 0.6491 0.6927 0.6016]
val mean=[0.5473 0.5873 0.4922 0.4893 0.4798 0.4201]
val std=[0.1343 0.1348 0.1123 0.1072 0.1141 0.1112]
val q05=[0.3103 0.3982 0.3195 0.303  0.3376 0.2251]
val q95=[0.7886 0.8626 0.6731 0.6514 0.6918 0.5984]
val/train std ratio=[0.984  0.9828 0.9844 1.0084 0.9848 0.9772]
LR scheduler: ReduceLROnPlateau (factor=0.5, patience=8, min_lr=1e-07)
Epoch 001 | train_loss=4.1336e-02 | train_eval_loss=1.4643e-02 | val_loss=1.4228e-02 | | lr=1.00e-03
Saved best model to results/thesis_model_results/outputs/mtlsh_embeddability_tradeoff/MTLSH__mse__minmax__seed42__model_head_sizes32__model_shared_sizes256_128_64/mtlsh_state_dict_best.pt
Epoch 002 | train_loss=1.4483e-02 | train_eval_loss=1.4267e-02 | val_loss=1.3880e-02 | | lr=1.00e-03
Saved best model to results/thesis_model_results/outputs/mtlsh_embeddability_tradeoff/MTLSH__mse__minmax__seed42__model_head_sizes32__model_shared_sizes256_128_64/mtlsh_state_dict_best.pt
Epoch 003 | train_loss=1.3214e-02 | train_eval_loss=1.0037e-02 | val_loss=9.7665e-03 | | lr=1.00e-03
Saved best model to results/thesis_model_results/outputs/mtlsh_embeddability_tradeoff/MTLSH__mse__minmax__seed42__model_head_sizes32__model_shared_sizes256_128_64/mtlsh_state_dict_best.pt
Epoch 004 | train_loss=5.0840e-03 | train_eval_loss=3.6970e-03 | val_loss=3.6313e-03 | | lr=1.00e-03
Saved best model to results/thesis_model_results/outputs/mtlsh_embeddability_tradeoff/MTLSH__mse__minmax__seed42__model_head_sizes32__model_shared_sizes256_128_64/mtlsh_state_dict_best.pt
Epoch 005 | train_loss=3.6078e-03 | train_eval_loss=3.4759e-03 | val_loss=3.4154e-03 | | lr=1.00e-03
Saved best model to results/thesis_model_results/outputs/mtlsh_embeddability_tradeoff/MTLSH__mse__minmax__seed42__model_head_sizes32__model_shared_sizes256_128_64/mtlsh_state_dict_best.pt
Epoch 006 | train_loss=3.3591e-03 | train_eval_loss=3.2525e-03 | val_loss=3.1920e-03 | | lr=1.00e-03
Saved best model to results/thesis_model_results/outputs/mtlsh_embeddability_tradeoff/MTLSH__mse__minmax__seed42__model_head_sizes32__model_shared_sizes256_128_64/mtlsh_state_dict_best.pt
Epoch 007 | train_loss=3.1252e-03 | train_eval_loss=3.1024e-03 | val_loss=3.0490e-03 | | lr=1.00e-03
Saved best model to results/thesis_model_results/outputs/mtlsh_embeddability_tradeoff/MTLSH__mse__minmax__seed42__model_head_sizes32__model_shared_sizes256_128_64/mtlsh_state_dict_best.pt
Epoch 008 | train_loss=2.8122e-03 | train_eval_loss=2.6000e-03 | val_loss=2.5510e-03 | | lr=1.00e-03
Saved best model to results/thesis_model_results/outputs/mtlsh_embeddability_tradeoff/MTLSH__mse__minmax__seed42__model_head_sizes32__model_shared_sizes256_128_64/mtlsh_state_dict_best.pt
Epoch 009 | train_loss=2.4125e-03 | train_eval_loss=2.1561e-03 | val_loss=2.1163e-03 | | lr=1.00e-03
Saved best model to results/thesis_model_results/outputs/mtlsh_embeddability_tradeoff/MTLSH__mse__minmax__seed42__model_head_sizes32__model_shared_sizes256_128_64/mtlsh_state_dict_best.pt
Epoch 010 | train_loss=2.0856e-03 | train_eval_loss=1.9303e-03 | val_loss=1.8975e-03 | | lr=1.00e-03
Saved best model to results/thesis_model_results/outputs/mtlsh_embeddability_tradeoff/MTLSH__mse__minmax__seed42__model_head_sizes32__model_shared_sizes256_128_64/mtlsh_state_dict_best.pt
Epoch 011 | train_loss=1.8680e-03 | train_eval_loss=1.7459e-03 | val_loss=1.7283e-03 | | lr=1.00e-03
Saved best model to results/thesis_model_results/outputs/mtlsh_embeddability_tradeoff/MTLSH__mse__minmax__seed42__model_head_sizes32__model_shared_sizes256_128_64/mtlsh_state_dict_best.pt
Epoch 012 | train_loss=1.7116e-03 | train_eval_loss=1.5908e-03 | val_loss=1.5738e-03 | | lr=1.00e-03
Saved best model to results/thesis_model_results/outputs/mtlsh_embeddability_tradeoff/MTLSH__mse__minmax__seed42__model_head_sizes32__model_shared_sizes256_128_64/mtlsh_state_dict_best.pt
Epoch 013 | train_loss=1.5960e-03 | train_eval_loss=1.5119e-03 | val_loss=1.4985e-03 | | lr=1.00e-03
Saved best model to results/thesis_model_results/outputs/mtlsh_embeddability_tradeoff/MTLSH__mse__minmax__seed42__model_head_sizes32__model_shared_sizes256_128_64/mtlsh_state_dict_best.pt
Epoch 014 | train_loss=1.5537e-03 | train_eval_loss=1.5749e-03 | val_loss=1.5594e-03 | | lr=1.00e-03
Epoch 015 | train_loss=1.4982e-03 | train_eval_loss=1.4423e-03 | val_loss=1.4306e-03 | | lr=1.00e-03
Saved best model to results/thesis_model_results/outputs/mtlsh_embeddability_tradeoff/MTLSH__mse__minmax__seed42__model_head_sizes32__model_shared_sizes256_128_64/mtlsh_state_dict_best.pt
Epoch 016 | train_loss=1.4865e-03 | train_eval_loss=1.3818e-03 | val_loss=1.3676e-03 | | lr=1.00e-03
Saved best model to results/thesis_model_results/outputs/mtlsh_embeddability_tradeoff/MTLSH__mse__minmax__seed42__model_head_sizes32__model_shared_sizes256_128_64/mtlsh_state_dict_best.pt
Epoch 017 | train_loss=1.4366e-03 | train_eval_loss=1.4410e-03 | val_loss=1.4328e-03 | | lr=1.00e-03
Epoch 018 | train_loss=1.4067e-03 | train_eval_loss=1.3395e-03 | val_loss=1.3257e-03 | | lr=1.00e-03
Saved best model to results/thesis_model_results/outputs/mtlsh_embeddability_tradeoff/MTLSH__mse__minmax__seed42__model_head_sizes32__model_shared_sizes256_128_64/mtlsh_state_dict_best.pt
Epoch 019 | train_loss=1.3805e-03 | train_eval_loss=1.3111e-03 | val_loss=1.3047e-03 | | lr=1.00e-03
Saved best model to results/thesis_model_results/outputs/mtlsh_embeddability_tradeoff/MTLSH__mse__minmax__seed42__model_head_sizes32__model_shared_sizes256_128_64/mtlsh_state_dict_best.pt
Epoch 020 | train_loss=1.3869e-03 | train_eval_loss=1.5163e-03 | val_loss=1.5048e-03 | | lr=1.00e-03
Epoch 021 | train_loss=1.3368e-03 | train_eval_loss=1.2726e-03 | val_loss=1.2609e-03 | | lr=1.00e-03
Saved best model to results/thesis_model_results/outputs/mtlsh_embeddability_tradeoff/MTLSH__mse__minmax__seed42__model_head_sizes32__model_shared_sizes256_128_64/mtlsh_state_dict_best.pt
Epoch 022 | train_loss=1.2677e-03 | train_eval_loss=1.2621e-03 | val_loss=1.2531e-03 | | lr=1.00e-03
Saved best model to results/thesis_model_results/outputs/mtlsh_embeddability_tradeoff/MTLSH__mse__minmax__seed42__model_head_sizes32__model_shared_sizes256_128_64/mtlsh_state_dict_best.pt
Epoch 023 | train_loss=1.2589e-03 | train_eval_loss=1.2261e-03 | val_loss=1.2177e-03 | | lr=1.00e-03
Saved best model to results/thesis_model_results/outputs/mtlsh_embeddability_tradeoff/MTLSH__mse__minmax__seed42__model_head_sizes32__model_shared_sizes256_128_64/mtlsh_state_dict_best.pt
Epoch 024 | train_loss=1.2431e-03 | train_eval_loss=1.3114e-03 | val_loss=1.3065e-03 | | lr=1.00e-03
Epoch 025 | train_loss=1.1989e-03 | train_eval_loss=1.3173e-03 | val_loss=1.3073e-03 | | lr=1.00e-03
Epoch 026 | train_loss=1.2250e-03 | train_eval_loss=1.1626e-03 | val_loss=1.1631e-03 | | lr=1.00e-03
Saved best model to results/thesis_model_results/outputs/mtlsh_embeddability_tradeoff/MTLSH__mse__minmax__seed42__model_head_sizes32__model_shared_sizes256_128_64/mtlsh_state_dict_best.pt
Epoch 027 | train_loss=1.2783e-03 | train_eval_loss=1.2740e-03 | val_loss=1.2751e-03 | | lr=1.00e-03
Epoch 028 | train_loss=1.1438e-03 | train_eval_loss=1.2159e-03 | val_loss=1.2109e-03 | | lr=1.00e-03
Epoch 029 | train_loss=1.1775e-03 | train_eval_loss=1.4024e-03 | val_loss=1.4031e-03 | | lr=1.00e-03
Epoch 030 | train_loss=1.1369e-03 | train_eval_loss=1.0548e-03 | val_loss=1.0531e-03 | | lr=1.00e-03
Saved best model to results/thesis_model_results/outputs/mtlsh_embeddability_tradeoff/MTLSH__mse__minmax__seed42__model_head_sizes32__model_shared_sizes256_128_64/mtlsh_state_dict_best.pt
Epoch 031 | train_loss=1.0890e-03 | train_eval_loss=1.0468e-03 | val_loss=1.0397e-03 | | lr=1.00e-03
Saved best model to results/thesis_model_results/outputs/mtlsh_embeddability_tradeoff/MTLSH__mse__minmax__seed42__model_head_sizes32__model_shared_sizes256_128_64/mtlsh_state_dict_best.pt
Epoch 032 | train_loss=1.0804e-03 | train_eval_loss=1.4230e-03 | val_loss=1.4232e-03 | | lr=1.00e-03
Epoch 033 | train_loss=1.1503e-03 | train_eval_loss=1.1335e-03 | val_loss=1.1363e-03 | | lr=1.00e-03
Epoch 034 | train_loss=1.0909e-03 | train_eval_loss=1.0055e-03 | val_loss=1.0056e-03 | | lr=1.00e-03
Saved best model to results/thesis_model_results/outputs/mtlsh_embeddability_tradeoff/MTLSH__mse__minmax__seed42__model_head_sizes32__model_shared_sizes256_128_64/mtlsh_state_dict_best.pt
Epoch 035 | train_loss=1.0073e-03 | train_eval_loss=1.1348e-03 | val_loss=1.1404e-03 | | lr=1.00e-03
Epoch 036 | train_loss=1.0356e-03 | train_eval_loss=9.4731e-04 | val_loss=9.4117e-04 | | lr=1.00e-03
Saved best model to results/thesis_model_results/outputs/mtlsh_embeddability_tradeoff/MTLSH__mse__minmax__seed42__model_head_sizes32__model_shared_sizes256_128_64/mtlsh_state_dict_best.pt
Epoch 037 | train_loss=9.7848e-04 | train_eval_loss=1.1571e-03 | val_loss=1.1642e-03 | | lr=1.00e-03
Epoch 038 | train_loss=9.9275e-04 | train_eval_loss=9.2312e-04 | val_loss=9.2306e-04 | | lr=1.00e-03
Saved best model to results/thesis_model_results/outputs/mtlsh_embeddability_tradeoff/MTLSH__mse__minmax__seed42__model_head_sizes32__model_shared_sizes256_128_64/mtlsh_state_dict_best.pt
Epoch 039 | train_loss=1.0180e-03 | train_eval_loss=1.2409e-03 | val_loss=1.2309e-03 | | lr=1.00e-03
Epoch 040 | train_loss=9.6178e-04 | train_eval_loss=9.5619e-04 | val_loss=9.5541e-04 | | lr=1.00e-03
Epoch 041 | train_loss=9.7800e-04 | train_eval_loss=8.9700e-04 | val_loss=9.0140e-04 | | lr=1.00e-03
Saved best model to results/thesis_model_results/outputs/mtlsh_embeddability_tradeoff/MTLSH__mse__minmax__seed42__model_head_sizes32__model_shared_sizes256_128_64/mtlsh_state_dict_best.pt
Epoch 042 | train_loss=9.5095e-04 | train_eval_loss=1.0258e-03 | val_loss=1.0238e-03 | | lr=1.00e-03
Epoch 043 | train_loss=9.4374e-04 | train_eval_loss=9.1580e-04 | val_loss=9.0991e-04 | | lr=1.00e-03
Epoch 044 | train_loss=9.5477e-04 | train_eval_loss=9.1592e-04 | val_loss=9.1879e-04 | | lr=1.00e-03
Epoch 045 | train_loss=9.7964e-04 | train_eval_loss=9.0113e-04 | val_loss=9.0590e-04 | | lr=1.00e-03
Epoch 046 | train_loss=9.2536e-04 | train_eval_loss=9.2230e-04 | val_loss=9.3254e-04 | | lr=1.00e-03
Epoch 047 | train_loss=9.2678e-04 | train_eval_loss=9.1042e-04 | val_loss=9.1300e-04 | | lr=1.00e-03
Epoch 048 | train_loss=9.0260e-04 | train_eval_loss=9.1900e-04 | val_loss=9.1314e-04 | | lr=1.00e-03
Epoch 049 | train_loss=8.8193e-04 | train_eval_loss=9.8043e-04 | val_loss=9.8487e-04 | | lr=1.00e-03
Epoch 050 | train_loss=8.8414e-04 | train_eval_loss=8.5990e-04 | val_loss=8.7007e-04 | | lr=1.00e-03
Saved best model to results/thesis_model_results/outputs/mtlsh_embeddability_tradeoff/MTLSH__mse__minmax__seed42__model_head_sizes32__model_shared_sizes256_128_64/mtlsh_state_dict_best.pt
Epoch 051 | train_loss=8.5163e-04 | train_eval_loss=8.1187e-04 | val_loss=8.1591e-04 | | lr=1.00e-03
Saved best model to results/thesis_model_results/outputs/mtlsh_embeddability_tradeoff/MTLSH__mse__minmax__seed42__model_head_sizes32__model_shared_sizes256_128_64/mtlsh_state_dict_best.pt
Epoch 052 | train_loss=8.6367e-04 | train_eval_loss=8.1672e-04 | val_loss=8.1904e-04 | | lr=1.00e-03
Epoch 053 | train_loss=8.5016e-04 | train_eval_loss=8.0251e-04 | val_loss=8.0330e-04 | | lr=1.00e-03
Saved best model to results/thesis_model_results/outputs/mtlsh_embeddability_tradeoff/MTLSH__mse__minmax__seed42__model_head_sizes32__model_shared_sizes256_128_64/mtlsh_state_dict_best.pt
Epoch 054 | train_loss=8.4041e-04 | train_eval_loss=8.0531e-04 | val_loss=8.0896e-04 | | lr=1.00e-03
Epoch 055 | train_loss=8.7779e-04 | train_eval_loss=1.0831e-03 | val_loss=1.0826e-03 | | lr=1.00e-03
Epoch 056 | train_loss=8.8535e-04 | train_eval_loss=8.6775e-04 | val_loss=8.7152e-04 | | lr=1.00e-03
Epoch 057 | train_loss=8.2801e-04 | train_eval_loss=8.5664e-04 | val_loss=8.5915e-04 | | lr=1.00e-03
Epoch 058 | train_loss=8.4767e-04 | train_eval_loss=7.9695e-04 | val_loss=8.0448e-04 | | lr=1.00e-03
Epoch 059 | train_loss=8.6564e-04 | train_eval_loss=8.5695e-04 | val_loss=8.5494e-04 | | lr=1.00e-03
Epoch 060 | train_loss=8.0932e-04 | train_eval_loss=8.1256e-04 | val_loss=8.1226e-04 | | lr=1.00e-03
Epoch 061 | train_loss=8.5235e-04 | train_eval_loss=7.9319e-04 | val_loss=7.8925e-04 | | lr=1.00e-03
Saved best model to results/thesis_model_results/outputs/mtlsh_embeddability_tradeoff/MTLSH__mse__minmax__seed42__model_head_sizes32__model_shared_sizes256_128_64/mtlsh_state_dict_best.pt
Epoch 062 | train_loss=8.1516e-04 | train_eval_loss=8.1630e-04 | val_loss=8.2521e-04 | | lr=1.00e-03
Epoch 063 | train_loss=7.9966e-04 | train_eval_loss=8.9751e-04 | val_loss=8.9713e-04 | | lr=1.00e-03
Epoch 064 | train_loss=8.1041e-04 | train_eval_loss=7.4253e-04 | val_loss=7.4627e-04 | | lr=1.00e-03
Saved best model to results/thesis_model_results/outputs/mtlsh_embeddability_tradeoff/MTLSH__mse__minmax__seed42__model_head_sizes32__model_shared_sizes256_128_64/mtlsh_state_dict_best.pt
Epoch 065 | train_loss=7.8302e-04 | train_eval_loss=7.7455e-04 | val_loss=7.8383e-04 | | lr=1.00e-03
Epoch 066 | train_loss=7.5867e-04 | train_eval_loss=7.1311e-04 | val_loss=7.1493e-04 | | lr=1.00e-03
Saved best model to results/thesis_model_results/outputs/mtlsh_embeddability_tradeoff/MTLSH__mse__minmax__seed42__model_head_sizes32__model_shared_sizes256_128_64/mtlsh_state_dict_best.pt
Epoch 067 | train_loss=7.2828e-04 | train_eval_loss=7.2249e-04 | val_loss=7.2711e-04 | | lr=1.00e-03
Epoch 068 | train_loss=7.7666e-04 | train_eval_loss=6.9069e-04 | val_loss=6.9392e-04 | | lr=1.00e-03
Saved best model to results/thesis_model_results/outputs/mtlsh_embeddability_tradeoff/MTLSH__mse__minmax__seed42__model_head_sizes32__model_shared_sizes256_128_64/mtlsh_state_dict_best.pt
Epoch 069 | train_loss=7.3699e-04 | train_eval_loss=9.8206e-04 | val_loss=9.9188e-04 | | lr=1.00e-03
Epoch 070 | train_loss=7.7477e-04 | train_eval_loss=8.3416e-04 | val_loss=8.4356e-04 | | lr=1.00e-03
Epoch 071 | train_loss=7.5869e-04 | train_eval_loss=7.1080e-04 | val_loss=7.1607e-04 | | lr=1.00e-03
Epoch 072 | train_loss=7.9436e-04 | train_eval_loss=7.7031e-04 | val_loss=7.7986e-04 | | lr=1.00e-03
Epoch 073 | train_loss=6.9246e-04 | train_eval_loss=7.2098e-04 | val_loss=7.1976e-04 | | lr=1.00e-03
Epoch 074 | train_loss=7.9679e-04 | train_eval_loss=8.0731e-04 | val_loss=8.1780e-04 | | lr=1.00e-03
Epoch 075 | train_loss=7.2984e-04 | train_eval_loss=8.2301e-04 | val_loss=8.2763e-04 | | lr=1.00e-03
Epoch 076 | train_loss=7.6114e-04 | train_eval_loss=7.9106e-04 | val_loss=7.9296e-04 | | lr=1.00e-03
Epoch 077 | train_loss=7.1295e-04 | train_eval_loss=6.7540e-04 | val_loss=6.8312e-04 | | lr=1.00e-03
Saved best model to results/thesis_model_results/outputs/mtlsh_embeddability_tradeoff/MTLSH__mse__minmax__seed42__model_head_sizes32__model_shared_sizes256_128_64/mtlsh_state_dict_best.pt
Epoch 078 | train_loss=6.8717e-04 | train_eval_loss=7.0198e-04 | val_loss=7.1407e-04 | | lr=1.00e-03
Epoch 079 | train_loss=7.3869e-04 | train_eval_loss=7.0638e-04 | val_loss=7.1160e-04 | | lr=1.00e-03
Epoch 080 | train_loss=6.7099e-04 | train_eval_loss=6.4100e-04 | val_loss=6.5386e-04 | | lr=1.00e-03
Saved best model to results/thesis_model_results/outputs/mtlsh_embeddability_tradeoff/MTLSH__mse__minmax__seed42__model_head_sizes32__model_shared_sizes256_128_64/mtlsh_state_dict_best.pt
Epoch 081 | train_loss=6.8851e-04 | train_eval_loss=7.0425e-04 | val_loss=6.9355e-04 | | lr=1.00e-03
Epoch 082 | train_loss=6.6945e-04 | train_eval_loss=7.3706e-04 | val_loss=7.5126e-04 | | lr=1.00e-03
Epoch 083 | train_loss=7.0563e-04 | train_eval_loss=6.1174e-04 | val_loss=6.1621e-04 | | lr=1.00e-03
Saved best model to results/thesis_model_results/outputs/mtlsh_embeddability_tradeoff/MTLSH__mse__minmax__seed42__model_head_sizes32__model_shared_sizes256_128_64/mtlsh_state_dict_best.pt
Epoch 084 | train_loss=6.5840e-04 | train_eval_loss=6.5288e-04 | val_loss=6.6762e-04 | | lr=1.00e-03
Epoch 085 | train_loss=6.5445e-04 | train_eval_loss=6.2663e-04 | val_loss=6.3812e-04 | | lr=1.00e-03
Epoch 086 | train_loss=6.9404e-04 | train_eval_loss=7.4805e-04 | val_loss=7.7320e-04 | | lr=1.00e-03
Epoch 087 | train_loss=6.6871e-04 | train_eval_loss=6.5797e-04 | val_loss=6.7806e-04 | | lr=1.00e-03
Epoch 088 | train_loss=6.2653e-04 | train_eval_loss=7.0425e-04 | val_loss=7.2302e-04 | | lr=1.00e-03
Epoch 089 | train_loss=6.6449e-04 | train_eval_loss=8.3028e-04 | val_loss=8.5237e-04 | | lr=1.00e-03
Epoch 090 | train_loss=6.9553e-04 | train_eval_loss=6.7598e-04 | val_loss=6.8072e-04 | | lr=1.00e-03
Epoch 091 | train_loss=6.6240e-04 | train_eval_loss=8.4258e-04 | val_loss=8.4292e-04 | | lr=1.00e-03
Epoch 092 | train_loss=6.6250e-04 | train_eval_loss=7.2958e-04 | val_loss=7.4076e-04 | | lr=1.00e-03
Epoch 093 | train_loss=5.6766e-04 | train_eval_loss=5.4258e-04 | val_loss=5.5669e-04 | | lr=5.00e-04
Saved best model to results/thesis_model_results/outputs/mtlsh_embeddability_tradeoff/MTLSH__mse__minmax__seed42__model_head_sizes32__model_shared_sizes256_128_64/mtlsh_state_dict_best.pt
Epoch 094 | train_loss=5.3735e-04 | train_eval_loss=5.2734e-04 | val_loss=5.4167e-04 | | lr=5.00e-04
Saved best model to results/thesis_model_results/outputs/mtlsh_embeddability_tradeoff/MTLSH__mse__minmax__seed42__model_head_sizes32__model_shared_sizes256_128_64/mtlsh_state_dict_best.pt
Epoch 095 | train_loss=5.3865e-04 | train_eval_loss=5.4019e-04 | val_loss=5.5375e-04 | | lr=5.00e-04
Epoch 096 | train_loss=5.4611e-04 | train_eval_loss=5.3246e-04 | val_loss=5.4888e-04 | | lr=5.00e-04
Epoch 097 | train_loss=5.3384e-04 | train_eval_loss=5.4383e-04 | val_loss=5.6396e-04 | | lr=5.00e-04
Epoch 098 | train_loss=5.3864e-04 | train_eval_loss=5.2878e-04 | val_loss=5.4643e-04 | | lr=5.00e-04
Epoch 099 | train_loss=5.4937e-04 | train_eval_loss=5.9565e-04 | val_loss=6.1772e-04 | | lr=5.00e-04
Epoch 100 | train_loss=5.3672e-04 | train_eval_loss=5.5130e-04 | val_loss=5.7025e-04 | | lr=5.00e-04
Epoch 101 | train_loss=5.3504e-04 | train_eval_loss=5.1607e-04 | val_loss=5.3035e-04 | | lr=5.00e-04
Saved best model to results/thesis_model_results/outputs/mtlsh_embeddability_tradeoff/MTLSH__mse__minmax__seed42__model_head_sizes32__model_shared_sizes256_128_64/mtlsh_state_dict_best.pt
Epoch 102 | train_loss=5.5742e-04 | train_eval_loss=5.6911e-04 | val_loss=5.7655e-04 | | lr=5.00e-04
Epoch 103 | train_loss=5.5629e-04 | train_eval_loss=5.7981e-04 | val_loss=5.9548e-04 | | lr=5.00e-04
Epoch 104 | train_loss=5.3306e-04 | train_eval_loss=5.0604e-04 | val_loss=5.2812e-04 | | lr=5.00e-04
Saved best model to results/thesis_model_results/outputs/mtlsh_embeddability_tradeoff/MTLSH__mse__minmax__seed42__model_head_sizes32__model_shared_sizes256_128_64/mtlsh_state_dict_best.pt
Epoch 105 | train_loss=5.3910e-04 | train_eval_loss=6.2618e-04 | val_loss=6.4304e-04 | | lr=5.00e-04
Epoch 106 | train_loss=5.5373e-04 | train_eval_loss=5.0875e-04 | val_loss=5.3271e-04 | | lr=5.00e-04
Epoch 107 | train_loss=5.2620e-04 | train_eval_loss=6.0026e-04 | val_loss=6.1837e-04 | | lr=5.00e-04
Epoch 108 | train_loss=5.4771e-04 | train_eval_loss=5.7194e-04 | val_loss=5.9590e-04 | | lr=5.00e-04
Epoch 109 | train_loss=5.2583e-04 | train_eval_loss=5.4109e-04 | val_loss=5.5997e-04 | | lr=5.00e-04
Epoch 110 | train_loss=5.2502e-04 | train_eval_loss=5.1128e-04 | val_loss=5.2728e-04 | | lr=5.00e-04
Saved best model to results/thesis_model_results/outputs/mtlsh_embeddability_tradeoff/MTLSH__mse__minmax__seed42__model_head_sizes32__model_shared_sizes256_128_64/mtlsh_state_dict_best.pt
Epoch 111 | train_loss=5.2946e-04 | train_eval_loss=5.4867e-04 | val_loss=5.7063e-04 | | lr=5.00e-04
Epoch 112 | train_loss=5.2427e-04 | train_eval_loss=5.0121e-04 | val_loss=5.1970e-04 | | lr=5.00e-04
Saved best model to results/thesis_model_results/outputs/mtlsh_embeddability_tradeoff/MTLSH__mse__minmax__seed42__model_head_sizes32__model_shared_sizes256_128_64/mtlsh_state_dict_best.pt
Epoch 113 | train_loss=5.2531e-04 | train_eval_loss=5.4338e-04 | val_loss=5.6228e-04 | | lr=5.00e-04
Epoch 114 | train_loss=5.1062e-04 | train_eval_loss=5.0968e-04 | val_loss=5.2856e-04 | | lr=5.00e-04
Epoch 115 | train_loss=5.1780e-04 | train_eval_loss=4.9785e-04 | val_loss=5.2103e-04 | | lr=5.00e-04
Epoch 116 | train_loss=5.1884e-04 | train_eval_loss=5.4689e-04 | val_loss=5.6794e-04 | | lr=5.00e-04
Epoch 117 | train_loss=5.1610e-04 | train_eval_loss=5.3030e-04 | val_loss=5.5534e-04 | | lr=5.00e-04
Epoch 118 | train_loss=5.0882e-04 | train_eval_loss=5.6426e-04 | val_loss=5.8773e-04 | | lr=5.00e-04
Epoch 119 | train_loss=5.0604e-04 | train_eval_loss=5.0857e-04 | val_loss=5.2927e-04 | | lr=5.00e-04
Epoch 120 | train_loss=5.2822e-04 | train_eval_loss=6.1299e-04 | val_loss=6.4168e-04 | | lr=5.00e-04
Epoch 121 | train_loss=5.2234e-04 | train_eval_loss=4.8618e-04 | val_loss=5.0892e-04 | | lr=5.00e-04
Saved best model to results/thesis_model_results/outputs/mtlsh_embeddability_tradeoff/MTLSH__mse__minmax__seed42__model_head_sizes32__model_shared_sizes256_128_64/mtlsh_state_dict_best.pt
Epoch 122 | train_loss=4.9453e-04 | train_eval_loss=5.0665e-04 | val_loss=5.2457e-04 | | lr=5.00e-04
Epoch 123 | train_loss=5.0534e-04 | train_eval_loss=5.2055e-04 | val_loss=5.4687e-04 | | lr=5.00e-04
Epoch 124 | train_loss=5.4064e-04 | train_eval_loss=5.2965e-04 | val_loss=5.4829e-04 | | lr=5.00e-04
Epoch 125 | train_loss=5.0646e-04 | train_eval_loss=4.8678e-04 | val_loss=5.0543e-04 | | lr=5.00e-04
Saved best model to results/thesis_model_results/outputs/mtlsh_embeddability_tradeoff/MTLSH__mse__minmax__seed42__model_head_sizes32__model_shared_sizes256_128_64/mtlsh_state_dict_best.pt
Epoch 126 | train_loss=5.0733e-04 | train_eval_loss=4.9415e-04 | val_loss=5.2229e-04 | | lr=5.00e-04
Epoch 127 | train_loss=5.1640e-04 | train_eval_loss=5.0789e-04 | val_loss=5.3667e-04 | | lr=5.00e-04
Epoch 128 | train_loss=4.9548e-04 | train_eval_loss=4.8277e-04 | val_loss=5.0669e-04 | | lr=5.00e-04
Epoch 129 | train_loss=5.0457e-04 | train_eval_loss=5.2272e-04 | val_loss=5.4691e-04 | | lr=5.00e-04
Epoch 130 | train_loss=5.2368e-04 | train_eval_loss=5.1790e-04 | val_loss=5.4069e-04 | | lr=5.00e-04
Epoch 131 | train_loss=5.0101e-04 | train_eval_loss=4.8967e-04 | val_loss=5.1682e-04 | | lr=5.00e-04
Epoch 132 | train_loss=4.7884e-04 | train_eval_loss=4.5647e-04 | val_loss=4.8820e-04 | | lr=5.00e-04
Saved best model to results/thesis_model_results/outputs/mtlsh_embeddability_tradeoff/MTLSH__mse__minmax__seed42__model_head_sizes32__model_shared_sizes256_128_64/mtlsh_state_dict_best.pt
Epoch 133 | train_loss=4.7791e-04 | train_eval_loss=4.7595e-04 | val_loss=5.0274e-04 | | lr=5.00e-04
Epoch 134 | train_loss=5.0234e-04 | train_eval_loss=4.9306e-04 | val_loss=5.2151e-04 | | lr=5.00e-04
Epoch 135 | train_loss=4.9598e-04 | train_eval_loss=4.6535e-04 | val_loss=4.9042e-04 | | lr=5.00e-04
Epoch 136 | train_loss=5.1309e-04 | train_eval_loss=5.9020e-04 | val_loss=6.1577e-04 | | lr=5.00e-04
Epoch 137 | train_loss=4.8829e-04 | train_eval_loss=4.8031e-04 | val_loss=5.0420e-04 | | lr=5.00e-04
Epoch 138 | train_loss=4.7809e-04 | train_eval_loss=4.9798e-04 | val_loss=5.2965e-04 | | lr=5.00e-04
Epoch 139 | train_loss=4.8306e-04 | train_eval_loss=4.5797e-04 | val_loss=4.8327e-04 | | lr=5.00e-04
Saved best model to results/thesis_model_results/outputs/mtlsh_embeddability_tradeoff/MTLSH__mse__minmax__seed42__model_head_sizes32__model_shared_sizes256_128_64/mtlsh_state_dict_best.pt
Epoch 140 | train_loss=5.0055e-04 | train_eval_loss=5.1587e-04 | val_loss=5.4586e-04 | | lr=5.00e-04
Epoch 141 | train_loss=4.8095e-04 | train_eval_loss=4.7576e-04 | val_loss=4.9527e-04 | | lr=5.00e-04
Epoch 142 | train_loss=4.6879e-04 | train_eval_loss=4.5322e-04 | val_loss=4.7853e-04 | | lr=5.00e-04
Saved best model to results/thesis_model_results/outputs/mtlsh_embeddability_tradeoff/MTLSH__mse__minmax__seed42__model_head_sizes32__model_shared_sizes256_128_64/mtlsh_state_dict_best.pt
Epoch 143 | train_loss=4.7239e-04 | train_eval_loss=4.6596e-04 | val_loss=4.9878e-04 | | lr=5.00e-04
Epoch 144 | train_loss=4.7471e-04 | train_eval_loss=5.5466e-04 | val_loss=5.8893e-04 | | lr=5.00e-04
Epoch 145 | train_loss=4.8966e-04 | train_eval_loss=4.9235e-04 | val_loss=5.2951e-04 | | lr=5.00e-04
Epoch 146 | train_loss=4.8576e-04 | train_eval_loss=4.6919e-04 | val_loss=5.0049e-04 | | lr=5.00e-04
Epoch 147 | train_loss=5.0366e-04 | train_eval_loss=4.9470e-04 | val_loss=5.2721e-04 | | lr=5.00e-04
Epoch 148 | train_loss=4.9602e-04 | train_eval_loss=4.6093e-04 | val_loss=4.8533e-04 | | lr=5.00e-04
Epoch 149 | train_loss=4.6905e-04 | train_eval_loss=5.1666e-04 | val_loss=5.4199e-04 | | lr=5.00e-04
Epoch 150 | train_loss=4.9378e-04 | train_eval_loss=4.7091e-04 | val_loss=5.0854e-04 | | lr=5.00e-04
Epoch 151 | train_loss=5.0807e-04 | train_eval_loss=5.0749e-04 | val_loss=5.3780e-04 | | lr=5.00e-04
Epoch 152 | train_loss=4.3944e-04 | train_eval_loss=4.2697e-04 | val_loss=4.5920e-04 | | lr=2.50e-04
Saved best model to results/thesis_model_results/outputs/mtlsh_embeddability_tradeoff/MTLSH__mse__minmax__seed42__model_head_sizes32__model_shared_sizes256_128_64/mtlsh_state_dict_best.pt
Epoch 153 | train_loss=4.3095e-04 | train_eval_loss=4.5310e-04 | val_loss=4.8434e-04 | | lr=2.50e-04
Epoch 154 | train_loss=4.2783e-04 | train_eval_loss=4.2226e-04 | val_loss=4.5982e-04 | | lr=2.50e-04
Epoch 155 | train_loss=4.3019e-04 | train_eval_loss=4.4226e-04 | val_loss=4.7623e-04 | | lr=2.50e-04
Epoch 156 | train_loss=4.2830e-04 | train_eval_loss=4.2370e-04 | val_loss=4.6175e-04 | | lr=2.50e-04
Epoch 157 | train_loss=4.2257e-04 | train_eval_loss=4.0955e-04 | val_loss=4.5080e-04 | | lr=2.50e-04
Saved best model to results/thesis_model_results/outputs/mtlsh_embeddability_tradeoff/MTLSH__mse__minmax__seed42__model_head_sizes32__model_shared_sizes256_128_64/mtlsh_state_dict_best.pt
Epoch 158 | train_loss=4.3011e-04 | train_eval_loss=4.2705e-04 | val_loss=4.6612e-04 | | lr=2.50e-04
Epoch 159 | train_loss=4.2860e-04 | train_eval_loss=4.2766e-04 | val_loss=4.7008e-04 | | lr=2.50e-04
Epoch 160 | train_loss=4.2030e-04 | train_eval_loss=4.1068e-04 | val_loss=4.5260e-04 | | lr=2.50e-04
Epoch 161 | train_loss=4.2747e-04 | train_eval_loss=4.3333e-04 | val_loss=4.6908e-04 | | lr=2.50e-04
Epoch 162 | train_loss=4.3021e-04 | train_eval_loss=4.6643e-04 | val_loss=5.0473e-04 | | lr=2.50e-04
Epoch 163 | train_loss=4.3990e-04 | train_eval_loss=4.1514e-04 | val_loss=4.5080e-04 | | lr=2.50e-04
Epoch 164 | train_loss=4.2066e-04 | train_eval_loss=4.1565e-04 | val_loss=4.5372e-04 | | lr=2.50e-04
Epoch 165 | train_loss=4.3157e-04 | train_eval_loss=4.3164e-04 | val_loss=4.6957e-04 | | lr=2.50e-04
Epoch 166 | train_loss=4.1850e-04 | train_eval_loss=4.0911e-04 | val_loss=4.4800e-04 | | lr=2.50e-04
Saved best model to results/thesis_model_results/outputs/mtlsh_embeddability_tradeoff/MTLSH__mse__minmax__seed42__model_head_sizes32__model_shared_sizes256_128_64/mtlsh_state_dict_best.pt
Epoch 167 | train_loss=4.2751e-04 | train_eval_loss=4.1289e-04 | val_loss=4.4876e-04 | | lr=2.50e-04
Epoch 168 | train_loss=4.2263e-04 | train_eval_loss=4.1937e-04 | val_loss=4.5378e-04 | | lr=2.50e-04
Epoch 169 | train_loss=4.2284e-04 | train_eval_loss=4.0891e-04 | val_loss=4.4897e-04 | | lr=2.50e-04
Epoch 170 | train_loss=4.2068e-04 | train_eval_loss=4.0828e-04 | val_loss=4.5118e-04 | | lr=2.50e-04
Epoch 171 | train_loss=4.1883e-04 | train_eval_loss=4.0629e-04 | val_loss=4.4700e-04 | | lr=2.50e-04
Saved best model to results/thesis_model_results/outputs/mtlsh_embeddability_tradeoff/MTLSH__mse__minmax__seed42__model_head_sizes32__model_shared_sizes256_128_64/mtlsh_state_dict_best.pt
Epoch 172 | train_loss=4.2625e-04 | train_eval_loss=4.6230e-04 | val_loss=5.0445e-04 | | lr=2.50e-04
Epoch 173 | train_loss=4.2998e-04 | train_eval_loss=4.2352e-04 | val_loss=4.6668e-04 | | lr=2.50e-04
Epoch 174 | train_loss=4.2005e-04 | train_eval_loss=4.1302e-04 | val_loss=4.5557e-04 | | lr=2.50e-04
Epoch 175 | train_loss=4.1857e-04 | train_eval_loss=4.7045e-04 | val_loss=5.1588e-04 | | lr=2.50e-04
Epoch 176 | train_loss=4.2316e-04 | train_eval_loss=4.1692e-04 | val_loss=4.5738e-04 | | lr=2.50e-04
Epoch 177 | train_loss=4.2095e-04 | train_eval_loss=4.1134e-04 | val_loss=4.5541e-04 | | lr=2.50e-04
Epoch 178 | train_loss=4.1574e-04 | train_eval_loss=4.0584e-04 | val_loss=4.4696e-04 | | lr=2.50e-04
Saved best model to results/thesis_model_results/outputs/mtlsh_embeddability_tradeoff/MTLSH__mse__minmax__seed42__model_head_sizes32__model_shared_sizes256_128_64/mtlsh_state_dict_best.pt
Epoch 179 | train_loss=4.1586e-04 | train_eval_loss=4.1089e-04 | val_loss=4.5444e-04 | | lr=2.50e-04
Epoch 180 | train_loss=4.1601e-04 | train_eval_loss=4.0190e-04 | val_loss=4.4659e-04 | | lr=2.50e-04
Saved best model to results/thesis_model_results/outputs/mtlsh_embeddability_tradeoff/MTLSH__mse__minmax__seed42__model_head_sizes32__model_shared_sizes256_128_64/mtlsh_state_dict_best.pt
Epoch 181 | train_loss=4.0996e-04 | train_eval_loss=4.1030e-04 | val_loss=4.5646e-04 | | lr=2.50e-04
Epoch 182 | train_loss=4.1010e-04 | train_eval_loss=4.1343e-04 | val_loss=4.5692e-04 | | lr=2.50e-04
Epoch 183 | train_loss=4.1293e-04 | train_eval_loss=4.2295e-04 | val_loss=4.7413e-04 | | lr=2.50e-04
Epoch 184 | train_loss=4.2111e-04 | train_eval_loss=4.1167e-04 | val_loss=4.5185e-04 | | lr=2.50e-04
Epoch 185 | train_loss=4.1754e-04 | train_eval_loss=4.2048e-04 | val_loss=4.6685e-04 | | lr=2.50e-04
Epoch 186 | train_loss=4.1092e-04 | train_eval_loss=4.1512e-04 | val_loss=4.5887e-04 | | lr=2.50e-04
Epoch 187 | train_loss=4.1174e-04 | train_eval_loss=3.9833e-04 | val_loss=4.4533e-04 | | lr=2.50e-04
Saved best model to results/thesis_model_results/outputs/mtlsh_embeddability_tradeoff/MTLSH__mse__minmax__seed42__model_head_sizes32__model_shared_sizes256_128_64/mtlsh_state_dict_best.pt
Epoch 188 | train_loss=4.1221e-04 | train_eval_loss=4.7033e-04 | val_loss=5.1795e-04 | | lr=2.50e-04
Epoch 189 | train_loss=4.1354e-04 | train_eval_loss=4.4265e-04 | val_loss=4.8604e-04 | | lr=2.50e-04
Epoch 190 | train_loss=4.1171e-04 | train_eval_loss=3.9224e-04 | val_loss=4.3486e-04 | | lr=2.50e-04
Saved best model to results/thesis_model_results/outputs/mtlsh_embeddability_tradeoff/MTLSH__mse__minmax__seed42__model_head_sizes32__model_shared_sizes256_128_64/mtlsh_state_dict_best.pt
Epoch 191 | train_loss=4.0645e-04 | train_eval_loss=4.1706e-04 | val_loss=4.6139e-04 | | lr=2.50e-04
Epoch 192 | train_loss=4.0891e-04 | train_eval_loss=3.9606e-04 | val_loss=4.4196e-04 | | lr=2.50e-04
Epoch 193 | train_loss=4.0570e-04 | train_eval_loss=4.1051e-04 | val_loss=4.5364e-04 | | lr=2.50e-04
Epoch 194 | train_loss=4.3228e-04 | train_eval_loss=3.9891e-04 | val_loss=4.5032e-04 | | lr=2.50e-04
Epoch 195 | train_loss=4.1155e-04 | train_eval_loss=4.0414e-04 | val_loss=4.4296e-04 | | lr=2.50e-04
Epoch 196 | train_loss=4.2324e-04 | train_eval_loss=3.9269e-04 | val_loss=4.3909e-04 | | lr=2.50e-04
Epoch 197 | train_loss=4.0301e-04 | train_eval_loss=3.9038e-04 | val_loss=4.3757e-04 | | lr=2.50e-04
Epoch 198 | train_loss=4.0785e-04 | train_eval_loss=4.1151e-04 | val_loss=4.5557e-04 | | lr=2.50e-04
Epoch 199 | train_loss=4.1304e-04 | train_eval_loss=4.1906e-04 | val_loss=4.7045e-04 | | lr=2.50e-04
Epoch 200 | train_loss=3.8703e-04 | train_eval_loss=3.7500e-04 | val_loss=4.2280e-04 | | lr=1.25e-04
Saved best model to results/thesis_model_results/outputs/mtlsh_embeddability_tradeoff/MTLSH__mse__minmax__seed42__model_head_sizes32__model_shared_sizes256_128_64/mtlsh_state_dict_best.pt
Saved training logs to results/thesis_model_results/outputs/mtlsh_embeddability_tradeoff/MTLSH__mse__minmax__seed42__model_head_sizes32__model_shared_sizes256_128_64/training_summary.txt
Test RMSE(rocof_COI) = 0.0148 | norm: 0.0112 | real_diff: 0.0103
Test RMSE(dev_COI) = 0.0340 | norm: 0.0126 | real_diff: 0.0212
Test RMSE(Delta_P_IBR_1) = 0.1239 | norm: 0.0196 | real_diff: 0.0838
Test RMSE(Delta_P_IBR_2) = 0.1173 | norm: 0.0163 | real_diff: 0.0711
Test RMSE(Delta_P_IBR_3) = 0.1827 | norm: 0.0321 | real_diff: 0.0974
Test RMSE(Delta_P_IBR_4) = 0.2150 | norm: 0.0222 | real_diff: 0.1432
Saved RMSE results to results/thesis_model_results/outputs/mtlsh_embeddability_tradeoff/MTLSH__mse__minmax__seed42__model_head_sizes32__model_shared_sizes256_128_64/rmse_results.txt
Saved detailed metrics to results/thesis_model_results/outputs/mtlsh_embeddability_tradeoff/MTLSH__mse__minmax__seed42__model_head_sizes32__model_shared_sizes256_128_64/metrics_by_target.csv
Saved aggregate metrics to results/thesis_model_results/outputs/mtlsh_embeddability_tradeoff/MTLSH__mse__minmax__seed42__model_head_sizes32__model_shared_sizes256_128_64/metrics_summary.json
Saved loss curves to results/thesis_model_results/outputs/mtlsh_embeddability_tradeoff/MTLSH__mse__minmax__seed42__model_head_sizes32__model_shared_sizes256_128_64/loss_curve.png
Saved scatter plot results/thesis_model_results/outputs/mtlsh_embeddability_tradeoff/MTLSH__mse__minmax__seed42__model_head_sizes32__model_shared_sizes256_128_64/scatter_rocof_COI.png
Saved scatter plot results/thesis_model_results/outputs/mtlsh_embeddability_tradeoff/MTLSH__mse__minmax__seed42__model_head_sizes32__model_shared_sizes256_128_64/scatter_dev_COI.png
Saved scatter plot results/thesis_model_results/outputs/mtlsh_embeddability_tradeoff/MTLSH__mse__minmax__seed42__model_head_sizes32__model_shared_sizes256_128_64/scatter_Delta_P_IBR_1.png
Saved scatter plot results/thesis_model_results/outputs/mtlsh_embeddability_tradeoff/MTLSH__mse__minmax__seed42__model_head_sizes32__model_shared_sizes256_128_64/scatter_Delta_P_IBR_2.png
Saved scatter plot results/thesis_model_results/outputs/mtlsh_embeddability_tradeoff/MTLSH__mse__minmax__seed42__model_head_sizes32__model_shared_sizes256_128_64/scatter_Delta_P_IBR_3.png
Saved scatter plot results/thesis_model_results/outputs/mtlsh_embeddability_tradeoff/MTLSH__mse__minmax__seed42__model_head_sizes32__model_shared_sizes256_128_64/scatter_Delta_P_IBR_4.png
Saved model to results/thesis_model_results/outputs/mtlsh_embeddability_tradeoff/MTLSH__mse__minmax__seed42__model_head_sizes32__model_shared_sizes256_128_64/mtlsh_state_dict.pt
Loss type: mse | weights=[]
Target stats (scaled):
train mean=[0.549  0.589  0.492  0.4884 0.4785 0.4192]
train std=[0.1365 0.1371 0.1141 0.1063 0.1158 0.1138]
train q05=[0.3074 0.3979 0.3192 0.303  0.3347 0.2205]
train q95=[0.7933 0.8652 0.6719 0.6491 0.6927 0.6016]
val mean=[0.5473 0.5873 0.4922 0.4893 0.4798 0.4201]
val std=[0.1343 0.1348 0.1123 0.1072 0.1141 0.1112]
val q05=[0.3103 0.3982 0.3195 0.303  0.3376 0.2251]
val q95=[0.7886 0.8626 0.6731 0.6514 0.6918 0.5984]
val/train std ratio=[0.984  0.9828 0.9844 1.0084 0.9848 0.9772]
LR scheduler: ReduceLROnPlateau (factor=0.5, patience=8, min_lr=1e-07)
Epoch 001 | train_loss=3.3260e-02 | train_eval_loss=1.4596e-02 | val_loss=1.4194e-02 | | lr=1.00e-03
Saved best model to results/thesis_model_results/outputs/mtlsh_embeddability_tradeoff/MTLSH__mse__minmax__seed42__model_head_sizes64__model_shared_sizes256_128_64/mtlsh_state_dict_best.pt
Epoch 002 | train_loss=1.4399e-02 | train_eval_loss=1.4001e-02 | val_loss=1.3606e-02 | | lr=1.00e-03
Saved best model to results/thesis_model_results/outputs/mtlsh_embeddability_tradeoff/MTLSH__mse__minmax__seed42__model_head_sizes64__model_shared_sizes256_128_64/mtlsh_state_dict_best.pt
Epoch 003 | train_loss=9.8280e-03 | train_eval_loss=4.4637e-03 | val_loss=4.3953e-03 | | lr=1.00e-03
Saved best model to results/thesis_model_results/outputs/mtlsh_embeddability_tradeoff/MTLSH__mse__minmax__seed42__model_head_sizes64__model_shared_sizes256_128_64/mtlsh_state_dict_best.pt
Epoch 004 | train_loss=3.5919e-03 | train_eval_loss=3.3226e-03 | val_loss=3.2588e-03 | | lr=1.00e-03
Saved best model to results/thesis_model_results/outputs/mtlsh_embeddability_tradeoff/MTLSH__mse__minmax__seed42__model_head_sizes64__model_shared_sizes256_128_64/mtlsh_state_dict_best.pt
Epoch 005 | train_loss=3.1672e-03 | train_eval_loss=3.0157e-03 | val_loss=2.9436e-03 | | lr=1.00e-03
Saved best model to results/thesis_model_results/outputs/mtlsh_embeddability_tradeoff/MTLSH__mse__minmax__seed42__model_head_sizes64__model_shared_sizes256_128_64/mtlsh_state_dict_best.pt
Epoch 006 | train_loss=2.7232e-03 | train_eval_loss=2.5063e-03 | val_loss=2.4314e-03 | | lr=1.00e-03
Saved best model to results/thesis_model_results/outputs/mtlsh_embeddability_tradeoff/MTLSH__mse__minmax__seed42__model_head_sizes64__model_shared_sizes256_128_64/mtlsh_state_dict_best.pt
Epoch 007 | train_loss=2.2698e-03 | train_eval_loss=2.1293e-03 | val_loss=2.0632e-03 | | lr=1.00e-03
Saved best model to results/thesis_model_results/outputs/mtlsh_embeddability_tradeoff/MTLSH__mse__minmax__seed42__model_head_sizes64__model_shared_sizes256_128_64/mtlsh_state_dict_best.pt
Epoch 008 | train_loss=1.9930e-03 | train_eval_loss=1.9700e-03 | val_loss=1.9274e-03 | | lr=1.00e-03
Saved best model to results/thesis_model_results/outputs/mtlsh_embeddability_tradeoff/MTLSH__mse__minmax__seed42__model_head_sizes64__model_shared_sizes256_128_64/mtlsh_state_dict_best.pt
Epoch 009 | train_loss=1.7951e-03 | train_eval_loss=1.7065e-03 | val_loss=1.6745e-03 | | lr=1.00e-03
Saved best model to results/thesis_model_results/outputs/mtlsh_embeddability_tradeoff/MTLSH__mse__minmax__seed42__model_head_sizes64__model_shared_sizes256_128_64/mtlsh_state_dict_best.pt
Epoch 010 | train_loss=1.6782e-03 | train_eval_loss=1.9581e-03 | val_loss=1.9354e-03 | | lr=1.00e-03
Epoch 011 | train_loss=1.6608e-03 | train_eval_loss=1.5312e-03 | val_loss=1.5000e-03 | | lr=1.00e-03
Saved best model to results/thesis_model_results/outputs/mtlsh_embeddability_tradeoff/MTLSH__mse__minmax__seed42__model_head_sizes64__model_shared_sizes256_128_64/mtlsh_state_dict_best.pt
Epoch 012 | train_loss=1.5156e-03 | train_eval_loss=1.5428e-03 | val_loss=1.5209e-03 | | lr=1.00e-03
Epoch 013 | train_loss=1.4387e-03 | train_eval_loss=1.4498e-03 | val_loss=1.4350e-03 | | lr=1.00e-03
Saved best model to results/thesis_model_results/outputs/mtlsh_embeddability_tradeoff/MTLSH__mse__minmax__seed42__model_head_sizes64__model_shared_sizes256_128_64/mtlsh_state_dict_best.pt
Epoch 014 | train_loss=1.4235e-03 | train_eval_loss=1.5162e-03 | val_loss=1.4923e-03 | | lr=1.00e-03
Epoch 015 | train_loss=1.3835e-03 | train_eval_loss=1.3804e-03 | val_loss=1.3709e-03 | | lr=1.00e-03
Saved best model to results/thesis_model_results/outputs/mtlsh_embeddability_tradeoff/MTLSH__mse__minmax__seed42__model_head_sizes64__model_shared_sizes256_128_64/mtlsh_state_dict_best.pt
Epoch 016 | train_loss=1.3596e-03 | train_eval_loss=1.3490e-03 | val_loss=1.3376e-03 | | lr=1.00e-03
Saved best model to results/thesis_model_results/outputs/mtlsh_embeddability_tradeoff/MTLSH__mse__minmax__seed42__model_head_sizes64__model_shared_sizes256_128_64/mtlsh_state_dict_best.pt
Epoch 017 | train_loss=1.2959e-03 | train_eval_loss=1.3232e-03 | val_loss=1.3172e-03 | | lr=1.00e-03
Saved best model to results/thesis_model_results/outputs/mtlsh_embeddability_tradeoff/MTLSH__mse__minmax__seed42__model_head_sizes64__model_shared_sizes256_128_64/mtlsh_state_dict_best.pt
Epoch 018 | train_loss=1.3339e-03 | train_eval_loss=1.2906e-03 | val_loss=1.2782e-03 | | lr=1.00e-03
Saved best model to results/thesis_model_results/outputs/mtlsh_embeddability_tradeoff/MTLSH__mse__minmax__seed42__model_head_sizes64__model_shared_sizes256_128_64/mtlsh_state_dict_best.pt
Epoch 019 | train_loss=1.2641e-03 | train_eval_loss=1.2235e-03 | val_loss=1.2115e-03 | | lr=1.00e-03
Saved best model to results/thesis_model_results/outputs/mtlsh_embeddability_tradeoff/MTLSH__mse__minmax__seed42__model_head_sizes64__model_shared_sizes256_128_64/mtlsh_state_dict_best.pt
Epoch 020 | train_loss=1.2404e-03 | train_eval_loss=1.2048e-03 | val_loss=1.1921e-03 | | lr=1.00e-03
Saved best model to results/thesis_model_results/outputs/mtlsh_embeddability_tradeoff/MTLSH__mse__minmax__seed42__model_head_sizes64__model_shared_sizes256_128_64/mtlsh_state_dict_best.pt
Epoch 021 | train_loss=1.2447e-03 | train_eval_loss=1.4693e-03 | val_loss=1.4610e-03 | | lr=1.00e-03
Epoch 022 | train_loss=1.1968e-03 | train_eval_loss=1.1355e-03 | val_loss=1.1264e-03 | | lr=1.00e-03
Saved best model to results/thesis_model_results/outputs/mtlsh_embeddability_tradeoff/MTLSH__mse__minmax__seed42__model_head_sizes64__model_shared_sizes256_128_64/mtlsh_state_dict_best.pt
Epoch 023 | train_loss=1.1731e-03 | train_eval_loss=1.1397e-03 | val_loss=1.1374e-03 | | lr=1.00e-03
Epoch 024 | train_loss=1.1443e-03 | train_eval_loss=1.2670e-03 | val_loss=1.2684e-03 | | lr=1.00e-03
Epoch 025 | train_loss=1.1264e-03 | train_eval_loss=1.0970e-03 | val_loss=1.0920e-03 | | lr=1.00e-03
Saved best model to results/thesis_model_results/outputs/mtlsh_embeddability_tradeoff/MTLSH__mse__minmax__seed42__model_head_sizes64__model_shared_sizes256_128_64/mtlsh_state_dict_best.pt
Epoch 026 | train_loss=1.1442e-03 | train_eval_loss=1.1013e-03 | val_loss=1.1024e-03 | | lr=1.00e-03
Epoch 027 | train_loss=1.0904e-03 | train_eval_loss=1.0746e-03 | val_loss=1.0684e-03 | | lr=1.00e-03
Saved best model to results/thesis_model_results/outputs/mtlsh_embeddability_tradeoff/MTLSH__mse__minmax__seed42__model_head_sizes64__model_shared_sizes256_128_64/mtlsh_state_dict_best.pt
Epoch 028 | train_loss=1.0535e-03 | train_eval_loss=1.0233e-03 | val_loss=1.0200e-03 | | lr=1.00e-03
Saved best model to results/thesis_model_results/outputs/mtlsh_embeddability_tradeoff/MTLSH__mse__minmax__seed42__model_head_sizes64__model_shared_sizes256_128_64/mtlsh_state_dict_best.pt
Epoch 029 | train_loss=1.0505e-03 | train_eval_loss=1.1150e-03 | val_loss=1.1117e-03 | | lr=1.00e-03
Epoch 030 | train_loss=1.0874e-03 | train_eval_loss=1.0549e-03 | val_loss=1.0522e-03 | | lr=1.00e-03
Epoch 031 | train_loss=1.0569e-03 | train_eval_loss=9.8620e-04 | val_loss=9.8909e-04 | | lr=1.00e-03
Saved best model to results/thesis_model_results/outputs/mtlsh_embeddability_tradeoff/MTLSH__mse__minmax__seed42__model_head_sizes64__model_shared_sizes256_128_64/mtlsh_state_dict_best.pt
Epoch 032 | train_loss=1.0326e-03 | train_eval_loss=1.3003e-03 | val_loss=1.3035e-03 | | lr=1.00e-03
Epoch 033 | train_loss=1.1114e-03 | train_eval_loss=9.5307e-04 | val_loss=9.5129e-04 | | lr=1.00e-03
Saved best model to results/thesis_model_results/outputs/mtlsh_embeddability_tradeoff/MTLSH__mse__minmax__seed42__model_head_sizes64__model_shared_sizes256_128_64/mtlsh_state_dict_best.pt
Epoch 034 | train_loss=1.0092e-03 | train_eval_loss=9.6113e-04 | val_loss=9.6314e-04 | | lr=1.00e-03
Epoch 035 | train_loss=9.7880e-04 | train_eval_loss=1.1567e-03 | val_loss=1.1642e-03 | | lr=1.00e-03
Epoch 036 | train_loss=1.1293e-03 | train_eval_loss=1.0827e-03 | val_loss=1.0876e-03 | | lr=1.00e-03
Epoch 037 | train_loss=9.8210e-04 | train_eval_loss=1.0032e-03 | val_loss=1.0026e-03 | | lr=1.00e-03
Epoch 038 | train_loss=9.5841e-04 | train_eval_loss=9.6376e-04 | val_loss=9.6900e-04 | | lr=1.00e-03
Epoch 039 | train_loss=9.6288e-04 | train_eval_loss=8.9863e-04 | val_loss=9.0848e-04 | | lr=1.00e-03
Saved best model to results/thesis_model_results/outputs/mtlsh_embeddability_tradeoff/MTLSH__mse__minmax__seed42__model_head_sizes64__model_shared_sizes256_128_64/mtlsh_state_dict_best.pt
Epoch 040 | train_loss=9.4563e-04 | train_eval_loss=9.1325e-04 | val_loss=9.1766e-04 | | lr=1.00e-03
Epoch 041 | train_loss=9.0812e-04 | train_eval_loss=8.7135e-04 | val_loss=8.7541e-04 | | lr=1.00e-03
Saved best model to results/thesis_model_results/outputs/mtlsh_embeddability_tradeoff/MTLSH__mse__minmax__seed42__model_head_sizes64__model_shared_sizes256_128_64/mtlsh_state_dict_best.pt
Epoch 042 | train_loss=9.2026e-04 | train_eval_loss=8.7398e-04 | val_loss=8.7530e-04 | | lr=1.00e-03
Saved best model to results/thesis_model_results/outputs/mtlsh_embeddability_tradeoff/MTLSH__mse__minmax__seed42__model_head_sizes64__model_shared_sizes256_128_64/mtlsh_state_dict_best.pt
Epoch 043 | train_loss=8.6823e-04 | train_eval_loss=1.0034e-03 | val_loss=1.0143e-03 | | lr=1.00e-03
Epoch 044 | train_loss=9.1909e-04 | train_eval_loss=1.0668e-03 | val_loss=1.0834e-03 | | lr=1.00e-03
Epoch 045 | train_loss=8.6345e-04 | train_eval_loss=7.8890e-04 | val_loss=7.9971e-04 | | lr=1.00e-03
Saved best model to results/thesis_model_results/outputs/mtlsh_embeddability_tradeoff/MTLSH__mse__minmax__seed42__model_head_sizes64__model_shared_sizes256_128_64/mtlsh_state_dict_best.pt
Epoch 046 | train_loss=8.5767e-04 | train_eval_loss=7.9492e-04 | val_loss=8.0546e-04 | | lr=1.00e-03
Epoch 047 | train_loss=8.3941e-04 | train_eval_loss=7.9356e-04 | val_loss=8.0135e-04 | | lr=1.00e-03
Epoch 048 | train_loss=8.6586e-04 | train_eval_loss=1.1378e-03 | val_loss=1.1535e-03 | | lr=1.00e-03
Epoch 049 | train_loss=9.0737e-04 | train_eval_loss=1.0554e-03 | val_loss=1.0577e-03 | | lr=1.00e-03
Epoch 050 | train_loss=8.7743e-04 | train_eval_loss=8.0972e-04 | val_loss=8.1126e-04 | | lr=1.00e-03
Epoch 051 | train_loss=7.6458e-04 | train_eval_loss=8.1241e-04 | val_loss=8.2361e-04 | | lr=1.00e-03
Epoch 052 | train_loss=7.7010e-04 | train_eval_loss=8.0438e-04 | val_loss=8.0889e-04 | | lr=1.00e-03
Epoch 053 | train_loss=7.8518e-04 | train_eval_loss=7.5092e-04 | val_loss=7.5629e-04 | | lr=1.00e-03
Saved best model to results/thesis_model_results/outputs/mtlsh_embeddability_tradeoff/MTLSH__mse__minmax__seed42__model_head_sizes64__model_shared_sizes256_128_64/mtlsh_state_dict_best.pt
Epoch 054 | train_loss=7.8280e-04 | train_eval_loss=8.1577e-04 | val_loss=8.2903e-04 | | lr=1.00e-03
Epoch 055 | train_loss=7.5046e-04 | train_eval_loss=9.2860e-04 | val_loss=9.3557e-04 | | lr=1.00e-03
Epoch 056 | train_loss=8.0592e-04 | train_eval_loss=7.2563e-04 | val_loss=7.3033e-04 | | lr=1.00e-03
Saved best model to results/thesis_model_results/outputs/mtlsh_embeddability_tradeoff/MTLSH__mse__minmax__seed42__model_head_sizes64__model_shared_sizes256_128_64/mtlsh_state_dict_best.pt
Epoch 057 | train_loss=7.2908e-04 | train_eval_loss=7.3898e-04 | val_loss=7.4709e-04 | | lr=1.00e-03
Epoch 058 | train_loss=7.3929e-04 | train_eval_loss=8.0377e-04 | val_loss=8.1826e-04 | | lr=1.00e-03
Epoch 059 | train_loss=7.9589e-04 | train_eval_loss=7.9100e-04 | val_loss=7.9407e-04 | | lr=1.00e-03
Epoch 060 | train_loss=7.4250e-04 | train_eval_loss=7.6905e-04 | val_loss=7.7985e-04 | | lr=1.00e-03
Epoch 061 | train_loss=7.0358e-04 | train_eval_loss=7.0151e-04 | val_loss=7.1151e-04 | | lr=1.00e-03
Saved best model to results/thesis_model_results/outputs/mtlsh_embeddability_tradeoff/MTLSH__mse__minmax__seed42__model_head_sizes64__model_shared_sizes256_128_64/mtlsh_state_dict_best.pt
Epoch 062 | train_loss=6.9161e-04 | train_eval_loss=6.7320e-04 | val_loss=6.8185e-04 | | lr=1.00e-03
Saved best model to results/thesis_model_results/outputs/mtlsh_embeddability_tradeoff/MTLSH__mse__minmax__seed42__model_head_sizes64__model_shared_sizes256_128_64/mtlsh_state_dict_best.pt
Epoch 063 | train_loss=7.3227e-04 | train_eval_loss=1.2159e-03 | val_loss=1.2166e-03 | | lr=1.00e-03
Epoch 064 | train_loss=7.8454e-04 | train_eval_loss=6.5921e-04 | val_loss=6.6508e-04 | | lr=1.00e-03
Saved best model to results/thesis_model_results/outputs/mtlsh_embeddability_tradeoff/MTLSH__mse__minmax__seed42__model_head_sizes64__model_shared_sizes256_128_64/mtlsh_state_dict_best.pt
Epoch 065 | train_loss=6.9275e-04 | train_eval_loss=7.3037e-04 | val_loss=7.3864e-04 | | lr=1.00e-03
Epoch 066 | train_loss=7.1641e-04 | train_eval_loss=8.1526e-04 | val_loss=8.1321e-04 | | lr=1.00e-03
Epoch 067 | train_loss=7.2304e-04 | train_eval_loss=6.6082e-04 | val_loss=6.7112e-04 | | lr=1.00e-03
Epoch 068 | train_loss=6.9094e-04 | train_eval_loss=7.2791e-04 | val_loss=7.3249e-04 | | lr=1.00e-03
Epoch 069 | train_loss=6.9822e-04 | train_eval_loss=7.4056e-04 | val_loss=7.3920e-04 | | lr=1.00e-03
Epoch 070 | train_loss=6.5429e-04 | train_eval_loss=6.9634e-04 | val_loss=7.0145e-04 | | lr=1.00e-03
Epoch 071 | train_loss=6.7675e-04 | train_eval_loss=6.4581e-04 | val_loss=6.5828e-04 | | lr=1.00e-03
Saved best model to results/thesis_model_results/outputs/mtlsh_embeddability_tradeoff/MTLSH__mse__minmax__seed42__model_head_sizes64__model_shared_sizes256_128_64/mtlsh_state_dict_best.pt
Epoch 072 | train_loss=6.6839e-04 | train_eval_loss=6.4289e-04 | val_loss=6.5269e-04 | | lr=1.00e-03
Saved best model to results/thesis_model_results/outputs/mtlsh_embeddability_tradeoff/MTLSH__mse__minmax__seed42__model_head_sizes64__model_shared_sizes256_128_64/mtlsh_state_dict_best.pt
Epoch 073 | train_loss=6.9898e-04 | train_eval_loss=7.3063e-04 | val_loss=7.4716e-04 | | lr=1.00e-03
Epoch 074 | train_loss=6.5714e-04 | train_eval_loss=8.1184e-04 | val_loss=8.2792e-04 | | lr=1.00e-03
Epoch 075 | train_loss=6.8613e-04 | train_eval_loss=5.9447e-04 | val_loss=6.0275e-04 | | lr=1.00e-03
Saved best model to results/thesis_model_results/outputs/mtlsh_embeddability_tradeoff/MTLSH__mse__minmax__seed42__model_head_sizes64__model_shared_sizes256_128_64/mtlsh_state_dict_best.pt
Epoch 076 | train_loss=6.9633e-04 | train_eval_loss=7.4528e-04 | val_loss=7.6036e-04 | | lr=1.00e-03
Epoch 077 | train_loss=6.4107e-04 | train_eval_loss=7.3062e-04 | val_loss=7.4544e-04 | | lr=1.00e-03
Epoch 078 | train_loss=6.4905e-04 | train_eval_loss=5.9990e-04 | val_loss=6.1546e-04 | | lr=1.00e-03
Epoch 079 | train_loss=6.6647e-04 | train_eval_loss=5.9636e-04 | val_loss=6.0337e-04 | | lr=1.00e-03
Epoch 080 | train_loss=6.6428e-04 | train_eval_loss=6.0892e-04 | val_loss=6.2057e-04 | | lr=1.00e-03
Epoch 081 | train_loss=6.5363e-04 | train_eval_loss=7.4035e-04 | val_loss=7.5804e-04 | | lr=1.00e-03
Epoch 082 | train_loss=6.3525e-04 | train_eval_loss=5.7558e-04 | val_loss=5.8703e-04 | | lr=1.00e-03
Saved best model to results/thesis_model_results/outputs/mtlsh_embeddability_tradeoff/MTLSH__mse__minmax__seed42__model_head_sizes64__model_shared_sizes256_128_64/mtlsh_state_dict_best.pt
Epoch 083 | train_loss=6.0224e-04 | train_eval_loss=6.6403e-04 | val_loss=6.8394e-04 | | lr=1.00e-03
Epoch 084 | train_loss=6.4436e-04 | train_eval_loss=6.0467e-04 | val_loss=6.1396e-04 | | lr=1.00e-03
Epoch 085 | train_loss=6.3457e-04 | train_eval_loss=5.9127e-04 | val_loss=6.0320e-04 | | lr=1.00e-03
Epoch 086 | train_loss=6.1639e-04 | train_eval_loss=5.6522e-04 | val_loss=5.7672e-04 | | lr=1.00e-03
Saved best model to results/thesis_model_results/outputs/mtlsh_embeddability_tradeoff/MTLSH__mse__minmax__seed42__model_head_sizes64__model_shared_sizes256_128_64/mtlsh_state_dict_best.pt
Epoch 087 | train_loss=5.7048e-04 | train_eval_loss=6.9811e-04 | val_loss=7.1900e-04 | | lr=1.00e-03
Epoch 088 | train_loss=6.4146e-04 | train_eval_loss=8.1975e-04 | val_loss=8.4176e-04 | | lr=1.00e-03
Epoch 089 | train_loss=6.2587e-04 | train_eval_loss=5.5682e-04 | val_loss=5.7381e-04 | | lr=1.00e-03
Saved best model to results/thesis_model_results/outputs/mtlsh_embeddability_tradeoff/MTLSH__mse__minmax__seed42__model_head_sizes64__model_shared_sizes256_128_64/mtlsh_state_dict_best.pt
Epoch 090 | train_loss=6.3114e-04 | train_eval_loss=7.1058e-04 | val_loss=7.2204e-04 | | lr=1.00e-03
Epoch 091 | train_loss=6.2690e-04 | train_eval_loss=6.3362e-04 | val_loss=6.5343e-04 | | lr=1.00e-03
Epoch 092 | train_loss=5.7449e-04 | train_eval_loss=6.0133e-04 | val_loss=6.2048e-04 | | lr=1.00e-03
Epoch 093 | train_loss=5.9441e-04 | train_eval_loss=6.6484e-04 | val_loss=6.7331e-04 | | lr=1.00e-03
Epoch 094 | train_loss=5.6422e-04 | train_eval_loss=5.5636e-04 | val_loss=5.7915e-04 | | lr=1.00e-03
Epoch 095 | train_loss=5.6840e-04 | train_eval_loss=5.5767e-04 | val_loss=5.7416e-04 | | lr=1.00e-03
Epoch 096 | train_loss=5.8269e-04 | train_eval_loss=5.3949e-04 | val_loss=5.5528e-04 | | lr=1.00e-03
Saved best model to results/thesis_model_results/outputs/mtlsh_embeddability_tradeoff/MTLSH__mse__minmax__seed42__model_head_sizes64__model_shared_sizes256_128_64/mtlsh_state_dict_best.pt
Epoch 097 | train_loss=5.6089e-04 | train_eval_loss=5.4831e-04 | val_loss=5.7424e-04 | | lr=1.00e-03
Epoch 098 | train_loss=5.9574e-04 | train_eval_loss=5.6039e-04 | val_loss=5.8668e-04 | | lr=1.00e-03
Epoch 099 | train_loss=5.7408e-04 | train_eval_loss=6.2989e-04 | val_loss=6.5609e-04 | | lr=1.00e-03
Epoch 100 | train_loss=6.2853e-04 | train_eval_loss=6.2983e-04 | val_loss=6.4388e-04 | | lr=1.00e-03
Epoch 101 | train_loss=6.0893e-04 | train_eval_loss=5.0904e-04 | val_loss=5.2573e-04 | | lr=1.00e-03
Saved best model to results/thesis_model_results/outputs/mtlsh_embeddability_tradeoff/MTLSH__mse__minmax__seed42__model_head_sizes64__model_shared_sizes256_128_64/mtlsh_state_dict_best.pt
Epoch 102 | train_loss=5.6502e-04 | train_eval_loss=5.8479e-04 | val_loss=6.0456e-04 | | lr=1.00e-03
Epoch 103 | train_loss=5.8339e-04 | train_eval_loss=5.1252e-04 | val_loss=5.3369e-04 | | lr=1.00e-03
Epoch 104 | train_loss=5.4103e-04 | train_eval_loss=5.0837e-04 | val_loss=5.3152e-04 | | lr=1.00e-03
Epoch 105 | train_loss=5.4779e-04 | train_eval_loss=5.3627e-04 | val_loss=5.5580e-04 | | lr=1.00e-03
Epoch 106 | train_loss=5.8268e-04 | train_eval_loss=5.2321e-04 | val_loss=5.4869e-04 | | lr=1.00e-03
Epoch 107 | train_loss=5.5685e-04 | train_eval_loss=5.0237e-04 | val_loss=5.2711e-04 | | lr=1.00e-03
Epoch 108 | train_loss=5.3256e-04 | train_eval_loss=5.1323e-04 | val_loss=5.3716e-04 | | lr=1.00e-03
Epoch 109 | train_loss=5.3169e-04 | train_eval_loss=4.8478e-04 | val_loss=5.0245e-04 | | lr=1.00e-03
Saved best model to results/thesis_model_results/outputs/mtlsh_embeddability_tradeoff/MTLSH__mse__minmax__seed42__model_head_sizes64__model_shared_sizes256_128_64/mtlsh_state_dict_best.pt
Epoch 110 | train_loss=5.6769e-04 | train_eval_loss=5.2954e-04 | val_loss=5.4813e-04 | | lr=1.00e-03
Epoch 111 | train_loss=5.2821e-04 | train_eval_loss=5.5951e-04 | val_loss=5.8702e-04 | | lr=1.00e-03
Epoch 112 | train_loss=5.4055e-04 | train_eval_loss=6.2563e-04 | val_loss=6.5484e-04 | | lr=1.00e-03
Epoch 113 | train_loss=5.3308e-04 | train_eval_loss=4.8595e-04 | val_loss=5.1256e-04 | | lr=1.00e-03
Epoch 114 | train_loss=5.6275e-04 | train_eval_loss=6.7715e-04 | val_loss=7.0172e-04 | | lr=1.00e-03
Epoch 115 | train_loss=5.6565e-04 | train_eval_loss=5.6271e-04 | val_loss=5.8210e-04 | | lr=1.00e-03
Epoch 116 | train_loss=5.4077e-04 | train_eval_loss=5.4133e-04 | val_loss=5.7018e-04 | | lr=1.00e-03
Epoch 117 | train_loss=5.4468e-04 | train_eval_loss=5.6340e-04 | val_loss=5.8511e-04 | | lr=1.00e-03
Epoch 118 | train_loss=5.2366e-04 | train_eval_loss=5.6387e-04 | val_loss=5.9480e-04 | | lr=1.00e-03
Epoch 119 | train_loss=4.5649e-04 | train_eval_loss=4.4423e-04 | val_loss=4.6906e-04 | | lr=5.00e-04
Saved best model to results/thesis_model_results/outputs/mtlsh_embeddability_tradeoff/MTLSH__mse__minmax__seed42__model_head_sizes64__model_shared_sizes256_128_64/mtlsh_state_dict_best.pt
Epoch 120 | train_loss=4.4631e-04 | train_eval_loss=4.6395e-04 | val_loss=4.9667e-04 | | lr=5.00e-04
Epoch 121 | train_loss=4.4557e-04 | train_eval_loss=4.4534e-04 | val_loss=4.6934e-04 | | lr=5.00e-04
Epoch 122 | train_loss=4.5179e-04 | train_eval_loss=4.3502e-04 | val_loss=4.6559e-04 | | lr=5.00e-04
Saved best model to results/thesis_model_results/outputs/mtlsh_embeddability_tradeoff/MTLSH__mse__minmax__seed42__model_head_sizes64__model_shared_sizes256_128_64/mtlsh_state_dict_best.pt
Epoch 123 | train_loss=4.5102e-04 | train_eval_loss=4.4641e-04 | val_loss=4.6819e-04 | | lr=5.00e-04
Epoch 124 | train_loss=4.4804e-04 | train_eval_loss=4.3602e-04 | val_loss=4.6737e-04 | | lr=5.00e-04
Epoch 125 | train_loss=4.4669e-04 | train_eval_loss=4.4452e-04 | val_loss=4.7196e-04 | | lr=5.00e-04
Epoch 126 | train_loss=4.3801e-04 | train_eval_loss=4.4544e-04 | val_loss=4.7105e-04 | | lr=5.00e-04
Epoch 127 | train_loss=4.5096e-04 | train_eval_loss=4.3241e-04 | val_loss=4.6178e-04 | | lr=5.00e-04
Saved best model to results/thesis_model_results/outputs/mtlsh_embeddability_tradeoff/MTLSH__mse__minmax__seed42__model_head_sizes64__model_shared_sizes256_128_64/mtlsh_state_dict_best.pt
Epoch 128 | train_loss=4.6218e-04 | train_eval_loss=4.6180e-04 | val_loss=4.8973e-04 | | lr=5.00e-04
Epoch 129 | train_loss=4.4259e-04 | train_eval_loss=4.1827e-04 | val_loss=4.5213e-04 | | lr=5.00e-04
Saved best model to results/thesis_model_results/outputs/mtlsh_embeddability_tradeoff/MTLSH__mse__minmax__seed42__model_head_sizes64__model_shared_sizes256_128_64/mtlsh_state_dict_best.pt
Epoch 130 | train_loss=4.4614e-04 | train_eval_loss=4.2293e-04 | val_loss=4.5286e-04 | | lr=5.00e-04
Epoch 131 | train_loss=4.3465e-04 | train_eval_loss=4.9048e-04 | val_loss=5.2160e-04 | | lr=5.00e-04
Epoch 132 | train_loss=4.4952e-04 | train_eval_loss=4.2939e-04 | val_loss=4.6374e-04 | | lr=5.00e-04
Epoch 133 | train_loss=4.4386e-04 | train_eval_loss=4.3219e-04 | val_loss=4.6809e-04 | | lr=5.00e-04
Epoch 134 | train_loss=4.5509e-04 | train_eval_loss=4.1733e-04 | val_loss=4.5679e-04 | | lr=5.00e-04
Epoch 135 | train_loss=4.5327e-04 | train_eval_loss=4.7985e-04 | val_loss=5.1553e-04 | | lr=5.00e-04
Epoch 136 | train_loss=4.5644e-04 | train_eval_loss=4.7847e-04 | val_loss=5.0867e-04 | | lr=5.00e-04
Epoch 137 | train_loss=4.4395e-04 | train_eval_loss=4.9960e-04 | val_loss=5.3586e-04 | | lr=5.00e-04
Epoch 138 | train_loss=4.4133e-04 | train_eval_loss=5.1683e-04 | val_loss=5.5212e-04 | | lr=5.00e-04
Epoch 139 | train_loss=4.0960e-04 | train_eval_loss=3.9093e-04 | val_loss=4.2250e-04 | | lr=2.50e-04
Saved best model to results/thesis_model_results/outputs/mtlsh_embeddability_tradeoff/MTLSH__mse__minmax__seed42__model_head_sizes64__model_shared_sizes256_128_64/mtlsh_state_dict_best.pt
Epoch 140 | train_loss=4.0385e-04 | train_eval_loss=3.9026e-04 | val_loss=4.2572e-04 | | lr=2.50e-04
Epoch 141 | train_loss=4.0131e-04 | train_eval_loss=3.9283e-04 | val_loss=4.2725e-04 | | lr=2.50e-04
Epoch 142 | train_loss=3.9654e-04 | train_eval_loss=3.9773e-04 | val_loss=4.3658e-04 | | lr=2.50e-04
Epoch 143 | train_loss=4.0578e-04 | train_eval_loss=3.9250e-04 | val_loss=4.2915e-04 | | lr=2.50e-04
Epoch 144 | train_loss=4.0049e-04 | train_eval_loss=4.1153e-04 | val_loss=4.4892e-04 | | lr=2.50e-04
Epoch 145 | train_loss=4.0199e-04 | train_eval_loss=3.9666e-04 | val_loss=4.3715e-04 | | lr=2.50e-04
Epoch 146 | train_loss=3.9651e-04 | train_eval_loss=3.9755e-04 | val_loss=4.3177e-04 | | lr=2.50e-04
Epoch 147 | train_loss=4.0010e-04 | train_eval_loss=4.0467e-04 | val_loss=4.4483e-04 | | lr=2.50e-04
Epoch 148 | train_loss=4.0149e-04 | train_eval_loss=3.9734e-04 | val_loss=4.3776e-04 | | lr=2.50e-04
Epoch 149 | train_loss=3.8299e-04 | train_eval_loss=3.7866e-04 | val_loss=4.1761e-04 | | lr=1.25e-04
Saved best model to results/thesis_model_results/outputs/mtlsh_embeddability_tradeoff/MTLSH__mse__minmax__seed42__model_head_sizes64__model_shared_sizes256_128_64/mtlsh_state_dict_best.pt
Epoch 150 | train_loss=3.8400e-04 | train_eval_loss=3.8261e-04 | val_loss=4.2010e-04 | | lr=1.25e-04
Epoch 151 | train_loss=3.8439e-04 | train_eval_loss=3.8283e-04 | val_loss=4.2279e-04 | | lr=1.25e-04
Epoch 152 | train_loss=3.8046e-04 | train_eval_loss=3.7574e-04 | val_loss=4.1437e-04 | | lr=1.25e-04
Saved best model to results/thesis_model_results/outputs/mtlsh_embeddability_tradeoff/MTLSH__mse__minmax__seed42__model_head_sizes64__model_shared_sizes256_128_64/mtlsh_state_dict_best.pt
Epoch 153 | train_loss=3.8015e-04 | train_eval_loss=3.7595e-04 | val_loss=4.1346e-04 | | lr=1.25e-04
Saved best model to results/thesis_model_results/outputs/mtlsh_embeddability_tradeoff/MTLSH__mse__minmax__seed42__model_head_sizes64__model_shared_sizes256_128_64/mtlsh_state_dict_best.pt
Epoch 154 | train_loss=3.7957e-04 | train_eval_loss=3.7627e-04 | val_loss=4.1448e-04 | | lr=1.25e-04
Epoch 155 | train_loss=3.8181e-04 | train_eval_loss=3.8589e-04 | val_loss=4.2312e-04 | | lr=1.25e-04
Epoch 156 | train_loss=3.8021e-04 | train_eval_loss=3.8185e-04 | val_loss=4.2509e-04 | | lr=1.25e-04
Epoch 157 | train_loss=3.8299e-04 | train_eval_loss=3.8058e-04 | val_loss=4.2430e-04 | | lr=1.25e-04
Epoch 158 | train_loss=3.8201e-04 | train_eval_loss=3.7007e-04 | val_loss=4.1055e-04 | | lr=1.25e-04
Saved best model to results/thesis_model_results/outputs/mtlsh_embeddability_tradeoff/MTLSH__mse__minmax__seed42__model_head_sizes64__model_shared_sizes256_128_64/mtlsh_state_dict_best.pt
Epoch 159 | train_loss=3.8019e-04 | train_eval_loss=3.7496e-04 | val_loss=4.1402e-04 | | lr=1.25e-04
Epoch 160 | train_loss=3.7799e-04 | train_eval_loss=3.7659e-04 | val_loss=4.1792e-04 | | lr=1.25e-04
Epoch 161 | train_loss=3.7748e-04 | train_eval_loss=3.7769e-04 | val_loss=4.1874e-04 | | lr=1.25e-04
Epoch 162 | train_loss=3.7644e-04 | train_eval_loss=3.7466e-04 | val_loss=4.1452e-04 | | lr=1.25e-04
Epoch 163 | train_loss=3.7648e-04 | train_eval_loss=3.7656e-04 | val_loss=4.1315e-04 | | lr=1.25e-04
Epoch 164 | train_loss=3.8040e-04 | train_eval_loss=3.6927e-04 | val_loss=4.1221e-04 | | lr=1.25e-04
Epoch 165 | train_loss=3.7846e-04 | train_eval_loss=3.7066e-04 | val_loss=4.1186e-04 | | lr=1.25e-04
Epoch 166 | train_loss=3.7749e-04 | train_eval_loss=3.6729e-04 | val_loss=4.0900e-04 | | lr=1.25e-04
Saved best model to results/thesis_model_results/outputs/mtlsh_embeddability_tradeoff/MTLSH__mse__minmax__seed42__model_head_sizes64__model_shared_sizes256_128_64/mtlsh_state_dict_best.pt
Epoch 167 | train_loss=3.7398e-04 | train_eval_loss=3.6935e-04 | val_loss=4.0794e-04 | | lr=1.25e-04
Saved best model to results/thesis_model_results/outputs/mtlsh_embeddability_tradeoff/MTLSH__mse__minmax__seed42__model_head_sizes64__model_shared_sizes256_128_64/mtlsh_state_dict_best.pt
Epoch 168 | train_loss=3.7426e-04 | train_eval_loss=3.7450e-04 | val_loss=4.1430e-04 | | lr=1.25e-04
Epoch 169 | train_loss=3.7409e-04 | train_eval_loss=3.7211e-04 | val_loss=4.1222e-04 | | lr=1.25e-04
Epoch 170 | train_loss=3.7621e-04 | train_eval_loss=3.6745e-04 | val_loss=4.0922e-04 | | lr=1.25e-04
Epoch 171 | train_loss=3.7575e-04 | train_eval_loss=3.7566e-04 | val_loss=4.1851e-04 | | lr=1.25e-04
Epoch 172 | train_loss=3.7286e-04 | train_eval_loss=3.6856e-04 | val_loss=4.1129e-04 | | lr=1.25e-04
Epoch 173 | train_loss=3.7343e-04 | train_eval_loss=3.8269e-04 | val_loss=4.2743e-04 | | lr=1.25e-04
Epoch 174 | train_loss=3.7560e-04 | train_eval_loss=3.7956e-04 | val_loss=4.2293e-04 | | lr=1.25e-04
Epoch 175 | train_loss=3.7340e-04 | train_eval_loss=3.7442e-04 | val_loss=4.1527e-04 | | lr=1.25e-04
Epoch 176 | train_loss=3.7086e-04 | train_eval_loss=3.6909e-04 | val_loss=4.1396e-04 | | lr=1.25e-04
Epoch 177 | train_loss=3.6218e-04 | train_eval_loss=3.5951e-04 | val_loss=4.0452e-04 | | lr=6.25e-05
Saved best model to results/thesis_model_results/outputs/mtlsh_embeddability_tradeoff/MTLSH__mse__minmax__seed42__model_head_sizes64__model_shared_sizes256_128_64/mtlsh_state_dict_best.pt
Epoch 178 | train_loss=3.6247e-04 | train_eval_loss=3.6182e-04 | val_loss=4.0625e-04 | | lr=6.25e-05
Epoch 179 | train_loss=3.6095e-04 | train_eval_loss=3.5925e-04 | val_loss=4.0326e-04 | | lr=6.25e-05
Saved best model to results/thesis_model_results/outputs/mtlsh_embeddability_tradeoff/MTLSH__mse__minmax__seed42__model_head_sizes64__model_shared_sizes256_128_64/mtlsh_state_dict_best.pt
Epoch 180 | train_loss=3.6240e-04 | train_eval_loss=3.5949e-04 | val_loss=4.0469e-04 | | lr=6.25e-05
Epoch 181 | train_loss=3.6113e-04 | train_eval_loss=3.5816e-04 | val_loss=3.9819e-04 | | lr=6.25e-05
Saved best model to results/thesis_model_results/outputs/mtlsh_embeddability_tradeoff/MTLSH__mse__minmax__seed42__model_head_sizes64__model_shared_sizes256_128_64/mtlsh_state_dict_best.pt
Epoch 182 | train_loss=3.6023e-04 | train_eval_loss=3.5917e-04 | val_loss=4.0098e-04 | | lr=6.25e-05
Epoch 183 | train_loss=3.6056e-04 | train_eval_loss=3.6010e-04 | val_loss=4.0538e-04 | | lr=6.25e-05
Epoch 184 | train_loss=3.6009e-04 | train_eval_loss=3.6147e-04 | val_loss=4.0579e-04 | | lr=6.25e-05
Epoch 185 | train_loss=3.6116e-04 | train_eval_loss=3.6408e-04 | val_loss=4.0711e-04 | | lr=6.25e-05
Epoch 186 | train_loss=3.6126e-04 | train_eval_loss=3.5964e-04 | val_loss=4.0598e-04 | | lr=6.25e-05
Epoch 187 | train_loss=3.5969e-04 | train_eval_loss=3.5549e-04 | val_loss=3.9833e-04 | | lr=6.25e-05
Epoch 188 | train_loss=3.6037e-04 | train_eval_loss=3.5943e-04 | val_loss=4.0481e-04 | | lr=6.25e-05
Epoch 189 | train_loss=3.6044e-04 | train_eval_loss=3.6007e-04 | val_loss=4.0513e-04 | | lr=6.25e-05
Epoch 190 | train_loss=3.6028e-04 | train_eval_loss=3.6058e-04 | val_loss=4.0352e-04 | | lr=6.25e-05
Epoch 191 | train_loss=3.5464e-04 | train_eval_loss=3.5264e-04 | val_loss=3.9746e-04 | | lr=3.13e-05
Saved best model to results/thesis_model_results/outputs/mtlsh_embeddability_tradeoff/MTLSH__mse__minmax__seed42__model_head_sizes64__model_shared_sizes256_128_64/mtlsh_state_dict_best.pt
Epoch 192 | train_loss=3.5561e-04 | train_eval_loss=3.5210e-04 | val_loss=3.9616e-04 | | lr=3.13e-05
Saved best model to results/thesis_model_results/outputs/mtlsh_embeddability_tradeoff/MTLSH__mse__minmax__seed42__model_head_sizes64__model_shared_sizes256_128_64/mtlsh_state_dict_best.pt
Epoch 193 | train_loss=3.5484e-04 | train_eval_loss=3.5648e-04 | val_loss=3.9892e-04 | | lr=3.13e-05
Epoch 194 | train_loss=3.5327e-04 | train_eval_loss=3.5349e-04 | val_loss=3.9698e-04 | | lr=3.13e-05
Epoch 195 | train_loss=3.5335e-04 | train_eval_loss=3.5154e-04 | val_loss=3.9595e-04 | | lr=3.13e-05
Saved best model to results/thesis_model_results/outputs/mtlsh_embeddability_tradeoff/MTLSH__mse__minmax__seed42__model_head_sizes64__model_shared_sizes256_128_64/mtlsh_state_dict_best.pt
Epoch 196 | train_loss=3.5322e-04 | train_eval_loss=3.5319e-04 | val_loss=3.9806e-04 | | lr=3.13e-05
Epoch 197 | train_loss=3.5426e-04 | train_eval_loss=3.5183e-04 | val_loss=3.9837e-04 | | lr=3.13e-05
Epoch 198 | train_loss=3.5364e-04 | train_eval_loss=3.5098e-04 | val_loss=3.9568e-04 | | lr=3.13e-05
Saved best model to results/thesis_model_results/outputs/mtlsh_embeddability_tradeoff/MTLSH__mse__minmax__seed42__model_head_sizes64__model_shared_sizes256_128_64/mtlsh_state_dict_best.pt
Epoch 199 | train_loss=3.5332e-04 | train_eval_loss=3.5066e-04 | val_loss=3.9555e-04 | | lr=3.13e-05
Saved best model to results/thesis_model_results/outputs/mtlsh_embeddability_tradeoff/MTLSH__mse__minmax__seed42__model_head_sizes64__model_shared_sizes256_128_64/mtlsh_state_dict_best.pt
Epoch 200 | train_loss=3.5554e-04 | train_eval_loss=3.5276e-04 | val_loss=3.9510e-04 | | lr=3.13e-05
Saved best model to results/thesis_model_results/outputs/mtlsh_embeddability_tradeoff/MTLSH__mse__minmax__seed42__model_head_sizes64__model_shared_sizes256_128_64/mtlsh_state_dict_best.pt
Saved training logs to results/thesis_model_results/outputs/mtlsh_embeddability_tradeoff/MTLSH__mse__minmax__seed42__model_head_sizes64__model_shared_sizes256_128_64/training_summary.txt
Test RMSE(rocof_COI) = 0.0138 | norm: 0.0105 | real_diff: 0.0094
Test RMSE(dev_COI) = 0.0252 | norm: 0.0093 | real_diff: 0.0147
Test RMSE(Delta_P_IBR_1) = 0.1280 | norm: 0.0202 | real_diff: 0.0892
Test RMSE(Delta_P_IBR_2) = 0.1096 | norm: 0.0152 | real_diff: 0.0618
Test RMSE(Delta_P_IBR_3) = 0.1850 | norm: 0.0325 | real_diff: 0.1020
Test RMSE(Delta_P_IBR_4) = 0.1949 | norm: 0.0201 | real_diff: 0.1260
Saved RMSE results to results/thesis_model_results/outputs/mtlsh_embeddability_tradeoff/MTLSH__mse__minmax__seed42__model_head_sizes64__model_shared_sizes256_128_64/rmse_results.txt
Saved detailed metrics to results/thesis_model_results/outputs/mtlsh_embeddability_tradeoff/MTLSH__mse__minmax__seed42__model_head_sizes64__model_shared_sizes256_128_64/metrics_by_target.csv
Saved aggregate metrics to results/thesis_model_results/outputs/mtlsh_embeddability_tradeoff/MTLSH__mse__minmax__seed42__model_head_sizes64__model_shared_sizes256_128_64/metrics_summary.json
Saved loss curves to results/thesis_model_results/outputs/mtlsh_embeddability_tradeoff/MTLSH__mse__minmax__seed42__model_head_sizes64__model_shared_sizes256_128_64/loss_curve.png
Saved scatter plot results/thesis_model_results/outputs/mtlsh_embeddability_tradeoff/MTLSH__mse__minmax__seed42__model_head_sizes64__model_shared_sizes256_128_64/scatter_rocof_COI.png
Saved scatter plot results/thesis_model_results/outputs/mtlsh_embeddability_tradeoff/MTLSH__mse__minmax__seed42__model_head_sizes64__model_shared_sizes256_128_64/scatter_dev_COI.png
Saved scatter plot results/thesis_model_results/outputs/mtlsh_embeddability_tradeoff/MTLSH__mse__minmax__seed42__model_head_sizes64__model_shared_sizes256_128_64/scatter_Delta_P_IBR_1.png
Saved scatter plot results/thesis_model_results/outputs/mtlsh_embeddability_tradeoff/MTLSH__mse__minmax__seed42__model_head_sizes64__model_shared_sizes256_128_64/scatter_Delta_P_IBR_2.png
Saved scatter plot results/thesis_model_results/outputs/mtlsh_embeddability_tradeoff/MTLSH__mse__minmax__seed42__model_head_sizes64__model_shared_sizes256_128_64/scatter_Delta_P_IBR_3.png
Saved scatter plot results/thesis_model_results/outputs/mtlsh_embeddability_tradeoff/MTLSH__mse__minmax__seed42__model_head_sizes64__model_shared_sizes256_128_64/scatter_Delta_P_IBR_4.png
Saved model to results/thesis_model_results/outputs/mtlsh_embeddability_tradeoff/MTLSH__mse__minmax__seed42__model_head_sizes64__model_shared_sizes256_128_64/mtlsh_state_dict.pt
Loss type: mse | weights=[]
Target stats (scaled):
train mean=[0.549  0.589  0.492  0.4884 0.4785 0.4192]
train std=[0.1365 0.1371 0.1141 0.1063 0.1158 0.1138]
train q05=[0.3074 0.3979 0.3192 0.303  0.3347 0.2205]
train q95=[0.7933 0.8652 0.6719 0.6491 0.6927 0.6016]
val mean=[0.5473 0.5873 0.4922 0.4893 0.4798 0.4201]
val std=[0.1343 0.1348 0.1123 0.1072 0.1141 0.1112]
val q05=[0.3103 0.3982 0.3195 0.303  0.3376 0.2251]
val q95=[0.7886 0.8626 0.6731 0.6514 0.6918 0.5984]
val/train std ratio=[0.984  0.9828 0.9844 1.0084 0.9848 0.9772]
LR scheduler: ReduceLROnPlateau (factor=0.5, patience=8, min_lr=1e-07)
Epoch 001 | train_loss=3.0655e-02 | train_eval_loss=1.4580e-02 | val_loss=1.4171e-02 | | lr=1.00e-03
Saved best model to results/thesis_model_results/outputs/mtlsh_embeddability_tradeoff/MTLSH__mse__minmax__seed42__model_head_sizes128__model_shared_sizes256_128_64/mtlsh_state_dict_best.pt
Epoch 002 | train_loss=1.4206e-02 | train_eval_loss=1.2876e-02 | val_loss=1.2503e-02 | | lr=1.00e-03
Saved best model to results/thesis_model_results/outputs/mtlsh_embeddability_tradeoff/MTLSH__mse__minmax__seed42__model_head_sizes128__model_shared_sizes256_128_64/mtlsh_state_dict_best.pt
Epoch 003 | train_loss=6.3200e-03 | train_eval_loss=4.1122e-03 | val_loss=4.0449e-03 | | lr=1.00e-03
Saved best model to results/thesis_model_results/outputs/mtlsh_embeddability_tradeoff/MTLSH__mse__minmax__seed42__model_head_sizes128__model_shared_sizes256_128_64/mtlsh_state_dict_best.pt
Epoch 004 | train_loss=3.4805e-03 | train_eval_loss=3.2900e-03 | val_loss=3.2238e-03 | | lr=1.00e-03
Saved best model to results/thesis_model_results/outputs/mtlsh_embeddability_tradeoff/MTLSH__mse__minmax__seed42__model_head_sizes128__model_shared_sizes256_128_64/mtlsh_state_dict_best.pt
Epoch 005 | train_loss=3.2040e-03 | train_eval_loss=3.1141e-03 | val_loss=3.0384e-03 | | lr=1.00e-03
Saved best model to results/thesis_model_results/outputs/mtlsh_embeddability_tradeoff/MTLSH__mse__minmax__seed42__model_head_sizes128__model_shared_sizes256_128_64/mtlsh_state_dict_best.pt
Epoch 006 | train_loss=2.6964e-03 | train_eval_loss=2.4630e-03 | val_loss=2.3782e-03 | | lr=1.00e-03
Saved best model to results/thesis_model_results/outputs/mtlsh_embeddability_tradeoff/MTLSH__mse__minmax__seed42__model_head_sizes128__model_shared_sizes256_128_64/mtlsh_state_dict_best.pt
Epoch 007 | train_loss=2.3228e-03 | train_eval_loss=2.1185e-03 | val_loss=2.0609e-03 | | lr=1.00e-03
Saved best model to results/thesis_model_results/outputs/mtlsh_embeddability_tradeoff/MTLSH__mse__minmax__seed42__model_head_sizes128__model_shared_sizes256_128_64/mtlsh_state_dict_best.pt
Epoch 008 | train_loss=2.0179e-03 | train_eval_loss=1.9024e-03 | val_loss=1.8557e-03 | | lr=1.00e-03
Saved best model to results/thesis_model_results/outputs/mtlsh_embeddability_tradeoff/MTLSH__mse__minmax__seed42__model_head_sizes128__model_shared_sizes256_128_64/mtlsh_state_dict_best.pt
Epoch 009 | train_loss=1.8153e-03 | train_eval_loss=1.6348e-03 | val_loss=1.6018e-03 | | lr=1.00e-03
Saved best model to results/thesis_model_results/outputs/mtlsh_embeddability_tradeoff/MTLSH__mse__minmax__seed42__model_head_sizes128__model_shared_sizes256_128_64/mtlsh_state_dict_best.pt
Epoch 010 | train_loss=1.6581e-03 | train_eval_loss=1.4866e-03 | val_loss=1.4598e-03 | | lr=1.00e-03
Saved best model to results/thesis_model_results/outputs/mtlsh_embeddability_tradeoff/MTLSH__mse__minmax__seed42__model_head_sizes128__model_shared_sizes256_128_64/mtlsh_state_dict_best.pt
Epoch 011 | train_loss=1.5469e-03 | train_eval_loss=1.4278e-03 | val_loss=1.4086e-03 | | lr=1.00e-03
Saved best model to results/thesis_model_results/outputs/mtlsh_embeddability_tradeoff/MTLSH__mse__minmax__seed42__model_head_sizes128__model_shared_sizes256_128_64/mtlsh_state_dict_best.pt
Epoch 012 | train_loss=1.4764e-03 | train_eval_loss=1.6291e-03 | val_loss=1.6095e-03 | | lr=1.00e-03
Epoch 013 | train_loss=1.4920e-03 | train_eval_loss=1.3825e-03 | val_loss=1.3625e-03 | | lr=1.00e-03
Saved best model to results/thesis_model_results/outputs/mtlsh_embeddability_tradeoff/MTLSH__mse__minmax__seed42__model_head_sizes128__model_shared_sizes256_128_64/mtlsh_state_dict_best.pt
Epoch 014 | train_loss=1.3343e-03 | train_eval_loss=1.4206e-03 | val_loss=1.4048e-03 | | lr=1.00e-03
Epoch 015 | train_loss=1.3295e-03 | train_eval_loss=1.2789e-03 | val_loss=1.2638e-03 | | lr=1.00e-03
Saved best model to results/thesis_model_results/outputs/mtlsh_embeddability_tradeoff/MTLSH__mse__minmax__seed42__model_head_sizes128__model_shared_sizes256_128_64/mtlsh_state_dict_best.pt
Epoch 016 | train_loss=1.2453e-03 | train_eval_loss=1.3625e-03 | val_loss=1.3461e-03 | | lr=1.00e-03
Epoch 017 | train_loss=1.2270e-03 | train_eval_loss=1.2349e-03 | val_loss=1.2151e-03 | | lr=1.00e-03
Saved best model to results/thesis_model_results/outputs/mtlsh_embeddability_tradeoff/MTLSH__mse__minmax__seed42__model_head_sizes128__model_shared_sizes256_128_64/mtlsh_state_dict_best.pt
Epoch 018 | train_loss=1.2362e-03 | train_eval_loss=1.1284e-03 | val_loss=1.1227e-03 | | lr=1.00e-03
Saved best model to results/thesis_model_results/outputs/mtlsh_embeddability_tradeoff/MTLSH__mse__minmax__seed42__model_head_sizes128__model_shared_sizes256_128_64/mtlsh_state_dict_best.pt
Epoch 019 | train_loss=1.1695e-03 | train_eval_loss=1.0826e-03 | val_loss=1.0710e-03 | | lr=1.00e-03
Saved best model to results/thesis_model_results/outputs/mtlsh_embeddability_tradeoff/MTLSH__mse__minmax__seed42__model_head_sizes128__model_shared_sizes256_128_64/mtlsh_state_dict_best.pt
Epoch 020 | train_loss=1.1227e-03 | train_eval_loss=1.2415e-03 | val_loss=1.2298e-03 | | lr=1.00e-03
Epoch 021 | train_loss=1.1350e-03 | train_eval_loss=1.1312e-03 | val_loss=1.1235e-03 | | lr=1.00e-03
Epoch 022 | train_loss=1.0829e-03 | train_eval_loss=1.0554e-03 | val_loss=1.0494e-03 | | lr=1.00e-03
Saved best model to results/thesis_model_results/outputs/mtlsh_embeddability_tradeoff/MTLSH__mse__minmax__seed42__model_head_sizes128__model_shared_sizes256_128_64/mtlsh_state_dict_best.pt
Epoch 023 | train_loss=1.1094e-03 | train_eval_loss=1.0247e-03 | val_loss=1.0179e-03 | | lr=1.00e-03
Saved best model to results/thesis_model_results/outputs/mtlsh_embeddability_tradeoff/MTLSH__mse__minmax__seed42__model_head_sizes128__model_shared_sizes256_128_64/mtlsh_state_dict_best.pt
Epoch 024 | train_loss=1.0834e-03 | train_eval_loss=1.3197e-03 | val_loss=1.3236e-03 | | lr=1.00e-03
Epoch 025 | train_loss=1.1855e-03 | train_eval_loss=1.1218e-03 | val_loss=1.1238e-03 | | lr=1.00e-03
Epoch 026 | train_loss=1.0218e-03 | train_eval_loss=9.9915e-04 | val_loss=9.9097e-04 | | lr=1.00e-03
Saved best model to results/thesis_model_results/outputs/mtlsh_embeddability_tradeoff/MTLSH__mse__minmax__seed42__model_head_sizes128__model_shared_sizes256_128_64/mtlsh_state_dict_best.pt
Epoch 027 | train_loss=1.0563e-03 | train_eval_loss=1.1196e-03 | val_loss=1.1272e-03 | | lr=1.00e-03
Epoch 028 | train_loss=9.9197e-04 | train_eval_loss=9.7522e-04 | val_loss=9.6968e-04 | | lr=1.00e-03
Saved best model to results/thesis_model_results/outputs/mtlsh_embeddability_tradeoff/MTLSH__mse__minmax__seed42__model_head_sizes128__model_shared_sizes256_128_64/mtlsh_state_dict_best.pt
Epoch 029 | train_loss=9.8948e-04 | train_eval_loss=1.2553e-03 | val_loss=1.2702e-03 | | lr=1.00e-03
Epoch 030 | train_loss=1.0518e-03 | train_eval_loss=8.6817e-04 | val_loss=8.6799e-04 | | lr=1.00e-03
Saved best model to results/thesis_model_results/outputs/mtlsh_embeddability_tradeoff/MTLSH__mse__minmax__seed42__model_head_sizes128__model_shared_sizes256_128_64/mtlsh_state_dict_best.pt
Epoch 031 | train_loss=9.2409e-04 | train_eval_loss=9.1849e-04 | val_loss=9.2024e-04 | | lr=1.00e-03
Epoch 032 | train_loss=9.5987e-04 | train_eval_loss=8.4474e-04 | val_loss=8.4539e-04 | | lr=1.00e-03
Saved best model to results/thesis_model_results/outputs/mtlsh_embeddability_tradeoff/MTLSH__mse__minmax__seed42__model_head_sizes128__model_shared_sizes256_128_64/mtlsh_state_dict_best.pt
Epoch 033 | train_loss=9.5466e-04 | train_eval_loss=8.4917e-04 | val_loss=8.4479e-04 | | lr=1.00e-03
Saved best model to results/thesis_model_results/outputs/mtlsh_embeddability_tradeoff/MTLSH__mse__minmax__seed42__model_head_sizes128__model_shared_sizes256_128_64/mtlsh_state_dict_best.pt
Epoch 034 | train_loss=8.8335e-04 | train_eval_loss=9.0533e-04 | val_loss=8.9690e-04 | | lr=1.00e-03
Epoch 035 | train_loss=9.1677e-04 | train_eval_loss=8.8688e-04 | val_loss=8.8586e-04 | | lr=1.00e-03
Epoch 036 | train_loss=9.0639e-04 | train_eval_loss=8.3222e-04 | val_loss=8.2629e-04 | | lr=1.00e-03
Saved best model to results/thesis_model_results/outputs/mtlsh_embeddability_tradeoff/MTLSH__mse__minmax__seed42__model_head_sizes128__model_shared_sizes256_128_64/mtlsh_state_dict_best.pt
Epoch 037 | train_loss=8.2849e-04 | train_eval_loss=8.0934e-04 | val_loss=8.0646e-04 | | lr=1.00e-03
Saved best model to results/thesis_model_results/outputs/mtlsh_embeddability_tradeoff/MTLSH__mse__minmax__seed42__model_head_sizes128__model_shared_sizes256_128_64/mtlsh_state_dict_best.pt
Epoch 038 | train_loss=8.6735e-04 | train_eval_loss=1.1238e-03 | val_loss=1.1342e-03 | | lr=1.00e-03
Epoch 039 | train_loss=8.8731e-04 | train_eval_loss=7.7623e-04 | val_loss=7.7608e-04 | | lr=1.00e-03
Saved best model to results/thesis_model_results/outputs/mtlsh_embeddability_tradeoff/MTLSH__mse__minmax__seed42__model_head_sizes128__model_shared_sizes256_128_64/mtlsh_state_dict_best.pt
Epoch 040 | train_loss=8.2918e-04 | train_eval_loss=8.0620e-04 | val_loss=8.0894e-04 | | lr=1.00e-03
Epoch 041 | train_loss=8.6239e-04 | train_eval_loss=8.6391e-04 | val_loss=8.6696e-04 | | lr=1.00e-03
Epoch 042 | train_loss=7.8741e-04 | train_eval_loss=7.6764e-04 | val_loss=7.6752e-04 | | lr=1.00e-03
Saved best model to results/thesis_model_results/outputs/mtlsh_embeddability_tradeoff/MTLSH__mse__minmax__seed42__model_head_sizes128__model_shared_sizes256_128_64/mtlsh_state_dict_best.pt
Epoch 043 | train_loss=7.8739e-04 | train_eval_loss=8.1709e-04 | val_loss=8.1927e-04 | | lr=1.00e-03
Epoch 044 | train_loss=8.1433e-04 | train_eval_loss=7.6499e-04 | val_loss=7.6079e-04 | | lr=1.00e-03
Saved best model to results/thesis_model_results/outputs/mtlsh_embeddability_tradeoff/MTLSH__mse__minmax__seed42__model_head_sizes128__model_shared_sizes256_128_64/mtlsh_state_dict_best.pt
Epoch 045 | train_loss=7.5311e-04 | train_eval_loss=7.2391e-04 | val_loss=7.2741e-04 | | lr=1.00e-03
Saved best model to results/thesis_model_results/outputs/mtlsh_embeddability_tradeoff/MTLSH__mse__minmax__seed42__model_head_sizes128__model_shared_sizes256_128_64/mtlsh_state_dict_best.pt
Epoch 046 | train_loss=8.1643e-04 | train_eval_loss=8.6327e-04 | val_loss=8.7300e-04 | | lr=1.00e-03
Epoch 047 | train_loss=7.3647e-04 | train_eval_loss=6.6376e-04 | val_loss=6.6332e-04 | | lr=1.00e-03
Saved best model to results/thesis_model_results/outputs/mtlsh_embeddability_tradeoff/MTLSH__mse__minmax__seed42__model_head_sizes128__model_shared_sizes256_128_64/mtlsh_state_dict_best.pt
Epoch 048 | train_loss=7.2746e-04 | train_eval_loss=6.5921e-04 | val_loss=6.6453e-04 | | lr=1.00e-03
Epoch 049 | train_loss=7.2473e-04 | train_eval_loss=6.6997e-04 | val_loss=6.7141e-04 | | lr=1.00e-03
Epoch 050 | train_loss=7.2553e-04 | train_eval_loss=8.7160e-04 | val_loss=8.5739e-04 | | lr=1.00e-03
Epoch 051 | train_loss=7.1874e-04 | train_eval_loss=7.1344e-04 | val_loss=7.1635e-04 | | lr=1.00e-03
Epoch 052 | train_loss=7.3207e-04 | train_eval_loss=7.1679e-04 | val_loss=7.2482e-04 | | lr=1.00e-03
Epoch 053 | train_loss=6.7190e-04 | train_eval_loss=5.9621e-04 | val_loss=6.0283e-04 | | lr=1.00e-03
Saved best model to results/thesis_model_results/outputs/mtlsh_embeddability_tradeoff/MTLSH__mse__minmax__seed42__model_head_sizes128__model_shared_sizes256_128_64/mtlsh_state_dict_best.pt
Epoch 054 | train_loss=6.8307e-04 | train_eval_loss=6.2811e-04 | val_loss=6.2700e-04 | | lr=1.00e-03
Epoch 055 | train_loss=6.9170e-04 | train_eval_loss=7.0408e-04 | val_loss=7.1790e-04 | | lr=1.00e-03
Epoch 056 | train_loss=6.7875e-04 | train_eval_loss=6.6256e-04 | val_loss=6.6163e-04 | | lr=1.00e-03
Epoch 057 | train_loss=6.3933e-04 | train_eval_loss=6.2949e-04 | val_loss=6.3328e-04 | | lr=1.00e-03
Epoch 058 | train_loss=7.3240e-04 | train_eval_loss=6.3588e-04 | val_loss=6.4686e-04 | | lr=1.00e-03
Epoch 059 | train_loss=6.5314e-04 | train_eval_loss=6.7636e-04 | val_loss=6.8817e-04 | | lr=1.00e-03
Epoch 060 | train_loss=6.3150e-04 | train_eval_loss=6.6309e-04 | val_loss=6.7080e-04 | | lr=1.00e-03
Epoch 061 | train_loss=6.4246e-04 | train_eval_loss=5.9442e-04 | val_loss=6.0128e-04 | | lr=1.00e-03
Saved best model to results/thesis_model_results/outputs/mtlsh_embeddability_tradeoff/MTLSH__mse__minmax__seed42__model_head_sizes128__model_shared_sizes256_128_64/mtlsh_state_dict_best.pt
Epoch 062 | train_loss=6.5645e-04 | train_eval_loss=6.5736e-04 | val_loss=6.6333e-04 | | lr=1.00e-03
Epoch 063 | train_loss=6.3670e-04 | train_eval_loss=6.4151e-04 | val_loss=6.3620e-04 | | lr=1.00e-03
Epoch 064 | train_loss=6.7072e-04 | train_eval_loss=8.4486e-04 | val_loss=8.7237e-04 | | lr=1.00e-03
Epoch 065 | train_loss=5.9080e-04 | train_eval_loss=6.5295e-04 | val_loss=6.7447e-04 | | lr=1.00e-03
Epoch 066 | train_loss=6.2791e-04 | train_eval_loss=6.4004e-04 | val_loss=6.3017e-04 | | lr=1.00e-03
Epoch 067 | train_loss=6.9225e-04 | train_eval_loss=6.3535e-04 | val_loss=6.5498e-04 | | lr=1.00e-03
Epoch 068 | train_loss=6.5312e-04 | train_eval_loss=6.0629e-04 | val_loss=6.1110e-04 | | lr=1.00e-03
Epoch 069 | train_loss=5.7059e-04 | train_eval_loss=6.0129e-04 | val_loss=6.1525e-04 | | lr=1.00e-03
Epoch 070 | train_loss=5.9687e-04 | train_eval_loss=5.6361e-04 | val_loss=5.7742e-04 | | lr=1.00e-03
Saved best model to results/thesis_model_results/outputs/mtlsh_embeddability_tradeoff/MTLSH__mse__minmax__seed42__model_head_sizes128__model_shared_sizes256_128_64/mtlsh_state_dict_best.pt
Epoch 071 | train_loss=6.3002e-04 | train_eval_loss=6.3015e-04 | val_loss=6.3649e-04 | | lr=1.00e-03
Epoch 072 | train_loss=5.6665e-04 | train_eval_loss=5.7032e-04 | val_loss=5.7421e-04 | | lr=1.00e-03
Saved best model to results/thesis_model_results/outputs/mtlsh_embeddability_tradeoff/MTLSH__mse__minmax__seed42__model_head_sizes128__model_shared_sizes256_128_64/mtlsh_state_dict_best.pt
Epoch 073 | train_loss=6.5532e-04 | train_eval_loss=6.5023e-04 | val_loss=6.5565e-04 | | lr=1.00e-03
Epoch 074 | train_loss=6.1249e-04 | train_eval_loss=6.8320e-04 | val_loss=7.0977e-04 | | lr=1.00e-03
Epoch 075 | train_loss=6.0261e-04 | train_eval_loss=5.5351e-04 | val_loss=5.6505e-04 | | lr=1.00e-03
Saved best model to results/thesis_model_results/outputs/mtlsh_embeddability_tradeoff/MTLSH__mse__minmax__seed42__model_head_sizes128__model_shared_sizes256_128_64/mtlsh_state_dict_best.pt
Epoch 076 | train_loss=5.8143e-04 | train_eval_loss=6.0792e-04 | val_loss=6.2349e-04 | | lr=1.00e-03
Epoch 077 | train_loss=5.9379e-04 | train_eval_loss=5.8413e-04 | val_loss=5.9179e-04 | | lr=1.00e-03
Epoch 078 | train_loss=5.7853e-04 | train_eval_loss=5.1792e-04 | val_loss=5.4135e-04 | | lr=1.00e-03
Saved best model to results/thesis_model_results/outputs/mtlsh_embeddability_tradeoff/MTLSH__mse__minmax__seed42__model_head_sizes128__model_shared_sizes256_128_64/mtlsh_state_dict_best.pt
Epoch 079 | train_loss=5.3601e-04 | train_eval_loss=6.3651e-04 | val_loss=6.6342e-04 | | lr=1.00e-03
Epoch 080 | train_loss=6.6481e-04 | train_eval_loss=9.5854e-04 | val_loss=9.5932e-04 | | lr=1.00e-03
Epoch 081 | train_loss=6.1548e-04 | train_eval_loss=6.4559e-04 | val_loss=6.6036e-04 | | lr=1.00e-03
Epoch 082 | train_loss=5.5457e-04 | train_eval_loss=5.3132e-04 | val_loss=5.4842e-04 | | lr=1.00e-03
Epoch 083 | train_loss=5.3410e-04 | train_eval_loss=5.3406e-04 | val_loss=5.5153e-04 | | lr=1.00e-03
Epoch 084 | train_loss=5.2156e-04 | train_eval_loss=4.9364e-04 | val_loss=5.1505e-04 | | lr=1.00e-03
Saved best model to results/thesis_model_results/outputs/mtlsh_embeddability_tradeoff/MTLSH__mse__minmax__seed42__model_head_sizes128__model_shared_sizes256_128_64/mtlsh_state_dict_best.pt
Epoch 085 | train_loss=5.9590e-04 | train_eval_loss=5.7238e-04 | val_loss=5.9841e-04 | | lr=1.00e-03
Epoch 086 | train_loss=5.4269e-04 | train_eval_loss=6.3429e-04 | val_loss=6.6050e-04 | | lr=1.00e-03
Epoch 087 | train_loss=5.1319e-04 | train_eval_loss=6.9453e-04 | val_loss=7.2658e-04 | | lr=1.00e-03
Epoch 088 | train_loss=5.4495e-04 | train_eval_loss=4.9420e-04 | val_loss=5.2573e-04 | | lr=1.00e-03
Epoch 089 | train_loss=5.6617e-04 | train_eval_loss=6.7256e-04 | val_loss=6.9682e-04 | | lr=1.00e-03
Epoch 090 | train_loss=5.3774e-04 | train_eval_loss=4.7572e-04 | val_loss=5.0336e-04 | | lr=1.00e-03
Saved best model to results/thesis_model_results/outputs/mtlsh_embeddability_tradeoff/MTLSH__mse__minmax__seed42__model_head_sizes128__model_shared_sizes256_128_64/mtlsh_state_dict_best.pt
Epoch 091 | train_loss=5.6114e-04 | train_eval_loss=5.5185e-04 | val_loss=5.7807e-04 | | lr=1.00e-03
Epoch 092 | train_loss=5.2738e-04 | train_eval_loss=5.3563e-04 | val_loss=5.5775e-04 | | lr=1.00e-03
Epoch 093 | train_loss=5.5094e-04 | train_eval_loss=5.7853e-04 | val_loss=5.9750e-04 | | lr=1.00e-03
Epoch 094 | train_loss=5.2253e-04 | train_eval_loss=5.9297e-04 | val_loss=6.1268e-04 | | lr=1.00e-03
Epoch 095 | train_loss=5.6896e-04 | train_eval_loss=4.9901e-04 | val_loss=5.2312e-04 | | lr=1.00e-03
Epoch 096 | train_loss=5.8693e-04 | train_eval_loss=5.7381e-04 | val_loss=5.8875e-04 | | lr=1.00e-03
Epoch 097 | train_loss=4.9934e-04 | train_eval_loss=4.4976e-04 | val_loss=4.6967e-04 | | lr=1.00e-03
Saved best model to results/thesis_model_results/outputs/mtlsh_embeddability_tradeoff/MTLSH__mse__minmax__seed42__model_head_sizes128__model_shared_sizes256_128_64/mtlsh_state_dict_best.pt
Epoch 098 | train_loss=4.7157e-04 | train_eval_loss=5.0364e-04 | val_loss=5.1610e-04 | | lr=1.00e-03
Epoch 099 | train_loss=6.1233e-04 | train_eval_loss=4.7928e-04 | val_loss=5.0995e-04 | | lr=1.00e-03
Epoch 100 | train_loss=4.8518e-04 | train_eval_loss=5.2424e-04 | val_loss=5.5765e-04 | | lr=1.00e-03
Epoch 101 | train_loss=5.1994e-04 | train_eval_loss=6.6151e-04 | val_loss=6.8332e-04 | | lr=1.00e-03
Epoch 102 | train_loss=5.1681e-04 | train_eval_loss=5.3943e-04 | val_loss=5.6126e-04 | | lr=1.00e-03
Epoch 103 | train_loss=5.3482e-04 | train_eval_loss=5.6149e-04 | val_loss=5.9893e-04 | | lr=1.00e-03
Epoch 104 | train_loss=5.0307e-04 | train_eval_loss=5.1580e-04 | val_loss=5.4735e-04 | | lr=1.00e-03
Epoch 105 | train_loss=5.0285e-04 | train_eval_loss=4.9134e-04 | val_loss=5.2581e-04 | | lr=1.00e-03
Epoch 106 | train_loss=4.6081e-04 | train_eval_loss=4.2548e-04 | val_loss=4.5907e-04 | | lr=1.00e-03
Saved best model to results/thesis_model_results/outputs/mtlsh_embeddability_tradeoff/MTLSH__mse__minmax__seed42__model_head_sizes128__model_shared_sizes256_128_64/mtlsh_state_dict_best.pt
Epoch 107 | train_loss=4.5590e-04 | train_eval_loss=4.2499e-04 | val_loss=4.5641e-04 | | lr=1.00e-03
Saved best model to results/thesis_model_results/outputs/mtlsh_embeddability_tradeoff/MTLSH__mse__minmax__seed42__model_head_sizes128__model_shared_sizes256_128_64/mtlsh_state_dict_best.pt
Epoch 108 | train_loss=5.6122e-04 | train_eval_loss=5.7396e-04 | val_loss=6.0729e-04 | | lr=1.00e-03
Epoch 109 | train_loss=4.9051e-04 | train_eval_loss=4.9579e-04 | val_loss=5.2684e-04 | | lr=1.00e-03
Epoch 110 | train_loss=5.4016e-04 | train_eval_loss=4.4662e-04 | val_loss=4.7305e-04 | | lr=1.00e-03
Epoch 111 | train_loss=4.5317e-04 | train_eval_loss=4.4763e-04 | val_loss=4.6721e-04 | | lr=1.00e-03
Epoch 112 | train_loss=5.2943e-04 | train_eval_loss=6.8379e-04 | val_loss=7.2564e-04 | | lr=1.00e-03
Epoch 113 | train_loss=5.0058e-04 | train_eval_loss=4.0853e-04 | val_loss=4.4115e-04 | | lr=1.00e-03
Saved best model to results/thesis_model_results/outputs/mtlsh_embeddability_tradeoff/MTLSH__mse__minmax__seed42__model_head_sizes128__model_shared_sizes256_128_64/mtlsh_state_dict_best.pt
Epoch 114 | train_loss=5.3651e-04 | train_eval_loss=4.3125e-04 | val_loss=4.6001e-04 | | lr=1.00e-03
Epoch 115 | train_loss=4.4093e-04 | train_eval_loss=4.5295e-04 | val_loss=4.9316e-04 | | lr=1.00e-03
Epoch 116 | train_loss=4.2588e-04 | train_eval_loss=4.6157e-04 | val_loss=4.9439e-04 | | lr=1.00e-03
Epoch 117 | train_loss=4.7463e-04 | train_eval_loss=4.0634e-04 | val_loss=4.3944e-04 | | lr=1.00e-03
Saved best model to results/thesis_model_results/outputs/mtlsh_embeddability_tradeoff/MTLSH__mse__minmax__seed42__model_head_sizes128__model_shared_sizes256_128_64/mtlsh_state_dict_best.pt
Epoch 118 | train_loss=4.3087e-04 | train_eval_loss=4.5556e-04 | val_loss=4.9319e-04 | | lr=1.00e-03
Epoch 119 | train_loss=5.1301e-04 | train_eval_loss=5.4439e-04 | val_loss=5.7914e-04 | | lr=1.00e-03
Epoch 120 | train_loss=4.5233e-04 | train_eval_loss=4.6915e-04 | val_loss=5.1161e-04 | | lr=1.00e-03
Epoch 121 | train_loss=5.0728e-04 | train_eval_loss=4.1735e-04 | val_loss=4.5325e-04 | | lr=1.00e-03
Epoch 122 | train_loss=4.8722e-04 | train_eval_loss=4.6472e-04 | val_loss=4.9191e-04 | | lr=1.00e-03
Epoch 123 | train_loss=4.3163e-04 | train_eval_loss=5.1682e-04 | val_loss=5.5169e-04 | | lr=1.00e-03
Epoch 124 | train_loss=5.1587e-04 | train_eval_loss=6.1296e-04 | val_loss=6.4671e-04 | | lr=1.00e-03
Epoch 125 | train_loss=4.4521e-04 | train_eval_loss=5.3064e-04 | val_loss=5.7755e-04 | | lr=1.00e-03
Epoch 126 | train_loss=4.7078e-04 | train_eval_loss=4.9931e-04 | val_loss=5.3503e-04 | | lr=1.00e-03
Epoch 127 | train_loss=3.6980e-04 | train_eval_loss=3.5576e-04 | val_loss=3.9781e-04 | | lr=5.00e-04
Saved best model to results/thesis_model_results/outputs/mtlsh_embeddability_tradeoff/MTLSH__mse__minmax__seed42__model_head_sizes128__model_shared_sizes256_128_64/mtlsh_state_dict_best.pt
Epoch 128 | train_loss=3.5793e-04 | train_eval_loss=3.4983e-04 | val_loss=4.0042e-04 | | lr=5.00e-04
Epoch 129 | train_loss=3.4956e-04 | train_eval_loss=3.4779e-04 | val_loss=3.9526e-04 | | lr=5.00e-04
Saved best model to results/thesis_model_results/outputs/mtlsh_embeddability_tradeoff/MTLSH__mse__minmax__seed42__model_head_sizes128__model_shared_sizes256_128_64/mtlsh_state_dict_best.pt
Epoch 130 | train_loss=3.4841e-04 | train_eval_loss=3.3672e-04 | val_loss=3.8531e-04 | | lr=5.00e-04
Saved best model to results/thesis_model_results/outputs/mtlsh_embeddability_tradeoff/MTLSH__mse__minmax__seed42__model_head_sizes128__model_shared_sizes256_128_64/mtlsh_state_dict_best.pt
Epoch 131 | train_loss=3.5644e-04 | train_eval_loss=3.4078e-04 | val_loss=3.9134e-04 | | lr=5.00e-04
Epoch 132 | train_loss=3.4791e-04 | train_eval_loss=3.9026e-04 | val_loss=4.3542e-04 | | lr=5.00e-04
Epoch 133 | train_loss=3.5811e-04 | train_eval_loss=3.4153e-04 | val_loss=3.9700e-04 | | lr=5.00e-04
Epoch 134 | train_loss=3.4467e-04 | train_eval_loss=4.0023e-04 | val_loss=4.4290e-04 | | lr=5.00e-04
Epoch 135 | train_loss=3.7988e-04 | train_eval_loss=3.6040e-04 | val_loss=4.0630e-04 | | lr=5.00e-04
Epoch 136 | train_loss=3.4640e-04 | train_eval_loss=3.8325e-04 | val_loss=4.3981e-04 | | lr=5.00e-04
Epoch 137 | train_loss=3.5224e-04 | train_eval_loss=3.3385e-04 | val_loss=3.7906e-04 | | lr=5.00e-04
Saved best model to results/thesis_model_results/outputs/mtlsh_embeddability_tradeoff/MTLSH__mse__minmax__seed42__model_head_sizes128__model_shared_sizes256_128_64/mtlsh_state_dict_best.pt
Epoch 138 | train_loss=3.6161e-04 | train_eval_loss=3.5197e-04 | val_loss=4.0085e-04 | | lr=5.00e-04
Epoch 139 | train_loss=3.5669e-04 | train_eval_loss=3.3606e-04 | val_loss=3.8558e-04 | | lr=5.00e-04
Epoch 140 | train_loss=3.7437e-04 | train_eval_loss=3.6715e-04 | val_loss=4.1590e-04 | | lr=5.00e-04
Epoch 141 | train_loss=3.5416e-04 | train_eval_loss=3.3649e-04 | val_loss=3.8212e-04 | | lr=5.00e-04
Epoch 142 | train_loss=3.4805e-04 | train_eval_loss=3.4031e-04 | val_loss=3.9569e-04 | | lr=5.00e-04
Epoch 143 | train_loss=3.4593e-04 | train_eval_loss=3.6159e-04 | val_loss=4.2309e-04 | | lr=5.00e-04
Epoch 144 | train_loss=3.7035e-04 | train_eval_loss=4.1844e-04 | val_loss=4.5659e-04 | | lr=5.00e-04
Epoch 145 | train_loss=3.8237e-04 | train_eval_loss=3.8559e-04 | val_loss=4.3892e-04 | | lr=5.00e-04
Epoch 146 | train_loss=3.5788e-04 | train_eval_loss=3.5419e-04 | val_loss=3.9605e-04 | | lr=5.00e-04
Epoch 147 | train_loss=3.1983e-04 | train_eval_loss=3.1108e-04 | val_loss=3.6572e-04 | | lr=2.50e-04
Saved best model to results/thesis_model_results/outputs/mtlsh_embeddability_tradeoff/MTLSH__mse__minmax__seed42__model_head_sizes128__model_shared_sizes256_128_64/mtlsh_state_dict_best.pt
Epoch 148 | train_loss=3.1100e-04 | train_eval_loss=3.0463e-04 | val_loss=3.5890e-04 | | lr=2.50e-04
Saved best model to results/thesis_model_results/outputs/mtlsh_embeddability_tradeoff/MTLSH__mse__minmax__seed42__model_head_sizes128__model_shared_sizes256_128_64/mtlsh_state_dict_best.pt
Epoch 149 | train_loss=3.1511e-04 | train_eval_loss=3.1477e-04 | val_loss=3.7107e-04 | | lr=2.50e-04
Epoch 150 | train_loss=3.1431e-04 | train_eval_loss=2.9898e-04 | val_loss=3.5098e-04 | | lr=2.50e-04
Saved best model to results/thesis_model_results/outputs/mtlsh_embeddability_tradeoff/MTLSH__mse__minmax__seed42__model_head_sizes128__model_shared_sizes256_128_64/mtlsh_state_dict_best.pt
Epoch 151 | train_loss=3.1041e-04 | train_eval_loss=3.0828e-04 | val_loss=3.6520e-04 | | lr=2.50e-04
Epoch 152 | train_loss=3.1980e-04 | train_eval_loss=3.1088e-04 | val_loss=3.6939e-04 | | lr=2.50e-04
Epoch 153 | train_loss=3.1947e-04 | train_eval_loss=3.3578e-04 | val_loss=3.8546e-04 | | lr=2.50e-04
Epoch 154 | train_loss=3.1329e-04 | train_eval_loss=3.0199e-04 | val_loss=3.6035e-04 | | lr=2.50e-04
Epoch 155 | train_loss=3.1165e-04 | train_eval_loss=3.0096e-04 | val_loss=3.6091e-04 | | lr=2.50e-04
Epoch 156 | train_loss=3.0644e-04 | train_eval_loss=2.9355e-04 | val_loss=3.5432e-04 | | lr=2.50e-04
Epoch 157 | train_loss=3.1532e-04 | train_eval_loss=3.0387e-04 | val_loss=3.6124e-04 | | lr=2.50e-04
Epoch 158 | train_loss=3.0689e-04 | train_eval_loss=2.9753e-04 | val_loss=3.5507e-04 | | lr=2.50e-04
Epoch 159 | train_loss=3.1093e-04 | train_eval_loss=3.1963e-04 | val_loss=3.7888e-04 | | lr=2.50e-04
Epoch 160 | train_loss=2.9179e-04 | train_eval_loss=2.8214e-04 | val_loss=3.4496e-04 | | lr=1.25e-04
Saved best model to results/thesis_model_results/outputs/mtlsh_embeddability_tradeoff/MTLSH__mse__minmax__seed42__model_head_sizes128__model_shared_sizes256_128_64/mtlsh_state_dict_best.pt
Epoch 161 | train_loss=2.9129e-04 | train_eval_loss=2.9626e-04 | val_loss=3.5843e-04 | | lr=1.25e-04
Epoch 162 | train_loss=2.8956e-04 | train_eval_loss=2.8170e-04 | val_loss=3.4314e-04 | | lr=1.25e-04
Saved best model to results/thesis_model_results/outputs/mtlsh_embeddability_tradeoff/MTLSH__mse__minmax__seed42__model_head_sizes128__model_shared_sizes256_128_64/mtlsh_state_dict_best.pt
Epoch 163 | train_loss=2.8676e-04 | train_eval_loss=2.8086e-04 | val_loss=3.4128e-04 | | lr=1.25e-04
Saved best model to results/thesis_model_results/outputs/mtlsh_embeddability_tradeoff/MTLSH__mse__minmax__seed42__model_head_sizes128__model_shared_sizes256_128_64/mtlsh_state_dict_best.pt
Epoch 164 | train_loss=2.8821e-04 | train_eval_loss=2.9639e-04 | val_loss=3.5798e-04 | | lr=1.25e-04
Epoch 165 | train_loss=2.9261e-04 | train_eval_loss=2.8489e-04 | val_loss=3.4401e-04 | | lr=1.25e-04
Epoch 166 | train_loss=2.9233e-04 | train_eval_loss=2.8153e-04 | val_loss=3.3971e-04 | | lr=1.25e-04
Saved best model to results/thesis_model_results/outputs/mtlsh_embeddability_tradeoff/MTLSH__mse__minmax__seed42__model_head_sizes128__model_shared_sizes256_128_64/mtlsh_state_dict_best.pt
Epoch 167 | train_loss=2.8831e-04 | train_eval_loss=2.8522e-04 | val_loss=3.4397e-04 | | lr=1.25e-04
Epoch 168 | train_loss=2.8568e-04 | train_eval_loss=2.8022e-04 | val_loss=3.4229e-04 | | lr=1.25e-04
Epoch 169 | train_loss=2.8796e-04 | train_eval_loss=2.8135e-04 | val_loss=3.4370e-04 | | lr=1.25e-04
Epoch 170 | train_loss=2.8690e-04 | train_eval_loss=2.7995e-04 | val_loss=3.4389e-04 | | lr=1.25e-04
Epoch 171 | train_loss=2.8376e-04 | train_eval_loss=2.9254e-04 | val_loss=3.5185e-04 | | lr=1.25e-04
Epoch 172 | train_loss=2.8911e-04 | train_eval_loss=2.8018e-04 | val_loss=3.4140e-04 | | lr=1.25e-04
Epoch 173 | train_loss=2.8747e-04 | train_eval_loss=2.8064e-04 | val_loss=3.3898e-04 | | lr=1.25e-04
Saved best model to results/thesis_model_results/outputs/mtlsh_embeddability_tradeoff/MTLSH__mse__minmax__seed42__model_head_sizes128__model_shared_sizes256_128_64/mtlsh_state_dict_best.pt
Epoch 174 | train_loss=2.8648e-04 | train_eval_loss=2.7851e-04 | val_loss=3.4544e-04 | | lr=1.25e-04
Epoch 175 | train_loss=2.9208e-04 | train_eval_loss=2.8083e-04 | val_loss=3.4678e-04 | | lr=1.25e-04
Epoch 176 | train_loss=2.8908e-04 | train_eval_loss=2.8662e-04 | val_loss=3.5187e-04 | | lr=1.25e-04
Epoch 177 | train_loss=2.8329e-04 | train_eval_loss=2.7764e-04 | val_loss=3.4213e-04 | | lr=1.25e-04
Epoch 178 | train_loss=2.8734e-04 | train_eval_loss=2.8054e-04 | val_loss=3.4549e-04 | | lr=1.25e-04
Epoch 179 | train_loss=2.8866e-04 | train_eval_loss=2.8048e-04 | val_loss=3.4583e-04 | | lr=1.25e-04
Epoch 180 | train_loss=2.8426e-04 | train_eval_loss=2.7588e-04 | val_loss=3.4182e-04 | | lr=1.25e-04
Epoch 181 | train_loss=2.8076e-04 | train_eval_loss=2.8443e-04 | val_loss=3.4813e-04 | | lr=1.25e-04
Epoch 182 | train_loss=2.8337e-04 | train_eval_loss=2.9500e-04 | val_loss=3.6358e-04 | | lr=1.25e-04
Epoch 183 | train_loss=2.7702e-04 | train_eval_loss=2.7572e-04 | val_loss=3.3796e-04 | | lr=6.25e-05
Saved best model to results/thesis_model_results/outputs/mtlsh_embeddability_tradeoff/MTLSH__mse__minmax__seed42__model_head_sizes128__model_shared_sizes256_128_64/mtlsh_state_dict_best.pt
Epoch 184 | train_loss=2.7380e-04 | train_eval_loss=2.7240e-04 | val_loss=3.3829e-04 | | lr=6.25e-05
Epoch 185 | train_loss=2.7364e-04 | train_eval_loss=2.6877e-04 | val_loss=3.3431e-04 | | lr=6.25e-05
Saved best model to results/thesis_model_results/outputs/mtlsh_embeddability_tradeoff/MTLSH__mse__minmax__seed42__model_head_sizes128__model_shared_sizes256_128_64/mtlsh_state_dict_best.pt
Epoch 186 | train_loss=2.7319e-04 | train_eval_loss=2.6958e-04 | val_loss=3.3638e-04 | | lr=6.25e-05
Epoch 187 | train_loss=2.7188e-04 | train_eval_loss=2.6843e-04 | val_loss=3.3536e-04 | | lr=6.25e-05
Epoch 188 | train_loss=2.7544e-04 | train_eval_loss=2.6940e-04 | val_loss=3.3561e-04 | | lr=6.25e-05
Epoch 189 | train_loss=2.7437e-04 | train_eval_loss=2.6946e-04 | val_loss=3.3864e-04 | | lr=6.25e-05
Epoch 190 | train_loss=2.7368e-04 | train_eval_loss=2.7520e-04 | val_loss=3.4389e-04 | | lr=6.25e-05
Epoch 191 | train_loss=2.7334e-04 | train_eval_loss=2.6832e-04 | val_loss=3.3414e-04 | | lr=6.25e-05
Saved best model to results/thesis_model_results/outputs/mtlsh_embeddability_tradeoff/MTLSH__mse__minmax__seed42__model_head_sizes128__model_shared_sizes256_128_64/mtlsh_state_dict_best.pt
Epoch 192 | train_loss=2.7420e-04 | train_eval_loss=2.7089e-04 | val_loss=3.3734e-04 | | lr=6.25e-05
Epoch 193 | train_loss=2.7239e-04 | train_eval_loss=2.6981e-04 | val_loss=3.3839e-04 | | lr=6.25e-05
Epoch 194 | train_loss=2.8359e-04 | train_eval_loss=2.6762e-04 | val_loss=3.3415e-04 | | lr=6.25e-05
Epoch 195 | train_loss=2.7150e-04 | train_eval_loss=2.7284e-04 | val_loss=3.4243e-04 | | lr=6.25e-05
Epoch 196 | train_loss=2.7150e-04 | train_eval_loss=2.6688e-04 | val_loss=3.3471e-04 | | lr=6.25e-05
Epoch 197 | train_loss=2.7008e-04 | train_eval_loss=2.6641e-04 | val_loss=3.3512e-04 | | lr=6.25e-05
Epoch 198 | train_loss=2.6997e-04 | train_eval_loss=2.6610e-04 | val_loss=3.3356e-04 | | lr=6.25e-05
Saved best model to results/thesis_model_results/outputs/mtlsh_embeddability_tradeoff/MTLSH__mse__minmax__seed42__model_head_sizes128__model_shared_sizes256_128_64/mtlsh_state_dict_best.pt
Epoch 199 | train_loss=2.7158e-04 | train_eval_loss=2.7137e-04 | val_loss=3.3328e-04 | | lr=6.25e-05
Saved best model to results/thesis_model_results/outputs/mtlsh_embeddability_tradeoff/MTLSH__mse__minmax__seed42__model_head_sizes128__model_shared_sizes256_128_64/mtlsh_state_dict_best.pt
Epoch 200 | train_loss=2.7346e-04 | train_eval_loss=2.7273e-04 | val_loss=3.3638e-04 | | lr=6.25e-05
Saved training logs to results/thesis_model_results/outputs/mtlsh_embeddability_tradeoff/MTLSH__mse__minmax__seed42__model_head_sizes128__model_shared_sizes256_128_64/training_summary.txt
Test RMSE(rocof_COI) = 0.0135 | norm: 0.0102 | real_diff: 0.0093
Test RMSE(dev_COI) = 0.0224 | norm: 0.0083 | real_diff: 0.0129
Test RMSE(Delta_P_IBR_1) = 0.1120 | norm: 0.0177 | real_diff: 0.0739
Test RMSE(Delta_P_IBR_2) = 0.1141 | norm: 0.0159 | real_diff: 0.0604
Test RMSE(Delta_P_IBR_3) = 0.1737 | norm: 0.0305 | real_diff: 0.0882
Test RMSE(Delta_P_IBR_4) = 0.1787 | norm: 0.0185 | real_diff: 0.1128
Saved RMSE results to results/thesis_model_results/outputs/mtlsh_embeddability_tradeoff/MTLSH__mse__minmax__seed42__model_head_sizes128__model_shared_sizes256_128_64/rmse_results.txt
Saved detailed metrics to results/thesis_model_results/outputs/mtlsh_embeddability_tradeoff/MTLSH__mse__minmax__seed42__model_head_sizes128__model_shared_sizes256_128_64/metrics_by_target.csv
Saved aggregate metrics to results/thesis_model_results/outputs/mtlsh_embeddability_tradeoff/MTLSH__mse__minmax__seed42__model_head_sizes128__model_shared_sizes256_128_64/metrics_summary.json
Saved loss curves to results/thesis_model_results/outputs/mtlsh_embeddability_tradeoff/MTLSH__mse__minmax__seed42__model_head_sizes128__model_shared_sizes256_128_64/loss_curve.png
Saved scatter plot results/thesis_model_results/outputs/mtlsh_embeddability_tradeoff/MTLSH__mse__minmax__seed42__model_head_sizes128__model_shared_sizes256_128_64/scatter_rocof_COI.png
Saved scatter plot results/thesis_model_results/outputs/mtlsh_embeddability_tradeoff/MTLSH__mse__minmax__seed42__model_head_sizes128__model_shared_sizes256_128_64/scatter_dev_COI.png
Saved scatter plot results/thesis_model_results/outputs/mtlsh_embeddability_tradeoff/MTLSH__mse__minmax__seed42__model_head_sizes128__model_shared_sizes256_128_64/scatter_Delta_P_IBR_1.png
Saved scatter plot results/thesis_model_results/outputs/mtlsh_embeddability_tradeoff/MTLSH__mse__minmax__seed42__model_head_sizes128__model_shared_sizes256_128_64/scatter_Delta_P_IBR_2.png
Saved scatter plot results/thesis_model_results/outputs/mtlsh_embeddability_tradeoff/MTLSH__mse__minmax__seed42__model_head_sizes128__model_shared_sizes256_128_64/scatter_Delta_P_IBR_3.png
Saved scatter plot results/thesis_model_results/outputs/mtlsh_embeddability_tradeoff/MTLSH__mse__minmax__seed42__model_head_sizes128__model_shared_sizes256_128_64/scatter_Delta_P_IBR_4.png
Saved model to results/thesis_model_results/outputs/mtlsh_embeddability_tradeoff/MTLSH__mse__minmax__seed42__model_head_sizes128__model_shared_sizes256_128_64/mtlsh_state_dict.pt
Loss type: mse | weights=[]
Target stats (scaled):
train mean=[0.549  0.589  0.492  0.4884 0.4785 0.4192]
train std=[0.1365 0.1371 0.1141 0.1063 0.1158 0.1138]
train q05=[0.3074 0.3979 0.3192 0.303  0.3347 0.2205]
train q95=[0.7933 0.8652 0.6719 0.6491 0.6927 0.6016]
val mean=[0.5473 0.5873 0.4922 0.4893 0.4798 0.4201]
val std=[0.1343 0.1348 0.1123 0.1072 0.1141 0.1112]
val q05=[0.3103 0.3982 0.3195 0.303  0.3376 0.2251]
val q95=[0.7886 0.8626 0.6731 0.6514 0.6918 0.5984]
val/train std ratio=[0.984  0.9828 0.9844 1.0084 0.9848 0.9772]
LR scheduler: ReduceLROnPlateau (factor=0.5, patience=8, min_lr=1e-07)
Epoch 001 | train_loss=3.6886e-02 | train_eval_loss=1.4624e-02 | val_loss=1.4222e-02 | | lr=1.00e-03
Saved best model to results/thesis_model_results/outputs/mtlsh_embeddability_tradeoff/MTLSH__mse__minmax__seed42__model_head_sizes128_64__model_shared_sizes256_128_64/mtlsh_state_dict_best.pt
Epoch 002 | train_loss=1.4500e-02 | train_eval_loss=1.4353e-02 | val_loss=1.3953e-02 | | lr=1.00e-03
Saved best model to results/thesis_model_results/outputs/mtlsh_embeddability_tradeoff/MTLSH__mse__minmax__seed42__model_head_sizes128_64__model_shared_sizes256_128_64/mtlsh_state_dict_best.pt
Epoch 003 | train_loss=1.3725e-02 | train_eval_loss=1.0690e-02 | val_loss=1.0405e-02 | | lr=1.00e-03
Saved best model to results/thesis_model_results/outputs/mtlsh_embeddability_tradeoff/MTLSH__mse__minmax__seed42__model_head_sizes128_64__model_shared_sizes256_128_64/mtlsh_state_dict_best.pt
Epoch 004 | train_loss=5.6563e-03 | train_eval_loss=3.5874e-03 | val_loss=3.5318e-03 | | lr=1.00e-03
Saved best model to results/thesis_model_results/outputs/mtlsh_embeddability_tradeoff/MTLSH__mse__minmax__seed42__model_head_sizes128_64__model_shared_sizes256_128_64/mtlsh_state_dict_best.pt
Epoch 005 | train_loss=3.3933e-03 | train_eval_loss=3.2630e-03 | val_loss=3.2112e-03 | | lr=1.00e-03
Saved best model to results/thesis_model_results/outputs/mtlsh_embeddability_tradeoff/MTLSH__mse__minmax__seed42__model_head_sizes128_64__model_shared_sizes256_128_64/mtlsh_state_dict_best.pt
Epoch 006 | train_loss=3.1178e-03 | train_eval_loss=2.8938e-03 | val_loss=2.8571e-03 | | lr=1.00e-03
Saved best model to results/thesis_model_results/outputs/mtlsh_embeddability_tradeoff/MTLSH__mse__minmax__seed42__model_head_sizes128_64__model_shared_sizes256_128_64/mtlsh_state_dict_best.pt
Epoch 007 | train_loss=2.6884e-03 | train_eval_loss=2.4690e-03 | val_loss=2.4456e-03 | | lr=1.00e-03
Saved best model to results/thesis_model_results/outputs/mtlsh_embeddability_tradeoff/MTLSH__mse__minmax__seed42__model_head_sizes128_64__model_shared_sizes256_128_64/mtlsh_state_dict_best.pt
Epoch 008 | train_loss=2.2672e-03 | train_eval_loss=2.0718e-03 | val_loss=2.0565e-03 | | lr=1.00e-03
Saved best model to results/thesis_model_results/outputs/mtlsh_embeddability_tradeoff/MTLSH__mse__minmax__seed42__model_head_sizes128_64__model_shared_sizes256_128_64/mtlsh_state_dict_best.pt
Epoch 009 | train_loss=1.9310e-03 | train_eval_loss=1.7023e-03 | val_loss=1.6737e-03 | | lr=1.00e-03
Saved best model to results/thesis_model_results/outputs/mtlsh_embeddability_tradeoff/MTLSH__mse__minmax__seed42__model_head_sizes128_64__model_shared_sizes256_128_64/mtlsh_state_dict_best.pt
Epoch 010 | train_loss=1.6531e-03 | train_eval_loss=1.5138e-03 | val_loss=1.4857e-03 | | lr=1.00e-03
Saved best model to results/thesis_model_results/outputs/mtlsh_embeddability_tradeoff/MTLSH__mse__minmax__seed42__model_head_sizes128_64__model_shared_sizes256_128_64/mtlsh_state_dict_best.pt
Epoch 011 | train_loss=1.6644e-03 | train_eval_loss=1.4706e-03 | val_loss=1.4456e-03 | | lr=1.00e-03
Saved best model to results/thesis_model_results/outputs/mtlsh_embeddability_tradeoff/MTLSH__mse__minmax__seed42__model_head_sizes128_64__model_shared_sizes256_128_64/mtlsh_state_dict_best.pt
Epoch 012 | train_loss=1.4759e-03 | train_eval_loss=1.4930e-03 | val_loss=1.4680e-03 | | lr=1.00e-03
Epoch 013 | train_loss=1.4197e-03 | train_eval_loss=1.5661e-03 | val_loss=1.5359e-03 | | lr=1.00e-03
Epoch 014 | train_loss=1.3464e-03 | train_eval_loss=1.3239e-03 | val_loss=1.3082e-03 | | lr=1.00e-03
Saved best model to results/thesis_model_results/outputs/mtlsh_embeddability_tradeoff/MTLSH__mse__minmax__seed42__model_head_sizes128_64__model_shared_sizes256_128_64/mtlsh_state_dict_best.pt
Epoch 015 | train_loss=1.3313e-03 | train_eval_loss=1.2315e-03 | val_loss=1.2094e-03 | | lr=1.00e-03
Saved best model to results/thesis_model_results/outputs/mtlsh_embeddability_tradeoff/MTLSH__mse__minmax__seed42__model_head_sizes128_64__model_shared_sizes256_128_64/mtlsh_state_dict_best.pt
Epoch 016 | train_loss=1.2682e-03 | train_eval_loss=1.3301e-03 | val_loss=1.3120e-03 | | lr=1.00e-03
Epoch 017 | train_loss=1.2273e-03 | train_eval_loss=1.2275e-03 | val_loss=1.2158e-03 | | lr=1.00e-03
Epoch 018 | train_loss=1.1904e-03 | train_eval_loss=1.1567e-03 | val_loss=1.1511e-03 | | lr=1.00e-03
Saved best model to results/thesis_model_results/outputs/mtlsh_embeddability_tradeoff/MTLSH__mse__minmax__seed42__model_head_sizes128_64__model_shared_sizes256_128_64/mtlsh_state_dict_best.pt
Epoch 019 | train_loss=1.1803e-03 | train_eval_loss=1.1355e-03 | val_loss=1.1245e-03 | | lr=1.00e-03
Saved best model to results/thesis_model_results/outputs/mtlsh_embeddability_tradeoff/MTLSH__mse__minmax__seed42__model_head_sizes128_64__model_shared_sizes256_128_64/mtlsh_state_dict_best.pt
Epoch 020 | train_loss=1.1900e-03 | train_eval_loss=1.3887e-03 | val_loss=1.3692e-03 | | lr=1.00e-03
Epoch 021 | train_loss=1.1135e-03 | train_eval_loss=1.0156e-03 | val_loss=1.0076e-03 | | lr=1.00e-03
Saved best model to results/thesis_model_results/outputs/mtlsh_embeddability_tradeoff/MTLSH__mse__minmax__seed42__model_head_sizes128_64__model_shared_sizes256_128_64/mtlsh_state_dict_best.pt
Epoch 022 | train_loss=1.0784e-03 | train_eval_loss=1.0012e-03 | val_loss=9.9282e-04 | | lr=1.00e-03
Saved best model to results/thesis_model_results/outputs/mtlsh_embeddability_tradeoff/MTLSH__mse__minmax__seed42__model_head_sizes128_64__model_shared_sizes256_128_64/mtlsh_state_dict_best.pt
Epoch 023 | train_loss=1.1445e-03 | train_eval_loss=9.8956e-04 | val_loss=9.8446e-04 | | lr=1.00e-03
Saved best model to results/thesis_model_results/outputs/mtlsh_embeddability_tradeoff/MTLSH__mse__minmax__seed42__model_head_sizes128_64__model_shared_sizes256_128_64/mtlsh_state_dict_best.pt
Epoch 024 | train_loss=1.0591e-03 | train_eval_loss=1.4927e-03 | val_loss=1.4806e-03 | | lr=1.00e-03
Epoch 025 | train_loss=1.2801e-03 | train_eval_loss=1.1190e-03 | val_loss=1.1192e-03 | | lr=1.00e-03
Epoch 026 | train_loss=1.0523e-03 | train_eval_loss=9.9237e-04 | val_loss=9.9564e-04 | | lr=1.00e-03
Epoch 027 | train_loss=9.6714e-04 | train_eval_loss=1.0630e-03 | val_loss=1.0565e-03 | | lr=1.00e-03
Epoch 028 | train_loss=1.0600e-03 | train_eval_loss=9.2172e-04 | val_loss=9.2129e-04 | | lr=1.00e-03
Saved best model to results/thesis_model_results/outputs/mtlsh_embeddability_tradeoff/MTLSH__mse__minmax__seed42__model_head_sizes128_64__model_shared_sizes256_128_64/mtlsh_state_dict_best.pt
Epoch 029 | train_loss=1.0201e-03 | train_eval_loss=1.2334e-03 | val_loss=1.2334e-03 | | lr=1.00e-03
Epoch 030 | train_loss=9.6310e-04 | train_eval_loss=1.1634e-03 | val_loss=1.1518e-03 | | lr=1.00e-03
Epoch 031 | train_loss=1.0573e-03 | train_eval_loss=9.0908e-04 | val_loss=9.0094e-04 | | lr=1.00e-03
Saved best model to results/thesis_model_results/outputs/mtlsh_embeddability_tradeoff/MTLSH__mse__minmax__seed42__model_head_sizes128_64__model_shared_sizes256_128_64/mtlsh_state_dict_best.pt
Epoch 032 | train_loss=9.4120e-04 | train_eval_loss=8.8960e-04 | val_loss=8.9305e-04 | | lr=1.00e-03
Saved best model to results/thesis_model_results/outputs/mtlsh_embeddability_tradeoff/MTLSH__mse__minmax__seed42__model_head_sizes128_64__model_shared_sizes256_128_64/mtlsh_state_dict_best.pt
Epoch 033 | train_loss=8.8889e-04 | train_eval_loss=8.9755e-04 | val_loss=8.9788e-04 | | lr=1.00e-03
Epoch 034 | train_loss=9.3613e-04 | train_eval_loss=8.7810e-04 | val_loss=8.7896e-04 | | lr=1.00e-03
Saved best model to results/thesis_model_results/outputs/mtlsh_embeddability_tradeoff/MTLSH__mse__minmax__seed42__model_head_sizes128_64__model_shared_sizes256_128_64/mtlsh_state_dict_best.pt
Epoch 035 | train_loss=8.4430e-04 | train_eval_loss=8.4692e-04 | val_loss=8.5599e-04 | | lr=1.00e-03
Saved best model to results/thesis_model_results/outputs/mtlsh_embeddability_tradeoff/MTLSH__mse__minmax__seed42__model_head_sizes128_64__model_shared_sizes256_128_64/mtlsh_state_dict_best.pt
Epoch 036 | train_loss=9.2698e-04 | train_eval_loss=8.7343e-04 | val_loss=8.7846e-04 | | lr=1.00e-03
Epoch 037 | train_loss=8.2653e-04 | train_eval_loss=8.0184e-04 | val_loss=8.0472e-04 | | lr=1.00e-03
Saved best model to results/thesis_model_results/outputs/mtlsh_embeddability_tradeoff/MTLSH__mse__minmax__seed42__model_head_sizes128_64__model_shared_sizes256_128_64/mtlsh_state_dict_best.pt
Epoch 038 | train_loss=9.7073e-04 | train_eval_loss=9.7159e-04 | val_loss=9.7264e-04 | | lr=1.00e-03
Epoch 039 | train_loss=8.8772e-04 | train_eval_loss=7.6723e-04 | val_loss=7.6914e-04 | | lr=1.00e-03
Saved best model to results/thesis_model_results/outputs/mtlsh_embeddability_tradeoff/MTLSH__mse__minmax__seed42__model_head_sizes128_64__model_shared_sizes256_128_64/mtlsh_state_dict_best.pt
Epoch 040 | train_loss=7.9102e-04 | train_eval_loss=7.2648e-04 | val_loss=7.3030e-04 | | lr=1.00e-03
Saved best model to results/thesis_model_results/outputs/mtlsh_embeddability_tradeoff/MTLSH__mse__minmax__seed42__model_head_sizes128_64__model_shared_sizes256_128_64/mtlsh_state_dict_best.pt
Epoch 041 | train_loss=8.0418e-04 | train_eval_loss=8.5524e-04 | val_loss=8.4328e-04 | | lr=1.00e-03
Epoch 042 | train_loss=7.8584e-04 | train_eval_loss=7.8196e-04 | val_loss=7.8065e-04 | | lr=1.00e-03
Epoch 043 | train_loss=8.3884e-04 | train_eval_loss=6.8984e-04 | val_loss=6.9164e-04 | | lr=1.00e-03
Saved best model to results/thesis_model_results/outputs/mtlsh_embeddability_tradeoff/MTLSH__mse__minmax__seed42__model_head_sizes128_64__model_shared_sizes256_128_64/mtlsh_state_dict_best.pt
Epoch 044 | train_loss=8.1150e-04 | train_eval_loss=7.9478e-04 | val_loss=8.0847e-04 | | lr=1.00e-03
Epoch 045 | train_loss=8.1180e-04 | train_eval_loss=8.3163e-04 | val_loss=8.3276e-04 | | lr=1.00e-03
Epoch 046 | train_loss=7.7260e-04 | train_eval_loss=6.7148e-04 | val_loss=6.7392e-04 | | lr=1.00e-03
Saved best model to results/thesis_model_results/outputs/mtlsh_embeddability_tradeoff/MTLSH__mse__minmax__seed42__model_head_sizes128_64__model_shared_sizes256_128_64/mtlsh_state_dict_best.pt
Epoch 047 | train_loss=7.2971e-04 | train_eval_loss=7.7435e-04 | val_loss=7.7779e-04 | | lr=1.00e-03
Epoch 048 | train_loss=7.6257e-04 | train_eval_loss=6.6615e-04 | val_loss=6.7513e-04 | | lr=1.00e-03
Epoch 049 | train_loss=8.0727e-04 | train_eval_loss=6.6242e-04 | val_loss=6.6459e-04 | | lr=1.00e-03
Saved best model to results/thesis_model_results/outputs/mtlsh_embeddability_tradeoff/MTLSH__mse__minmax__seed42__model_head_sizes128_64__model_shared_sizes256_128_64/mtlsh_state_dict_best.pt
Epoch 050 | train_loss=7.1345e-04 | train_eval_loss=6.4695e-04 | val_loss=6.5460e-04 | | lr=1.00e-03
Saved best model to results/thesis_model_results/outputs/mtlsh_embeddability_tradeoff/MTLSH__mse__minmax__seed42__model_head_sizes128_64__model_shared_sizes256_128_64/mtlsh_state_dict_best.pt
Epoch 051 | train_loss=6.9403e-04 | train_eval_loss=6.7109e-04 | val_loss=6.7230e-04 | | lr=1.00e-03
Epoch 052 | train_loss=7.7746e-04 | train_eval_loss=6.5978e-04 | val_loss=6.6050e-04 | | lr=1.00e-03
Epoch 053 | train_loss=6.6165e-04 | train_eval_loss=6.2299e-04 | val_loss=6.2976e-04 | | lr=1.00e-03
Saved best model to results/thesis_model_results/outputs/mtlsh_embeddability_tradeoff/MTLSH__mse__minmax__seed42__model_head_sizes128_64__model_shared_sizes256_128_64/mtlsh_state_dict_best.pt
Epoch 054 | train_loss=6.7167e-04 | train_eval_loss=6.5162e-04 | val_loss=6.4879e-04 | | lr=1.00e-03
Epoch 055 | train_loss=6.8078e-04 | train_eval_loss=7.2627e-04 | val_loss=7.3076e-04 | | lr=1.00e-03
Epoch 056 | train_loss=6.5657e-04 | train_eval_loss=7.2060e-04 | val_loss=7.2310e-04 | | lr=1.00e-03
Epoch 057 | train_loss=6.7323e-04 | train_eval_loss=6.4103e-04 | val_loss=6.4671e-04 | | lr=1.00e-03
Epoch 058 | train_loss=7.1688e-04 | train_eval_loss=7.3995e-04 | val_loss=7.3420e-04 | | lr=1.00e-03
Epoch 059 | train_loss=7.4294e-04 | train_eval_loss=6.5163e-04 | val_loss=6.6422e-04 | | lr=1.00e-03
Epoch 060 | train_loss=6.4640e-04 | train_eval_loss=5.8879e-04 | val_loss=5.9708e-04 | | lr=1.00e-03
Saved best model to results/thesis_model_results/outputs/mtlsh_embeddability_tradeoff/MTLSH__mse__minmax__seed42__model_head_sizes128_64__model_shared_sizes256_128_64/mtlsh_state_dict_best.pt
Epoch 061 | train_loss=6.8462e-04 | train_eval_loss=7.6206e-04 | val_loss=7.6538e-04 | | lr=1.00e-03
Epoch 062 | train_loss=6.6094e-04 | train_eval_loss=5.8133e-04 | val_loss=5.8712e-04 | | lr=1.00e-03
Saved best model to results/thesis_model_results/outputs/mtlsh_embeddability_tradeoff/MTLSH__mse__minmax__seed42__model_head_sizes128_64__model_shared_sizes256_128_64/mtlsh_state_dict_best.pt
Epoch 063 | train_loss=6.5545e-04 | train_eval_loss=7.1113e-04 | val_loss=7.1715e-04 | | lr=1.00e-03
Epoch 064 | train_loss=6.2802e-04 | train_eval_loss=5.7975e-04 | val_loss=5.8932e-04 | | lr=1.00e-03
Epoch 065 | train_loss=6.1607e-04 | train_eval_loss=5.8635e-04 | val_loss=5.8881e-04 | | lr=1.00e-03
Epoch 066 | train_loss=5.6446e-04 | train_eval_loss=5.8687e-04 | val_loss=6.0505e-04 | | lr=1.00e-03
Epoch 067 | train_loss=6.3078e-04 | train_eval_loss=7.7087e-04 | val_loss=7.8124e-04 | | lr=1.00e-03
Epoch 068 | train_loss=6.3996e-04 | train_eval_loss=6.8991e-04 | val_loss=6.9595e-04 | | lr=1.00e-03
Epoch 069 | train_loss=6.0610e-04 | train_eval_loss=5.6270e-04 | val_loss=5.6997e-04 | | lr=1.00e-03
Saved best model to results/thesis_model_results/outputs/mtlsh_embeddability_tradeoff/MTLSH__mse__minmax__seed42__model_head_sizes128_64__model_shared_sizes256_128_64/mtlsh_state_dict_best.pt
Epoch 070 | train_loss=6.2642e-04 | train_eval_loss=6.2804e-04 | val_loss=6.3763e-04 | | lr=1.00e-03
Epoch 071 | train_loss=5.7257e-04 | train_eval_loss=4.9328e-04 | val_loss=5.0409e-04 | | lr=1.00e-03
Saved best model to results/thesis_model_results/outputs/mtlsh_embeddability_tradeoff/MTLSH__mse__minmax__seed42__model_head_sizes128_64__model_shared_sizes256_128_64/mtlsh_state_dict_best.pt
Epoch 072 | train_loss=5.9904e-04 | train_eval_loss=5.3015e-04 | val_loss=5.4342e-04 | | lr=1.00e-03
Epoch 073 | train_loss=6.0204e-04 | train_eval_loss=7.5485e-04 | val_loss=7.6852e-04 | | lr=1.00e-03
Epoch 074 | train_loss=5.6508e-04 | train_eval_loss=5.5085e-04 | val_loss=5.6506e-04 | | lr=1.00e-03
Epoch 075 | train_loss=5.9429e-04 | train_eval_loss=5.9435e-04 | val_loss=6.0823e-04 | | lr=1.00e-03
Epoch 076 | train_loss=5.9451e-04 | train_eval_loss=7.0700e-04 | val_loss=7.2069e-04 | | lr=1.00e-03
Epoch 077 | train_loss=5.9180e-04 | train_eval_loss=5.6857e-04 | val_loss=5.9078e-04 | | lr=1.00e-03
Epoch 078 | train_loss=5.7019e-04 | train_eval_loss=7.7331e-04 | val_loss=7.8863e-04 | | lr=1.00e-03
Epoch 079 | train_loss=6.1582e-04 | train_eval_loss=5.3975e-04 | val_loss=5.4671e-04 | | lr=1.00e-03
Epoch 080 | train_loss=5.3543e-04 | train_eval_loss=4.8555e-04 | val_loss=4.9975e-04 | | lr=1.00e-03
Saved best model to results/thesis_model_results/outputs/mtlsh_embeddability_tradeoff/MTLSH__mse__minmax__seed42__model_head_sizes128_64__model_shared_sizes256_128_64/mtlsh_state_dict_best.pt
Epoch 081 | train_loss=5.8075e-04 | train_eval_loss=5.8270e-04 | val_loss=6.0607e-04 | | lr=1.00e-03
Epoch 082 | train_loss=6.4093e-04 | train_eval_loss=5.8844e-04 | val_loss=5.9823e-04 | | lr=1.00e-03
Epoch 083 | train_loss=5.2648e-04 | train_eval_loss=7.3357e-04 | val_loss=7.4540e-04 | | lr=1.00e-03
Epoch 084 | train_loss=5.3697e-04 | train_eval_loss=6.0182e-04 | val_loss=6.2451e-04 | | lr=1.00e-03
Epoch 085 | train_loss=5.6831e-04 | train_eval_loss=5.6654e-04 | val_loss=5.8291e-04 | | lr=1.00e-03
Epoch 086 | train_loss=5.5593e-04 | train_eval_loss=4.9518e-04 | val_loss=5.1491e-04 | | lr=1.00e-03
Epoch 087 | train_loss=5.8314e-04 | train_eval_loss=5.7434e-04 | val_loss=5.8852e-04 | | lr=1.00e-03
Epoch 088 | train_loss=5.4147e-04 | train_eval_loss=4.9327e-04 | val_loss=5.1642e-04 | | lr=1.00e-03
Epoch 089 | train_loss=5.0239e-04 | train_eval_loss=5.0007e-04 | val_loss=5.1746e-04 | | lr=1.00e-03
Epoch 090 | train_loss=4.3509e-04 | train_eval_loss=4.1426e-04 | val_loss=4.4083e-04 | | lr=5.00e-04
Saved best model to results/thesis_model_results/outputs/mtlsh_embeddability_tradeoff/MTLSH__mse__minmax__seed42__model_head_sizes128_64__model_shared_sizes256_128_64/mtlsh_state_dict_best.pt
Epoch 091 | train_loss=4.3041e-04 | train_eval_loss=4.4816e-04 | val_loss=4.7287e-04 | | lr=5.00e-04
Epoch 092 | train_loss=4.2706e-04 | train_eval_loss=4.1908e-04 | val_loss=4.4379e-04 | | lr=5.00e-04
Epoch 093 | train_loss=4.2134e-04 | train_eval_loss=4.0230e-04 | val_loss=4.2395e-04 | | lr=5.00e-04
Saved best model to results/thesis_model_results/outputs/mtlsh_embeddability_tradeoff/MTLSH__mse__minmax__seed42__model_head_sizes128_64__model_shared_sizes256_128_64/mtlsh_state_dict_best.pt
Epoch 094 | train_loss=4.3197e-04 | train_eval_loss=4.4132e-04 | val_loss=4.6319e-04 | | lr=5.00e-04
Epoch 095 | train_loss=4.2213e-04 | train_eval_loss=4.2036e-04 | val_loss=4.4568e-04 | | lr=5.00e-04
Epoch 096 | train_loss=4.1869e-04 | train_eval_loss=4.0634e-04 | val_loss=4.2917e-04 | | lr=5.00e-04
Epoch 097 | train_loss=4.0897e-04 | train_eval_loss=3.9843e-04 | val_loss=4.2659e-04 | | lr=5.00e-04
Epoch 098 | train_loss=4.5788e-04 | train_eval_loss=4.5795e-04 | val_loss=4.8055e-04 | | lr=5.00e-04
Epoch 099 | train_loss=4.2246e-04 | train_eval_loss=3.9399e-04 | val_loss=4.2358e-04 | | lr=5.00e-04
Saved best model to results/thesis_model_results/outputs/mtlsh_embeddability_tradeoff/MTLSH__mse__minmax__seed42__model_head_sizes128_64__model_shared_sizes256_128_64/mtlsh_state_dict_best.pt
Epoch 100 | train_loss=4.1015e-04 | train_eval_loss=4.1042e-04 | val_loss=4.3612e-04 | | lr=5.00e-04
Epoch 101 | train_loss=4.0860e-04 | train_eval_loss=4.1601e-04 | val_loss=4.4386e-04 | | lr=5.00e-04
Epoch 102 | train_loss=4.1302e-04 | train_eval_loss=4.3387e-04 | val_loss=4.6257e-04 | | lr=5.00e-04
Epoch 103 | train_loss=4.2579e-04 | train_eval_loss=3.9594e-04 | val_loss=4.2554e-04 | | lr=5.00e-04
Epoch 104 | train_loss=4.1211e-04 | train_eval_loss=4.5498e-04 | val_loss=4.7966e-04 | | lr=5.00e-04
Epoch 105 | train_loss=4.1342e-04 | train_eval_loss=4.1142e-04 | val_loss=4.4327e-04 | | lr=5.00e-04
Epoch 106 | train_loss=4.0663e-04 | train_eval_loss=4.6726e-04 | val_loss=4.9520e-04 | | lr=5.00e-04
Epoch 107 | train_loss=4.3569e-04 | train_eval_loss=3.9971e-04 | val_loss=4.2826e-04 | | lr=5.00e-04
Epoch 108 | train_loss=4.1305e-04 | train_eval_loss=3.9041e-04 | val_loss=4.2011e-04 | | lr=5.00e-04
Saved best model to results/thesis_model_results/outputs/mtlsh_embeddability_tradeoff/MTLSH__mse__minmax__seed42__model_head_sizes128_64__model_shared_sizes256_128_64/mtlsh_state_dict_best.pt
Epoch 109 | train_loss=4.0650e-04 | train_eval_loss=4.3134e-04 | val_loss=4.5530e-04 | | lr=5.00e-04
Epoch 110 | train_loss=4.1735e-04 | train_eval_loss=3.8005e-04 | val_loss=4.1414e-04 | | lr=5.00e-04
Saved best model to results/thesis_model_results/outputs/mtlsh_embeddability_tradeoff/MTLSH__mse__minmax__seed42__model_head_sizes128_64__model_shared_sizes256_128_64/mtlsh_state_dict_best.pt
Epoch 111 | train_loss=4.0641e-04 | train_eval_loss=4.1065e-04 | val_loss=4.4250e-04 | | lr=5.00e-04
Epoch 112 | train_loss=4.2004e-04 | train_eval_loss=4.5053e-04 | val_loss=4.8509e-04 | | lr=5.00e-04
Epoch 113 | train_loss=4.1862e-04 | train_eval_loss=4.3329e-04 | val_loss=4.5822e-04 | | lr=5.00e-04
Epoch 114 | train_loss=4.5571e-04 | train_eval_loss=4.0346e-04 | val_loss=4.3777e-04 | | lr=5.00e-04
Epoch 115 | train_loss=3.9552e-04 | train_eval_loss=4.0428e-04 | val_loss=4.3471e-04 | | lr=5.00e-04
Epoch 116 | train_loss=4.1346e-04 | train_eval_loss=3.9130e-04 | val_loss=4.2853e-04 | | lr=5.00e-04
Epoch 117 | train_loss=3.8947e-04 | train_eval_loss=3.6414e-04 | val_loss=3.9723e-04 | | lr=5.00e-04
Saved best model to results/thesis_model_results/outputs/mtlsh_embeddability_tradeoff/MTLSH__mse__minmax__seed42__model_head_sizes128_64__model_shared_sizes256_128_64/mtlsh_state_dict_best.pt
Epoch 118 | train_loss=4.3604e-04 | train_eval_loss=4.1205e-04 | val_loss=4.3824e-04 | | lr=5.00e-04
Epoch 119 | train_loss=3.8961e-04 | train_eval_loss=3.8393e-04 | val_loss=4.1287e-04 | | lr=5.00e-04
Epoch 120 | train_loss=4.0097e-04 | train_eval_loss=3.9723e-04 | val_loss=4.3381e-04 | | lr=5.00e-04
Epoch 121 | train_loss=3.9082e-04 | train_eval_loss=3.6412e-04 | val_loss=3.9696e-04 | | lr=5.00e-04
Saved best model to results/thesis_model_results/outputs/mtlsh_embeddability_tradeoff/MTLSH__mse__minmax__seed42__model_head_sizes128_64__model_shared_sizes256_128_64/mtlsh_state_dict_best.pt
Epoch 122 | train_loss=3.7724e-04 | train_eval_loss=3.7007e-04 | val_loss=4.0929e-04 | | lr=5.00e-04
Epoch 123 | train_loss=4.1236e-04 | train_eval_loss=3.9888e-04 | val_loss=4.3641e-04 | | lr=5.00e-04
Epoch 124 | train_loss=4.1735e-04 | train_eval_loss=4.4327e-04 | val_loss=4.7566e-04 | | lr=5.00e-04
Epoch 125 | train_loss=3.8358e-04 | train_eval_loss=3.7840e-04 | val_loss=4.1066e-04 | | lr=5.00e-04
Epoch 126 | train_loss=4.0629e-04 | train_eval_loss=3.6283e-04 | val_loss=4.0153e-04 | | lr=5.00e-04
Epoch 127 | train_loss=4.2290e-04 | train_eval_loss=4.5573e-04 | val_loss=4.8889e-04 | | lr=5.00e-04
Epoch 128 | train_loss=4.0981e-04 | train_eval_loss=4.4430e-04 | val_loss=4.7945e-04 | | lr=5.00e-04
Epoch 129 | train_loss=3.9928e-04 | train_eval_loss=3.3624e-04 | val_loss=3.7951e-04 | | lr=5.00e-04
Saved best model to results/thesis_model_results/outputs/mtlsh_embeddability_tradeoff/MTLSH__mse__minmax__seed42__model_head_sizes128_64__model_shared_sizes256_128_64/mtlsh_state_dict_best.pt
Epoch 130 | train_loss=3.9439e-04 | train_eval_loss=3.6556e-04 | val_loss=4.0202e-04 | | lr=5.00e-04
Epoch 131 | train_loss=3.8423e-04 | train_eval_loss=3.6700e-04 | val_loss=4.0985e-04 | | lr=5.00e-04
Epoch 132 | train_loss=3.6744e-04 | train_eval_loss=3.3133e-04 | val_loss=3.7561e-04 | | lr=5.00e-04
Saved best model to results/thesis_model_results/outputs/mtlsh_embeddability_tradeoff/MTLSH__mse__minmax__seed42__model_head_sizes128_64__model_shared_sizes256_128_64/mtlsh_state_dict_best.pt
Epoch 133 | train_loss=3.7104e-04 | train_eval_loss=3.5570e-04 | val_loss=3.9865e-04 | | lr=5.00e-04
Epoch 134 | train_loss=3.7142e-04 | train_eval_loss=4.9715e-04 | val_loss=5.2605e-04 | | lr=5.00e-04
Epoch 135 | train_loss=3.9755e-04 | train_eval_loss=3.3887e-04 | val_loss=3.7965e-04 | | lr=5.00e-04
Epoch 136 | train_loss=4.1586e-04 | train_eval_loss=4.3912e-04 | val_loss=4.7337e-04 | | lr=5.00e-04
Epoch 137 | train_loss=3.8775e-04 | train_eval_loss=3.3226e-04 | val_loss=3.7100e-04 | | lr=5.00e-04
Saved best model to results/thesis_model_results/outputs/mtlsh_embeddability_tradeoff/MTLSH__mse__minmax__seed42__model_head_sizes128_64__model_shared_sizes256_128_64/mtlsh_state_dict_best.pt
Epoch 138 | train_loss=3.8600e-04 | train_eval_loss=3.6811e-04 | val_loss=4.1402e-04 | | lr=5.00e-04
Epoch 139 | train_loss=3.7655e-04 | train_eval_loss=3.8607e-04 | val_loss=4.2569e-04 | | lr=5.00e-04
Epoch 140 | train_loss=3.7593e-04 | train_eval_loss=3.2977e-04 | val_loss=3.7114e-04 | | lr=5.00e-04
Epoch 141 | train_loss=3.9500e-04 | train_eval_loss=3.9280e-04 | val_loss=4.3166e-04 | | lr=5.00e-04
Epoch 142 | train_loss=4.1429e-04 | train_eval_loss=3.7172e-04 | val_loss=4.1298e-04 | | lr=5.00e-04
Epoch 143 | train_loss=3.8969e-04 | train_eval_loss=3.2585e-04 | val_loss=3.7246e-04 | | lr=5.00e-04
Epoch 144 | train_loss=3.7980e-04 | train_eval_loss=4.2166e-04 | val_loss=4.5665e-04 | | lr=5.00e-04
Epoch 145 | train_loss=3.8868e-04 | train_eval_loss=3.6175e-04 | val_loss=4.1099e-04 | | lr=5.00e-04
Epoch 146 | train_loss=3.5343e-04 | train_eval_loss=3.9199e-04 | val_loss=4.3494e-04 | | lr=5.00e-04
Epoch 147 | train_loss=3.1982e-04 | train_eval_loss=3.0229e-04 | val_loss=3.4907e-04 | | lr=2.50e-04
Saved best model to results/thesis_model_results/outputs/mtlsh_embeddability_tradeoff/MTLSH__mse__minmax__seed42__model_head_sizes128_64__model_shared_sizes256_128_64/mtlsh_state_dict_best.pt
Epoch 148 | train_loss=3.0993e-04 | train_eval_loss=3.0163e-04 | val_loss=3.5324e-04 | | lr=2.50e-04
Epoch 149 | train_loss=3.0838e-04 | train_eval_loss=3.0236e-04 | val_loss=3.5265e-04 | | lr=2.50e-04
Epoch 150 | train_loss=3.0776e-04 | train_eval_loss=3.1813e-04 | val_loss=3.6384e-04 | | lr=2.50e-04
Epoch 151 | train_loss=3.1480e-04 | train_eval_loss=3.0383e-04 | val_loss=3.4941e-04 | | lr=2.50e-04
Epoch 152 | train_loss=3.0974e-04 | train_eval_loss=3.1061e-04 | val_loss=3.5856e-04 | | lr=2.50e-04
Epoch 153 | train_loss=3.1910e-04 | train_eval_loss=3.4875e-04 | val_loss=3.9530e-04 | | lr=2.50e-04
Epoch 154 | train_loss=3.1172e-04 | train_eval_loss=2.8854e-04 | val_loss=3.3853e-04 | | lr=2.50e-04
Saved best model to results/thesis_model_results/outputs/mtlsh_embeddability_tradeoff/MTLSH__mse__minmax__seed42__model_head_sizes128_64__model_shared_sizes256_128_64/mtlsh_state_dict_best.pt
Epoch 155 | train_loss=3.1007e-04 | train_eval_loss=2.9455e-04 | val_loss=3.4451e-04 | | lr=2.50e-04
Epoch 156 | train_loss=2.9965e-04 | train_eval_loss=2.9250e-04 | val_loss=3.4318e-04 | | lr=2.50e-04
Epoch 157 | train_loss=3.1149e-04 | train_eval_loss=3.0065e-04 | val_loss=3.4953e-04 | | lr=2.50e-04
Epoch 158 | train_loss=3.1632e-04 | train_eval_loss=2.9030e-04 | val_loss=3.4081e-04 | | lr=2.50e-04
Epoch 159 | train_loss=3.1240e-04 | train_eval_loss=3.0213e-04 | val_loss=3.5552e-04 | | lr=2.50e-04
Epoch 160 | train_loss=3.2071e-04 | train_eval_loss=2.9876e-04 | val_loss=3.5220e-04 | | lr=2.50e-04
Epoch 161 | train_loss=3.0760e-04 | train_eval_loss=2.9276e-04 | val_loss=3.4561e-04 | | lr=2.50e-04
Epoch 162 | train_loss=3.0250e-04 | train_eval_loss=3.0073e-04 | val_loss=3.5018e-04 | | lr=2.50e-04
Epoch 163 | train_loss=3.0859e-04 | train_eval_loss=2.8769e-04 | val_loss=3.4142e-04 | | lr=2.50e-04
Epoch 164 | train_loss=2.8318e-04 | train_eval_loss=2.7301e-04 | val_loss=3.3241e-04 | | lr=1.25e-04
Saved best model to results/thesis_model_results/outputs/mtlsh_embeddability_tradeoff/MTLSH__mse__minmax__seed42__model_head_sizes128_64__model_shared_sizes256_128_64/mtlsh_state_dict_best.pt
Epoch 165 | train_loss=2.8181e-04 | train_eval_loss=2.7391e-04 | val_loss=3.3134e-04 | | lr=1.25e-04
Saved best model to results/thesis_model_results/outputs/mtlsh_embeddability_tradeoff/MTLSH__mse__minmax__seed42__model_head_sizes128_64__model_shared_sizes256_128_64/mtlsh_state_dict_best.pt
Epoch 166 | train_loss=2.7773e-04 | train_eval_loss=2.8234e-04 | val_loss=3.3735e-04 | | lr=1.25e-04
Epoch 167 | train_loss=2.8210e-04 | train_eval_loss=2.7066e-04 | val_loss=3.2549e-04 | | lr=1.25e-04
Saved best model to results/thesis_model_results/outputs/mtlsh_embeddability_tradeoff/MTLSH__mse__minmax__seed42__model_head_sizes128_64__model_shared_sizes256_128_64/mtlsh_state_dict_best.pt
Epoch 168 | train_loss=2.8465e-04 | train_eval_loss=2.7733e-04 | val_loss=3.3272e-04 | | lr=1.25e-04
Epoch 169 | train_loss=2.7950e-04 | train_eval_loss=2.7203e-04 | val_loss=3.2828e-04 | | lr=1.25e-04
Epoch 170 | train_loss=2.7778e-04 | train_eval_loss=2.8123e-04 | val_loss=3.4004e-04 | | lr=1.25e-04
Epoch 171 | train_loss=2.7802e-04 | train_eval_loss=2.9163e-04 | val_loss=3.4772e-04 | | lr=1.25e-04
Epoch 172 | train_loss=2.8626e-04 | train_eval_loss=2.8379e-04 | val_loss=3.3793e-04 | | lr=1.25e-04
Epoch 173 | train_loss=2.8206e-04 | train_eval_loss=2.7214e-04 | val_loss=3.2877e-04 | | lr=1.25e-04
Epoch 174 | train_loss=2.7716e-04 | train_eval_loss=2.7124e-04 | val_loss=3.2933e-04 | | lr=1.25e-04
Epoch 175 | train_loss=2.7661e-04 | train_eval_loss=2.6802e-04 | val_loss=3.2591e-04 | | lr=1.25e-04
Epoch 176 | train_loss=2.8041e-04 | train_eval_loss=2.7226e-04 | val_loss=3.2916e-04 | | lr=1.25e-04
Epoch 177 | train_loss=2.6760e-04 | train_eval_loss=2.7352e-04 | val_loss=3.3054e-04 | | lr=6.25e-05
Epoch 178 | train_loss=2.6678e-04 | train_eval_loss=2.6288e-04 | val_loss=3.2313e-04 | | lr=6.25e-05
Saved best model to results/thesis_model_results/outputs/mtlsh_embeddability_tradeoff/MTLSH__mse__minmax__seed42__model_head_sizes128_64__model_shared_sizes256_128_64/mtlsh_state_dict_best.pt
Epoch 179 | train_loss=2.6539e-04 | train_eval_loss=2.6771e-04 | val_loss=3.2661e-04 | | lr=6.25e-05
Epoch 180 | train_loss=2.6458e-04 | train_eval_loss=2.5918e-04 | val_loss=3.1972e-04 | | lr=6.25e-05
Saved best model to results/thesis_model_results/outputs/mtlsh_embeddability_tradeoff/MTLSH__mse__minmax__seed42__model_head_sizes128_64__model_shared_sizes256_128_64/mtlsh_state_dict_best.pt
Epoch 181 | train_loss=2.6626e-04 | train_eval_loss=2.6081e-04 | val_loss=3.2089e-04 | | lr=6.25e-05
Epoch 182 | train_loss=2.6564e-04 | train_eval_loss=2.6131e-04 | val_loss=3.2074e-04 | | lr=6.25e-05
Epoch 183 | train_loss=2.6726e-04 | train_eval_loss=2.6671e-04 | val_loss=3.2897e-04 | | lr=6.25e-05
Epoch 184 | train_loss=2.6428e-04 | train_eval_loss=2.6193e-04 | val_loss=3.2234e-04 | | lr=6.25e-05
Epoch 185 | train_loss=2.6456e-04 | train_eval_loss=2.5796e-04 | val_loss=3.1925e-04 | | lr=6.25e-05
Saved best model to results/thesis_model_results/outputs/mtlsh_embeddability_tradeoff/MTLSH__mse__minmax__seed42__model_head_sizes128_64__model_shared_sizes256_128_64/mtlsh_state_dict_best.pt
Epoch 186 | train_loss=2.6739e-04 | train_eval_loss=2.5734e-04 | val_loss=3.1778e-04 | | lr=6.25e-05
Saved best model to results/thesis_model_results/outputs/mtlsh_embeddability_tradeoff/MTLSH__mse__minmax__seed42__model_head_sizes128_64__model_shared_sizes256_128_64/mtlsh_state_dict_best.pt
Epoch 187 | train_loss=2.6214e-04 | train_eval_loss=2.6406e-04 | val_loss=3.2463e-04 | | lr=6.25e-05
Epoch 188 | train_loss=2.6436e-04 | train_eval_loss=2.5707e-04 | val_loss=3.1665e-04 | | lr=6.25e-05
Saved best model to results/thesis_model_results/outputs/mtlsh_embeddability_tradeoff/MTLSH__mse__minmax__seed42__model_head_sizes128_64__model_shared_sizes256_128_64/mtlsh_state_dict_best.pt
Epoch 189 | train_loss=2.6324e-04 | train_eval_loss=2.5949e-04 | val_loss=3.2015e-04 | | lr=6.25e-05
Epoch 190 | train_loss=2.6623e-04 | train_eval_loss=2.5993e-04 | val_loss=3.1971e-04 | | lr=6.25e-05
Epoch 191 | train_loss=2.6582e-04 | train_eval_loss=2.6219e-04 | val_loss=3.2451e-04 | | lr=6.25e-05
Epoch 192 | train_loss=2.6332e-04 | train_eval_loss=2.6275e-04 | val_loss=3.2140e-04 | | lr=6.25e-05
Epoch 193 | train_loss=2.6652e-04 | train_eval_loss=2.6289e-04 | val_loss=3.2405e-04 | | lr=6.25e-05
Epoch 194 | train_loss=2.6402e-04 | train_eval_loss=2.5728e-04 | val_loss=3.1958e-04 | | lr=6.25e-05
Epoch 195 | train_loss=2.6439e-04 | train_eval_loss=2.5993e-04 | val_loss=3.2036e-04 | | lr=6.25e-05
Epoch 196 | train_loss=2.6195e-04 | train_eval_loss=2.7929e-04 | val_loss=3.4054e-04 | | lr=6.25e-05
Epoch 197 | train_loss=2.6608e-04 | train_eval_loss=2.5805e-04 | val_loss=3.2066e-04 | | lr=6.25e-05
Epoch 198 | train_loss=2.5593e-04 | train_eval_loss=2.5239e-04 | val_loss=3.1555e-04 | | lr=3.13e-05
Saved best model to results/thesis_model_results/outputs/mtlsh_embeddability_tradeoff/MTLSH__mse__minmax__seed42__model_head_sizes128_64__model_shared_sizes256_128_64/mtlsh_state_dict_best.pt
Epoch 199 | train_loss=2.5460e-04 | train_eval_loss=2.5270e-04 | val_loss=3.1545e-04 | | lr=3.13e-05
Saved best model to results/thesis_model_results/outputs/mtlsh_embeddability_tradeoff/MTLSH__mse__minmax__seed42__model_head_sizes128_64__model_shared_sizes256_128_64/mtlsh_state_dict_best.pt
Epoch 200 | train_loss=2.5475e-04 | train_eval_loss=2.5403e-04 | val_loss=3.1613e-04 | | lr=3.13e-05
Saved training logs to results/thesis_model_results/outputs/mtlsh_embeddability_tradeoff/MTLSH__mse__minmax__seed42__model_head_sizes128_64__model_shared_sizes256_128_64/training_summary.txt
Test RMSE(rocof_COI) = 0.0126 | norm: 0.0096 | real_diff: 0.0083
Test RMSE(dev_COI) = 0.0205 | norm: 0.0076 | real_diff: 0.0104
Test RMSE(Delta_P_IBR_1) = 0.1068 | norm: 0.0169 | real_diff: 0.0670
Test RMSE(Delta_P_IBR_2) = 0.0984 | norm: 0.0137 | real_diff: 0.0561
Test RMSE(Delta_P_IBR_3) = 0.1696 | norm: 0.0298 | real_diff: 0.0861
Test RMSE(Delta_P_IBR_4) = 0.1732 | norm: 0.0179 | real_diff: 0.1090
Saved RMSE results to results/thesis_model_results/outputs/mtlsh_embeddability_tradeoff/MTLSH__mse__minmax__seed42__model_head_sizes128_64__model_shared_sizes256_128_64/rmse_results.txt
Saved detailed metrics to results/thesis_model_results/outputs/mtlsh_embeddability_tradeoff/MTLSH__mse__minmax__seed42__model_head_sizes128_64__model_shared_sizes256_128_64/metrics_by_target.csv
Saved aggregate metrics to results/thesis_model_results/outputs/mtlsh_embeddability_tradeoff/MTLSH__mse__minmax__seed42__model_head_sizes128_64__model_shared_sizes256_128_64/metrics_summary.json
Saved loss curves to results/thesis_model_results/outputs/mtlsh_embeddability_tradeoff/MTLSH__mse__minmax__seed42__model_head_sizes128_64__model_shared_sizes256_128_64/loss_curve.png
Saved scatter plot results/thesis_model_results/outputs/mtlsh_embeddability_tradeoff/MTLSH__mse__minmax__seed42__model_head_sizes128_64__model_shared_sizes256_128_64/scatter_rocof_COI.png
Saved scatter plot results/thesis_model_results/outputs/mtlsh_embeddability_tradeoff/MTLSH__mse__minmax__seed42__model_head_sizes128_64__model_shared_sizes256_128_64/scatter_dev_COI.png
Saved scatter plot results/thesis_model_results/outputs/mtlsh_embeddability_tradeoff/MTLSH__mse__minmax__seed42__model_head_sizes128_64__model_shared_sizes256_128_64/scatter_Delta_P_IBR_1.png
Saved scatter plot results/thesis_model_results/outputs/mtlsh_embeddability_tradeoff/MTLSH__mse__minmax__seed42__model_head_sizes128_64__model_shared_sizes256_128_64/scatter_Delta_P_IBR_2.png
Saved scatter plot results/thesis_model_results/outputs/mtlsh_embeddability_tradeoff/MTLSH__mse__minmax__seed42__model_head_sizes128_64__model_shared_sizes256_128_64/scatter_Delta_P_IBR_3.png
Saved scatter plot results/thesis_model_results/outputs/mtlsh_embeddability_tradeoff/MTLSH__mse__minmax__seed42__model_head_sizes128_64__model_shared_sizes256_128_64/scatter_Delta_P_IBR_4.png
Saved model to results/thesis_model_results/outputs/mtlsh_embeddability_tradeoff/MTLSH__mse__minmax__seed42__model_head_sizes128_64__model_shared_sizes256_128_64/mtlsh_state_dict.pt
Saved summary to results/thesis_model_results/tables/mtlsh_embeddability_tradeoff.csv
FINISHED AT Thu Apr  2 01:55:56 AM CEST 2026
