STARTING AT Thu Apr  2 12:51:58 AM CEST 2026
Loss type: mse | weights=[]
Target stats (scaled):
train mean=[ 0. -0.  0.  0. -0.  0.]
train std=[1. 1. 1. 1. 1. 1.]
train q05=[-1.7702 -1.394  -1.5145 -1.7433 -1.2413 -1.7471]
train q95=[1.7898 2.0142 1.5772 1.512  1.8496 1.6033]
val mean=[-0.0124 -0.0126  0.002   0.0083  0.011   0.0074]
val std=[0.984  0.9828 0.9844 1.0084 0.9848 0.9772]
val q05=[-1.7489 -1.3914 -1.5116 -1.7439 -1.2168 -1.7063]
val q95=[1.7552 1.9956 1.5881 1.5335 1.8418 1.5753]
val/train std ratio=[0.984  0.9828 0.9844 1.0084 0.9848 0.9772]
LR scheduler: ReduceLROnPlateau (factor=0.5, patience=8, min_lr=1e-07)
Epoch 001 | train_loss=3.7150e-01 | train_eval_loss=1.6429e-01 | val_loss=1.6054e-01 | | lr=1.00e-03
Saved best model to results/thesis_model_results/outputs/scaler_comparison_mlp/MLP__mse__standard__seed42/mlp_state_dict_best.pt
Epoch 002 | train_loss=1.2292e-01 | train_eval_loss=9.9162e-02 | val_loss=9.8532e-02 | | lr=1.00e-03
Saved best model to results/thesis_model_results/outputs/scaler_comparison_mlp/MLP__mse__standard__seed42/mlp_state_dict_best.pt
Epoch 003 | train_loss=8.9113e-02 | train_eval_loss=7.7778e-02 | val_loss=7.7243e-02 | | lr=1.00e-03
Saved best model to results/thesis_model_results/outputs/scaler_comparison_mlp/MLP__mse__standard__seed42/mlp_state_dict_best.pt
Epoch 004 | train_loss=7.4982e-02 | train_eval_loss=6.8000e-02 | val_loss=6.8278e-02 | | lr=1.00e-03
Saved best model to results/thesis_model_results/outputs/scaler_comparison_mlp/MLP__mse__standard__seed42/mlp_state_dict_best.pt
Epoch 005 | train_loss=6.5450e-02 | train_eval_loss=6.1264e-02 | val_loss=6.1910e-02 | | lr=1.00e-03
Saved best model to results/thesis_model_results/outputs/scaler_comparison_mlp/MLP__mse__standard__seed42/mlp_state_dict_best.pt
Epoch 006 | train_loss=5.9720e-02 | train_eval_loss=5.6009e-02 | val_loss=5.6746e-02 | | lr=1.00e-03
Saved best model to results/thesis_model_results/outputs/scaler_comparison_mlp/MLP__mse__standard__seed42/mlp_state_dict_best.pt
Epoch 007 | train_loss=5.4514e-02 | train_eval_loss=5.4434e-02 | val_loss=5.5956e-02 | | lr=1.00e-03
Saved best model to results/thesis_model_results/outputs/scaler_comparison_mlp/MLP__mse__standard__seed42/mlp_state_dict_best.pt
Epoch 008 | train_loss=4.9822e-02 | train_eval_loss=5.0012e-02 | val_loss=5.0922e-02 | | lr=1.00e-03
Saved best model to results/thesis_model_results/outputs/scaler_comparison_mlp/MLP__mse__standard__seed42/mlp_state_dict_best.pt
Epoch 009 | train_loss=4.7533e-02 | train_eval_loss=4.3614e-02 | val_loss=4.5217e-02 | | lr=1.00e-03
Saved best model to results/thesis_model_results/outputs/scaler_comparison_mlp/MLP__mse__standard__seed42/mlp_state_dict_best.pt
Epoch 010 | train_loss=4.3781e-02 | train_eval_loss=4.1363e-02 | val_loss=4.2999e-02 | | lr=1.00e-03
Saved best model to results/thesis_model_results/outputs/scaler_comparison_mlp/MLP__mse__standard__seed42/mlp_state_dict_best.pt
Epoch 011 | train_loss=4.1705e-02 | train_eval_loss=4.1040e-02 | val_loss=4.3191e-02 | | lr=1.00e-03
Epoch 012 | train_loss=4.1651e-02 | train_eval_loss=3.9720e-02 | val_loss=4.2025e-02 | | lr=1.00e-03
Saved best model to results/thesis_model_results/outputs/scaler_comparison_mlp/MLP__mse__standard__seed42/mlp_state_dict_best.pt
Epoch 013 | train_loss=3.9296e-02 | train_eval_loss=4.0867e-02 | val_loss=4.2928e-02 | | lr=1.00e-03
Epoch 014 | train_loss=3.7484e-02 | train_eval_loss=3.6612e-02 | val_loss=3.8828e-02 | | lr=1.00e-03
Saved best model to results/thesis_model_results/outputs/scaler_comparison_mlp/MLP__mse__standard__seed42/mlp_state_dict_best.pt
Epoch 015 | train_loss=3.5280e-02 | train_eval_loss=3.6599e-02 | val_loss=3.9848e-02 | | lr=1.00e-03
Epoch 016 | train_loss=3.5459e-02 | train_eval_loss=3.5621e-02 | val_loss=3.8977e-02 | | lr=1.00e-03
Epoch 017 | train_loss=3.5008e-02 | train_eval_loss=3.4225e-02 | val_loss=3.7967e-02 | | lr=1.00e-03
Saved best model to results/thesis_model_results/outputs/scaler_comparison_mlp/MLP__mse__standard__seed42/mlp_state_dict_best.pt
Epoch 018 | train_loss=3.4223e-02 | train_eval_loss=3.2959e-02 | val_loss=3.6185e-02 | | lr=1.00e-03
Saved best model to results/thesis_model_results/outputs/scaler_comparison_mlp/MLP__mse__standard__seed42/mlp_state_dict_best.pt
Epoch 019 | train_loss=3.2664e-02 | train_eval_loss=3.1157e-02 | val_loss=3.5191e-02 | | lr=1.00e-03
Saved best model to results/thesis_model_results/outputs/scaler_comparison_mlp/MLP__mse__standard__seed42/mlp_state_dict_best.pt
Epoch 020 | train_loss=3.1899e-02 | train_eval_loss=3.1346e-02 | val_loss=3.4328e-02 | | lr=1.00e-03
Saved best model to results/thesis_model_results/outputs/scaler_comparison_mlp/MLP__mse__standard__seed42/mlp_state_dict_best.pt
Epoch 021 | train_loss=3.0862e-02 | train_eval_loss=3.1456e-02 | val_loss=3.6039e-02 | | lr=1.00e-03
Epoch 022 | train_loss=2.9599e-02 | train_eval_loss=3.1047e-02 | val_loss=3.4848e-02 | | lr=1.00e-03
Epoch 023 | train_loss=2.9386e-02 | train_eval_loss=3.0639e-02 | val_loss=3.5565e-02 | | lr=1.00e-03
Epoch 024 | train_loss=2.9911e-02 | train_eval_loss=2.7823e-02 | val_loss=3.2559e-02 | | lr=1.00e-03
Saved best model to results/thesis_model_results/outputs/scaler_comparison_mlp/MLP__mse__standard__seed42/mlp_state_dict_best.pt
Epoch 025 | train_loss=2.8331e-02 | train_eval_loss=2.7465e-02 | val_loss=3.1596e-02 | | lr=1.00e-03
Saved best model to results/thesis_model_results/outputs/scaler_comparison_mlp/MLP__mse__standard__seed42/mlp_state_dict_best.pt
Epoch 026 | train_loss=2.8088e-02 | train_eval_loss=2.7956e-02 | val_loss=3.2081e-02 | | lr=1.00e-03
Epoch 027 | train_loss=2.7738e-02 | train_eval_loss=2.6685e-02 | val_loss=3.1732e-02 | | lr=1.00e-03
Epoch 028 | train_loss=2.7168e-02 | train_eval_loss=2.7674e-02 | val_loss=3.2458e-02 | | lr=1.00e-03
Epoch 029 | train_loss=2.6165e-02 | train_eval_loss=2.6914e-02 | val_loss=3.2707e-02 | | lr=1.00e-03
Epoch 030 | train_loss=2.5456e-02 | train_eval_loss=2.3272e-02 | val_loss=2.8383e-02 | | lr=1.00e-03
Saved best model to results/thesis_model_results/outputs/scaler_comparison_mlp/MLP__mse__standard__seed42/mlp_state_dict_best.pt
Epoch 031 | train_loss=2.4895e-02 | train_eval_loss=2.3668e-02 | val_loss=2.9338e-02 | | lr=1.00e-03
Epoch 032 | train_loss=2.5277e-02 | train_eval_loss=2.4859e-02 | val_loss=3.0404e-02 | | lr=1.00e-03
Epoch 033 | train_loss=2.4005e-02 | train_eval_loss=2.4855e-02 | val_loss=3.0734e-02 | | lr=1.00e-03
Epoch 034 | train_loss=2.4325e-02 | train_eval_loss=2.2379e-02 | val_loss=2.7874e-02 | | lr=1.00e-03
Saved best model to results/thesis_model_results/outputs/scaler_comparison_mlp/MLP__mse__standard__seed42/mlp_state_dict_best.pt
Epoch 035 | train_loss=2.4149e-02 | train_eval_loss=2.5496e-02 | val_loss=3.1627e-02 | | lr=1.00e-03
Epoch 036 | train_loss=2.4248e-02 | train_eval_loss=2.2203e-02 | val_loss=2.7704e-02 | | lr=1.00e-03
Saved best model to results/thesis_model_results/outputs/scaler_comparison_mlp/MLP__mse__standard__seed42/mlp_state_dict_best.pt
Epoch 037 | train_loss=2.2186e-02 | train_eval_loss=2.2254e-02 | val_loss=2.8043e-02 | | lr=1.00e-03
Epoch 038 | train_loss=2.3610e-02 | train_eval_loss=2.1644e-02 | val_loss=2.7537e-02 | | lr=1.00e-03
Saved best model to results/thesis_model_results/outputs/scaler_comparison_mlp/MLP__mse__standard__seed42/mlp_state_dict_best.pt
Epoch 039 | train_loss=2.2561e-02 | train_eval_loss=2.1767e-02 | val_loss=2.8893e-02 | | lr=1.00e-03
Epoch 040 | train_loss=2.2428e-02 | train_eval_loss=2.2501e-02 | val_loss=2.9727e-02 | | lr=1.00e-03
Epoch 041 | train_loss=2.2352e-02 | train_eval_loss=2.0394e-02 | val_loss=2.7348e-02 | | lr=1.00e-03
Saved best model to results/thesis_model_results/outputs/scaler_comparison_mlp/MLP__mse__standard__seed42/mlp_state_dict_best.pt
Epoch 042 | train_loss=2.2024e-02 | train_eval_loss=2.0471e-02 | val_loss=2.6306e-02 | | lr=1.00e-03
Saved best model to results/thesis_model_results/outputs/scaler_comparison_mlp/MLP__mse__standard__seed42/mlp_state_dict_best.pt
Epoch 043 | train_loss=2.1217e-02 | train_eval_loss=2.1652e-02 | val_loss=2.8920e-02 | | lr=1.00e-03
Epoch 044 | train_loss=2.1415e-02 | train_eval_loss=2.1810e-02 | val_loss=2.8999e-02 | | lr=1.00e-03
Epoch 045 | train_loss=2.0459e-02 | train_eval_loss=2.0292e-02 | val_loss=2.7133e-02 | | lr=1.00e-03
Epoch 046 | train_loss=2.0627e-02 | train_eval_loss=1.9933e-02 | val_loss=2.6738e-02 | | lr=1.00e-03
Epoch 047 | train_loss=2.0305e-02 | train_eval_loss=1.7991e-02 | val_loss=2.5374e-02 | | lr=1.00e-03
Saved best model to results/thesis_model_results/outputs/scaler_comparison_mlp/MLP__mse__standard__seed42/mlp_state_dict_best.pt
Epoch 048 | train_loss=1.8931e-02 | train_eval_loss=1.8364e-02 | val_loss=2.5554e-02 | | lr=1.00e-03
Epoch 049 | train_loss=1.9653e-02 | train_eval_loss=1.8076e-02 | val_loss=2.5952e-02 | | lr=1.00e-03
Epoch 050 | train_loss=1.9437e-02 | train_eval_loss=1.7655e-02 | val_loss=2.5609e-02 | | lr=1.00e-03
Epoch 051 | train_loss=1.9374e-02 | train_eval_loss=1.8752e-02 | val_loss=2.6342e-02 | | lr=1.00e-03
Epoch 052 | train_loss=1.8674e-02 | train_eval_loss=1.8183e-02 | val_loss=2.6227e-02 | | lr=1.00e-03
Epoch 053 | train_loss=1.9004e-02 | train_eval_loss=1.7628e-02 | val_loss=2.5077e-02 | | lr=1.00e-03
Saved best model to results/thesis_model_results/outputs/scaler_comparison_mlp/MLP__mse__standard__seed42/mlp_state_dict_best.pt
Epoch 054 | train_loss=1.8213e-02 | train_eval_loss=1.8255e-02 | val_loss=2.6589e-02 | | lr=1.00e-03
Epoch 055 | train_loss=1.8602e-02 | train_eval_loss=2.0347e-02 | val_loss=2.8781e-02 | | lr=1.00e-03
Epoch 056 | train_loss=1.8930e-02 | train_eval_loss=1.7055e-02 | val_loss=2.5820e-02 | | lr=1.00e-03
Epoch 057 | train_loss=1.7988e-02 | train_eval_loss=1.6931e-02 | val_loss=2.5657e-02 | | lr=1.00e-03
Epoch 058 | train_loss=1.7336e-02 | train_eval_loss=1.8523e-02 | val_loss=2.7259e-02 | | lr=1.00e-03
Epoch 059 | train_loss=1.7959e-02 | train_eval_loss=1.6790e-02 | val_loss=2.4866e-02 | | lr=1.00e-03
Saved best model to results/thesis_model_results/outputs/scaler_comparison_mlp/MLP__mse__standard__seed42/mlp_state_dict_best.pt
Epoch 060 | train_loss=1.8132e-02 | train_eval_loss=1.6860e-02 | val_loss=2.4927e-02 | | lr=1.00e-03
Epoch 061 | train_loss=1.7141e-02 | train_eval_loss=1.7495e-02 | val_loss=2.5716e-02 | | lr=1.00e-03
Epoch 062 | train_loss=1.7700e-02 | train_eval_loss=1.6218e-02 | val_loss=2.4693e-02 | | lr=1.00e-03
Saved best model to results/thesis_model_results/outputs/scaler_comparison_mlp/MLP__mse__standard__seed42/mlp_state_dict_best.pt
Epoch 063 | train_loss=1.6418e-02 | train_eval_loss=1.5828e-02 | val_loss=2.5213e-02 | | lr=1.00e-03
Epoch 064 | train_loss=1.6321e-02 | train_eval_loss=1.5680e-02 | val_loss=2.4301e-02 | | lr=1.00e-03
Saved best model to results/thesis_model_results/outputs/scaler_comparison_mlp/MLP__mse__standard__seed42/mlp_state_dict_best.pt
Epoch 065 | train_loss=1.6146e-02 | train_eval_loss=1.6013e-02 | val_loss=2.5763e-02 | | lr=1.00e-03
Epoch 066 | train_loss=1.6784e-02 | train_eval_loss=1.5379e-02 | val_loss=2.4287e-02 | | lr=1.00e-03
Saved best model to results/thesis_model_results/outputs/scaler_comparison_mlp/MLP__mse__standard__seed42/mlp_state_dict_best.pt
Epoch 067 | train_loss=1.5964e-02 | train_eval_loss=1.6287e-02 | val_loss=2.6646e-02 | | lr=1.00e-03
Epoch 068 | train_loss=1.6237e-02 | train_eval_loss=1.6934e-02 | val_loss=2.5592e-02 | | lr=1.00e-03
Epoch 069 | train_loss=1.6644e-02 | train_eval_loss=1.4103e-02 | val_loss=2.3538e-02 | | lr=1.00e-03
Saved best model to results/thesis_model_results/outputs/scaler_comparison_mlp/MLP__mse__standard__seed42/mlp_state_dict_best.pt
Epoch 070 | train_loss=1.5344e-02 | train_eval_loss=1.3695e-02 | val_loss=2.3455e-02 | | lr=1.00e-03
Saved best model to results/thesis_model_results/outputs/scaler_comparison_mlp/MLP__mse__standard__seed42/mlp_state_dict_best.pt
Epoch 071 | train_loss=1.4945e-02 | train_eval_loss=1.3746e-02 | val_loss=2.2746e-02 | | lr=1.00e-03
Saved best model to results/thesis_model_results/outputs/scaler_comparison_mlp/MLP__mse__standard__seed42/mlp_state_dict_best.pt
Epoch 072 | train_loss=1.5035e-02 | train_eval_loss=1.6237e-02 | val_loss=2.5701e-02 | | lr=1.00e-03
Epoch 073 | train_loss=1.4821e-02 | train_eval_loss=1.3599e-02 | val_loss=2.3212e-02 | | lr=1.00e-03
Epoch 074 | train_loss=1.4428e-02 | train_eval_loss=1.4801e-02 | val_loss=2.4606e-02 | | lr=1.00e-03
Epoch 075 | train_loss=1.4760e-02 | train_eval_loss=1.4787e-02 | val_loss=2.3836e-02 | | lr=1.00e-03
Epoch 076 | train_loss=1.5180e-02 | train_eval_loss=1.3423e-02 | val_loss=2.3932e-02 | | lr=1.00e-03
Epoch 077 | train_loss=1.4645e-02 | train_eval_loss=1.3872e-02 | val_loss=2.4269e-02 | | lr=1.00e-03
Epoch 078 | train_loss=1.5363e-02 | train_eval_loss=1.4791e-02 | val_loss=2.5393e-02 | | lr=1.00e-03
Epoch 079 | train_loss=1.5949e-02 | train_eval_loss=1.2524e-02 | val_loss=2.2747e-02 | | lr=1.00e-03
Epoch 080 | train_loss=1.4057e-02 | train_eval_loss=1.2862e-02 | val_loss=2.3136e-02 | | lr=1.00e-03
Epoch 081 | train_loss=1.1256e-02 | train_eval_loss=1.1384e-02 | val_loss=2.1722e-02 | | lr=5.00e-04
Saved best model to results/thesis_model_results/outputs/scaler_comparison_mlp/MLP__mse__standard__seed42/mlp_state_dict_best.pt
Epoch 082 | train_loss=1.0531e-02 | train_eval_loss=1.0397e-02 | val_loss=2.1892e-02 | | lr=5.00e-04
Epoch 083 | train_loss=1.0092e-02 | train_eval_loss=9.4023e-03 | val_loss=2.0761e-02 | | lr=5.00e-04
Saved best model to results/thesis_model_results/outputs/scaler_comparison_mlp/MLP__mse__standard__seed42/mlp_state_dict_best.pt
Epoch 084 | train_loss=9.8113e-03 | train_eval_loss=9.7174e-03 | val_loss=2.1141e-02 | | lr=5.00e-04
Epoch 085 | train_loss=9.6451e-03 | train_eval_loss=9.5738e-03 | val_loss=2.0808e-02 | | lr=5.00e-04
Epoch 086 | train_loss=1.0045e-02 | train_eval_loss=9.6250e-03 | val_loss=2.1163e-02 | | lr=5.00e-04
Epoch 087 | train_loss=9.9360e-03 | train_eval_loss=9.7909e-03 | val_loss=2.1477e-02 | | lr=5.00e-04
Epoch 088 | train_loss=9.5883e-03 | train_eval_loss=9.2043e-03 | val_loss=2.0361e-02 | | lr=5.00e-04
Saved best model to results/thesis_model_results/outputs/scaler_comparison_mlp/MLP__mse__standard__seed42/mlp_state_dict_best.pt
Epoch 089 | train_loss=9.5944e-03 | train_eval_loss=9.2961e-03 | val_loss=2.0775e-02 | | lr=5.00e-04
Epoch 090 | train_loss=9.7222e-03 | train_eval_loss=9.1294e-03 | val_loss=2.0967e-02 | | lr=5.00e-04
Epoch 091 | train_loss=9.8772e-03 | train_eval_loss=9.5766e-03 | val_loss=2.1382e-02 | | lr=5.00e-04
Epoch 092 | train_loss=1.0336e-02 | train_eval_loss=9.4740e-03 | val_loss=2.1548e-02 | | lr=5.00e-04
Epoch 093 | train_loss=9.5721e-03 | train_eval_loss=9.4738e-03 | val_loss=2.0595e-02 | | lr=5.00e-04
Epoch 094 | train_loss=9.4226e-03 | train_eval_loss=9.5382e-03 | val_loss=2.1859e-02 | | lr=5.00e-04
Epoch 095 | train_loss=9.3334e-03 | train_eval_loss=8.4291e-03 | val_loss=2.0378e-02 | | lr=5.00e-04
Epoch 096 | train_loss=8.9939e-03 | train_eval_loss=8.4460e-03 | val_loss=2.0515e-02 | | lr=5.00e-04
Epoch 097 | train_loss=9.2511e-03 | train_eval_loss=1.1820e-02 | val_loss=2.4619e-02 | | lr=5.00e-04
Epoch 098 | train_loss=8.2974e-03 | train_eval_loss=7.4758e-03 | val_loss=1.9198e-02 | | lr=2.50e-04
Saved best model to results/thesis_model_results/outputs/scaler_comparison_mlp/MLP__mse__standard__seed42/mlp_state_dict_best.pt
Epoch 099 | train_loss=7.7545e-03 | train_eval_loss=7.3584e-03 | val_loss=1.9521e-02 | | lr=2.50e-04
Epoch 100 | train_loss=7.7193e-03 | train_eval_loss=7.4845e-03 | val_loss=1.9507e-02 | | lr=2.50e-04
Epoch 101 | train_loss=7.6229e-03 | train_eval_loss=7.5445e-03 | val_loss=1.9652e-02 | | lr=2.50e-04
Epoch 102 | train_loss=7.6298e-03 | train_eval_loss=7.2812e-03 | val_loss=1.9324e-02 | | lr=2.50e-04
Epoch 103 | train_loss=7.6444e-03 | train_eval_loss=7.3166e-03 | val_loss=1.9524e-02 | | lr=2.50e-04
Epoch 104 | train_loss=7.5621e-03 | train_eval_loss=7.1726e-03 | val_loss=1.9617e-02 | | lr=2.50e-04
Epoch 105 | train_loss=7.6005e-03 | train_eval_loss=7.3756e-03 | val_loss=1.9546e-02 | | lr=2.50e-04
Epoch 106 | train_loss=7.5449e-03 | train_eval_loss=7.3995e-03 | val_loss=1.9665e-02 | | lr=2.50e-04
Epoch 107 | train_loss=7.6682e-03 | train_eval_loss=7.2080e-03 | val_loss=1.9712e-02 | | lr=2.50e-04
Epoch 108 | train_loss=7.0394e-03 | train_eval_loss=6.7801e-03 | val_loss=1.9093e-02 | | lr=1.25e-04
Saved best model to results/thesis_model_results/outputs/scaler_comparison_mlp/MLP__mse__standard__seed42/mlp_state_dict_best.pt
Epoch 109 | train_loss=6.9535e-03 | train_eval_loss=6.7840e-03 | val_loss=1.9059e-02 | | lr=1.25e-04
Saved best model to results/thesis_model_results/outputs/scaler_comparison_mlp/MLP__mse__standard__seed42/mlp_state_dict_best.pt
Epoch 110 | train_loss=6.9037e-03 | train_eval_loss=6.7842e-03 | val_loss=1.9140e-02 | | lr=1.25e-04
Epoch 111 | train_loss=6.8531e-03 | train_eval_loss=6.6772e-03 | val_loss=1.9088e-02 | | lr=1.25e-04
Epoch 112 | train_loss=6.8350e-03 | train_eval_loss=6.8767e-03 | val_loss=1.9378e-02 | | lr=1.25e-04
Epoch 113 | train_loss=6.8250e-03 | train_eval_loss=6.6372e-03 | val_loss=1.9189e-02 | | lr=1.25e-04
Epoch 114 | train_loss=6.8139e-03 | train_eval_loss=6.7431e-03 | val_loss=1.8999e-02 | | lr=1.25e-04
Saved best model to results/thesis_model_results/outputs/scaler_comparison_mlp/MLP__mse__standard__seed42/mlp_state_dict_best.pt
Epoch 115 | train_loss=6.8184e-03 | train_eval_loss=6.6675e-03 | val_loss=1.9282e-02 | | lr=1.25e-04
Epoch 116 | train_loss=6.8894e-03 | train_eval_loss=6.6376e-03 | val_loss=1.9098e-02 | | lr=1.25e-04
Epoch 117 | train_loss=6.7439e-03 | train_eval_loss=6.5578e-03 | val_loss=1.8883e-02 | | lr=1.25e-04
Saved best model to results/thesis_model_results/outputs/scaler_comparison_mlp/MLP__mse__standard__seed42/mlp_state_dict_best.pt
Epoch 118 | train_loss=6.6763e-03 | train_eval_loss=6.5991e-03 | val_loss=1.9210e-02 | | lr=1.25e-04
Epoch 119 | train_loss=6.7636e-03 | train_eval_loss=6.6085e-03 | val_loss=1.9136e-02 | | lr=1.25e-04
Epoch 120 | train_loss=6.7677e-03 | train_eval_loss=6.6428e-03 | val_loss=1.8908e-02 | | lr=1.25e-04
Epoch 121 | train_loss=6.7047e-03 | train_eval_loss=6.5380e-03 | val_loss=1.9133e-02 | | lr=1.25e-04
Epoch 122 | train_loss=6.6754e-03 | train_eval_loss=6.6068e-03 | val_loss=1.9146e-02 | | lr=1.25e-04
Epoch 123 | train_loss=6.6513e-03 | train_eval_loss=6.4383e-03 | val_loss=1.8992e-02 | | lr=1.25e-04
Epoch 124 | train_loss=6.7517e-03 | train_eval_loss=6.4767e-03 | val_loss=1.9130e-02 | | lr=1.25e-04
Epoch 125 | train_loss=6.6538e-03 | train_eval_loss=6.6145e-03 | val_loss=1.9387e-02 | | lr=1.25e-04
Epoch 126 | train_loss=6.7137e-03 | train_eval_loss=6.4979e-03 | val_loss=1.9147e-02 | | lr=1.25e-04
Epoch 127 | train_loss=6.4021e-03 | train_eval_loss=6.2584e-03 | val_loss=1.9041e-02 | | lr=6.25e-05
Epoch 128 | train_loss=6.3427e-03 | train_eval_loss=6.2008e-03 | val_loss=1.8898e-02 | | lr=6.25e-05
Epoch 129 | train_loss=6.3237e-03 | train_eval_loss=6.1657e-03 | val_loss=1.8890e-02 | | lr=6.25e-05
Epoch 130 | train_loss=6.3149e-03 | train_eval_loss=6.1906e-03 | val_loss=1.8971e-02 | | lr=6.25e-05
Epoch 131 | train_loss=6.3137e-03 | train_eval_loss=6.2616e-03 | val_loss=1.8968e-02 | | lr=6.25e-05
Epoch 132 | train_loss=6.3058e-03 | train_eval_loss=6.1759e-03 | val_loss=1.8978e-02 | | lr=6.25e-05
Epoch 133 | train_loss=6.2667e-03 | train_eval_loss=6.1497e-03 | val_loss=1.8871e-02 | | lr=6.25e-05
Saved best model to results/thesis_model_results/outputs/scaler_comparison_mlp/MLP__mse__standard__seed42/mlp_state_dict_best.pt
Epoch 134 | train_loss=6.2625e-03 | train_eval_loss=6.2618e-03 | val_loss=1.9089e-02 | | lr=6.25e-05
Epoch 135 | train_loss=6.2883e-03 | train_eval_loss=6.1845e-03 | val_loss=1.8970e-02 | | lr=6.25e-05
Epoch 136 | train_loss=6.2801e-03 | train_eval_loss=6.1518e-03 | val_loss=1.8890e-02 | | lr=6.25e-05
Epoch 137 | train_loss=6.2580e-03 | train_eval_loss=6.1344e-03 | val_loss=1.9042e-02 | | lr=6.25e-05
Epoch 138 | train_loss=6.2148e-03 | train_eval_loss=6.0884e-03 | val_loss=1.8920e-02 | | lr=6.25e-05
Epoch 139 | train_loss=6.2190e-03 | train_eval_loss=6.1077e-03 | val_loss=1.8948e-02 | | lr=6.25e-05
Epoch 140 | train_loss=6.2176e-03 | train_eval_loss=6.1341e-03 | val_loss=1.9087e-02 | | lr=6.25e-05
Epoch 141 | train_loss=6.2320e-03 | train_eval_loss=6.0685e-03 | val_loss=1.8915e-02 | | lr=6.25e-05
Epoch 142 | train_loss=6.2190e-03 | train_eval_loss=6.0476e-03 | val_loss=1.8967e-02 | | lr=6.25e-05
Epoch 143 | train_loss=6.0669e-03 | train_eval_loss=5.9592e-03 | val_loss=1.8913e-02 | | lr=3.13e-05
Epoch 144 | train_loss=6.0601e-03 | train_eval_loss=5.9663e-03 | val_loss=1.8876e-02 | | lr=3.13e-05
Epoch 145 | train_loss=6.0309e-03 | train_eval_loss=5.9522e-03 | val_loss=1.8875e-02 | | lr=3.13e-05
Epoch 146 | train_loss=6.0248e-03 | train_eval_loss=5.9718e-03 | val_loss=1.8919e-02 | | lr=3.13e-05
Epoch 147 | train_loss=6.0323e-03 | train_eval_loss=5.9574e-03 | val_loss=1.8967e-02 | | lr=3.13e-05
Epoch 148 | train_loss=6.0204e-03 | train_eval_loss=5.9394e-03 | val_loss=1.8919e-02 | | lr=3.13e-05
Epoch 149 | train_loss=6.0072e-03 | train_eval_loss=5.9396e-03 | val_loss=1.8867e-02 | | lr=3.13e-05
Saved best model to results/thesis_model_results/outputs/scaler_comparison_mlp/MLP__mse__standard__seed42/mlp_state_dict_best.pt
Epoch 150 | train_loss=6.0039e-03 | train_eval_loss=5.9362e-03 | val_loss=1.8870e-02 | | lr=3.13e-05
Epoch 151 | train_loss=6.0019e-03 | train_eval_loss=5.9392e-03 | val_loss=1.8953e-02 | | lr=3.13e-05
Epoch 152 | train_loss=6.0057e-03 | train_eval_loss=5.9066e-03 | val_loss=1.8898e-02 | | lr=3.13e-05
Epoch 153 | train_loss=5.9949e-03 | train_eval_loss=5.9253e-03 | val_loss=1.8946e-02 | | lr=3.13e-05
Epoch 154 | train_loss=5.9983e-03 | train_eval_loss=5.9166e-03 | val_loss=1.8903e-02 | | lr=3.13e-05
Epoch 155 | train_loss=5.9736e-03 | train_eval_loss=5.9104e-03 | val_loss=1.8915e-02 | | lr=3.13e-05
Epoch 156 | train_loss=5.9814e-03 | train_eval_loss=5.8961e-03 | val_loss=1.8891e-02 | | lr=3.13e-05
Epoch 157 | train_loss=5.9748e-03 | train_eval_loss=5.8909e-03 | val_loss=1.8903e-02 | | lr=3.13e-05
Epoch 158 | train_loss=5.9746e-03 | train_eval_loss=5.8949e-03 | val_loss=1.8883e-02 | | lr=3.13e-05
Epoch 159 | train_loss=5.9062e-03 | train_eval_loss=5.8555e-03 | val_loss=1.8913e-02 | | lr=1.56e-05
Epoch 160 | train_loss=5.8909e-03 | train_eval_loss=5.8444e-03 | val_loss=1.8860e-02 | | lr=1.56e-05
Saved best model to results/thesis_model_results/outputs/scaler_comparison_mlp/MLP__mse__standard__seed42/mlp_state_dict_best.pt
Epoch 161 | train_loss=5.8854e-03 | train_eval_loss=5.8402e-03 | val_loss=1.8861e-02 | | lr=1.56e-05
Epoch 162 | train_loss=5.8811e-03 | train_eval_loss=5.8501e-03 | val_loss=1.8913e-02 | | lr=1.56e-05
Epoch 163 | train_loss=5.8767e-03 | train_eval_loss=5.8345e-03 | val_loss=1.8898e-02 | | lr=1.56e-05
Epoch 164 | train_loss=5.8794e-03 | train_eval_loss=5.8288e-03 | val_loss=1.8845e-02 | | lr=1.56e-05
Saved best model to results/thesis_model_results/outputs/scaler_comparison_mlp/MLP__mse__standard__seed42/mlp_state_dict_best.pt
Epoch 165 | train_loss=5.8738e-03 | train_eval_loss=5.8198e-03 | val_loss=1.8883e-02 | | lr=1.56e-05
Epoch 166 | train_loss=5.8683e-03 | train_eval_loss=5.8319e-03 | val_loss=1.8874e-02 | | lr=1.56e-05
Epoch 167 | train_loss=5.8714e-03 | train_eval_loss=5.8214e-03 | val_loss=1.8873e-02 | | lr=1.56e-05
Epoch 168 | train_loss=5.8660e-03 | train_eval_loss=5.8234e-03 | val_loss=1.8891e-02 | | lr=1.56e-05
Epoch 169 | train_loss=5.8593e-03 | train_eval_loss=5.8243e-03 | val_loss=1.8856e-02 | | lr=1.56e-05
Epoch 170 | train_loss=5.8521e-03 | train_eval_loss=5.8134e-03 | val_loss=1.8860e-02 | | lr=1.56e-05
Epoch 171 | train_loss=5.8617e-03 | train_eval_loss=5.8077e-03 | val_loss=1.8862e-02 | | lr=1.56e-05
Epoch 172 | train_loss=5.8552e-03 | train_eval_loss=5.8083e-03 | val_loss=1.8852e-02 | | lr=1.56e-05
Epoch 173 | train_loss=5.8513e-03 | train_eval_loss=5.8119e-03 | val_loss=1.8880e-02 | | lr=1.56e-05
Epoch 174 | train_loss=5.8159e-03 | train_eval_loss=5.7829e-03 | val_loss=1.8856e-02 | | lr=7.81e-06
Epoch 175 | train_loss=5.8146e-03 | train_eval_loss=5.7869e-03 | val_loss=1.8865e-02 | | lr=7.81e-06
Epoch 176 | train_loss=5.8046e-03 | train_eval_loss=5.7879e-03 | val_loss=1.8838e-02 | | lr=7.81e-06
Saved best model to results/thesis_model_results/outputs/scaler_comparison_mlp/MLP__mse__standard__seed42/mlp_state_dict_best.pt
Epoch 177 | train_loss=5.8086e-03 | train_eval_loss=5.7750e-03 | val_loss=1.8849e-02 | | lr=7.81e-06
Epoch 178 | train_loss=5.8034e-03 | train_eval_loss=5.7736e-03 | val_loss=1.8826e-02 | | lr=7.81e-06
Saved best model to results/thesis_model_results/outputs/scaler_comparison_mlp/MLP__mse__standard__seed42/mlp_state_dict_best.pt
Epoch 179 | train_loss=5.8017e-03 | train_eval_loss=5.7749e-03 | val_loss=1.8872e-02 | | lr=7.81e-06
Epoch 180 | train_loss=5.8021e-03 | train_eval_loss=5.7721e-03 | val_loss=1.8865e-02 | | lr=7.81e-06
Epoch 181 | train_loss=5.8017e-03 | train_eval_loss=5.7687e-03 | val_loss=1.8849e-02 | | lr=7.81e-06
Epoch 182 | train_loss=5.8011e-03 | train_eval_loss=5.7712e-03 | val_loss=1.8830e-02 | | lr=7.81e-06
Epoch 183 | train_loss=5.7993e-03 | train_eval_loss=5.7673e-03 | val_loss=1.8862e-02 | | lr=7.81e-06
Epoch 184 | train_loss=5.7953e-03 | train_eval_loss=5.7666e-03 | val_loss=1.8834e-02 | | lr=7.81e-06
Epoch 185 | train_loss=5.7924e-03 | train_eval_loss=5.7636e-03 | val_loss=1.8869e-02 | | lr=7.81e-06
Epoch 186 | train_loss=5.7955e-03 | train_eval_loss=5.7597e-03 | val_loss=1.8851e-02 | | lr=7.81e-06
Epoch 187 | train_loss=5.7910e-03 | train_eval_loss=5.7627e-03 | val_loss=1.8856e-02 | | lr=7.81e-06
Epoch 188 | train_loss=5.7712e-03 | train_eval_loss=5.7536e-03 | val_loss=1.8843e-02 | | lr=3.91e-06
Epoch 189 | train_loss=5.7692e-03 | train_eval_loss=5.7520e-03 | val_loss=1.8852e-02 | | lr=3.91e-06
Epoch 190 | train_loss=5.7687e-03 | train_eval_loss=5.7503e-03 | val_loss=1.8838e-02 | | lr=3.91e-06
Epoch 191 | train_loss=5.7667e-03 | train_eval_loss=5.7530e-03 | val_loss=1.8846e-02 | | lr=3.91e-06
Epoch 192 | train_loss=5.7657e-03 | train_eval_loss=5.7516e-03 | val_loss=1.8846e-02 | | lr=3.91e-06
Epoch 193 | train_loss=5.7652e-03 | train_eval_loss=5.7493e-03 | val_loss=1.8836e-02 | | lr=3.91e-06
Epoch 194 | train_loss=5.7639e-03 | train_eval_loss=5.7503e-03 | val_loss=1.8848e-02 | | lr=3.91e-06
Epoch 195 | train_loss=5.7669e-03 | train_eval_loss=5.7484e-03 | val_loss=1.8843e-02 | | lr=3.91e-06
Epoch 196 | train_loss=5.7620e-03 | train_eval_loss=5.7473e-03 | val_loss=1.8839e-02 | | lr=3.91e-06
Epoch 197 | train_loss=5.7532e-03 | train_eval_loss=5.7438e-03 | val_loss=1.8843e-02 | | lr=1.95e-06
Epoch 198 | train_loss=5.7515e-03 | train_eval_loss=5.7425e-03 | val_loss=1.8840e-02 | | lr=1.95e-06
Epoch 199 | train_loss=5.7522e-03 | train_eval_loss=5.7430e-03 | val_loss=1.8844e-02 | | lr=1.95e-06
Epoch 200 | train_loss=5.7516e-03 | train_eval_loss=5.7433e-03 | val_loss=1.8841e-02 | | lr=1.95e-06
Saved training logs to results/thesis_model_results/outputs/scaler_comparison_mlp/MLP__mse__standard__seed42/training_summary.txt
Test RMSE(rocof_COI) = 0.0121 | norm: 0.0672 | real_diff: 0.0079
Test RMSE(dev_COI) = 0.0192 | norm: 0.0520 | real_diff: 0.0101
Test RMSE(Delta_P_IBR_1) = 0.0904 | norm: 0.1251 | real_diff: 0.0515
Test RMSE(Delta_P_IBR_2) = 0.0877 | norm: 0.1147 | real_diff: 0.0400
Test RMSE(Delta_P_IBR_3) = 0.1574 | norm: 0.2386 | real_diff: 0.0695
Test RMSE(Delta_P_IBR_4) = 0.1540 | norm: 0.1399 | real_diff: 0.0840
Saved RMSE results to results/thesis_model_results/outputs/scaler_comparison_mlp/MLP__mse__standard__seed42/rmse_results.txt
Saved detailed metrics to results/thesis_model_results/outputs/scaler_comparison_mlp/MLP__mse__standard__seed42/metrics_by_target.csv
Saved aggregate metrics to results/thesis_model_results/outputs/scaler_comparison_mlp/MLP__mse__standard__seed42/metrics_summary.json
Saved loss curves to results/thesis_model_results/outputs/scaler_comparison_mlp/MLP__mse__standard__seed42/loss_curve.png
Saved scatter plot results/thesis_model_results/outputs/scaler_comparison_mlp/MLP__mse__standard__seed42/scatter_rocof_COI.png
Saved scatter plot results/thesis_model_results/outputs/scaler_comparison_mlp/MLP__mse__standard__seed42/scatter_dev_COI.png
Saved scatter plot results/thesis_model_results/outputs/scaler_comparison_mlp/MLP__mse__standard__seed42/scatter_Delta_P_IBR_1.png
Saved scatter plot results/thesis_model_results/outputs/scaler_comparison_mlp/MLP__mse__standard__seed42/scatter_Delta_P_IBR_2.png
Saved scatter plot results/thesis_model_results/outputs/scaler_comparison_mlp/MLP__mse__standard__seed42/scatter_Delta_P_IBR_3.png
Saved scatter plot results/thesis_model_results/outputs/scaler_comparison_mlp/MLP__mse__standard__seed42/scatter_Delta_P_IBR_4.png
Saved model to results/thesis_model_results/outputs/scaler_comparison_mlp/MLP__mse__standard__seed42/mlp_state_dict.pt
Loss type: mse | weights=[]
Target stats (scaled):
train mean=[0.549  0.589  0.492  0.4884 0.4785 0.4192]
train std=[0.1365 0.1371 0.1141 0.1063 0.1158 0.1138]
train q05=[0.3074 0.3979 0.3192 0.303  0.3347 0.2205]
train q95=[0.7933 0.8652 0.6719 0.6491 0.6927 0.6016]
val mean=[0.5473 0.5873 0.4922 0.4893 0.4798 0.4201]
val std=[0.1343 0.1348 0.1123 0.1072 0.1141 0.1112]
val q05=[0.3103 0.3982 0.3195 0.303  0.3376 0.2251]
val q95=[0.7886 0.8626 0.6731 0.6514 0.6918 0.5984]
val/train std ratio=[0.984  0.9828 0.9844 1.0084 0.9848 0.9772]
LR scheduler: ReduceLROnPlateau (factor=0.5, patience=8, min_lr=1e-07)
Epoch 001 | train_loss=3.1634e-02 | train_eval_loss=1.3962e-02 | val_loss=1.3580e-02 | | lr=1.00e-03
Saved best model to results/thesis_model_results/outputs/scaler_comparison_mlp/MLP__mse__minmax__seed42/mlp_state_dict_best.pt
Epoch 002 | train_loss=1.0741e-02 | train_eval_loss=4.6903e-03 | val_loss=4.6251e-03 | | lr=1.00e-03
Saved best model to results/thesis_model_results/outputs/scaler_comparison_mlp/MLP__mse__minmax__seed42/mlp_state_dict_best.pt
Epoch 003 | train_loss=3.8350e-03 | train_eval_loss=3.4604e-03 | val_loss=3.4092e-03 | | lr=1.00e-03
Saved best model to results/thesis_model_results/outputs/scaler_comparison_mlp/MLP__mse__minmax__seed42/mlp_state_dict_best.pt
Epoch 004 | train_loss=3.3530e-03 | train_eval_loss=3.0775e-03 | val_loss=3.0370e-03 | | lr=1.00e-03
Saved best model to results/thesis_model_results/outputs/scaler_comparison_mlp/MLP__mse__minmax__seed42/mlp_state_dict_best.pt
Epoch 005 | train_loss=2.9001e-03 | train_eval_loss=2.6321e-03 | val_loss=2.5877e-03 | | lr=1.00e-03
Saved best model to results/thesis_model_results/outputs/scaler_comparison_mlp/MLP__mse__minmax__seed42/mlp_state_dict_best.pt
Epoch 006 | train_loss=2.4923e-03 | train_eval_loss=2.2499e-03 | val_loss=2.2092e-03 | | lr=1.00e-03
Saved best model to results/thesis_model_results/outputs/scaler_comparison_mlp/MLP__mse__minmax__seed42/mlp_state_dict_best.pt
Epoch 007 | train_loss=2.1571e-03 | train_eval_loss=2.1557e-03 | val_loss=2.1165e-03 | | lr=1.00e-03
Saved best model to results/thesis_model_results/outputs/scaler_comparison_mlp/MLP__mse__minmax__seed42/mlp_state_dict_best.pt
Epoch 008 | train_loss=1.9811e-03 | train_eval_loss=1.9435e-03 | val_loss=1.9058e-03 | | lr=1.00e-03
Saved best model to results/thesis_model_results/outputs/scaler_comparison_mlp/MLP__mse__minmax__seed42/mlp_state_dict_best.pt
Epoch 009 | train_loss=1.8567e-03 | train_eval_loss=1.7611e-03 | val_loss=1.7343e-03 | | lr=1.00e-03
Saved best model to results/thesis_model_results/outputs/scaler_comparison_mlp/MLP__mse__minmax__seed42/mlp_state_dict_best.pt
Epoch 010 | train_loss=1.7228e-03 | train_eval_loss=1.6656e-03 | val_loss=1.6335e-03 | | lr=1.00e-03
Saved best model to results/thesis_model_results/outputs/scaler_comparison_mlp/MLP__mse__minmax__seed42/mlp_state_dict_best.pt
Epoch 011 | train_loss=1.6657e-03 | train_eval_loss=1.6584e-03 | val_loss=1.6277e-03 | | lr=1.00e-03
Saved best model to results/thesis_model_results/outputs/scaler_comparison_mlp/MLP__mse__minmax__seed42/mlp_state_dict_best.pt
Epoch 012 | train_loss=1.6198e-03 | train_eval_loss=1.5315e-03 | val_loss=1.4997e-03 | | lr=1.00e-03
Saved best model to results/thesis_model_results/outputs/scaler_comparison_mlp/MLP__mse__minmax__seed42/mlp_state_dict_best.pt
Epoch 013 | train_loss=1.5954e-03 | train_eval_loss=1.6471e-03 | val_loss=1.6167e-03 | | lr=1.00e-03
Epoch 014 | train_loss=1.5155e-03 | train_eval_loss=1.4921e-03 | val_loss=1.4678e-03 | | lr=1.00e-03
Saved best model to results/thesis_model_results/outputs/scaler_comparison_mlp/MLP__mse__minmax__seed42/mlp_state_dict_best.pt
Epoch 015 | train_loss=1.4612e-03 | train_eval_loss=1.4657e-03 | val_loss=1.4403e-03 | | lr=1.00e-03
Saved best model to results/thesis_model_results/outputs/scaler_comparison_mlp/MLP__mse__minmax__seed42/mlp_state_dict_best.pt
Epoch 016 | train_loss=1.4379e-03 | train_eval_loss=1.4918e-03 | val_loss=1.4706e-03 | | lr=1.00e-03
Epoch 017 | train_loss=1.4335e-03 | train_eval_loss=1.3490e-03 | val_loss=1.3258e-03 | | lr=1.00e-03
Saved best model to results/thesis_model_results/outputs/scaler_comparison_mlp/MLP__mse__minmax__seed42/mlp_state_dict_best.pt
Epoch 018 | train_loss=1.3959e-03 | train_eval_loss=1.3559e-03 | val_loss=1.3361e-03 | | lr=1.00e-03
Epoch 019 | train_loss=1.3602e-03 | train_eval_loss=1.3493e-03 | val_loss=1.3250e-03 | | lr=1.00e-03
Saved best model to results/thesis_model_results/outputs/scaler_comparison_mlp/MLP__mse__minmax__seed42/mlp_state_dict_best.pt
Epoch 020 | train_loss=1.3388e-03 | train_eval_loss=1.2658e-03 | val_loss=1.2494e-03 | | lr=1.00e-03
Saved best model to results/thesis_model_results/outputs/scaler_comparison_mlp/MLP__mse__minmax__seed42/mlp_state_dict_best.pt
Epoch 021 | train_loss=1.2910e-03 | train_eval_loss=1.2288e-03 | val_loss=1.2148e-03 | | lr=1.00e-03
Saved best model to results/thesis_model_results/outputs/scaler_comparison_mlp/MLP__mse__minmax__seed42/mlp_state_dict_best.pt
Epoch 022 | train_loss=1.2540e-03 | train_eval_loss=1.2233e-03 | val_loss=1.2067e-03 | | lr=1.00e-03
Saved best model to results/thesis_model_results/outputs/scaler_comparison_mlp/MLP__mse__minmax__seed42/mlp_state_dict_best.pt
Epoch 023 | train_loss=1.2628e-03 | train_eval_loss=1.2192e-03 | val_loss=1.2066e-03 | | lr=1.00e-03
Saved best model to results/thesis_model_results/outputs/scaler_comparison_mlp/MLP__mse__minmax__seed42/mlp_state_dict_best.pt
Epoch 024 | train_loss=1.2408e-03 | train_eval_loss=1.1653e-03 | val_loss=1.1505e-03 | | lr=1.00e-03
Saved best model to results/thesis_model_results/outputs/scaler_comparison_mlp/MLP__mse__minmax__seed42/mlp_state_dict_best.pt
Epoch 025 | train_loss=1.2016e-03 | train_eval_loss=1.1609e-03 | val_loss=1.1454e-03 | | lr=1.00e-03
Saved best model to results/thesis_model_results/outputs/scaler_comparison_mlp/MLP__mse__minmax__seed42/mlp_state_dict_best.pt
Epoch 026 | train_loss=1.2227e-03 | train_eval_loss=1.2025e-03 | val_loss=1.1899e-03 | | lr=1.00e-03
Epoch 027 | train_loss=1.1827e-03 | train_eval_loss=1.1619e-03 | val_loss=1.1521e-03 | | lr=1.00e-03
Epoch 028 | train_loss=1.1656e-03 | train_eval_loss=1.2376e-03 | val_loss=1.2293e-03 | | lr=1.00e-03
Epoch 029 | train_loss=1.1476e-03 | train_eval_loss=1.0902e-03 | val_loss=1.0740e-03 | | lr=1.00e-03
Saved best model to results/thesis_model_results/outputs/scaler_comparison_mlp/MLP__mse__minmax__seed42/mlp_state_dict_best.pt
Epoch 030 | train_loss=1.1334e-03 | train_eval_loss=1.1669e-03 | val_loss=1.1486e-03 | | lr=1.00e-03
Epoch 031 | train_loss=1.0938e-03 | train_eval_loss=1.1409e-03 | val_loss=1.1324e-03 | | lr=1.00e-03
Epoch 032 | train_loss=1.0926e-03 | train_eval_loss=1.1190e-03 | val_loss=1.1093e-03 | | lr=1.00e-03
Epoch 033 | train_loss=1.0952e-03 | train_eval_loss=1.0330e-03 | val_loss=1.0223e-03 | | lr=1.00e-03
Saved best model to results/thesis_model_results/outputs/scaler_comparison_mlp/MLP__mse__minmax__seed42/mlp_state_dict_best.pt
Epoch 034 | train_loss=1.0715e-03 | train_eval_loss=1.2395e-03 | val_loss=1.2264e-03 | | lr=1.00e-03
Epoch 035 | train_loss=1.0684e-03 | train_eval_loss=1.1570e-03 | val_loss=1.1407e-03 | | lr=1.00e-03
Epoch 036 | train_loss=1.0753e-03 | train_eval_loss=1.0282e-03 | val_loss=1.0207e-03 | | lr=1.00e-03
Saved best model to results/thesis_model_results/outputs/scaler_comparison_mlp/MLP__mse__minmax__seed42/mlp_state_dict_best.pt
Epoch 037 | train_loss=1.0365e-03 | train_eval_loss=9.9509e-04 | val_loss=9.8403e-04 | | lr=1.00e-03
Saved best model to results/thesis_model_results/outputs/scaler_comparison_mlp/MLP__mse__minmax__seed42/mlp_state_dict_best.pt
Epoch 038 | train_loss=1.0207e-03 | train_eval_loss=1.0331e-03 | val_loss=1.0222e-03 | | lr=1.00e-03
Epoch 039 | train_loss=9.9134e-04 | train_eval_loss=9.4183e-04 | val_loss=9.3764e-04 | | lr=1.00e-03
Saved best model to results/thesis_model_results/outputs/scaler_comparison_mlp/MLP__mse__minmax__seed42/mlp_state_dict_best.pt
Epoch 040 | train_loss=9.5397e-04 | train_eval_loss=1.0436e-03 | val_loss=1.0309e-03 | | lr=1.00e-03
Epoch 041 | train_loss=9.6804e-04 | train_eval_loss=1.0499e-03 | val_loss=1.0426e-03 | | lr=1.00e-03
Epoch 042 | train_loss=9.6950e-04 | train_eval_loss=9.6368e-04 | val_loss=9.5863e-04 | | lr=1.00e-03
Epoch 043 | train_loss=9.7172e-04 | train_eval_loss=9.4476e-04 | val_loss=9.3754e-04 | | lr=1.00e-03
Saved best model to results/thesis_model_results/outputs/scaler_comparison_mlp/MLP__mse__minmax__seed42/mlp_state_dict_best.pt
Epoch 044 | train_loss=9.6215e-04 | train_eval_loss=8.9064e-04 | val_loss=8.8428e-04 | | lr=1.00e-03
Saved best model to results/thesis_model_results/outputs/scaler_comparison_mlp/MLP__mse__minmax__seed42/mlp_state_dict_best.pt
Epoch 045 | train_loss=9.0080e-04 | train_eval_loss=9.1568e-04 | val_loss=9.0986e-04 | | lr=1.00e-03
Epoch 046 | train_loss=9.0166e-04 | train_eval_loss=8.8107e-04 | val_loss=8.7320e-04 | | lr=1.00e-03
Saved best model to results/thesis_model_results/outputs/scaler_comparison_mlp/MLP__mse__minmax__seed42/mlp_state_dict_best.pt
Epoch 047 | train_loss=8.8078e-04 | train_eval_loss=8.9464e-04 | val_loss=8.8928e-04 | | lr=1.00e-03
Epoch 048 | train_loss=9.0335e-04 | train_eval_loss=8.4878e-04 | val_loss=8.4478e-04 | | lr=1.00e-03
Saved best model to results/thesis_model_results/outputs/scaler_comparison_mlp/MLP__mse__minmax__seed42/mlp_state_dict_best.pt
Epoch 049 | train_loss=8.9552e-04 | train_eval_loss=9.0583e-04 | val_loss=9.0496e-04 | | lr=1.00e-03
Epoch 050 | train_loss=8.3150e-04 | train_eval_loss=8.2284e-04 | val_loss=8.2278e-04 | | lr=1.00e-03
Saved best model to results/thesis_model_results/outputs/scaler_comparison_mlp/MLP__mse__minmax__seed42/mlp_state_dict_best.pt
Epoch 051 | train_loss=8.7797e-04 | train_eval_loss=8.9669e-04 | val_loss=8.9710e-04 | | lr=1.00e-03
Epoch 052 | train_loss=8.5372e-04 | train_eval_loss=7.7085e-04 | val_loss=7.7359e-04 | | lr=1.00e-03
Saved best model to results/thesis_model_results/outputs/scaler_comparison_mlp/MLP__mse__minmax__seed42/mlp_state_dict_best.pt
Epoch 053 | train_loss=8.0823e-04 | train_eval_loss=7.9678e-04 | val_loss=7.9713e-04 | | lr=1.00e-03
Epoch 054 | train_loss=7.8891e-04 | train_eval_loss=7.8117e-04 | val_loss=7.8036e-04 | | lr=1.00e-03
Epoch 055 | train_loss=8.1450e-04 | train_eval_loss=1.0001e-03 | val_loss=9.9330e-04 | | lr=1.00e-03
Epoch 056 | train_loss=7.8389e-04 | train_eval_loss=8.0856e-04 | val_loss=8.1033e-04 | | lr=1.00e-03
Epoch 057 | train_loss=7.8066e-04 | train_eval_loss=7.4211e-04 | val_loss=7.4707e-04 | | lr=1.00e-03
Saved best model to results/thesis_model_results/outputs/scaler_comparison_mlp/MLP__mse__minmax__seed42/mlp_state_dict_best.pt
Epoch 058 | train_loss=7.7117e-04 | train_eval_loss=7.3180e-04 | val_loss=7.3410e-04 | | lr=1.00e-03
Saved best model to results/thesis_model_results/outputs/scaler_comparison_mlp/MLP__mse__minmax__seed42/mlp_state_dict_best.pt
Epoch 059 | train_loss=7.3862e-04 | train_eval_loss=7.4348e-04 | val_loss=7.4524e-04 | | lr=1.00e-03
Epoch 060 | train_loss=7.4441e-04 | train_eval_loss=7.1886e-04 | val_loss=7.2296e-04 | | lr=1.00e-03
Saved best model to results/thesis_model_results/outputs/scaler_comparison_mlp/MLP__mse__minmax__seed42/mlp_state_dict_best.pt
Epoch 061 | train_loss=7.4620e-04 | train_eval_loss=7.4302e-04 | val_loss=7.4741e-04 | | lr=1.00e-03
Epoch 062 | train_loss=7.4183e-04 | train_eval_loss=9.0712e-04 | val_loss=9.0888e-04 | | lr=1.00e-03
Epoch 063 | train_loss=7.9484e-04 | train_eval_loss=7.1322e-04 | val_loss=7.1188e-04 | | lr=1.00e-03
Saved best model to results/thesis_model_results/outputs/scaler_comparison_mlp/MLP__mse__minmax__seed42/mlp_state_dict_best.pt
Epoch 064 | train_loss=7.3532e-04 | train_eval_loss=7.1651e-04 | val_loss=7.2165e-04 | | lr=1.00e-03
Epoch 065 | train_loss=7.2592e-04 | train_eval_loss=6.7625e-04 | val_loss=6.8468e-04 | | lr=1.00e-03
Saved best model to results/thesis_model_results/outputs/scaler_comparison_mlp/MLP__mse__minmax__seed42/mlp_state_dict_best.pt
Epoch 066 | train_loss=6.9276e-04 | train_eval_loss=6.8109e-04 | val_loss=6.9024e-04 | | lr=1.00e-03
Epoch 067 | train_loss=7.3398e-04 | train_eval_loss=7.4581e-04 | val_loss=7.5837e-04 | | lr=1.00e-03
Epoch 068 | train_loss=6.9249e-04 | train_eval_loss=8.2154e-04 | val_loss=8.2804e-04 | | lr=1.00e-03
Epoch 069 | train_loss=7.1031e-04 | train_eval_loss=7.4874e-04 | val_loss=7.6188e-04 | | lr=1.00e-03
Epoch 070 | train_loss=6.7820e-04 | train_eval_loss=6.6687e-04 | val_loss=6.7244e-04 | | lr=1.00e-03
Saved best model to results/thesis_model_results/outputs/scaler_comparison_mlp/MLP__mse__minmax__seed42/mlp_state_dict_best.pt
Epoch 071 | train_loss=6.9613e-04 | train_eval_loss=6.5859e-04 | val_loss=6.6415e-04 | | lr=1.00e-03
Saved best model to results/thesis_model_results/outputs/scaler_comparison_mlp/MLP__mse__minmax__seed42/mlp_state_dict_best.pt
Epoch 072 | train_loss=6.9809e-04 | train_eval_loss=7.8310e-04 | val_loss=7.8904e-04 | | lr=1.00e-03
Epoch 073 | train_loss=6.9437e-04 | train_eval_loss=6.3792e-04 | val_loss=6.5024e-04 | | lr=1.00e-03
Saved best model to results/thesis_model_results/outputs/scaler_comparison_mlp/MLP__mse__minmax__seed42/mlp_state_dict_best.pt
Epoch 074 | train_loss=6.7404e-04 | train_eval_loss=7.1182e-04 | val_loss=7.1770e-04 | | lr=1.00e-03
Epoch 075 | train_loss=6.4655e-04 | train_eval_loss=6.9797e-04 | val_loss=6.9832e-04 | | lr=1.00e-03
Epoch 076 | train_loss=6.9446e-04 | train_eval_loss=6.5115e-04 | val_loss=6.5636e-04 | | lr=1.00e-03
Epoch 077 | train_loss=6.8961e-04 | train_eval_loss=6.2624e-04 | val_loss=6.3314e-04 | | lr=1.00e-03
Saved best model to results/thesis_model_results/outputs/scaler_comparison_mlp/MLP__mse__minmax__seed42/mlp_state_dict_best.pt
Epoch 078 | train_loss=6.6007e-04 | train_eval_loss=6.7941e-04 | val_loss=6.8547e-04 | | lr=1.00e-03
Epoch 079 | train_loss=6.5587e-04 | train_eval_loss=7.3228e-04 | val_loss=7.3853e-04 | | lr=1.00e-03
Epoch 080 | train_loss=7.0258e-04 | train_eval_loss=8.4139e-04 | val_loss=8.5517e-04 | | lr=1.00e-03
Epoch 081 | train_loss=6.8873e-04 | train_eval_loss=6.3406e-04 | val_loss=6.4124e-04 | | lr=1.00e-03
Epoch 082 | train_loss=6.4370e-04 | train_eval_loss=6.2574e-04 | val_loss=6.3576e-04 | | lr=1.00e-03
Epoch 083 | train_loss=6.2659e-04 | train_eval_loss=6.2871e-04 | val_loss=6.4015e-04 | | lr=1.00e-03
Epoch 084 | train_loss=6.3556e-04 | train_eval_loss=6.1540e-04 | val_loss=6.2838e-04 | | lr=1.00e-03
Saved best model to results/thesis_model_results/outputs/scaler_comparison_mlp/MLP__mse__minmax__seed42/mlp_state_dict_best.pt
Epoch 085 | train_loss=6.4098e-04 | train_eval_loss=6.0449e-04 | val_loss=6.1374e-04 | | lr=1.00e-03
Saved best model to results/thesis_model_results/outputs/scaler_comparison_mlp/MLP__mse__minmax__seed42/mlp_state_dict_best.pt
Epoch 086 | train_loss=6.6303e-04 | train_eval_loss=6.7642e-04 | val_loss=6.7956e-04 | | lr=1.00e-03
Epoch 087 | train_loss=6.3998e-04 | train_eval_loss=6.4469e-04 | val_loss=6.5057e-04 | | lr=1.00e-03
Epoch 088 | train_loss=6.5476e-04 | train_eval_loss=5.9176e-04 | val_loss=6.0426e-04 | | lr=1.00e-03
Saved best model to results/thesis_model_results/outputs/scaler_comparison_mlp/MLP__mse__minmax__seed42/mlp_state_dict_best.pt
Epoch 089 | train_loss=6.2868e-04 | train_eval_loss=6.6199e-04 | val_loss=6.7177e-04 | | lr=1.00e-03
Epoch 090 | train_loss=6.2913e-04 | train_eval_loss=6.4088e-04 | val_loss=6.5271e-04 | | lr=1.00e-03
Epoch 091 | train_loss=6.1452e-04 | train_eval_loss=6.3340e-04 | val_loss=6.4190e-04 | | lr=1.00e-03
Epoch 092 | train_loss=6.2202e-04 | train_eval_loss=6.2144e-04 | val_loss=6.3239e-04 | | lr=1.00e-03
Epoch 093 | train_loss=6.1578e-04 | train_eval_loss=7.5557e-04 | val_loss=7.6607e-04 | | lr=1.00e-03
Epoch 094 | train_loss=6.3411e-04 | train_eval_loss=6.3283e-04 | val_loss=6.3987e-04 | | lr=1.00e-03
Epoch 095 | train_loss=6.1910e-04 | train_eval_loss=6.5790e-04 | val_loss=6.6485e-04 | | lr=1.00e-03
Epoch 096 | train_loss=6.0521e-04 | train_eval_loss=6.7432e-04 | val_loss=6.8533e-04 | | lr=1.00e-03
Epoch 097 | train_loss=6.3153e-04 | train_eval_loss=5.8455e-04 | val_loss=6.0144e-04 | | lr=1.00e-03
Saved best model to results/thesis_model_results/outputs/scaler_comparison_mlp/MLP__mse__minmax__seed42/mlp_state_dict_best.pt
Epoch 098 | train_loss=6.0449e-04 | train_eval_loss=5.7057e-04 | val_loss=5.8958e-04 | | lr=1.00e-03
Saved best model to results/thesis_model_results/outputs/scaler_comparison_mlp/MLP__mse__minmax__seed42/mlp_state_dict_best.pt
Epoch 099 | train_loss=6.1443e-04 | train_eval_loss=6.0609e-04 | val_loss=6.2789e-04 | | lr=1.00e-03
Epoch 100 | train_loss=6.1346e-04 | train_eval_loss=5.6369e-04 | val_loss=5.7848e-04 | | lr=1.00e-03
Saved best model to results/thesis_model_results/outputs/scaler_comparison_mlp/MLP__mse__minmax__seed42/mlp_state_dict_best.pt
Epoch 101 | train_loss=5.9806e-04 | train_eval_loss=6.3939e-04 | val_loss=6.5255e-04 | | lr=1.00e-03
Epoch 102 | train_loss=5.9248e-04 | train_eval_loss=5.9316e-04 | val_loss=6.1257e-04 | | lr=1.00e-03
Epoch 103 | train_loss=5.9030e-04 | train_eval_loss=6.7373e-04 | val_loss=6.9296e-04 | | lr=1.00e-03
Epoch 104 | train_loss=6.0148e-04 | train_eval_loss=5.8594e-04 | val_loss=6.0416e-04 | | lr=1.00e-03
Epoch 105 | train_loss=5.9180e-04 | train_eval_loss=5.6622e-04 | val_loss=5.8616e-04 | | lr=1.00e-03
Epoch 106 | train_loss=6.0560e-04 | train_eval_loss=5.8896e-04 | val_loss=6.0960e-04 | | lr=1.00e-03
Epoch 107 | train_loss=6.1233e-04 | train_eval_loss=5.5557e-04 | val_loss=5.7273e-04 | | lr=1.00e-03
Saved best model to results/thesis_model_results/outputs/scaler_comparison_mlp/MLP__mse__minmax__seed42/mlp_state_dict_best.pt
Epoch 108 | train_loss=5.5542e-04 | train_eval_loss=5.3876e-04 | val_loss=5.5612e-04 | | lr=1.00e-03
Saved best model to results/thesis_model_results/outputs/scaler_comparison_mlp/MLP__mse__minmax__seed42/mlp_state_dict_best.pt
Epoch 109 | train_loss=5.6283e-04 | train_eval_loss=5.3719e-04 | val_loss=5.5921e-04 | | lr=1.00e-03
Epoch 110 | train_loss=5.5477e-04 | train_eval_loss=5.6515e-04 | val_loss=5.8695e-04 | | lr=1.00e-03
Epoch 111 | train_loss=6.1008e-04 | train_eval_loss=6.0132e-04 | val_loss=6.0996e-04 | | lr=1.00e-03
Epoch 112 | train_loss=5.8702e-04 | train_eval_loss=5.8559e-04 | val_loss=5.9648e-04 | | lr=1.00e-03
Epoch 113 | train_loss=5.7582e-04 | train_eval_loss=7.0964e-04 | val_loss=7.2950e-04 | | lr=1.00e-03
Epoch 114 | train_loss=5.8881e-04 | train_eval_loss=5.3056e-04 | val_loss=5.4908e-04 | | lr=1.00e-03
Saved best model to results/thesis_model_results/outputs/scaler_comparison_mlp/MLP__mse__minmax__seed42/mlp_state_dict_best.pt
Epoch 115 | train_loss=5.6298e-04 | train_eval_loss=5.4104e-04 | val_loss=5.5944e-04 | | lr=1.00e-03
Epoch 116 | train_loss=5.5827e-04 | train_eval_loss=5.4332e-04 | val_loss=5.6427e-04 | | lr=1.00e-03
Epoch 117 | train_loss=5.7157e-04 | train_eval_loss=6.3108e-04 | val_loss=6.4830e-04 | | lr=1.00e-03
Epoch 118 | train_loss=5.8663e-04 | train_eval_loss=5.6936e-04 | val_loss=5.9097e-04 | | lr=1.00e-03
Epoch 119 | train_loss=5.5559e-04 | train_eval_loss=6.3092e-04 | val_loss=6.5277e-04 | | lr=1.00e-03
Epoch 120 | train_loss=5.9103e-04 | train_eval_loss=5.0931e-04 | val_loss=5.3178e-04 | | lr=1.00e-03
Saved best model to results/thesis_model_results/outputs/scaler_comparison_mlp/MLP__mse__minmax__seed42/mlp_state_dict_best.pt
Epoch 121 | train_loss=5.5565e-04 | train_eval_loss=5.0850e-04 | val_loss=5.2786e-04 | | lr=1.00e-03
Saved best model to results/thesis_model_results/outputs/scaler_comparison_mlp/MLP__mse__minmax__seed42/mlp_state_dict_best.pt
Epoch 122 | train_loss=5.7474e-04 | train_eval_loss=5.5994e-04 | val_loss=5.8257e-04 | | lr=1.00e-03
Epoch 123 | train_loss=5.6501e-04 | train_eval_loss=5.3459e-04 | val_loss=5.5589e-04 | | lr=1.00e-03
Epoch 124 | train_loss=5.4165e-04 | train_eval_loss=5.5529e-04 | val_loss=5.7749e-04 | | lr=1.00e-03
Epoch 125 | train_loss=5.6112e-04 | train_eval_loss=5.7335e-04 | val_loss=5.9995e-04 | | lr=1.00e-03
Epoch 126 | train_loss=5.3549e-04 | train_eval_loss=5.0760e-04 | val_loss=5.2603e-04 | | lr=1.00e-03
Saved best model to results/thesis_model_results/outputs/scaler_comparison_mlp/MLP__mse__minmax__seed42/mlp_state_dict_best.pt
Epoch 127 | train_loss=5.6608e-04 | train_eval_loss=5.1909e-04 | val_loss=5.4894e-04 | | lr=1.00e-03
Epoch 128 | train_loss=5.3954e-04 | train_eval_loss=5.2132e-04 | val_loss=5.4199e-04 | | lr=1.00e-03
Epoch 129 | train_loss=5.1212e-04 | train_eval_loss=4.8659e-04 | val_loss=5.1022e-04 | | lr=1.00e-03
Saved best model to results/thesis_model_results/outputs/scaler_comparison_mlp/MLP__mse__minmax__seed42/mlp_state_dict_best.pt
Epoch 130 | train_loss=5.2370e-04 | train_eval_loss=4.8046e-04 | val_loss=5.0645e-04 | | lr=1.00e-03
Saved best model to results/thesis_model_results/outputs/scaler_comparison_mlp/MLP__mse__minmax__seed42/mlp_state_dict_best.pt
Epoch 131 | train_loss=5.2188e-04 | train_eval_loss=4.9598e-04 | val_loss=5.2143e-04 | | lr=1.00e-03
Epoch 132 | train_loss=5.2708e-04 | train_eval_loss=6.3721e-04 | val_loss=6.7551e-04 | | lr=1.00e-03
Epoch 133 | train_loss=5.9686e-04 | train_eval_loss=4.9907e-04 | val_loss=5.2560e-04 | | lr=1.00e-03
Epoch 134 | train_loss=5.8597e-04 | train_eval_loss=5.1365e-04 | val_loss=5.4034e-04 | | lr=1.00e-03
Epoch 135 | train_loss=5.0306e-04 | train_eval_loss=5.2524e-04 | val_loss=5.5602e-04 | | lr=1.00e-03
Epoch 136 | train_loss=4.9696e-04 | train_eval_loss=5.6619e-04 | val_loss=5.8677e-04 | | lr=1.00e-03
Epoch 137 | train_loss=5.5669e-04 | train_eval_loss=4.8683e-04 | val_loss=5.1425e-04 | | lr=1.00e-03
Epoch 138 | train_loss=5.1877e-04 | train_eval_loss=5.5937e-04 | val_loss=5.8309e-04 | | lr=1.00e-03
Epoch 139 | train_loss=5.2886e-04 | train_eval_loss=4.9252e-04 | val_loss=5.2525e-04 | | lr=1.00e-03
Epoch 140 | train_loss=4.6335e-04 | train_eval_loss=4.3811e-04 | val_loss=4.7020e-04 | | lr=5.00e-04
Saved best model to results/thesis_model_results/outputs/scaler_comparison_mlp/MLP__mse__minmax__seed42/mlp_state_dict_best.pt
Epoch 141 | train_loss=4.3931e-04 | train_eval_loss=4.2805e-04 | val_loss=4.6270e-04 | | lr=5.00e-04
Saved best model to results/thesis_model_results/outputs/scaler_comparison_mlp/MLP__mse__minmax__seed42/mlp_state_dict_best.pt
Epoch 142 | train_loss=4.4290e-04 | train_eval_loss=4.4248e-04 | val_loss=4.7764e-04 | | lr=5.00e-04
Epoch 143 | train_loss=4.3849e-04 | train_eval_loss=4.3092e-04 | val_loss=4.6617e-04 | | lr=5.00e-04
Epoch 144 | train_loss=4.3097e-04 | train_eval_loss=4.2585e-04 | val_loss=4.6129e-04 | | lr=5.00e-04
Saved best model to results/thesis_model_results/outputs/scaler_comparison_mlp/MLP__mse__minmax__seed42/mlp_state_dict_best.pt
Epoch 145 | train_loss=4.5610e-04 | train_eval_loss=4.4862e-04 | val_loss=4.8386e-04 | | lr=5.00e-04
Epoch 146 | train_loss=4.4714e-04 | train_eval_loss=4.4149e-04 | val_loss=4.8163e-04 | | lr=5.00e-04
Epoch 147 | train_loss=4.4559e-04 | train_eval_loss=4.3823e-04 | val_loss=4.6756e-04 | | lr=5.00e-04
Epoch 148 | train_loss=4.4619e-04 | train_eval_loss=4.3852e-04 | val_loss=4.7747e-04 | | lr=5.00e-04
Epoch 149 | train_loss=4.4612e-04 | train_eval_loss=4.2242e-04 | val_loss=4.5439e-04 | | lr=5.00e-04
Saved best model to results/thesis_model_results/outputs/scaler_comparison_mlp/MLP__mse__minmax__seed42/mlp_state_dict_best.pt
Epoch 150 | train_loss=4.3245e-04 | train_eval_loss=4.5502e-04 | val_loss=4.9161e-04 | | lr=5.00e-04
Epoch 151 | train_loss=4.4084e-04 | train_eval_loss=4.3183e-04 | val_loss=4.6775e-04 | | lr=5.00e-04
Epoch 152 | train_loss=4.4675e-04 | train_eval_loss=4.6950e-04 | val_loss=5.0526e-04 | | lr=5.00e-04
Epoch 153 | train_loss=4.3429e-04 | train_eval_loss=4.4808e-04 | val_loss=4.8754e-04 | | lr=5.00e-04
Epoch 154 | train_loss=4.5336e-04 | train_eval_loss=4.3366e-04 | val_loss=4.6787e-04 | | lr=5.00e-04
Epoch 155 | train_loss=4.4391e-04 | train_eval_loss=4.5135e-04 | val_loss=4.8306e-04 | | lr=5.00e-04
Epoch 156 | train_loss=4.4532e-04 | train_eval_loss=4.3519e-04 | val_loss=4.7107e-04 | | lr=5.00e-04
Epoch 157 | train_loss=4.4387e-04 | train_eval_loss=4.5343e-04 | val_loss=4.9429e-04 | | lr=5.00e-04
Epoch 158 | train_loss=4.3869e-04 | train_eval_loss=6.2759e-04 | val_loss=6.7145e-04 | | lr=5.00e-04
Epoch 159 | train_loss=4.2472e-04 | train_eval_loss=4.0270e-04 | val_loss=4.4361e-04 | | lr=2.50e-04
Saved best model to results/thesis_model_results/outputs/scaler_comparison_mlp/MLP__mse__minmax__seed42/mlp_state_dict_best.pt
Epoch 160 | train_loss=4.0853e-04 | train_eval_loss=4.0240e-04 | val_loss=4.4417e-04 | | lr=2.50e-04
Epoch 161 | train_loss=4.1052e-04 | train_eval_loss=4.1610e-04 | val_loss=4.5579e-04 | | lr=2.50e-04
Epoch 162 | train_loss=4.0802e-04 | train_eval_loss=3.9514e-04 | val_loss=4.3573e-04 | | lr=2.50e-04
Saved best model to results/thesis_model_results/outputs/scaler_comparison_mlp/MLP__mse__minmax__seed42/mlp_state_dict_best.pt
Epoch 163 | train_loss=4.0282e-04 | train_eval_loss=3.9505e-04 | val_loss=4.3595e-04 | | lr=2.50e-04
Epoch 164 | train_loss=4.0662e-04 | train_eval_loss=4.2037e-04 | val_loss=4.5934e-04 | | lr=2.50e-04
Epoch 165 | train_loss=4.0702e-04 | train_eval_loss=4.0694e-04 | val_loss=4.4510e-04 | | lr=2.50e-04
Epoch 166 | train_loss=4.0475e-04 | train_eval_loss=4.0663e-04 | val_loss=4.4643e-04 | | lr=2.50e-04
Epoch 167 | train_loss=4.0634e-04 | train_eval_loss=4.3122e-04 | val_loss=4.7904e-04 | | lr=2.50e-04
Epoch 168 | train_loss=4.1167e-04 | train_eval_loss=4.2000e-04 | val_loss=4.6478e-04 | | lr=2.50e-04
Epoch 169 | train_loss=4.1021e-04 | train_eval_loss=4.0402e-04 | val_loss=4.4139e-04 | | lr=2.50e-04
Epoch 170 | train_loss=4.0462e-04 | train_eval_loss=4.0129e-04 | val_loss=4.3976e-04 | | lr=2.50e-04
Epoch 171 | train_loss=4.0330e-04 | train_eval_loss=3.9914e-04 | val_loss=4.4177e-04 | | lr=2.50e-04
Epoch 172 | train_loss=3.9446e-04 | train_eval_loss=3.8648e-04 | val_loss=4.2499e-04 | | lr=1.25e-04
Saved best model to results/thesis_model_results/outputs/scaler_comparison_mlp/MLP__mse__minmax__seed42/mlp_state_dict_best.pt
Epoch 173 | train_loss=3.8849e-04 | train_eval_loss=3.8319e-04 | val_loss=4.2703e-04 | | lr=1.25e-04
Epoch 174 | train_loss=3.8733e-04 | train_eval_loss=3.9202e-04 | val_loss=4.3515e-04 | | lr=1.25e-04
Epoch 175 | train_loss=3.8628e-04 | train_eval_loss=3.7941e-04 | val_loss=4.2506e-04 | | lr=1.25e-04
Epoch 176 | train_loss=3.8838e-04 | train_eval_loss=3.8537e-04 | val_loss=4.3090e-04 | | lr=1.25e-04
Epoch 177 | train_loss=3.8728e-04 | train_eval_loss=3.8641e-04 | val_loss=4.3041e-04 | | lr=1.25e-04
Epoch 178 | train_loss=3.8768e-04 | train_eval_loss=3.9105e-04 | val_loss=4.3396e-04 | | lr=1.25e-04
Epoch 179 | train_loss=3.9133e-04 | train_eval_loss=3.8863e-04 | val_loss=4.3659e-04 | | lr=1.25e-04
Epoch 180 | train_loss=3.8786e-04 | train_eval_loss=3.8690e-04 | val_loss=4.3075e-04 | | lr=1.25e-04
Epoch 181 | train_loss=3.8352e-04 | train_eval_loss=3.7947e-04 | val_loss=4.2306e-04 | | lr=1.25e-04
Saved best model to results/thesis_model_results/outputs/scaler_comparison_mlp/MLP__mse__minmax__seed42/mlp_state_dict_best.pt
Epoch 182 | train_loss=3.8508e-04 | train_eval_loss=3.8036e-04 | val_loss=4.2609e-04 | | lr=1.25e-04
Epoch 183 | train_loss=3.8479e-04 | train_eval_loss=3.9007e-04 | val_loss=4.3058e-04 | | lr=1.25e-04
Epoch 184 | train_loss=3.8909e-04 | train_eval_loss=3.8113e-04 | val_loss=4.2448e-04 | | lr=1.25e-04
Epoch 185 | train_loss=3.8573e-04 | train_eval_loss=3.8148e-04 | val_loss=4.2693e-04 | | lr=1.25e-04
Epoch 186 | train_loss=3.8658e-04 | train_eval_loss=3.8813e-04 | val_loss=4.2761e-04 | | lr=1.25e-04
Epoch 187 | train_loss=3.9033e-04 | train_eval_loss=3.9128e-04 | val_loss=4.3226e-04 | | lr=1.25e-04
Epoch 188 | train_loss=3.8733e-04 | train_eval_loss=3.8506e-04 | val_loss=4.3105e-04 | | lr=1.25e-04
Epoch 189 | train_loss=3.8245e-04 | train_eval_loss=3.8809e-04 | val_loss=4.3648e-04 | | lr=1.25e-04
Epoch 190 | train_loss=3.8373e-04 | train_eval_loss=3.7917e-04 | val_loss=4.2523e-04 | | lr=1.25e-04
Epoch 191 | train_loss=3.7623e-04 | train_eval_loss=3.7272e-04 | val_loss=4.1913e-04 | | lr=6.25e-05
Saved best model to results/thesis_model_results/outputs/scaler_comparison_mlp/MLP__mse__minmax__seed42/mlp_state_dict_best.pt
Epoch 192 | train_loss=3.7600e-04 | train_eval_loss=3.7230e-04 | val_loss=4.1655e-04 | | lr=6.25e-05
Saved best model to results/thesis_model_results/outputs/scaler_comparison_mlp/MLP__mse__minmax__seed42/mlp_state_dict_best.pt
Epoch 193 | train_loss=3.7488e-04 | train_eval_loss=3.7140e-04 | val_loss=4.1760e-04 | | lr=6.25e-05
Epoch 194 | train_loss=3.7475e-04 | train_eval_loss=3.6975e-04 | val_loss=4.1772e-04 | | lr=6.25e-05
Epoch 195 | train_loss=3.7509e-04 | train_eval_loss=3.7558e-04 | val_loss=4.2575e-04 | | lr=6.25e-05
Epoch 196 | train_loss=3.7369e-04 | train_eval_loss=3.7165e-04 | val_loss=4.1854e-04 | | lr=6.25e-05
Epoch 197 | train_loss=3.7312e-04 | train_eval_loss=3.7028e-04 | val_loss=4.1563e-04 | | lr=6.25e-05
Saved best model to results/thesis_model_results/outputs/scaler_comparison_mlp/MLP__mse__minmax__seed42/mlp_state_dict_best.pt
Epoch 198 | train_loss=3.7440e-04 | train_eval_loss=3.7024e-04 | val_loss=4.1587e-04 | | lr=6.25e-05
Epoch 199 | train_loss=3.7197e-04 | train_eval_loss=3.7418e-04 | val_loss=4.2301e-04 | | lr=6.25e-05
Epoch 200 | train_loss=3.7267e-04 | train_eval_loss=3.7301e-04 | val_loss=4.1999e-04 | | lr=6.25e-05
Saved training logs to results/thesis_model_results/outputs/scaler_comparison_mlp/MLP__mse__minmax__seed42/training_summary.txt
Test RMSE(rocof_COI) = 0.0150 | norm: 0.0114 | real_diff: 0.0106
Test RMSE(dev_COI) = 0.0287 | norm: 0.0106 | real_diff: 0.0168
Test RMSE(Delta_P_IBR_1) = 0.1266 | norm: 0.0200 | real_diff: 0.0879
Test RMSE(Delta_P_IBR_2) = 0.1262 | norm: 0.0176 | real_diff: 0.0776
Test RMSE(Delta_P_IBR_3) = 0.1860 | norm: 0.0327 | real_diff: 0.0996
Test RMSE(Delta_P_IBR_4) = 0.2019 | norm: 0.0209 | real_diff: 0.1316
Saved RMSE results to results/thesis_model_results/outputs/scaler_comparison_mlp/MLP__mse__minmax__seed42/rmse_results.txt
Saved detailed metrics to results/thesis_model_results/outputs/scaler_comparison_mlp/MLP__mse__minmax__seed42/metrics_by_target.csv
Saved aggregate metrics to results/thesis_model_results/outputs/scaler_comparison_mlp/MLP__mse__minmax__seed42/metrics_summary.json
Saved loss curves to results/thesis_model_results/outputs/scaler_comparison_mlp/MLP__mse__minmax__seed42/loss_curve.png
Saved scatter plot results/thesis_model_results/outputs/scaler_comparison_mlp/MLP__mse__minmax__seed42/scatter_rocof_COI.png
Saved scatter plot results/thesis_model_results/outputs/scaler_comparison_mlp/MLP__mse__minmax__seed42/scatter_dev_COI.png
Saved scatter plot results/thesis_model_results/outputs/scaler_comparison_mlp/MLP__mse__minmax__seed42/scatter_Delta_P_IBR_1.png
Saved scatter plot results/thesis_model_results/outputs/scaler_comparison_mlp/MLP__mse__minmax__seed42/scatter_Delta_P_IBR_2.png
Saved scatter plot results/thesis_model_results/outputs/scaler_comparison_mlp/MLP__mse__minmax__seed42/scatter_Delta_P_IBR_3.png
Saved scatter plot results/thesis_model_results/outputs/scaler_comparison_mlp/MLP__mse__minmax__seed42/scatter_Delta_P_IBR_4.png
Saved model to results/thesis_model_results/outputs/scaler_comparison_mlp/MLP__mse__minmax__seed42/mlp_state_dict.pt
Loss type: mse | weights=[]
Target stats (scaled):
train mean=[ 0.0666  0.1749  0.1162 -0.1741  0.1221 -0.1306]
train std=[1.0711 0.8668 0.9269 0.9601 0.6952 0.8191]
train q05=[-1.8294 -1.0335 -1.2875 -1.8478 -0.7409 -1.5616]
train q95=[1.9837 1.9208 1.5781 1.2775 1.408  1.1827]
val mean=[ 0.0534  0.164   0.1181 -0.1661  0.1298 -0.1245]
val std=[1.0539 0.8519 0.9124 0.9681 0.6846 0.8004]
val q05=[-1.8066 -1.0312 -1.2849 -1.8483 -0.7239 -1.5282]
val q95=[1.9467 1.9047 1.5882 1.2981 1.4026 1.1598]
val/train std ratio=[0.984  0.9828 0.9844 1.0084 0.9848 0.9772]
LR scheduler: ReduceLROnPlateau (factor=0.5, patience=8, min_lr=1e-07)
Epoch 001 | train_loss=2.5887e-01 | train_eval_loss=1.9822e-01 | val_loss=1.9707e-01 | | lr=1.00e-03
Saved best model to results/thesis_model_results/outputs/scaler_comparison_mlp/MLP__mse__robust__seed42/mlp_state_dict_best.pt
Epoch 002 | train_loss=1.8153e-01 | train_eval_loss=1.5527e-01 | val_loss=1.5281e-01 | | lr=1.00e-03
Saved best model to results/thesis_model_results/outputs/scaler_comparison_mlp/MLP__mse__robust__seed42/mlp_state_dict_best.pt
Epoch 003 | train_loss=1.2783e-01 | train_eval_loss=1.0237e-01 | val_loss=9.9537e-02 | | lr=1.00e-03
Saved best model to results/thesis_model_results/outputs/scaler_comparison_mlp/MLP__mse__robust__seed42/mlp_state_dict_best.pt
Epoch 004 | train_loss=8.8637e-02 | train_eval_loss=8.1606e-02 | val_loss=8.1507e-02 | | lr=1.00e-03
Saved best model to results/thesis_model_results/outputs/scaler_comparison_mlp/MLP__mse__robust__seed42/mlp_state_dict_best.pt
Epoch 005 | train_loss=7.7421e-02 | train_eval_loss=7.1921e-02 | val_loss=7.2027e-02 | | lr=1.00e-03
Saved best model to results/thesis_model_results/outputs/scaler_comparison_mlp/MLP__mse__robust__seed42/mlp_state_dict_best.pt
Epoch 006 | train_loss=6.9187e-02 | train_eval_loss=6.6708e-02 | val_loss=6.5870e-02 | | lr=1.00e-03
Saved best model to results/thesis_model_results/outputs/scaler_comparison_mlp/MLP__mse__robust__seed42/mlp_state_dict_best.pt
Epoch 007 | train_loss=6.3996e-02 | train_eval_loss=6.3769e-02 | val_loss=6.3543e-02 | | lr=1.00e-03
Saved best model to results/thesis_model_results/outputs/scaler_comparison_mlp/MLP__mse__robust__seed42/mlp_state_dict_best.pt
Epoch 008 | train_loss=6.0286e-02 | train_eval_loss=5.8727e-02 | val_loss=5.8372e-02 | | lr=1.00e-03
Saved best model to results/thesis_model_results/outputs/scaler_comparison_mlp/MLP__mse__robust__seed42/mlp_state_dict_best.pt
Epoch 009 | train_loss=5.7427e-02 | train_eval_loss=5.4969e-02 | val_loss=5.5302e-02 | | lr=1.00e-03
Saved best model to results/thesis_model_results/outputs/scaler_comparison_mlp/MLP__mse__robust__seed42/mlp_state_dict_best.pt
Epoch 010 | train_loss=5.4135e-02 | train_eval_loss=4.9661e-02 | val_loss=5.0032e-02 | | lr=1.00e-03
Saved best model to results/thesis_model_results/outputs/scaler_comparison_mlp/MLP__mse__robust__seed42/mlp_state_dict_best.pt
Epoch 011 | train_loss=5.1678e-02 | train_eval_loss=5.2805e-02 | val_loss=5.3258e-02 | | lr=1.00e-03
Epoch 012 | train_loss=5.0491e-02 | train_eval_loss=4.6827e-02 | val_loss=4.7126e-02 | | lr=1.00e-03
Saved best model to results/thesis_model_results/outputs/scaler_comparison_mlp/MLP__mse__robust__seed42/mlp_state_dict_best.pt
Epoch 013 | train_loss=5.0593e-02 | train_eval_loss=5.1769e-02 | val_loss=5.2831e-02 | | lr=1.00e-03
Epoch 014 | train_loss=4.9263e-02 | train_eval_loss=5.3110e-02 | val_loss=5.3840e-02 | | lr=1.00e-03
Epoch 015 | train_loss=4.6478e-02 | train_eval_loss=4.8015e-02 | val_loss=4.8873e-02 | | lr=1.00e-03
Epoch 016 | train_loss=4.8668e-02 | train_eval_loss=4.7361e-02 | val_loss=4.8841e-02 | | lr=1.00e-03
Epoch 017 | train_loss=4.5409e-02 | train_eval_loss=4.2099e-02 | val_loss=4.3152e-02 | | lr=1.00e-03
Saved best model to results/thesis_model_results/outputs/scaler_comparison_mlp/MLP__mse__robust__seed42/mlp_state_dict_best.pt
Epoch 018 | train_loss=4.2481e-02 | train_eval_loss=4.3327e-02 | val_loss=4.3674e-02 | | lr=1.00e-03
Epoch 019 | train_loss=4.2612e-02 | train_eval_loss=4.3487e-02 | val_loss=4.5001e-02 | | lr=1.00e-03
Epoch 020 | train_loss=4.1441e-02 | train_eval_loss=3.8485e-02 | val_loss=3.9407e-02 | | lr=1.00e-03
Saved best model to results/thesis_model_results/outputs/scaler_comparison_mlp/MLP__mse__robust__seed42/mlp_state_dict_best.pt
Epoch 021 | train_loss=3.9253e-02 | train_eval_loss=4.4432e-02 | val_loss=4.4926e-02 | | lr=1.00e-03
Epoch 022 | train_loss=4.1575e-02 | train_eval_loss=3.9697e-02 | val_loss=4.1316e-02 | | lr=1.00e-03
Epoch 023 | train_loss=3.9493e-02 | train_eval_loss=3.4351e-02 | val_loss=3.5686e-02 | | lr=1.00e-03
Saved best model to results/thesis_model_results/outputs/scaler_comparison_mlp/MLP__mse__robust__seed42/mlp_state_dict_best.pt
Epoch 024 | train_loss=4.1693e-02 | train_eval_loss=3.5585e-02 | val_loss=3.6410e-02 | | lr=1.00e-03
Epoch 025 | train_loss=3.6542e-02 | train_eval_loss=3.7562e-02 | val_loss=3.9477e-02 | | lr=1.00e-03
Epoch 026 | train_loss=3.5447e-02 | train_eval_loss=3.7143e-02 | val_loss=3.8463e-02 | | lr=1.00e-03
Epoch 027 | train_loss=3.6742e-02 | train_eval_loss=3.8949e-02 | val_loss=4.1272e-02 | | lr=1.00e-03
Epoch 028 | train_loss=3.7770e-02 | train_eval_loss=3.9395e-02 | val_loss=4.1091e-02 | | lr=1.00e-03
Epoch 029 | train_loss=3.5415e-02 | train_eval_loss=3.3547e-02 | val_loss=3.5850e-02 | | lr=1.00e-03
Epoch 030 | train_loss=3.7416e-02 | train_eval_loss=3.4952e-02 | val_loss=3.6683e-02 | | lr=1.00e-03
Epoch 031 | train_loss=3.4554e-02 | train_eval_loss=2.9548e-02 | val_loss=3.1481e-02 | | lr=1.00e-03
Saved best model to results/thesis_model_results/outputs/scaler_comparison_mlp/MLP__mse__robust__seed42/mlp_state_dict_best.pt
Epoch 032 | train_loss=3.3602e-02 | train_eval_loss=3.2802e-02 | val_loss=3.4904e-02 | | lr=1.00e-03
Epoch 033 | train_loss=3.1813e-02 | train_eval_loss=3.0842e-02 | val_loss=3.3142e-02 | | lr=1.00e-03
Epoch 034 | train_loss=3.1910e-02 | train_eval_loss=3.1016e-02 | val_loss=3.3957e-02 | | lr=1.00e-03
Epoch 035 | train_loss=2.9442e-02 | train_eval_loss=3.3569e-02 | val_loss=3.5816e-02 | | lr=1.00e-03
Epoch 036 | train_loss=2.9093e-02 | train_eval_loss=2.8354e-02 | val_loss=3.0635e-02 | | lr=1.00e-03
Saved best model to results/thesis_model_results/outputs/scaler_comparison_mlp/MLP__mse__robust__seed42/mlp_state_dict_best.pt
Epoch 037 | train_loss=2.9516e-02 | train_eval_loss=2.6545e-02 | val_loss=2.8756e-02 | | lr=1.00e-03
Saved best model to results/thesis_model_results/outputs/scaler_comparison_mlp/MLP__mse__robust__seed42/mlp_state_dict_best.pt
Epoch 038 | train_loss=2.8215e-02 | train_eval_loss=2.9456e-02 | val_loss=3.1216e-02 | | lr=1.00e-03
Epoch 039 | train_loss=2.7817e-02 | train_eval_loss=2.4614e-02 | val_loss=2.7696e-02 | | lr=1.00e-03
Saved best model to results/thesis_model_results/outputs/scaler_comparison_mlp/MLP__mse__robust__seed42/mlp_state_dict_best.pt
Epoch 040 | train_loss=2.6698e-02 | train_eval_loss=2.5572e-02 | val_loss=2.8142e-02 | | lr=1.00e-03
Epoch 041 | train_loss=2.5886e-02 | train_eval_loss=2.3741e-02 | val_loss=2.6178e-02 | | lr=1.00e-03
Saved best model to results/thesis_model_results/outputs/scaler_comparison_mlp/MLP__mse__robust__seed42/mlp_state_dict_best.pt
Epoch 042 | train_loss=2.4799e-02 | train_eval_loss=2.5223e-02 | val_loss=2.7519e-02 | | lr=1.00e-03
Epoch 043 | train_loss=2.5132e-02 | train_eval_loss=2.7075e-02 | val_loss=3.0258e-02 | | lr=1.00e-03
Epoch 044 | train_loss=2.4316e-02 | train_eval_loss=3.0848e-02 | val_loss=3.4708e-02 | | lr=1.00e-03
Epoch 045 | train_loss=2.8546e-02 | train_eval_loss=2.5803e-02 | val_loss=2.9493e-02 | | lr=1.00e-03
Epoch 046 | train_loss=2.5734e-02 | train_eval_loss=2.5969e-02 | val_loss=2.8666e-02 | | lr=1.00e-03
Epoch 047 | train_loss=2.9252e-02 | train_eval_loss=2.2826e-02 | val_loss=2.5777e-02 | | lr=1.00e-03
Saved best model to results/thesis_model_results/outputs/scaler_comparison_mlp/MLP__mse__robust__seed42/mlp_state_dict_best.pt
Epoch 048 | train_loss=2.3187e-02 | train_eval_loss=2.2940e-02 | val_loss=2.6539e-02 | | lr=1.00e-03
Epoch 049 | train_loss=2.4366e-02 | train_eval_loss=2.0468e-02 | val_loss=2.3480e-02 | | lr=1.00e-03
Saved best model to results/thesis_model_results/outputs/scaler_comparison_mlp/MLP__mse__robust__seed42/mlp_state_dict_best.pt
Epoch 050 | train_loss=2.2928e-02 | train_eval_loss=2.2834e-02 | val_loss=2.5846e-02 | | lr=1.00e-03
Epoch 051 | train_loss=2.2936e-02 | train_eval_loss=2.6091e-02 | val_loss=2.9228e-02 | | lr=1.00e-03
Epoch 052 | train_loss=2.6377e-02 | train_eval_loss=2.2328e-02 | val_loss=2.6476e-02 | | lr=1.00e-03
Epoch 053 | train_loss=2.2468e-02 | train_eval_loss=2.4743e-02 | val_loss=2.9291e-02 | | lr=1.00e-03
Epoch 054 | train_loss=2.3943e-02 | train_eval_loss=2.2125e-02 | val_loss=2.5372e-02 | | lr=1.00e-03
Epoch 055 | train_loss=2.3183e-02 | train_eval_loss=1.9772e-02 | val_loss=2.3122e-02 | | lr=1.00e-03
Saved best model to results/thesis_model_results/outputs/scaler_comparison_mlp/MLP__mse__robust__seed42/mlp_state_dict_best.pt
Epoch 056 | train_loss=2.0780e-02 | train_eval_loss=2.0287e-02 | val_loss=2.4018e-02 | | lr=1.00e-03
Epoch 057 | train_loss=2.0416e-02 | train_eval_loss=2.3667e-02 | val_loss=2.8031e-02 | | lr=1.00e-03
Epoch 058 | train_loss=2.1288e-02 | train_eval_loss=2.2723e-02 | val_loss=2.6053e-02 | | lr=1.00e-03
Epoch 059 | train_loss=2.2441e-02 | train_eval_loss=2.0145e-02 | val_loss=2.3687e-02 | | lr=1.00e-03
Epoch 060 | train_loss=2.3280e-02 | train_eval_loss=2.1904e-02 | val_loss=2.5871e-02 | | lr=1.00e-03
Epoch 061 | train_loss=2.0908e-02 | train_eval_loss=2.0869e-02 | val_loss=2.4650e-02 | | lr=1.00e-03
Epoch 062 | train_loss=1.9607e-02 | train_eval_loss=2.0995e-02 | val_loss=2.5538e-02 | | lr=1.00e-03
Epoch 063 | train_loss=1.9927e-02 | train_eval_loss=1.8998e-02 | val_loss=2.2970e-02 | | lr=1.00e-03
Saved best model to results/thesis_model_results/outputs/scaler_comparison_mlp/MLP__mse__robust__seed42/mlp_state_dict_best.pt
Epoch 064 | train_loss=2.0365e-02 | train_eval_loss=1.7465e-02 | val_loss=2.1667e-02 | | lr=1.00e-03
Saved best model to results/thesis_model_results/outputs/scaler_comparison_mlp/MLP__mse__robust__seed42/mlp_state_dict_best.pt
Epoch 065 | train_loss=1.9694e-02 | train_eval_loss=2.0360e-02 | val_loss=2.4536e-02 | | lr=1.00e-03
Epoch 066 | train_loss=1.9594e-02 | train_eval_loss=1.8823e-02 | val_loss=2.3561e-02 | | lr=1.00e-03
Epoch 067 | train_loss=1.9849e-02 | train_eval_loss=1.9804e-02 | val_loss=2.3760e-02 | | lr=1.00e-03
Epoch 068 | train_loss=1.9590e-02 | train_eval_loss=1.8619e-02 | val_loss=2.2737e-02 | | lr=1.00e-03
Epoch 069 | train_loss=2.0345e-02 | train_eval_loss=1.7825e-02 | val_loss=2.1576e-02 | | lr=1.00e-03
Saved best model to results/thesis_model_results/outputs/scaler_comparison_mlp/MLP__mse__robust__seed42/mlp_state_dict_best.pt
Epoch 070 | train_loss=1.8648e-02 | train_eval_loss=1.7615e-02 | val_loss=2.1934e-02 | | lr=1.00e-03
Epoch 071 | train_loss=1.8962e-02 | train_eval_loss=1.8113e-02 | val_loss=2.2292e-02 | | lr=1.00e-03
Epoch 072 | train_loss=1.8918e-02 | train_eval_loss=1.9034e-02 | val_loss=2.3178e-02 | | lr=1.00e-03
Epoch 073 | train_loss=1.8806e-02 | train_eval_loss=1.9911e-02 | val_loss=2.3680e-02 | | lr=1.00e-03
Epoch 074 | train_loss=1.8626e-02 | train_eval_loss=2.0326e-02 | val_loss=2.5229e-02 | | lr=1.00e-03
Epoch 075 | train_loss=1.8563e-02 | train_eval_loss=1.7077e-02 | val_loss=2.1547e-02 | | lr=1.00e-03
Saved best model to results/thesis_model_results/outputs/scaler_comparison_mlp/MLP__mse__robust__seed42/mlp_state_dict_best.pt
Epoch 076 | train_loss=1.6615e-02 | train_eval_loss=1.8320e-02 | val_loss=2.2802e-02 | | lr=1.00e-03
Epoch 077 | train_loss=1.7327e-02 | train_eval_loss=2.0127e-02 | val_loss=2.4481e-02 | | lr=1.00e-03
Epoch 078 | train_loss=2.0104e-02 | train_eval_loss=2.2643e-02 | val_loss=2.7431e-02 | | lr=1.00e-03
Epoch 079 | train_loss=1.9776e-02 | train_eval_loss=2.2674e-02 | val_loss=2.7869e-02 | | lr=1.00e-03
Epoch 080 | train_loss=1.8969e-02 | train_eval_loss=1.8189e-02 | val_loss=2.3153e-02 | | lr=1.00e-03
Epoch 081 | train_loss=1.7633e-02 | train_eval_loss=1.8084e-02 | val_loss=2.2987e-02 | | lr=1.00e-03
Epoch 082 | train_loss=1.9028e-02 | train_eval_loss=1.7485e-02 | val_loss=2.2391e-02 | | lr=1.00e-03
Epoch 083 | train_loss=1.6992e-02 | train_eval_loss=1.7642e-02 | val_loss=2.2449e-02 | | lr=1.00e-03
Epoch 084 | train_loss=1.6494e-02 | train_eval_loss=1.6622e-02 | val_loss=2.1576e-02 | | lr=1.00e-03
Epoch 085 | train_loss=1.2983e-02 | train_eval_loss=1.1776e-02 | val_loss=1.7167e-02 | | lr=5.00e-04
Saved best model to results/thesis_model_results/outputs/scaler_comparison_mlp/MLP__mse__robust__seed42/mlp_state_dict_best.pt
Epoch 086 | train_loss=1.1792e-02 | train_eval_loss=1.1332e-02 | val_loss=1.6548e-02 | | lr=5.00e-04
Saved best model to results/thesis_model_results/outputs/scaler_comparison_mlp/MLP__mse__robust__seed42/mlp_state_dict_best.pt
Epoch 087 | train_loss=1.1614e-02 | train_eval_loss=1.1203e-02 | val_loss=1.6846e-02 | | lr=5.00e-04
Epoch 088 | train_loss=1.1963e-02 | train_eval_loss=1.1383e-02 | val_loss=1.6616e-02 | | lr=5.00e-04
Epoch 089 | train_loss=1.1713e-02 | train_eval_loss=1.1831e-02 | val_loss=1.7370e-02 | | lr=5.00e-04
Epoch 090 | train_loss=1.1417e-02 | train_eval_loss=1.0565e-02 | val_loss=1.6209e-02 | | lr=5.00e-04
Saved best model to results/thesis_model_results/outputs/scaler_comparison_mlp/MLP__mse__robust__seed42/mlp_state_dict_best.pt
Epoch 091 | train_loss=1.1204e-02 | train_eval_loss=1.1699e-02 | val_loss=1.7465e-02 | | lr=5.00e-04
Epoch 092 | train_loss=1.1680e-02 | train_eval_loss=1.1222e-02 | val_loss=1.6639e-02 | | lr=5.00e-04
Epoch 093 | train_loss=1.1253e-02 | train_eval_loss=1.0848e-02 | val_loss=1.6482e-02 | | lr=5.00e-04
Epoch 094 | train_loss=1.1415e-02 | train_eval_loss=1.0944e-02 | val_loss=1.6157e-02 | | lr=5.00e-04
Saved best model to results/thesis_model_results/outputs/scaler_comparison_mlp/MLP__mse__robust__seed42/mlp_state_dict_best.pt
Epoch 095 | train_loss=1.1498e-02 | train_eval_loss=1.2320e-02 | val_loss=1.8191e-02 | | lr=5.00e-04
Epoch 096 | train_loss=1.1481e-02 | train_eval_loss=1.0682e-02 | val_loss=1.6165e-02 | | lr=5.00e-04
Epoch 097 | train_loss=1.2114e-02 | train_eval_loss=1.1676e-02 | val_loss=1.7622e-02 | | lr=5.00e-04
Epoch 098 | train_loss=1.1625e-02 | train_eval_loss=1.2532e-02 | val_loss=1.8366e-02 | | lr=5.00e-04
Epoch 099 | train_loss=1.2415e-02 | train_eval_loss=1.2825e-02 | val_loss=1.8725e-02 | | lr=5.00e-04
Epoch 100 | train_loss=1.1414e-02 | train_eval_loss=1.0320e-02 | val_loss=1.6281e-02 | | lr=5.00e-04
Epoch 101 | train_loss=1.0664e-02 | train_eval_loss=1.1888e-02 | val_loss=1.7736e-02 | | lr=5.00e-04
Epoch 102 | train_loss=1.1351e-02 | train_eval_loss=1.1202e-02 | val_loss=1.6910e-02 | | lr=5.00e-04
Epoch 103 | train_loss=1.1500e-02 | train_eval_loss=1.1129e-02 | val_loss=1.7142e-02 | | lr=5.00e-04
Epoch 104 | train_loss=9.5979e-03 | train_eval_loss=9.0849e-03 | val_loss=1.5305e-02 | | lr=2.50e-04
Saved best model to results/thesis_model_results/outputs/scaler_comparison_mlp/MLP__mse__robust__seed42/mlp_state_dict_best.pt
Epoch 105 | train_loss=9.0913e-03 | train_eval_loss=8.7869e-03 | val_loss=1.4977e-02 | | lr=2.50e-04
Saved best model to results/thesis_model_results/outputs/scaler_comparison_mlp/MLP__mse__robust__seed42/mlp_state_dict_best.pt
Epoch 106 | train_loss=8.9918e-03 | train_eval_loss=8.5606e-03 | val_loss=1.4641e-02 | | lr=2.50e-04
Saved best model to results/thesis_model_results/outputs/scaler_comparison_mlp/MLP__mse__robust__seed42/mlp_state_dict_best.pt
Epoch 107 | train_loss=8.8933e-03 | train_eval_loss=8.9716e-03 | val_loss=1.5377e-02 | | lr=2.50e-04
Epoch 108 | train_loss=8.8545e-03 | train_eval_loss=8.8403e-03 | val_loss=1.4926e-02 | | lr=2.50e-04
Epoch 109 | train_loss=8.8888e-03 | train_eval_loss=8.4673e-03 | val_loss=1.4766e-02 | | lr=2.50e-04
Epoch 110 | train_loss=9.0231e-03 | train_eval_loss=8.8739e-03 | val_loss=1.5316e-02 | | lr=2.50e-04
Epoch 111 | train_loss=8.8257e-03 | train_eval_loss=8.4501e-03 | val_loss=1.4564e-02 | | lr=2.50e-04
Saved best model to results/thesis_model_results/outputs/scaler_comparison_mlp/MLP__mse__robust__seed42/mlp_state_dict_best.pt
Epoch 112 | train_loss=8.6822e-03 | train_eval_loss=8.5893e-03 | val_loss=1.4900e-02 | | lr=2.50e-04
Epoch 113 | train_loss=8.8338e-03 | train_eval_loss=8.4868e-03 | val_loss=1.4746e-02 | | lr=2.50e-04
Epoch 114 | train_loss=8.6770e-03 | train_eval_loss=8.2401e-03 | val_loss=1.4636e-02 | | lr=2.50e-04
Epoch 115 | train_loss=8.7220e-03 | train_eval_loss=8.2557e-03 | val_loss=1.4484e-02 | | lr=2.50e-04
Saved best model to results/thesis_model_results/outputs/scaler_comparison_mlp/MLP__mse__robust__seed42/mlp_state_dict_best.pt
Epoch 116 | train_loss=8.4752e-03 | train_eval_loss=8.2295e-03 | val_loss=1.4514e-02 | | lr=2.50e-04
Epoch 117 | train_loss=8.5861e-03 | train_eval_loss=8.1355e-03 | val_loss=1.4398e-02 | | lr=2.50e-04
Saved best model to results/thesis_model_results/outputs/scaler_comparison_mlp/MLP__mse__robust__seed42/mlp_state_dict_best.pt
Epoch 118 | train_loss=8.7215e-03 | train_eval_loss=8.3271e-03 | val_loss=1.4838e-02 | | lr=2.50e-04
Epoch 119 | train_loss=8.6147e-03 | train_eval_loss=8.2376e-03 | val_loss=1.4779e-02 | | lr=2.50e-04
Epoch 120 | train_loss=8.6464e-03 | train_eval_loss=8.1960e-03 | val_loss=1.4648e-02 | | lr=2.50e-04
Epoch 121 | train_loss=8.5659e-03 | train_eval_loss=8.5015e-03 | val_loss=1.5038e-02 | | lr=2.50e-04
Epoch 122 | train_loss=8.4878e-03 | train_eval_loss=7.8311e-03 | val_loss=1.4429e-02 | | lr=2.50e-04
Epoch 123 | train_loss=8.2716e-03 | train_eval_loss=8.0451e-03 | val_loss=1.4469e-02 | | lr=2.50e-04
Epoch 124 | train_loss=8.3765e-03 | train_eval_loss=7.8828e-03 | val_loss=1.4361e-02 | | lr=2.50e-04
Saved best model to results/thesis_model_results/outputs/scaler_comparison_mlp/MLP__mse__robust__seed42/mlp_state_dict_best.pt
Epoch 125 | train_loss=8.3739e-03 | train_eval_loss=8.2383e-03 | val_loss=1.4489e-02 | | lr=2.50e-04
Epoch 126 | train_loss=8.3466e-03 | train_eval_loss=7.9189e-03 | val_loss=1.4275e-02 | | lr=2.50e-04
Saved best model to results/thesis_model_results/outputs/scaler_comparison_mlp/MLP__mse__robust__seed42/mlp_state_dict_best.pt
Epoch 127 | train_loss=8.6897e-03 | train_eval_loss=8.8909e-03 | val_loss=1.5407e-02 | | lr=2.50e-04
Epoch 128 | train_loss=8.7534e-03 | train_eval_loss=8.0227e-03 | val_loss=1.4743e-02 | | lr=2.50e-04
Epoch 129 | train_loss=8.3727e-03 | train_eval_loss=8.7344e-03 | val_loss=1.5263e-02 | | lr=2.50e-04
Epoch 130 | train_loss=8.4514e-03 | train_eval_loss=8.5651e-03 | val_loss=1.5127e-02 | | lr=2.50e-04
Epoch 131 | train_loss=8.2108e-03 | train_eval_loss=8.1479e-03 | val_loss=1.4434e-02 | | lr=2.50e-04
Epoch 132 | train_loss=8.0505e-03 | train_eval_loss=8.0078e-03 | val_loss=1.4602e-02 | | lr=2.50e-04
Epoch 133 | train_loss=8.0148e-03 | train_eval_loss=7.5976e-03 | val_loss=1.4661e-02 | | lr=2.50e-04
Epoch 134 | train_loss=8.0426e-03 | train_eval_loss=7.8302e-03 | val_loss=1.4166e-02 | | lr=2.50e-04
Saved best model to results/thesis_model_results/outputs/scaler_comparison_mlp/MLP__mse__robust__seed42/mlp_state_dict_best.pt
Epoch 135 | train_loss=8.2670e-03 | train_eval_loss=7.6633e-03 | val_loss=1.4123e-02 | | lr=2.50e-04
Saved best model to results/thesis_model_results/outputs/scaler_comparison_mlp/MLP__mse__robust__seed42/mlp_state_dict_best.pt
Epoch 136 | train_loss=7.9024e-03 | train_eval_loss=7.6541e-03 | val_loss=1.4229e-02 | | lr=2.50e-04
Epoch 137 | train_loss=8.0333e-03 | train_eval_loss=7.4123e-03 | val_loss=1.4266e-02 | | lr=2.50e-04
Epoch 138 | train_loss=7.7980e-03 | train_eval_loss=8.2237e-03 | val_loss=1.4834e-02 | | lr=2.50e-04
Epoch 139 | train_loss=7.9821e-03 | train_eval_loss=7.3526e-03 | val_loss=1.4085e-02 | | lr=2.50e-04
Saved best model to results/thesis_model_results/outputs/scaler_comparison_mlp/MLP__mse__robust__seed42/mlp_state_dict_best.pt
Epoch 140 | train_loss=7.8108e-03 | train_eval_loss=7.5675e-03 | val_loss=1.4498e-02 | | lr=2.50e-04
Epoch 141 | train_loss=7.6854e-03 | train_eval_loss=7.4598e-03 | val_loss=1.4067e-02 | | lr=2.50e-04
Saved best model to results/thesis_model_results/outputs/scaler_comparison_mlp/MLP__mse__robust__seed42/mlp_state_dict_best.pt
Epoch 142 | train_loss=7.8360e-03 | train_eval_loss=7.8375e-03 | val_loss=1.4736e-02 | | lr=2.50e-04
Epoch 143 | train_loss=7.9114e-03 | train_eval_loss=7.4766e-03 | val_loss=1.4248e-02 | | lr=2.50e-04
Epoch 144 | train_loss=7.9830e-03 | train_eval_loss=7.8200e-03 | val_loss=1.4570e-02 | | lr=2.50e-04
Epoch 145 | train_loss=7.9258e-03 | train_eval_loss=7.4423e-03 | val_loss=1.4502e-02 | | lr=2.50e-04
Epoch 146 | train_loss=7.8700e-03 | train_eval_loss=7.5491e-03 | val_loss=1.4194e-02 | | lr=2.50e-04
Epoch 147 | train_loss=7.5853e-03 | train_eval_loss=7.2017e-03 | val_loss=1.4103e-02 | | lr=2.50e-04
Epoch 148 | train_loss=7.6733e-03 | train_eval_loss=7.6040e-03 | val_loss=1.4781e-02 | | lr=2.50e-04
Epoch 149 | train_loss=7.7325e-03 | train_eval_loss=7.6780e-03 | val_loss=1.4611e-02 | | lr=2.50e-04
Epoch 150 | train_loss=7.6316e-03 | train_eval_loss=7.3774e-03 | val_loss=1.4480e-02 | | lr=2.50e-04
Epoch 151 | train_loss=6.8709e-03 | train_eval_loss=6.3222e-03 | val_loss=1.3429e-02 | | lr=1.25e-04
Saved best model to results/thesis_model_results/outputs/scaler_comparison_mlp/MLP__mse__robust__seed42/mlp_state_dict_best.pt
Epoch 152 | train_loss=6.6157e-03 | train_eval_loss=6.3635e-03 | val_loss=1.3405e-02 | | lr=1.25e-04
Saved best model to results/thesis_model_results/outputs/scaler_comparison_mlp/MLP__mse__robust__seed42/mlp_state_dict_best.pt
Epoch 153 | train_loss=6.5692e-03 | train_eval_loss=6.5075e-03 | val_loss=1.3480e-02 | | lr=1.25e-04
Epoch 154 | train_loss=6.6397e-03 | train_eval_loss=6.3821e-03 | val_loss=1.3311e-02 | | lr=1.25e-04
Saved best model to results/thesis_model_results/outputs/scaler_comparison_mlp/MLP__mse__robust__seed42/mlp_state_dict_best.pt
Epoch 155 | train_loss=6.6489e-03 | train_eval_loss=6.5278e-03 | val_loss=1.3631e-02 | | lr=1.25e-04
Epoch 156 | train_loss=6.5370e-03 | train_eval_loss=6.3818e-03 | val_loss=1.3529e-02 | | lr=1.25e-04
Epoch 157 | train_loss=6.6142e-03 | train_eval_loss=6.3569e-03 | val_loss=1.3345e-02 | | lr=1.25e-04
Epoch 158 | train_loss=6.5463e-03 | train_eval_loss=6.3354e-03 | val_loss=1.3371e-02 | | lr=1.25e-04
Epoch 159 | train_loss=6.5586e-03 | train_eval_loss=6.3956e-03 | val_loss=1.3340e-02 | | lr=1.25e-04
Epoch 160 | train_loss=6.4467e-03 | train_eval_loss=6.2813e-03 | val_loss=1.3200e-02 | | lr=1.25e-04
Saved best model to results/thesis_model_results/outputs/scaler_comparison_mlp/MLP__mse__robust__seed42/mlp_state_dict_best.pt
Epoch 161 | train_loss=6.5260e-03 | train_eval_loss=6.3895e-03 | val_loss=1.3522e-02 | | lr=1.25e-04
Epoch 162 | train_loss=6.4330e-03 | train_eval_loss=6.2633e-03 | val_loss=1.3293e-02 | | lr=1.25e-04
Epoch 163 | train_loss=6.4336e-03 | train_eval_loss=6.1276e-03 | val_loss=1.3241e-02 | | lr=1.25e-04
Epoch 164 | train_loss=6.4726e-03 | train_eval_loss=6.2883e-03 | val_loss=1.3345e-02 | | lr=1.25e-04
Epoch 165 | train_loss=6.4556e-03 | train_eval_loss=6.3093e-03 | val_loss=1.3577e-02 | | lr=1.25e-04
Epoch 166 | train_loss=6.4113e-03 | train_eval_loss=6.3297e-03 | val_loss=1.3596e-02 | | lr=1.25e-04
Epoch 167 | train_loss=6.5085e-03 | train_eval_loss=6.2718e-03 | val_loss=1.3653e-02 | | lr=1.25e-04
Epoch 168 | train_loss=6.4002e-03 | train_eval_loss=6.2159e-03 | val_loss=1.3396e-02 | | lr=1.25e-04
Epoch 169 | train_loss=6.4834e-03 | train_eval_loss=6.1702e-03 | val_loss=1.3184e-02 | | lr=1.25e-04
Saved best model to results/thesis_model_results/outputs/scaler_comparison_mlp/MLP__mse__robust__seed42/mlp_state_dict_best.pt
Epoch 170 | train_loss=6.3365e-03 | train_eval_loss=6.1744e-03 | val_loss=1.3171e-02 | | lr=1.25e-04
Saved best model to results/thesis_model_results/outputs/scaler_comparison_mlp/MLP__mse__robust__seed42/mlp_state_dict_best.pt
Epoch 171 | train_loss=6.3660e-03 | train_eval_loss=5.9922e-03 | val_loss=1.3291e-02 | | lr=1.25e-04
Epoch 172 | train_loss=6.3957e-03 | train_eval_loss=6.1118e-03 | val_loss=1.3356e-02 | | lr=1.25e-04
Epoch 173 | train_loss=6.4979e-03 | train_eval_loss=6.1579e-03 | val_loss=1.3119e-02 | | lr=1.25e-04
Saved best model to results/thesis_model_results/outputs/scaler_comparison_mlp/MLP__mse__robust__seed42/mlp_state_dict_best.pt
Epoch 174 | train_loss=6.2776e-03 | train_eval_loss=6.1581e-03 | val_loss=1.3231e-02 | | lr=1.25e-04
Epoch 175 | train_loss=6.1863e-03 | train_eval_loss=6.0772e-03 | val_loss=1.3303e-02 | | lr=1.25e-04
Epoch 176 | train_loss=6.2830e-03 | train_eval_loss=6.0761e-03 | val_loss=1.3256e-02 | | lr=1.25e-04
Epoch 177 | train_loss=6.2933e-03 | train_eval_loss=6.0727e-03 | val_loss=1.3547e-02 | | lr=1.25e-04
Epoch 178 | train_loss=6.3091e-03 | train_eval_loss=6.3714e-03 | val_loss=1.3771e-02 | | lr=1.25e-04
Epoch 179 | train_loss=6.3451e-03 | train_eval_loss=6.1639e-03 | val_loss=1.3804e-02 | | lr=1.25e-04
Epoch 180 | train_loss=6.2416e-03 | train_eval_loss=5.9410e-03 | val_loss=1.3217e-02 | | lr=1.25e-04
Epoch 181 | train_loss=6.3101e-03 | train_eval_loss=6.0595e-03 | val_loss=1.3408e-02 | | lr=1.25e-04
Epoch 182 | train_loss=6.1250e-03 | train_eval_loss=6.0629e-03 | val_loss=1.3269e-02 | | lr=1.25e-04
Epoch 183 | train_loss=5.8348e-03 | train_eval_loss=5.5912e-03 | val_loss=1.2964e-02 | | lr=6.25e-05
Saved best model to results/thesis_model_results/outputs/scaler_comparison_mlp/MLP__mse__robust__seed42/mlp_state_dict_best.pt
Epoch 184 | train_loss=5.7222e-03 | train_eval_loss=5.6414e-03 | val_loss=1.2997e-02 | | lr=6.25e-05
Epoch 185 | train_loss=5.7370e-03 | train_eval_loss=5.6017e-03 | val_loss=1.3121e-02 | | lr=6.25e-05
Epoch 186 | train_loss=5.7563e-03 | train_eval_loss=5.6639e-03 | val_loss=1.3077e-02 | | lr=6.25e-05
Epoch 187 | train_loss=5.7344e-03 | train_eval_loss=5.5807e-03 | val_loss=1.3016e-02 | | lr=6.25e-05
Epoch 188 | train_loss=5.7423e-03 | train_eval_loss=5.5818e-03 | val_loss=1.2994e-02 | | lr=6.25e-05
Epoch 189 | train_loss=5.7252e-03 | train_eval_loss=5.6051e-03 | val_loss=1.3112e-02 | | lr=6.25e-05
Epoch 190 | train_loss=5.7150e-03 | train_eval_loss=5.6257e-03 | val_loss=1.3188e-02 | | lr=6.25e-05
Epoch 191 | train_loss=5.6815e-03 | train_eval_loss=5.5587e-03 | val_loss=1.3007e-02 | | lr=6.25e-05
Epoch 192 | train_loss=5.6982e-03 | train_eval_loss=5.5886e-03 | val_loss=1.3035e-02 | | lr=6.25e-05
Epoch 193 | train_loss=5.5415e-03 | train_eval_loss=5.4961e-03 | val_loss=1.3086e-02 | | lr=3.13e-05
Epoch 194 | train_loss=5.5105e-03 | train_eval_loss=5.4310e-03 | val_loss=1.2932e-02 | | lr=3.13e-05
Saved best model to results/thesis_model_results/outputs/scaler_comparison_mlp/MLP__mse__robust__seed42/mlp_state_dict_best.pt
Epoch 195 | train_loss=5.5102e-03 | train_eval_loss=5.3913e-03 | val_loss=1.2950e-02 | | lr=3.13e-05
Epoch 196 | train_loss=5.4955e-03 | train_eval_loss=5.4232e-03 | val_loss=1.2910e-02 | | lr=3.13e-05
Saved best model to results/thesis_model_results/outputs/scaler_comparison_mlp/MLP__mse__robust__seed42/mlp_state_dict_best.pt
Epoch 197 | train_loss=5.5065e-03 | train_eval_loss=5.4046e-03 | val_loss=1.2993e-02 | | lr=3.13e-05
Epoch 198 | train_loss=5.4680e-03 | train_eval_loss=5.4349e-03 | val_loss=1.2890e-02 | | lr=3.13e-05
Saved best model to results/thesis_model_results/outputs/scaler_comparison_mlp/MLP__mse__robust__seed42/mlp_state_dict_best.pt
Epoch 199 | train_loss=5.5014e-03 | train_eval_loss=5.3913e-03 | val_loss=1.2971e-02 | | lr=3.13e-05
Epoch 200 | train_loss=5.4699e-03 | train_eval_loss=5.4198e-03 | val_loss=1.2974e-02 | | lr=3.13e-05
Saved training logs to results/thesis_model_results/outputs/scaler_comparison_mlp/MLP__mse__robust__seed42/training_summary.txt
Test RMSE(rocof_COI) = 0.0115 | norm: 0.0687 | real_diff: 0.0073
Test RMSE(dev_COI) = 0.0222 | norm: 0.0521 | real_diff: 0.0127
Test RMSE(Delta_P_IBR_1) = 0.0972 | norm: 0.1248 | real_diff: 0.0584
Test RMSE(Delta_P_IBR_2) = 0.0900 | norm: 0.1131 | real_diff: 0.0458
Test RMSE(Delta_P_IBR_3) = 0.1657 | norm: 0.1746 | real_diff: 0.0791
Test RMSE(Delta_P_IBR_4) = 0.1631 | norm: 0.1214 | real_diff: 0.0915
Saved RMSE results to results/thesis_model_results/outputs/scaler_comparison_mlp/MLP__mse__robust__seed42/rmse_results.txt
Saved detailed metrics to results/thesis_model_results/outputs/scaler_comparison_mlp/MLP__mse__robust__seed42/metrics_by_target.csv
Saved aggregate metrics to results/thesis_model_results/outputs/scaler_comparison_mlp/MLP__mse__robust__seed42/metrics_summary.json
Saved loss curves to results/thesis_model_results/outputs/scaler_comparison_mlp/MLP__mse__robust__seed42/loss_curve.png
Saved scatter plot results/thesis_model_results/outputs/scaler_comparison_mlp/MLP__mse__robust__seed42/scatter_rocof_COI.png
Saved scatter plot results/thesis_model_results/outputs/scaler_comparison_mlp/MLP__mse__robust__seed42/scatter_dev_COI.png
Saved scatter plot results/thesis_model_results/outputs/scaler_comparison_mlp/MLP__mse__robust__seed42/scatter_Delta_P_IBR_1.png
Saved scatter plot results/thesis_model_results/outputs/scaler_comparison_mlp/MLP__mse__robust__seed42/scatter_Delta_P_IBR_2.png
Saved scatter plot results/thesis_model_results/outputs/scaler_comparison_mlp/MLP__mse__robust__seed42/scatter_Delta_P_IBR_3.png
Saved scatter plot results/thesis_model_results/outputs/scaler_comparison_mlp/MLP__mse__robust__seed42/scatter_Delta_P_IBR_4.png
Saved model to results/thesis_model_results/outputs/scaler_comparison_mlp/MLP__mse__robust__seed42/mlp_state_dict.pt
Loss type: mse | weights=[]
Target stats (scaled):
train mean=[-0. -0. -0.  0. -0.  0.]
train std=[1. 1. 1. 1. 1. 1.]
train q05=[-1.7496 -1.3309 -1.5383 -1.7435 -1.1581 -1.6376]
train q95=[1.783  1.9984 1.6091 1.5211 1.9147 1.5256]
val mean=[-0.0129 -0.0134  0.0018  0.0122  0.0092  0.0093]
val std=[0.9851 0.9841 0.9892 1.0014 0.991  0.9853]
val q05=[-1.7313 -1.3289 -1.5363 -1.7438 -1.1415 -1.6142]
val q95=[1.7528 1.9842 1.617  1.5365 1.9088 1.5086]
val/train std ratio=[0.9851 0.9841 0.9892 1.0014 0.991  0.9853]
LR scheduler: ReduceLROnPlateau (factor=0.5, patience=8, min_lr=1e-07)
Epoch 001 | train_loss=3.6576e-01 | train_eval_loss=1.7656e-01 | val_loss=1.7602e-01 | | lr=1.00e-03
Saved best model to results/thesis_model_results/outputs/scaler_comparison_mlp/MLP__mse__log1p__seed42/mlp_state_dict_best.pt
Epoch 002 | train_loss=1.3373e-01 | train_eval_loss=1.0671e-01 | val_loss=1.0810e-01 | | lr=1.00e-03
Saved best model to results/thesis_model_results/outputs/scaler_comparison_mlp/MLP__mse__log1p__seed42/mlp_state_dict_best.pt
Epoch 003 | train_loss=9.8010e-02 | train_eval_loss=8.6726e-02 | val_loss=8.7950e-02 | | lr=1.00e-03
Saved best model to results/thesis_model_results/outputs/scaler_comparison_mlp/MLP__mse__log1p__seed42/mlp_state_dict_best.pt
Epoch 004 | train_loss=8.1669e-02 | train_eval_loss=7.4014e-02 | val_loss=7.5631e-02 | | lr=1.00e-03
Saved best model to results/thesis_model_results/outputs/scaler_comparison_mlp/MLP__mse__log1p__seed42/mlp_state_dict_best.pt
Epoch 005 | train_loss=7.3043e-02 | train_eval_loss=6.9962e-02 | val_loss=7.1746e-02 | | lr=1.00e-03
Saved best model to results/thesis_model_results/outputs/scaler_comparison_mlp/MLP__mse__log1p__seed42/mlp_state_dict_best.pt
Epoch 006 | train_loss=6.6958e-02 | train_eval_loss=6.3129e-02 | val_loss=6.5309e-02 | | lr=1.00e-03
Saved best model to results/thesis_model_results/outputs/scaler_comparison_mlp/MLP__mse__log1p__seed42/mlp_state_dict_best.pt
Epoch 007 | train_loss=6.2403e-02 | train_eval_loss=5.9100e-02 | val_loss=6.1201e-02 | | lr=1.00e-03
Saved best model to results/thesis_model_results/outputs/scaler_comparison_mlp/MLP__mse__log1p__seed42/mlp_state_dict_best.pt
Epoch 008 | train_loss=5.7404e-02 | train_eval_loss=5.7773e-02 | val_loss=6.0063e-02 | | lr=1.00e-03
Saved best model to results/thesis_model_results/outputs/scaler_comparison_mlp/MLP__mse__log1p__seed42/mlp_state_dict_best.pt
Epoch 009 | train_loss=5.4420e-02 | train_eval_loss=4.9343e-02 | val_loss=5.3032e-02 | | lr=1.00e-03
Saved best model to results/thesis_model_results/outputs/scaler_comparison_mlp/MLP__mse__log1p__seed42/mlp_state_dict_best.pt
Epoch 010 | train_loss=5.0683e-02 | train_eval_loss=4.8295e-02 | val_loss=5.1897e-02 | | lr=1.00e-03
Saved best model to results/thesis_model_results/outputs/scaler_comparison_mlp/MLP__mse__log1p__seed42/mlp_state_dict_best.pt
Epoch 011 | train_loss=4.8364e-02 | train_eval_loss=4.6102e-02 | val_loss=5.0077e-02 | | lr=1.00e-03
Saved best model to results/thesis_model_results/outputs/scaler_comparison_mlp/MLP__mse__log1p__seed42/mlp_state_dict_best.pt
Epoch 012 | train_loss=4.7319e-02 | train_eval_loss=4.6160e-02 | val_loss=5.0193e-02 | | lr=1.00e-03
Epoch 013 | train_loss=4.4727e-02 | train_eval_loss=4.5512e-02 | val_loss=4.9528e-02 | | lr=1.00e-03
Saved best model to results/thesis_model_results/outputs/scaler_comparison_mlp/MLP__mse__log1p__seed42/mlp_state_dict_best.pt
Epoch 014 | train_loss=4.3608e-02 | train_eval_loss=4.6349e-02 | val_loss=4.9689e-02 | | lr=1.00e-03
Epoch 015 | train_loss=4.2264e-02 | train_eval_loss=4.4116e-02 | val_loss=4.8852e-02 | | lr=1.00e-03
Saved best model to results/thesis_model_results/outputs/scaler_comparison_mlp/MLP__mse__log1p__seed42/mlp_state_dict_best.pt
Epoch 016 | train_loss=4.1127e-02 | train_eval_loss=3.8279e-02 | val_loss=4.3884e-02 | | lr=1.00e-03
Saved best model to results/thesis_model_results/outputs/scaler_comparison_mlp/MLP__mse__log1p__seed42/mlp_state_dict_best.pt
Epoch 017 | train_loss=4.0123e-02 | train_eval_loss=3.8342e-02 | val_loss=4.4327e-02 | | lr=1.00e-03
Epoch 018 | train_loss=3.9029e-02 | train_eval_loss=4.1416e-02 | val_loss=4.5731e-02 | | lr=1.00e-03
Epoch 019 | train_loss=3.7272e-02 | train_eval_loss=3.6965e-02 | val_loss=4.2772e-02 | | lr=1.00e-03
Saved best model to results/thesis_model_results/outputs/scaler_comparison_mlp/MLP__mse__log1p__seed42/mlp_state_dict_best.pt
Epoch 020 | train_loss=3.6870e-02 | train_eval_loss=3.4945e-02 | val_loss=4.0734e-02 | | lr=1.00e-03
Saved best model to results/thesis_model_results/outputs/scaler_comparison_mlp/MLP__mse__log1p__seed42/mlp_state_dict_best.pt
Epoch 021 | train_loss=3.5820e-02 | train_eval_loss=3.6081e-02 | val_loss=4.2966e-02 | | lr=1.00e-03
Epoch 022 | train_loss=3.4365e-02 | train_eval_loss=3.3735e-02 | val_loss=4.0234e-02 | | lr=1.00e-03
Saved best model to results/thesis_model_results/outputs/scaler_comparison_mlp/MLP__mse__log1p__seed42/mlp_state_dict_best.pt
Epoch 023 | train_loss=3.3796e-02 | train_eval_loss=3.1876e-02 | val_loss=3.8561e-02 | | lr=1.00e-03
Saved best model to results/thesis_model_results/outputs/scaler_comparison_mlp/MLP__mse__log1p__seed42/mlp_state_dict_best.pt
Epoch 024 | train_loss=3.3962e-02 | train_eval_loss=3.1255e-02 | val_loss=3.8059e-02 | | lr=1.00e-03
Saved best model to results/thesis_model_results/outputs/scaler_comparison_mlp/MLP__mse__log1p__seed42/mlp_state_dict_best.pt
Epoch 025 | train_loss=3.3108e-02 | train_eval_loss=2.9868e-02 | val_loss=3.6755e-02 | | lr=1.00e-03
Saved best model to results/thesis_model_results/outputs/scaler_comparison_mlp/MLP__mse__log1p__seed42/mlp_state_dict_best.pt
Epoch 026 | train_loss=3.2857e-02 | train_eval_loss=3.0501e-02 | val_loss=3.7602e-02 | | lr=1.00e-03
Epoch 027 | train_loss=3.1273e-02 | train_eval_loss=2.8838e-02 | val_loss=3.6563e-02 | | lr=1.00e-03
Saved best model to results/thesis_model_results/outputs/scaler_comparison_mlp/MLP__mse__log1p__seed42/mlp_state_dict_best.pt
Epoch 028 | train_loss=3.0153e-02 | train_eval_loss=3.1182e-02 | val_loss=3.8776e-02 | | lr=1.00e-03
Epoch 029 | train_loss=2.9969e-02 | train_eval_loss=2.9804e-02 | val_loss=3.8514e-02 | | lr=1.00e-03
Epoch 030 | train_loss=2.9466e-02 | train_eval_loss=2.6554e-02 | val_loss=3.4660e-02 | | lr=1.00e-03
Saved best model to results/thesis_model_results/outputs/scaler_comparison_mlp/MLP__mse__log1p__seed42/mlp_state_dict_best.pt
Epoch 031 | train_loss=2.8384e-02 | train_eval_loss=2.6341e-02 | val_loss=3.4270e-02 | | lr=1.00e-03
Saved best model to results/thesis_model_results/outputs/scaler_comparison_mlp/MLP__mse__log1p__seed42/mlp_state_dict_best.pt
Epoch 032 | train_loss=2.8382e-02 | train_eval_loss=2.9417e-02 | val_loss=3.7693e-02 | | lr=1.00e-03
Epoch 033 | train_loss=2.7590e-02 | train_eval_loss=2.6862e-02 | val_loss=3.5128e-02 | | lr=1.00e-03
Epoch 034 | train_loss=2.6971e-02 | train_eval_loss=2.5643e-02 | val_loss=3.3697e-02 | | lr=1.00e-03
Saved best model to results/thesis_model_results/outputs/scaler_comparison_mlp/MLP__mse__log1p__seed42/mlp_state_dict_best.pt
Epoch 035 | train_loss=2.7146e-02 | train_eval_loss=2.4571e-02 | val_loss=3.4028e-02 | | lr=1.00e-03
Epoch 036 | train_loss=2.6410e-02 | train_eval_loss=2.5203e-02 | val_loss=3.4021e-02 | | lr=1.00e-03
Epoch 037 | train_loss=2.5120e-02 | train_eval_loss=2.7292e-02 | val_loss=3.6540e-02 | | lr=1.00e-03
Epoch 038 | train_loss=2.6665e-02 | train_eval_loss=2.5971e-02 | val_loss=3.4388e-02 | | lr=1.00e-03
Epoch 039 | train_loss=2.5305e-02 | train_eval_loss=2.3842e-02 | val_loss=3.3289e-02 | | lr=1.00e-03
Saved best model to results/thesis_model_results/outputs/scaler_comparison_mlp/MLP__mse__log1p__seed42/mlp_state_dict_best.pt
Epoch 040 | train_loss=2.3915e-02 | train_eval_loss=2.3373e-02 | val_loss=3.2620e-02 | | lr=1.00e-03
Saved best model to results/thesis_model_results/outputs/scaler_comparison_mlp/MLP__mse__log1p__seed42/mlp_state_dict_best.pt
Epoch 041 | train_loss=2.5350e-02 | train_eval_loss=2.4587e-02 | val_loss=3.5120e-02 | | lr=1.00e-03
Epoch 042 | train_loss=2.4848e-02 | train_eval_loss=2.3247e-02 | val_loss=3.2418e-02 | | lr=1.00e-03
Saved best model to results/thesis_model_results/outputs/scaler_comparison_mlp/MLP__mse__log1p__seed42/mlp_state_dict_best.pt
Epoch 043 | train_loss=2.3388e-02 | train_eval_loss=2.9408e-02 | val_loss=3.9476e-02 | | lr=1.00e-03
Epoch 044 | train_loss=2.4859e-02 | train_eval_loss=2.4366e-02 | val_loss=3.4398e-02 | | lr=1.00e-03
Epoch 045 | train_loss=2.2179e-02 | train_eval_loss=2.1747e-02 | val_loss=3.1346e-02 | | lr=1.00e-03
Saved best model to results/thesis_model_results/outputs/scaler_comparison_mlp/MLP__mse__log1p__seed42/mlp_state_dict_best.pt
Epoch 046 | train_loss=2.2272e-02 | train_eval_loss=2.1131e-02 | val_loss=3.1424e-02 | | lr=1.00e-03
Epoch 047 | train_loss=2.3471e-02 | train_eval_loss=2.1548e-02 | val_loss=3.1376e-02 | | lr=1.00e-03
Epoch 048 | train_loss=2.2709e-02 | train_eval_loss=2.0390e-02 | val_loss=2.9581e-02 | | lr=1.00e-03
Saved best model to results/thesis_model_results/outputs/scaler_comparison_mlp/MLP__mse__log1p__seed42/mlp_state_dict_best.pt
Epoch 049 | train_loss=2.1182e-02 | train_eval_loss=2.1973e-02 | val_loss=3.1608e-02 | | lr=1.00e-03
Epoch 050 | train_loss=2.1789e-02 | train_eval_loss=2.0257e-02 | val_loss=3.0596e-02 | | lr=1.00e-03
Epoch 051 | train_loss=2.2200e-02 | train_eval_loss=2.1070e-02 | val_loss=3.0970e-02 | | lr=1.00e-03
Epoch 052 | train_loss=2.0767e-02 | train_eval_loss=1.9256e-02 | val_loss=3.0173e-02 | | lr=1.00e-03
Epoch 053 | train_loss=2.0059e-02 | train_eval_loss=2.0713e-02 | val_loss=3.1684e-02 | | lr=1.00e-03
Epoch 054 | train_loss=2.0113e-02 | train_eval_loss=2.0239e-02 | val_loss=3.1451e-02 | | lr=1.00e-03
Epoch 055 | train_loss=2.0584e-02 | train_eval_loss=2.1024e-02 | val_loss=3.1870e-02 | | lr=1.00e-03
Epoch 056 | train_loss=2.0868e-02 | train_eval_loss=1.8156e-02 | val_loss=2.9204e-02 | | lr=1.00e-03
Saved best model to results/thesis_model_results/outputs/scaler_comparison_mlp/MLP__mse__log1p__seed42/mlp_state_dict_best.pt
Epoch 057 | train_loss=1.9141e-02 | train_eval_loss=1.9173e-02 | val_loss=2.9938e-02 | | lr=1.00e-03
Epoch 058 | train_loss=1.8282e-02 | train_eval_loss=1.7237e-02 | val_loss=2.8414e-02 | | lr=1.00e-03
Saved best model to results/thesis_model_results/outputs/scaler_comparison_mlp/MLP__mse__log1p__seed42/mlp_state_dict_best.pt
Epoch 059 | train_loss=1.8620e-02 | train_eval_loss=2.0300e-02 | val_loss=3.1737e-02 | | lr=1.00e-03
Epoch 060 | train_loss=2.0816e-02 | train_eval_loss=1.9311e-02 | val_loss=2.9848e-02 | | lr=1.00e-03
Epoch 061 | train_loss=1.9401e-02 | train_eval_loss=1.7701e-02 | val_loss=2.9439e-02 | | lr=1.00e-03
Epoch 062 | train_loss=1.8183e-02 | train_eval_loss=1.7993e-02 | val_loss=3.0008e-02 | | lr=1.00e-03
Epoch 063 | train_loss=1.9029e-02 | train_eval_loss=2.0400e-02 | val_loss=3.2244e-02 | | lr=1.00e-03
Epoch 064 | train_loss=1.8822e-02 | train_eval_loss=1.8959e-02 | val_loss=3.0571e-02 | | lr=1.00e-03
Epoch 065 | train_loss=1.7874e-02 | train_eval_loss=1.8020e-02 | val_loss=2.9628e-02 | | lr=1.00e-03
Epoch 066 | train_loss=1.7125e-02 | train_eval_loss=1.6171e-02 | val_loss=2.8225e-02 | | lr=1.00e-03
Saved best model to results/thesis_model_results/outputs/scaler_comparison_mlp/MLP__mse__log1p__seed42/mlp_state_dict_best.pt
Epoch 067 | train_loss=1.7622e-02 | train_eval_loss=1.7109e-02 | val_loss=2.8686e-02 | | lr=1.00e-03
Epoch 068 | train_loss=1.8909e-02 | train_eval_loss=1.8986e-02 | val_loss=3.0249e-02 | | lr=1.00e-03
Epoch 069 | train_loss=1.7680e-02 | train_eval_loss=1.5351e-02 | val_loss=2.7088e-02 | | lr=1.00e-03
Saved best model to results/thesis_model_results/outputs/scaler_comparison_mlp/MLP__mse__log1p__seed42/mlp_state_dict_best.pt
Epoch 070 | train_loss=1.6634e-02 | train_eval_loss=1.4901e-02 | val_loss=2.6912e-02 | | lr=1.00e-03
Saved best model to results/thesis_model_results/outputs/scaler_comparison_mlp/MLP__mse__log1p__seed42/mlp_state_dict_best.pt
Epoch 071 | train_loss=1.6670e-02 | train_eval_loss=1.7432e-02 | val_loss=2.9624e-02 | | lr=1.00e-03
Epoch 072 | train_loss=1.7608e-02 | train_eval_loss=1.9814e-02 | val_loss=3.1782e-02 | | lr=1.00e-03
Epoch 073 | train_loss=1.7125e-02 | train_eval_loss=1.5449e-02 | val_loss=2.7462e-02 | | lr=1.00e-03
Epoch 074 | train_loss=1.7317e-02 | train_eval_loss=2.4135e-02 | val_loss=3.5758e-02 | | lr=1.00e-03
Epoch 075 | train_loss=1.8229e-02 | train_eval_loss=1.7020e-02 | val_loss=2.8656e-02 | | lr=1.00e-03
Epoch 076 | train_loss=1.6799e-02 | train_eval_loss=1.4987e-02 | val_loss=2.7100e-02 | | lr=1.00e-03
Epoch 077 | train_loss=1.6741e-02 | train_eval_loss=1.6564e-02 | val_loss=2.8192e-02 | | lr=1.00e-03
Epoch 078 | train_loss=1.7823e-02 | train_eval_loss=1.7267e-02 | val_loss=2.9916e-02 | | lr=1.00e-03
Epoch 079 | train_loss=1.8910e-02 | train_eval_loss=1.3294e-02 | val_loss=2.5626e-02 | | lr=1.00e-03
Saved best model to results/thesis_model_results/outputs/scaler_comparison_mlp/MLP__mse__log1p__seed42/mlp_state_dict_best.pt
Epoch 080 | train_loss=1.4411e-02 | train_eval_loss=1.3430e-02 | val_loss=2.7019e-02 | | lr=1.00e-03
Epoch 081 | train_loss=1.4917e-02 | train_eval_loss=1.7075e-02 | val_loss=2.9152e-02 | | lr=1.00e-03
Epoch 082 | train_loss=1.5354e-02 | train_eval_loss=1.4303e-02 | val_loss=2.8519e-02 | | lr=1.00e-03
Epoch 083 | train_loss=1.5273e-02 | train_eval_loss=1.4704e-02 | val_loss=2.8261e-02 | | lr=1.00e-03
Epoch 084 | train_loss=1.4872e-02 | train_eval_loss=1.4836e-02 | val_loss=2.8501e-02 | | lr=1.00e-03
Epoch 085 | train_loss=1.5670e-02 | train_eval_loss=1.6767e-02 | val_loss=3.0970e-02 | | lr=1.00e-03
Epoch 086 | train_loss=1.7342e-02 | train_eval_loss=1.6606e-02 | val_loss=3.0044e-02 | | lr=1.00e-03
Epoch 087 | train_loss=1.6965e-02 | train_eval_loss=1.5035e-02 | val_loss=2.8342e-02 | | lr=1.00e-03
Epoch 088 | train_loss=1.6313e-02 | train_eval_loss=1.7836e-02 | val_loss=3.0741e-02 | | lr=1.00e-03
Epoch 089 | train_loss=1.2003e-02 | train_eval_loss=1.0232e-02 | val_loss=2.3858e-02 | | lr=5.00e-04
Saved best model to results/thesis_model_results/outputs/scaler_comparison_mlp/MLP__mse__log1p__seed42/mlp_state_dict_best.pt
Epoch 090 | train_loss=1.0201e-02 | train_eval_loss=9.4499e-03 | val_loss=2.3531e-02 | | lr=5.00e-04
Saved best model to results/thesis_model_results/outputs/scaler_comparison_mlp/MLP__mse__log1p__seed42/mlp_state_dict_best.pt
Epoch 091 | train_loss=1.0253e-02 | train_eval_loss=1.0168e-02 | val_loss=2.4011e-02 | | lr=5.00e-04
Epoch 092 | train_loss=1.0705e-02 | train_eval_loss=1.0203e-02 | val_loss=2.3988e-02 | | lr=5.00e-04
Epoch 093 | train_loss=1.0125e-02 | train_eval_loss=9.5917e-03 | val_loss=2.3491e-02 | | lr=5.00e-04
Saved best model to results/thesis_model_results/outputs/scaler_comparison_mlp/MLP__mse__log1p__seed42/mlp_state_dict_best.pt
Epoch 094 | train_loss=9.8576e-03 | train_eval_loss=9.3398e-03 | val_loss=2.3915e-02 | | lr=5.00e-04
Epoch 095 | train_loss=9.5281e-03 | train_eval_loss=9.4114e-03 | val_loss=2.3908e-02 | | lr=5.00e-04
Epoch 096 | train_loss=9.4268e-03 | train_eval_loss=9.1147e-03 | val_loss=2.3401e-02 | | lr=5.00e-04
Saved best model to results/thesis_model_results/outputs/scaler_comparison_mlp/MLP__mse__log1p__seed42/mlp_state_dict_best.pt
Epoch 097 | train_loss=9.8011e-03 | train_eval_loss=9.0890e-03 | val_loss=2.3448e-02 | | lr=5.00e-04
Epoch 098 | train_loss=1.0048e-02 | train_eval_loss=9.3427e-03 | val_loss=2.3454e-02 | | lr=5.00e-04
Epoch 099 | train_loss=9.6354e-03 | train_eval_loss=9.3097e-03 | val_loss=2.4176e-02 | | lr=5.00e-04
Epoch 100 | train_loss=9.7275e-03 | train_eval_loss=8.9132e-03 | val_loss=2.3772e-02 | | lr=5.00e-04
Epoch 101 | train_loss=9.4178e-03 | train_eval_loss=9.2700e-03 | val_loss=2.3793e-02 | | lr=5.00e-04
Epoch 102 | train_loss=9.4444e-03 | train_eval_loss=9.2140e-03 | val_loss=2.3421e-02 | | lr=5.00e-04
Epoch 103 | train_loss=9.5531e-03 | train_eval_loss=9.3135e-03 | val_loss=2.4237e-02 | | lr=5.00e-04
Epoch 104 | train_loss=9.7960e-03 | train_eval_loss=8.8915e-03 | val_loss=2.4139e-02 | | lr=5.00e-04
Epoch 105 | train_loss=9.7080e-03 | train_eval_loss=9.8520e-03 | val_loss=2.4577e-02 | | lr=5.00e-04
Epoch 106 | train_loss=8.3833e-03 | train_eval_loss=7.5175e-03 | val_loss=2.2239e-02 | | lr=2.50e-04
Saved best model to results/thesis_model_results/outputs/scaler_comparison_mlp/MLP__mse__log1p__seed42/mlp_state_dict_best.pt
Epoch 107 | train_loss=7.7950e-03 | train_eval_loss=7.5690e-03 | val_loss=2.2723e-02 | | lr=2.50e-04
Epoch 108 | train_loss=7.8775e-03 | train_eval_loss=7.7729e-03 | val_loss=2.2718e-02 | | lr=2.50e-04
Epoch 109 | train_loss=7.7044e-03 | train_eval_loss=7.4256e-03 | val_loss=2.2572e-02 | | lr=2.50e-04
Epoch 110 | train_loss=7.5779e-03 | train_eval_loss=7.3693e-03 | val_loss=2.2656e-02 | | lr=2.50e-04
Epoch 111 | train_loss=7.5213e-03 | train_eval_loss=7.2545e-03 | val_loss=2.2379e-02 | | lr=2.50e-04
Epoch 112 | train_loss=7.5085e-03 | train_eval_loss=7.1710e-03 | val_loss=2.2433e-02 | | lr=2.50e-04
Epoch 113 | train_loss=7.6128e-03 | train_eval_loss=7.0408e-03 | val_loss=2.2357e-02 | | lr=2.50e-04
Epoch 114 | train_loss=7.4258e-03 | train_eval_loss=7.5513e-03 | val_loss=2.2593e-02 | | lr=2.50e-04
Epoch 115 | train_loss=7.4613e-03 | train_eval_loss=7.1137e-03 | val_loss=2.2703e-02 | | lr=2.50e-04
Epoch 116 | train_loss=7.0175e-03 | train_eval_loss=6.7428e-03 | val_loss=2.2168e-02 | | lr=1.25e-04
Saved best model to results/thesis_model_results/outputs/scaler_comparison_mlp/MLP__mse__log1p__seed42/mlp_state_dict_best.pt
Epoch 117 | train_loss=6.8803e-03 | train_eval_loss=6.6571e-03 | val_loss=2.2096e-02 | | lr=1.25e-04
Saved best model to results/thesis_model_results/outputs/scaler_comparison_mlp/MLP__mse__log1p__seed42/mlp_state_dict_best.pt
Epoch 118 | train_loss=6.8565e-03 | train_eval_loss=6.6544e-03 | val_loss=2.2207e-02 | | lr=1.25e-04
Epoch 119 | train_loss=6.8467e-03 | train_eval_loss=6.7397e-03 | val_loss=2.2392e-02 | | lr=1.25e-04
Epoch 120 | train_loss=6.8068e-03 | train_eval_loss=6.6686e-03 | val_loss=2.2224e-02 | | lr=1.25e-04
Epoch 121 | train_loss=6.7800e-03 | train_eval_loss=6.5762e-03 | val_loss=2.1922e-02 | | lr=1.25e-04
Saved best model to results/thesis_model_results/outputs/scaler_comparison_mlp/MLP__mse__log1p__seed42/mlp_state_dict_best.pt
Epoch 122 | train_loss=6.7954e-03 | train_eval_loss=6.6054e-03 | val_loss=2.2255e-02 | | lr=1.25e-04
Epoch 123 | train_loss=6.7452e-03 | train_eval_loss=6.5250e-03 | val_loss=2.2318e-02 | | lr=1.25e-04
Epoch 124 | train_loss=6.7518e-03 | train_eval_loss=6.5216e-03 | val_loss=2.2146e-02 | | lr=1.25e-04
Epoch 125 | train_loss=6.6837e-03 | train_eval_loss=6.5883e-03 | val_loss=2.2182e-02 | | lr=1.25e-04
Epoch 126 | train_loss=6.7231e-03 | train_eval_loss=6.5765e-03 | val_loss=2.1975e-02 | | lr=1.25e-04
Epoch 127 | train_loss=6.7091e-03 | train_eval_loss=6.5080e-03 | val_loss=2.2275e-02 | | lr=1.25e-04
Epoch 128 | train_loss=6.7109e-03 | train_eval_loss=6.5563e-03 | val_loss=2.2276e-02 | | lr=1.25e-04
Epoch 129 | train_loss=6.6978e-03 | train_eval_loss=6.5097e-03 | val_loss=2.2062e-02 | | lr=1.25e-04
Epoch 130 | train_loss=6.6472e-03 | train_eval_loss=6.4876e-03 | val_loss=2.2460e-02 | | lr=1.25e-04
Epoch 131 | train_loss=6.4126e-03 | train_eval_loss=6.2502e-03 | val_loss=2.2143e-02 | | lr=6.25e-05
Epoch 132 | train_loss=6.3850e-03 | train_eval_loss=6.2132e-03 | val_loss=2.2151e-02 | | lr=6.25e-05
Epoch 133 | train_loss=6.3074e-03 | train_eval_loss=6.2105e-03 | val_loss=2.2155e-02 | | lr=6.25e-05
Epoch 134 | train_loss=6.3406e-03 | train_eval_loss=6.2036e-03 | val_loss=2.2102e-02 | | lr=6.25e-05
Epoch 135 | train_loss=6.3059e-03 | train_eval_loss=6.1853e-03 | val_loss=2.2158e-02 | | lr=6.25e-05
Epoch 136 | train_loss=6.3434e-03 | train_eval_loss=6.2004e-03 | val_loss=2.2171e-02 | | lr=6.25e-05
Epoch 137 | train_loss=6.2877e-03 | train_eval_loss=6.1453e-03 | val_loss=2.2076e-02 | | lr=6.25e-05
Epoch 138 | train_loss=6.2700e-03 | train_eval_loss=6.1494e-03 | val_loss=2.2152e-02 | | lr=6.25e-05
Epoch 139 | train_loss=6.2470e-03 | train_eval_loss=6.1428e-03 | val_loss=2.2128e-02 | | lr=6.25e-05
Epoch 140 | train_loss=6.1671e-03 | train_eval_loss=6.0608e-03 | val_loss=2.2109e-02 | | lr=3.13e-05
Epoch 141 | train_loss=6.1270e-03 | train_eval_loss=6.0584e-03 | val_loss=2.2136e-02 | | lr=3.13e-05
Epoch 142 | train_loss=6.1189e-03 | train_eval_loss=6.0434e-03 | val_loss=2.2207e-02 | | lr=3.13e-05
Epoch 143 | train_loss=6.1123e-03 | train_eval_loss=6.0562e-03 | val_loss=2.2146e-02 | | lr=3.13e-05
Epoch 144 | train_loss=6.1127e-03 | train_eval_loss=6.0224e-03 | val_loss=2.2040e-02 | | lr=3.13e-05
Epoch 145 | train_loss=6.0959e-03 | train_eval_loss=6.0337e-03 | val_loss=2.2197e-02 | | lr=3.13e-05
Epoch 146 | train_loss=6.1034e-03 | train_eval_loss=6.0469e-03 | val_loss=2.2189e-02 | | lr=3.13e-05
Epoch 147 | train_loss=6.1016e-03 | train_eval_loss=6.0260e-03 | val_loss=2.2153e-02 | | lr=3.13e-05
Epoch 148 | train_loss=6.0867e-03 | train_eval_loss=5.9990e-03 | val_loss=2.2090e-02 | | lr=3.13e-05
Epoch 149 | train_loss=6.0277e-03 | train_eval_loss=5.9745e-03 | val_loss=2.2094e-02 | | lr=1.56e-05
Epoch 150 | train_loss=6.0172e-03 | train_eval_loss=5.9682e-03 | val_loss=2.2058e-02 | | lr=1.56e-05
Epoch 151 | train_loss=6.0083e-03 | train_eval_loss=5.9717e-03 | val_loss=2.2179e-02 | | lr=1.56e-05
Epoch 152 | train_loss=6.0166e-03 | train_eval_loss=5.9739e-03 | val_loss=2.2161e-02 | | lr=1.56e-05
Epoch 153 | train_loss=6.0049e-03 | train_eval_loss=5.9599e-03 | val_loss=2.2134e-02 | | lr=1.56e-05
Epoch 154 | train_loss=6.0107e-03 | train_eval_loss=5.9489e-03 | val_loss=2.2063e-02 | | lr=1.56e-05
Epoch 155 | train_loss=6.0002e-03 | train_eval_loss=5.9524e-03 | val_loss=2.2136e-02 | | lr=1.56e-05
Epoch 156 | train_loss=5.9960e-03 | train_eval_loss=5.9460e-03 | val_loss=2.2113e-02 | | lr=1.56e-05
Epoch 157 | train_loss=5.9947e-03 | train_eval_loss=5.9446e-03 | val_loss=2.2115e-02 | | lr=1.56e-05
Epoch 158 | train_loss=5.9598e-03 | train_eval_loss=5.9292e-03 | val_loss=2.2129e-02 | | lr=7.81e-06
Epoch 159 | train_loss=5.9575e-03 | train_eval_loss=5.9257e-03 | val_loss=2.2112e-02 | | lr=7.81e-06
Epoch 160 | train_loss=5.9538e-03 | train_eval_loss=5.9273e-03 | val_loss=2.2087e-02 | | lr=7.81e-06
Epoch 161 | train_loss=5.9532e-03 | train_eval_loss=5.9216e-03 | val_loss=2.2073e-02 | | lr=7.81e-06
Epoch 162 | train_loss=5.9505e-03 | train_eval_loss=5.9277e-03 | val_loss=2.2125e-02 | | lr=7.81e-06
Epoch 163 | train_loss=5.9484e-03 | train_eval_loss=5.9205e-03 | val_loss=2.2104e-02 | | lr=7.81e-06
Epoch 164 | train_loss=5.9476e-03 | train_eval_loss=5.9168e-03 | val_loss=2.2090e-02 | | lr=7.81e-06
Epoch 165 | train_loss=5.9469e-03 | train_eval_loss=5.9177e-03 | val_loss=2.2082e-02 | | lr=7.81e-06
Epoch 166 | train_loss=5.9434e-03 | train_eval_loss=5.9099e-03 | val_loss=2.2091e-02 | | lr=7.81e-06
Epoch 167 | train_loss=5.9251e-03 | train_eval_loss=5.9079e-03 | val_loss=2.2114e-02 | | lr=3.91e-06
Epoch 168 | train_loss=5.9227e-03 | train_eval_loss=5.9060e-03 | val_loss=2.2123e-02 | | lr=3.91e-06
Epoch 169 | train_loss=5.9209e-03 | train_eval_loss=5.9048e-03 | val_loss=2.2118e-02 | | lr=3.91e-06
Epoch 170 | train_loss=5.9202e-03 | train_eval_loss=5.9031e-03 | val_loss=2.2105e-02 | | lr=3.91e-06
Epoch 171 | train_loss=5.9191e-03 | train_eval_loss=5.9011e-03 | val_loss=2.2081e-02 | | lr=3.91e-06
Epoch 172 | train_loss=5.9187e-03 | train_eval_loss=5.9003e-03 | val_loss=2.2082e-02 | | lr=3.91e-06
Epoch 173 | train_loss=5.9157e-03 | train_eval_loss=5.9039e-03 | val_loss=2.2114e-02 | | lr=3.91e-06
Epoch 174 | train_loss=5.9175e-03 | train_eval_loss=5.8980e-03 | val_loss=2.2110e-02 | | lr=3.91e-06
Epoch 175 | train_loss=5.9168e-03 | train_eval_loss=5.8993e-03 | val_loss=2.2089e-02 | | lr=3.91e-06
Epoch 176 | train_loss=5.9077e-03 | train_eval_loss=5.8953e-03 | val_loss=2.2083e-02 | | lr=1.95e-06
Epoch 177 | train_loss=5.9052e-03 | train_eval_loss=5.8948e-03 | val_loss=2.2090e-02 | | lr=1.95e-06
Epoch 178 | train_loss=5.9038e-03 | train_eval_loss=5.8940e-03 | val_loss=2.2103e-02 | | lr=1.95e-06
Epoch 179 | train_loss=5.9038e-03 | train_eval_loss=5.8936e-03 | val_loss=2.2091e-02 | | lr=1.95e-06
Epoch 180 | train_loss=5.9029e-03 | train_eval_loss=5.8931e-03 | val_loss=2.2091e-02 | | lr=1.95e-06
Epoch 181 | train_loss=5.9028e-03 | train_eval_loss=5.8925e-03 | val_loss=2.2096e-02 | | lr=1.95e-06
Epoch 182 | train_loss=5.9018e-03 | train_eval_loss=5.8920e-03 | val_loss=2.2102e-02 | | lr=1.95e-06
Epoch 183 | train_loss=5.9018e-03 | train_eval_loss=5.8927e-03 | val_loss=2.2095e-02 | | lr=1.95e-06
Epoch 184 | train_loss=5.9018e-03 | train_eval_loss=5.8909e-03 | val_loss=2.2097e-02 | | lr=1.95e-06
Epoch 185 | train_loss=5.8953e-03 | train_eval_loss=5.8900e-03 | val_loss=2.2097e-02 | | lr=9.77e-07
Epoch 186 | train_loss=5.8951e-03 | train_eval_loss=5.8897e-03 | val_loss=2.2096e-02 | | lr=9.77e-07
Epoch 187 | train_loss=5.8946e-03 | train_eval_loss=5.8894e-03 | val_loss=2.2099e-02 | | lr=9.77e-07
Epoch 188 | train_loss=5.8945e-03 | train_eval_loss=5.8892e-03 | val_loss=2.2096e-02 | | lr=9.77e-07
Epoch 189 | train_loss=5.8941e-03 | train_eval_loss=5.8890e-03 | val_loss=2.2094e-02 | | lr=9.77e-07
Epoch 190 | train_loss=5.8939e-03 | train_eval_loss=5.8886e-03 | val_loss=2.2100e-02 | | lr=9.77e-07
Epoch 191 | train_loss=5.8937e-03 | train_eval_loss=5.8885e-03 | val_loss=2.2100e-02 | | lr=9.77e-07
Epoch 192 | train_loss=5.8933e-03 | train_eval_loss=5.8880e-03 | val_loss=2.2101e-02 | | lr=9.77e-07
Epoch 193 | train_loss=5.8933e-03 | train_eval_loss=5.8877e-03 | val_loss=2.2096e-02 | | lr=9.77e-07
Epoch 194 | train_loss=5.8902e-03 | train_eval_loss=5.8874e-03 | val_loss=2.2097e-02 | | lr=4.88e-07
Epoch 195 | train_loss=5.8900e-03 | train_eval_loss=5.8873e-03 | val_loss=2.2098e-02 | | lr=4.88e-07
Epoch 196 | train_loss=5.8898e-03 | train_eval_loss=5.8871e-03 | val_loss=2.2097e-02 | | lr=4.88e-07
Epoch 197 | train_loss=5.8895e-03 | train_eval_loss=5.8869e-03 | val_loss=2.2099e-02 | | lr=4.88e-07
Epoch 198 | train_loss=5.8896e-03 | train_eval_loss=5.8868e-03 | val_loss=2.2097e-02 | | lr=4.88e-07
Epoch 199 | train_loss=5.8895e-03 | train_eval_loss=5.8866e-03 | val_loss=2.2098e-02 | | lr=4.88e-07
Epoch 200 | train_loss=5.8895e-03 | train_eval_loss=5.8865e-03 | val_loss=2.2101e-02 | | lr=4.88e-07
Saved training logs to results/thesis_model_results/outputs/scaler_comparison_mlp/MLP__mse__log1p__seed42/training_summary.txt
Test RMSE(rocof_COI) = 0.0119 | norm: 0.0712 | real_diff: 0.0080
Test RMSE(dev_COI) = 0.0191 | norm: 0.0557 | real_diff: 0.0106
Test RMSE(Delta_P_IBR_1) = 0.0952 | norm: 0.1541 | real_diff: 0.0528
Test RMSE(Delta_P_IBR_2) = 0.1027 | norm: 0.1312 | real_diff: 0.0455
Test RMSE(Delta_P_IBR_3) = 0.1609 | norm: 0.2597 | real_diff: 0.0721
Test RMSE(Delta_P_IBR_4) = 0.1526 | norm: 0.1541 | real_diff: 0.0856
Saved RMSE results to results/thesis_model_results/outputs/scaler_comparison_mlp/MLP__mse__log1p__seed42/rmse_results.txt
Saved detailed metrics to results/thesis_model_results/outputs/scaler_comparison_mlp/MLP__mse__log1p__seed42/metrics_by_target.csv
Saved aggregate metrics to results/thesis_model_results/outputs/scaler_comparison_mlp/MLP__mse__log1p__seed42/metrics_summary.json
Saved loss curves to results/thesis_model_results/outputs/scaler_comparison_mlp/MLP__mse__log1p__seed42/loss_curve.png
Saved scatter plot results/thesis_model_results/outputs/scaler_comparison_mlp/MLP__mse__log1p__seed42/scatter_rocof_COI.png
Saved scatter plot results/thesis_model_results/outputs/scaler_comparison_mlp/MLP__mse__log1p__seed42/scatter_dev_COI.png
Saved scatter plot results/thesis_model_results/outputs/scaler_comparison_mlp/MLP__mse__log1p__seed42/scatter_Delta_P_IBR_1.png
Saved scatter plot results/thesis_model_results/outputs/scaler_comparison_mlp/MLP__mse__log1p__seed42/scatter_Delta_P_IBR_2.png
Saved scatter plot results/thesis_model_results/outputs/scaler_comparison_mlp/MLP__mse__log1p__seed42/scatter_Delta_P_IBR_3.png
Saved scatter plot results/thesis_model_results/outputs/scaler_comparison_mlp/MLP__mse__log1p__seed42/scatter_Delta_P_IBR_4.png
Saved model to results/thesis_model_results/outputs/scaler_comparison_mlp/MLP__mse__log1p__seed42/mlp_state_dict.pt
Loss type: mse | weights=[]
Target stats (scaled):
train mean=[ 0. -0.  0.  0. -0.  0.]
train std=[1. 1. 1. 1. 1. 1.]
train q05=[-1.7702 -1.394  -1.5145 -1.7433 -1.2413 -1.7471]
train q95=[1.7898 2.0142 1.5772 1.512  1.8496 1.6033]
val mean=[-0.0124 -0.0126  0.002   0.0083  0.011   0.0074]
val std=[0.984  0.9828 0.9844 1.0084 0.9848 0.9772]
val q05=[-1.7489 -1.3914 -1.5116 -1.7439 -1.2168 -1.7063]
val q95=[1.7552 1.9956 1.5881 1.5335 1.8418 1.5753]
val/train std ratio=[0.984  0.9828 0.9844 1.0084 0.9848 0.9772]
LR scheduler: ReduceLROnPlateau (factor=0.5, patience=8, min_lr=1e-07)
Epoch 001 | train_loss=3.2621e-01 | train_eval_loss=1.3644e-01 | val_loss=1.3479e-01 | | lr=1.00e-03
Saved best model to results/thesis_model_results/outputs/scaler_comparison_mtlsh/MTLSH__mse__standard__seed42/mtlsh_state_dict_best.pt
Epoch 002 | train_loss=1.0515e-01 | train_eval_loss=8.5079e-02 | val_loss=8.4610e-02 | | lr=1.00e-03
Saved best model to results/thesis_model_results/outputs/scaler_comparison_mtlsh/MTLSH__mse__standard__seed42/mtlsh_state_dict_best.pt
Epoch 003 | train_loss=7.9481e-02 | train_eval_loss=7.2295e-02 | val_loss=7.2764e-02 | | lr=1.00e-03
Saved best model to results/thesis_model_results/outputs/scaler_comparison_mtlsh/MTLSH__mse__standard__seed42/mtlsh_state_dict_best.pt
Epoch 004 | train_loss=6.7633e-02 | train_eval_loss=6.2621e-02 | val_loss=6.3860e-02 | | lr=1.00e-03
Saved best model to results/thesis_model_results/outputs/scaler_comparison_mtlsh/MTLSH__mse__standard__seed42/mtlsh_state_dict_best.pt
Epoch 005 | train_loss=5.7908e-02 | train_eval_loss=5.4406e-02 | val_loss=5.4518e-02 | | lr=1.00e-03
Saved best model to results/thesis_model_results/outputs/scaler_comparison_mtlsh/MTLSH__mse__standard__seed42/mtlsh_state_dict_best.pt
Epoch 006 | train_loss=5.2422e-02 | train_eval_loss=4.9239e-02 | val_loss=5.0167e-02 | | lr=1.00e-03
Saved best model to results/thesis_model_results/outputs/scaler_comparison_mtlsh/MTLSH__mse__standard__seed42/mtlsh_state_dict_best.pt
Epoch 007 | train_loss=4.6969e-02 | train_eval_loss=4.5883e-02 | val_loss=4.7290e-02 | | lr=1.00e-03
Saved best model to results/thesis_model_results/outputs/scaler_comparison_mtlsh/MTLSH__mse__standard__seed42/mtlsh_state_dict_best.pt
Epoch 008 | train_loss=4.4059e-02 | train_eval_loss=4.0537e-02 | val_loss=4.2562e-02 | | lr=1.00e-03
Saved best model to results/thesis_model_results/outputs/scaler_comparison_mtlsh/MTLSH__mse__standard__seed42/mtlsh_state_dict_best.pt
Epoch 009 | train_loss=4.0781e-02 | train_eval_loss=3.8283e-02 | val_loss=4.0147e-02 | | lr=1.00e-03
Saved best model to results/thesis_model_results/outputs/scaler_comparison_mtlsh/MTLSH__mse__standard__seed42/mtlsh_state_dict_best.pt
Epoch 010 | train_loss=3.9268e-02 | train_eval_loss=3.6379e-02 | val_loss=3.8858e-02 | | lr=1.00e-03
Saved best model to results/thesis_model_results/outputs/scaler_comparison_mtlsh/MTLSH__mse__standard__seed42/mtlsh_state_dict_best.pt
Epoch 011 | train_loss=3.6815e-02 | train_eval_loss=3.3937e-02 | val_loss=3.6851e-02 | | lr=1.00e-03
Saved best model to results/thesis_model_results/outputs/scaler_comparison_mtlsh/MTLSH__mse__standard__seed42/mtlsh_state_dict_best.pt
Epoch 012 | train_loss=3.6028e-02 | train_eval_loss=3.6183e-02 | val_loss=3.9258e-02 | | lr=1.00e-03
Epoch 013 | train_loss=3.4613e-02 | train_eval_loss=3.6068e-02 | val_loss=3.8675e-02 | | lr=1.00e-03
Epoch 014 | train_loss=3.3874e-02 | train_eval_loss=3.4434e-02 | val_loss=3.7558e-02 | | lr=1.00e-03
Epoch 015 | train_loss=3.2525e-02 | train_eval_loss=2.9771e-02 | val_loss=3.3646e-02 | | lr=1.00e-03
Saved best model to results/thesis_model_results/outputs/scaler_comparison_mtlsh/MTLSH__mse__standard__seed42/mtlsh_state_dict_best.pt
Epoch 016 | train_loss=3.1516e-02 | train_eval_loss=3.3220e-02 | val_loss=3.6705e-02 | | lr=1.00e-03
Epoch 017 | train_loss=3.0931e-02 | train_eval_loss=2.8374e-02 | val_loss=3.2295e-02 | | lr=1.00e-03
Saved best model to results/thesis_model_results/outputs/scaler_comparison_mtlsh/MTLSH__mse__standard__seed42/mtlsh_state_dict_best.pt
Epoch 018 | train_loss=2.8636e-02 | train_eval_loss=2.6518e-02 | val_loss=3.0544e-02 | | lr=1.00e-03
Saved best model to results/thesis_model_results/outputs/scaler_comparison_mtlsh/MTLSH__mse__standard__seed42/mtlsh_state_dict_best.pt
Epoch 019 | train_loss=2.9249e-02 | train_eval_loss=3.0905e-02 | val_loss=3.4949e-02 | | lr=1.00e-03
Epoch 020 | train_loss=2.8143e-02 | train_eval_loss=2.6522e-02 | val_loss=3.0967e-02 | | lr=1.00e-03
Epoch 021 | train_loss=2.7744e-02 | train_eval_loss=2.9182e-02 | val_loss=3.2939e-02 | | lr=1.00e-03
Epoch 022 | train_loss=2.6845e-02 | train_eval_loss=2.4995e-02 | val_loss=2.9672e-02 | | lr=1.00e-03
Saved best model to results/thesis_model_results/outputs/scaler_comparison_mtlsh/MTLSH__mse__standard__seed42/mtlsh_state_dict_best.pt
Epoch 023 | train_loss=2.5756e-02 | train_eval_loss=2.3704e-02 | val_loss=2.8673e-02 | | lr=1.00e-03
Saved best model to results/thesis_model_results/outputs/scaler_comparison_mtlsh/MTLSH__mse__standard__seed42/mtlsh_state_dict_best.pt
Epoch 024 | train_loss=2.5486e-02 | train_eval_loss=2.4435e-02 | val_loss=2.9508e-02 | | lr=1.00e-03
Epoch 025 | train_loss=2.4032e-02 | train_eval_loss=2.2222e-02 | val_loss=2.7945e-02 | | lr=1.00e-03
Saved best model to results/thesis_model_results/outputs/scaler_comparison_mtlsh/MTLSH__mse__standard__seed42/mtlsh_state_dict_best.pt
Epoch 026 | train_loss=2.3254e-02 | train_eval_loss=2.0805e-02 | val_loss=2.6828e-02 | | lr=1.00e-03
Saved best model to results/thesis_model_results/outputs/scaler_comparison_mtlsh/MTLSH__mse__standard__seed42/mtlsh_state_dict_best.pt
Epoch 027 | train_loss=2.3052e-02 | train_eval_loss=2.1337e-02 | val_loss=2.7359e-02 | | lr=1.00e-03
Epoch 028 | train_loss=2.2442e-02 | train_eval_loss=2.1129e-02 | val_loss=2.7533e-02 | | lr=1.00e-03
Epoch 029 | train_loss=2.2368e-02 | train_eval_loss=2.1301e-02 | val_loss=2.7543e-02 | | lr=1.00e-03
Epoch 030 | train_loss=2.2543e-02 | train_eval_loss=2.0402e-02 | val_loss=2.7374e-02 | | lr=1.00e-03
Epoch 031 | train_loss=2.0848e-02 | train_eval_loss=2.1468e-02 | val_loss=2.7167e-02 | | lr=1.00e-03
Epoch 032 | train_loss=2.2220e-02 | train_eval_loss=2.0349e-02 | val_loss=2.7209e-02 | | lr=1.00e-03
Epoch 033 | train_loss=1.9525e-02 | train_eval_loss=1.9800e-02 | val_loss=2.7325e-02 | | lr=1.00e-03
Epoch 034 | train_loss=2.0333e-02 | train_eval_loss=2.1350e-02 | val_loss=2.8419e-02 | | lr=1.00e-03
Epoch 035 | train_loss=2.0727e-02 | train_eval_loss=1.8790e-02 | val_loss=2.5797e-02 | | lr=1.00e-03
Saved best model to results/thesis_model_results/outputs/scaler_comparison_mtlsh/MTLSH__mse__standard__seed42/mtlsh_state_dict_best.pt
Epoch 036 | train_loss=1.8548e-02 | train_eval_loss=1.8788e-02 | val_loss=2.6081e-02 | | lr=1.00e-03
Epoch 037 | train_loss=1.8775e-02 | train_eval_loss=1.8565e-02 | val_loss=2.6119e-02 | | lr=1.00e-03
Epoch 038 | train_loss=1.8548e-02 | train_eval_loss=1.7140e-02 | val_loss=2.5580e-02 | | lr=1.00e-03
Saved best model to results/thesis_model_results/outputs/scaler_comparison_mtlsh/MTLSH__mse__standard__seed42/mtlsh_state_dict_best.pt
Epoch 039 | train_loss=2.0293e-02 | train_eval_loss=1.7961e-02 | val_loss=2.4703e-02 | | lr=1.00e-03
Saved best model to results/thesis_model_results/outputs/scaler_comparison_mtlsh/MTLSH__mse__standard__seed42/mtlsh_state_dict_best.pt
Epoch 040 | train_loss=1.8508e-02 | train_eval_loss=1.6277e-02 | val_loss=2.4444e-02 | | lr=1.00e-03
Saved best model to results/thesis_model_results/outputs/scaler_comparison_mtlsh/MTLSH__mse__standard__seed42/mtlsh_state_dict_best.pt
Epoch 041 | train_loss=1.8185e-02 | train_eval_loss=1.6485e-02 | val_loss=2.3856e-02 | | lr=1.00e-03
Saved best model to results/thesis_model_results/outputs/scaler_comparison_mtlsh/MTLSH__mse__standard__seed42/mtlsh_state_dict_best.pt
Epoch 042 | train_loss=1.8342e-02 | train_eval_loss=1.8753e-02 | val_loss=2.6785e-02 | | lr=1.00e-03
Epoch 043 | train_loss=1.7962e-02 | train_eval_loss=1.6460e-02 | val_loss=2.4726e-02 | | lr=1.00e-03
Epoch 044 | train_loss=1.7172e-02 | train_eval_loss=1.5284e-02 | val_loss=2.3237e-02 | | lr=1.00e-03
Saved best model to results/thesis_model_results/outputs/scaler_comparison_mtlsh/MTLSH__mse__standard__seed42/mtlsh_state_dict_best.pt
Epoch 045 | train_loss=1.6427e-02 | train_eval_loss=1.4846e-02 | val_loss=2.3225e-02 | | lr=1.00e-03
Saved best model to results/thesis_model_results/outputs/scaler_comparison_mtlsh/MTLSH__mse__standard__seed42/mtlsh_state_dict_best.pt
Epoch 046 | train_loss=1.6814e-02 | train_eval_loss=2.0729e-02 | val_loss=2.8270e-02 | | lr=1.00e-03
Epoch 047 | train_loss=1.6220e-02 | train_eval_loss=1.7145e-02 | val_loss=2.6274e-02 | | lr=1.00e-03
Epoch 048 | train_loss=1.6626e-02 | train_eval_loss=1.4744e-02 | val_loss=2.3367e-02 | | lr=1.00e-03
Epoch 049 | train_loss=1.7287e-02 | train_eval_loss=1.6473e-02 | val_loss=2.4536e-02 | | lr=1.00e-03
Epoch 050 | train_loss=1.6036e-02 | train_eval_loss=1.3943e-02 | val_loss=2.2544e-02 | | lr=1.00e-03
Saved best model to results/thesis_model_results/outputs/scaler_comparison_mtlsh/MTLSH__mse__standard__seed42/mtlsh_state_dict_best.pt
Epoch 051 | train_loss=1.4516e-02 | train_eval_loss=1.4296e-02 | val_loss=2.3546e-02 | | lr=1.00e-03
Epoch 052 | train_loss=1.4878e-02 | train_eval_loss=1.4123e-02 | val_loss=2.3040e-02 | | lr=1.00e-03
Epoch 053 | train_loss=1.4296e-02 | train_eval_loss=1.3452e-02 | val_loss=2.3098e-02 | | lr=1.00e-03
Epoch 054 | train_loss=1.5203e-02 | train_eval_loss=1.6999e-02 | val_loss=2.5841e-02 | | lr=1.00e-03
Epoch 055 | train_loss=1.7227e-02 | train_eval_loss=1.3598e-02 | val_loss=2.3302e-02 | | lr=1.00e-03
Epoch 056 | train_loss=1.4175e-02 | train_eval_loss=1.4891e-02 | val_loss=2.3943e-02 | | lr=1.00e-03
Epoch 057 | train_loss=1.4399e-02 | train_eval_loss=1.3676e-02 | val_loss=2.3607e-02 | | lr=1.00e-03
Epoch 058 | train_loss=1.3189e-02 | train_eval_loss=1.2440e-02 | val_loss=2.2533e-02 | | lr=1.00e-03
Saved best model to results/thesis_model_results/outputs/scaler_comparison_mtlsh/MTLSH__mse__standard__seed42/mtlsh_state_dict_best.pt
Epoch 059 | train_loss=1.3310e-02 | train_eval_loss=1.2996e-02 | val_loss=2.2091e-02 | | lr=1.00e-03
Saved best model to results/thesis_model_results/outputs/scaler_comparison_mtlsh/MTLSH__mse__standard__seed42/mtlsh_state_dict_best.pt
Epoch 060 | train_loss=1.3078e-02 | train_eval_loss=1.3172e-02 | val_loss=2.2676e-02 | | lr=1.00e-03
Epoch 061 | train_loss=1.3489e-02 | train_eval_loss=1.5444e-02 | val_loss=2.5378e-02 | | lr=1.00e-03
Epoch 062 | train_loss=1.5138e-02 | train_eval_loss=1.2366e-02 | val_loss=2.2575e-02 | | lr=1.00e-03
Epoch 063 | train_loss=1.3304e-02 | train_eval_loss=1.2876e-02 | val_loss=2.3632e-02 | | lr=1.00e-03
Epoch 064 | train_loss=1.3607e-02 | train_eval_loss=1.3020e-02 | val_loss=2.4170e-02 | | lr=1.00e-03
Epoch 065 | train_loss=1.4045e-02 | train_eval_loss=1.2395e-02 | val_loss=2.3091e-02 | | lr=1.00e-03
Epoch 066 | train_loss=1.2791e-02 | train_eval_loss=1.2948e-02 | val_loss=2.2920e-02 | | lr=1.00e-03
Epoch 067 | train_loss=1.2717e-02 | train_eval_loss=1.3471e-02 | val_loss=2.4165e-02 | | lr=1.00e-03
Epoch 068 | train_loss=1.3445e-02 | train_eval_loss=1.4624e-02 | val_loss=2.4883e-02 | | lr=1.00e-03
Epoch 069 | train_loss=9.7757e-03 | train_eval_loss=8.0432e-03 | val_loss=1.9425e-02 | | lr=5.00e-04
Saved best model to results/thesis_model_results/outputs/scaler_comparison_mtlsh/MTLSH__mse__standard__seed42/mtlsh_state_dict_best.pt
Epoch 070 | train_loss=8.4862e-03 | train_eval_loss=8.4604e-03 | val_loss=2.0012e-02 | | lr=5.00e-04
Epoch 071 | train_loss=8.3216e-03 | train_eval_loss=9.1269e-03 | val_loss=2.0751e-02 | | lr=5.00e-04
Epoch 072 | train_loss=8.2561e-03 | train_eval_loss=8.3951e-03 | val_loss=2.0090e-02 | | lr=5.00e-04
Epoch 073 | train_loss=8.0395e-03 | train_eval_loss=7.6061e-03 | val_loss=1.9450e-02 | | lr=5.00e-04
Epoch 074 | train_loss=7.9742e-03 | train_eval_loss=8.4845e-03 | val_loss=2.0604e-02 | | lr=5.00e-04
Epoch 075 | train_loss=7.7640e-03 | train_eval_loss=7.5794e-03 | val_loss=1.9098e-02 | | lr=5.00e-04
Saved best model to results/thesis_model_results/outputs/scaler_comparison_mtlsh/MTLSH__mse__standard__seed42/mtlsh_state_dict_best.pt
Epoch 076 | train_loss=7.7707e-03 | train_eval_loss=7.6788e-03 | val_loss=1.9384e-02 | | lr=5.00e-04
Epoch 077 | train_loss=7.6048e-03 | train_eval_loss=7.3573e-03 | val_loss=1.9108e-02 | | lr=5.00e-04
Epoch 078 | train_loss=8.1106e-03 | train_eval_loss=7.7321e-03 | val_loss=1.9601e-02 | | lr=5.00e-04
Epoch 079 | train_loss=8.3860e-03 | train_eval_loss=7.8583e-03 | val_loss=1.9598e-02 | | lr=5.00e-04
Epoch 080 | train_loss=7.8420e-03 | train_eval_loss=7.1271e-03 | val_loss=1.9092e-02 | | lr=5.00e-04
Saved best model to results/thesis_model_results/outputs/scaler_comparison_mtlsh/MTLSH__mse__standard__seed42/mtlsh_state_dict_best.pt
Epoch 081 | train_loss=7.8197e-03 | train_eval_loss=7.8291e-03 | val_loss=2.0163e-02 | | lr=5.00e-04
Epoch 082 | train_loss=8.1521e-03 | train_eval_loss=8.2830e-03 | val_loss=2.0419e-02 | | lr=5.00e-04
Epoch 083 | train_loss=7.7538e-03 | train_eval_loss=7.1568e-03 | val_loss=1.9212e-02 | | lr=5.00e-04
Epoch 084 | train_loss=7.4817e-03 | train_eval_loss=7.0256e-03 | val_loss=1.9155e-02 | | lr=5.00e-04
Epoch 085 | train_loss=7.2945e-03 | train_eval_loss=8.5343e-03 | val_loss=2.0185e-02 | | lr=5.00e-04
Epoch 086 | train_loss=8.0011e-03 | train_eval_loss=7.7137e-03 | val_loss=1.9862e-02 | | lr=5.00e-04
Epoch 087 | train_loss=7.7349e-03 | train_eval_loss=8.0125e-03 | val_loss=2.0169e-02 | | lr=5.00e-04
Epoch 088 | train_loss=8.1182e-03 | train_eval_loss=8.2373e-03 | val_loss=2.0395e-02 | | lr=5.00e-04
Epoch 089 | train_loss=7.7794e-03 | train_eval_loss=7.3425e-03 | val_loss=1.9900e-02 | | lr=5.00e-04
Epoch 090 | train_loss=6.1488e-03 | train_eval_loss=5.5609e-03 | val_loss=1.8095e-02 | | lr=2.50e-04
Saved best model to results/thesis_model_results/outputs/scaler_comparison_mtlsh/MTLSH__mse__standard__seed42/mtlsh_state_dict_best.pt
Epoch 091 | train_loss=5.6927e-03 | train_eval_loss=5.3963e-03 | val_loss=1.8040e-02 | | lr=2.50e-04
Saved best model to results/thesis_model_results/outputs/scaler_comparison_mtlsh/MTLSH__mse__standard__seed42/mtlsh_state_dict_best.pt
Epoch 092 | train_loss=5.6187e-03 | train_eval_loss=5.3628e-03 | val_loss=1.7861e-02 | | lr=2.50e-04
Saved best model to results/thesis_model_results/outputs/scaler_comparison_mtlsh/MTLSH__mse__standard__seed42/mtlsh_state_dict_best.pt
Epoch 093 | train_loss=5.6129e-03 | train_eval_loss=5.4409e-03 | val_loss=1.8046e-02 | | lr=2.50e-04
Epoch 094 | train_loss=5.7626e-03 | train_eval_loss=5.8007e-03 | val_loss=1.8537e-02 | | lr=2.50e-04
Epoch 095 | train_loss=5.6254e-03 | train_eval_loss=5.4294e-03 | val_loss=1.8244e-02 | | lr=2.50e-04
Epoch 096 | train_loss=5.7162e-03 | train_eval_loss=5.5260e-03 | val_loss=1.8401e-02 | | lr=2.50e-04
Epoch 097 | train_loss=5.4976e-03 | train_eval_loss=5.0620e-03 | val_loss=1.8079e-02 | | lr=2.50e-04
Epoch 098 | train_loss=5.5377e-03 | train_eval_loss=5.4668e-03 | val_loss=1.8495e-02 | | lr=2.50e-04
Epoch 099 | train_loss=5.5301e-03 | train_eval_loss=5.1408e-03 | val_loss=1.8055e-02 | | lr=2.50e-04
Epoch 100 | train_loss=5.4779e-03 | train_eval_loss=5.2558e-03 | val_loss=1.8121e-02 | | lr=2.50e-04
Epoch 101 | train_loss=5.4339e-03 | train_eval_loss=6.4869e-03 | val_loss=1.9654e-02 | | lr=2.50e-04
Epoch 102 | train_loss=5.1524e-03 | train_eval_loss=4.7146e-03 | val_loss=1.7596e-02 | | lr=1.25e-04
Saved best model to results/thesis_model_results/outputs/scaler_comparison_mtlsh/MTLSH__mse__standard__seed42/mtlsh_state_dict_best.pt
Epoch 103 | train_loss=4.8610e-03 | train_eval_loss=4.7458e-03 | val_loss=1.7707e-02 | | lr=1.25e-04
Epoch 104 | train_loss=4.7909e-03 | train_eval_loss=4.7393e-03 | val_loss=1.7873e-02 | | lr=1.25e-04
Epoch 105 | train_loss=4.8019e-03 | train_eval_loss=4.6840e-03 | val_loss=1.7898e-02 | | lr=1.25e-04
Epoch 106 | train_loss=4.7726e-03 | train_eval_loss=4.5892e-03 | val_loss=1.7581e-02 | | lr=1.25e-04
Saved best model to results/thesis_model_results/outputs/scaler_comparison_mtlsh/MTLSH__mse__standard__seed42/mtlsh_state_dict_best.pt
Epoch 107 | train_loss=4.7593e-03 | train_eval_loss=4.7782e-03 | val_loss=1.7652e-02 | | lr=1.25e-04
Epoch 108 | train_loss=4.7762e-03 | train_eval_loss=4.5576e-03 | val_loss=1.7517e-02 | | lr=1.25e-04
Saved best model to results/thesis_model_results/outputs/scaler_comparison_mtlsh/MTLSH__mse__standard__seed42/mtlsh_state_dict_best.pt
Epoch 109 | train_loss=4.7355e-03 | train_eval_loss=4.5614e-03 | val_loss=1.7632e-02 | | lr=1.25e-04
Epoch 110 | train_loss=4.6948e-03 | train_eval_loss=4.6352e-03 | val_loss=1.7851e-02 | | lr=1.25e-04
Epoch 111 | train_loss=4.7351e-03 | train_eval_loss=4.6123e-03 | val_loss=1.7772e-02 | | lr=1.25e-04
Epoch 112 | train_loss=4.7138e-03 | train_eval_loss=4.6138e-03 | val_loss=1.7981e-02 | | lr=1.25e-04
Epoch 113 | train_loss=4.6590e-03 | train_eval_loss=4.5746e-03 | val_loss=1.7888e-02 | | lr=1.25e-04
Epoch 114 | train_loss=4.6831e-03 | train_eval_loss=4.4576e-03 | val_loss=1.7618e-02 | | lr=1.25e-04
Epoch 115 | train_loss=4.6856e-03 | train_eval_loss=4.5894e-03 | val_loss=1.7695e-02 | | lr=1.25e-04
Epoch 116 | train_loss=4.6139e-03 | train_eval_loss=4.5770e-03 | val_loss=1.7943e-02 | | lr=1.25e-04
Epoch 117 | train_loss=4.6045e-03 | train_eval_loss=4.4285e-03 | val_loss=1.7895e-02 | | lr=1.25e-04
Epoch 118 | train_loss=4.3856e-03 | train_eval_loss=4.2547e-03 | val_loss=1.7491e-02 | | lr=6.25e-05
Saved best model to results/thesis_model_results/outputs/scaler_comparison_mtlsh/MTLSH__mse__standard__seed42/mtlsh_state_dict_best.pt
Epoch 119 | train_loss=4.3237e-03 | train_eval_loss=4.2569e-03 | val_loss=1.7553e-02 | | lr=6.25e-05
Epoch 120 | train_loss=4.3214e-03 | train_eval_loss=4.2193e-03 | val_loss=1.7415e-02 | | lr=6.25e-05
Saved best model to results/thesis_model_results/outputs/scaler_comparison_mtlsh/MTLSH__mse__standard__seed42/mtlsh_state_dict_best.pt
Epoch 121 | train_loss=4.3308e-03 | train_eval_loss=4.2286e-03 | val_loss=1.7445e-02 | | lr=6.25e-05
Epoch 122 | train_loss=4.2966e-03 | train_eval_loss=4.2137e-03 | val_loss=1.7649e-02 | | lr=6.25e-05
Epoch 123 | train_loss=4.2931e-03 | train_eval_loss=4.2008e-03 | val_loss=1.7605e-02 | | lr=6.25e-05
Epoch 124 | train_loss=4.2926e-03 | train_eval_loss=4.1833e-03 | val_loss=1.7465e-02 | | lr=6.25e-05
Epoch 125 | train_loss=4.2744e-03 | train_eval_loss=4.1996e-03 | val_loss=1.7565e-02 | | lr=6.25e-05
Epoch 126 | train_loss=4.2790e-03 | train_eval_loss=4.1852e-03 | val_loss=1.7481e-02 | | lr=6.25e-05
Epoch 127 | train_loss=4.2772e-03 | train_eval_loss=4.1653e-03 | val_loss=1.7639e-02 | | lr=6.25e-05
Epoch 128 | train_loss=4.2830e-03 | train_eval_loss=4.2170e-03 | val_loss=1.7557e-02 | | lr=6.25e-05
Epoch 129 | train_loss=4.2484e-03 | train_eval_loss=4.1381e-03 | val_loss=1.7635e-02 | | lr=6.25e-05
Epoch 130 | train_loss=4.1396e-03 | train_eval_loss=4.0773e-03 | val_loss=1.7519e-02 | | lr=3.13e-05
Epoch 131 | train_loss=4.1105e-03 | train_eval_loss=4.0519e-03 | val_loss=1.7476e-02 | | lr=3.13e-05
Epoch 132 | train_loss=4.1040e-03 | train_eval_loss=4.0299e-03 | val_loss=1.7469e-02 | | lr=3.13e-05
Epoch 133 | train_loss=4.0973e-03 | train_eval_loss=4.0436e-03 | val_loss=1.7460e-02 | | lr=3.13e-05
Epoch 134 | train_loss=4.1003e-03 | train_eval_loss=4.0353e-03 | val_loss=1.7497e-02 | | lr=3.13e-05
Epoch 135 | train_loss=4.0927e-03 | train_eval_loss=4.0232e-03 | val_loss=1.7473e-02 | | lr=3.13e-05
Epoch 136 | train_loss=4.0789e-03 | train_eval_loss=4.0103e-03 | val_loss=1.7571e-02 | | lr=3.13e-05
Epoch 137 | train_loss=4.0808e-03 | train_eval_loss=4.0022e-03 | val_loss=1.7487e-02 | | lr=3.13e-05
Epoch 138 | train_loss=4.0706e-03 | train_eval_loss=4.0050e-03 | val_loss=1.7537e-02 | | lr=3.13e-05
Epoch 139 | train_loss=4.0108e-03 | train_eval_loss=3.9663e-03 | val_loss=1.7455e-02 | | lr=1.56e-05
Epoch 140 | train_loss=4.0078e-03 | train_eval_loss=3.9656e-03 | val_loss=1.7475e-02 | | lr=1.56e-05
Epoch 141 | train_loss=4.0035e-03 | train_eval_loss=3.9620e-03 | val_loss=1.7474e-02 | | lr=1.56e-05
Epoch 142 | train_loss=4.0019e-03 | train_eval_loss=3.9516e-03 | val_loss=1.7450e-02 | | lr=1.56e-05
Epoch 143 | train_loss=3.9969e-03 | train_eval_loss=3.9623e-03 | val_loss=1.7482e-02 | | lr=1.56e-05
Epoch 144 | train_loss=3.9993e-03 | train_eval_loss=3.9490e-03 | val_loss=1.7467e-02 | | lr=1.56e-05
Epoch 145 | train_loss=3.9947e-03 | train_eval_loss=3.9523e-03 | val_loss=1.7435e-02 | | lr=1.56e-05
Epoch 146 | train_loss=3.9908e-03 | train_eval_loss=3.9434e-03 | val_loss=1.7436e-02 | | lr=1.56e-05
Epoch 147 | train_loss=3.9776e-03 | train_eval_loss=3.9614e-03 | val_loss=1.7448e-02 | | lr=1.56e-05
Epoch 148 | train_loss=3.9575e-03 | train_eval_loss=3.9280e-03 | val_loss=1.7451e-02 | | lr=7.81e-06
Epoch 149 | train_loss=3.9548e-03 | train_eval_loss=3.9254e-03 | val_loss=1.7444e-02 | | lr=7.81e-06
Epoch 150 | train_loss=3.9467e-03 | train_eval_loss=3.9310e-03 | val_loss=1.7491e-02 | | lr=7.81e-06
Epoch 151 | train_loss=3.9479e-03 | train_eval_loss=3.9246e-03 | val_loss=1.7433e-02 | | lr=7.81e-06
Epoch 152 | train_loss=3.9459e-03 | train_eval_loss=3.9239e-03 | val_loss=1.7470e-02 | | lr=7.81e-06
Epoch 153 | train_loss=3.9452e-03 | train_eval_loss=3.9210e-03 | val_loss=1.7460e-02 | | lr=7.81e-06
Epoch 154 | train_loss=3.9445e-03 | train_eval_loss=3.9156e-03 | val_loss=1.7444e-02 | | lr=7.81e-06
Epoch 155 | train_loss=3.9435e-03 | train_eval_loss=3.9202e-03 | val_loss=1.7473e-02 | | lr=7.81e-06
Epoch 156 | train_loss=3.9407e-03 | train_eval_loss=3.9142e-03 | val_loss=1.7458e-02 | | lr=7.81e-06
Epoch 157 | train_loss=3.9239e-03 | train_eval_loss=3.9074e-03 | val_loss=1.7466e-02 | | lr=3.91e-06
Epoch 158 | train_loss=3.9219e-03 | train_eval_loss=3.9070e-03 | val_loss=1.7448e-02 | | lr=3.91e-06
Epoch 159 | train_loss=3.9188e-03 | train_eval_loss=3.9070e-03 | val_loss=1.7451e-02 | | lr=3.91e-06
Epoch 160 | train_loss=3.9197e-03 | train_eval_loss=3.9052e-03 | val_loss=1.7441e-02 | | lr=3.91e-06
Epoch 161 | train_loss=3.9181e-03 | train_eval_loss=3.9038e-03 | val_loss=1.7454e-02 | | lr=3.91e-06
Epoch 162 | train_loss=3.9181e-03 | train_eval_loss=3.9025e-03 | val_loss=1.7448e-02 | | lr=3.91e-06
Epoch 163 | train_loss=3.9182e-03 | train_eval_loss=3.9025e-03 | val_loss=1.7451e-02 | | lr=3.91e-06
Epoch 164 | train_loss=3.9176e-03 | train_eval_loss=3.9007e-03 | val_loss=1.7447e-02 | | lr=3.91e-06
Epoch 165 | train_loss=3.9151e-03 | train_eval_loss=3.8992e-03 | val_loss=1.7464e-02 | | lr=3.91e-06
Epoch 166 | train_loss=3.9069e-03 | train_eval_loss=3.8978e-03 | val_loss=1.7454e-02 | | lr=1.95e-06
Epoch 167 | train_loss=3.9058e-03 | train_eval_loss=3.8971e-03 | val_loss=1.7451e-02 | | lr=1.95e-06
Epoch 168 | train_loss=3.9048e-03 | train_eval_loss=3.8985e-03 | val_loss=1.7457e-02 | | lr=1.95e-06
Epoch 169 | train_loss=3.9052e-03 | train_eval_loss=3.8967e-03 | val_loss=1.7456e-02 | | lr=1.95e-06
Epoch 170 | train_loss=3.9043e-03 | train_eval_loss=3.8963e-03 | val_loss=1.7449e-02 | | lr=1.95e-06
Epoch 171 | train_loss=3.9039e-03 | train_eval_loss=3.8959e-03 | val_loss=1.7449e-02 | | lr=1.95e-06
Epoch 172 | train_loss=3.9031e-03 | train_eval_loss=3.8948e-03 | val_loss=1.7449e-02 | | lr=1.95e-06
Epoch 173 | train_loss=3.9028e-03 | train_eval_loss=3.8950e-03 | val_loss=1.7446e-02 | | lr=1.95e-06
Epoch 174 | train_loss=3.9029e-03 | train_eval_loss=3.8943e-03 | val_loss=1.7440e-02 | | lr=1.95e-06
Epoch 175 | train_loss=3.8980e-03 | train_eval_loss=3.8929e-03 | val_loss=1.7451e-02 | | lr=9.77e-07
Epoch 176 | train_loss=3.8974e-03 | train_eval_loss=3.8928e-03 | val_loss=1.7452e-02 | | lr=9.77e-07
Epoch 177 | train_loss=3.8978e-03 | train_eval_loss=3.8925e-03 | val_loss=1.7452e-02 | | lr=9.77e-07
Epoch 178 | train_loss=3.8970e-03 | train_eval_loss=3.8925e-03 | val_loss=1.7446e-02 | | lr=9.77e-07
Epoch 179 | train_loss=3.8963e-03 | train_eval_loss=3.8918e-03 | val_loss=1.7451e-02 | | lr=9.77e-07
Epoch 180 | train_loss=3.8966e-03 | train_eval_loss=3.8917e-03 | val_loss=1.7448e-02 | | lr=9.77e-07
Epoch 181 | train_loss=3.8960e-03 | train_eval_loss=3.8913e-03 | val_loss=1.7449e-02 | | lr=9.77e-07
Epoch 182 | train_loss=3.8959e-03 | train_eval_loss=3.8914e-03 | val_loss=1.7449e-02 | | lr=9.77e-07
Epoch 183 | train_loss=3.8955e-03 | train_eval_loss=3.8909e-03 | val_loss=1.7451e-02 | | lr=9.77e-07
Epoch 184 | train_loss=3.8931e-03 | train_eval_loss=3.8905e-03 | val_loss=1.7450e-02 | | lr=4.88e-07
Epoch 185 | train_loss=3.8927e-03 | train_eval_loss=3.8904e-03 | val_loss=1.7450e-02 | | lr=4.88e-07
Epoch 186 | train_loss=3.8925e-03 | train_eval_loss=3.8902e-03 | val_loss=1.7451e-02 | | lr=4.88e-07
Epoch 187 | train_loss=3.8928e-03 | train_eval_loss=3.8902e-03 | val_loss=1.7449e-02 | | lr=4.88e-07
Epoch 188 | train_loss=3.8925e-03 | train_eval_loss=3.8900e-03 | val_loss=1.7448e-02 | | lr=4.88e-07
Epoch 189 | train_loss=3.8922e-03 | train_eval_loss=3.8898e-03 | val_loss=1.7449e-02 | | lr=4.88e-07
Epoch 190 | train_loss=3.8923e-03 | train_eval_loss=3.8897e-03 | val_loss=1.7449e-02 | | lr=4.88e-07
Epoch 191 | train_loss=3.8922e-03 | train_eval_loss=3.8896e-03 | val_loss=1.7449e-02 | | lr=4.88e-07
Epoch 192 | train_loss=3.8920e-03 | train_eval_loss=3.8895e-03 | val_loss=1.7449e-02 | | lr=4.88e-07
Epoch 193 | train_loss=3.8907e-03 | train_eval_loss=3.8894e-03 | val_loss=1.7449e-02 | | lr=2.44e-07
Epoch 194 | train_loss=3.8907e-03 | train_eval_loss=3.8893e-03 | val_loss=1.7449e-02 | | lr=2.44e-07
Epoch 195 | train_loss=3.8906e-03 | train_eval_loss=3.8892e-03 | val_loss=1.7449e-02 | | lr=2.44e-07
Epoch 196 | train_loss=3.8904e-03 | train_eval_loss=3.8891e-03 | val_loss=1.7449e-02 | | lr=2.44e-07
Epoch 197 | train_loss=3.8905e-03 | train_eval_loss=3.8891e-03 | val_loss=1.7449e-02 | | lr=2.44e-07
Epoch 198 | train_loss=3.8904e-03 | train_eval_loss=3.8890e-03 | val_loss=1.7449e-02 | | lr=2.44e-07
Epoch 199 | train_loss=3.8902e-03 | train_eval_loss=3.8889e-03 | val_loss=1.7449e-02 | | lr=2.44e-07
Epoch 200 | train_loss=3.8902e-03 | train_eval_loss=3.8889e-03 | val_loss=1.7448e-02 | | lr=2.44e-07
Saved training logs to results/thesis_model_results/outputs/scaler_comparison_mtlsh/MTLSH__mse__standard__seed42/training_summary.txt
Test RMSE(rocof_COI) = 0.0105 | norm: 0.0583 | real_diff: 0.0064
Test RMSE(dev_COI) = 0.0175 | norm: 0.0474 | real_diff: 0.0080
Test RMSE(Delta_P_IBR_1) = 0.0834 | norm: 0.1155 | real_diff: 0.0469
Test RMSE(Delta_P_IBR_2) = 0.0812 | norm: 0.1063 | real_diff: 0.0368
Test RMSE(Delta_P_IBR_3) = 0.1569 | norm: 0.2377 | real_diff: 0.0636
Test RMSE(Delta_P_IBR_4) = 0.1473 | norm: 0.1338 | real_diff: 0.0722
Saved RMSE results to results/thesis_model_results/outputs/scaler_comparison_mtlsh/MTLSH__mse__standard__seed42/rmse_results.txt
Saved detailed metrics to results/thesis_model_results/outputs/scaler_comparison_mtlsh/MTLSH__mse__standard__seed42/metrics_by_target.csv
Saved aggregate metrics to results/thesis_model_results/outputs/scaler_comparison_mtlsh/MTLSH__mse__standard__seed42/metrics_summary.json
Saved loss curves to results/thesis_model_results/outputs/scaler_comparison_mtlsh/MTLSH__mse__standard__seed42/loss_curve.png
Saved scatter plot results/thesis_model_results/outputs/scaler_comparison_mtlsh/MTLSH__mse__standard__seed42/scatter_rocof_COI.png
Saved scatter plot results/thesis_model_results/outputs/scaler_comparison_mtlsh/MTLSH__mse__standard__seed42/scatter_dev_COI.png
Saved scatter plot results/thesis_model_results/outputs/scaler_comparison_mtlsh/MTLSH__mse__standard__seed42/scatter_Delta_P_IBR_1.png
Saved scatter plot results/thesis_model_results/outputs/scaler_comparison_mtlsh/MTLSH__mse__standard__seed42/scatter_Delta_P_IBR_2.png
Saved scatter plot results/thesis_model_results/outputs/scaler_comparison_mtlsh/MTLSH__mse__standard__seed42/scatter_Delta_P_IBR_3.png
Saved scatter plot results/thesis_model_results/outputs/scaler_comparison_mtlsh/MTLSH__mse__standard__seed42/scatter_Delta_P_IBR_4.png
Saved model to results/thesis_model_results/outputs/scaler_comparison_mtlsh/MTLSH__mse__standard__seed42/mtlsh_state_dict.pt
Loss type: mse | weights=[]
Target stats (scaled):
train mean=[0.549  0.589  0.492  0.4884 0.4785 0.4192]
train std=[0.1365 0.1371 0.1141 0.1063 0.1158 0.1138]
train q05=[0.3074 0.3979 0.3192 0.303  0.3347 0.2205]
train q95=[0.7933 0.8652 0.6719 0.6491 0.6927 0.6016]
val mean=[0.5473 0.5873 0.4922 0.4893 0.4798 0.4201]
val std=[0.1343 0.1348 0.1123 0.1072 0.1141 0.1112]
val q05=[0.3103 0.3982 0.3195 0.303  0.3376 0.2251]
val q95=[0.7886 0.8626 0.6731 0.6514 0.6918 0.5984]
val/train std ratio=[0.984  0.9828 0.9844 1.0084 0.9848 0.9772]
LR scheduler: ReduceLROnPlateau (factor=0.5, patience=8, min_lr=1e-07)
Epoch 001 | train_loss=2.7848e-02 | train_eval_loss=1.4016e-02 | val_loss=1.3638e-02 | | lr=1.00e-03
Saved best model to results/thesis_model_results/outputs/scaler_comparison_mtlsh/MTLSH__mse__minmax__seed42/mtlsh_state_dict_best.pt
Epoch 002 | train_loss=1.1869e-02 | train_eval_loss=6.6298e-03 | val_loss=6.4836e-03 | | lr=1.00e-03
Saved best model to results/thesis_model_results/outputs/scaler_comparison_mtlsh/MTLSH__mse__minmax__seed42/mtlsh_state_dict_best.pt
Epoch 003 | train_loss=3.8877e-03 | train_eval_loss=3.0940e-03 | val_loss=3.0501e-03 | | lr=1.00e-03
Saved best model to results/thesis_model_results/outputs/scaler_comparison_mtlsh/MTLSH__mse__minmax__seed42/mtlsh_state_dict_best.pt
Epoch 004 | train_loss=2.6839e-03 | train_eval_loss=2.2972e-03 | val_loss=2.2515e-03 | | lr=1.00e-03
Saved best model to results/thesis_model_results/outputs/scaler_comparison_mtlsh/MTLSH__mse__minmax__seed42/mtlsh_state_dict_best.pt
Epoch 005 | train_loss=2.1873e-03 | train_eval_loss=1.9245e-03 | val_loss=1.8869e-03 | | lr=1.00e-03
Saved best model to results/thesis_model_results/outputs/scaler_comparison_mtlsh/MTLSH__mse__minmax__seed42/mtlsh_state_dict_best.pt
Epoch 006 | train_loss=1.8846e-03 | train_eval_loss=1.7597e-03 | val_loss=1.7285e-03 | | lr=1.00e-03
Saved best model to results/thesis_model_results/outputs/scaler_comparison_mtlsh/MTLSH__mse__minmax__seed42/mtlsh_state_dict_best.pt
Epoch 007 | train_loss=1.7549e-03 | train_eval_loss=1.6569e-03 | val_loss=1.6242e-03 | | lr=1.00e-03
Saved best model to results/thesis_model_results/outputs/scaler_comparison_mtlsh/MTLSH__mse__minmax__seed42/mtlsh_state_dict_best.pt
Epoch 008 | train_loss=1.6816e-03 | train_eval_loss=1.6980e-03 | val_loss=1.6761e-03 | | lr=1.00e-03
Epoch 009 | train_loss=1.6823e-03 | train_eval_loss=1.5880e-03 | val_loss=1.5737e-03 | | lr=1.00e-03
Saved best model to results/thesis_model_results/outputs/scaler_comparison_mtlsh/MTLSH__mse__minmax__seed42/mtlsh_state_dict_best.pt
Epoch 010 | train_loss=1.5483e-03 | train_eval_loss=1.5058e-03 | val_loss=1.4865e-03 | | lr=1.00e-03
Saved best model to results/thesis_model_results/outputs/scaler_comparison_mtlsh/MTLSH__mse__minmax__seed42/mtlsh_state_dict_best.pt
Epoch 011 | train_loss=1.4997e-03 | train_eval_loss=1.4248e-03 | val_loss=1.4121e-03 | | lr=1.00e-03
Saved best model to results/thesis_model_results/outputs/scaler_comparison_mtlsh/MTLSH__mse__minmax__seed42/mtlsh_state_dict_best.pt
Epoch 012 | train_loss=1.4005e-03 | train_eval_loss=1.3747e-03 | val_loss=1.3560e-03 | | lr=1.00e-03
Saved best model to results/thesis_model_results/outputs/scaler_comparison_mtlsh/MTLSH__mse__minmax__seed42/mtlsh_state_dict_best.pt
Epoch 013 | train_loss=1.3999e-03 | train_eval_loss=1.3929e-03 | val_loss=1.3739e-03 | | lr=1.00e-03
Epoch 014 | train_loss=1.3336e-03 | train_eval_loss=1.2483e-03 | val_loss=1.2387e-03 | | lr=1.00e-03
Saved best model to results/thesis_model_results/outputs/scaler_comparison_mtlsh/MTLSH__mse__minmax__seed42/mtlsh_state_dict_best.pt
Epoch 015 | train_loss=1.2841e-03 | train_eval_loss=1.2436e-03 | val_loss=1.2353e-03 | | lr=1.00e-03
Saved best model to results/thesis_model_results/outputs/scaler_comparison_mtlsh/MTLSH__mse__minmax__seed42/mtlsh_state_dict_best.pt
Epoch 016 | train_loss=1.3078e-03 | train_eval_loss=1.3200e-03 | val_loss=1.3099e-03 | | lr=1.00e-03
Epoch 017 | train_loss=1.2350e-03 | train_eval_loss=1.1919e-03 | val_loss=1.1833e-03 | | lr=1.00e-03
Saved best model to results/thesis_model_results/outputs/scaler_comparison_mtlsh/MTLSH__mse__minmax__seed42/mtlsh_state_dict_best.pt
Epoch 018 | train_loss=1.1873e-03 | train_eval_loss=1.1660e-03 | val_loss=1.1619e-03 | | lr=1.00e-03
Saved best model to results/thesis_model_results/outputs/scaler_comparison_mtlsh/MTLSH__mse__minmax__seed42/mtlsh_state_dict_best.pt
Epoch 019 | train_loss=1.1711e-03 | train_eval_loss=1.2374e-03 | val_loss=1.2280e-03 | | lr=1.00e-03
Epoch 020 | train_loss=1.1105e-03 | train_eval_loss=1.1056e-03 | val_loss=1.0974e-03 | | lr=1.00e-03
Saved best model to results/thesis_model_results/outputs/scaler_comparison_mtlsh/MTLSH__mse__minmax__seed42/mtlsh_state_dict_best.pt
Epoch 021 | train_loss=1.1075e-03 | train_eval_loss=1.0364e-03 | val_loss=1.0324e-03 | | lr=1.00e-03
Saved best model to results/thesis_model_results/outputs/scaler_comparison_mtlsh/MTLSH__mse__minmax__seed42/mtlsh_state_dict_best.pt
Epoch 022 | train_loss=1.0950e-03 | train_eval_loss=1.1403e-03 | val_loss=1.1383e-03 | | lr=1.00e-03
Epoch 023 | train_loss=1.1114e-03 | train_eval_loss=1.0702e-03 | val_loss=1.0672e-03 | | lr=1.00e-03
Epoch 024 | train_loss=1.0281e-03 | train_eval_loss=1.0196e-03 | val_loss=1.0152e-03 | | lr=1.00e-03
Saved best model to results/thesis_model_results/outputs/scaler_comparison_mtlsh/MTLSH__mse__minmax__seed42/mtlsh_state_dict_best.pt
Epoch 025 | train_loss=1.0287e-03 | train_eval_loss=1.0128e-03 | val_loss=1.0076e-03 | | lr=1.00e-03
Saved best model to results/thesis_model_results/outputs/scaler_comparison_mtlsh/MTLSH__mse__minmax__seed42/mtlsh_state_dict_best.pt
Epoch 026 | train_loss=9.8893e-04 | train_eval_loss=9.3871e-04 | val_loss=9.3879e-04 | | lr=1.00e-03
Saved best model to results/thesis_model_results/outputs/scaler_comparison_mtlsh/MTLSH__mse__minmax__seed42/mtlsh_state_dict_best.pt
Epoch 027 | train_loss=9.7418e-04 | train_eval_loss=1.0147e-03 | val_loss=1.0129e-03 | | lr=1.00e-03
Epoch 028 | train_loss=9.6083e-04 | train_eval_loss=1.0181e-03 | val_loss=1.0233e-03 | | lr=1.00e-03
Epoch 029 | train_loss=9.2157e-04 | train_eval_loss=8.4723e-04 | val_loss=8.4719e-04 | | lr=1.00e-03
Saved best model to results/thesis_model_results/outputs/scaler_comparison_mtlsh/MTLSH__mse__minmax__seed42/mtlsh_state_dict_best.pt
Epoch 030 | train_loss=9.2854e-04 | train_eval_loss=9.3121e-04 | val_loss=9.3057e-04 | | lr=1.00e-03
Epoch 031 | train_loss=8.8767e-04 | train_eval_loss=8.2690e-04 | val_loss=8.2563e-04 | | lr=1.00e-03
Saved best model to results/thesis_model_results/outputs/scaler_comparison_mtlsh/MTLSH__mse__minmax__seed42/mtlsh_state_dict_best.pt
Epoch 032 | train_loss=8.5600e-04 | train_eval_loss=8.1023e-04 | val_loss=8.0991e-04 | | lr=1.00e-03
Saved best model to results/thesis_model_results/outputs/scaler_comparison_mtlsh/MTLSH__mse__minmax__seed42/mtlsh_state_dict_best.pt
Epoch 033 | train_loss=8.4328e-04 | train_eval_loss=8.2770e-04 | val_loss=8.2699e-04 | | lr=1.00e-03
Epoch 034 | train_loss=8.3792e-04 | train_eval_loss=8.5966e-04 | val_loss=8.5752e-04 | | lr=1.00e-03
Epoch 035 | train_loss=8.1025e-04 | train_eval_loss=8.5912e-04 | val_loss=8.5743e-04 | | lr=1.00e-03
Epoch 036 | train_loss=7.7773e-04 | train_eval_loss=7.9578e-04 | val_loss=7.9666e-04 | | lr=1.00e-03
Saved best model to results/thesis_model_results/outputs/scaler_comparison_mtlsh/MTLSH__mse__minmax__seed42/mtlsh_state_dict_best.pt
Epoch 037 | train_loss=8.1284e-04 | train_eval_loss=8.6863e-04 | val_loss=8.6726e-04 | | lr=1.00e-03
Epoch 038 | train_loss=7.5795e-04 | train_eval_loss=7.1985e-04 | val_loss=7.2013e-04 | | lr=1.00e-03
Saved best model to results/thesis_model_results/outputs/scaler_comparison_mtlsh/MTLSH__mse__minmax__seed42/mtlsh_state_dict_best.pt
Epoch 039 | train_loss=7.6479e-04 | train_eval_loss=9.2609e-04 | val_loss=9.1886e-04 | | lr=1.00e-03
Epoch 040 | train_loss=8.4949e-04 | train_eval_loss=1.0709e-03 | val_loss=1.0692e-03 | | lr=1.00e-03
Epoch 041 | train_loss=7.8590e-04 | train_eval_loss=6.6394e-04 | val_loss=6.6691e-04 | | lr=1.00e-03
Saved best model to results/thesis_model_results/outputs/scaler_comparison_mtlsh/MTLSH__mse__minmax__seed42/mtlsh_state_dict_best.pt
Epoch 042 | train_loss=6.9084e-04 | train_eval_loss=6.9837e-04 | val_loss=6.9969e-04 | | lr=1.00e-03
Epoch 043 | train_loss=7.4763e-04 | train_eval_loss=6.7587e-04 | val_loss=6.7466e-04 | | lr=1.00e-03
Epoch 044 | train_loss=7.2900e-04 | train_eval_loss=7.2334e-04 | val_loss=7.2231e-04 | | lr=1.00e-03
Epoch 045 | train_loss=7.0767e-04 | train_eval_loss=6.9248e-04 | val_loss=6.9320e-04 | | lr=1.00e-03
Epoch 046 | train_loss=6.5798e-04 | train_eval_loss=8.5813e-04 | val_loss=8.6681e-04 | | lr=1.00e-03
Epoch 047 | train_loss=7.6846e-04 | train_eval_loss=6.0850e-04 | val_loss=6.0963e-04 | | lr=1.00e-03
Saved best model to results/thesis_model_results/outputs/scaler_comparison_mtlsh/MTLSH__mse__minmax__seed42/mtlsh_state_dict_best.pt
Epoch 048 | train_loss=6.5467e-04 | train_eval_loss=6.5745e-04 | val_loss=6.5777e-04 | | lr=1.00e-03
Epoch 049 | train_loss=7.6010e-04 | train_eval_loss=8.9338e-04 | val_loss=8.9637e-04 | | lr=1.00e-03
Epoch 050 | train_loss=6.8647e-04 | train_eval_loss=6.3040e-04 | val_loss=6.3449e-04 | | lr=1.00e-03
Epoch 051 | train_loss=6.4527e-04 | train_eval_loss=6.2538e-04 | val_loss=6.2815e-04 | | lr=1.00e-03
Epoch 052 | train_loss=6.3244e-04 | train_eval_loss=6.2319e-04 | val_loss=6.2503e-04 | | lr=1.00e-03
Epoch 053 | train_loss=6.5392e-04 | train_eval_loss=9.7862e-04 | val_loss=9.7829e-04 | | lr=1.00e-03
Epoch 054 | train_loss=7.0784e-04 | train_eval_loss=8.4151e-04 | val_loss=8.5659e-04 | | lr=1.00e-03
Epoch 055 | train_loss=6.7185e-04 | train_eval_loss=5.8563e-04 | val_loss=5.8916e-04 | | lr=1.00e-03
Saved best model to results/thesis_model_results/outputs/scaler_comparison_mtlsh/MTLSH__mse__minmax__seed42/mtlsh_state_dict_best.pt
Epoch 056 | train_loss=6.9023e-04 | train_eval_loss=6.3063e-04 | val_loss=6.3565e-04 | | lr=1.00e-03
Epoch 057 | train_loss=5.9139e-04 | train_eval_loss=5.8193e-04 | val_loss=5.8956e-04 | | lr=1.00e-03
Epoch 058 | train_loss=6.4204e-04 | train_eval_loss=6.6279e-04 | val_loss=6.6483e-04 | | lr=1.00e-03
Epoch 059 | train_loss=6.3151e-04 | train_eval_loss=6.1508e-04 | val_loss=6.2112e-04 | | lr=1.00e-03
Epoch 060 | train_loss=6.3889e-04 | train_eval_loss=6.5637e-04 | val_loss=6.6349e-04 | | lr=1.00e-03
Epoch 061 | train_loss=6.0418e-04 | train_eval_loss=7.0792e-04 | val_loss=7.1480e-04 | | lr=1.00e-03
Epoch 062 | train_loss=6.0751e-04 | train_eval_loss=5.6941e-04 | val_loss=5.7879e-04 | | lr=1.00e-03
Saved best model to results/thesis_model_results/outputs/scaler_comparison_mtlsh/MTLSH__mse__minmax__seed42/mtlsh_state_dict_best.pt
Epoch 063 | train_loss=7.2154e-04 | train_eval_loss=6.2376e-04 | val_loss=6.4546e-04 | | lr=1.00e-03
Epoch 064 | train_loss=5.9408e-04 | train_eval_loss=6.6401e-04 | val_loss=6.8202e-04 | | lr=1.00e-03
Epoch 065 | train_loss=5.8234e-04 | train_eval_loss=5.7950e-04 | val_loss=5.9683e-04 | | lr=1.00e-03
Epoch 066 | train_loss=5.8527e-04 | train_eval_loss=6.1504e-04 | val_loss=6.3678e-04 | | lr=1.00e-03
Epoch 067 | train_loss=5.9513e-04 | train_eval_loss=6.6812e-04 | val_loss=6.9216e-04 | | lr=1.00e-03
Epoch 068 | train_loss=6.2321e-04 | train_eval_loss=7.4358e-04 | val_loss=7.4869e-04 | | lr=1.00e-03
Epoch 069 | train_loss=5.9065e-04 | train_eval_loss=5.9946e-04 | val_loss=6.2280e-04 | | lr=1.00e-03
Epoch 070 | train_loss=5.8874e-04 | train_eval_loss=7.4033e-04 | val_loss=7.5694e-04 | | lr=1.00e-03
Epoch 071 | train_loss=6.0038e-04 | train_eval_loss=5.6300e-04 | val_loss=5.7504e-04 | | lr=1.00e-03
Saved best model to results/thesis_model_results/outputs/scaler_comparison_mtlsh/MTLSH__mse__minmax__seed42/mtlsh_state_dict_best.pt
Epoch 072 | train_loss=5.6916e-04 | train_eval_loss=6.3150e-04 | val_loss=6.5023e-04 | | lr=1.00e-03
Epoch 073 | train_loss=5.5928e-04 | train_eval_loss=5.4972e-04 | val_loss=5.6248e-04 | | lr=1.00e-03
Saved best model to results/thesis_model_results/outputs/scaler_comparison_mtlsh/MTLSH__mse__minmax__seed42/mtlsh_state_dict_best.pt
Epoch 074 | train_loss=5.3195e-04 | train_eval_loss=5.5555e-04 | val_loss=5.7785e-04 | | lr=1.00e-03
Epoch 075 | train_loss=5.7564e-04 | train_eval_loss=5.5576e-04 | val_loss=5.7416e-04 | | lr=1.00e-03
Epoch 076 | train_loss=5.8255e-04 | train_eval_loss=5.8116e-04 | val_loss=6.0336e-04 | | lr=1.00e-03
Epoch 077 | train_loss=5.7059e-04 | train_eval_loss=6.1380e-04 | val_loss=6.4024e-04 | | lr=1.00e-03
Epoch 078 | train_loss=5.5523e-04 | train_eval_loss=5.8463e-04 | val_loss=6.1410e-04 | | lr=1.00e-03
Epoch 079 | train_loss=5.3253e-04 | train_eval_loss=5.4222e-04 | val_loss=5.6974e-04 | | lr=1.00e-03
Epoch 080 | train_loss=6.3913e-04 | train_eval_loss=6.0248e-04 | val_loss=6.2948e-04 | | lr=1.00e-03
Epoch 081 | train_loss=5.7897e-04 | train_eval_loss=5.5792e-04 | val_loss=5.8599e-04 | | lr=1.00e-03
Epoch 082 | train_loss=5.4182e-04 | train_eval_loss=5.2336e-04 | val_loss=5.4423e-04 | | lr=1.00e-03
Saved best model to results/thesis_model_results/outputs/scaler_comparison_mtlsh/MTLSH__mse__minmax__seed42/mtlsh_state_dict_best.pt
Epoch 083 | train_loss=5.3989e-04 | train_eval_loss=4.9569e-04 | val_loss=5.1441e-04 | | lr=1.00e-03
Saved best model to results/thesis_model_results/outputs/scaler_comparison_mtlsh/MTLSH__mse__minmax__seed42/mtlsh_state_dict_best.pt
Epoch 084 | train_loss=5.1498e-04 | train_eval_loss=4.7613e-04 | val_loss=5.0035e-04 | | lr=1.00e-03
Saved best model to results/thesis_model_results/outputs/scaler_comparison_mtlsh/MTLSH__mse__minmax__seed42/mtlsh_state_dict_best.pt
Epoch 085 | train_loss=5.0923e-04 | train_eval_loss=5.3216e-04 | val_loss=5.6035e-04 | | lr=1.00e-03
Epoch 086 | train_loss=5.1397e-04 | train_eval_loss=5.4873e-04 | val_loss=5.7786e-04 | | lr=1.00e-03
Epoch 087 | train_loss=5.0110e-04 | train_eval_loss=6.5733e-04 | val_loss=6.8984e-04 | | lr=1.00e-03
Epoch 088 | train_loss=5.9116e-04 | train_eval_loss=4.8411e-04 | val_loss=5.0490e-04 | | lr=1.00e-03
Epoch 089 | train_loss=5.5996e-04 | train_eval_loss=5.3965e-04 | val_loss=5.6290e-04 | | lr=1.00e-03
Epoch 090 | train_loss=5.5631e-04 | train_eval_loss=4.4604e-04 | val_loss=4.7910e-04 | | lr=1.00e-03
Saved best model to results/thesis_model_results/outputs/scaler_comparison_mtlsh/MTLSH__mse__minmax__seed42/mtlsh_state_dict_best.pt
Epoch 091 | train_loss=5.4512e-04 | train_eval_loss=4.7473e-04 | val_loss=4.9958e-04 | | lr=1.00e-03
Epoch 092 | train_loss=5.1111e-04 | train_eval_loss=4.3501e-04 | val_loss=4.7010e-04 | | lr=1.00e-03
Saved best model to results/thesis_model_results/outputs/scaler_comparison_mtlsh/MTLSH__mse__minmax__seed42/mtlsh_state_dict_best.pt
Epoch 093 | train_loss=4.8537e-04 | train_eval_loss=5.0301e-04 | val_loss=5.2492e-04 | | lr=1.00e-03
Epoch 094 | train_loss=5.3372e-04 | train_eval_loss=5.7151e-04 | val_loss=5.9459e-04 | | lr=1.00e-03
Epoch 095 | train_loss=4.9360e-04 | train_eval_loss=4.6483e-04 | val_loss=4.9949e-04 | | lr=1.00e-03
Epoch 096 | train_loss=5.1374e-04 | train_eval_loss=4.4454e-04 | val_loss=4.8057e-04 | | lr=1.00e-03
Epoch 097 | train_loss=5.0192e-04 | train_eval_loss=5.2380e-04 | val_loss=5.5276e-04 | | lr=1.00e-03
Epoch 098 | train_loss=4.8400e-04 | train_eval_loss=5.2027e-04 | val_loss=5.5968e-04 | | lr=1.00e-03
Epoch 099 | train_loss=5.0957e-04 | train_eval_loss=6.3112e-04 | val_loss=6.7241e-04 | | lr=1.00e-03
Epoch 100 | train_loss=4.7745e-04 | train_eval_loss=4.3970e-04 | val_loss=4.7580e-04 | | lr=1.00e-03
Epoch 101 | train_loss=4.8867e-04 | train_eval_loss=5.4464e-04 | val_loss=5.8627e-04 | | lr=1.00e-03
Epoch 102 | train_loss=4.0895e-04 | train_eval_loss=4.5499e-04 | val_loss=4.9248e-04 | | lr=5.00e-04
Epoch 103 | train_loss=4.0199e-04 | train_eval_loss=3.9729e-04 | val_loss=4.3592e-04 | | lr=5.00e-04
Saved best model to results/thesis_model_results/outputs/scaler_comparison_mtlsh/MTLSH__mse__minmax__seed42/mtlsh_state_dict_best.pt
Epoch 104 | train_loss=3.9703e-04 | train_eval_loss=3.8118e-04 | val_loss=4.2238e-04 | | lr=5.00e-04
Saved best model to results/thesis_model_results/outputs/scaler_comparison_mtlsh/MTLSH__mse__minmax__seed42/mtlsh_state_dict_best.pt
Epoch 105 | train_loss=3.9615e-04 | train_eval_loss=3.8451e-04 | val_loss=4.2368e-04 | | lr=5.00e-04
Epoch 106 | train_loss=4.0861e-04 | train_eval_loss=4.3133e-04 | val_loss=4.7706e-04 | | lr=5.00e-04
Epoch 107 | train_loss=3.9538e-04 | train_eval_loss=4.0179e-04 | val_loss=4.4102e-04 | | lr=5.00e-04
Epoch 108 | train_loss=3.9109e-04 | train_eval_loss=3.9727e-04 | val_loss=4.3956e-04 | | lr=5.00e-04
Epoch 109 | train_loss=4.0593e-04 | train_eval_loss=3.8898e-04 | val_loss=4.3075e-04 | | lr=5.00e-04
Epoch 110 | train_loss=4.0901e-04 | train_eval_loss=3.7472e-04 | val_loss=4.1617e-04 | | lr=5.00e-04
Saved best model to results/thesis_model_results/outputs/scaler_comparison_mtlsh/MTLSH__mse__minmax__seed42/mtlsh_state_dict_best.pt
Epoch 111 | train_loss=3.9428e-04 | train_eval_loss=4.5734e-04 | val_loss=5.0129e-04 | | lr=5.00e-04
Epoch 112 | train_loss=4.0422e-04 | train_eval_loss=4.4926e-04 | val_loss=4.8810e-04 | | lr=5.00e-04
Epoch 113 | train_loss=4.1385e-04 | train_eval_loss=5.2530e-04 | val_loss=5.7061e-04 | | lr=5.00e-04
Epoch 114 | train_loss=4.0497e-04 | train_eval_loss=3.7871e-04 | val_loss=4.1868e-04 | | lr=5.00e-04
Epoch 115 | train_loss=3.8157e-04 | train_eval_loss=3.7689e-04 | val_loss=4.1831e-04 | | lr=5.00e-04
Epoch 116 | train_loss=3.8504e-04 | train_eval_loss=3.8621e-04 | val_loss=4.3261e-04 | | lr=5.00e-04
Epoch 117 | train_loss=3.8834e-04 | train_eval_loss=3.7081e-04 | val_loss=4.1289e-04 | | lr=5.00e-04
Saved best model to results/thesis_model_results/outputs/scaler_comparison_mtlsh/MTLSH__mse__minmax__seed42/mtlsh_state_dict_best.pt
Epoch 118 | train_loss=3.9778e-04 | train_eval_loss=4.0184e-04 | val_loss=4.4454e-04 | | lr=5.00e-04
Epoch 119 | train_loss=3.9955e-04 | train_eval_loss=4.5848e-04 | val_loss=5.0300e-04 | | lr=5.00e-04
Epoch 120 | train_loss=4.0338e-04 | train_eval_loss=3.6997e-04 | val_loss=4.1648e-04 | | lr=5.00e-04
Epoch 121 | train_loss=3.9458e-04 | train_eval_loss=6.1206e-04 | val_loss=6.7113e-04 | | lr=5.00e-04
Epoch 122 | train_loss=4.0202e-04 | train_eval_loss=3.7262e-04 | val_loss=4.2392e-04 | | lr=5.00e-04
Epoch 123 | train_loss=3.8159e-04 | train_eval_loss=3.5330e-04 | val_loss=4.0295e-04 | | lr=5.00e-04
Saved best model to results/thesis_model_results/outputs/scaler_comparison_mtlsh/MTLSH__mse__minmax__seed42/mtlsh_state_dict_best.pt
Epoch 124 | train_loss=3.9236e-04 | train_eval_loss=3.6905e-04 | val_loss=4.1556e-04 | | lr=5.00e-04
Epoch 125 | train_loss=3.9398e-04 | train_eval_loss=3.7767e-04 | val_loss=4.2158e-04 | | lr=5.00e-04
Epoch 126 | train_loss=3.8334e-04 | train_eval_loss=4.1107e-04 | val_loss=4.5125e-04 | | lr=5.00e-04
Epoch 127 | train_loss=3.8924e-04 | train_eval_loss=3.7466e-04 | val_loss=4.2313e-04 | | lr=5.00e-04
Epoch 128 | train_loss=3.8301e-04 | train_eval_loss=3.9002e-04 | val_loss=4.2675e-04 | | lr=5.00e-04
Epoch 129 | train_loss=3.7757e-04 | train_eval_loss=3.9986e-04 | val_loss=4.4578e-04 | | lr=5.00e-04
Epoch 130 | train_loss=3.8232e-04 | train_eval_loss=3.5839e-04 | val_loss=3.9949e-04 | | lr=5.00e-04
Saved best model to results/thesis_model_results/outputs/scaler_comparison_mtlsh/MTLSH__mse__minmax__seed42/mtlsh_state_dict_best.pt
Epoch 131 | train_loss=3.7692e-04 | train_eval_loss=4.1412e-04 | val_loss=4.6443e-04 | | lr=5.00e-04
Epoch 132 | train_loss=3.7703e-04 | train_eval_loss=3.6223e-04 | val_loss=4.1482e-04 | | lr=5.00e-04
Epoch 133 | train_loss=3.9492e-04 | train_eval_loss=5.0562e-04 | val_loss=5.4755e-04 | | lr=5.00e-04
Epoch 134 | train_loss=3.9487e-04 | train_eval_loss=3.6506e-04 | val_loss=4.1082e-04 | | lr=5.00e-04
Epoch 135 | train_loss=3.7497e-04 | train_eval_loss=4.0792e-04 | val_loss=4.5516e-04 | | lr=5.00e-04
Epoch 136 | train_loss=3.9298e-04 | train_eval_loss=4.2737e-04 | val_loss=4.7490e-04 | | lr=5.00e-04
Epoch 137 | train_loss=4.0914e-04 | train_eval_loss=3.6456e-04 | val_loss=4.1261e-04 | | lr=5.00e-04
Epoch 138 | train_loss=3.8254e-04 | train_eval_loss=4.0893e-04 | val_loss=4.6408e-04 | | lr=5.00e-04
Epoch 139 | train_loss=3.7787e-04 | train_eval_loss=3.5286e-04 | val_loss=3.9877e-04 | | lr=5.00e-04
Saved best model to results/thesis_model_results/outputs/scaler_comparison_mtlsh/MTLSH__mse__minmax__seed42/mtlsh_state_dict_best.pt
Epoch 140 | train_loss=3.6644e-04 | train_eval_loss=3.6863e-04 | val_loss=4.0764e-04 | | lr=5.00e-04
Epoch 141 | train_loss=3.6915e-04 | train_eval_loss=4.1826e-04 | val_loss=4.5822e-04 | | lr=5.00e-04
Epoch 142 | train_loss=3.9141e-04 | train_eval_loss=4.2483e-04 | val_loss=4.8075e-04 | | lr=5.00e-04
Epoch 143 | train_loss=3.7061e-04 | train_eval_loss=3.3881e-04 | val_loss=3.8957e-04 | | lr=5.00e-04
Saved best model to results/thesis_model_results/outputs/scaler_comparison_mtlsh/MTLSH__mse__minmax__seed42/mtlsh_state_dict_best.pt
Epoch 144 | train_loss=3.6393e-04 | train_eval_loss=3.3667e-04 | val_loss=3.8522e-04 | | lr=5.00e-04
Saved best model to results/thesis_model_results/outputs/scaler_comparison_mtlsh/MTLSH__mse__minmax__seed42/mtlsh_state_dict_best.pt
Epoch 145 | train_loss=3.9106e-04 | train_eval_loss=3.7363e-04 | val_loss=4.1759e-04 | | lr=5.00e-04
Epoch 146 | train_loss=3.8537e-04 | train_eval_loss=5.7234e-04 | val_loss=6.4061e-04 | | lr=5.00e-04
Epoch 147 | train_loss=4.0219e-04 | train_eval_loss=3.3248e-04 | val_loss=3.8292e-04 | | lr=5.00e-04
Saved best model to results/thesis_model_results/outputs/scaler_comparison_mtlsh/MTLSH__mse__minmax__seed42/mtlsh_state_dict_best.pt
Epoch 148 | train_loss=3.5667e-04 | train_eval_loss=5.7757e-04 | val_loss=6.4312e-04 | | lr=5.00e-04
Epoch 149 | train_loss=3.7320e-04 | train_eval_loss=3.8755e-04 | val_loss=4.3087e-04 | | lr=5.00e-04
Epoch 150 | train_loss=3.7418e-04 | train_eval_loss=5.9929e-04 | val_loss=6.5352e-04 | | lr=5.00e-04
Epoch 151 | train_loss=3.7071e-04 | train_eval_loss=3.4942e-04 | val_loss=4.0350e-04 | | lr=5.00e-04
Epoch 152 | train_loss=3.6044e-04 | train_eval_loss=4.7313e-04 | val_loss=5.2898e-04 | | lr=5.00e-04
Epoch 153 | train_loss=3.6179e-04 | train_eval_loss=3.7367e-04 | val_loss=4.2382e-04 | | lr=5.00e-04
Epoch 154 | train_loss=3.6248e-04 | train_eval_loss=3.4567e-04 | val_loss=4.0218e-04 | | lr=5.00e-04
Epoch 155 | train_loss=3.5206e-04 | train_eval_loss=3.3330e-04 | val_loss=3.8857e-04 | | lr=5.00e-04
Epoch 156 | train_loss=3.5557e-04 | train_eval_loss=3.7977e-04 | val_loss=4.2772e-04 | | lr=5.00e-04
Epoch 157 | train_loss=3.2828e-04 | train_eval_loss=3.2038e-04 | val_loss=3.7469e-04 | | lr=2.50e-04
Saved best model to results/thesis_model_results/outputs/scaler_comparison_mtlsh/MTLSH__mse__minmax__seed42/mtlsh_state_dict_best.pt
Epoch 158 | train_loss=3.1438e-04 | train_eval_loss=3.1939e-04 | val_loss=3.7249e-04 | | lr=2.50e-04
Saved best model to results/thesis_model_results/outputs/scaler_comparison_mtlsh/MTLSH__mse__minmax__seed42/mtlsh_state_dict_best.pt
Epoch 159 | train_loss=3.1524e-04 | train_eval_loss=3.0681e-04 | val_loss=3.5783e-04 | | lr=2.50e-04
Saved best model to results/thesis_model_results/outputs/scaler_comparison_mtlsh/MTLSH__mse__minmax__seed42/mtlsh_state_dict_best.pt
Epoch 160 | train_loss=3.1672e-04 | train_eval_loss=3.1893e-04 | val_loss=3.7408e-04 | | lr=2.50e-04
Epoch 161 | train_loss=3.2194e-04 | train_eval_loss=3.3271e-04 | val_loss=3.8800e-04 | | lr=2.50e-04
Epoch 162 | train_loss=3.1837e-04 | train_eval_loss=3.0675e-04 | val_loss=3.6141e-04 | | lr=2.50e-04
Epoch 163 | train_loss=3.1700e-04 | train_eval_loss=3.0217e-04 | val_loss=3.5668e-04 | | lr=2.50e-04
Saved best model to results/thesis_model_results/outputs/scaler_comparison_mtlsh/MTLSH__mse__minmax__seed42/mtlsh_state_dict_best.pt
Epoch 164 | train_loss=3.1144e-04 | train_eval_loss=3.1663e-04 | val_loss=3.7336e-04 | | lr=2.50e-04
Epoch 165 | train_loss=3.1366e-04 | train_eval_loss=3.1265e-04 | val_loss=3.7464e-04 | | lr=2.50e-04
Epoch 166 | train_loss=3.1477e-04 | train_eval_loss=2.9941e-04 | val_loss=3.6070e-04 | | lr=2.50e-04
Epoch 167 | train_loss=3.2164e-04 | train_eval_loss=3.1283e-04 | val_loss=3.7189e-04 | | lr=2.50e-04
Epoch 168 | train_loss=3.1614e-04 | train_eval_loss=3.0076e-04 | val_loss=3.5917e-04 | | lr=2.50e-04
Epoch 169 | train_loss=3.1518e-04 | train_eval_loss=3.1219e-04 | val_loss=3.6871e-04 | | lr=2.50e-04
Epoch 170 | train_loss=3.2275e-04 | train_eval_loss=3.1515e-04 | val_loss=3.7169e-04 | | lr=2.50e-04
Epoch 171 | train_loss=3.1622e-04 | train_eval_loss=3.5902e-04 | val_loss=4.1486e-04 | | lr=2.50e-04
Epoch 172 | train_loss=3.1805e-04 | train_eval_loss=3.1148e-04 | val_loss=3.6821e-04 | | lr=2.50e-04
Epoch 173 | train_loss=2.9527e-04 | train_eval_loss=2.8887e-04 | val_loss=3.5086e-04 | | lr=1.25e-04
Saved best model to results/thesis_model_results/outputs/scaler_comparison_mtlsh/MTLSH__mse__minmax__seed42/mtlsh_state_dict_best.pt
Epoch 174 | train_loss=2.9143e-04 | train_eval_loss=2.8774e-04 | val_loss=3.4771e-04 | | lr=1.25e-04
Saved best model to results/thesis_model_results/outputs/scaler_comparison_mtlsh/MTLSH__mse__minmax__seed42/mtlsh_state_dict_best.pt
Epoch 175 | train_loss=2.9457e-04 | train_eval_loss=2.9477e-04 | val_loss=3.5756e-04 | | lr=1.25e-04
Epoch 176 | train_loss=2.9189e-04 | train_eval_loss=2.8848e-04 | val_loss=3.5140e-04 | | lr=1.25e-04
Epoch 177 | train_loss=2.9767e-04 | train_eval_loss=2.8469e-04 | val_loss=3.4842e-04 | | lr=1.25e-04
Epoch 178 | train_loss=2.9172e-04 | train_eval_loss=2.8918e-04 | val_loss=3.4984e-04 | | lr=1.25e-04
Epoch 179 | train_loss=2.9394e-04 | train_eval_loss=2.8740e-04 | val_loss=3.4678e-04 | | lr=1.25e-04
Saved best model to results/thesis_model_results/outputs/scaler_comparison_mtlsh/MTLSH__mse__minmax__seed42/mtlsh_state_dict_best.pt
Epoch 180 | train_loss=2.9599e-04 | train_eval_loss=3.0276e-04 | val_loss=3.6030e-04 | | lr=1.25e-04
Epoch 181 | train_loss=2.9140e-04 | train_eval_loss=2.9850e-04 | val_loss=3.5736e-04 | | lr=1.25e-04
Epoch 182 | train_loss=2.9696e-04 | train_eval_loss=2.9901e-04 | val_loss=3.6395e-04 | | lr=1.25e-04
Epoch 183 | train_loss=2.9501e-04 | train_eval_loss=2.8948e-04 | val_loss=3.5306e-04 | | lr=1.25e-04
Epoch 184 | train_loss=2.9143e-04 | train_eval_loss=2.8145e-04 | val_loss=3.4171e-04 | | lr=1.25e-04
Saved best model to results/thesis_model_results/outputs/scaler_comparison_mtlsh/MTLSH__mse__minmax__seed42/mtlsh_state_dict_best.pt
Epoch 185 | train_loss=2.9124e-04 | train_eval_loss=2.8457e-04 | val_loss=3.4624e-04 | | lr=1.25e-04
Epoch 186 | train_loss=2.9104e-04 | train_eval_loss=2.9655e-04 | val_loss=3.5963e-04 | | lr=1.25e-04
Epoch 187 | train_loss=2.9292e-04 | train_eval_loss=2.8668e-04 | val_loss=3.4854e-04 | | lr=1.25e-04
Epoch 188 | train_loss=2.9305e-04 | train_eval_loss=3.0348e-04 | val_loss=3.6497e-04 | | lr=1.25e-04
Epoch 189 | train_loss=2.8952e-04 | train_eval_loss=2.8854e-04 | val_loss=3.4806e-04 | | lr=1.25e-04
Epoch 190 | train_loss=2.9084e-04 | train_eval_loss=2.9649e-04 | val_loss=3.6226e-04 | | lr=1.25e-04
Epoch 191 | train_loss=2.8926e-04 | train_eval_loss=2.9150e-04 | val_loss=3.5023e-04 | | lr=1.25e-04
Epoch 192 | train_loss=2.9086e-04 | train_eval_loss=3.0027e-04 | val_loss=3.5964e-04 | | lr=1.25e-04
Epoch 193 | train_loss=2.9486e-04 | train_eval_loss=2.8356e-04 | val_loss=3.4718e-04 | | lr=1.25e-04
Epoch 194 | train_loss=2.7987e-04 | train_eval_loss=2.7996e-04 | val_loss=3.4258e-04 | | lr=6.25e-05
Epoch 195 | train_loss=2.8044e-04 | train_eval_loss=2.7820e-04 | val_loss=3.4072e-04 | | lr=6.25e-05
Saved best model to results/thesis_model_results/outputs/scaler_comparison_mtlsh/MTLSH__mse__minmax__seed42/mtlsh_state_dict_best.pt
Epoch 196 | train_loss=2.8319e-04 | train_eval_loss=2.7911e-04 | val_loss=3.4152e-04 | | lr=6.25e-05
Epoch 197 | train_loss=2.8023e-04 | train_eval_loss=2.7671e-04 | val_loss=3.3862e-04 | | lr=6.25e-05
Saved best model to results/thesis_model_results/outputs/scaler_comparison_mtlsh/MTLSH__mse__minmax__seed42/mtlsh_state_dict_best.pt
Epoch 198 | train_loss=2.8066e-04 | train_eval_loss=2.8061e-04 | val_loss=3.4354e-04 | | lr=6.25e-05
Epoch 199 | train_loss=2.7894e-04 | train_eval_loss=2.7827e-04 | val_loss=3.4222e-04 | | lr=6.25e-05
Epoch 200 | train_loss=2.8153e-04 | train_eval_loss=2.7707e-04 | val_loss=3.4085e-04 | | lr=6.25e-05
Saved training logs to results/thesis_model_results/outputs/scaler_comparison_mtlsh/MTLSH__mse__minmax__seed42/training_summary.txt
Test RMSE(rocof_COI) = 0.0132 | norm: 0.0100 | real_diff: 0.0089
Test RMSE(dev_COI) = 0.0219 | norm: 0.0081 | real_diff: 0.0127
Test RMSE(Delta_P_IBR_1) = 0.1085 | norm: 0.0171 | real_diff: 0.0697
Test RMSE(Delta_P_IBR_2) = 0.0987 | norm: 0.0137 | real_diff: 0.0537
Test RMSE(Delta_P_IBR_3) = 0.1803 | norm: 0.0317 | real_diff: 0.0956
Test RMSE(Delta_P_IBR_4) = 0.1798 | norm: 0.0186 | real_diff: 0.1072
Saved RMSE results to results/thesis_model_results/outputs/scaler_comparison_mtlsh/MTLSH__mse__minmax__seed42/rmse_results.txt
Saved detailed metrics to results/thesis_model_results/outputs/scaler_comparison_mtlsh/MTLSH__mse__minmax__seed42/metrics_by_target.csv
Saved aggregate metrics to results/thesis_model_results/outputs/scaler_comparison_mtlsh/MTLSH__mse__minmax__seed42/metrics_summary.json
Saved loss curves to results/thesis_model_results/outputs/scaler_comparison_mtlsh/MTLSH__mse__minmax__seed42/loss_curve.png
Saved scatter plot results/thesis_model_results/outputs/scaler_comparison_mtlsh/MTLSH__mse__minmax__seed42/scatter_rocof_COI.png
Saved scatter plot results/thesis_model_results/outputs/scaler_comparison_mtlsh/MTLSH__mse__minmax__seed42/scatter_dev_COI.png
Saved scatter plot results/thesis_model_results/outputs/scaler_comparison_mtlsh/MTLSH__mse__minmax__seed42/scatter_Delta_P_IBR_1.png
Saved scatter plot results/thesis_model_results/outputs/scaler_comparison_mtlsh/MTLSH__mse__minmax__seed42/scatter_Delta_P_IBR_2.png
Saved scatter plot results/thesis_model_results/outputs/scaler_comparison_mtlsh/MTLSH__mse__minmax__seed42/scatter_Delta_P_IBR_3.png
Saved scatter plot results/thesis_model_results/outputs/scaler_comparison_mtlsh/MTLSH__mse__minmax__seed42/scatter_Delta_P_IBR_4.png
Saved model to results/thesis_model_results/outputs/scaler_comparison_mtlsh/MTLSH__mse__minmax__seed42/mtlsh_state_dict.pt
Loss type: mse | weights=[]
Target stats (scaled):
train mean=[ 0.0666  0.1749  0.1162 -0.1741  0.1221 -0.1306]
train std=[1.0711 0.8668 0.9269 0.9601 0.6952 0.8191]
train q05=[-1.8294 -1.0335 -1.2875 -1.8478 -0.7409 -1.5616]
train q95=[1.9837 1.9208 1.5781 1.2775 1.408  1.1827]
val mean=[ 0.0534  0.164   0.1181 -0.1661  0.1298 -0.1245]
val std=[1.0539 0.8519 0.9124 0.9681 0.6846 0.8004]
val q05=[-1.8066 -1.0312 -1.2849 -1.8483 -0.7239 -1.5282]
val q95=[1.9467 1.9047 1.5882 1.2981 1.4026 1.1598]
val/train std ratio=[0.984  0.9828 0.9844 1.0084 0.9848 0.9772]
LR scheduler: ReduceLROnPlateau (factor=0.5, patience=8, min_lr=1e-07)
Epoch 001 | train_loss=2.3771e-01 | train_eval_loss=1.8859e-01 | val_loss=1.8733e-01 | | lr=1.00e-03
Saved best model to results/thesis_model_results/outputs/scaler_comparison_mtlsh/MTLSH__mse__robust__seed42/mtlsh_state_dict_best.pt
Epoch 002 | train_loss=1.6393e-01 | train_eval_loss=1.3779e-01 | val_loss=1.3365e-01 | | lr=1.00e-03
Saved best model to results/thesis_model_results/outputs/scaler_comparison_mtlsh/MTLSH__mse__robust__seed42/mtlsh_state_dict_best.pt
Epoch 003 | train_loss=1.0665e-01 | train_eval_loss=1.0030e-01 | val_loss=9.6585e-02 | | lr=1.00e-03
Saved best model to results/thesis_model_results/outputs/scaler_comparison_mtlsh/MTLSH__mse__robust__seed42/mtlsh_state_dict_best.pt
Epoch 004 | train_loss=8.0866e-02 | train_eval_loss=7.3258e-02 | val_loss=7.2810e-02 | | lr=1.00e-03
Saved best model to results/thesis_model_results/outputs/scaler_comparison_mtlsh/MTLSH__mse__robust__seed42/mtlsh_state_dict_best.pt
Epoch 005 | train_loss=6.9801e-02 | train_eval_loss=7.7684e-02 | val_loss=7.6159e-02 | | lr=1.00e-03
Epoch 006 | train_loss=6.5637e-02 | train_eval_loss=5.9862e-02 | val_loss=6.0448e-02 | | lr=1.00e-03
Saved best model to results/thesis_model_results/outputs/scaler_comparison_mtlsh/MTLSH__mse__robust__seed42/mtlsh_state_dict_best.pt
Epoch 007 | train_loss=6.0644e-02 | train_eval_loss=6.5174e-02 | val_loss=6.4968e-02 | | lr=1.00e-03
Epoch 008 | train_loss=5.6778e-02 | train_eval_loss=5.0861e-02 | val_loss=5.1649e-02 | | lr=1.00e-03
Saved best model to results/thesis_model_results/outputs/scaler_comparison_mtlsh/MTLSH__mse__robust__seed42/mtlsh_state_dict_best.pt
Epoch 009 | train_loss=5.3543e-02 | train_eval_loss=4.9146e-02 | val_loss=4.9638e-02 | | lr=1.00e-03
Saved best model to results/thesis_model_results/outputs/scaler_comparison_mtlsh/MTLSH__mse__robust__seed42/mtlsh_state_dict_best.pt
Epoch 010 | train_loss=5.4668e-02 | train_eval_loss=4.9197e-02 | val_loss=4.9961e-02 | | lr=1.00e-03
Epoch 011 | train_loss=5.1288e-02 | train_eval_loss=4.7069e-02 | val_loss=4.8197e-02 | | lr=1.00e-03
Saved best model to results/thesis_model_results/outputs/scaler_comparison_mtlsh/MTLSH__mse__robust__seed42/mtlsh_state_dict_best.pt
Epoch 012 | train_loss=4.7361e-02 | train_eval_loss=5.1048e-02 | val_loss=5.1278e-02 | | lr=1.00e-03
Epoch 013 | train_loss=4.5128e-02 | train_eval_loss=4.8209e-02 | val_loss=4.9086e-02 | | lr=1.00e-03
Epoch 014 | train_loss=4.6678e-02 | train_eval_loss=4.7630e-02 | val_loss=4.8089e-02 | | lr=1.00e-03
Saved best model to results/thesis_model_results/outputs/scaler_comparison_mtlsh/MTLSH__mse__robust__seed42/mtlsh_state_dict_best.pt
Epoch 015 | train_loss=4.3460e-02 | train_eval_loss=4.3612e-02 | val_loss=4.4926e-02 | | lr=1.00e-03
Saved best model to results/thesis_model_results/outputs/scaler_comparison_mtlsh/MTLSH__mse__robust__seed42/mtlsh_state_dict_best.pt
Epoch 016 | train_loss=4.1780e-02 | train_eval_loss=4.0993e-02 | val_loss=4.2029e-02 | | lr=1.00e-03
Saved best model to results/thesis_model_results/outputs/scaler_comparison_mtlsh/MTLSH__mse__robust__seed42/mtlsh_state_dict_best.pt
Epoch 017 | train_loss=4.2971e-02 | train_eval_loss=4.6095e-02 | val_loss=4.7121e-02 | | lr=1.00e-03
Epoch 018 | train_loss=4.3065e-02 | train_eval_loss=4.2069e-02 | val_loss=4.3482e-02 | | lr=1.00e-03
Epoch 019 | train_loss=4.0323e-02 | train_eval_loss=3.8798e-02 | val_loss=4.0345e-02 | | lr=1.00e-03
Saved best model to results/thesis_model_results/outputs/scaler_comparison_mtlsh/MTLSH__mse__robust__seed42/mtlsh_state_dict_best.pt
Epoch 020 | train_loss=3.8694e-02 | train_eval_loss=5.0753e-02 | val_loss=5.2808e-02 | | lr=1.00e-03
Epoch 021 | train_loss=4.0730e-02 | train_eval_loss=3.7353e-02 | val_loss=3.8907e-02 | | lr=1.00e-03
Saved best model to results/thesis_model_results/outputs/scaler_comparison_mtlsh/MTLSH__mse__robust__seed42/mtlsh_state_dict_best.pt
Epoch 022 | train_loss=3.6864e-02 | train_eval_loss=3.5102e-02 | val_loss=3.7512e-02 | | lr=1.00e-03
Saved best model to results/thesis_model_results/outputs/scaler_comparison_mtlsh/MTLSH__mse__robust__seed42/mtlsh_state_dict_best.pt
Epoch 023 | train_loss=3.9991e-02 | train_eval_loss=3.7434e-02 | val_loss=3.9111e-02 | | lr=1.00e-03
Epoch 024 | train_loss=3.5588e-02 | train_eval_loss=3.3406e-02 | val_loss=3.5340e-02 | | lr=1.00e-03
Saved best model to results/thesis_model_results/outputs/scaler_comparison_mtlsh/MTLSH__mse__robust__seed42/mtlsh_state_dict_best.pt
Epoch 025 | train_loss=3.4213e-02 | train_eval_loss=3.2314e-02 | val_loss=3.3735e-02 | | lr=1.00e-03
Saved best model to results/thesis_model_results/outputs/scaler_comparison_mtlsh/MTLSH__mse__robust__seed42/mtlsh_state_dict_best.pt
Epoch 026 | train_loss=3.2759e-02 | train_eval_loss=2.9822e-02 | val_loss=3.2127e-02 | | lr=1.00e-03
Saved best model to results/thesis_model_results/outputs/scaler_comparison_mtlsh/MTLSH__mse__robust__seed42/mtlsh_state_dict_best.pt
Epoch 027 | train_loss=3.5442e-02 | train_eval_loss=3.4775e-02 | val_loss=3.7320e-02 | | lr=1.00e-03
Epoch 028 | train_loss=3.2869e-02 | train_eval_loss=3.3560e-02 | val_loss=3.6449e-02 | | lr=1.00e-03
Epoch 029 | train_loss=3.4711e-02 | train_eval_loss=3.1694e-02 | val_loss=3.4743e-02 | | lr=1.00e-03
Epoch 030 | train_loss=3.1564e-02 | train_eval_loss=3.3436e-02 | val_loss=3.6916e-02 | | lr=1.00e-03
Epoch 031 | train_loss=2.9680e-02 | train_eval_loss=2.4916e-02 | val_loss=2.7326e-02 | | lr=1.00e-03
Saved best model to results/thesis_model_results/outputs/scaler_comparison_mtlsh/MTLSH__mse__robust__seed42/mtlsh_state_dict_best.pt
Epoch 032 | train_loss=2.9150e-02 | train_eval_loss=2.4559e-02 | val_loss=2.6728e-02 | | lr=1.00e-03
Saved best model to results/thesis_model_results/outputs/scaler_comparison_mtlsh/MTLSH__mse__robust__seed42/mtlsh_state_dict_best.pt
Epoch 033 | train_loss=2.8915e-02 | train_eval_loss=4.1120e-02 | val_loss=4.4479e-02 | | lr=1.00e-03
Epoch 034 | train_loss=3.0151e-02 | train_eval_loss=2.6604e-02 | val_loss=2.8950e-02 | | lr=1.00e-03
Epoch 035 | train_loss=2.9483e-02 | train_eval_loss=3.8615e-02 | val_loss=4.1330e-02 | | lr=1.00e-03
Epoch 036 | train_loss=3.3297e-02 | train_eval_loss=2.7053e-02 | val_loss=3.0095e-02 | | lr=1.00e-03
Epoch 037 | train_loss=2.7793e-02 | train_eval_loss=2.4921e-02 | val_loss=2.7629e-02 | | lr=1.00e-03
Epoch 038 | train_loss=2.5485e-02 | train_eval_loss=2.6212e-02 | val_loss=3.0034e-02 | | lr=1.00e-03
Epoch 039 | train_loss=2.6466e-02 | train_eval_loss=3.1585e-02 | val_loss=3.3821e-02 | | lr=1.00e-03
Epoch 040 | train_loss=2.8932e-02 | train_eval_loss=2.3967e-02 | val_loss=2.6486e-02 | | lr=1.00e-03
Saved best model to results/thesis_model_results/outputs/scaler_comparison_mtlsh/MTLSH__mse__robust__seed42/mtlsh_state_dict_best.pt
Epoch 041 | train_loss=2.5203e-02 | train_eval_loss=2.0964e-02 | val_loss=2.3667e-02 | | lr=1.00e-03
Saved best model to results/thesis_model_results/outputs/scaler_comparison_mtlsh/MTLSH__mse__robust__seed42/mtlsh_state_dict_best.pt
Epoch 042 | train_loss=2.3580e-02 | train_eval_loss=2.4662e-02 | val_loss=2.9338e-02 | | lr=1.00e-03
Epoch 043 | train_loss=2.3975e-02 | train_eval_loss=2.7124e-02 | val_loss=3.0422e-02 | | lr=1.00e-03
Epoch 044 | train_loss=2.2788e-02 | train_eval_loss=2.7746e-02 | val_loss=3.1621e-02 | | lr=1.00e-03
Epoch 045 | train_loss=2.3584e-02 | train_eval_loss=2.0682e-02 | val_loss=2.4470e-02 | | lr=1.00e-03
Epoch 046 | train_loss=2.3270e-02 | train_eval_loss=2.1582e-02 | val_loss=2.4736e-02 | | lr=1.00e-03
Epoch 047 | train_loss=2.1146e-02 | train_eval_loss=2.5268e-02 | val_loss=3.0018e-02 | | lr=1.00e-03
Epoch 048 | train_loss=2.1704e-02 | train_eval_loss=2.0954e-02 | val_loss=2.4126e-02 | | lr=1.00e-03
Epoch 049 | train_loss=2.6251e-02 | train_eval_loss=2.3112e-02 | val_loss=2.6385e-02 | | lr=1.00e-03
Epoch 050 | train_loss=2.1835e-02 | train_eval_loss=2.5339e-02 | val_loss=2.9180e-02 | | lr=1.00e-03
Epoch 051 | train_loss=1.8095e-02 | train_eval_loss=1.4913e-02 | val_loss=1.9637e-02 | | lr=5.00e-04
Saved best model to results/thesis_model_results/outputs/scaler_comparison_mtlsh/MTLSH__mse__robust__seed42/mtlsh_state_dict_best.pt
Epoch 052 | train_loss=1.5712e-02 | train_eval_loss=1.4309e-02 | val_loss=1.8511e-02 | | lr=5.00e-04
Saved best model to results/thesis_model_results/outputs/scaler_comparison_mtlsh/MTLSH__mse__robust__seed42/mtlsh_state_dict_best.pt
Epoch 053 | train_loss=1.5333e-02 | train_eval_loss=1.5075e-02 | val_loss=1.9456e-02 | | lr=5.00e-04
Epoch 054 | train_loss=1.5458e-02 | train_eval_loss=1.4540e-02 | val_loss=1.8630e-02 | | lr=5.00e-04
Epoch 055 | train_loss=1.5117e-02 | train_eval_loss=1.4171e-02 | val_loss=1.8612e-02 | | lr=5.00e-04
Epoch 056 | train_loss=1.4559e-02 | train_eval_loss=1.4387e-02 | val_loss=1.8827e-02 | | lr=5.00e-04
Epoch 057 | train_loss=1.4152e-02 | train_eval_loss=1.4514e-02 | val_loss=1.8630e-02 | | lr=5.00e-04
Epoch 058 | train_loss=1.4350e-02 | train_eval_loss=1.3879e-02 | val_loss=1.8019e-02 | | lr=5.00e-04
Saved best model to results/thesis_model_results/outputs/scaler_comparison_mtlsh/MTLSH__mse__robust__seed42/mtlsh_state_dict_best.pt
Epoch 059 | train_loss=1.4627e-02 | train_eval_loss=1.4054e-02 | val_loss=1.8106e-02 | | lr=5.00e-04
Epoch 060 | train_loss=1.4701e-02 | train_eval_loss=1.5598e-02 | val_loss=2.0947e-02 | | lr=5.00e-04
Epoch 061 | train_loss=1.3987e-02 | train_eval_loss=1.3854e-02 | val_loss=1.8535e-02 | | lr=5.00e-04
Epoch 062 | train_loss=1.5888e-02 | train_eval_loss=1.4876e-02 | val_loss=1.8705e-02 | | lr=5.00e-04
Epoch 063 | train_loss=1.4021e-02 | train_eval_loss=1.3407e-02 | val_loss=1.8296e-02 | | lr=5.00e-04
Epoch 064 | train_loss=1.4381e-02 | train_eval_loss=1.2927e-02 | val_loss=1.7663e-02 | | lr=5.00e-04
Saved best model to results/thesis_model_results/outputs/scaler_comparison_mtlsh/MTLSH__mse__robust__seed42/mtlsh_state_dict_best.pt
Epoch 065 | train_loss=1.2806e-02 | train_eval_loss=1.2840e-02 | val_loss=1.7363e-02 | | lr=5.00e-04
Saved best model to results/thesis_model_results/outputs/scaler_comparison_mtlsh/MTLSH__mse__robust__seed42/mtlsh_state_dict_best.pt
Epoch 066 | train_loss=1.3794e-02 | train_eval_loss=1.3742e-02 | val_loss=1.8822e-02 | | lr=5.00e-04
Epoch 067 | train_loss=1.3351e-02 | train_eval_loss=1.2500e-02 | val_loss=1.7510e-02 | | lr=5.00e-04
Epoch 068 | train_loss=1.4266e-02 | train_eval_loss=1.3929e-02 | val_loss=1.9232e-02 | | lr=5.00e-04
Epoch 069 | train_loss=1.2886e-02 | train_eval_loss=1.3038e-02 | val_loss=1.7814e-02 | | lr=5.00e-04
Epoch 070 | train_loss=1.3169e-02 | train_eval_loss=1.1459e-02 | val_loss=1.6613e-02 | | lr=5.00e-04
Saved best model to results/thesis_model_results/outputs/scaler_comparison_mtlsh/MTLSH__mse__robust__seed42/mtlsh_state_dict_best.pt
Epoch 071 | train_loss=1.2359e-02 | train_eval_loss=1.3058e-02 | val_loss=1.7931e-02 | | lr=5.00e-04
Epoch 072 | train_loss=1.4032e-02 | train_eval_loss=1.3398e-02 | val_loss=1.8018e-02 | | lr=5.00e-04
Epoch 073 | train_loss=1.3208e-02 | train_eval_loss=1.2096e-02 | val_loss=1.7164e-02 | | lr=5.00e-04
Epoch 074 | train_loss=1.2306e-02 | train_eval_loss=1.2803e-02 | val_loss=1.7789e-02 | | lr=5.00e-04
Epoch 075 | train_loss=1.2155e-02 | train_eval_loss=1.1801e-02 | val_loss=1.6113e-02 | | lr=5.00e-04
Saved best model to results/thesis_model_results/outputs/scaler_comparison_mtlsh/MTLSH__mse__robust__seed42/mtlsh_state_dict_best.pt
Epoch 076 | train_loss=1.2315e-02 | train_eval_loss=1.0799e-02 | val_loss=1.5951e-02 | | lr=5.00e-04
Saved best model to results/thesis_model_results/outputs/scaler_comparison_mtlsh/MTLSH__mse__robust__seed42/mtlsh_state_dict_best.pt
Epoch 077 | train_loss=1.1953e-02 | train_eval_loss=1.1664e-02 | val_loss=1.6939e-02 | | lr=5.00e-04
Epoch 078 | train_loss=1.1286e-02 | train_eval_loss=1.2137e-02 | val_loss=1.7914e-02 | | lr=5.00e-04
Epoch 079 | train_loss=1.1710e-02 | train_eval_loss=1.3594e-02 | val_loss=1.8328e-02 | | lr=5.00e-04
Epoch 080 | train_loss=1.2557e-02 | train_eval_loss=1.2820e-02 | val_loss=1.7492e-02 | | lr=5.00e-04
Epoch 081 | train_loss=1.1462e-02 | train_eval_loss=1.2142e-02 | val_loss=1.7835e-02 | | lr=5.00e-04
Epoch 082 | train_loss=1.3009e-02 | train_eval_loss=1.1391e-02 | val_loss=1.6712e-02 | | lr=5.00e-04
Epoch 083 | train_loss=1.2029e-02 | train_eval_loss=1.1639e-02 | val_loss=1.6706e-02 | | lr=5.00e-04
Epoch 084 | train_loss=1.1415e-02 | train_eval_loss=1.2726e-02 | val_loss=1.8158e-02 | | lr=5.00e-04
Epoch 085 | train_loss=1.1710e-02 | train_eval_loss=1.0438e-02 | val_loss=1.5913e-02 | | lr=5.00e-04
Saved best model to results/thesis_model_results/outputs/scaler_comparison_mtlsh/MTLSH__mse__robust__seed42/mtlsh_state_dict_best.pt
Epoch 086 | train_loss=1.1418e-02 | train_eval_loss=1.0517e-02 | val_loss=1.6257e-02 | | lr=5.00e-04
Epoch 087 | train_loss=1.0662e-02 | train_eval_loss=1.2255e-02 | val_loss=1.8315e-02 | | lr=5.00e-04
Epoch 088 | train_loss=1.2770e-02 | train_eval_loss=1.0678e-02 | val_loss=1.6257e-02 | | lr=5.00e-04
Epoch 089 | train_loss=1.0966e-02 | train_eval_loss=9.7921e-03 | val_loss=1.5253e-02 | | lr=5.00e-04
Saved best model to results/thesis_model_results/outputs/scaler_comparison_mtlsh/MTLSH__mse__robust__seed42/mtlsh_state_dict_best.pt
Epoch 090 | train_loss=1.0362e-02 | train_eval_loss=1.0713e-02 | val_loss=1.6298e-02 | | lr=5.00e-04
Epoch 091 | train_loss=1.0321e-02 | train_eval_loss=1.3661e-02 | val_loss=1.9997e-02 | | lr=5.00e-04
Epoch 092 | train_loss=1.2845e-02 | train_eval_loss=1.0402e-02 | val_loss=1.5894e-02 | | lr=5.00e-04
Epoch 093 | train_loss=1.0827e-02 | train_eval_loss=9.3893e-03 | val_loss=1.5208e-02 | | lr=5.00e-04
Saved best model to results/thesis_model_results/outputs/scaler_comparison_mtlsh/MTLSH__mse__robust__seed42/mtlsh_state_dict_best.pt
Epoch 094 | train_loss=1.1261e-02 | train_eval_loss=1.3696e-02 | val_loss=1.9244e-02 | | lr=5.00e-04
Epoch 095 | train_loss=1.1301e-02 | train_eval_loss=1.9894e-02 | val_loss=2.6590e-02 | | lr=5.00e-04
Epoch 096 | train_loss=1.3094e-02 | train_eval_loss=1.1180e-02 | val_loss=1.7572e-02 | | lr=5.00e-04
Epoch 097 | train_loss=1.1130e-02 | train_eval_loss=1.0210e-02 | val_loss=1.6131e-02 | | lr=5.00e-04
Epoch 098 | train_loss=1.0098e-02 | train_eval_loss=9.4898e-03 | val_loss=1.5289e-02 | | lr=5.00e-04
Epoch 099 | train_loss=1.0099e-02 | train_eval_loss=1.1855e-02 | val_loss=1.8214e-02 | | lr=5.00e-04
Epoch 100 | train_loss=1.0630e-02 | train_eval_loss=1.0388e-02 | val_loss=1.6156e-02 | | lr=5.00e-04
Epoch 101 | train_loss=1.0430e-02 | train_eval_loss=1.0051e-02 | val_loss=1.5809e-02 | | lr=5.00e-04
Epoch 102 | train_loss=9.3285e-03 | train_eval_loss=1.0692e-02 | val_loss=1.6519e-02 | | lr=5.00e-04
Epoch 103 | train_loss=8.2527e-03 | train_eval_loss=7.7220e-03 | val_loss=1.4393e-02 | | lr=2.50e-04
Saved best model to results/thesis_model_results/outputs/scaler_comparison_mtlsh/MTLSH__mse__robust__seed42/mtlsh_state_dict_best.pt
Epoch 104 | train_loss=7.3914e-03 | train_eval_loss=7.0556e-03 | val_loss=1.3365e-02 | | lr=2.50e-04
Saved best model to results/thesis_model_results/outputs/scaler_comparison_mtlsh/MTLSH__mse__robust__seed42/mtlsh_state_dict_best.pt
Epoch 105 | train_loss=7.3372e-03 | train_eval_loss=7.0649e-03 | val_loss=1.3704e-02 | | lr=2.50e-04
Epoch 106 | train_loss=7.1841e-03 | train_eval_loss=6.8105e-03 | val_loss=1.3248e-02 | | lr=2.50e-04
Saved best model to results/thesis_model_results/outputs/scaler_comparison_mtlsh/MTLSH__mse__robust__seed42/mtlsh_state_dict_best.pt
Epoch 107 | train_loss=7.3930e-03 | train_eval_loss=6.7958e-03 | val_loss=1.3171e-02 | | lr=2.50e-04
Saved best model to results/thesis_model_results/outputs/scaler_comparison_mtlsh/MTLSH__mse__robust__seed42/mtlsh_state_dict_best.pt
Epoch 108 | train_loss=7.3398e-03 | train_eval_loss=7.2111e-03 | val_loss=1.3631e-02 | | lr=2.50e-04
Epoch 109 | train_loss=7.1675e-03 | train_eval_loss=6.8310e-03 | val_loss=1.3426e-02 | | lr=2.50e-04
Epoch 110 | train_loss=6.9711e-03 | train_eval_loss=6.7853e-03 | val_loss=1.3192e-02 | | lr=2.50e-04
Epoch 111 | train_loss=6.9181e-03 | train_eval_loss=7.0981e-03 | val_loss=1.3891e-02 | | lr=2.50e-04
Epoch 112 | train_loss=7.2957e-03 | train_eval_loss=6.5938e-03 | val_loss=1.3070e-02 | | lr=2.50e-04
Saved best model to results/thesis_model_results/outputs/scaler_comparison_mtlsh/MTLSH__mse__robust__seed42/mtlsh_state_dict_best.pt
Epoch 113 | train_loss=7.2323e-03 | train_eval_loss=7.6968e-03 | val_loss=1.4240e-02 | | lr=2.50e-04
Epoch 114 | train_loss=7.2647e-03 | train_eval_loss=6.5498e-03 | val_loss=1.3331e-02 | | lr=2.50e-04
Epoch 115 | train_loss=6.8379e-03 | train_eval_loss=6.5523e-03 | val_loss=1.3187e-02 | | lr=2.50e-04
Epoch 116 | train_loss=6.8939e-03 | train_eval_loss=6.6113e-03 | val_loss=1.3548e-02 | | lr=2.50e-04
Epoch 117 | train_loss=7.0828e-03 | train_eval_loss=6.4363e-03 | val_loss=1.3223e-02 | | lr=2.50e-04
Epoch 118 | train_loss=6.9408e-03 | train_eval_loss=7.1855e-03 | val_loss=1.3811e-02 | | lr=2.50e-04
Epoch 119 | train_loss=7.1427e-03 | train_eval_loss=6.6835e-03 | val_loss=1.3346e-02 | | lr=2.50e-04
Epoch 120 | train_loss=6.9593e-03 | train_eval_loss=6.7820e-03 | val_loss=1.3591e-02 | | lr=2.50e-04
Epoch 121 | train_loss=6.9749e-03 | train_eval_loss=6.3534e-03 | val_loss=1.2998e-02 | | lr=2.50e-04
Saved best model to results/thesis_model_results/outputs/scaler_comparison_mtlsh/MTLSH__mse__robust__seed42/mtlsh_state_dict_best.pt
Epoch 122 | train_loss=6.6979e-03 | train_eval_loss=6.9041e-03 | val_loss=1.3637e-02 | | lr=2.50e-04
Epoch 123 | train_loss=7.0574e-03 | train_eval_loss=6.6714e-03 | val_loss=1.3655e-02 | | lr=2.50e-04
Epoch 124 | train_loss=6.7398e-03 | train_eval_loss=6.3854e-03 | val_loss=1.3290e-02 | | lr=2.50e-04
Epoch 125 | train_loss=6.5463e-03 | train_eval_loss=6.4808e-03 | val_loss=1.3637e-02 | | lr=2.50e-04
Epoch 126 | train_loss=7.0157e-03 | train_eval_loss=6.7945e-03 | val_loss=1.3573e-02 | | lr=2.50e-04
Epoch 127 | train_loss=6.7560e-03 | train_eval_loss=6.0824e-03 | val_loss=1.3054e-02 | | lr=2.50e-04
Epoch 128 | train_loss=6.4588e-03 | train_eval_loss=6.2143e-03 | val_loss=1.3227e-02 | | lr=2.50e-04
Epoch 129 | train_loss=6.5097e-03 | train_eval_loss=6.4733e-03 | val_loss=1.3612e-02 | | lr=2.50e-04
Epoch 130 | train_loss=6.5447e-03 | train_eval_loss=6.4164e-03 | val_loss=1.3342e-02 | | lr=2.50e-04
Epoch 131 | train_loss=5.7472e-03 | train_eval_loss=5.4514e-03 | val_loss=1.2655e-02 | | lr=1.25e-04
Saved best model to results/thesis_model_results/outputs/scaler_comparison_mtlsh/MTLSH__mse__robust__seed42/mtlsh_state_dict_best.pt
Epoch 132 | train_loss=5.5635e-03 | train_eval_loss=5.4473e-03 | val_loss=1.2654e-02 | | lr=1.25e-04
Saved best model to results/thesis_model_results/outputs/scaler_comparison_mtlsh/MTLSH__mse__robust__seed42/mtlsh_state_dict_best.pt
Epoch 133 | train_loss=5.4964e-03 | train_eval_loss=5.2348e-03 | val_loss=1.2353e-02 | | lr=1.25e-04
Saved best model to results/thesis_model_results/outputs/scaler_comparison_mtlsh/MTLSH__mse__robust__seed42/mtlsh_state_dict_best.pt
Epoch 134 | train_loss=5.4856e-03 | train_eval_loss=5.3009e-03 | val_loss=1.2471e-02 | | lr=1.25e-04
Epoch 135 | train_loss=5.6140e-03 | train_eval_loss=5.7454e-03 | val_loss=1.2729e-02 | | lr=1.25e-04
Epoch 136 | train_loss=5.6478e-03 | train_eval_loss=5.2306e-03 | val_loss=1.2534e-02 | | lr=1.25e-04
Epoch 137 | train_loss=5.4275e-03 | train_eval_loss=5.2311e-03 | val_loss=1.2594e-02 | | lr=1.25e-04
Epoch 138 | train_loss=5.3874e-03 | train_eval_loss=5.3599e-03 | val_loss=1.2554e-02 | | lr=1.25e-04
Epoch 139 | train_loss=5.3871e-03 | train_eval_loss=5.1288e-03 | val_loss=1.2290e-02 | | lr=1.25e-04
Saved best model to results/thesis_model_results/outputs/scaler_comparison_mtlsh/MTLSH__mse__robust__seed42/mtlsh_state_dict_best.pt
Epoch 140 | train_loss=5.5209e-03 | train_eval_loss=5.3793e-03 | val_loss=1.2560e-02 | | lr=1.25e-04
Epoch 141 | train_loss=5.4508e-03 | train_eval_loss=5.5374e-03 | val_loss=1.2867e-02 | | lr=1.25e-04
Epoch 142 | train_loss=5.6679e-03 | train_eval_loss=5.1162e-03 | val_loss=1.2413e-02 | | lr=1.25e-04
Epoch 143 | train_loss=5.3515e-03 | train_eval_loss=5.1087e-03 | val_loss=1.2439e-02 | | lr=1.25e-04
Epoch 144 | train_loss=5.2873e-03 | train_eval_loss=5.1951e-03 | val_loss=1.2576e-02 | | lr=1.25e-04
Epoch 145 | train_loss=5.4677e-03 | train_eval_loss=5.0613e-03 | val_loss=1.2352e-02 | | lr=1.25e-04
Epoch 146 | train_loss=5.3087e-03 | train_eval_loss=5.1656e-03 | val_loss=1.2557e-02 | | lr=1.25e-04
Epoch 147 | train_loss=5.2858e-03 | train_eval_loss=5.2046e-03 | val_loss=1.2429e-02 | | lr=1.25e-04
Epoch 148 | train_loss=5.2519e-03 | train_eval_loss=5.0765e-03 | val_loss=1.2452e-02 | | lr=1.25e-04
Epoch 149 | train_loss=4.9697e-03 | train_eval_loss=4.8345e-03 | val_loss=1.2220e-02 | | lr=6.25e-05
Saved best model to results/thesis_model_results/outputs/scaler_comparison_mtlsh/MTLSH__mse__robust__seed42/mtlsh_state_dict_best.pt
Epoch 150 | train_loss=4.9199e-03 | train_eval_loss=4.7914e-03 | val_loss=1.2201e-02 | | lr=6.25e-05
Saved best model to results/thesis_model_results/outputs/scaler_comparison_mtlsh/MTLSH__mse__robust__seed42/mtlsh_state_dict_best.pt
Epoch 151 | train_loss=4.8778e-03 | train_eval_loss=4.7559e-03 | val_loss=1.2075e-02 | | lr=6.25e-05
Saved best model to results/thesis_model_results/outputs/scaler_comparison_mtlsh/MTLSH__mse__robust__seed42/mtlsh_state_dict_best.pt
Epoch 152 | train_loss=4.8427e-03 | train_eval_loss=4.7360e-03 | val_loss=1.2135e-02 | | lr=6.25e-05
Epoch 153 | train_loss=4.8478e-03 | train_eval_loss=4.7291e-03 | val_loss=1.2177e-02 | | lr=6.25e-05
Epoch 154 | train_loss=4.8396e-03 | train_eval_loss=4.6799e-03 | val_loss=1.2153e-02 | | lr=6.25e-05
Epoch 155 | train_loss=4.8103e-03 | train_eval_loss=4.7159e-03 | val_loss=1.2228e-02 | | lr=6.25e-05
Epoch 156 | train_loss=4.8180e-03 | train_eval_loss=4.8577e-03 | val_loss=1.2376e-02 | | lr=6.25e-05
Epoch 157 | train_loss=4.8668e-03 | train_eval_loss=4.7752e-03 | val_loss=1.2373e-02 | | lr=6.25e-05
Epoch 158 | train_loss=4.8158e-03 | train_eval_loss=4.6215e-03 | val_loss=1.2079e-02 | | lr=6.25e-05
Epoch 159 | train_loss=4.8197e-03 | train_eval_loss=4.6724e-03 | val_loss=1.2226e-02 | | lr=6.25e-05
Epoch 160 | train_loss=4.7724e-03 | train_eval_loss=4.6528e-03 | val_loss=1.2023e-02 | | lr=6.25e-05
Saved best model to results/thesis_model_results/outputs/scaler_comparison_mtlsh/MTLSH__mse__robust__seed42/mtlsh_state_dict_best.pt
Epoch 161 | train_loss=4.7954e-03 | train_eval_loss=4.6682e-03 | val_loss=1.2146e-02 | | lr=6.25e-05
Epoch 162 | train_loss=4.8781e-03 | train_eval_loss=4.6470e-03 | val_loss=1.2087e-02 | | lr=6.25e-05
Epoch 163 | train_loss=4.7400e-03 | train_eval_loss=4.6119e-03 | val_loss=1.2132e-02 | | lr=6.25e-05
Epoch 164 | train_loss=4.7791e-03 | train_eval_loss=4.6905e-03 | val_loss=1.2258e-02 | | lr=6.25e-05
Epoch 165 | train_loss=4.7498e-03 | train_eval_loss=4.6333e-03 | val_loss=1.2100e-02 | | lr=6.25e-05
Epoch 166 | train_loss=4.7761e-03 | train_eval_loss=4.6093e-03 | val_loss=1.2105e-02 | | lr=6.25e-05
Epoch 167 | train_loss=4.7643e-03 | train_eval_loss=4.6701e-03 | val_loss=1.2201e-02 | | lr=6.25e-05
Epoch 168 | train_loss=4.7859e-03 | train_eval_loss=4.5043e-03 | val_loss=1.2063e-02 | | lr=6.25e-05
Epoch 169 | train_loss=4.7589e-03 | train_eval_loss=4.7240e-03 | val_loss=1.2279e-02 | | lr=6.25e-05
Epoch 170 | train_loss=4.5626e-03 | train_eval_loss=4.4631e-03 | val_loss=1.2065e-02 | | lr=3.13e-05
Epoch 171 | train_loss=4.5168e-03 | train_eval_loss=4.4072e-03 | val_loss=1.1962e-02 | | lr=3.13e-05
Saved best model to results/thesis_model_results/outputs/scaler_comparison_mtlsh/MTLSH__mse__robust__seed42/mtlsh_state_dict_best.pt
Epoch 172 | train_loss=4.4809e-03 | train_eval_loss=4.4416e-03 | val_loss=1.1932e-02 | | lr=3.13e-05
Saved best model to results/thesis_model_results/outputs/scaler_comparison_mtlsh/MTLSH__mse__robust__seed42/mtlsh_state_dict_best.pt
Epoch 173 | train_loss=4.5033e-03 | train_eval_loss=4.4426e-03 | val_loss=1.2049e-02 | | lr=3.13e-05
Epoch 174 | train_loss=4.5104e-03 | train_eval_loss=4.4032e-03 | val_loss=1.1999e-02 | | lr=3.13e-05
Epoch 175 | train_loss=4.4773e-03 | train_eval_loss=4.3837e-03 | val_loss=1.2034e-02 | | lr=3.13e-05
Epoch 176 | train_loss=4.4871e-03 | train_eval_loss=4.4627e-03 | val_loss=1.1992e-02 | | lr=3.13e-05
Epoch 177 | train_loss=4.4978e-03 | train_eval_loss=4.4370e-03 | val_loss=1.2032e-02 | | lr=3.13e-05
Epoch 178 | train_loss=4.4936e-03 | train_eval_loss=4.4062e-03 | val_loss=1.2068e-02 | | lr=3.13e-05
Epoch 179 | train_loss=4.4739e-03 | train_eval_loss=4.3995e-03 | val_loss=1.2036e-02 | | lr=3.13e-05
Epoch 180 | train_loss=4.4713e-03 | train_eval_loss=4.4000e-03 | val_loss=1.2017e-02 | | lr=3.13e-05
Epoch 181 | train_loss=4.4591e-03 | train_eval_loss=4.3497e-03 | val_loss=1.1954e-02 | | lr=3.13e-05
Epoch 182 | train_loss=4.3792e-03 | train_eval_loss=4.3259e-03 | val_loss=1.1987e-02 | | lr=1.56e-05
Epoch 183 | train_loss=4.3668e-03 | train_eval_loss=4.3187e-03 | val_loss=1.1926e-02 | | lr=1.56e-05
Saved best model to results/thesis_model_results/outputs/scaler_comparison_mtlsh/MTLSH__mse__robust__seed42/mtlsh_state_dict_best.pt
Epoch 184 | train_loss=4.3637e-03 | train_eval_loss=4.3017e-03 | val_loss=1.1894e-02 | | lr=1.56e-05
Saved best model to results/thesis_model_results/outputs/scaler_comparison_mtlsh/MTLSH__mse__robust__seed42/mtlsh_state_dict_best.pt
Epoch 185 | train_loss=4.3527e-03 | train_eval_loss=4.3116e-03 | val_loss=1.1921e-02 | | lr=1.56e-05
Epoch 186 | train_loss=4.3625e-03 | train_eval_loss=4.3054e-03 | val_loss=1.1952e-02 | | lr=1.56e-05
Epoch 187 | train_loss=4.3518e-03 | train_eval_loss=4.3132e-03 | val_loss=1.1949e-02 | | lr=1.56e-05
Epoch 188 | train_loss=4.3550e-03 | train_eval_loss=4.3081e-03 | val_loss=1.1940e-02 | | lr=1.56e-05
Epoch 189 | train_loss=4.3549e-03 | train_eval_loss=4.2876e-03 | val_loss=1.1948e-02 | | lr=1.56e-05
Epoch 190 | train_loss=4.3514e-03 | train_eval_loss=4.2986e-03 | val_loss=1.1990e-02 | | lr=1.56e-05
Epoch 191 | train_loss=4.3479e-03 | train_eval_loss=4.2927e-03 | val_loss=1.1890e-02 | | lr=1.56e-05
Saved best model to results/thesis_model_results/outputs/scaler_comparison_mtlsh/MTLSH__mse__robust__seed42/mtlsh_state_dict_best.pt
Epoch 192 | train_loss=4.3431e-03 | train_eval_loss=4.2827e-03 | val_loss=1.1895e-02 | | lr=1.56e-05
Epoch 193 | train_loss=4.3357e-03 | train_eval_loss=4.2931e-03 | val_loss=1.1918e-02 | | lr=1.56e-05
Epoch 194 | train_loss=4.3323e-03 | train_eval_loss=4.2833e-03 | val_loss=1.1946e-02 | | lr=1.56e-05
Epoch 195 | train_loss=4.3460e-03 | train_eval_loss=4.2785e-03 | val_loss=1.1930e-02 | | lr=1.56e-05
Epoch 196 | train_loss=4.3274e-03 | train_eval_loss=4.2735e-03 | val_loss=1.1922e-02 | | lr=1.56e-05
Epoch 197 | train_loss=4.3248e-03 | train_eval_loss=4.2904e-03 | val_loss=1.1906e-02 | | lr=1.56e-05
Epoch 198 | train_loss=4.3266e-03 | train_eval_loss=4.2728e-03 | val_loss=1.1951e-02 | | lr=1.56e-05
Epoch 199 | train_loss=4.3237e-03 | train_eval_loss=4.2694e-03 | val_loss=1.1919e-02 | | lr=1.56e-05
Epoch 200 | train_loss=4.3211e-03 | train_eval_loss=4.2789e-03 | val_loss=1.1926e-02 | | lr=1.56e-05
Saved training logs to results/thesis_model_results/outputs/scaler_comparison_mtlsh/MTLSH__mse__robust__seed42/training_summary.txt
Test RMSE(rocof_COI) = 0.0101 | norm: 0.0603 | real_diff: 0.0060
Test RMSE(dev_COI) = 0.0175 | norm: 0.0410 | real_diff: 0.0090
Test RMSE(Delta_P_IBR_1) = 0.0915 | norm: 0.1174 | real_diff: 0.0534
Test RMSE(Delta_P_IBR_2) = 0.0913 | norm: 0.1146 | real_diff: 0.0419
Test RMSE(Delta_P_IBR_3) = 0.1626 | norm: 0.1713 | real_diff: 0.0766
Test RMSE(Delta_P_IBR_4) = 0.1540 | norm: 0.1146 | real_diff: 0.0859
Saved RMSE results to results/thesis_model_results/outputs/scaler_comparison_mtlsh/MTLSH__mse__robust__seed42/rmse_results.txt
Saved detailed metrics to results/thesis_model_results/outputs/scaler_comparison_mtlsh/MTLSH__mse__robust__seed42/metrics_by_target.csv
Saved aggregate metrics to results/thesis_model_results/outputs/scaler_comparison_mtlsh/MTLSH__mse__robust__seed42/metrics_summary.json
Saved loss curves to results/thesis_model_results/outputs/scaler_comparison_mtlsh/MTLSH__mse__robust__seed42/loss_curve.png
Saved scatter plot results/thesis_model_results/outputs/scaler_comparison_mtlsh/MTLSH__mse__robust__seed42/scatter_rocof_COI.png
Saved scatter plot results/thesis_model_results/outputs/scaler_comparison_mtlsh/MTLSH__mse__robust__seed42/scatter_dev_COI.png
Saved scatter plot results/thesis_model_results/outputs/scaler_comparison_mtlsh/MTLSH__mse__robust__seed42/scatter_Delta_P_IBR_1.png
Saved scatter plot results/thesis_model_results/outputs/scaler_comparison_mtlsh/MTLSH__mse__robust__seed42/scatter_Delta_P_IBR_2.png
Saved scatter plot results/thesis_model_results/outputs/scaler_comparison_mtlsh/MTLSH__mse__robust__seed42/scatter_Delta_P_IBR_3.png
Saved scatter plot results/thesis_model_results/outputs/scaler_comparison_mtlsh/MTLSH__mse__robust__seed42/scatter_Delta_P_IBR_4.png
Saved model to results/thesis_model_results/outputs/scaler_comparison_mtlsh/MTLSH__mse__robust__seed42/mtlsh_state_dict.pt
Loss type: mse | weights=[]
Target stats (scaled):
train mean=[-0. -0. -0.  0. -0.  0.]
train std=[1. 1. 1. 1. 1. 1.]
train q05=[-1.7496 -1.3309 -1.5383 -1.7435 -1.1581 -1.6376]
train q95=[1.783  1.9984 1.6091 1.5211 1.9147 1.5256]
val mean=[-0.0129 -0.0134  0.0018  0.0122  0.0092  0.0093]
val std=[0.9851 0.9841 0.9892 1.0014 0.991  0.9853]
val q05=[-1.7313 -1.3289 -1.5363 -1.7438 -1.1415 -1.6142]
val q95=[1.7528 1.9842 1.617  1.5365 1.9088 1.5086]
val/train std ratio=[0.9851 0.9841 0.9892 1.0014 0.991  0.9853]
LR scheduler: ReduceLROnPlateau (factor=0.5, patience=8, min_lr=1e-07)
Epoch 001 | train_loss=3.2481e-01 | train_eval_loss=1.4336e-01 | val_loss=1.4403e-01 | | lr=1.00e-03
Saved best model to results/thesis_model_results/outputs/scaler_comparison_mtlsh/MTLSH__mse__log1p__seed42/mtlsh_state_dict_best.pt
Epoch 002 | train_loss=1.1460e-01 | train_eval_loss=9.9178e-02 | val_loss=1.0095e-01 | | lr=1.00e-03
Saved best model to results/thesis_model_results/outputs/scaler_comparison_mtlsh/MTLSH__mse__log1p__seed42/mtlsh_state_dict_best.pt
Epoch 003 | train_loss=8.8210e-02 | train_eval_loss=8.1418e-02 | val_loss=8.3314e-02 | | lr=1.00e-03
Saved best model to results/thesis_model_results/outputs/scaler_comparison_mtlsh/MTLSH__mse__log1p__seed42/mtlsh_state_dict_best.pt
Epoch 004 | train_loss=7.6026e-02 | train_eval_loss=6.9023e-02 | val_loss=7.1540e-02 | | lr=1.00e-03
Saved best model to results/thesis_model_results/outputs/scaler_comparison_mtlsh/MTLSH__mse__log1p__seed42/mtlsh_state_dict_best.pt
Epoch 005 | train_loss=6.6132e-02 | train_eval_loss=6.1214e-02 | val_loss=6.3140e-02 | | lr=1.00e-03
Saved best model to results/thesis_model_results/outputs/scaler_comparison_mtlsh/MTLSH__mse__log1p__seed42/mtlsh_state_dict_best.pt
Epoch 006 | train_loss=5.9496e-02 | train_eval_loss=5.4448e-02 | val_loss=5.6764e-02 | | lr=1.00e-03
Saved best model to results/thesis_model_results/outputs/scaler_comparison_mtlsh/MTLSH__mse__log1p__seed42/mtlsh_state_dict_best.pt
Epoch 007 | train_loss=5.4369e-02 | train_eval_loss=5.4663e-02 | val_loss=5.7295e-02 | | lr=1.00e-03
Epoch 008 | train_loss=5.1718e-02 | train_eval_loss=5.0182e-02 | val_loss=5.3797e-02 | | lr=1.00e-03
Saved best model to results/thesis_model_results/outputs/scaler_comparison_mtlsh/MTLSH__mse__log1p__seed42/mtlsh_state_dict_best.pt
Epoch 009 | train_loss=4.8122e-02 | train_eval_loss=4.5446e-02 | val_loss=4.9354e-02 | | lr=1.00e-03
Saved best model to results/thesis_model_results/outputs/scaler_comparison_mtlsh/MTLSH__mse__log1p__seed42/mtlsh_state_dict_best.pt
Epoch 010 | train_loss=4.6765e-02 | train_eval_loss=4.6030e-02 | val_loss=4.8848e-02 | | lr=1.00e-03
Saved best model to results/thesis_model_results/outputs/scaler_comparison_mtlsh/MTLSH__mse__log1p__seed42/mtlsh_state_dict_best.pt
Epoch 011 | train_loss=4.4055e-02 | train_eval_loss=4.3039e-02 | val_loss=4.7285e-02 | | lr=1.00e-03
Saved best model to results/thesis_model_results/outputs/scaler_comparison_mtlsh/MTLSH__mse__log1p__seed42/mtlsh_state_dict_best.pt
Epoch 012 | train_loss=4.2731e-02 | train_eval_loss=4.0844e-02 | val_loss=4.5565e-02 | | lr=1.00e-03
Saved best model to results/thesis_model_results/outputs/scaler_comparison_mtlsh/MTLSH__mse__log1p__seed42/mtlsh_state_dict_best.pt
Epoch 013 | train_loss=4.1202e-02 | train_eval_loss=3.9318e-02 | val_loss=4.3425e-02 | | lr=1.00e-03
Saved best model to results/thesis_model_results/outputs/scaler_comparison_mtlsh/MTLSH__mse__log1p__seed42/mtlsh_state_dict_best.pt
Epoch 014 | train_loss=3.9624e-02 | train_eval_loss=4.0408e-02 | val_loss=4.5106e-02 | | lr=1.00e-03
Epoch 015 | train_loss=3.8066e-02 | train_eval_loss=3.3894e-02 | val_loss=3.9643e-02 | | lr=1.00e-03
Saved best model to results/thesis_model_results/outputs/scaler_comparison_mtlsh/MTLSH__mse__log1p__seed42/mtlsh_state_dict_best.pt
Epoch 016 | train_loss=3.6551e-02 | train_eval_loss=3.6224e-02 | val_loss=4.1744e-02 | | lr=1.00e-03
Epoch 017 | train_loss=3.5945e-02 | train_eval_loss=4.1984e-02 | val_loss=4.7465e-02 | | lr=1.00e-03
Epoch 018 | train_loss=3.4567e-02 | train_eval_loss=3.3279e-02 | val_loss=3.8781e-02 | | lr=1.00e-03
Saved best model to results/thesis_model_results/outputs/scaler_comparison_mtlsh/MTLSH__mse__log1p__seed42/mtlsh_state_dict_best.pt
Epoch 019 | train_loss=3.5844e-02 | train_eval_loss=3.4880e-02 | val_loss=4.0796e-02 | | lr=1.00e-03
Epoch 020 | train_loss=3.3359e-02 | train_eval_loss=3.1488e-02 | val_loss=3.7616e-02 | | lr=1.00e-03
Saved best model to results/thesis_model_results/outputs/scaler_comparison_mtlsh/MTLSH__mse__log1p__seed42/mtlsh_state_dict_best.pt
Epoch 021 | train_loss=3.2097e-02 | train_eval_loss=3.3290e-02 | val_loss=3.9311e-02 | | lr=1.00e-03
Epoch 022 | train_loss=3.1246e-02 | train_eval_loss=3.0674e-02 | val_loss=3.6923e-02 | | lr=1.00e-03
Saved best model to results/thesis_model_results/outputs/scaler_comparison_mtlsh/MTLSH__mse__log1p__seed42/mtlsh_state_dict_best.pt
Epoch 023 | train_loss=2.9966e-02 | train_eval_loss=2.8734e-02 | val_loss=3.5943e-02 | | lr=1.00e-03
Saved best model to results/thesis_model_results/outputs/scaler_comparison_mtlsh/MTLSH__mse__log1p__seed42/mtlsh_state_dict_best.pt
Epoch 024 | train_loss=3.0083e-02 | train_eval_loss=2.6347e-02 | val_loss=3.4124e-02 | | lr=1.00e-03
Saved best model to results/thesis_model_results/outputs/scaler_comparison_mtlsh/MTLSH__mse__log1p__seed42/mtlsh_state_dict_best.pt
Epoch 025 | train_loss=2.6821e-02 | train_eval_loss=2.4666e-02 | val_loss=3.2202e-02 | | lr=1.00e-03
Saved best model to results/thesis_model_results/outputs/scaler_comparison_mtlsh/MTLSH__mse__log1p__seed42/mtlsh_state_dict_best.pt
Epoch 026 | train_loss=2.7299e-02 | train_eval_loss=2.7347e-02 | val_loss=3.5113e-02 | | lr=1.00e-03
Epoch 027 | train_loss=2.7476e-02 | train_eval_loss=2.6241e-02 | val_loss=3.3876e-02 | | lr=1.00e-03
Epoch 028 | train_loss=2.7023e-02 | train_eval_loss=2.5386e-02 | val_loss=3.4008e-02 | | lr=1.00e-03
Epoch 029 | train_loss=2.6246e-02 | train_eval_loss=2.3823e-02 | val_loss=3.3194e-02 | | lr=1.00e-03
Epoch 030 | train_loss=2.6034e-02 | train_eval_loss=2.1636e-02 | val_loss=3.1326e-02 | | lr=1.00e-03
Saved best model to results/thesis_model_results/outputs/scaler_comparison_mtlsh/MTLSH__mse__log1p__seed42/mtlsh_state_dict_best.pt
Epoch 031 | train_loss=2.4267e-02 | train_eval_loss=2.1676e-02 | val_loss=3.0968e-02 | | lr=1.00e-03
Saved best model to results/thesis_model_results/outputs/scaler_comparison_mtlsh/MTLSH__mse__log1p__seed42/mtlsh_state_dict_best.pt
Epoch 032 | train_loss=2.4178e-02 | train_eval_loss=2.3602e-02 | val_loss=3.2409e-02 | | lr=1.00e-03
Epoch 033 | train_loss=2.2961e-02 | train_eval_loss=2.3700e-02 | val_loss=3.3490e-02 | | lr=1.00e-03
Epoch 034 | train_loss=2.2183e-02 | train_eval_loss=2.0545e-02 | val_loss=2.9880e-02 | | lr=1.00e-03
Saved best model to results/thesis_model_results/outputs/scaler_comparison_mtlsh/MTLSH__mse__log1p__seed42/mtlsh_state_dict_best.pt
Epoch 035 | train_loss=2.2946e-02 | train_eval_loss=2.2837e-02 | val_loss=3.3405e-02 | | lr=1.00e-03
Epoch 036 | train_loss=2.2917e-02 | train_eval_loss=2.0534e-02 | val_loss=3.0634e-02 | | lr=1.00e-03
Epoch 037 | train_loss=2.1376e-02 | train_eval_loss=2.2152e-02 | val_loss=3.2306e-02 | | lr=1.00e-03
Epoch 038 | train_loss=2.1245e-02 | train_eval_loss=2.1001e-02 | val_loss=3.2281e-02 | | lr=1.00e-03
Epoch 039 | train_loss=2.0704e-02 | train_eval_loss=2.0202e-02 | val_loss=3.0175e-02 | | lr=1.00e-03
Epoch 040 | train_loss=2.0741e-02 | train_eval_loss=1.7935e-02 | val_loss=2.8892e-02 | | lr=1.00e-03
Saved best model to results/thesis_model_results/outputs/scaler_comparison_mtlsh/MTLSH__mse__log1p__seed42/mtlsh_state_dict_best.pt
Epoch 041 | train_loss=2.0972e-02 | train_eval_loss=2.2140e-02 | val_loss=3.1903e-02 | | lr=1.00e-03
Epoch 042 | train_loss=2.2840e-02 | train_eval_loss=2.4039e-02 | val_loss=3.4575e-02 | | lr=1.00e-03
Epoch 043 | train_loss=2.0484e-02 | train_eval_loss=1.8884e-02 | val_loss=3.0460e-02 | | lr=1.00e-03
Epoch 044 | train_loss=1.9160e-02 | train_eval_loss=1.7726e-02 | val_loss=2.9902e-02 | | lr=1.00e-03
Epoch 045 | train_loss=1.9297e-02 | train_eval_loss=1.8892e-02 | val_loss=3.0119e-02 | | lr=1.00e-03
Epoch 046 | train_loss=1.9005e-02 | train_eval_loss=2.2119e-02 | val_loss=3.3452e-02 | | lr=1.00e-03
Epoch 047 | train_loss=1.8725e-02 | train_eval_loss=2.3666e-02 | val_loss=3.5158e-02 | | lr=1.00e-03
Epoch 048 | train_loss=1.8679e-02 | train_eval_loss=1.6384e-02 | val_loss=2.8907e-02 | | lr=1.00e-03
Epoch 049 | train_loss=1.8435e-02 | train_eval_loss=1.8272e-02 | val_loss=2.9495e-02 | | lr=1.00e-03
Epoch 050 | train_loss=1.4403e-02 | train_eval_loss=1.2652e-02 | val_loss=2.4948e-02 | | lr=5.00e-04
Saved best model to results/thesis_model_results/outputs/scaler_comparison_mtlsh/MTLSH__mse__log1p__seed42/mtlsh_state_dict_best.pt
Epoch 051 | train_loss=1.2581e-02 | train_eval_loss=1.1557e-02 | val_loss=2.4594e-02 | | lr=5.00e-04
Saved best model to results/thesis_model_results/outputs/scaler_comparison_mtlsh/MTLSH__mse__log1p__seed42/mtlsh_state_dict_best.pt
Epoch 052 | train_loss=1.2414e-02 | train_eval_loss=1.1828e-02 | val_loss=2.4272e-02 | | lr=5.00e-04
Saved best model to results/thesis_model_results/outputs/scaler_comparison_mtlsh/MTLSH__mse__log1p__seed42/mtlsh_state_dict_best.pt
Epoch 053 | train_loss=1.2694e-02 | train_eval_loss=1.1437e-02 | val_loss=2.5122e-02 | | lr=5.00e-04
Epoch 054 | train_loss=1.2355e-02 | train_eval_loss=1.1978e-02 | val_loss=2.5413e-02 | | lr=5.00e-04
Epoch 055 | train_loss=1.2445e-02 | train_eval_loss=1.2590e-02 | val_loss=2.5528e-02 | | lr=5.00e-04
Epoch 056 | train_loss=1.2668e-02 | train_eval_loss=1.3263e-02 | val_loss=2.6389e-02 | | lr=5.00e-04
Epoch 057 | train_loss=1.2075e-02 | train_eval_loss=1.1472e-02 | val_loss=2.4835e-02 | | lr=5.00e-04
Epoch 058 | train_loss=1.1500e-02 | train_eval_loss=1.0588e-02 | val_loss=2.4027e-02 | | lr=5.00e-04
Saved best model to results/thesis_model_results/outputs/scaler_comparison_mtlsh/MTLSH__mse__log1p__seed42/mtlsh_state_dict_best.pt
Epoch 059 | train_loss=1.1541e-02 | train_eval_loss=1.0745e-02 | val_loss=2.4777e-02 | | lr=5.00e-04
Epoch 060 | train_loss=1.1170e-02 | train_eval_loss=1.1055e-02 | val_loss=2.4706e-02 | | lr=5.00e-04
Epoch 061 | train_loss=1.1623e-02 | train_eval_loss=1.0559e-02 | val_loss=2.4342e-02 | | lr=5.00e-04
Epoch 062 | train_loss=1.1711e-02 | train_eval_loss=1.0438e-02 | val_loss=2.4274e-02 | | lr=5.00e-04
Epoch 063 | train_loss=1.1395e-02 | train_eval_loss=1.0488e-02 | val_loss=2.3914e-02 | | lr=5.00e-04
Saved best model to results/thesis_model_results/outputs/scaler_comparison_mtlsh/MTLSH__mse__log1p__seed42/mtlsh_state_dict_best.pt
Epoch 064 | train_loss=1.0921e-02 | train_eval_loss=9.6634e-03 | val_loss=2.3757e-02 | | lr=5.00e-04
Saved best model to results/thesis_model_results/outputs/scaler_comparison_mtlsh/MTLSH__mse__log1p__seed42/mtlsh_state_dict_best.pt
Epoch 065 | train_loss=1.0816e-02 | train_eval_loss=1.1138e-02 | val_loss=2.5297e-02 | | lr=5.00e-04
Epoch 066 | train_loss=1.1435e-02 | train_eval_loss=1.2386e-02 | val_loss=2.6256e-02 | | lr=5.00e-04
Epoch 067 | train_loss=1.1151e-02 | train_eval_loss=9.8105e-03 | val_loss=2.4296e-02 | | lr=5.00e-04
Epoch 068 | train_loss=1.0906e-02 | train_eval_loss=1.1045e-02 | val_loss=2.5954e-02 | | lr=5.00e-04
Epoch 069 | train_loss=1.0798e-02 | train_eval_loss=9.4187e-03 | val_loss=2.4089e-02 | | lr=5.00e-04
Epoch 070 | train_loss=1.0468e-02 | train_eval_loss=9.6551e-03 | val_loss=2.4209e-02 | | lr=5.00e-04
Epoch 071 | train_loss=1.0002e-02 | train_eval_loss=1.0063e-02 | val_loss=2.4614e-02 | | lr=5.00e-04
Epoch 072 | train_loss=1.0632e-02 | train_eval_loss=1.0090e-02 | val_loss=2.5646e-02 | | lr=5.00e-04
Epoch 073 | train_loss=1.0414e-02 | train_eval_loss=1.0905e-02 | val_loss=2.5414e-02 | | lr=5.00e-04
Epoch 074 | train_loss=8.8613e-03 | train_eval_loss=7.8432e-03 | val_loss=2.2789e-02 | | lr=2.50e-04
Saved best model to results/thesis_model_results/outputs/scaler_comparison_mtlsh/MTLSH__mse__log1p__seed42/mtlsh_state_dict_best.pt
Epoch 075 | train_loss=8.0983e-03 | train_eval_loss=7.6778e-03 | val_loss=2.2703e-02 | | lr=2.50e-04
Saved best model to results/thesis_model_results/outputs/scaler_comparison_mtlsh/MTLSH__mse__log1p__seed42/mtlsh_state_dict_best.pt
Epoch 076 | train_loss=7.8721e-03 | train_eval_loss=7.8533e-03 | val_loss=2.2636e-02 | | lr=2.50e-04
Saved best model to results/thesis_model_results/outputs/scaler_comparison_mtlsh/MTLSH__mse__log1p__seed42/mtlsh_state_dict_best.pt
Epoch 077 | train_loss=7.8468e-03 | train_eval_loss=7.4008e-03 | val_loss=2.2432e-02 | | lr=2.50e-04
Saved best model to results/thesis_model_results/outputs/scaler_comparison_mtlsh/MTLSH__mse__log1p__seed42/mtlsh_state_dict_best.pt
Epoch 078 | train_loss=7.8409e-03 | train_eval_loss=7.2687e-03 | val_loss=2.2626e-02 | | lr=2.50e-04
Epoch 079 | train_loss=7.7558e-03 | train_eval_loss=7.5342e-03 | val_loss=2.2664e-02 | | lr=2.50e-04
Epoch 080 | train_loss=7.8151e-03 | train_eval_loss=7.1537e-03 | val_loss=2.2742e-02 | | lr=2.50e-04
Epoch 081 | train_loss=7.8081e-03 | train_eval_loss=7.8551e-03 | val_loss=2.2811e-02 | | lr=2.50e-04
Epoch 082 | train_loss=8.0033e-03 | train_eval_loss=7.1667e-03 | val_loss=2.2787e-02 | | lr=2.50e-04
Epoch 083 | train_loss=7.4657e-03 | train_eval_loss=7.5727e-03 | val_loss=2.2589e-02 | | lr=2.50e-04
Epoch 084 | train_loss=7.6081e-03 | train_eval_loss=7.2692e-03 | val_loss=2.2521e-02 | | lr=2.50e-04
Epoch 085 | train_loss=7.4155e-03 | train_eval_loss=7.5473e-03 | val_loss=2.2700e-02 | | lr=2.50e-04
Epoch 086 | train_loss=7.7333e-03 | train_eval_loss=7.2683e-03 | val_loss=2.3210e-02 | | lr=2.50e-04
Epoch 087 | train_loss=6.8811e-03 | train_eval_loss=6.3632e-03 | val_loss=2.2110e-02 | | lr=1.25e-04
Saved best model to results/thesis_model_results/outputs/scaler_comparison_mtlsh/MTLSH__mse__log1p__seed42/mtlsh_state_dict_best.pt
Epoch 088 | train_loss=6.6285e-03 | train_eval_loss=6.3373e-03 | val_loss=2.2206e-02 | | lr=1.25e-04
Epoch 089 | train_loss=6.5889e-03 | train_eval_loss=6.3600e-03 | val_loss=2.2342e-02 | | lr=1.25e-04
Epoch 090 | train_loss=6.5312e-03 | train_eval_loss=6.3235e-03 | val_loss=2.2155e-02 | | lr=1.25e-04
Epoch 091 | train_loss=6.5662e-03 | train_eval_loss=6.3758e-03 | val_loss=2.2072e-02 | | lr=1.25e-04
Saved best model to results/thesis_model_results/outputs/scaler_comparison_mtlsh/MTLSH__mse__log1p__seed42/mtlsh_state_dict_best.pt
Epoch 092 | train_loss=6.6232e-03 | train_eval_loss=6.3413e-03 | val_loss=2.2140e-02 | | lr=1.25e-04
Epoch 093 | train_loss=6.5230e-03 | train_eval_loss=6.2775e-03 | val_loss=2.2364e-02 | | lr=1.25e-04
Epoch 094 | train_loss=6.5469e-03 | train_eval_loss=6.3745e-03 | val_loss=2.2305e-02 | | lr=1.25e-04
Epoch 095 | train_loss=6.5167e-03 | train_eval_loss=6.2658e-03 | val_loss=2.2149e-02 | | lr=1.25e-04
Epoch 096 | train_loss=6.4341e-03 | train_eval_loss=6.2300e-03 | val_loss=2.2394e-02 | | lr=1.25e-04
Epoch 097 | train_loss=6.3669e-03 | train_eval_loss=6.0679e-03 | val_loss=2.2024e-02 | | lr=1.25e-04
Saved best model to results/thesis_model_results/outputs/scaler_comparison_mtlsh/MTLSH__mse__log1p__seed42/mtlsh_state_dict_best.pt
Epoch 098 | train_loss=6.3482e-03 | train_eval_loss=6.0504e-03 | val_loss=2.2074e-02 | | lr=1.25e-04
Epoch 099 | train_loss=6.2940e-03 | train_eval_loss=6.0391e-03 | val_loss=2.2205e-02 | | lr=1.25e-04
Epoch 100 | train_loss=6.2696e-03 | train_eval_loss=6.1144e-03 | val_loss=2.2152e-02 | | lr=1.25e-04
Epoch 101 | train_loss=6.3423e-03 | train_eval_loss=6.2232e-03 | val_loss=2.2025e-02 | | lr=1.25e-04
Epoch 102 | train_loss=6.3061e-03 | train_eval_loss=5.9998e-03 | val_loss=2.2275e-02 | | lr=1.25e-04
Epoch 103 | train_loss=6.3555e-03 | train_eval_loss=6.0240e-03 | val_loss=2.2156e-02 | | lr=1.25e-04
Epoch 104 | train_loss=6.1616e-03 | train_eval_loss=6.0237e-03 | val_loss=2.2232e-02 | | lr=1.25e-04
Epoch 105 | train_loss=6.1727e-03 | train_eval_loss=6.0674e-03 | val_loss=2.2688e-02 | | lr=1.25e-04
Epoch 106 | train_loss=6.2284e-03 | train_eval_loss=6.0194e-03 | val_loss=2.2371e-02 | | lr=1.25e-04
Epoch 107 | train_loss=5.8621e-03 | train_eval_loss=5.6373e-03 | val_loss=2.1910e-02 | | lr=6.25e-05
Saved best model to results/thesis_model_results/outputs/scaler_comparison_mtlsh/MTLSH__mse__log1p__seed42/mtlsh_state_dict_best.pt
Epoch 108 | train_loss=5.7232e-03 | train_eval_loss=5.6294e-03 | val_loss=2.1933e-02 | | lr=6.25e-05
Epoch 109 | train_loss=5.7381e-03 | train_eval_loss=5.5874e-03 | val_loss=2.1877e-02 | | lr=6.25e-05
Saved best model to results/thesis_model_results/outputs/scaler_comparison_mtlsh/MTLSH__mse__log1p__seed42/mtlsh_state_dict_best.pt
Epoch 110 | train_loss=5.7028e-03 | train_eval_loss=5.5772e-03 | val_loss=2.1873e-02 | | lr=6.25e-05
Saved best model to results/thesis_model_results/outputs/scaler_comparison_mtlsh/MTLSH__mse__log1p__seed42/mtlsh_state_dict_best.pt
Epoch 111 | train_loss=5.6953e-03 | train_eval_loss=5.5493e-03 | val_loss=2.2032e-02 | | lr=6.25e-05
Epoch 112 | train_loss=5.6827e-03 | train_eval_loss=5.5272e-03 | val_loss=2.2016e-02 | | lr=6.25e-05
Epoch 113 | train_loss=5.6694e-03 | train_eval_loss=5.5311e-03 | val_loss=2.2056e-02 | | lr=6.25e-05
Epoch 114 | train_loss=5.6465e-03 | train_eval_loss=5.5002e-03 | val_loss=2.2029e-02 | | lr=6.25e-05
Epoch 115 | train_loss=5.6338e-03 | train_eval_loss=5.6337e-03 | val_loss=2.2240e-02 | | lr=6.25e-05
Epoch 116 | train_loss=5.6563e-03 | train_eval_loss=5.4682e-03 | val_loss=2.2031e-02 | | lr=6.25e-05
Epoch 117 | train_loss=5.6120e-03 | train_eval_loss=5.4625e-03 | val_loss=2.2074e-02 | | lr=6.25e-05
Epoch 118 | train_loss=5.6063e-03 | train_eval_loss=5.4468e-03 | val_loss=2.2004e-02 | | lr=6.25e-05
Epoch 119 | train_loss=5.5689e-03 | train_eval_loss=5.4264e-03 | val_loss=2.2001e-02 | | lr=6.25e-05
Epoch 120 | train_loss=5.4356e-03 | train_eval_loss=5.2847e-03 | val_loss=2.1933e-02 | | lr=3.13e-05
Epoch 121 | train_loss=5.3931e-03 | train_eval_loss=5.2993e-03 | val_loss=2.1913e-02 | | lr=3.13e-05
Epoch 122 | train_loss=5.3797e-03 | train_eval_loss=5.3195e-03 | val_loss=2.1936e-02 | | lr=3.13e-05
Epoch 123 | train_loss=5.3731e-03 | train_eval_loss=5.2900e-03 | val_loss=2.1798e-02 | | lr=3.13e-05
Saved best model to results/thesis_model_results/outputs/scaler_comparison_mtlsh/MTLSH__mse__log1p__seed42/mtlsh_state_dict_best.pt
Epoch 124 | train_loss=5.3601e-03 | train_eval_loss=5.2707e-03 | val_loss=2.1876e-02 | | lr=3.13e-05
Epoch 125 | train_loss=5.3504e-03 | train_eval_loss=5.3192e-03 | val_loss=2.2018e-02 | | lr=3.13e-05
Epoch 126 | train_loss=5.3490e-03 | train_eval_loss=5.2599e-03 | val_loss=2.1847e-02 | | lr=3.13e-05
Epoch 127 | train_loss=5.3525e-03 | train_eval_loss=5.2327e-03 | val_loss=2.1945e-02 | | lr=3.13e-05
Epoch 128 | train_loss=5.3260e-03 | train_eval_loss=5.2393e-03 | val_loss=2.1850e-02 | | lr=3.13e-05
Epoch 129 | train_loss=5.3339e-03 | train_eval_loss=5.2364e-03 | val_loss=2.1899e-02 | | lr=3.13e-05
Epoch 130 | train_loss=5.3220e-03 | train_eval_loss=5.2448e-03 | val_loss=2.1850e-02 | | lr=3.13e-05
Epoch 131 | train_loss=5.3047e-03 | train_eval_loss=5.2139e-03 | val_loss=2.1864e-02 | | lr=3.13e-05
Epoch 132 | train_loss=5.3010e-03 | train_eval_loss=5.1967e-03 | val_loss=2.1964e-02 | | lr=3.13e-05
Epoch 133 | train_loss=5.2170e-03 | train_eval_loss=5.1638e-03 | val_loss=2.1933e-02 | | lr=1.56e-05
Epoch 134 | train_loss=5.2077e-03 | train_eval_loss=5.1522e-03 | val_loss=2.1904e-02 | | lr=1.56e-05
Epoch 135 | train_loss=5.2053e-03 | train_eval_loss=5.1508e-03 | val_loss=2.1911e-02 | | lr=1.56e-05
Epoch 136 | train_loss=5.1976e-03 | train_eval_loss=5.1418e-03 | val_loss=2.1915e-02 | | lr=1.56e-05
Epoch 137 | train_loss=5.1970e-03 | train_eval_loss=5.1281e-03 | val_loss=2.1890e-02 | | lr=1.56e-05
Epoch 138 | train_loss=5.1913e-03 | train_eval_loss=5.1341e-03 | val_loss=2.1901e-02 | | lr=1.56e-05
Epoch 139 | train_loss=5.1860e-03 | train_eval_loss=5.1358e-03 | val_loss=2.1888e-02 | | lr=1.56e-05
Epoch 140 | train_loss=5.1817e-03 | train_eval_loss=5.1346e-03 | val_loss=2.1885e-02 | | lr=1.56e-05
Epoch 141 | train_loss=5.1721e-03 | train_eval_loss=5.1106e-03 | val_loss=2.1849e-02 | | lr=1.56e-05
Epoch 142 | train_loss=5.1346e-03 | train_eval_loss=5.0940e-03 | val_loss=2.1857e-02 | | lr=7.81e-06
Epoch 143 | train_loss=5.1284e-03 | train_eval_loss=5.0935e-03 | val_loss=2.1855e-02 | | lr=7.81e-06
Epoch 144 | train_loss=5.1329e-03 | train_eval_loss=5.0935e-03 | val_loss=2.1809e-02 | | lr=7.81e-06
Epoch 145 | train_loss=5.1256e-03 | train_eval_loss=5.0876e-03 | val_loss=2.1857e-02 | | lr=7.81e-06
Epoch 146 | train_loss=5.1218e-03 | train_eval_loss=5.0909e-03 | val_loss=2.1849e-02 | | lr=7.81e-06
Epoch 147 | train_loss=5.1164e-03 | train_eval_loss=5.0912e-03 | val_loss=2.1828e-02 | | lr=7.81e-06
Epoch 148 | train_loss=5.1157e-03 | train_eval_loss=5.0837e-03 | val_loss=2.1838e-02 | | lr=7.81e-06
Epoch 149 | train_loss=5.1207e-03 | train_eval_loss=5.0769e-03 | val_loss=2.1843e-02 | | lr=7.81e-06
Epoch 150 | train_loss=5.1072e-03 | train_eval_loss=5.0961e-03 | val_loss=2.1864e-02 | | lr=7.81e-06
Epoch 151 | train_loss=5.0904e-03 | train_eval_loss=5.0720e-03 | val_loss=2.1802e-02 | | lr=3.91e-06
Epoch 152 | train_loss=5.0867e-03 | train_eval_loss=5.0654e-03 | val_loss=2.1858e-02 | | lr=3.91e-06
Epoch 153 | train_loss=5.0845e-03 | train_eval_loss=5.0670e-03 | val_loss=2.1810e-02 | | lr=3.91e-06
Epoch 154 | train_loss=5.0860e-03 | train_eval_loss=5.0645e-03 | val_loss=2.1806e-02 | | lr=3.91e-06
Epoch 155 | train_loss=5.0832e-03 | train_eval_loss=5.0644e-03 | val_loss=2.1825e-02 | | lr=3.91e-06
Epoch 156 | train_loss=5.0818e-03 | train_eval_loss=5.0594e-03 | val_loss=2.1821e-02 | | lr=3.91e-06
Epoch 157 | train_loss=5.0791e-03 | train_eval_loss=5.0599e-03 | val_loss=2.1836e-02 | | lr=3.91e-06
Epoch 158 | train_loss=5.0824e-03 | train_eval_loss=5.0620e-03 | val_loss=2.1863e-02 | | lr=3.91e-06
Epoch 159 | train_loss=5.0773e-03 | train_eval_loss=5.0581e-03 | val_loss=2.1856e-02 | | lr=3.91e-06
Epoch 160 | train_loss=5.0647e-03 | train_eval_loss=5.0530e-03 | val_loss=2.1818e-02 | | lr=1.95e-06
Epoch 161 | train_loss=5.0641e-03 | train_eval_loss=5.0523e-03 | val_loss=2.1828e-02 | | lr=1.95e-06
Epoch 162 | train_loss=5.0629e-03 | train_eval_loss=5.0519e-03 | val_loss=2.1827e-02 | | lr=1.95e-06
Epoch 163 | train_loss=5.0637e-03 | train_eval_loss=5.0512e-03 | val_loss=2.1836e-02 | | lr=1.95e-06
Epoch 164 | train_loss=5.0632e-03 | train_eval_loss=5.0504e-03 | val_loss=2.1819e-02 | | lr=1.95e-06
Epoch 165 | train_loss=5.0611e-03 | train_eval_loss=5.0501e-03 | val_loss=2.1835e-02 | | lr=1.95e-06
Epoch 166 | train_loss=5.0605e-03 | train_eval_loss=5.0486e-03 | val_loss=2.1841e-02 | | lr=1.95e-06
Epoch 167 | train_loss=5.0606e-03 | train_eval_loss=5.0480e-03 | val_loss=2.1832e-02 | | lr=1.95e-06
Epoch 168 | train_loss=5.0602e-03 | train_eval_loss=5.0485e-03 | val_loss=2.1834e-02 | | lr=1.95e-06
Epoch 169 | train_loss=5.0537e-03 | train_eval_loss=5.0463e-03 | val_loss=2.1839e-02 | | lr=9.77e-07
Epoch 170 | train_loss=5.0523e-03 | train_eval_loss=5.0459e-03 | val_loss=2.1828e-02 | | lr=9.77e-07
Epoch 171 | train_loss=5.0521e-03 | train_eval_loss=5.0458e-03 | val_loss=2.1825e-02 | | lr=9.77e-07
Epoch 172 | train_loss=5.0520e-03 | train_eval_loss=5.0450e-03 | val_loss=2.1833e-02 | | lr=9.77e-07
Epoch 173 | train_loss=5.0515e-03 | train_eval_loss=5.0449e-03 | val_loss=2.1826e-02 | | lr=9.77e-07
Epoch 174 | train_loss=5.0505e-03 | train_eval_loss=5.0442e-03 | val_loss=2.1836e-02 | | lr=9.77e-07
Epoch 175 | train_loss=5.0504e-03 | train_eval_loss=5.0440e-03 | val_loss=2.1837e-02 | | lr=9.77e-07
Epoch 176 | train_loss=5.0499e-03 | train_eval_loss=5.0438e-03 | val_loss=2.1837e-02 | | lr=9.77e-07
Epoch 177 | train_loss=5.0501e-03 | train_eval_loss=5.0433e-03 | val_loss=2.1838e-02 | | lr=9.77e-07
Epoch 178 | train_loss=5.0465e-03 | train_eval_loss=5.0429e-03 | val_loss=2.1831e-02 | | lr=4.88e-07
Epoch 179 | train_loss=5.0462e-03 | train_eval_loss=5.0427e-03 | val_loss=2.1833e-02 | | lr=4.88e-07
Epoch 180 | train_loss=5.0463e-03 | train_eval_loss=5.0425e-03 | val_loss=2.1832e-02 | | lr=4.88e-07
Epoch 181 | train_loss=5.0459e-03 | train_eval_loss=5.0423e-03 | val_loss=2.1833e-02 | | lr=4.88e-07
Epoch 182 | train_loss=5.0454e-03 | train_eval_loss=5.0421e-03 | val_loss=2.1832e-02 | | lr=4.88e-07
Epoch 183 | train_loss=5.0451e-03 | train_eval_loss=5.0419e-03 | val_loss=2.1834e-02 | | lr=4.88e-07
Epoch 184 | train_loss=5.0452e-03 | train_eval_loss=5.0417e-03 | val_loss=2.1835e-02 | | lr=4.88e-07
Epoch 185 | train_loss=5.0451e-03 | train_eval_loss=5.0416e-03 | val_loss=2.1837e-02 | | lr=4.88e-07
Epoch 186 | train_loss=5.0445e-03 | train_eval_loss=5.0414e-03 | val_loss=2.1836e-02 | | lr=4.88e-07
Epoch 187 | train_loss=5.0432e-03 | train_eval_loss=5.0413e-03 | val_loss=2.1834e-02 | | lr=2.44e-07
Epoch 188 | train_loss=5.0428e-03 | train_eval_loss=5.0411e-03 | val_loss=2.1833e-02 | | lr=2.44e-07
Epoch 189 | train_loss=5.0427e-03 | train_eval_loss=5.0410e-03 | val_loss=2.1833e-02 | | lr=2.44e-07
Epoch 190 | train_loss=5.0427e-03 | train_eval_loss=5.0410e-03 | val_loss=2.1833e-02 | | lr=2.44e-07
Epoch 191 | train_loss=5.0426e-03 | train_eval_loss=5.0409e-03 | val_loss=2.1834e-02 | | lr=2.44e-07
Epoch 192 | train_loss=5.0425e-03 | train_eval_loss=5.0408e-03 | val_loss=2.1833e-02 | | lr=2.44e-07
Epoch 193 | train_loss=5.0424e-03 | train_eval_loss=5.0407e-03 | val_loss=2.1833e-02 | | lr=2.44e-07
Epoch 194 | train_loss=5.0425e-03 | train_eval_loss=5.0406e-03 | val_loss=2.1834e-02 | | lr=2.44e-07
Epoch 195 | train_loss=5.0422e-03 | train_eval_loss=5.0405e-03 | val_loss=2.1834e-02 | | lr=2.44e-07
Epoch 196 | train_loss=5.0413e-03 | train_eval_loss=5.0404e-03 | val_loss=2.1833e-02 | | lr=1.22e-07
Epoch 197 | train_loss=5.0414e-03 | train_eval_loss=5.0404e-03 | val_loss=2.1833e-02 | | lr=1.22e-07
Epoch 198 | train_loss=5.0413e-03 | train_eval_loss=5.0403e-03 | val_loss=2.1832e-02 | | lr=1.22e-07
Epoch 199 | train_loss=5.0412e-03 | train_eval_loss=5.0403e-03 | val_loss=2.1833e-02 | | lr=1.22e-07
Epoch 200 | train_loss=5.0411e-03 | train_eval_loss=5.0402e-03 | val_loss=2.1833e-02 | | lr=1.22e-07
Saved training logs to results/thesis_model_results/outputs/scaler_comparison_mtlsh/MTLSH__mse__log1p__seed42/training_summary.txt
Test RMSE(rocof_COI) = 0.0103 | norm: 0.0615 | real_diff: 0.0064
Test RMSE(dev_COI) = 0.0178 | norm: 0.0525 | real_diff: 0.0087
Test RMSE(Delta_P_IBR_1) = 0.0931 | norm: 0.1522 | real_diff: 0.0514
Test RMSE(Delta_P_IBR_2) = 0.0909 | norm: 0.1195 | real_diff: 0.0412
Test RMSE(Delta_P_IBR_3) = 0.1621 | norm: 0.2617 | real_diff: 0.0721
Test RMSE(Delta_P_IBR_4) = 0.1452 | norm: 0.1487 | real_diff: 0.0764
Saved RMSE results to results/thesis_model_results/outputs/scaler_comparison_mtlsh/MTLSH__mse__log1p__seed42/rmse_results.txt
Saved detailed metrics to results/thesis_model_results/outputs/scaler_comparison_mtlsh/MTLSH__mse__log1p__seed42/metrics_by_target.csv
Saved aggregate metrics to results/thesis_model_results/outputs/scaler_comparison_mtlsh/MTLSH__mse__log1p__seed42/metrics_summary.json
Saved loss curves to results/thesis_model_results/outputs/scaler_comparison_mtlsh/MTLSH__mse__log1p__seed42/loss_curve.png
Saved scatter plot results/thesis_model_results/outputs/scaler_comparison_mtlsh/MTLSH__mse__log1p__seed42/scatter_rocof_COI.png
Saved scatter plot results/thesis_model_results/outputs/scaler_comparison_mtlsh/MTLSH__mse__log1p__seed42/scatter_dev_COI.png
Saved scatter plot results/thesis_model_results/outputs/scaler_comparison_mtlsh/MTLSH__mse__log1p__seed42/scatter_Delta_P_IBR_1.png
Saved scatter plot results/thesis_model_results/outputs/scaler_comparison_mtlsh/MTLSH__mse__log1p__seed42/scatter_Delta_P_IBR_2.png
Saved scatter plot results/thesis_model_results/outputs/scaler_comparison_mtlsh/MTLSH__mse__log1p__seed42/scatter_Delta_P_IBR_3.png
Saved scatter plot results/thesis_model_results/outputs/scaler_comparison_mtlsh/MTLSH__mse__log1p__seed42/scatter_Delta_P_IBR_4.png
Saved model to results/thesis_model_results/outputs/scaler_comparison_mtlsh/MTLSH__mse__log1p__seed42/mtlsh_state_dict.pt
Loss type: mse | weights=[]
Target stats (scaled):
train mean=[ 0. -0.  0.  0. -0.  0.]
train std=[1. 1. 1. 1. 1. 1.]
train q05=[-1.7702 -1.394  -1.5145 -1.7433 -1.2413 -1.7471]
train q95=[1.7898 2.0142 1.5772 1.512  1.8496 1.6033]
val mean=[-0.0124 -0.0126  0.002   0.0083  0.011   0.0074]
val std=[0.984  0.9828 0.9844 1.0084 0.9848 0.9772]
val q05=[-1.7489 -1.3914 -1.5116 -1.7439 -1.2168 -1.7063]
val q95=[1.7552 1.9956 1.5881 1.5335 1.8418 1.5753]
val/train std ratio=[0.984  0.9828 0.9844 1.0084 0.9848 0.9772]
LR scheduler: ReduceLROnPlateau (factor=0.5, patience=8, min_lr=1e-07)
Epoch 001 | train_loss=4.4107e-01 | train_eval_loss=2.3259e-01 | val_loss=2.2879e-01 | | lr=1.00e-03
Saved best model to results/thesis_model_results/outputs/scaler_comparison_mtlgsh/MTLGSH__mse__standard__seed42/mtlgsh_state_dict_best.pt
Epoch 002 | train_loss=1.7088e-01 | train_eval_loss=1.0585e-01 | val_loss=1.0430e-01 | | lr=1.00e-03
Saved best model to results/thesis_model_results/outputs/scaler_comparison_mtlgsh/MTLGSH__mse__standard__seed42/mtlgsh_state_dict_best.pt
Epoch 003 | train_loss=9.8588e-02 | train_eval_loss=7.7939e-02 | val_loss=7.7457e-02 | | lr=1.00e-03
Saved best model to results/thesis_model_results/outputs/scaler_comparison_mtlgsh/MTLGSH__mse__standard__seed42/mtlgsh_state_dict_best.pt
Epoch 004 | train_loss=8.0055e-02 | train_eval_loss=6.6233e-02 | val_loss=6.6018e-02 | | lr=1.00e-03
Saved best model to results/thesis_model_results/outputs/scaler_comparison_mtlgsh/MTLGSH__mse__standard__seed42/mtlgsh_state_dict_best.pt
Epoch 005 | train_loss=6.8723e-02 | train_eval_loss=6.3095e-02 | val_loss=6.3570e-02 | | lr=1.00e-03
Saved best model to results/thesis_model_results/outputs/scaler_comparison_mtlgsh/MTLGSH__mse__standard__seed42/mtlgsh_state_dict_best.pt
Epoch 006 | train_loss=6.2837e-02 | train_eval_loss=5.6597e-02 | val_loss=5.7005e-02 | | lr=1.00e-03
Saved best model to results/thesis_model_results/outputs/scaler_comparison_mtlgsh/MTLGSH__mse__standard__seed42/mtlgsh_state_dict_best.pt
Epoch 007 | train_loss=5.7284e-02 | train_eval_loss=5.0189e-02 | val_loss=5.2131e-02 | | lr=1.00e-03
Saved best model to results/thesis_model_results/outputs/scaler_comparison_mtlgsh/MTLGSH__mse__standard__seed42/mtlgsh_state_dict_best.pt
Epoch 008 | train_loss=5.2346e-02 | train_eval_loss=4.4313e-02 | val_loss=4.5989e-02 | | lr=1.00e-03
Saved best model to results/thesis_model_results/outputs/scaler_comparison_mtlgsh/MTLGSH__mse__standard__seed42/mtlgsh_state_dict_best.pt
Epoch 009 | train_loss=4.9201e-02 | train_eval_loss=4.3841e-02 | val_loss=4.6240e-02 | | lr=1.00e-03
Epoch 010 | train_loss=5.0600e-02 | train_eval_loss=4.2274e-02 | val_loss=4.5142e-02 | | lr=1.00e-03
Saved best model to results/thesis_model_results/outputs/scaler_comparison_mtlgsh/MTLGSH__mse__standard__seed42/mtlgsh_state_dict_best.pt
Epoch 011 | train_loss=4.4914e-02 | train_eval_loss=4.3079e-02 | val_loss=4.6441e-02 | | lr=1.00e-03
Epoch 012 | train_loss=4.2650e-02 | train_eval_loss=3.8123e-02 | val_loss=4.0051e-02 | | lr=1.00e-03
Saved best model to results/thesis_model_results/outputs/scaler_comparison_mtlgsh/MTLGSH__mse__standard__seed42/mtlgsh_state_dict_best.pt
Epoch 013 | train_loss=4.3070e-02 | train_eval_loss=3.4191e-02 | val_loss=3.7839e-02 | | lr=1.00e-03
Saved best model to results/thesis_model_results/outputs/scaler_comparison_mtlgsh/MTLGSH__mse__standard__seed42/mtlgsh_state_dict_best.pt
Epoch 014 | train_loss=4.0279e-02 | train_eval_loss=3.2415e-02 | val_loss=3.7045e-02 | | lr=1.00e-03
Saved best model to results/thesis_model_results/outputs/scaler_comparison_mtlgsh/MTLGSH__mse__standard__seed42/mtlgsh_state_dict_best.pt
Epoch 015 | train_loss=3.9364e-02 | train_eval_loss=3.1427e-02 | val_loss=3.5566e-02 | | lr=1.00e-03
Saved best model to results/thesis_model_results/outputs/scaler_comparison_mtlgsh/MTLGSH__mse__standard__seed42/mtlgsh_state_dict_best.pt
Epoch 016 | train_loss=3.8266e-02 | train_eval_loss=2.9995e-02 | val_loss=3.4721e-02 | | lr=1.00e-03
Saved best model to results/thesis_model_results/outputs/scaler_comparison_mtlgsh/MTLGSH__mse__standard__seed42/mtlgsh_state_dict_best.pt
Epoch 017 | train_loss=3.7373e-02 | train_eval_loss=2.9255e-02 | val_loss=3.3722e-02 | | lr=1.00e-03
Saved best model to results/thesis_model_results/outputs/scaler_comparison_mtlgsh/MTLGSH__mse__standard__seed42/mtlgsh_state_dict_best.pt
Epoch 018 | train_loss=3.6072e-02 | train_eval_loss=2.9732e-02 | val_loss=3.3804e-02 | | lr=1.00e-03
Epoch 019 | train_loss=3.5858e-02 | train_eval_loss=3.0095e-02 | val_loss=3.6001e-02 | | lr=1.00e-03
Epoch 020 | train_loss=3.4478e-02 | train_eval_loss=2.8022e-02 | val_loss=3.2963e-02 | | lr=1.00e-03
Saved best model to results/thesis_model_results/outputs/scaler_comparison_mtlgsh/MTLGSH__mse__standard__seed42/mtlgsh_state_dict_best.pt
Epoch 021 | train_loss=3.4449e-02 | train_eval_loss=2.6670e-02 | val_loss=3.1374e-02 | | lr=1.00e-03
Saved best model to results/thesis_model_results/outputs/scaler_comparison_mtlgsh/MTLGSH__mse__standard__seed42/mtlgsh_state_dict_best.pt
Epoch 022 | train_loss=3.2261e-02 | train_eval_loss=2.6720e-02 | val_loss=3.2061e-02 | | lr=1.00e-03
Epoch 023 | train_loss=3.2794e-02 | train_eval_loss=2.7214e-02 | val_loss=3.2794e-02 | | lr=1.00e-03
Epoch 024 | train_loss=3.2507e-02 | train_eval_loss=2.9404e-02 | val_loss=3.5298e-02 | | lr=1.00e-03
Epoch 025 | train_loss=3.2103e-02 | train_eval_loss=2.4427e-02 | val_loss=3.0098e-02 | | lr=1.00e-03
Saved best model to results/thesis_model_results/outputs/scaler_comparison_mtlgsh/MTLGSH__mse__standard__seed42/mtlgsh_state_dict_best.pt
Epoch 026 | train_loss=2.9941e-02 | train_eval_loss=2.5767e-02 | val_loss=3.1708e-02 | | lr=1.00e-03
Epoch 027 | train_loss=2.9535e-02 | train_eval_loss=2.2137e-02 | val_loss=2.8623e-02 | | lr=1.00e-03
Saved best model to results/thesis_model_results/outputs/scaler_comparison_mtlgsh/MTLGSH__mse__standard__seed42/mtlgsh_state_dict_best.pt
Epoch 028 | train_loss=2.8723e-02 | train_eval_loss=2.3482e-02 | val_loss=3.0539e-02 | | lr=1.00e-03
Epoch 029 | train_loss=2.8715e-02 | train_eval_loss=2.0833e-02 | val_loss=2.8274e-02 | | lr=1.00e-03
Saved best model to results/thesis_model_results/outputs/scaler_comparison_mtlgsh/MTLGSH__mse__standard__seed42/mtlgsh_state_dict_best.pt
Epoch 030 | train_loss=2.8760e-02 | train_eval_loss=2.4889e-02 | val_loss=3.1962e-02 | | lr=1.00e-03
Epoch 031 | train_loss=2.7798e-02 | train_eval_loss=2.5286e-02 | val_loss=3.2361e-02 | | lr=1.00e-03
Epoch 032 | train_loss=2.8902e-02 | train_eval_loss=2.2753e-02 | val_loss=2.9911e-02 | | lr=1.00e-03
Epoch 033 | train_loss=2.9005e-02 | train_eval_loss=2.3919e-02 | val_loss=3.0562e-02 | | lr=1.00e-03
Epoch 034 | train_loss=2.7821e-02 | train_eval_loss=2.0758e-02 | val_loss=2.9497e-02 | | lr=1.00e-03
Epoch 035 | train_loss=2.5858e-02 | train_eval_loss=1.9753e-02 | val_loss=2.8412e-02 | | lr=1.00e-03
Epoch 036 | train_loss=2.5920e-02 | train_eval_loss=2.0454e-02 | val_loss=2.7952e-02 | | lr=1.00e-03
Saved best model to results/thesis_model_results/outputs/scaler_comparison_mtlgsh/MTLGSH__mse__standard__seed42/mtlgsh_state_dict_best.pt
Epoch 037 | train_loss=2.5104e-02 | train_eval_loss=2.0094e-02 | val_loss=2.8491e-02 | | lr=1.00e-03
Epoch 038 | train_loss=2.5485e-02 | train_eval_loss=1.9129e-02 | val_loss=2.8380e-02 | | lr=1.00e-03
Epoch 039 | train_loss=2.4516e-02 | train_eval_loss=1.7792e-02 | val_loss=2.6223e-02 | | lr=1.00e-03
Saved best model to results/thesis_model_results/outputs/scaler_comparison_mtlgsh/MTLGSH__mse__standard__seed42/mtlgsh_state_dict_best.pt
Epoch 040 | train_loss=2.3623e-02 | train_eval_loss=2.1022e-02 | val_loss=3.0311e-02 | | lr=1.00e-03
Epoch 041 | train_loss=2.6625e-02 | train_eval_loss=1.8888e-02 | val_loss=2.7812e-02 | | lr=1.00e-03
Epoch 042 | train_loss=2.4287e-02 | train_eval_loss=2.0192e-02 | val_loss=2.9373e-02 | | lr=1.00e-03
Epoch 043 | train_loss=2.3485e-02 | train_eval_loss=2.0745e-02 | val_loss=3.0201e-02 | | lr=1.00e-03
Epoch 044 | train_loss=2.4736e-02 | train_eval_loss=1.8871e-02 | val_loss=2.8245e-02 | | lr=1.00e-03
Epoch 045 | train_loss=2.2196e-02 | train_eval_loss=1.6163e-02 | val_loss=2.5747e-02 | | lr=1.00e-03
Saved best model to results/thesis_model_results/outputs/scaler_comparison_mtlgsh/MTLGSH__mse__standard__seed42/mtlgsh_state_dict_best.pt
Epoch 046 | train_loss=2.2326e-02 | train_eval_loss=1.7841e-02 | val_loss=2.6549e-02 | | lr=1.00e-03
Epoch 047 | train_loss=2.3652e-02 | train_eval_loss=1.6983e-02 | val_loss=2.6353e-02 | | lr=1.00e-03
Epoch 048 | train_loss=2.3952e-02 | train_eval_loss=2.1518e-02 | val_loss=3.1725e-02 | | lr=1.00e-03
Epoch 049 | train_loss=2.2813e-02 | train_eval_loss=1.7358e-02 | val_loss=2.6614e-02 | | lr=1.00e-03
Epoch 050 | train_loss=2.2911e-02 | train_eval_loss=1.4630e-02 | val_loss=2.4830e-02 | | lr=1.00e-03
Saved best model to results/thesis_model_results/outputs/scaler_comparison_mtlgsh/MTLGSH__mse__standard__seed42/mtlgsh_state_dict_best.pt
Epoch 051 | train_loss=2.0615e-02 | train_eval_loss=1.4425e-02 | val_loss=2.4834e-02 | | lr=1.00e-03
Epoch 052 | train_loss=2.0938e-02 | train_eval_loss=1.5892e-02 | val_loss=2.6498e-02 | | lr=1.00e-03
Epoch 053 | train_loss=2.1242e-02 | train_eval_loss=1.5746e-02 | val_loss=2.5767e-02 | | lr=1.00e-03
Epoch 054 | train_loss=2.2489e-02 | train_eval_loss=1.5989e-02 | val_loss=2.6648e-02 | | lr=1.00e-03
Epoch 055 | train_loss=2.1228e-02 | train_eval_loss=1.7262e-02 | val_loss=2.7698e-02 | | lr=1.00e-03
Epoch 056 | train_loss=2.3425e-02 | train_eval_loss=1.6225e-02 | val_loss=2.6645e-02 | | lr=1.00e-03
Epoch 057 | train_loss=2.2140e-02 | train_eval_loss=2.0570e-02 | val_loss=2.9891e-02 | | lr=1.00e-03
Epoch 058 | train_loss=2.2620e-02 | train_eval_loss=1.4912e-02 | val_loss=2.5937e-02 | | lr=1.00e-03
Epoch 059 | train_loss=2.0621e-02 | train_eval_loss=1.3367e-02 | val_loss=2.4198e-02 | | lr=1.00e-03
Saved best model to results/thesis_model_results/outputs/scaler_comparison_mtlgsh/MTLGSH__mse__standard__seed42/mtlgsh_state_dict_best.pt
Epoch 060 | train_loss=1.9275e-02 | train_eval_loss=1.4106e-02 | val_loss=2.4484e-02 | | lr=1.00e-03
Epoch 061 | train_loss=1.8794e-02 | train_eval_loss=1.2800e-02 | val_loss=2.4276e-02 | | lr=1.00e-03
Epoch 062 | train_loss=2.0094e-02 | train_eval_loss=1.4527e-02 | val_loss=2.5071e-02 | | lr=1.00e-03
Epoch 063 | train_loss=1.9685e-02 | train_eval_loss=1.3675e-02 | val_loss=2.4722e-02 | | lr=1.00e-03
Epoch 064 | train_loss=1.9228e-02 | train_eval_loss=1.5686e-02 | val_loss=2.6325e-02 | | lr=1.00e-03
Epoch 065 | train_loss=1.9293e-02 | train_eval_loss=1.2429e-02 | val_loss=2.4121e-02 | | lr=1.00e-03
Saved best model to results/thesis_model_results/outputs/scaler_comparison_mtlgsh/MTLGSH__mse__standard__seed42/mtlgsh_state_dict_best.pt
Epoch 066 | train_loss=1.8980e-02 | train_eval_loss=1.3312e-02 | val_loss=2.4353e-02 | | lr=1.00e-03
Epoch 067 | train_loss=2.0375e-02 | train_eval_loss=1.3039e-02 | val_loss=2.5046e-02 | | lr=1.00e-03
Epoch 068 | train_loss=1.8725e-02 | train_eval_loss=1.3484e-02 | val_loss=2.4904e-02 | | lr=1.00e-03
Epoch 069 | train_loss=1.9918e-02 | train_eval_loss=1.3002e-02 | val_loss=2.4515e-02 | | lr=1.00e-03
Epoch 070 | train_loss=1.8459e-02 | train_eval_loss=1.2770e-02 | val_loss=2.3477e-02 | | lr=1.00e-03
Saved best model to results/thesis_model_results/outputs/scaler_comparison_mtlgsh/MTLGSH__mse__standard__seed42/mtlgsh_state_dict_best.pt
Epoch 071 | train_loss=1.7839e-02 | train_eval_loss=1.4043e-02 | val_loss=2.5622e-02 | | lr=1.00e-03
Epoch 072 | train_loss=1.7472e-02 | train_eval_loss=1.6165e-02 | val_loss=2.8598e-02 | | lr=1.00e-03
Epoch 073 | train_loss=2.1047e-02 | train_eval_loss=1.6966e-02 | val_loss=2.9073e-02 | | lr=1.00e-03
Epoch 074 | train_loss=2.0449e-02 | train_eval_loss=1.4328e-02 | val_loss=2.6490e-02 | | lr=1.00e-03
Epoch 075 | train_loss=1.8920e-02 | train_eval_loss=1.3130e-02 | val_loss=2.4882e-02 | | lr=1.00e-03
Epoch 076 | train_loss=1.9955e-02 | train_eval_loss=1.5728e-02 | val_loss=2.6856e-02 | | lr=1.00e-03
Epoch 077 | train_loss=1.9149e-02 | train_eval_loss=1.4518e-02 | val_loss=2.6449e-02 | | lr=1.00e-03
Epoch 078 | train_loss=1.7666e-02 | train_eval_loss=1.1420e-02 | val_loss=2.3423e-02 | | lr=1.00e-03
Saved best model to results/thesis_model_results/outputs/scaler_comparison_mtlgsh/MTLGSH__mse__standard__seed42/mtlgsh_state_dict_best.pt
Epoch 079 | train_loss=1.5955e-02 | train_eval_loss=9.9415e-03 | val_loss=2.2802e-02 | | lr=1.00e-03
Saved best model to results/thesis_model_results/outputs/scaler_comparison_mtlgsh/MTLGSH__mse__standard__seed42/mtlgsh_state_dict_best.pt
Epoch 080 | train_loss=1.5239e-02 | train_eval_loss=1.3064e-02 | val_loss=2.5613e-02 | | lr=1.00e-03
Epoch 081 | train_loss=2.1286e-02 | train_eval_loss=1.6580e-02 | val_loss=2.7370e-02 | | lr=1.00e-03
Epoch 082 | train_loss=1.8484e-02 | train_eval_loss=1.2397e-02 | val_loss=2.3598e-02 | | lr=1.00e-03
Epoch 083 | train_loss=1.7205e-02 | train_eval_loss=1.4582e-02 | val_loss=2.5957e-02 | | lr=1.00e-03
Epoch 084 | train_loss=1.7371e-02 | train_eval_loss=1.0760e-02 | val_loss=2.2132e-02 | | lr=1.00e-03
Saved best model to results/thesis_model_results/outputs/scaler_comparison_mtlgsh/MTLGSH__mse__standard__seed42/mtlgsh_state_dict_best.pt
Epoch 085 | train_loss=1.6213e-02 | train_eval_loss=1.2305e-02 | val_loss=2.5233e-02 | | lr=1.00e-03
Epoch 086 | train_loss=1.6105e-02 | train_eval_loss=1.1781e-02 | val_loss=2.4911e-02 | | lr=1.00e-03
Epoch 087 | train_loss=1.7579e-02 | train_eval_loss=1.2761e-02 | val_loss=2.4621e-02 | | lr=1.00e-03
Epoch 088 | train_loss=1.5921e-02 | train_eval_loss=1.0640e-02 | val_loss=2.4052e-02 | | lr=1.00e-03
Epoch 089 | train_loss=1.7517e-02 | train_eval_loss=1.3288e-02 | val_loss=2.6494e-02 | | lr=1.00e-03
Epoch 090 | train_loss=1.6626e-02 | train_eval_loss=1.1762e-02 | val_loss=2.4719e-02 | | lr=1.00e-03
Epoch 091 | train_loss=1.7625e-02 | train_eval_loss=1.3646e-02 | val_loss=2.6295e-02 | | lr=1.00e-03
Epoch 092 | train_loss=1.5467e-02 | train_eval_loss=9.0391e-03 | val_loss=2.2817e-02 | | lr=1.00e-03
Epoch 093 | train_loss=1.4625e-02 | train_eval_loss=1.1697e-02 | val_loss=2.3730e-02 | | lr=1.00e-03
Epoch 094 | train_loss=1.3734e-02 | train_eval_loss=9.1351e-03 | val_loss=2.2371e-02 | | lr=5.00e-04
Epoch 095 | train_loss=1.1410e-02 | train_eval_loss=6.1372e-03 | val_loss=1.9328e-02 | | lr=5.00e-04
Saved best model to results/thesis_model_results/outputs/scaler_comparison_mtlgsh/MTLGSH__mse__standard__seed42/mtlgsh_state_dict_best.pt
Epoch 096 | train_loss=1.0693e-02 | train_eval_loss=5.6000e-03 | val_loss=1.9087e-02 | | lr=5.00e-04
Saved best model to results/thesis_model_results/outputs/scaler_comparison_mtlgsh/MTLGSH__mse__standard__seed42/mtlgsh_state_dict_best.pt
Epoch 097 | train_loss=1.0788e-02 | train_eval_loss=6.0305e-03 | val_loss=1.9554e-02 | | lr=5.00e-04
Epoch 098 | train_loss=1.0571e-02 | train_eval_loss=5.4317e-03 | val_loss=1.8728e-02 | | lr=5.00e-04
Saved best model to results/thesis_model_results/outputs/scaler_comparison_mtlgsh/MTLGSH__mse__standard__seed42/mtlgsh_state_dict_best.pt
Epoch 099 | train_loss=1.0152e-02 | train_eval_loss=5.5368e-03 | val_loss=1.9116e-02 | | lr=5.00e-04
Epoch 100 | train_loss=1.0214e-02 | train_eval_loss=5.3215e-03 | val_loss=1.8338e-02 | | lr=5.00e-04
Saved best model to results/thesis_model_results/outputs/scaler_comparison_mtlgsh/MTLGSH__mse__standard__seed42/mtlgsh_state_dict_best.pt
Epoch 101 | train_loss=1.0311e-02 | train_eval_loss=5.1595e-03 | val_loss=1.8647e-02 | | lr=5.00e-04
Epoch 102 | train_loss=1.0416e-02 | train_eval_loss=5.4934e-03 | val_loss=1.8583e-02 | | lr=5.00e-04
Epoch 103 | train_loss=1.0318e-02 | train_eval_loss=5.7212e-03 | val_loss=1.8547e-02 | | lr=5.00e-04
Epoch 104 | train_loss=1.0806e-02 | train_eval_loss=6.9356e-03 | val_loss=1.9933e-02 | | lr=5.00e-04
Epoch 105 | train_loss=1.1367e-02 | train_eval_loss=6.3509e-03 | val_loss=1.9587e-02 | | lr=5.00e-04
Epoch 106 | train_loss=1.1144e-02 | train_eval_loss=5.7661e-03 | val_loss=1.8796e-02 | | lr=5.00e-04
Epoch 107 | train_loss=1.0682e-02 | train_eval_loss=5.9265e-03 | val_loss=1.9254e-02 | | lr=5.00e-04
Epoch 108 | train_loss=1.1689e-02 | train_eval_loss=7.1880e-03 | val_loss=1.9125e-02 | | lr=5.00e-04
Epoch 109 | train_loss=1.1220e-02 | train_eval_loss=5.5707e-03 | val_loss=1.8619e-02 | | lr=5.00e-04
Epoch 110 | train_loss=9.7434e-03 | train_eval_loss=4.4464e-03 | val_loss=1.7890e-02 | | lr=2.50e-04
Saved best model to results/thesis_model_results/outputs/scaler_comparison_mtlgsh/MTLGSH__mse__standard__seed42/mtlgsh_state_dict_best.pt
Epoch 111 | train_loss=9.0744e-03 | train_eval_loss=4.3384e-03 | val_loss=1.7922e-02 | | lr=2.50e-04
Epoch 112 | train_loss=9.0627e-03 | train_eval_loss=4.2301e-03 | val_loss=1.7610e-02 | | lr=2.50e-04
Saved best model to results/thesis_model_results/outputs/scaler_comparison_mtlgsh/MTLGSH__mse__standard__seed42/mtlgsh_state_dict_best.pt
Epoch 113 | train_loss=8.9941e-03 | train_eval_loss=4.1930e-03 | val_loss=1.7506e-02 | | lr=2.50e-04
Saved best model to results/thesis_model_results/outputs/scaler_comparison_mtlgsh/MTLGSH__mse__standard__seed42/mtlgsh_state_dict_best.pt
Epoch 114 | train_loss=8.8263e-03 | train_eval_loss=4.0829e-03 | val_loss=1.7195e-02 | | lr=2.50e-04
Saved best model to results/thesis_model_results/outputs/scaler_comparison_mtlgsh/MTLGSH__mse__standard__seed42/mtlgsh_state_dict_best.pt
Epoch 115 | train_loss=8.8679e-03 | train_eval_loss=4.3249e-03 | val_loss=1.7805e-02 | | lr=2.50e-04
Epoch 116 | train_loss=8.9798e-03 | train_eval_loss=4.0514e-03 | val_loss=1.7296e-02 | | lr=2.50e-04
Epoch 117 | train_loss=8.8755e-03 | train_eval_loss=4.1662e-03 | val_loss=1.7452e-02 | | lr=2.50e-04
Epoch 118 | train_loss=8.8570e-03 | train_eval_loss=4.0370e-03 | val_loss=1.7501e-02 | | lr=2.50e-04
Epoch 119 | train_loss=8.8499e-03 | train_eval_loss=4.1336e-03 | val_loss=1.7599e-02 | | lr=2.50e-04
Epoch 120 | train_loss=8.8375e-03 | train_eval_loss=3.9771e-03 | val_loss=1.7343e-02 | | lr=2.50e-04
Epoch 121 | train_loss=8.7453e-03 | train_eval_loss=3.9785e-03 | val_loss=1.7129e-02 | | lr=2.50e-04
Saved best model to results/thesis_model_results/outputs/scaler_comparison_mtlgsh/MTLGSH__mse__standard__seed42/mtlgsh_state_dict_best.pt
Epoch 122 | train_loss=8.7514e-03 | train_eval_loss=3.9926e-03 | val_loss=1.7407e-02 | | lr=2.50e-04
Epoch 123 | train_loss=9.0370e-03 | train_eval_loss=4.3110e-03 | val_loss=1.7667e-02 | | lr=2.50e-04
Epoch 124 | train_loss=8.8625e-03 | train_eval_loss=4.0746e-03 | val_loss=1.7287e-02 | | lr=2.50e-04
Epoch 125 | train_loss=8.7343e-03 | train_eval_loss=4.0358e-03 | val_loss=1.7644e-02 | | lr=2.50e-04
Epoch 126 | train_loss=8.6262e-03 | train_eval_loss=3.8768e-03 | val_loss=1.7321e-02 | | lr=2.50e-04
Epoch 127 | train_loss=8.6069e-03 | train_eval_loss=3.9564e-03 | val_loss=1.7333e-02 | | lr=2.50e-04
Epoch 128 | train_loss=8.5666e-03 | train_eval_loss=3.9753e-03 | val_loss=1.7656e-02 | | lr=2.50e-04
Epoch 129 | train_loss=8.8791e-03 | train_eval_loss=3.9990e-03 | val_loss=1.7517e-02 | | lr=2.50e-04
Epoch 130 | train_loss=8.6655e-03 | train_eval_loss=3.7448e-03 | val_loss=1.7532e-02 | | lr=2.50e-04
Epoch 131 | train_loss=8.4016e-03 | train_eval_loss=3.5609e-03 | val_loss=1.7201e-02 | | lr=1.25e-04
Epoch 132 | train_loss=8.2325e-03 | train_eval_loss=3.4876e-03 | val_loss=1.7176e-02 | | lr=1.25e-04
Epoch 133 | train_loss=8.1226e-03 | train_eval_loss=3.4350e-03 | val_loss=1.7046e-02 | | lr=1.25e-04
Saved best model to results/thesis_model_results/outputs/scaler_comparison_mtlgsh/MTLGSH__mse__standard__seed42/mtlgsh_state_dict_best.pt
Epoch 134 | train_loss=8.1955e-03 | train_eval_loss=3.4706e-03 | val_loss=1.7218e-02 | | lr=1.25e-04
Epoch 135 | train_loss=8.1623e-03 | train_eval_loss=3.5678e-03 | val_loss=1.7278e-02 | | lr=1.25e-04
Epoch 136 | train_loss=8.1291e-03 | train_eval_loss=3.3836e-03 | val_loss=1.7085e-02 | | lr=1.25e-04
Epoch 137 | train_loss=8.1133e-03 | train_eval_loss=3.3794e-03 | val_loss=1.7173e-02 | | lr=1.25e-04
Epoch 138 | train_loss=8.0313e-03 | train_eval_loss=3.3546e-03 | val_loss=1.6944e-02 | | lr=1.25e-04
Saved best model to results/thesis_model_results/outputs/scaler_comparison_mtlgsh/MTLGSH__mse__standard__seed42/mtlgsh_state_dict_best.pt
Epoch 139 | train_loss=8.1269e-03 | train_eval_loss=3.3715e-03 | val_loss=1.7155e-02 | | lr=1.25e-04
Epoch 140 | train_loss=8.1117e-03 | train_eval_loss=3.4057e-03 | val_loss=1.7203e-02 | | lr=1.25e-04
Epoch 141 | train_loss=8.0606e-03 | train_eval_loss=3.4146e-03 | val_loss=1.7120e-02 | | lr=1.25e-04
Epoch 142 | train_loss=8.0969e-03 | train_eval_loss=3.3977e-03 | val_loss=1.7380e-02 | | lr=1.25e-04
Epoch 143 | train_loss=8.0330e-03 | train_eval_loss=3.3922e-03 | val_loss=1.7071e-02 | | lr=1.25e-04
Epoch 144 | train_loss=8.0075e-03 | train_eval_loss=3.2621e-03 | val_loss=1.7019e-02 | | lr=1.25e-04
Epoch 145 | train_loss=7.9873e-03 | train_eval_loss=3.2925e-03 | val_loss=1.7043e-02 | | lr=1.25e-04
Epoch 146 | train_loss=8.0203e-03 | train_eval_loss=3.2686e-03 | val_loss=1.7150e-02 | | lr=1.25e-04
Epoch 147 | train_loss=8.0109e-03 | train_eval_loss=3.2844e-03 | val_loss=1.7012e-02 | | lr=1.25e-04
Epoch 148 | train_loss=7.8422e-03 | train_eval_loss=3.1276e-03 | val_loss=1.7051e-02 | | lr=6.25e-05
Epoch 149 | train_loss=7.8535e-03 | train_eval_loss=3.1536e-03 | val_loss=1.7055e-02 | | lr=6.25e-05
Epoch 150 | train_loss=7.8592e-03 | train_eval_loss=3.1448e-03 | val_loss=1.7040e-02 | | lr=6.25e-05
Epoch 151 | train_loss=7.7720e-03 | train_eval_loss=3.1329e-03 | val_loss=1.7009e-02 | | lr=6.25e-05
Epoch 152 | train_loss=7.8096e-03 | train_eval_loss=3.1743e-03 | val_loss=1.7021e-02 | | lr=6.25e-05
Epoch 153 | train_loss=7.7837e-03 | train_eval_loss=3.1680e-03 | val_loss=1.7046e-02 | | lr=6.25e-05
Epoch 154 | train_loss=7.7727e-03 | train_eval_loss=3.1384e-03 | val_loss=1.7138e-02 | | lr=6.25e-05
Epoch 155 | train_loss=7.7370e-03 | train_eval_loss=3.0975e-03 | val_loss=1.7016e-02 | | lr=6.25e-05
Epoch 156 | train_loss=7.8474e-03 | train_eval_loss=3.1168e-03 | val_loss=1.7031e-02 | | lr=6.25e-05
Epoch 157 | train_loss=7.6981e-03 | train_eval_loss=3.0479e-03 | val_loss=1.6973e-02 | | lr=3.13e-05
Epoch 158 | train_loss=7.6877e-03 | train_eval_loss=3.0321e-03 | val_loss=1.7016e-02 | | lr=3.13e-05
Epoch 159 | train_loss=7.7303e-03 | train_eval_loss=3.0423e-03 | val_loss=1.6973e-02 | | lr=3.13e-05
Epoch 160 | train_loss=7.6977e-03 | train_eval_loss=3.0229e-03 | val_loss=1.6972e-02 | | lr=3.13e-05
Epoch 161 | train_loss=7.7290e-03 | train_eval_loss=3.0275e-03 | val_loss=1.6944e-02 | | lr=3.13e-05
Epoch 162 | train_loss=7.7045e-03 | train_eval_loss=3.0684e-03 | val_loss=1.7033e-02 | | lr=3.13e-05
Epoch 163 | train_loss=7.6740e-03 | train_eval_loss=3.0085e-03 | val_loss=1.6955e-02 | | lr=3.13e-05
Epoch 164 | train_loss=7.6365e-03 | train_eval_loss=3.0225e-03 | val_loss=1.6974e-02 | | lr=3.13e-05
Epoch 165 | train_loss=7.6529e-03 | train_eval_loss=3.0074e-03 | val_loss=1.6959e-02 | | lr=3.13e-05
Epoch 166 | train_loss=7.6498e-03 | train_eval_loss=2.9751e-03 | val_loss=1.6913e-02 | | lr=1.56e-05
Saved best model to results/thesis_model_results/outputs/scaler_comparison_mtlgsh/MTLGSH__mse__standard__seed42/mtlgsh_state_dict_best.pt
Epoch 167 | train_loss=7.6079e-03 | train_eval_loss=2.9807e-03 | val_loss=1.6919e-02 | | lr=1.56e-05
Epoch 168 | train_loss=7.6759e-03 | train_eval_loss=2.9784e-03 | val_loss=1.6926e-02 | | lr=1.56e-05
Epoch 169 | train_loss=7.6680e-03 | train_eval_loss=2.9724e-03 | val_loss=1.6862e-02 | | lr=1.56e-05
Saved best model to results/thesis_model_results/outputs/scaler_comparison_mtlgsh/MTLGSH__mse__standard__seed42/mtlgsh_state_dict_best.pt
Epoch 170 | train_loss=7.6218e-03 | train_eval_loss=2.9692e-03 | val_loss=1.6928e-02 | | lr=1.56e-05
Epoch 171 | train_loss=7.6117e-03 | train_eval_loss=2.9799e-03 | val_loss=1.6952e-02 | | lr=1.56e-05
Epoch 172 | train_loss=7.5990e-03 | train_eval_loss=2.9684e-03 | val_loss=1.6963e-02 | | lr=1.56e-05
Epoch 173 | train_loss=7.5733e-03 | train_eval_loss=2.9587e-03 | val_loss=1.6943e-02 | | lr=1.56e-05
Epoch 174 | train_loss=7.5693e-03 | train_eval_loss=2.9721e-03 | val_loss=1.6962e-02 | | lr=1.56e-05
Epoch 175 | train_loss=7.5950e-03 | train_eval_loss=2.9647e-03 | val_loss=1.6944e-02 | | lr=1.56e-05
Epoch 176 | train_loss=7.5377e-03 | train_eval_loss=2.9660e-03 | val_loss=1.6922e-02 | | lr=1.56e-05
Epoch 177 | train_loss=7.5696e-03 | train_eval_loss=2.9784e-03 | val_loss=1.6913e-02 | | lr=1.56e-05
Epoch 178 | train_loss=7.6077e-03 | train_eval_loss=2.9510e-03 | val_loss=1.6933e-02 | | lr=1.56e-05
Epoch 179 | train_loss=7.5570e-03 | train_eval_loss=2.9436e-03 | val_loss=1.6912e-02 | | lr=7.81e-06
Epoch 180 | train_loss=7.5592e-03 | train_eval_loss=2.9345e-03 | val_loss=1.6954e-02 | | lr=7.81e-06
Epoch 181 | train_loss=7.5464e-03 | train_eval_loss=2.9412e-03 | val_loss=1.6938e-02 | | lr=7.81e-06
Epoch 182 | train_loss=7.5176e-03 | train_eval_loss=2.9330e-03 | val_loss=1.6934e-02 | | lr=7.81e-06
Epoch 183 | train_loss=7.5408e-03 | train_eval_loss=2.9420e-03 | val_loss=1.6977e-02 | | lr=7.81e-06
Epoch 184 | train_loss=7.5296e-03 | train_eval_loss=2.9401e-03 | val_loss=1.6976e-02 | | lr=7.81e-06
Epoch 185 | train_loss=7.5586e-03 | train_eval_loss=2.9331e-03 | val_loss=1.6967e-02 | | lr=7.81e-06
Epoch 186 | train_loss=7.5609e-03 | train_eval_loss=2.9352e-03 | val_loss=1.6966e-02 | | lr=7.81e-06
Epoch 187 | train_loss=7.5915e-03 | train_eval_loss=2.9373e-03 | val_loss=1.6932e-02 | | lr=7.81e-06
Epoch 188 | train_loss=7.5034e-03 | train_eval_loss=2.9283e-03 | val_loss=1.6951e-02 | | lr=3.91e-06
Epoch 189 | train_loss=7.5611e-03 | train_eval_loss=2.9262e-03 | val_loss=1.6922e-02 | | lr=3.91e-06
Epoch 190 | train_loss=7.5564e-03 | train_eval_loss=2.9255e-03 | val_loss=1.6934e-02 | | lr=3.91e-06
Epoch 191 | train_loss=7.6013e-03 | train_eval_loss=2.9138e-03 | val_loss=1.6917e-02 | | lr=3.91e-06
Epoch 192 | train_loss=7.5962e-03 | train_eval_loss=2.9215e-03 | val_loss=1.6921e-02 | | lr=3.91e-06
Epoch 193 | train_loss=7.6419e-03 | train_eval_loss=2.9157e-03 | val_loss=1.6911e-02 | | lr=3.91e-06
Epoch 194 | train_loss=7.5205e-03 | train_eval_loss=2.9209e-03 | val_loss=1.6927e-02 | | lr=3.91e-06
Epoch 195 | train_loss=7.5824e-03 | train_eval_loss=2.9191e-03 | val_loss=1.6916e-02 | | lr=3.91e-06
Epoch 196 | train_loss=7.5651e-03 | train_eval_loss=2.9059e-03 | val_loss=1.6913e-02 | | lr=3.91e-06
Epoch 197 | train_loss=7.5085e-03 | train_eval_loss=2.9136e-03 | val_loss=1.6934e-02 | | lr=1.95e-06
Epoch 198 | train_loss=7.4962e-03 | train_eval_loss=2.9159e-03 | val_loss=1.6933e-02 | | lr=1.95e-06
Epoch 199 | train_loss=7.5127e-03 | train_eval_loss=2.9170e-03 | val_loss=1.6942e-02 | | lr=1.95e-06
Epoch 200 | train_loss=7.5618e-03 | train_eval_loss=2.9123e-03 | val_loss=1.6927e-02 | | lr=1.95e-06
Saved training logs to results/thesis_model_results/outputs/scaler_comparison_mtlgsh/MTLGSH__mse__standard__seed42/training_summary.txt
Test RMSE(rocof_COI) = 0.0098 | norm: 0.0542 | real_diff: 0.0053
Test RMSE(dev_COI) = 0.0177 | norm: 0.0479 | real_diff: 0.0079
Test RMSE(Delta_P_IBR_1) = 0.0876 | norm: 0.1212 | real_diff: 0.0454
Test RMSE(Delta_P_IBR_2) = 0.0866 | norm: 0.1133 | real_diff: 0.0376
Test RMSE(Delta_P_IBR_3) = 0.1557 | norm: 0.2360 | real_diff: 0.0579
Test RMSE(Delta_P_IBR_4) = 0.1443 | norm: 0.1311 | real_diff: 0.0693
Saved RMSE results to results/thesis_model_results/outputs/scaler_comparison_mtlgsh/MTLGSH__mse__standard__seed42/rmse_results.txt
Saved detailed metrics to results/thesis_model_results/outputs/scaler_comparison_mtlgsh/MTLGSH__mse__standard__seed42/metrics_by_target.csv
Saved aggregate metrics to results/thesis_model_results/outputs/scaler_comparison_mtlgsh/MTLGSH__mse__standard__seed42/metrics_summary.json
Saved loss curves to results/thesis_model_results/outputs/scaler_comparison_mtlgsh/MTLGSH__mse__standard__seed42/loss_curve.png
Saved scatter plot results/thesis_model_results/outputs/scaler_comparison_mtlgsh/MTLGSH__mse__standard__seed42/scatter_rocof_COI.png
Saved scatter plot results/thesis_model_results/outputs/scaler_comparison_mtlgsh/MTLGSH__mse__standard__seed42/scatter_dev_COI.png
Saved scatter plot results/thesis_model_results/outputs/scaler_comparison_mtlgsh/MTLGSH__mse__standard__seed42/scatter_Delta_P_IBR_1.png
Saved scatter plot results/thesis_model_results/outputs/scaler_comparison_mtlgsh/MTLGSH__mse__standard__seed42/scatter_Delta_P_IBR_2.png
Saved scatter plot results/thesis_model_results/outputs/scaler_comparison_mtlgsh/MTLGSH__mse__standard__seed42/scatter_Delta_P_IBR_3.png
Saved scatter plot results/thesis_model_results/outputs/scaler_comparison_mtlgsh/MTLGSH__mse__standard__seed42/scatter_Delta_P_IBR_4.png
Saved model to results/thesis_model_results/outputs/scaler_comparison_mtlgsh/MTLGSH__mse__standard__seed42/mtlgsh_state_dict.pt
Loss type: mse | weights=[]
Target stats (scaled):
train mean=[0.549  0.589  0.492  0.4884 0.4785 0.4192]
train std=[0.1365 0.1371 0.1141 0.1063 0.1158 0.1138]
train q05=[0.3074 0.3979 0.3192 0.303  0.3347 0.2205]
train q95=[0.7933 0.8652 0.6719 0.6491 0.6927 0.6016]
val mean=[0.5473 0.5873 0.4922 0.4893 0.4798 0.4201]
val std=[0.1343 0.1348 0.1123 0.1072 0.1141 0.1112]
val q05=[0.3103 0.3982 0.3195 0.303  0.3376 0.2251]
val q95=[0.7886 0.8626 0.6731 0.6514 0.6918 0.5984]
val/train std ratio=[0.984  0.9828 0.9844 1.0084 0.9848 0.9772]
LR scheduler: ReduceLROnPlateau (factor=0.5, patience=8, min_lr=1e-07)
Epoch 001 | train_loss=4.0172e-02 | train_eval_loss=1.4413e-02 | val_loss=1.3999e-02 | | lr=1.00e-03
Saved best model to results/thesis_model_results/outputs/scaler_comparison_mtlgsh/MTLGSH__mse__minmax__seed42/mtlgsh_state_dict_best.pt
Epoch 002 | train_loss=1.5401e-02 | train_eval_loss=1.0978e-02 | val_loss=1.0664e-02 | | lr=1.00e-03
Saved best model to results/thesis_model_results/outputs/scaler_comparison_mtlgsh/MTLGSH__mse__minmax__seed42/mtlgsh_state_dict_best.pt
Epoch 003 | train_loss=7.1580e-03 | train_eval_loss=3.9524e-03 | val_loss=3.8898e-03 | | lr=1.00e-03
Saved best model to results/thesis_model_results/outputs/scaler_comparison_mtlgsh/MTLGSH__mse__minmax__seed42/mtlgsh_state_dict_best.pt
Epoch 004 | train_loss=5.1304e-03 | train_eval_loss=3.4512e-03 | val_loss=3.3892e-03 | | lr=1.00e-03
Saved best model to results/thesis_model_results/outputs/scaler_comparison_mtlgsh/MTLGSH__mse__minmax__seed42/mtlgsh_state_dict_best.pt
Epoch 005 | train_loss=4.7556e-03 | train_eval_loss=3.2813e-03 | val_loss=3.2194e-03 | | lr=1.00e-03
Saved best model to results/thesis_model_results/outputs/scaler_comparison_mtlgsh/MTLGSH__mse__minmax__seed42/mtlgsh_state_dict_best.pt
Epoch 006 | train_loss=4.5944e-03 | train_eval_loss=2.9740e-03 | val_loss=2.9322e-03 | | lr=1.00e-03
Saved best model to results/thesis_model_results/outputs/scaler_comparison_mtlgsh/MTLGSH__mse__minmax__seed42/mtlgsh_state_dict_best.pt
Epoch 007 | train_loss=3.9535e-03 | train_eval_loss=2.4804e-03 | val_loss=2.4650e-03 | | lr=1.00e-03
Saved best model to results/thesis_model_results/outputs/scaler_comparison_mtlgsh/MTLGSH__mse__minmax__seed42/mtlgsh_state_dict_best.pt
Epoch 008 | train_loss=3.5549e-03 | train_eval_loss=1.9500e-03 | val_loss=1.9188e-03 | | lr=1.00e-03
Saved best model to results/thesis_model_results/outputs/scaler_comparison_mtlgsh/MTLGSH__mse__minmax__seed42/mtlgsh_state_dict_best.pt
Epoch 009 | train_loss=3.1120e-03 | train_eval_loss=1.5906e-03 | val_loss=1.5612e-03 | | lr=1.00e-03
Saved best model to results/thesis_model_results/outputs/scaler_comparison_mtlgsh/MTLGSH__mse__minmax__seed42/mtlgsh_state_dict_best.pt
Epoch 010 | train_loss=2.8724e-03 | train_eval_loss=1.4559e-03 | val_loss=1.4294e-03 | | lr=1.00e-03
Saved best model to results/thesis_model_results/outputs/scaler_comparison_mtlgsh/MTLGSH__mse__minmax__seed42/mtlgsh_state_dict_best.pt
Epoch 011 | train_loss=2.7002e-03 | train_eval_loss=1.3865e-03 | val_loss=1.3674e-03 | | lr=1.00e-03
Saved best model to results/thesis_model_results/outputs/scaler_comparison_mtlgsh/MTLGSH__mse__minmax__seed42/mtlgsh_state_dict_best.pt
Epoch 012 | train_loss=2.5584e-03 | train_eval_loss=1.3883e-03 | val_loss=1.3681e-03 | | lr=1.00e-03
Epoch 013 | train_loss=2.4678e-03 | train_eval_loss=1.2189e-03 | val_loss=1.1992e-03 | | lr=1.00e-03
Saved best model to results/thesis_model_results/outputs/scaler_comparison_mtlgsh/MTLGSH__mse__minmax__seed42/mtlgsh_state_dict_best.pt
Epoch 014 | train_loss=2.3482e-03 | train_eval_loss=1.2989e-03 | val_loss=1.2725e-03 | | lr=1.00e-03
Epoch 015 | train_loss=2.3643e-03 | train_eval_loss=1.5314e-03 | val_loss=1.5025e-03 | | lr=1.00e-03
Epoch 016 | train_loss=2.2888e-03 | train_eval_loss=1.1244e-03 | val_loss=1.1045e-03 | | lr=1.00e-03
Saved best model to results/thesis_model_results/outputs/scaler_comparison_mtlgsh/MTLGSH__mse__minmax__seed42/mtlgsh_state_dict_best.pt
Epoch 017 | train_loss=2.1720e-03 | train_eval_loss=1.1267e-03 | val_loss=1.1140e-03 | | lr=1.00e-03
Epoch 018 | train_loss=2.1115e-03 | train_eval_loss=1.1510e-03 | val_loss=1.1314e-03 | | lr=1.00e-03
Epoch 019 | train_loss=2.0930e-03 | train_eval_loss=1.0575e-03 | val_loss=1.0453e-03 | | lr=1.00e-03
Saved best model to results/thesis_model_results/outputs/scaler_comparison_mtlgsh/MTLGSH__mse__minmax__seed42/mtlgsh_state_dict_best.pt
Epoch 020 | train_loss=2.0608e-03 | train_eval_loss=1.2745e-03 | val_loss=1.2723e-03 | | lr=1.00e-03
Epoch 021 | train_loss=1.9790e-03 | train_eval_loss=1.0890e-03 | val_loss=1.0669e-03 | | lr=1.00e-03
Epoch 022 | train_loss=1.9084e-03 | train_eval_loss=1.1041e-03 | val_loss=1.1012e-03 | | lr=1.00e-03
Epoch 023 | train_loss=1.8890e-03 | train_eval_loss=1.4322e-03 | val_loss=1.4298e-03 | | lr=1.00e-03
Epoch 024 | train_loss=1.8643e-03 | train_eval_loss=1.2667e-03 | val_loss=1.2574e-03 | | lr=1.00e-03
Epoch 025 | train_loss=1.8691e-03 | train_eval_loss=1.0145e-03 | val_loss=1.0042e-03 | | lr=1.00e-03
Saved best model to results/thesis_model_results/outputs/scaler_comparison_mtlgsh/MTLGSH__mse__minmax__seed42/mtlgsh_state_dict_best.pt
Epoch 026 | train_loss=1.7338e-03 | train_eval_loss=9.1560e-04 | val_loss=9.0363e-04 | | lr=1.00e-03
Saved best model to results/thesis_model_results/outputs/scaler_comparison_mtlgsh/MTLGSH__mse__minmax__seed42/mtlgsh_state_dict_best.pt
Epoch 027 | train_loss=1.6946e-03 | train_eval_loss=8.4764e-04 | val_loss=8.3999e-04 | | lr=1.00e-03
Saved best model to results/thesis_model_results/outputs/scaler_comparison_mtlgsh/MTLGSH__mse__minmax__seed42/mtlgsh_state_dict_best.pt
Epoch 028 | train_loss=1.6396e-03 | train_eval_loss=1.0825e-03 | val_loss=1.0810e-03 | | lr=1.00e-03
Epoch 029 | train_loss=1.6825e-03 | train_eval_loss=8.2522e-04 | val_loss=8.2217e-04 | | lr=1.00e-03
Saved best model to results/thesis_model_results/outputs/scaler_comparison_mtlgsh/MTLGSH__mse__minmax__seed42/mtlgsh_state_dict_best.pt
Epoch 030 | train_loss=1.6774e-03 | train_eval_loss=1.1674e-03 | val_loss=1.1537e-03 | | lr=1.00e-03
Epoch 031 | train_loss=1.5736e-03 | train_eval_loss=8.4393e-04 | val_loss=8.3899e-04 | | lr=1.00e-03
Epoch 032 | train_loss=1.5427e-03 | train_eval_loss=8.6365e-04 | val_loss=8.6462e-04 | | lr=1.00e-03
Epoch 033 | train_loss=1.4979e-03 | train_eval_loss=9.2686e-04 | val_loss=9.1503e-04 | | lr=1.00e-03
Epoch 034 | train_loss=1.4344e-03 | train_eval_loss=8.1864e-04 | val_loss=8.2033e-04 | | lr=1.00e-03
Saved best model to results/thesis_model_results/outputs/scaler_comparison_mtlgsh/MTLGSH__mse__minmax__seed42/mtlgsh_state_dict_best.pt
Epoch 035 | train_loss=1.4438e-03 | train_eval_loss=9.4590e-04 | val_loss=9.6376e-04 | | lr=1.00e-03
Epoch 036 | train_loss=1.4455e-03 | train_eval_loss=8.2671e-04 | val_loss=8.3097e-04 | | lr=1.00e-03
Epoch 037 | train_loss=1.3461e-03 | train_eval_loss=7.7071e-04 | val_loss=7.7365e-04 | | lr=1.00e-03
Saved best model to results/thesis_model_results/outputs/scaler_comparison_mtlgsh/MTLGSH__mse__minmax__seed42/mtlgsh_state_dict_best.pt
Epoch 038 | train_loss=1.3259e-03 | train_eval_loss=7.4886e-04 | val_loss=7.4813e-04 | | lr=1.00e-03
Saved best model to results/thesis_model_results/outputs/scaler_comparison_mtlgsh/MTLGSH__mse__minmax__seed42/mtlgsh_state_dict_best.pt
Epoch 039 | train_loss=1.3051e-03 | train_eval_loss=7.5531e-04 | val_loss=7.6115e-04 | | lr=1.00e-03
Epoch 040 | train_loss=1.2471e-03 | train_eval_loss=7.6653e-04 | val_loss=7.6666e-04 | | lr=1.00e-03
Epoch 041 | train_loss=1.2225e-03 | train_eval_loss=6.8170e-04 | val_loss=6.8116e-04 | | lr=1.00e-03
Saved best model to results/thesis_model_results/outputs/scaler_comparison_mtlgsh/MTLGSH__mse__minmax__seed42/mtlgsh_state_dict_best.pt
Epoch 042 | train_loss=1.1871e-03 | train_eval_loss=8.0730e-04 | val_loss=8.0792e-04 | | lr=1.00e-03
Epoch 043 | train_loss=1.2182e-03 | train_eval_loss=6.8169e-04 | val_loss=6.9018e-04 | | lr=1.00e-03
Epoch 044 | train_loss=1.1434e-03 | train_eval_loss=6.8578e-04 | val_loss=6.8932e-04 | | lr=1.00e-03
Epoch 045 | train_loss=1.1449e-03 | train_eval_loss=7.5953e-04 | val_loss=7.6331e-04 | | lr=1.00e-03
Epoch 046 | train_loss=1.1036e-03 | train_eval_loss=6.9612e-04 | val_loss=6.9787e-04 | | lr=1.00e-03
Epoch 047 | train_loss=1.0601e-03 | train_eval_loss=7.9023e-04 | val_loss=7.9958e-04 | | lr=1.00e-03
Epoch 048 | train_loss=1.0162e-03 | train_eval_loss=7.6625e-04 | val_loss=7.8347e-04 | | lr=1.00e-03
Epoch 049 | train_loss=1.0179e-03 | train_eval_loss=6.6853e-04 | val_loss=6.8168e-04 | | lr=1.00e-03
Epoch 050 | train_loss=9.9118e-04 | train_eval_loss=6.1215e-04 | val_loss=6.2202e-04 | | lr=1.00e-03
Saved best model to results/thesis_model_results/outputs/scaler_comparison_mtlgsh/MTLGSH__mse__minmax__seed42/mtlgsh_state_dict_best.pt
Epoch 051 | train_loss=9.6987e-04 | train_eval_loss=8.1704e-04 | val_loss=8.3110e-04 | | lr=1.00e-03
Epoch 052 | train_loss=9.9643e-04 | train_eval_loss=6.6350e-04 | val_loss=6.7565e-04 | | lr=1.00e-03
Epoch 053 | train_loss=9.2358e-04 | train_eval_loss=5.9684e-04 | val_loss=6.0294e-04 | | lr=1.00e-03
Saved best model to results/thesis_model_results/outputs/scaler_comparison_mtlgsh/MTLGSH__mse__minmax__seed42/mtlgsh_state_dict_best.pt
Epoch 054 | train_loss=9.0691e-04 | train_eval_loss=6.4435e-04 | val_loss=6.4481e-04 | | lr=1.00e-03
Epoch 055 | train_loss=8.9879e-04 | train_eval_loss=6.4803e-04 | val_loss=6.6026e-04 | | lr=1.00e-03
Epoch 056 | train_loss=8.6620e-04 | train_eval_loss=6.7295e-04 | val_loss=6.7926e-04 | | lr=1.00e-03
Epoch 057 | train_loss=8.3521e-04 | train_eval_loss=5.6302e-04 | val_loss=5.7736e-04 | | lr=1.00e-03
Saved best model to results/thesis_model_results/outputs/scaler_comparison_mtlgsh/MTLGSH__mse__minmax__seed42/mtlgsh_state_dict_best.pt
Epoch 058 | train_loss=8.5717e-04 | train_eval_loss=5.7672e-04 | val_loss=5.8857e-04 | | lr=1.00e-03
Epoch 059 | train_loss=9.5151e-04 | train_eval_loss=5.6560e-04 | val_loss=5.6934e-04 | | lr=1.00e-03
Saved best model to results/thesis_model_results/outputs/scaler_comparison_mtlgsh/MTLGSH__mse__minmax__seed42/mtlgsh_state_dict_best.pt
Epoch 060 | train_loss=8.2820e-04 | train_eval_loss=6.3297e-04 | val_loss=6.4321e-04 | | lr=1.00e-03
Epoch 061 | train_loss=7.6882e-04 | train_eval_loss=6.1137e-04 | val_loss=6.2076e-04 | | lr=1.00e-03
Epoch 062 | train_loss=7.7445e-04 | train_eval_loss=5.2213e-04 | val_loss=5.3531e-04 | | lr=1.00e-03
Saved best model to results/thesis_model_results/outputs/scaler_comparison_mtlgsh/MTLGSH__mse__minmax__seed42/mtlgsh_state_dict_best.pt
Epoch 063 | train_loss=7.6653e-04 | train_eval_loss=5.7426e-04 | val_loss=5.7914e-04 | | lr=1.00e-03
Epoch 064 | train_loss=7.8019e-04 | train_eval_loss=6.1226e-04 | val_loss=6.3972e-04 | | lr=1.00e-03
Epoch 065 | train_loss=7.5174e-04 | train_eval_loss=5.8097e-04 | val_loss=5.8898e-04 | | lr=1.00e-03
Epoch 066 | train_loss=7.3749e-04 | train_eval_loss=5.9648e-04 | val_loss=6.0584e-04 | | lr=1.00e-03
Epoch 067 | train_loss=7.8643e-04 | train_eval_loss=6.3233e-04 | val_loss=6.4916e-04 | | lr=1.00e-03
Epoch 068 | train_loss=7.1577e-04 | train_eval_loss=4.9246e-04 | val_loss=5.0778e-04 | | lr=1.00e-03
Saved best model to results/thesis_model_results/outputs/scaler_comparison_mtlgsh/MTLGSH__mse__minmax__seed42/mtlgsh_state_dict_best.pt
Epoch 069 | train_loss=7.5884e-04 | train_eval_loss=5.0839e-04 | val_loss=5.2779e-04 | | lr=1.00e-03
Epoch 070 | train_loss=6.7188e-04 | train_eval_loss=5.9225e-04 | val_loss=6.1722e-04 | | lr=1.00e-03
Epoch 071 | train_loss=7.0289e-04 | train_eval_loss=5.4183e-04 | val_loss=5.6457e-04 | | lr=1.00e-03
Epoch 072 | train_loss=6.9008e-04 | train_eval_loss=5.5495e-04 | val_loss=5.6474e-04 | | lr=1.00e-03
Epoch 073 | train_loss=7.2291e-04 | train_eval_loss=5.0033e-04 | val_loss=5.2897e-04 | | lr=1.00e-03
Epoch 074 | train_loss=6.5689e-04 | train_eval_loss=5.3741e-04 | val_loss=5.7134e-04 | | lr=1.00e-03
Epoch 075 | train_loss=6.5020e-04 | train_eval_loss=4.6626e-04 | val_loss=4.9447e-04 | | lr=1.00e-03
Saved best model to results/thesis_model_results/outputs/scaler_comparison_mtlgsh/MTLGSH__mse__minmax__seed42/mtlgsh_state_dict_best.pt
Epoch 076 | train_loss=6.2887e-04 | train_eval_loss=5.1896e-04 | val_loss=5.4316e-04 | | lr=1.00e-03
Epoch 077 | train_loss=6.7915e-04 | train_eval_loss=5.5467e-04 | val_loss=5.7663e-04 | | lr=1.00e-03
Epoch 078 | train_loss=6.5999e-04 | train_eval_loss=4.7973e-04 | val_loss=5.0442e-04 | | lr=1.00e-03
Epoch 079 | train_loss=6.5442e-04 | train_eval_loss=8.5373e-04 | val_loss=8.8592e-04 | | lr=1.00e-03
Epoch 080 | train_loss=6.8136e-04 | train_eval_loss=4.6291e-04 | val_loss=4.9821e-04 | | lr=1.00e-03
Epoch 081 | train_loss=6.2867e-04 | train_eval_loss=5.7668e-04 | val_loss=6.1263e-04 | | lr=1.00e-03
Epoch 082 | train_loss=5.9137e-04 | train_eval_loss=5.4404e-04 | val_loss=5.7827e-04 | | lr=1.00e-03
Epoch 083 | train_loss=6.0514e-04 | train_eval_loss=4.7378e-04 | val_loss=4.9708e-04 | | lr=1.00e-03
Epoch 084 | train_loss=6.1739e-04 | train_eval_loss=4.8885e-04 | val_loss=5.2281e-04 | | lr=1.00e-03
Epoch 085 | train_loss=5.3816e-04 | train_eval_loss=4.1076e-04 | val_loss=4.4792e-04 | | lr=5.00e-04
Saved best model to results/thesis_model_results/outputs/scaler_comparison_mtlgsh/MTLGSH__mse__minmax__seed42/mtlgsh_state_dict_best.pt
Epoch 086 | train_loss=5.1029e-04 | train_eval_loss=4.1655e-04 | val_loss=4.4135e-04 | | lr=5.00e-04
Saved best model to results/thesis_model_results/outputs/scaler_comparison_mtlgsh/MTLGSH__mse__minmax__seed42/mtlgsh_state_dict_best.pt
Epoch 087 | train_loss=5.2044e-04 | train_eval_loss=3.8441e-04 | val_loss=4.2394e-04 | | lr=5.00e-04
Saved best model to results/thesis_model_results/outputs/scaler_comparison_mtlgsh/MTLGSH__mse__minmax__seed42/mtlgsh_state_dict_best.pt
Epoch 088 | train_loss=5.2252e-04 | train_eval_loss=3.8728e-04 | val_loss=4.2176e-04 | | lr=5.00e-04
Saved best model to results/thesis_model_results/outputs/scaler_comparison_mtlgsh/MTLGSH__mse__minmax__seed42/mtlgsh_state_dict_best.pt
Epoch 089 | train_loss=5.0662e-04 | train_eval_loss=4.3866e-04 | val_loss=4.8146e-04 | | lr=5.00e-04
Epoch 090 | train_loss=5.0625e-04 | train_eval_loss=3.7631e-04 | val_loss=4.1603e-04 | | lr=5.00e-04
Saved best model to results/thesis_model_results/outputs/scaler_comparison_mtlgsh/MTLGSH__mse__minmax__seed42/mtlgsh_state_dict_best.pt
Epoch 091 | train_loss=4.9760e-04 | train_eval_loss=3.8010e-04 | val_loss=4.2130e-04 | | lr=5.00e-04
Epoch 092 | train_loss=5.0005e-04 | train_eval_loss=3.9299e-04 | val_loss=4.3330e-04 | | lr=5.00e-04
Epoch 093 | train_loss=4.9853e-04 | train_eval_loss=3.8833e-04 | val_loss=4.3194e-04 | | lr=5.00e-04
Epoch 094 | train_loss=5.1961e-04 | train_eval_loss=4.0932e-04 | val_loss=4.4179e-04 | | lr=5.00e-04
Epoch 095 | train_loss=5.1247e-04 | train_eval_loss=3.9413e-04 | val_loss=4.3862e-04 | | lr=5.00e-04
Epoch 096 | train_loss=5.4210e-04 | train_eval_loss=4.8577e-04 | val_loss=5.2483e-04 | | lr=5.00e-04
Epoch 097 | train_loss=5.2924e-04 | train_eval_loss=4.5585e-04 | val_loss=4.9371e-04 | | lr=5.00e-04
Epoch 098 | train_loss=4.8826e-04 | train_eval_loss=4.4064e-04 | val_loss=4.8283e-04 | | lr=5.00e-04
Epoch 099 | train_loss=4.9663e-04 | train_eval_loss=3.6303e-04 | val_loss=4.0701e-04 | | lr=5.00e-04
Saved best model to results/thesis_model_results/outputs/scaler_comparison_mtlgsh/MTLGSH__mse__minmax__seed42/mtlgsh_state_dict_best.pt
Epoch 100 | train_loss=5.1674e-04 | train_eval_loss=4.3693e-04 | val_loss=4.7372e-04 | | lr=5.00e-04
Epoch 101 | train_loss=5.1947e-04 | train_eval_loss=4.2572e-04 | val_loss=4.7145e-04 | | lr=5.00e-04
Epoch 102 | train_loss=5.0072e-04 | train_eval_loss=3.8518e-04 | val_loss=4.3068e-04 | | lr=5.00e-04
Epoch 103 | train_loss=4.8352e-04 | train_eval_loss=4.8839e-04 | val_loss=5.4343e-04 | | lr=5.00e-04
Epoch 104 | train_loss=4.8328e-04 | train_eval_loss=3.8528e-04 | val_loss=4.3454e-04 | | lr=5.00e-04
Epoch 105 | train_loss=4.8745e-04 | train_eval_loss=3.5720e-04 | val_loss=4.0203e-04 | | lr=5.00e-04
Saved best model to results/thesis_model_results/outputs/scaler_comparison_mtlgsh/MTLGSH__mse__minmax__seed42/mtlgsh_state_dict_best.pt
Epoch 106 | train_loss=5.0703e-04 | train_eval_loss=3.5930e-04 | val_loss=4.0647e-04 | | lr=5.00e-04
Epoch 107 | train_loss=4.5872e-04 | train_eval_loss=3.9612e-04 | val_loss=4.4162e-04 | | lr=5.00e-04
Epoch 108 | train_loss=4.6652e-04 | train_eval_loss=3.8755e-04 | val_loss=4.3195e-04 | | lr=5.00e-04
Epoch 109 | train_loss=4.8243e-04 | train_eval_loss=5.2786e-04 | val_loss=5.4436e-04 | | lr=5.00e-04
Epoch 110 | train_loss=4.9289e-04 | train_eval_loss=4.2167e-04 | val_loss=4.6651e-04 | | lr=5.00e-04
Epoch 111 | train_loss=4.7043e-04 | train_eval_loss=3.3078e-04 | val_loss=3.7527e-04 | | lr=5.00e-04
Saved best model to results/thesis_model_results/outputs/scaler_comparison_mtlgsh/MTLGSH__mse__minmax__seed42/mtlgsh_state_dict_best.pt
Epoch 112 | train_loss=4.7769e-04 | train_eval_loss=3.5137e-04 | val_loss=4.0632e-04 | | lr=5.00e-04
Epoch 113 | train_loss=4.5833e-04 | train_eval_loss=3.5352e-04 | val_loss=4.0062e-04 | | lr=5.00e-04
Epoch 114 | train_loss=4.6021e-04 | train_eval_loss=3.7277e-04 | val_loss=4.2613e-04 | | lr=5.00e-04
Epoch 115 | train_loss=4.7827e-04 | train_eval_loss=3.4564e-04 | val_loss=4.0194e-04 | | lr=5.00e-04
Epoch 116 | train_loss=4.6129e-04 | train_eval_loss=3.9495e-04 | val_loss=4.5307e-04 | | lr=5.00e-04
Epoch 117 | train_loss=4.7270e-04 | train_eval_loss=4.3589e-04 | val_loss=4.7534e-04 | | lr=5.00e-04
Epoch 118 | train_loss=5.0934e-04 | train_eval_loss=4.1343e-04 | val_loss=4.7244e-04 | | lr=5.00e-04
Epoch 119 | train_loss=4.6443e-04 | train_eval_loss=3.3291e-04 | val_loss=3.8346e-04 | | lr=5.00e-04
Epoch 120 | train_loss=4.5063e-04 | train_eval_loss=3.4267e-04 | val_loss=3.9729e-04 | | lr=5.00e-04
Epoch 121 | train_loss=4.1105e-04 | train_eval_loss=2.9860e-04 | val_loss=3.5818e-04 | | lr=2.50e-04
Saved best model to results/thesis_model_results/outputs/scaler_comparison_mtlgsh/MTLGSH__mse__minmax__seed42/mtlgsh_state_dict_best.pt
Epoch 122 | train_loss=4.0258e-04 | train_eval_loss=2.9987e-04 | val_loss=3.5937e-04 | | lr=2.50e-04
Epoch 123 | train_loss=4.0261e-04 | train_eval_loss=3.0340e-04 | val_loss=3.6179e-04 | | lr=2.50e-04
Epoch 124 | train_loss=3.9768e-04 | train_eval_loss=2.9758e-04 | val_loss=3.5159e-04 | | lr=2.50e-04
Saved best model to results/thesis_model_results/outputs/scaler_comparison_mtlgsh/MTLGSH__mse__minmax__seed42/mtlgsh_state_dict_best.pt
Epoch 125 | train_loss=4.0763e-04 | train_eval_loss=2.9269e-04 | val_loss=3.5366e-04 | | lr=2.50e-04
Epoch 126 | train_loss=3.9837e-04 | train_eval_loss=3.0716e-04 | val_loss=3.6978e-04 | | lr=2.50e-04
Epoch 127 | train_loss=3.9956e-04 | train_eval_loss=3.0308e-04 | val_loss=3.6188e-04 | | lr=2.50e-04
Epoch 128 | train_loss=3.9861e-04 | train_eval_loss=3.1547e-04 | val_loss=3.7735e-04 | | lr=2.50e-04
Epoch 129 | train_loss=4.0318e-04 | train_eval_loss=2.9925e-04 | val_loss=3.5933e-04 | | lr=2.50e-04
Epoch 130 | train_loss=4.0455e-04 | train_eval_loss=2.9229e-04 | val_loss=3.5174e-04 | | lr=2.50e-04
Epoch 131 | train_loss=3.8958e-04 | train_eval_loss=2.8656e-04 | val_loss=3.4371e-04 | | lr=2.50e-04
Saved best model to results/thesis_model_results/outputs/scaler_comparison_mtlgsh/MTLGSH__mse__minmax__seed42/mtlgsh_state_dict_best.pt
Epoch 132 | train_loss=3.8565e-04 | train_eval_loss=3.2190e-04 | val_loss=3.8809e-04 | | lr=2.50e-04
Epoch 133 | train_loss=3.9416e-04 | train_eval_loss=3.1913e-04 | val_loss=3.7981e-04 | | lr=2.50e-04
Epoch 134 | train_loss=3.9353e-04 | train_eval_loss=2.9459e-04 | val_loss=3.6113e-04 | | lr=2.50e-04
Epoch 135 | train_loss=3.8571e-04 | train_eval_loss=2.9804e-04 | val_loss=3.6634e-04 | | lr=2.50e-04
Epoch 136 | train_loss=4.0069e-04 | train_eval_loss=3.1204e-04 | val_loss=3.7892e-04 | | lr=2.50e-04
Epoch 137 | train_loss=4.0975e-04 | train_eval_loss=3.0740e-04 | val_loss=3.6766e-04 | | lr=2.50e-04
Epoch 138 | train_loss=3.9285e-04 | train_eval_loss=2.9704e-04 | val_loss=3.6246e-04 | | lr=2.50e-04
Epoch 139 | train_loss=3.8994e-04 | train_eval_loss=2.8885e-04 | val_loss=3.5035e-04 | | lr=2.50e-04
Epoch 140 | train_loss=3.7966e-04 | train_eval_loss=2.8668e-04 | val_loss=3.4479e-04 | | lr=2.50e-04
Epoch 141 | train_loss=3.6257e-04 | train_eval_loss=2.7365e-04 | val_loss=3.4537e-04 | | lr=1.25e-04
Epoch 142 | train_loss=3.6170e-04 | train_eval_loss=2.6426e-04 | val_loss=3.3647e-04 | | lr=1.25e-04
Saved best model to results/thesis_model_results/outputs/scaler_comparison_mtlgsh/MTLGSH__mse__minmax__seed42/mtlgsh_state_dict_best.pt
Epoch 143 | train_loss=3.6487e-04 | train_eval_loss=2.6568e-04 | val_loss=3.4127e-04 | | lr=1.25e-04
Epoch 144 | train_loss=3.6225e-04 | train_eval_loss=2.6828e-04 | val_loss=3.4072e-04 | | lr=1.25e-04
Epoch 145 | train_loss=3.6150e-04 | train_eval_loss=2.5665e-04 | val_loss=3.2659e-04 | | lr=1.25e-04
Saved best model to results/thesis_model_results/outputs/scaler_comparison_mtlgsh/MTLGSH__mse__minmax__seed42/mtlgsh_state_dict_best.pt
Epoch 146 | train_loss=3.6321e-04 | train_eval_loss=2.7049e-04 | val_loss=3.4036e-04 | | lr=1.25e-04
Epoch 147 | train_loss=3.5969e-04 | train_eval_loss=2.5558e-04 | val_loss=3.2585e-04 | | lr=1.25e-04
Saved best model to results/thesis_model_results/outputs/scaler_comparison_mtlgsh/MTLGSH__mse__minmax__seed42/mtlgsh_state_dict_best.pt
Epoch 148 | train_loss=3.5918e-04 | train_eval_loss=2.5995e-04 | val_loss=3.2939e-04 | | lr=1.25e-04
Epoch 149 | train_loss=3.5981e-04 | train_eval_loss=2.5790e-04 | val_loss=3.2945e-04 | | lr=1.25e-04
Epoch 150 | train_loss=3.6304e-04 | train_eval_loss=2.5998e-04 | val_loss=3.3131e-04 | | lr=1.25e-04
Epoch 151 | train_loss=3.5463e-04 | train_eval_loss=2.5306e-04 | val_loss=3.3016e-04 | | lr=1.25e-04
Epoch 152 | train_loss=3.5640e-04 | train_eval_loss=2.5472e-04 | val_loss=3.2373e-04 | | lr=1.25e-04
Saved best model to results/thesis_model_results/outputs/scaler_comparison_mtlgsh/MTLGSH__mse__minmax__seed42/mtlgsh_state_dict_best.pt
Epoch 153 | train_loss=3.5467e-04 | train_eval_loss=2.5996e-04 | val_loss=3.3535e-04 | | lr=1.25e-04
Epoch 154 | train_loss=3.5406e-04 | train_eval_loss=2.5642e-04 | val_loss=3.3116e-04 | | lr=1.25e-04
Epoch 155 | train_loss=3.5309e-04 | train_eval_loss=2.5708e-04 | val_loss=3.2845e-04 | | lr=1.25e-04
Epoch 156 | train_loss=3.6302e-04 | train_eval_loss=2.9693e-04 | val_loss=3.7445e-04 | | lr=1.25e-04
Epoch 157 | train_loss=3.5327e-04 | train_eval_loss=2.5334e-04 | val_loss=3.2533e-04 | | lr=1.25e-04
Epoch 158 | train_loss=3.5389e-04 | train_eval_loss=2.5526e-04 | val_loss=3.3281e-04 | | lr=1.25e-04
Epoch 159 | train_loss=3.5032e-04 | train_eval_loss=2.5637e-04 | val_loss=3.2965e-04 | | lr=1.25e-04
Epoch 160 | train_loss=3.6319e-04 | train_eval_loss=2.5232e-04 | val_loss=3.2511e-04 | | lr=1.25e-04
Epoch 161 | train_loss=3.5504e-04 | train_eval_loss=2.5154e-04 | val_loss=3.2054e-04 | | lr=1.25e-04
Saved best model to results/thesis_model_results/outputs/scaler_comparison_mtlgsh/MTLGSH__mse__minmax__seed42/mtlgsh_state_dict_best.pt
Epoch 162 | train_loss=3.5785e-04 | train_eval_loss=2.5553e-04 | val_loss=3.2666e-04 | | lr=1.25e-04
Epoch 163 | train_loss=3.5282e-04 | train_eval_loss=2.5020e-04 | val_loss=3.2889e-04 | | lr=1.25e-04
Epoch 164 | train_loss=3.6701e-04 | train_eval_loss=2.7286e-04 | val_loss=3.4151e-04 | | lr=1.25e-04
Epoch 165 | train_loss=3.5755e-04 | train_eval_loss=2.4953e-04 | val_loss=3.2695e-04 | | lr=1.25e-04
Epoch 166 | train_loss=3.5143e-04 | train_eval_loss=2.4972e-04 | val_loss=3.2328e-04 | | lr=1.25e-04
Epoch 167 | train_loss=3.4766e-04 | train_eval_loss=2.5945e-04 | val_loss=3.3314e-04 | | lr=1.25e-04
Epoch 168 | train_loss=3.5200e-04 | train_eval_loss=2.4302e-04 | val_loss=3.1808e-04 | | lr=1.25e-04
Saved best model to results/thesis_model_results/outputs/scaler_comparison_mtlgsh/MTLGSH__mse__minmax__seed42/mtlgsh_state_dict_best.pt
Epoch 169 | train_loss=3.4845e-04 | train_eval_loss=2.4444e-04 | val_loss=3.2005e-04 | | lr=1.25e-04
Epoch 170 | train_loss=3.4939e-04 | train_eval_loss=2.6264e-04 | val_loss=3.4201e-04 | | lr=1.25e-04
Epoch 171 | train_loss=3.4526e-04 | train_eval_loss=2.5539e-04 | val_loss=3.3393e-04 | | lr=1.25e-04
Epoch 172 | train_loss=3.4383e-04 | train_eval_loss=2.4554e-04 | val_loss=3.2495e-04 | | lr=1.25e-04
Epoch 173 | train_loss=3.5140e-04 | train_eval_loss=3.1486e-04 | val_loss=3.9139e-04 | | lr=1.25e-04
Epoch 174 | train_loss=3.4986e-04 | train_eval_loss=2.3985e-04 | val_loss=3.1862e-04 | | lr=1.25e-04
Epoch 175 | train_loss=3.4900e-04 | train_eval_loss=2.4463e-04 | val_loss=3.2093e-04 | | lr=1.25e-04
Epoch 176 | train_loss=3.4507e-04 | train_eval_loss=2.4518e-04 | val_loss=3.2133e-04 | | lr=1.25e-04
Epoch 177 | train_loss=3.4094e-04 | train_eval_loss=2.3795e-04 | val_loss=3.1227e-04 | | lr=1.25e-04
Saved best model to results/thesis_model_results/outputs/scaler_comparison_mtlgsh/MTLGSH__mse__minmax__seed42/mtlgsh_state_dict_best.pt
Epoch 178 | train_loss=3.4746e-04 | train_eval_loss=2.4148e-04 | val_loss=3.1847e-04 | | lr=1.25e-04
Epoch 179 | train_loss=3.3344e-04 | train_eval_loss=2.3278e-04 | val_loss=3.0842e-04 | | lr=1.25e-04
Saved best model to results/thesis_model_results/outputs/scaler_comparison_mtlgsh/MTLGSH__mse__minmax__seed42/mtlgsh_state_dict_best.pt
Epoch 180 | train_loss=3.3421e-04 | train_eval_loss=2.5775e-04 | val_loss=3.3562e-04 | | lr=1.25e-04
Epoch 181 | train_loss=3.3995e-04 | train_eval_loss=2.3773e-04 | val_loss=3.1385e-04 | | lr=1.25e-04
Epoch 182 | train_loss=3.3294e-04 | train_eval_loss=2.4430e-04 | val_loss=3.1994e-04 | | lr=1.25e-04
Epoch 183 | train_loss=3.3968e-04 | train_eval_loss=2.4072e-04 | val_loss=3.1551e-04 | | lr=1.25e-04
Epoch 184 | train_loss=3.4812e-04 | train_eval_loss=2.4870e-04 | val_loss=3.2864e-04 | | lr=1.25e-04
Epoch 185 | train_loss=3.4627e-04 | train_eval_loss=2.4036e-04 | val_loss=3.1731e-04 | | lr=1.25e-04
Epoch 186 | train_loss=3.3849e-04 | train_eval_loss=2.4842e-04 | val_loss=3.2971e-04 | | lr=1.25e-04
Epoch 187 | train_loss=3.3778e-04 | train_eval_loss=2.3387e-04 | val_loss=3.1158e-04 | | lr=1.25e-04
Epoch 188 | train_loss=3.3249e-04 | train_eval_loss=2.3408e-04 | val_loss=3.1250e-04 | | lr=1.25e-04
Epoch 189 | train_loss=3.2539e-04 | train_eval_loss=2.2079e-04 | val_loss=3.0245e-04 | | lr=6.25e-05
Saved best model to results/thesis_model_results/outputs/scaler_comparison_mtlgsh/MTLGSH__mse__minmax__seed42/mtlgsh_state_dict_best.pt
Epoch 190 | train_loss=3.2036e-04 | train_eval_loss=2.2614e-04 | val_loss=3.0754e-04 | | lr=6.25e-05
Epoch 191 | train_loss=3.2363e-04 | train_eval_loss=2.2753e-04 | val_loss=3.0640e-04 | | lr=6.25e-05
Epoch 192 | train_loss=3.2152e-04 | train_eval_loss=2.2539e-04 | val_loss=3.0655e-04 | | lr=6.25e-05
Epoch 193 | train_loss=3.2005e-04 | train_eval_loss=2.1905e-04 | val_loss=3.0175e-04 | | lr=6.25e-05
Saved best model to results/thesis_model_results/outputs/scaler_comparison_mtlgsh/MTLGSH__mse__minmax__seed42/mtlgsh_state_dict_best.pt
Epoch 194 | train_loss=3.2288e-04 | train_eval_loss=2.2690e-04 | val_loss=3.0605e-04 | | lr=6.25e-05
Epoch 195 | train_loss=3.1980e-04 | train_eval_loss=2.2143e-04 | val_loss=3.0355e-04 | | lr=6.25e-05
Epoch 196 | train_loss=3.1955e-04 | train_eval_loss=2.2306e-04 | val_loss=3.0510e-04 | | lr=6.25e-05
Epoch 197 | train_loss=3.1937e-04 | train_eval_loss=2.2008e-04 | val_loss=3.0124e-04 | | lr=6.25e-05
Saved best model to results/thesis_model_results/outputs/scaler_comparison_mtlgsh/MTLGSH__mse__minmax__seed42/mtlgsh_state_dict_best.pt
Epoch 198 | train_loss=3.2004e-04 | train_eval_loss=2.3471e-04 | val_loss=3.1746e-04 | | lr=6.25e-05
Epoch 199 | train_loss=3.1909e-04 | train_eval_loss=2.2085e-04 | val_loss=3.0106e-04 | | lr=6.25e-05
Saved best model to results/thesis_model_results/outputs/scaler_comparison_mtlgsh/MTLGSH__mse__minmax__seed42/mtlgsh_state_dict_best.pt
Epoch 200 | train_loss=3.1936e-04 | train_eval_loss=2.2727e-04 | val_loss=3.0676e-04 | | lr=6.25e-05
Saved training logs to results/thesis_model_results/outputs/scaler_comparison_mtlgsh/MTLGSH__mse__minmax__seed42/training_summary.txt
Test RMSE(rocof_COI) = 0.0117 | norm: 0.0089 | real_diff: 0.0075
Test RMSE(dev_COI) = 0.0184 | norm: 0.0068 | real_diff: 0.0096
Test RMSE(Delta_P_IBR_1) = 0.1100 | norm: 0.0174 | real_diff: 0.0711
Test RMSE(Delta_P_IBR_2) = 0.1036 | norm: 0.0144 | real_diff: 0.0587
Test RMSE(Delta_P_IBR_3) = 0.1632 | norm: 0.0287 | real_diff: 0.0825
Test RMSE(Delta_P_IBR_4) = 0.1821 | norm: 0.0188 | real_diff: 0.1154
Saved RMSE results to results/thesis_model_results/outputs/scaler_comparison_mtlgsh/MTLGSH__mse__minmax__seed42/rmse_results.txt
Saved detailed metrics to results/thesis_model_results/outputs/scaler_comparison_mtlgsh/MTLGSH__mse__minmax__seed42/metrics_by_target.csv
Saved aggregate metrics to results/thesis_model_results/outputs/scaler_comparison_mtlgsh/MTLGSH__mse__minmax__seed42/metrics_summary.json
Saved loss curves to results/thesis_model_results/outputs/scaler_comparison_mtlgsh/MTLGSH__mse__minmax__seed42/loss_curve.png
Saved scatter plot results/thesis_model_results/outputs/scaler_comparison_mtlgsh/MTLGSH__mse__minmax__seed42/scatter_rocof_COI.png
Saved scatter plot results/thesis_model_results/outputs/scaler_comparison_mtlgsh/MTLGSH__mse__minmax__seed42/scatter_dev_COI.png
Saved scatter plot results/thesis_model_results/outputs/scaler_comparison_mtlgsh/MTLGSH__mse__minmax__seed42/scatter_Delta_P_IBR_1.png
Saved scatter plot results/thesis_model_results/outputs/scaler_comparison_mtlgsh/MTLGSH__mse__minmax__seed42/scatter_Delta_P_IBR_2.png
Saved scatter plot results/thesis_model_results/outputs/scaler_comparison_mtlgsh/MTLGSH__mse__minmax__seed42/scatter_Delta_P_IBR_3.png
Saved scatter plot results/thesis_model_results/outputs/scaler_comparison_mtlgsh/MTLGSH__mse__minmax__seed42/scatter_Delta_P_IBR_4.png
Saved model to results/thesis_model_results/outputs/scaler_comparison_mtlgsh/MTLGSH__mse__minmax__seed42/mtlgsh_state_dict.pt
Loss type: mse | weights=[]
Target stats (scaled):
train mean=[ 0.0666  0.1749  0.1162 -0.1741  0.1221 -0.1306]
train std=[1.0711 0.8668 0.9269 0.9601 0.6952 0.8191]
train q05=[-1.8294 -1.0335 -1.2875 -1.8478 -0.7409 -1.5616]
train q95=[1.9837 1.9208 1.5781 1.2775 1.408  1.1827]
val mean=[ 0.0534  0.164   0.1181 -0.1661  0.1298 -0.1245]
val std=[1.0539 0.8519 0.9124 0.9681 0.6846 0.8004]
val q05=[-1.8066 -1.0312 -1.2849 -1.8483 -0.7239 -1.5282]
val q95=[1.9467 1.9047 1.5882 1.2981 1.4026 1.1598]
val/train std ratio=[0.984  0.9828 0.9844 1.0084 0.9848 0.9772]
LR scheduler: ReduceLROnPlateau (factor=0.5, patience=8, min_lr=1e-07)
Epoch 001 | train_loss=2.8138e-01 | train_eval_loss=2.0087e-01 | val_loss=1.9980e-01 | | lr=1.00e-03
Saved best model to results/thesis_model_results/outputs/scaler_comparison_mtlgsh/MTLGSH__mse__robust__seed42/mtlgsh_state_dict_best.pt
Epoch 002 | train_loss=1.8161e-01 | train_eval_loss=1.4131e-01 | val_loss=1.3705e-01 | | lr=1.00e-03
Saved best model to results/thesis_model_results/outputs/scaler_comparison_mtlgsh/MTLGSH__mse__robust__seed42/mtlgsh_state_dict_best.pt
Epoch 003 | train_loss=1.2157e-01 | train_eval_loss=1.0865e-01 | val_loss=1.0581e-01 | | lr=1.00e-03
Saved best model to results/thesis_model_results/outputs/scaler_comparison_mtlgsh/MTLGSH__mse__robust__seed42/mtlgsh_state_dict_best.pt
Epoch 004 | train_loss=9.4976e-02 | train_eval_loss=8.0323e-02 | val_loss=7.8810e-02 | | lr=1.00e-03
Saved best model to results/thesis_model_results/outputs/scaler_comparison_mtlgsh/MTLGSH__mse__robust__seed42/mtlgsh_state_dict_best.pt
Epoch 005 | train_loss=8.5314e-02 | train_eval_loss=7.3979e-02 | val_loss=7.2825e-02 | | lr=1.00e-03
Saved best model to results/thesis_model_results/outputs/scaler_comparison_mtlgsh/MTLGSH__mse__robust__seed42/mtlgsh_state_dict_best.pt
Epoch 006 | train_loss=7.9753e-02 | train_eval_loss=6.4808e-02 | val_loss=6.4162e-02 | | lr=1.00e-03
Saved best model to results/thesis_model_results/outputs/scaler_comparison_mtlgsh/MTLGSH__mse__robust__seed42/mtlgsh_state_dict_best.pt
Epoch 007 | train_loss=6.7034e-02 | train_eval_loss=5.9610e-02 | val_loss=5.9287e-02 | | lr=1.00e-03
Saved best model to results/thesis_model_results/outputs/scaler_comparison_mtlgsh/MTLGSH__mse__robust__seed42/mtlgsh_state_dict_best.pt
Epoch 008 | train_loss=6.5414e-02 | train_eval_loss=5.5601e-02 | val_loss=5.6109e-02 | | lr=1.00e-03
Saved best model to results/thesis_model_results/outputs/scaler_comparison_mtlgsh/MTLGSH__mse__robust__seed42/mtlgsh_state_dict_best.pt
Epoch 009 | train_loss=5.8965e-02 | train_eval_loss=5.5312e-02 | val_loss=5.5183e-02 | | lr=1.00e-03
Saved best model to results/thesis_model_results/outputs/scaler_comparison_mtlgsh/MTLGSH__mse__robust__seed42/mtlgsh_state_dict_best.pt
Epoch 010 | train_loss=5.8844e-02 | train_eval_loss=5.4850e-02 | val_loss=5.5070e-02 | | lr=1.00e-03
Saved best model to results/thesis_model_results/outputs/scaler_comparison_mtlgsh/MTLGSH__mse__robust__seed42/mtlgsh_state_dict_best.pt
Epoch 011 | train_loss=5.6584e-02 | train_eval_loss=5.4797e-02 | val_loss=5.4836e-02 | | lr=1.00e-03
Saved best model to results/thesis_model_results/outputs/scaler_comparison_mtlgsh/MTLGSH__mse__robust__seed42/mtlgsh_state_dict_best.pt
Epoch 012 | train_loss=5.4611e-02 | train_eval_loss=5.0472e-02 | val_loss=5.1072e-02 | | lr=1.00e-03
Saved best model to results/thesis_model_results/outputs/scaler_comparison_mtlgsh/MTLGSH__mse__robust__seed42/mtlgsh_state_dict_best.pt
Epoch 013 | train_loss=5.1451e-02 | train_eval_loss=4.3852e-02 | val_loss=4.5354e-02 | | lr=1.00e-03
Saved best model to results/thesis_model_results/outputs/scaler_comparison_mtlgsh/MTLGSH__mse__robust__seed42/mtlgsh_state_dict_best.pt
Epoch 014 | train_loss=5.4349e-02 | train_eval_loss=4.7226e-02 | val_loss=4.8370e-02 | | lr=1.00e-03
Epoch 015 | train_loss=4.8592e-02 | train_eval_loss=4.4541e-02 | val_loss=4.5956e-02 | | lr=1.00e-03
Epoch 016 | train_loss=5.0820e-02 | train_eval_loss=4.1671e-02 | val_loss=4.3244e-02 | | lr=1.00e-03
Saved best model to results/thesis_model_results/outputs/scaler_comparison_mtlgsh/MTLGSH__mse__robust__seed42/mtlgsh_state_dict_best.pt
Epoch 017 | train_loss=4.7788e-02 | train_eval_loss=4.2127e-02 | val_loss=4.3953e-02 | | lr=1.00e-03
Epoch 018 | train_loss=4.5816e-02 | train_eval_loss=4.2330e-02 | val_loss=4.3839e-02 | | lr=1.00e-03
Epoch 019 | train_loss=4.5784e-02 | train_eval_loss=4.0631e-02 | val_loss=4.2810e-02 | | lr=1.00e-03
Saved best model to results/thesis_model_results/outputs/scaler_comparison_mtlgsh/MTLGSH__mse__robust__seed42/mtlgsh_state_dict_best.pt
Epoch 020 | train_loss=4.4477e-02 | train_eval_loss=3.8034e-02 | val_loss=3.9834e-02 | | lr=1.00e-03
Saved best model to results/thesis_model_results/outputs/scaler_comparison_mtlgsh/MTLGSH__mse__robust__seed42/mtlgsh_state_dict_best.pt
Epoch 021 | train_loss=4.6824e-02 | train_eval_loss=4.1833e-02 | val_loss=4.3531e-02 | | lr=1.00e-03
Epoch 022 | train_loss=4.1317e-02 | train_eval_loss=4.5822e-02 | val_loss=4.6764e-02 | | lr=1.00e-03
Epoch 023 | train_loss=4.3815e-02 | train_eval_loss=3.8237e-02 | val_loss=4.1047e-02 | | lr=1.00e-03
Epoch 024 | train_loss=4.4650e-02 | train_eval_loss=4.1492e-02 | val_loss=4.3845e-02 | | lr=1.00e-03
Epoch 025 | train_loss=4.1635e-02 | train_eval_loss=3.4870e-02 | val_loss=3.8046e-02 | | lr=1.00e-03
Saved best model to results/thesis_model_results/outputs/scaler_comparison_mtlgsh/MTLGSH__mse__robust__seed42/mtlgsh_state_dict_best.pt
Epoch 026 | train_loss=3.7654e-02 | train_eval_loss=3.2113e-02 | val_loss=3.3729e-02 | | lr=1.00e-03
Saved best model to results/thesis_model_results/outputs/scaler_comparison_mtlgsh/MTLGSH__mse__robust__seed42/mtlgsh_state_dict_best.pt
Epoch 027 | train_loss=4.0184e-02 | train_eval_loss=3.2866e-02 | val_loss=3.5571e-02 | | lr=1.00e-03
Epoch 028 | train_loss=3.9127e-02 | train_eval_loss=3.4407e-02 | val_loss=3.6821e-02 | | lr=1.00e-03
Epoch 029 | train_loss=3.9801e-02 | train_eval_loss=3.7159e-02 | val_loss=4.0466e-02 | | lr=1.00e-03
Epoch 030 | train_loss=3.8762e-02 | train_eval_loss=3.3947e-02 | val_loss=3.6814e-02 | | lr=1.00e-03
Epoch 031 | train_loss=3.5478e-02 | train_eval_loss=3.3051e-02 | val_loss=3.6440e-02 | | lr=1.00e-03
Epoch 032 | train_loss=3.5057e-02 | train_eval_loss=3.6024e-02 | val_loss=3.8971e-02 | | lr=1.00e-03
Epoch 033 | train_loss=3.6490e-02 | train_eval_loss=3.1173e-02 | val_loss=3.4073e-02 | | lr=1.00e-03
Epoch 034 | train_loss=3.4146e-02 | train_eval_loss=3.0101e-02 | val_loss=3.4851e-02 | | lr=1.00e-03
Epoch 035 | train_loss=3.6038e-02 | train_eval_loss=2.8211e-02 | val_loss=3.1110e-02 | | lr=1.00e-03
Saved best model to results/thesis_model_results/outputs/scaler_comparison_mtlgsh/MTLGSH__mse__robust__seed42/mtlgsh_state_dict_best.pt
Epoch 036 | train_loss=3.4924e-02 | train_eval_loss=2.9951e-02 | val_loss=3.3088e-02 | | lr=1.00e-03
Epoch 037 | train_loss=3.4460e-02 | train_eval_loss=2.7215e-02 | val_loss=2.9898e-02 | | lr=1.00e-03
Saved best model to results/thesis_model_results/outputs/scaler_comparison_mtlgsh/MTLGSH__mse__robust__seed42/mtlgsh_state_dict_best.pt
Epoch 038 | train_loss=3.1718e-02 | train_eval_loss=2.7261e-02 | val_loss=3.0364e-02 | | lr=1.00e-03
Epoch 039 | train_loss=2.9889e-02 | train_eval_loss=3.1914e-02 | val_loss=3.7146e-02 | | lr=1.00e-03
Epoch 040 | train_loss=3.3060e-02 | train_eval_loss=3.0351e-02 | val_loss=3.4895e-02 | | lr=1.00e-03
Epoch 041 | train_loss=3.1752e-02 | train_eval_loss=2.4035e-02 | val_loss=2.7849e-02 | | lr=1.00e-03
Saved best model to results/thesis_model_results/outputs/scaler_comparison_mtlgsh/MTLGSH__mse__robust__seed42/mtlgsh_state_dict_best.pt
Epoch 042 | train_loss=2.8996e-02 | train_eval_loss=3.1828e-02 | val_loss=3.6088e-02 | | lr=1.00e-03
Epoch 043 | train_loss=3.3410e-02 | train_eval_loss=2.9236e-02 | val_loss=3.3505e-02 | | lr=1.00e-03
Epoch 044 | train_loss=2.9823e-02 | train_eval_loss=2.9476e-02 | val_loss=3.2880e-02 | | lr=1.00e-03
Epoch 045 | train_loss=3.1032e-02 | train_eval_loss=2.7896e-02 | val_loss=3.1317e-02 | | lr=1.00e-03
Epoch 046 | train_loss=2.9132e-02 | train_eval_loss=2.3073e-02 | val_loss=2.6717e-02 | | lr=1.00e-03
Saved best model to results/thesis_model_results/outputs/scaler_comparison_mtlgsh/MTLGSH__mse__robust__seed42/mtlgsh_state_dict_best.pt
Epoch 047 | train_loss=2.8201e-02 | train_eval_loss=2.1274e-02 | val_loss=2.4496e-02 | | lr=1.00e-03
Saved best model to results/thesis_model_results/outputs/scaler_comparison_mtlgsh/MTLGSH__mse__robust__seed42/mtlgsh_state_dict_best.pt
Epoch 048 | train_loss=2.6434e-02 | train_eval_loss=1.8400e-02 | val_loss=2.3250e-02 | | lr=1.00e-03
Saved best model to results/thesis_model_results/outputs/scaler_comparison_mtlgsh/MTLGSH__mse__robust__seed42/mtlgsh_state_dict_best.pt
Epoch 049 | train_loss=2.8425e-02 | train_eval_loss=2.7666e-02 | val_loss=3.1240e-02 | | lr=1.00e-03
Epoch 050 | train_loss=2.5940e-02 | train_eval_loss=2.2055e-02 | val_loss=2.5732e-02 | | lr=1.00e-03
Epoch 051 | train_loss=2.3757e-02 | train_eval_loss=1.8835e-02 | val_loss=2.3342e-02 | | lr=1.00e-03
Epoch 052 | train_loss=2.4895e-02 | train_eval_loss=2.2080e-02 | val_loss=2.6246e-02 | | lr=1.00e-03
Epoch 053 | train_loss=2.7922e-02 | train_eval_loss=2.0187e-02 | val_loss=2.4544e-02 | | lr=1.00e-03
Epoch 054 | train_loss=2.3887e-02 | train_eval_loss=1.7458e-02 | val_loss=2.1767e-02 | | lr=1.00e-03
Saved best model to results/thesis_model_results/outputs/scaler_comparison_mtlgsh/MTLGSH__mse__robust__seed42/mtlgsh_state_dict_best.pt
Epoch 055 | train_loss=2.5936e-02 | train_eval_loss=2.6341e-02 | val_loss=3.1604e-02 | | lr=1.00e-03
Epoch 056 | train_loss=2.5591e-02 | train_eval_loss=1.9509e-02 | val_loss=2.2712e-02 | | lr=1.00e-03
Epoch 057 | train_loss=2.3254e-02 | train_eval_loss=2.0771e-02 | val_loss=2.6673e-02 | | lr=1.00e-03
Epoch 058 | train_loss=2.1959e-02 | train_eval_loss=1.8850e-02 | val_loss=2.4917e-02 | | lr=1.00e-03
Epoch 059 | train_loss=2.5852e-02 | train_eval_loss=2.6183e-02 | val_loss=3.1213e-02 | | lr=1.00e-03
Epoch 060 | train_loss=2.5516e-02 | train_eval_loss=2.4644e-02 | val_loss=2.9250e-02 | | lr=1.00e-03
Epoch 061 | train_loss=2.4053e-02 | train_eval_loss=1.8024e-02 | val_loss=2.2831e-02 | | lr=1.00e-03
Epoch 062 | train_loss=2.1673e-02 | train_eval_loss=1.9323e-02 | val_loss=2.4423e-02 | | lr=1.00e-03
Epoch 063 | train_loss=2.3817e-02 | train_eval_loss=2.0934e-02 | val_loss=2.6170e-02 | | lr=1.00e-03
Epoch 064 | train_loss=1.7507e-02 | train_eval_loss=1.1690e-02 | val_loss=1.7075e-02 | | lr=5.00e-04
Saved best model to results/thesis_model_results/outputs/scaler_comparison_mtlgsh/MTLGSH__mse__robust__seed42/mtlgsh_state_dict_best.pt
Epoch 065 | train_loss=1.5748e-02 | train_eval_loss=1.1482e-02 | val_loss=1.7037e-02 | | lr=5.00e-04
Saved best model to results/thesis_model_results/outputs/scaler_comparison_mtlgsh/MTLGSH__mse__robust__seed42/mtlgsh_state_dict_best.pt
Epoch 066 | train_loss=1.5600e-02 | train_eval_loss=1.0678e-02 | val_loss=1.6300e-02 | | lr=5.00e-04
Saved best model to results/thesis_model_results/outputs/scaler_comparison_mtlgsh/MTLGSH__mse__robust__seed42/mtlgsh_state_dict_best.pt
Epoch 067 | train_loss=1.4652e-02 | train_eval_loss=1.0528e-02 | val_loss=1.6467e-02 | | lr=5.00e-04
Epoch 068 | train_loss=1.4468e-02 | train_eval_loss=1.0751e-02 | val_loss=1.6576e-02 | | lr=5.00e-04
Epoch 069 | train_loss=1.4444e-02 | train_eval_loss=1.0405e-02 | val_loss=1.6269e-02 | | lr=5.00e-04
Saved best model to results/thesis_model_results/outputs/scaler_comparison_mtlgsh/MTLGSH__mse__robust__seed42/mtlgsh_state_dict_best.pt
Epoch 070 | train_loss=1.5021e-02 | train_eval_loss=1.1482e-02 | val_loss=1.6671e-02 | | lr=5.00e-04
Epoch 071 | train_loss=1.5659e-02 | train_eval_loss=1.2605e-02 | val_loss=1.7864e-02 | | lr=5.00e-04
Epoch 072 | train_loss=1.5122e-02 | train_eval_loss=1.0519e-02 | val_loss=1.6477e-02 | | lr=5.00e-04
Epoch 073 | train_loss=1.4390e-02 | train_eval_loss=1.1668e-02 | val_loss=1.7414e-02 | | lr=5.00e-04
Epoch 074 | train_loss=1.4927e-02 | train_eval_loss=1.1502e-02 | val_loss=1.7600e-02 | | lr=5.00e-04
Epoch 075 | train_loss=1.5374e-02 | train_eval_loss=1.0227e-02 | val_loss=1.6481e-02 | | lr=5.00e-04
Epoch 076 | train_loss=1.4156e-02 | train_eval_loss=1.3995e-02 | val_loss=2.1024e-02 | | lr=5.00e-04
Epoch 077 | train_loss=1.5142e-02 | train_eval_loss=9.2159e-03 | val_loss=1.5506e-02 | | lr=5.00e-04
Saved best model to results/thesis_model_results/outputs/scaler_comparison_mtlgsh/MTLGSH__mse__robust__seed42/mtlgsh_state_dict_best.pt
Epoch 078 | train_loss=1.3788e-02 | train_eval_loss=9.2676e-03 | val_loss=1.5381e-02 | | lr=5.00e-04
Saved best model to results/thesis_model_results/outputs/scaler_comparison_mtlgsh/MTLGSH__mse__robust__seed42/mtlgsh_state_dict_best.pt
Epoch 079 | train_loss=1.3596e-02 | train_eval_loss=8.7211e-03 | val_loss=1.5018e-02 | | lr=5.00e-04
Saved best model to results/thesis_model_results/outputs/scaler_comparison_mtlgsh/MTLGSH__mse__robust__seed42/mtlgsh_state_dict_best.pt
Epoch 080 | train_loss=1.8698e-02 | train_eval_loss=1.4900e-02 | val_loss=2.1150e-02 | | lr=5.00e-04
Epoch 081 | train_loss=1.7303e-02 | train_eval_loss=1.2291e-02 | val_loss=1.9428e-02 | | lr=5.00e-04
Epoch 082 | train_loss=1.3972e-02 | train_eval_loss=1.0886e-02 | val_loss=1.7214e-02 | | lr=5.00e-04
Epoch 083 | train_loss=1.4720e-02 | train_eval_loss=9.6947e-03 | val_loss=1.5971e-02 | | lr=5.00e-04
Epoch 084 | train_loss=1.3959e-02 | train_eval_loss=1.0330e-02 | val_loss=1.6827e-02 | | lr=5.00e-04
Epoch 085 | train_loss=1.4908e-02 | train_eval_loss=9.8299e-03 | val_loss=1.6261e-02 | | lr=5.00e-04
Epoch 086 | train_loss=1.3951e-02 | train_eval_loss=1.1831e-02 | val_loss=1.8635e-02 | | lr=5.00e-04
Epoch 087 | train_loss=1.3793e-02 | train_eval_loss=9.4689e-03 | val_loss=1.5980e-02 | | lr=5.00e-04
Epoch 088 | train_loss=1.2641e-02 | train_eval_loss=9.8102e-03 | val_loss=1.7216e-02 | | lr=5.00e-04
Epoch 089 | train_loss=1.1205e-02 | train_eval_loss=6.7646e-03 | val_loss=1.4122e-02 | | lr=2.50e-04
Saved best model to results/thesis_model_results/outputs/scaler_comparison_mtlgsh/MTLGSH__mse__robust__seed42/mtlgsh_state_dict_best.pt
Epoch 090 | train_loss=1.0563e-02 | train_eval_loss=7.1085e-03 | val_loss=1.4024e-02 | | lr=2.50e-04
Saved best model to results/thesis_model_results/outputs/scaler_comparison_mtlgsh/MTLGSH__mse__robust__seed42/mtlgsh_state_dict_best.pt
Epoch 091 | train_loss=1.0563e-02 | train_eval_loss=6.6636e-03 | val_loss=1.3827e-02 | | lr=2.50e-04
Saved best model to results/thesis_model_results/outputs/scaler_comparison_mtlgsh/MTLGSH__mse__robust__seed42/mtlgsh_state_dict_best.pt
Epoch 092 | train_loss=1.0843e-02 | train_eval_loss=6.5294e-03 | val_loss=1.3713e-02 | | lr=2.50e-04
Saved best model to results/thesis_model_results/outputs/scaler_comparison_mtlgsh/MTLGSH__mse__robust__seed42/mtlgsh_state_dict_best.pt
Epoch 093 | train_loss=1.0846e-02 | train_eval_loss=1.0512e-02 | val_loss=1.8388e-02 | | lr=2.50e-04
Epoch 094 | train_loss=1.1161e-02 | train_eval_loss=6.3766e-03 | val_loss=1.3712e-02 | | lr=2.50e-04
Saved best model to results/thesis_model_results/outputs/scaler_comparison_mtlgsh/MTLGSH__mse__robust__seed42/mtlgsh_state_dict_best.pt
Epoch 095 | train_loss=1.0353e-02 | train_eval_loss=6.1200e-03 | val_loss=1.3189e-02 | | lr=2.50e-04
Saved best model to results/thesis_model_results/outputs/scaler_comparison_mtlgsh/MTLGSH__mse__robust__seed42/mtlgsh_state_dict_best.pt
Epoch 096 | train_loss=1.1011e-02 | train_eval_loss=6.6207e-03 | val_loss=1.3844e-02 | | lr=2.50e-04
Epoch 097 | train_loss=1.0849e-02 | train_eval_loss=6.4965e-03 | val_loss=1.3970e-02 | | lr=2.50e-04
Epoch 098 | train_loss=1.0226e-02 | train_eval_loss=6.0731e-03 | val_loss=1.3414e-02 | | lr=2.50e-04
Epoch 099 | train_loss=1.0621e-02 | train_eval_loss=6.7261e-03 | val_loss=1.4176e-02 | | lr=2.50e-04
Epoch 100 | train_loss=1.0329e-02 | train_eval_loss=6.5179e-03 | val_loss=1.3885e-02 | | lr=2.50e-04
Epoch 101 | train_loss=1.0280e-02 | train_eval_loss=6.4036e-03 | val_loss=1.3851e-02 | | lr=2.50e-04
Epoch 102 | train_loss=1.0548e-02 | train_eval_loss=6.8273e-03 | val_loss=1.4183e-02 | | lr=2.50e-04
Epoch 103 | train_loss=1.0509e-02 | train_eval_loss=6.3115e-03 | val_loss=1.3563e-02 | | lr=2.50e-04
Epoch 104 | train_loss=1.0282e-02 | train_eval_loss=6.5847e-03 | val_loss=1.3875e-02 | | lr=2.50e-04
Epoch 105 | train_loss=9.4318e-03 | train_eval_loss=5.3371e-03 | val_loss=1.2953e-02 | | lr=1.25e-04
Saved best model to results/thesis_model_results/outputs/scaler_comparison_mtlgsh/MTLGSH__mse__robust__seed42/mtlgsh_state_dict_best.pt
Epoch 106 | train_loss=9.2244e-03 | train_eval_loss=5.4063e-03 | val_loss=1.3082e-02 | | lr=1.25e-04
Epoch 107 | train_loss=9.1362e-03 | train_eval_loss=5.3065e-03 | val_loss=1.3089e-02 | | lr=1.25e-04
Epoch 108 | train_loss=9.0014e-03 | train_eval_loss=5.3094e-03 | val_loss=1.2902e-02 | | lr=1.25e-04
Saved best model to results/thesis_model_results/outputs/scaler_comparison_mtlgsh/MTLGSH__mse__robust__seed42/mtlgsh_state_dict_best.pt
Epoch 109 | train_loss=9.0766e-03 | train_eval_loss=5.4660e-03 | val_loss=1.3042e-02 | | lr=1.25e-04
Epoch 110 | train_loss=9.1272e-03 | train_eval_loss=5.2501e-03 | val_loss=1.2854e-02 | | lr=1.25e-04
Saved best model to results/thesis_model_results/outputs/scaler_comparison_mtlgsh/MTLGSH__mse__robust__seed42/mtlgsh_state_dict_best.pt
Epoch 111 | train_loss=9.0200e-03 | train_eval_loss=5.1994e-03 | val_loss=1.2688e-02 | | lr=1.25e-04
Saved best model to results/thesis_model_results/outputs/scaler_comparison_mtlgsh/MTLGSH__mse__robust__seed42/mtlgsh_state_dict_best.pt
Epoch 112 | train_loss=9.0334e-03 | train_eval_loss=5.1426e-03 | val_loss=1.2869e-02 | | lr=1.25e-04
Epoch 113 | train_loss=9.0145e-03 | train_eval_loss=5.1439e-03 | val_loss=1.2787e-02 | | lr=1.25e-04
Epoch 114 | train_loss=8.9029e-03 | train_eval_loss=5.0226e-03 | val_loss=1.2585e-02 | | lr=1.25e-04
Saved best model to results/thesis_model_results/outputs/scaler_comparison_mtlgsh/MTLGSH__mse__robust__seed42/mtlgsh_state_dict_best.pt
Epoch 115 | train_loss=9.0093e-03 | train_eval_loss=5.1368e-03 | val_loss=1.2693e-02 | | lr=1.25e-04
Epoch 116 | train_loss=9.0451e-03 | train_eval_loss=5.1931e-03 | val_loss=1.2767e-02 | | lr=1.25e-04
Epoch 117 | train_loss=8.9386e-03 | train_eval_loss=5.2625e-03 | val_loss=1.3132e-02 | | lr=1.25e-04
Epoch 118 | train_loss=9.1338e-03 | train_eval_loss=5.1171e-03 | val_loss=1.2838e-02 | | lr=1.25e-04
Epoch 119 | train_loss=8.7896e-03 | train_eval_loss=5.1503e-03 | val_loss=1.3077e-02 | | lr=1.25e-04
Epoch 120 | train_loss=8.7829e-03 | train_eval_loss=4.8526e-03 | val_loss=1.2756e-02 | | lr=1.25e-04
Epoch 121 | train_loss=8.7155e-03 | train_eval_loss=4.8451e-03 | val_loss=1.2767e-02 | | lr=1.25e-04
Epoch 122 | train_loss=8.7365e-03 | train_eval_loss=4.8335e-03 | val_loss=1.2718e-02 | | lr=1.25e-04
Epoch 123 | train_loss=8.8190e-03 | train_eval_loss=5.4570e-03 | val_loss=1.3281e-02 | | lr=1.25e-04
Epoch 124 | train_loss=8.5396e-03 | train_eval_loss=4.6697e-03 | val_loss=1.2664e-02 | | lr=6.25e-05
Epoch 125 | train_loss=8.3581e-03 | train_eval_loss=4.7233e-03 | val_loss=1.2582e-02 | | lr=6.25e-05
Saved best model to results/thesis_model_results/outputs/scaler_comparison_mtlgsh/MTLGSH__mse__robust__seed42/mtlgsh_state_dict_best.pt
Epoch 126 | train_loss=8.3460e-03 | train_eval_loss=4.5736e-03 | val_loss=1.2485e-02 | | lr=6.25e-05
Saved best model to results/thesis_model_results/outputs/scaler_comparison_mtlgsh/MTLGSH__mse__robust__seed42/mtlgsh_state_dict_best.pt
Epoch 127 | train_loss=8.2202e-03 | train_eval_loss=4.4966e-03 | val_loss=1.2412e-02 | | lr=6.25e-05
Saved best model to results/thesis_model_results/outputs/scaler_comparison_mtlgsh/MTLGSH__mse__robust__seed42/mtlgsh_state_dict_best.pt
Epoch 128 | train_loss=8.3400e-03 | train_eval_loss=4.5068e-03 | val_loss=1.2350e-02 | | lr=6.25e-05
Saved best model to results/thesis_model_results/outputs/scaler_comparison_mtlgsh/MTLGSH__mse__robust__seed42/mtlgsh_state_dict_best.pt
Epoch 129 | train_loss=8.2232e-03 | train_eval_loss=4.6957e-03 | val_loss=1.2449e-02 | | lr=6.25e-05
Epoch 130 | train_loss=8.3231e-03 | train_eval_loss=4.5620e-03 | val_loss=1.2451e-02 | | lr=6.25e-05
Epoch 131 | train_loss=8.2763e-03 | train_eval_loss=4.4919e-03 | val_loss=1.2384e-02 | | lr=6.25e-05
Epoch 132 | train_loss=8.2381e-03 | train_eval_loss=4.5158e-03 | val_loss=1.2390e-02 | | lr=6.25e-05
Epoch 133 | train_loss=8.1807e-03 | train_eval_loss=4.4468e-03 | val_loss=1.2427e-02 | | lr=6.25e-05
Epoch 134 | train_loss=8.2454e-03 | train_eval_loss=4.4655e-03 | val_loss=1.2435e-02 | | lr=6.25e-05
Epoch 135 | train_loss=8.2315e-03 | train_eval_loss=4.3988e-03 | val_loss=1.2468e-02 | | lr=6.25e-05
Epoch 136 | train_loss=8.2409e-03 | train_eval_loss=4.4612e-03 | val_loss=1.2478e-02 | | lr=6.25e-05
Epoch 137 | train_loss=8.1899e-03 | train_eval_loss=4.4256e-03 | val_loss=1.2321e-02 | | lr=6.25e-05
Saved best model to results/thesis_model_results/outputs/scaler_comparison_mtlgsh/MTLGSH__mse__robust__seed42/mtlgsh_state_dict_best.pt
Epoch 138 | train_loss=8.1441e-03 | train_eval_loss=4.4232e-03 | val_loss=1.2233e-02 | | lr=6.25e-05
Saved best model to results/thesis_model_results/outputs/scaler_comparison_mtlgsh/MTLGSH__mse__robust__seed42/mtlgsh_state_dict_best.pt
Epoch 139 | train_loss=8.1703e-03 | train_eval_loss=4.3618e-03 | val_loss=1.2249e-02 | | lr=6.25e-05
Epoch 140 | train_loss=8.0852e-03 | train_eval_loss=4.4557e-03 | val_loss=1.2455e-02 | | lr=6.25e-05
Epoch 141 | train_loss=8.1492e-03 | train_eval_loss=4.3314e-03 | val_loss=1.2296e-02 | | lr=6.25e-05
Epoch 142 | train_loss=8.1709e-03 | train_eval_loss=4.3826e-03 | val_loss=1.2310e-02 | | lr=6.25e-05
Epoch 143 | train_loss=8.0886e-03 | train_eval_loss=4.3610e-03 | val_loss=1.2474e-02 | | lr=6.25e-05
Epoch 144 | train_loss=8.1131e-03 | train_eval_loss=4.3524e-03 | val_loss=1.2330e-02 | | lr=6.25e-05
Epoch 145 | train_loss=8.0532e-03 | train_eval_loss=4.3928e-03 | val_loss=1.2416e-02 | | lr=6.25e-05
Epoch 146 | train_loss=8.2170e-03 | train_eval_loss=4.5217e-03 | val_loss=1.2349e-02 | | lr=6.25e-05
Epoch 147 | train_loss=8.1306e-03 | train_eval_loss=4.3451e-03 | val_loss=1.2472e-02 | | lr=6.25e-05
Epoch 148 | train_loss=7.9866e-03 | train_eval_loss=4.1548e-03 | val_loss=1.2202e-02 | | lr=3.13e-05
Saved best model to results/thesis_model_results/outputs/scaler_comparison_mtlgsh/MTLGSH__mse__robust__seed42/mtlgsh_state_dict_best.pt
Epoch 149 | train_loss=7.8690e-03 | train_eval_loss=4.1734e-03 | val_loss=1.2223e-02 | | lr=3.13e-05
Epoch 150 | train_loss=7.8685e-03 | train_eval_loss=4.1690e-03 | val_loss=1.2194e-02 | | lr=3.13e-05
Saved best model to results/thesis_model_results/outputs/scaler_comparison_mtlgsh/MTLGSH__mse__robust__seed42/mtlgsh_state_dict_best.pt
Epoch 151 | train_loss=7.8282e-03 | train_eval_loss=4.0893e-03 | val_loss=1.2144e-02 | | lr=3.13e-05
Saved best model to results/thesis_model_results/outputs/scaler_comparison_mtlgsh/MTLGSH__mse__robust__seed42/mtlgsh_state_dict_best.pt
Epoch 152 | train_loss=7.8104e-03 | train_eval_loss=4.0961e-03 | val_loss=1.2141e-02 | | lr=3.13e-05
Saved best model to results/thesis_model_results/outputs/scaler_comparison_mtlgsh/MTLGSH__mse__robust__seed42/mtlgsh_state_dict_best.pt
Epoch 153 | train_loss=7.8360e-03 | train_eval_loss=4.1111e-03 | val_loss=1.2170e-02 | | lr=3.13e-05
Epoch 154 | train_loss=7.8167e-03 | train_eval_loss=4.0971e-03 | val_loss=1.2173e-02 | | lr=3.13e-05
Epoch 155 | train_loss=7.8065e-03 | train_eval_loss=4.0816e-03 | val_loss=1.2174e-02 | | lr=3.13e-05
Epoch 156 | train_loss=7.8413e-03 | train_eval_loss=4.1138e-03 | val_loss=1.2232e-02 | | lr=3.13e-05
Epoch 157 | train_loss=7.7980e-03 | train_eval_loss=4.0661e-03 | val_loss=1.2147e-02 | | lr=3.13e-05
Epoch 158 | train_loss=7.7673e-03 | train_eval_loss=4.0550e-03 | val_loss=1.2046e-02 | | lr=3.13e-05
Saved best model to results/thesis_model_results/outputs/scaler_comparison_mtlgsh/MTLGSH__mse__robust__seed42/mtlgsh_state_dict_best.pt
Epoch 159 | train_loss=7.8120e-03 | train_eval_loss=4.0354e-03 | val_loss=1.2116e-02 | | lr=3.13e-05
Epoch 160 | train_loss=7.7732e-03 | train_eval_loss=4.0712e-03 | val_loss=1.2193e-02 | | lr=3.13e-05
Epoch 161 | train_loss=7.8032e-03 | train_eval_loss=4.0955e-03 | val_loss=1.2076e-02 | | lr=3.13e-05
Epoch 162 | train_loss=7.8056e-03 | train_eval_loss=4.0612e-03 | val_loss=1.2228e-02 | | lr=3.13e-05
Epoch 163 | train_loss=7.7358e-03 | train_eval_loss=4.0188e-03 | val_loss=1.2054e-02 | | lr=3.13e-05
Epoch 164 | train_loss=7.7425e-03 | train_eval_loss=4.0425e-03 | val_loss=1.2153e-02 | | lr=3.13e-05
Epoch 165 | train_loss=7.7393e-03 | train_eval_loss=3.9898e-03 | val_loss=1.2131e-02 | | lr=3.13e-05
Epoch 166 | train_loss=7.7487e-03 | train_eval_loss=4.0346e-03 | val_loss=1.2087e-02 | | lr=3.13e-05
Epoch 167 | train_loss=7.7368e-03 | train_eval_loss=4.0008e-03 | val_loss=1.2165e-02 | | lr=3.13e-05
Epoch 168 | train_loss=7.6877e-03 | train_eval_loss=3.9285e-03 | val_loss=1.2100e-02 | | lr=1.56e-05
Epoch 169 | train_loss=7.6604e-03 | train_eval_loss=3.9221e-03 | val_loss=1.2084e-02 | | lr=1.56e-05
Epoch 170 | train_loss=7.6259e-03 | train_eval_loss=3.9276e-03 | val_loss=1.2021e-02 | | lr=1.56e-05
Saved best model to results/thesis_model_results/outputs/scaler_comparison_mtlgsh/MTLGSH__mse__robust__seed42/mtlgsh_state_dict_best.pt
Epoch 171 | train_loss=7.6412e-03 | train_eval_loss=3.9697e-03 | val_loss=1.2087e-02 | | lr=1.56e-05
Epoch 172 | train_loss=7.5924e-03 | train_eval_loss=3.9045e-03 | val_loss=1.2079e-02 | | lr=1.56e-05
Epoch 173 | train_loss=7.5782e-03 | train_eval_loss=3.9112e-03 | val_loss=1.2096e-02 | | lr=1.56e-05
Epoch 174 | train_loss=7.5843e-03 | train_eval_loss=3.8871e-03 | val_loss=1.2016e-02 | | lr=1.56e-05
Saved best model to results/thesis_model_results/outputs/scaler_comparison_mtlgsh/MTLGSH__mse__robust__seed42/mtlgsh_state_dict_best.pt
Epoch 175 | train_loss=7.5578e-03 | train_eval_loss=3.8961e-03 | val_loss=1.2051e-02 | | lr=1.56e-05
Epoch 176 | train_loss=7.5732e-03 | train_eval_loss=3.9067e-03 | val_loss=1.2089e-02 | | lr=1.56e-05
Epoch 177 | train_loss=7.5613e-03 | train_eval_loss=3.8919e-03 | val_loss=1.2061e-02 | | lr=1.56e-05
Epoch 178 | train_loss=7.6211e-03 | train_eval_loss=3.8966e-03 | val_loss=1.2072e-02 | | lr=1.56e-05
Epoch 179 | train_loss=7.5398e-03 | train_eval_loss=3.8956e-03 | val_loss=1.2022e-02 | | lr=1.56e-05
Epoch 180 | train_loss=7.5473e-03 | train_eval_loss=3.8754e-03 | val_loss=1.2037e-02 | | lr=1.56e-05
Epoch 181 | train_loss=7.5750e-03 | train_eval_loss=3.8558e-03 | val_loss=1.2006e-02 | | lr=1.56e-05
Saved best model to results/thesis_model_results/outputs/scaler_comparison_mtlgsh/MTLGSH__mse__robust__seed42/mtlgsh_state_dict_best.pt
Epoch 182 | train_loss=7.5433e-03 | train_eval_loss=3.8638e-03 | val_loss=1.2035e-02 | | lr=1.56e-05
Epoch 183 | train_loss=7.5455e-03 | train_eval_loss=3.8611e-03 | val_loss=1.2054e-02 | | lr=1.56e-05
Epoch 184 | train_loss=7.5177e-03 | train_eval_loss=3.8672e-03 | val_loss=1.2084e-02 | | lr=1.56e-05
Epoch 185 | train_loss=7.5277e-03 | train_eval_loss=3.9001e-03 | val_loss=1.2042e-02 | | lr=1.56e-05
Epoch 186 | train_loss=7.5813e-03 | train_eval_loss=3.8902e-03 | val_loss=1.2059e-02 | | lr=1.56e-05
Epoch 187 | train_loss=7.5284e-03 | train_eval_loss=3.8619e-03 | val_loss=1.1972e-02 | | lr=1.56e-05
Saved best model to results/thesis_model_results/outputs/scaler_comparison_mtlgsh/MTLGSH__mse__robust__seed42/mtlgsh_state_dict_best.pt
Epoch 188 | train_loss=7.5270e-03 | train_eval_loss=3.8607e-03 | val_loss=1.2072e-02 | | lr=1.56e-05
Epoch 189 | train_loss=7.5615e-03 | train_eval_loss=3.8727e-03 | val_loss=1.2084e-02 | | lr=1.56e-05
Epoch 190 | train_loss=7.5244e-03 | train_eval_loss=3.8698e-03 | val_loss=1.2084e-02 | | lr=1.56e-05
Epoch 191 | train_loss=7.5462e-03 | train_eval_loss=3.8366e-03 | val_loss=1.2026e-02 | | lr=1.56e-05
Epoch 192 | train_loss=7.5421e-03 | train_eval_loss=3.8312e-03 | val_loss=1.2001e-02 | | lr=1.56e-05
Epoch 193 | train_loss=7.5660e-03 | train_eval_loss=3.8358e-03 | val_loss=1.2014e-02 | | lr=1.56e-05
Epoch 194 | train_loss=7.4760e-03 | train_eval_loss=3.8142e-03 | val_loss=1.2023e-02 | | lr=1.56e-05
Epoch 195 | train_loss=7.5442e-03 | train_eval_loss=3.8454e-03 | val_loss=1.2095e-02 | | lr=1.56e-05
Epoch 196 | train_loss=7.5255e-03 | train_eval_loss=3.8143e-03 | val_loss=1.1990e-02 | | lr=1.56e-05
Epoch 197 | train_loss=7.4725e-03 | train_eval_loss=3.7930e-03 | val_loss=1.2020e-02 | | lr=7.81e-06
Epoch 198 | train_loss=7.4484e-03 | train_eval_loss=3.7690e-03 | val_loss=1.1974e-02 | | lr=7.81e-06
Epoch 199 | train_loss=7.4730e-03 | train_eval_loss=3.7898e-03 | val_loss=1.2004e-02 | | lr=7.81e-06
Epoch 200 | train_loss=7.4522e-03 | train_eval_loss=3.7780e-03 | val_loss=1.2031e-02 | | lr=7.81e-06
Saved training logs to results/thesis_model_results/outputs/scaler_comparison_mtlgsh/MTLGSH__mse__robust__seed42/training_summary.txt
Test RMSE(rocof_COI) = 0.0094 | norm: 0.0557 | real_diff: 0.0051
Test RMSE(dev_COI) = 0.0193 | norm: 0.0452 | real_diff: 0.0089
Test RMSE(Delta_P_IBR_1) = 0.0964 | norm: 0.1237 | real_diff: 0.0525
Test RMSE(Delta_P_IBR_2) = 0.0964 | norm: 0.1211 | real_diff: 0.0451
Test RMSE(Delta_P_IBR_3) = 0.1618 | norm: 0.1705 | real_diff: 0.0713
Test RMSE(Delta_P_IBR_4) = 0.1496 | norm: 0.1113 | real_diff: 0.0807
Saved RMSE results to results/thesis_model_results/outputs/scaler_comparison_mtlgsh/MTLGSH__mse__robust__seed42/rmse_results.txt
Saved detailed metrics to results/thesis_model_results/outputs/scaler_comparison_mtlgsh/MTLGSH__mse__robust__seed42/metrics_by_target.csv
Saved aggregate metrics to results/thesis_model_results/outputs/scaler_comparison_mtlgsh/MTLGSH__mse__robust__seed42/metrics_summary.json
Saved loss curves to results/thesis_model_results/outputs/scaler_comparison_mtlgsh/MTLGSH__mse__robust__seed42/loss_curve.png
Saved scatter plot results/thesis_model_results/outputs/scaler_comparison_mtlgsh/MTLGSH__mse__robust__seed42/scatter_rocof_COI.png
Saved scatter plot results/thesis_model_results/outputs/scaler_comparison_mtlgsh/MTLGSH__mse__robust__seed42/scatter_dev_COI.png
Saved scatter plot results/thesis_model_results/outputs/scaler_comparison_mtlgsh/MTLGSH__mse__robust__seed42/scatter_Delta_P_IBR_1.png
Saved scatter plot results/thesis_model_results/outputs/scaler_comparison_mtlgsh/MTLGSH__mse__robust__seed42/scatter_Delta_P_IBR_2.png
Saved scatter plot results/thesis_model_results/outputs/scaler_comparison_mtlgsh/MTLGSH__mse__robust__seed42/scatter_Delta_P_IBR_3.png
Saved scatter plot results/thesis_model_results/outputs/scaler_comparison_mtlgsh/MTLGSH__mse__robust__seed42/scatter_Delta_P_IBR_4.png
Saved model to results/thesis_model_results/outputs/scaler_comparison_mtlgsh/MTLGSH__mse__robust__seed42/mtlgsh_state_dict.pt
Loss type: mse | weights=[]
Target stats (scaled):
train mean=[-0. -0. -0.  0. -0.  0.]
train std=[1. 1. 1. 1. 1. 1.]
train q05=[-1.7496 -1.3309 -1.5383 -1.7435 -1.1581 -1.6376]
train q95=[1.783  1.9984 1.6091 1.5211 1.9147 1.5256]
val mean=[-0.0129 -0.0134  0.0018  0.0122  0.0092  0.0093]
val std=[0.9851 0.9841 0.9892 1.0014 0.991  0.9853]
val q05=[-1.7313 -1.3289 -1.5363 -1.7438 -1.1415 -1.6142]
val q95=[1.7528 1.9842 1.617  1.5365 1.9088 1.5086]
val/train std ratio=[0.9851 0.9841 0.9892 1.0014 0.991  0.9853]
LR scheduler: ReduceLROnPlateau (factor=0.5, patience=8, min_lr=1e-07)
Epoch 001 | train_loss=4.2618e-01 | train_eval_loss=2.2895e-01 | val_loss=2.2801e-01 | | lr=1.00e-03
Saved best model to results/thesis_model_results/outputs/scaler_comparison_mtlgsh/MTLGSH__mse__log1p__seed42/mtlgsh_state_dict_best.pt
Epoch 002 | train_loss=1.8427e-01 | train_eval_loss=1.2376e-01 | val_loss=1.2442e-01 | | lr=1.00e-03
Saved best model to results/thesis_model_results/outputs/scaler_comparison_mtlgsh/MTLGSH__mse__log1p__seed42/mtlgsh_state_dict_best.pt
Epoch 003 | train_loss=1.0578e-01 | train_eval_loss=8.3849e-02 | val_loss=8.4916e-02 | | lr=1.00e-03
Saved best model to results/thesis_model_results/outputs/scaler_comparison_mtlgsh/MTLGSH__mse__log1p__seed42/mtlgsh_state_dict_best.pt
Epoch 004 | train_loss=8.4923e-02 | train_eval_loss=7.5718e-02 | val_loss=7.7327e-02 | | lr=1.00e-03
Saved best model to results/thesis_model_results/outputs/scaler_comparison_mtlgsh/MTLGSH__mse__log1p__seed42/mtlgsh_state_dict_best.pt
Epoch 005 | train_loss=7.6345e-02 | train_eval_loss=7.1217e-02 | val_loss=7.3292e-02 | | lr=1.00e-03
Saved best model to results/thesis_model_results/outputs/scaler_comparison_mtlgsh/MTLGSH__mse__log1p__seed42/mtlgsh_state_dict_best.pt
Epoch 006 | train_loss=7.0220e-02 | train_eval_loss=5.8163e-02 | val_loss=6.0203e-02 | | lr=1.00e-03
Saved best model to results/thesis_model_results/outputs/scaler_comparison_mtlgsh/MTLGSH__mse__log1p__seed42/mtlgsh_state_dict_best.pt
Epoch 007 | train_loss=6.3332e-02 | train_eval_loss=5.8984e-02 | val_loss=6.1841e-02 | | lr=1.00e-03
Epoch 008 | train_loss=5.8663e-02 | train_eval_loss=4.8588e-02 | val_loss=5.2473e-02 | | lr=1.00e-03
Saved best model to results/thesis_model_results/outputs/scaler_comparison_mtlgsh/MTLGSH__mse__log1p__seed42/mtlgsh_state_dict_best.pt
Epoch 009 | train_loss=5.6811e-02 | train_eval_loss=4.9668e-02 | val_loss=5.3258e-02 | | lr=1.00e-03
Epoch 010 | train_loss=5.7122e-02 | train_eval_loss=5.0419e-02 | val_loss=5.5185e-02 | | lr=1.00e-03
Epoch 011 | train_loss=5.1913e-02 | train_eval_loss=4.8590e-02 | val_loss=5.3112e-02 | | lr=1.00e-03
Epoch 012 | train_loss=4.8929e-02 | train_eval_loss=4.4026e-02 | val_loss=4.7967e-02 | | lr=1.00e-03
Saved best model to results/thesis_model_results/outputs/scaler_comparison_mtlgsh/MTLGSH__mse__log1p__seed42/mtlgsh_state_dict_best.pt
Epoch 013 | train_loss=4.7754e-02 | train_eval_loss=3.8003e-02 | val_loss=4.2867e-02 | | lr=1.00e-03
Saved best model to results/thesis_model_results/outputs/scaler_comparison_mtlgsh/MTLGSH__mse__log1p__seed42/mtlgsh_state_dict_best.pt
Epoch 014 | train_loss=4.5459e-02 | train_eval_loss=3.6757e-02 | val_loss=4.3005e-02 | | lr=1.00e-03
Epoch 015 | train_loss=4.4445e-02 | train_eval_loss=3.5417e-02 | val_loss=4.1403e-02 | | lr=1.00e-03
Saved best model to results/thesis_model_results/outputs/scaler_comparison_mtlgsh/MTLGSH__mse__log1p__seed42/mtlgsh_state_dict_best.pt
Epoch 016 | train_loss=4.3992e-02 | train_eval_loss=3.5325e-02 | val_loss=4.2313e-02 | | lr=1.00e-03
Epoch 017 | train_loss=4.2712e-02 | train_eval_loss=3.4172e-02 | val_loss=4.0747e-02 | | lr=1.00e-03
Saved best model to results/thesis_model_results/outputs/scaler_comparison_mtlgsh/MTLGSH__mse__log1p__seed42/mtlgsh_state_dict_best.pt
Epoch 018 | train_loss=4.0608e-02 | train_eval_loss=3.6837e-02 | val_loss=4.2774e-02 | | lr=1.00e-03
Epoch 019 | train_loss=3.9892e-02 | train_eval_loss=3.4663e-02 | val_loss=4.2970e-02 | | lr=1.00e-03
Epoch 020 | train_loss=4.0168e-02 | train_eval_loss=3.4309e-02 | val_loss=4.3120e-02 | | lr=1.00e-03
Epoch 021 | train_loss=3.8639e-02 | train_eval_loss=3.2057e-02 | val_loss=4.0095e-02 | | lr=1.00e-03
Saved best model to results/thesis_model_results/outputs/scaler_comparison_mtlgsh/MTLGSH__mse__log1p__seed42/mtlgsh_state_dict_best.pt
Epoch 022 | train_loss=3.6370e-02 | train_eval_loss=3.2631e-02 | val_loss=4.0463e-02 | | lr=1.00e-03
Epoch 023 | train_loss=3.5976e-02 | train_eval_loss=3.0224e-02 | val_loss=3.8030e-02 | | lr=1.00e-03
Saved best model to results/thesis_model_results/outputs/scaler_comparison_mtlgsh/MTLGSH__mse__log1p__seed42/mtlgsh_state_dict_best.pt
Epoch 024 | train_loss=3.5421e-02 | train_eval_loss=2.8510e-02 | val_loss=3.7541e-02 | | lr=1.00e-03
Saved best model to results/thesis_model_results/outputs/scaler_comparison_mtlgsh/MTLGSH__mse__log1p__seed42/mtlgsh_state_dict_best.pt
Epoch 025 | train_loss=3.7021e-02 | train_eval_loss=3.1725e-02 | val_loss=3.9665e-02 | | lr=1.00e-03
Epoch 026 | train_loss=3.3741e-02 | train_eval_loss=3.1389e-02 | val_loss=3.9696e-02 | | lr=1.00e-03
Epoch 027 | train_loss=3.3939e-02 | train_eval_loss=2.5104e-02 | val_loss=3.4424e-02 | | lr=1.00e-03
Saved best model to results/thesis_model_results/outputs/scaler_comparison_mtlgsh/MTLGSH__mse__log1p__seed42/mtlgsh_state_dict_best.pt
Epoch 028 | train_loss=3.1945e-02 | train_eval_loss=2.4050e-02 | val_loss=3.3503e-02 | | lr=1.00e-03
Saved best model to results/thesis_model_results/outputs/scaler_comparison_mtlgsh/MTLGSH__mse__log1p__seed42/mtlgsh_state_dict_best.pt
Epoch 029 | train_loss=3.1076e-02 | train_eval_loss=2.4004e-02 | val_loss=3.3790e-02 | | lr=1.00e-03
Epoch 030 | train_loss=3.0926e-02 | train_eval_loss=2.4461e-02 | val_loss=3.3936e-02 | | lr=1.00e-03
Epoch 031 | train_loss=3.0091e-02 | train_eval_loss=2.6367e-02 | val_loss=3.6306e-02 | | lr=1.00e-03
Epoch 032 | train_loss=3.1449e-02 | train_eval_loss=2.7369e-02 | val_loss=3.7406e-02 | | lr=1.00e-03
Epoch 033 | train_loss=3.1366e-02 | train_eval_loss=2.5117e-02 | val_loss=3.4764e-02 | | lr=1.00e-03
Epoch 034 | train_loss=3.0822e-02 | train_eval_loss=2.5873e-02 | val_loss=3.6956e-02 | | lr=1.00e-03
Epoch 035 | train_loss=2.9448e-02 | train_eval_loss=2.3430e-02 | val_loss=3.5093e-02 | | lr=1.00e-03
Epoch 036 | train_loss=3.0798e-02 | train_eval_loss=2.1651e-02 | val_loss=3.2286e-02 | | lr=1.00e-03
Saved best model to results/thesis_model_results/outputs/scaler_comparison_mtlgsh/MTLGSH__mse__log1p__seed42/mtlgsh_state_dict_best.pt
Epoch 037 | train_loss=2.7840e-02 | train_eval_loss=2.1335e-02 | val_loss=3.1837e-02 | | lr=1.00e-03
Saved best model to results/thesis_model_results/outputs/scaler_comparison_mtlgsh/MTLGSH__mse__log1p__seed42/mtlgsh_state_dict_best.pt
Epoch 038 | train_loss=2.6325e-02 | train_eval_loss=2.0380e-02 | val_loss=3.2087e-02 | | lr=1.00e-03
Epoch 039 | train_loss=2.7252e-02 | train_eval_loss=2.0283e-02 | val_loss=3.1685e-02 | | lr=1.00e-03
Saved best model to results/thesis_model_results/outputs/scaler_comparison_mtlgsh/MTLGSH__mse__log1p__seed42/mtlgsh_state_dict_best.pt
Epoch 040 | train_loss=2.6083e-02 | train_eval_loss=1.9063e-02 | val_loss=3.1518e-02 | | lr=1.00e-03
Saved best model to results/thesis_model_results/outputs/scaler_comparison_mtlgsh/MTLGSH__mse__log1p__seed42/mtlgsh_state_dict_best.pt
Epoch 041 | train_loss=2.5614e-02 | train_eval_loss=1.9942e-02 | val_loss=3.0552e-02 | | lr=1.00e-03
Saved best model to results/thesis_model_results/outputs/scaler_comparison_mtlgsh/MTLGSH__mse__log1p__seed42/mtlgsh_state_dict_best.pt
Epoch 042 | train_loss=2.6820e-02 | train_eval_loss=2.2498e-02 | val_loss=3.4866e-02 | | lr=1.00e-03
Epoch 043 | train_loss=2.5159e-02 | train_eval_loss=2.1249e-02 | val_loss=3.2238e-02 | | lr=1.00e-03
Epoch 044 | train_loss=2.7320e-02 | train_eval_loss=1.9417e-02 | val_loss=3.1671e-02 | | lr=1.00e-03
Epoch 045 | train_loss=2.4731e-02 | train_eval_loss=2.3265e-02 | val_loss=3.4227e-02 | | lr=1.00e-03
Epoch 046 | train_loss=2.7210e-02 | train_eval_loss=2.3205e-02 | val_loss=3.4984e-02 | | lr=1.00e-03
Epoch 047 | train_loss=2.6039e-02 | train_eval_loss=2.0948e-02 | val_loss=3.2576e-02 | | lr=1.00e-03
Epoch 048 | train_loss=2.5352e-02 | train_eval_loss=2.0466e-02 | val_loss=3.3558e-02 | | lr=1.00e-03
Epoch 049 | train_loss=2.3588e-02 | train_eval_loss=1.8580e-02 | val_loss=3.0980e-02 | | lr=1.00e-03
Epoch 050 | train_loss=2.4327e-02 | train_eval_loss=1.7168e-02 | val_loss=3.0231e-02 | | lr=1.00e-03
Saved best model to results/thesis_model_results/outputs/scaler_comparison_mtlgsh/MTLGSH__mse__log1p__seed42/mtlgsh_state_dict_best.pt
Epoch 051 | train_loss=2.2630e-02 | train_eval_loss=1.5742e-02 | val_loss=2.9020e-02 | | lr=1.00e-03
Saved best model to results/thesis_model_results/outputs/scaler_comparison_mtlgsh/MTLGSH__mse__log1p__seed42/mtlgsh_state_dict_best.pt
Epoch 052 | train_loss=2.3412e-02 | train_eval_loss=1.9940e-02 | val_loss=3.3257e-02 | | lr=1.00e-03
Epoch 053 | train_loss=2.2962e-02 | train_eval_loss=1.5538e-02 | val_loss=2.9425e-02 | | lr=1.00e-03
Epoch 054 | train_loss=2.2935e-02 | train_eval_loss=1.8295e-02 | val_loss=3.2469e-02 | | lr=1.00e-03
Epoch 055 | train_loss=2.2512e-02 | train_eval_loss=1.7890e-02 | val_loss=3.3088e-02 | | lr=1.00e-03
Epoch 056 | train_loss=2.3373e-02 | train_eval_loss=2.4152e-02 | val_loss=3.7532e-02 | | lr=1.00e-03
Epoch 057 | train_loss=2.5780e-02 | train_eval_loss=1.9458e-02 | val_loss=3.3150e-02 | | lr=1.00e-03
Epoch 058 | train_loss=2.2426e-02 | train_eval_loss=1.4256e-02 | val_loss=2.8888e-02 | | lr=1.00e-03
Saved best model to results/thesis_model_results/outputs/scaler_comparison_mtlgsh/MTLGSH__mse__log1p__seed42/mtlgsh_state_dict_best.pt
Epoch 059 | train_loss=2.1729e-02 | train_eval_loss=1.6512e-02 | val_loss=3.1807e-02 | | lr=1.00e-03
Epoch 060 | train_loss=2.2127e-02 | train_eval_loss=1.6399e-02 | val_loss=3.0624e-02 | | lr=1.00e-03
Epoch 061 | train_loss=2.1426e-02 | train_eval_loss=1.6936e-02 | val_loss=3.0901e-02 | | lr=1.00e-03
Epoch 062 | train_loss=2.0078e-02 | train_eval_loss=1.3443e-02 | val_loss=2.7450e-02 | | lr=1.00e-03
Saved best model to results/thesis_model_results/outputs/scaler_comparison_mtlgsh/MTLGSH__mse__log1p__seed42/mtlgsh_state_dict_best.pt
Epoch 063 | train_loss=1.9904e-02 | train_eval_loss=1.3870e-02 | val_loss=2.8811e-02 | | lr=1.00e-03
Epoch 064 | train_loss=2.0544e-02 | train_eval_loss=1.3965e-02 | val_loss=2.8443e-02 | | lr=1.00e-03
Epoch 065 | train_loss=2.1161e-02 | train_eval_loss=1.7845e-02 | val_loss=3.2276e-02 | | lr=1.00e-03
Epoch 066 | train_loss=2.1599e-02 | train_eval_loss=1.7150e-02 | val_loss=3.0268e-02 | | lr=1.00e-03
Epoch 067 | train_loss=1.9533e-02 | train_eval_loss=1.3769e-02 | val_loss=2.9220e-02 | | lr=1.00e-03
Epoch 068 | train_loss=2.1614e-02 | train_eval_loss=1.2448e-02 | val_loss=2.6758e-02 | | lr=1.00e-03
Saved best model to results/thesis_model_results/outputs/scaler_comparison_mtlgsh/MTLGSH__mse__log1p__seed42/mtlgsh_state_dict_best.pt
Epoch 069 | train_loss=1.8689e-02 | train_eval_loss=1.3026e-02 | val_loss=2.7961e-02 | | lr=1.00e-03
Epoch 070 | train_loss=1.8547e-02 | train_eval_loss=1.1522e-02 | val_loss=2.6548e-02 | | lr=1.00e-03
Saved best model to results/thesis_model_results/outputs/scaler_comparison_mtlgsh/MTLGSH__mse__log1p__seed42/mtlgsh_state_dict_best.pt
Epoch 071 | train_loss=1.7496e-02 | train_eval_loss=1.4172e-02 | val_loss=2.9226e-02 | | lr=1.00e-03
Epoch 072 | train_loss=2.0958e-02 | train_eval_loss=1.9647e-02 | val_loss=3.4760e-02 | | lr=1.00e-03
Epoch 073 | train_loss=2.3682e-02 | train_eval_loss=1.5104e-02 | val_loss=2.9527e-02 | | lr=1.00e-03
Epoch 074 | train_loss=1.8864e-02 | train_eval_loss=1.8315e-02 | val_loss=3.4122e-02 | | lr=1.00e-03
Epoch 075 | train_loss=1.9705e-02 | train_eval_loss=1.3742e-02 | val_loss=2.9661e-02 | | lr=1.00e-03
Epoch 076 | train_loss=1.7375e-02 | train_eval_loss=1.3255e-02 | val_loss=2.8568e-02 | | lr=1.00e-03
Epoch 077 | train_loss=1.9683e-02 | train_eval_loss=1.8786e-02 | val_loss=3.3848e-02 | | lr=1.00e-03
Epoch 078 | train_loss=2.1583e-02 | train_eval_loss=1.4593e-02 | val_loss=3.0951e-02 | | lr=1.00e-03
Epoch 079 | train_loss=1.9748e-02 | train_eval_loss=1.3123e-02 | val_loss=2.7814e-02 | | lr=1.00e-03
Epoch 080 | train_loss=1.4071e-02 | train_eval_loss=7.4431e-03 | val_loss=2.3041e-02 | | lr=5.00e-04
Saved best model to results/thesis_model_results/outputs/scaler_comparison_mtlgsh/MTLGSH__mse__log1p__seed42/mtlgsh_state_dict_best.pt
Epoch 081 | train_loss=1.2929e-02 | train_eval_loss=8.3287e-03 | val_loss=2.3692e-02 | | lr=5.00e-04
Epoch 082 | train_loss=1.2261e-02 | train_eval_loss=6.8808e-03 | val_loss=2.2830e-02 | | lr=5.00e-04
Saved best model to results/thesis_model_results/outputs/scaler_comparison_mtlgsh/MTLGSH__mse__log1p__seed42/mtlgsh_state_dict_best.pt
Epoch 083 | train_loss=1.2368e-02 | train_eval_loss=6.5330e-03 | val_loss=2.2279e-02 | | lr=5.00e-04
Saved best model to results/thesis_model_results/outputs/scaler_comparison_mtlgsh/MTLGSH__mse__log1p__seed42/mtlgsh_state_dict_best.pt
Epoch 084 | train_loss=1.1773e-02 | train_eval_loss=6.7790e-03 | val_loss=2.2904e-02 | | lr=5.00e-04
Epoch 085 | train_loss=1.2089e-02 | train_eval_loss=6.9400e-03 | val_loss=2.3094e-02 | | lr=5.00e-04
Epoch 086 | train_loss=1.1766e-02 | train_eval_loss=7.2188e-03 | val_loss=2.3671e-02 | | lr=5.00e-04
Epoch 087 | train_loss=1.1462e-02 | train_eval_loss=6.0202e-03 | val_loss=2.2002e-02 | | lr=5.00e-04
Saved best model to results/thesis_model_results/outputs/scaler_comparison_mtlgsh/MTLGSH__mse__log1p__seed42/mtlgsh_state_dict_best.pt
Epoch 088 | train_loss=1.1374e-02 | train_eval_loss=7.1489e-03 | val_loss=2.3106e-02 | | lr=5.00e-04
Epoch 089 | train_loss=1.1689e-02 | train_eval_loss=6.1411e-03 | val_loss=2.2762e-02 | | lr=5.00e-04
Epoch 090 | train_loss=1.1615e-02 | train_eval_loss=7.2021e-03 | val_loss=2.3580e-02 | | lr=5.00e-04
Epoch 091 | train_loss=1.2609e-02 | train_eval_loss=7.0361e-03 | val_loss=2.2772e-02 | | lr=5.00e-04
Epoch 092 | train_loss=1.2602e-02 | train_eval_loss=6.8676e-03 | val_loss=2.3265e-02 | | lr=5.00e-04
Epoch 093 | train_loss=1.2040e-02 | train_eval_loss=6.9546e-03 | val_loss=2.3749e-02 | | lr=5.00e-04
Epoch 094 | train_loss=1.2331e-02 | train_eval_loss=6.2369e-03 | val_loss=2.2670e-02 | | lr=5.00e-04
Epoch 095 | train_loss=1.1777e-02 | train_eval_loss=8.0061e-03 | val_loss=2.4511e-02 | | lr=5.00e-04
Epoch 096 | train_loss=1.2466e-02 | train_eval_loss=6.3084e-03 | val_loss=2.3768e-02 | | lr=5.00e-04
Epoch 097 | train_loss=1.0090e-02 | train_eval_loss=5.1428e-03 | val_loss=2.2205e-02 | | lr=2.50e-04
Epoch 098 | train_loss=9.9099e-03 | train_eval_loss=4.6816e-03 | val_loss=2.1312e-02 | | lr=2.50e-04
Saved best model to results/thesis_model_results/outputs/scaler_comparison_mtlgsh/MTLGSH__mse__log1p__seed42/mtlgsh_state_dict_best.pt
Epoch 099 | train_loss=9.6652e-03 | train_eval_loss=5.1257e-03 | val_loss=2.2047e-02 | | lr=2.50e-04
Epoch 100 | train_loss=9.7569e-03 | train_eval_loss=4.5394e-03 | val_loss=2.1325e-02 | | lr=2.50e-04
Epoch 101 | train_loss=9.5166e-03 | train_eval_loss=4.5097e-03 | val_loss=2.1425e-02 | | lr=2.50e-04
Epoch 102 | train_loss=9.5891e-03 | train_eval_loss=4.5717e-03 | val_loss=2.1304e-02 | | lr=2.50e-04
Saved best model to results/thesis_model_results/outputs/scaler_comparison_mtlgsh/MTLGSH__mse__log1p__seed42/mtlgsh_state_dict_best.pt
Epoch 103 | train_loss=9.3404e-03 | train_eval_loss=4.5523e-03 | val_loss=2.1650e-02 | | lr=2.50e-04
Epoch 104 | train_loss=9.4422e-03 | train_eval_loss=4.5776e-03 | val_loss=2.1429e-02 | | lr=2.50e-04
Epoch 105 | train_loss=9.3014e-03 | train_eval_loss=4.4415e-03 | val_loss=2.1611e-02 | | lr=2.50e-04
Epoch 106 | train_loss=9.4197e-03 | train_eval_loss=4.5185e-03 | val_loss=2.1661e-02 | | lr=2.50e-04
Epoch 107 | train_loss=9.4384e-03 | train_eval_loss=4.3743e-03 | val_loss=2.1664e-02 | | lr=2.50e-04
Epoch 108 | train_loss=9.4823e-03 | train_eval_loss=4.4107e-03 | val_loss=2.1314e-02 | | lr=2.50e-04
Epoch 109 | train_loss=9.3051e-03 | train_eval_loss=4.4175e-03 | val_loss=2.1286e-02 | | lr=2.50e-04
Saved best model to results/thesis_model_results/outputs/scaler_comparison_mtlgsh/MTLGSH__mse__log1p__seed42/mtlgsh_state_dict_best.pt
Epoch 110 | train_loss=9.3989e-03 | train_eval_loss=4.3900e-03 | val_loss=2.1740e-02 | | lr=2.50e-04
Epoch 111 | train_loss=9.1942e-03 | train_eval_loss=4.1272e-03 | val_loss=2.1369e-02 | | lr=2.50e-04
Epoch 112 | train_loss=9.0897e-03 | train_eval_loss=4.1619e-03 | val_loss=2.1577e-02 | | lr=2.50e-04
Epoch 113 | train_loss=9.2924e-03 | train_eval_loss=4.7196e-03 | val_loss=2.2207e-02 | | lr=2.50e-04
Epoch 114 | train_loss=9.5637e-03 | train_eval_loss=4.4526e-03 | val_loss=2.1918e-02 | | lr=2.50e-04
Epoch 115 | train_loss=9.8991e-03 | train_eval_loss=6.4769e-03 | val_loss=2.4702e-02 | | lr=2.50e-04
Epoch 116 | train_loss=1.0009e-02 | train_eval_loss=4.5868e-03 | val_loss=2.2168e-02 | | lr=2.50e-04
Epoch 117 | train_loss=9.1732e-03 | train_eval_loss=4.3240e-03 | val_loss=2.1801e-02 | | lr=2.50e-04
Epoch 118 | train_loss=9.6709e-03 | train_eval_loss=4.6593e-03 | val_loss=2.2242e-02 | | lr=2.50e-04
Epoch 119 | train_loss=8.8501e-03 | train_eval_loss=3.7507e-03 | val_loss=2.1123e-02 | | lr=1.25e-04
Saved best model to results/thesis_model_results/outputs/scaler_comparison_mtlgsh/MTLGSH__mse__log1p__seed42/mtlgsh_state_dict_best.pt
Epoch 120 | train_loss=8.5669e-03 | train_eval_loss=3.6672e-03 | val_loss=2.1085e-02 | | lr=1.25e-04
Saved best model to results/thesis_model_results/outputs/scaler_comparison_mtlgsh/MTLGSH__mse__log1p__seed42/mtlgsh_state_dict_best.pt
Epoch 121 | train_loss=8.4887e-03 | train_eval_loss=3.6397e-03 | val_loss=2.1126e-02 | | lr=1.25e-04
Epoch 122 | train_loss=8.4240e-03 | train_eval_loss=3.5705e-03 | val_loss=2.0971e-02 | | lr=1.25e-04
Saved best model to results/thesis_model_results/outputs/scaler_comparison_mtlgsh/MTLGSH__mse__log1p__seed42/mtlgsh_state_dict_best.pt
Epoch 123 | train_loss=8.4438e-03 | train_eval_loss=3.5224e-03 | val_loss=2.0977e-02 | | lr=1.25e-04
Epoch 124 | train_loss=8.3890e-03 | train_eval_loss=3.5213e-03 | val_loss=2.0921e-02 | | lr=1.25e-04
Saved best model to results/thesis_model_results/outputs/scaler_comparison_mtlgsh/MTLGSH__mse__log1p__seed42/mtlgsh_state_dict_best.pt
Epoch 125 | train_loss=8.3839e-03 | train_eval_loss=3.5123e-03 | val_loss=2.1023e-02 | | lr=1.25e-04
Epoch 126 | train_loss=8.3484e-03 | train_eval_loss=3.4831e-03 | val_loss=2.1132e-02 | | lr=1.25e-04
Epoch 127 | train_loss=8.3070e-03 | train_eval_loss=3.5105e-03 | val_loss=2.1134e-02 | | lr=1.25e-04
Epoch 128 | train_loss=8.3447e-03 | train_eval_loss=3.4779e-03 | val_loss=2.1058e-02 | | lr=1.25e-04
Epoch 129 | train_loss=8.3255e-03 | train_eval_loss=3.4052e-03 | val_loss=2.0889e-02 | | lr=1.25e-04
Saved best model to results/thesis_model_results/outputs/scaler_comparison_mtlgsh/MTLGSH__mse__log1p__seed42/mtlgsh_state_dict_best.pt
Epoch 130 | train_loss=8.3183e-03 | train_eval_loss=3.4280e-03 | val_loss=2.0926e-02 | | lr=1.25e-04
Epoch 131 | train_loss=8.3149e-03 | train_eval_loss=3.4297e-03 | val_loss=2.1011e-02 | | lr=1.25e-04
Epoch 132 | train_loss=8.2848e-03 | train_eval_loss=3.4299e-03 | val_loss=2.1039e-02 | | lr=1.25e-04
Epoch 133 | train_loss=8.2023e-03 | train_eval_loss=3.3681e-03 | val_loss=2.1041e-02 | | lr=1.25e-04
Epoch 134 | train_loss=8.2713e-03 | train_eval_loss=3.3645e-03 | val_loss=2.0954e-02 | | lr=1.25e-04
Epoch 135 | train_loss=8.1991e-03 | train_eval_loss=3.3793e-03 | val_loss=2.1149e-02 | | lr=1.25e-04
Epoch 136 | train_loss=8.1988e-03 | train_eval_loss=3.2704e-03 | val_loss=2.0933e-02 | | lr=1.25e-04
Epoch 137 | train_loss=8.1748e-03 | train_eval_loss=3.3257e-03 | val_loss=2.1161e-02 | | lr=1.25e-04
Epoch 138 | train_loss=8.1008e-03 | train_eval_loss=3.3834e-03 | val_loss=2.1094e-02 | | lr=1.25e-04
Epoch 139 | train_loss=7.9599e-03 | train_eval_loss=3.1748e-03 | val_loss=2.0955e-02 | | lr=6.25e-05
Epoch 140 | train_loss=7.9330e-03 | train_eval_loss=3.1571e-03 | val_loss=2.0914e-02 | | lr=6.25e-05
Epoch 141 | train_loss=7.9425e-03 | train_eval_loss=3.1353e-03 | val_loss=2.0838e-02 | | lr=6.25e-05
Saved best model to results/thesis_model_results/outputs/scaler_comparison_mtlgsh/MTLGSH__mse__log1p__seed42/mtlgsh_state_dict_best.pt
Epoch 142 | train_loss=7.9157e-03 | train_eval_loss=3.1594e-03 | val_loss=2.0868e-02 | | lr=6.25e-05
Epoch 143 | train_loss=7.9071e-03 | train_eval_loss=3.1382e-03 | val_loss=2.0865e-02 | | lr=6.25e-05
Epoch 144 | train_loss=7.8612e-03 | train_eval_loss=3.0987e-03 | val_loss=2.0881e-02 | | lr=6.25e-05
Epoch 145 | train_loss=7.8700e-03 | train_eval_loss=3.1115e-03 | val_loss=2.0858e-02 | | lr=6.25e-05
Epoch 146 | train_loss=7.9169e-03 | train_eval_loss=3.1013e-03 | val_loss=2.0860e-02 | | lr=6.25e-05
Epoch 147 | train_loss=7.9022e-03 | train_eval_loss=3.0513e-03 | val_loss=2.0891e-02 | | lr=6.25e-05
Epoch 148 | train_loss=7.8696e-03 | train_eval_loss=3.0500e-03 | val_loss=2.0862e-02 | | lr=6.25e-05
Epoch 149 | train_loss=7.8562e-03 | train_eval_loss=3.0799e-03 | val_loss=2.1016e-02 | | lr=6.25e-05
Epoch 150 | train_loss=7.8628e-03 | train_eval_loss=3.0779e-03 | val_loss=2.0803e-02 | | lr=6.25e-05
Saved best model to results/thesis_model_results/outputs/scaler_comparison_mtlgsh/MTLGSH__mse__log1p__seed42/mtlgsh_state_dict_best.pt
Epoch 151 | train_loss=7.7506e-03 | train_eval_loss=3.0708e-03 | val_loss=2.0774e-02 | | lr=6.25e-05
Saved best model to results/thesis_model_results/outputs/scaler_comparison_mtlgsh/MTLGSH__mse__log1p__seed42/mtlgsh_state_dict_best.pt
Epoch 152 | train_loss=7.8127e-03 | train_eval_loss=3.0427e-03 | val_loss=2.0892e-02 | | lr=6.25e-05
Epoch 153 | train_loss=7.8444e-03 | train_eval_loss=3.0535e-03 | val_loss=2.0788e-02 | | lr=6.25e-05
Epoch 154 | train_loss=7.7822e-03 | train_eval_loss=3.0186e-03 | val_loss=2.0893e-02 | | lr=6.25e-05
Epoch 155 | train_loss=7.7896e-03 | train_eval_loss=3.0322e-03 | val_loss=2.0902e-02 | | lr=6.25e-05
Epoch 156 | train_loss=7.8468e-03 | train_eval_loss=2.9880e-03 | val_loss=2.0916e-02 | | lr=6.25e-05
Epoch 157 | train_loss=7.7829e-03 | train_eval_loss=3.0155e-03 | val_loss=2.1005e-02 | | lr=6.25e-05
Epoch 158 | train_loss=7.7674e-03 | train_eval_loss=2.9699e-03 | val_loss=2.0781e-02 | | lr=6.25e-05
Epoch 159 | train_loss=7.7827e-03 | train_eval_loss=2.9862e-03 | val_loss=2.1106e-02 | | lr=6.25e-05
Epoch 160 | train_loss=7.7594e-03 | train_eval_loss=2.9713e-03 | val_loss=2.0769e-02 | | lr=6.25e-05
Saved best model to results/thesis_model_results/outputs/scaler_comparison_mtlgsh/MTLGSH__mse__log1p__seed42/mtlgsh_state_dict_best.pt
Epoch 161 | train_loss=7.7876e-03 | train_eval_loss=2.9438e-03 | val_loss=2.0901e-02 | | lr=6.25e-05
Epoch 162 | train_loss=7.7745e-03 | train_eval_loss=2.9936e-03 | val_loss=2.0906e-02 | | lr=6.25e-05
Epoch 163 | train_loss=7.7389e-03 | train_eval_loss=2.9354e-03 | val_loss=2.0930e-02 | | lr=6.25e-05
Epoch 164 | train_loss=7.7316e-03 | train_eval_loss=2.9329e-03 | val_loss=2.0929e-02 | | lr=6.25e-05
Epoch 165 | train_loss=7.6901e-03 | train_eval_loss=2.9951e-03 | val_loss=2.0905e-02 | | lr=6.25e-05
Epoch 166 | train_loss=7.7621e-03 | train_eval_loss=3.0027e-03 | val_loss=2.1000e-02 | | lr=6.25e-05
Epoch 167 | train_loss=7.7040e-03 | train_eval_loss=2.8968e-03 | val_loss=2.0973e-02 | | lr=6.25e-05
Epoch 168 | train_loss=7.7602e-03 | train_eval_loss=2.9550e-03 | val_loss=2.1049e-02 | | lr=6.25e-05
Epoch 169 | train_loss=7.7155e-03 | train_eval_loss=2.8811e-03 | val_loss=2.0823e-02 | | lr=6.25e-05
Epoch 170 | train_loss=7.5869e-03 | train_eval_loss=2.8284e-03 | val_loss=2.0832e-02 | | lr=3.13e-05
Epoch 171 | train_loss=7.5486e-03 | train_eval_loss=2.8125e-03 | val_loss=2.0884e-02 | | lr=3.13e-05
Epoch 172 | train_loss=7.5594e-03 | train_eval_loss=2.7879e-03 | val_loss=2.0856e-02 | | lr=3.13e-05
Epoch 173 | train_loss=7.5192e-03 | train_eval_loss=2.7804e-03 | val_loss=2.0795e-02 | | lr=3.13e-05
Epoch 174 | train_loss=7.5233e-03 | train_eval_loss=2.7899e-03 | val_loss=2.0792e-02 | | lr=3.13e-05
Epoch 175 | train_loss=7.5850e-03 | train_eval_loss=2.8005e-03 | val_loss=2.0822e-02 | | lr=3.13e-05
Epoch 176 | train_loss=7.5437e-03 | train_eval_loss=2.7970e-03 | val_loss=2.0803e-02 | | lr=3.13e-05
Epoch 177 | train_loss=7.5178e-03 | train_eval_loss=2.7806e-03 | val_loss=2.0793e-02 | | lr=3.13e-05
Epoch 178 | train_loss=7.5505e-03 | train_eval_loss=2.7742e-03 | val_loss=2.0945e-02 | | lr=3.13e-05
Epoch 179 | train_loss=7.4425e-03 | train_eval_loss=2.7574e-03 | val_loss=2.0828e-02 | | lr=1.56e-05
Epoch 180 | train_loss=7.4259e-03 | train_eval_loss=2.7387e-03 | val_loss=2.0827e-02 | | lr=1.56e-05
Epoch 181 | train_loss=7.5013e-03 | train_eval_loss=2.7243e-03 | val_loss=2.0834e-02 | | lr=1.56e-05
Epoch 182 | train_loss=7.4249e-03 | train_eval_loss=2.7468e-03 | val_loss=2.0848e-02 | | lr=1.56e-05
Epoch 183 | train_loss=7.4348e-03 | train_eval_loss=2.7288e-03 | val_loss=2.0801e-02 | | lr=1.56e-05
Epoch 184 | train_loss=7.4582e-03 | train_eval_loss=2.7586e-03 | val_loss=2.0784e-02 | | lr=1.56e-05
Epoch 185 | train_loss=7.4719e-03 | train_eval_loss=2.7316e-03 | val_loss=2.0832e-02 | | lr=1.56e-05
Epoch 186 | train_loss=7.4426e-03 | train_eval_loss=2.7362e-03 | val_loss=2.0861e-02 | | lr=1.56e-05
Epoch 187 | train_loss=7.5038e-03 | train_eval_loss=2.7249e-03 | val_loss=2.0862e-02 | | lr=1.56e-05
Epoch 188 | train_loss=7.4412e-03 | train_eval_loss=2.7266e-03 | val_loss=2.0809e-02 | | lr=7.81e-06
Epoch 189 | train_loss=7.4225e-03 | train_eval_loss=2.7038e-03 | val_loss=2.0792e-02 | | lr=7.81e-06
Epoch 190 | train_loss=7.4494e-03 | train_eval_loss=2.7082e-03 | val_loss=2.0798e-02 | | lr=7.81e-06
Epoch 191 | train_loss=7.4438e-03 | train_eval_loss=2.7028e-03 | val_loss=2.0795e-02 | | lr=7.81e-06
Epoch 192 | train_loss=7.4066e-03 | train_eval_loss=2.6963e-03 | val_loss=2.0723e-02 | | lr=7.81e-06
Saved best model to results/thesis_model_results/outputs/scaler_comparison_mtlgsh/MTLGSH__mse__log1p__seed42/mtlgsh_state_dict_best.pt
Epoch 193 | train_loss=7.4818e-03 | train_eval_loss=2.6985e-03 | val_loss=2.0771e-02 | | lr=7.81e-06
Epoch 194 | train_loss=7.4230e-03 | train_eval_loss=2.7000e-03 | val_loss=2.0762e-02 | | lr=7.81e-06
Epoch 195 | train_loss=7.4474e-03 | train_eval_loss=2.6970e-03 | val_loss=2.0776e-02 | | lr=7.81e-06
Epoch 196 | train_loss=7.4588e-03 | train_eval_loss=2.6943e-03 | val_loss=2.0777e-02 | | lr=7.81e-06
Epoch 197 | train_loss=7.4159e-03 | train_eval_loss=2.7034e-03 | val_loss=2.0773e-02 | | lr=7.81e-06
Epoch 198 | train_loss=7.4665e-03 | train_eval_loss=2.6939e-03 | val_loss=2.0812e-02 | | lr=7.81e-06
Epoch 199 | train_loss=7.4119e-03 | train_eval_loss=2.6859e-03 | val_loss=2.0777e-02 | | lr=7.81e-06
Epoch 200 | train_loss=7.3824e-03 | train_eval_loss=2.7019e-03 | val_loss=2.0799e-02 | | lr=7.81e-06
Saved training logs to results/thesis_model_results/outputs/scaler_comparison_mtlgsh/MTLGSH__mse__log1p__seed42/training_summary.txt
Test RMSE(rocof_COI) = 0.0098 | norm: 0.0583 | real_diff: 0.0054
Test RMSE(dev_COI) = 0.0186 | norm: 0.0565 | real_diff: 0.0081
Test RMSE(Delta_P_IBR_1) = 0.0893 | norm: 0.1475 | real_diff: 0.0463
Test RMSE(Delta_P_IBR_2) = 0.0924 | norm: 0.1224 | real_diff: 0.0397
Test RMSE(Delta_P_IBR_3) = 0.1559 | norm: 0.2546 | real_diff: 0.0584
Test RMSE(Delta_P_IBR_4) = 0.1380 | norm: 0.1432 | real_diff: 0.0706
Saved RMSE results to results/thesis_model_results/outputs/scaler_comparison_mtlgsh/MTLGSH__mse__log1p__seed42/rmse_results.txt
Saved detailed metrics to results/thesis_model_results/outputs/scaler_comparison_mtlgsh/MTLGSH__mse__log1p__seed42/metrics_by_target.csv
Saved aggregate metrics to results/thesis_model_results/outputs/scaler_comparison_mtlgsh/MTLGSH__mse__log1p__seed42/metrics_summary.json
Saved loss curves to results/thesis_model_results/outputs/scaler_comparison_mtlgsh/MTLGSH__mse__log1p__seed42/loss_curve.png
Saved scatter plot results/thesis_model_results/outputs/scaler_comparison_mtlgsh/MTLGSH__mse__log1p__seed42/scatter_rocof_COI.png
Saved scatter plot results/thesis_model_results/outputs/scaler_comparison_mtlgsh/MTLGSH__mse__log1p__seed42/scatter_dev_COI.png
Saved scatter plot results/thesis_model_results/outputs/scaler_comparison_mtlgsh/MTLGSH__mse__log1p__seed42/scatter_Delta_P_IBR_1.png
Saved scatter plot results/thesis_model_results/outputs/scaler_comparison_mtlgsh/MTLGSH__mse__log1p__seed42/scatter_Delta_P_IBR_2.png
Saved scatter plot results/thesis_model_results/outputs/scaler_comparison_mtlgsh/MTLGSH__mse__log1p__seed42/scatter_Delta_P_IBR_3.png
Saved scatter plot results/thesis_model_results/outputs/scaler_comparison_mtlgsh/MTLGSH__mse__log1p__seed42/scatter_Delta_P_IBR_4.png
Saved model to results/thesis_model_results/outputs/scaler_comparison_mtlgsh/MTLGSH__mse__log1p__seed42/mtlgsh_state_dict.pt
Loss type: mse | weights=[]
Target stats (scaled):
train mean=[ 0. -0.  0.  0. -0.  0.]
train std=[1. 1. 1. 1. 1. 1.]
train q05=[-1.7702 -1.394  -1.5145 -1.7433 -1.2413 -1.7471]
train q95=[1.7898 2.0142 1.5772 1.512  1.8496 1.6033]
val mean=[-0.0124 -0.0126  0.002   0.0083  0.011   0.0074]
val std=[0.984  0.9828 0.9844 1.0084 0.9848 0.9772]
val q05=[-1.7489 -1.3914 -1.5116 -1.7439 -1.2168 -1.7063]
val q95=[1.7552 1.9956 1.5881 1.5335 1.8418 1.5753]
val/train std ratio=[0.984  0.9828 0.9844 1.0084 0.9848 0.9772]
LR scheduler: ReduceLROnPlateau (factor=0.5, patience=8, min_lr=1e-07)
Epoch 001 | train_loss=1.1648e+10 | train_eval_loss=3.9021e+09 | val_loss=3.9586e+09 | | lr=1.00e-03
Saved best model to results/thesis_model_results/outputs/scaler_comparison_picnn/PICNN__mse__standard__seed42/picnn_state_dict_best.pt
Epoch 002 | train_loss=2.1146e+09 | train_eval_loss=9.8582e+08 | val_loss=1.0032e+09 | | lr=1.00e-03
Saved best model to results/thesis_model_results/outputs/scaler_comparison_picnn/PICNN__mse__standard__seed42/picnn_state_dict_best.pt
Epoch 003 | train_loss=5.9400e+08 | train_eval_loss=3.1787e+08 | val_loss=3.2591e+08 | | lr=1.00e-03
Saved best model to results/thesis_model_results/outputs/scaler_comparison_picnn/PICNN__mse__standard__seed42/picnn_state_dict_best.pt
Epoch 004 | train_loss=2.0681e+08 | train_eval_loss=1.2324e+08 | val_loss=1.2698e+08 | | lr=1.00e-03
Saved best model to results/thesis_model_results/outputs/scaler_comparison_picnn/PICNN__mse__standard__seed42/picnn_state_dict_best.pt
Epoch 005 | train_loss=8.4707e+07 | train_eval_loss=5.4035e+07 | val_loss=5.6134e+07 | | lr=1.00e-03
Saved best model to results/thesis_model_results/outputs/scaler_comparison_picnn/PICNN__mse__standard__seed42/picnn_state_dict_best.pt
Epoch 006 | train_loss=3.8965e+07 | train_eval_loss=2.6429e+07 | val_loss=2.7719e+07 | | lr=1.00e-03
Saved best model to results/thesis_model_results/outputs/scaler_comparison_picnn/PICNN__mse__standard__seed42/picnn_state_dict_best.pt
Epoch 007 | train_loss=1.9894e+07 | train_eval_loss=1.4326e+07 | val_loss=1.5162e+07 | | lr=1.00e-03
Saved best model to results/thesis_model_results/outputs/scaler_comparison_picnn/PICNN__mse__standard__seed42/picnn_state_dict_best.pt
Epoch 008 | train_loss=1.1209e+07 | train_eval_loss=8.4618e+06 | val_loss=9.0885e+06 | | lr=1.00e-03
Saved best model to results/thesis_model_results/outputs/scaler_comparison_picnn/PICNN__mse__standard__seed42/picnn_state_dict_best.pt
Epoch 009 | train_loss=6.8739e+06 | train_eval_loss=5.3915e+06 | val_loss=5.8556e+06 | | lr=1.00e-03
Saved best model to results/thesis_model_results/outputs/scaler_comparison_picnn/PICNN__mse__standard__seed42/picnn_state_dict_best.pt
Epoch 010 | train_loss=4.5038e+06 | train_eval_loss=3.6526e+06 | val_loss=4.0027e+06 | | lr=1.00e-03
Saved best model to results/thesis_model_results/outputs/scaler_comparison_picnn/PICNN__mse__standard__seed42/picnn_state_dict_best.pt
Epoch 011 | train_loss=3.1174e+06 | train_eval_loss=2.5880e+06 | val_loss=2.8689e+06 | | lr=1.00e-03
Saved best model to results/thesis_model_results/outputs/scaler_comparison_picnn/PICNN__mse__standard__seed42/picnn_state_dict_best.pt
Epoch 012 | train_loss=2.2443e+06 | train_eval_loss=1.8959e+06 | val_loss=2.1235e+06 | | lr=1.00e-03
Saved best model to results/thesis_model_results/outputs/scaler_comparison_picnn/PICNN__mse__standard__seed42/picnn_state_dict_best.pt
Epoch 013 | train_loss=1.6698e+06 | train_eval_loss=1.4295e+06 | val_loss=1.6213e+06 | | lr=1.00e-03
Saved best model to results/thesis_model_results/outputs/scaler_comparison_picnn/PICNN__mse__standard__seed42/picnn_state_dict_best.pt
Epoch 014 | train_loss=1.2752e+06 | train_eval_loss=1.1052e+06 | val_loss=1.2614e+06 | | lr=1.00e-03
Saved best model to results/thesis_model_results/outputs/scaler_comparison_picnn/PICNN__mse__standard__seed42/picnn_state_dict_best.pt
Epoch 015 | train_loss=9.9303e+05 | train_eval_loss=8.6686e+05 | val_loss=1.0073e+06 | | lr=1.00e-03
Saved best model to results/thesis_model_results/outputs/scaler_comparison_picnn/PICNN__mse__standard__seed42/picnn_state_dict_best.pt
Epoch 016 | train_loss=7.8843e+05 | train_eval_loss=6.9335e+05 | val_loss=8.1791e+05 | | lr=1.00e-03
Saved best model to results/thesis_model_results/outputs/scaler_comparison_picnn/PICNN__mse__standard__seed42/picnn_state_dict_best.pt
Epoch 017 | train_loss=6.3399e+05 | train_eval_loss=5.6181e+05 | val_loss=6.7100e+05 | | lr=1.00e-03
Saved best model to results/thesis_model_results/outputs/scaler_comparison_picnn/PICNN__mse__standard__seed42/picnn_state_dict_best.pt
Epoch 018 | train_loss=5.1746e+05 | train_eval_loss=4.6145e+05 | val_loss=5.5932e+05 | | lr=1.00e-03
Saved best model to results/thesis_model_results/outputs/scaler_comparison_picnn/PICNN__mse__standard__seed42/picnn_state_dict_best.pt
Epoch 019 | train_loss=4.2736e+05 | train_eval_loss=3.8252e+05 | val_loss=4.7268e+05 | | lr=1.00e-03
Saved best model to results/thesis_model_results/outputs/scaler_comparison_picnn/PICNN__mse__standard__seed42/picnn_state_dict_best.pt
Epoch 020 | train_loss=3.5605e+05 | train_eval_loss=3.1999e+05 | val_loss=3.9874e+05 | | lr=1.00e-03
Saved best model to results/thesis_model_results/outputs/scaler_comparison_picnn/PICNN__mse__standard__seed42/picnn_state_dict_best.pt
Epoch 021 | train_loss=2.9830e+05 | train_eval_loss=2.7033e+05 | val_loss=3.4284e+05 | | lr=1.00e-03
Saved best model to results/thesis_model_results/outputs/scaler_comparison_picnn/PICNN__mse__standard__seed42/picnn_state_dict_best.pt
Epoch 022 | train_loss=2.5259e+05 | train_eval_loss=2.3003e+05 | val_loss=2.9479e+05 | | lr=1.00e-03
Saved best model to results/thesis_model_results/outputs/scaler_comparison_picnn/PICNN__mse__standard__seed42/picnn_state_dict_best.pt
Epoch 023 | train_loss=2.1564e+05 | train_eval_loss=1.9577e+05 | val_loss=2.5611e+05 | | lr=1.00e-03
Saved best model to results/thesis_model_results/outputs/scaler_comparison_picnn/PICNN__mse__standard__seed42/picnn_state_dict_best.pt
Epoch 024 | train_loss=1.8459e+05 | train_eval_loss=1.6926e+05 | val_loss=2.2304e+05 | | lr=1.00e-03
Saved best model to results/thesis_model_results/outputs/scaler_comparison_picnn/PICNN__mse__standard__seed42/picnn_state_dict_best.pt
Epoch 025 | train_loss=1.5946e+05 | train_eval_loss=1.4583e+05 | val_loss=1.9934e+05 | | lr=1.00e-03
Saved best model to results/thesis_model_results/outputs/scaler_comparison_picnn/PICNN__mse__standard__seed42/picnn_state_dict_best.pt
Epoch 026 | train_loss=1.3808e+05 | train_eval_loss=1.2664e+05 | val_loss=1.7458e+05 | | lr=1.00e-03
Saved best model to results/thesis_model_results/outputs/scaler_comparison_picnn/PICNN__mse__standard__seed42/picnn_state_dict_best.pt
Epoch 027 | train_loss=1.2010e+05 | train_eval_loss=1.1108e+05 | val_loss=1.5509e+05 | | lr=1.00e-03
Saved best model to results/thesis_model_results/outputs/scaler_comparison_picnn/PICNN__mse__standard__seed42/picnn_state_dict_best.pt
Epoch 028 | train_loss=1.0505e+05 | train_eval_loss=9.6562e+04 | val_loss=1.3880e+05 | | lr=1.00e-03
Saved best model to results/thesis_model_results/outputs/scaler_comparison_picnn/PICNN__mse__standard__seed42/picnn_state_dict_best.pt
Epoch 029 | train_loss=9.1947e+04 | train_eval_loss=8.5134e+04 | val_loss=1.2483e+05 | | lr=1.00e-03
Saved best model to results/thesis_model_results/outputs/scaler_comparison_picnn/PICNN__mse__standard__seed42/picnn_state_dict_best.pt
Epoch 030 | train_loss=8.1080e+04 | train_eval_loss=7.4880e+04 | val_loss=1.1244e+05 | | lr=1.00e-03
Saved best model to results/thesis_model_results/outputs/scaler_comparison_picnn/PICNN__mse__standard__seed42/picnn_state_dict_best.pt
Epoch 031 | train_loss=7.1641e+04 | train_eval_loss=6.6252e+04 | val_loss=1.0112e+05 | | lr=1.00e-03
Saved best model to results/thesis_model_results/outputs/scaler_comparison_picnn/PICNN__mse__standard__seed42/picnn_state_dict_best.pt
Epoch 032 | train_loss=6.3508e+04 | train_eval_loss=5.9163e+04 | val_loss=9.1520e+04 | | lr=1.00e-03
Saved best model to results/thesis_model_results/outputs/scaler_comparison_picnn/PICNN__mse__standard__seed42/picnn_state_dict_best.pt
Epoch 033 | train_loss=5.6613e+04 | train_eval_loss=5.2585e+04 | val_loss=8.3398e+04 | | lr=1.00e-03
Saved best model to results/thesis_model_results/outputs/scaler_comparison_picnn/PICNN__mse__standard__seed42/picnn_state_dict_best.pt
Epoch 034 | train_loss=5.0305e+04 | train_eval_loss=4.6722e+04 | val_loss=7.7439e+04 | | lr=1.00e-03
Saved best model to results/thesis_model_results/outputs/scaler_comparison_picnn/PICNN__mse__standard__seed42/picnn_state_dict_best.pt
Epoch 035 | train_loss=4.4975e+04 | train_eval_loss=4.1663e+04 | val_loss=7.0463e+04 | | lr=1.00e-03
Saved best model to results/thesis_model_results/outputs/scaler_comparison_picnn/PICNN__mse__standard__seed42/picnn_state_dict_best.pt
Epoch 036 | train_loss=4.0204e+04 | train_eval_loss=3.7288e+04 | val_loss=6.5053e+04 | | lr=1.00e-03
Saved best model to results/thesis_model_results/outputs/scaler_comparison_picnn/PICNN__mse__standard__seed42/picnn_state_dict_best.pt
Epoch 037 | train_loss=3.6110e+04 | train_eval_loss=3.3481e+04 | val_loss=5.9180e+04 | | lr=1.00e-03
Saved best model to results/thesis_model_results/outputs/scaler_comparison_picnn/PICNN__mse__standard__seed42/picnn_state_dict_best.pt
Epoch 038 | train_loss=3.2382e+04 | train_eval_loss=3.0246e+04 | val_loss=5.5755e+04 | | lr=1.00e-03
Saved best model to results/thesis_model_results/outputs/scaler_comparison_picnn/PICNN__mse__standard__seed42/picnn_state_dict_best.pt
Epoch 039 | train_loss=2.9261e+04 | train_eval_loss=2.7178e+04 | val_loss=5.1226e+04 | | lr=1.00e-03
Saved best model to results/thesis_model_results/outputs/scaler_comparison_picnn/PICNN__mse__standard__seed42/picnn_state_dict_best.pt
Epoch 040 | train_loss=2.6350e+04 | train_eval_loss=2.4561e+04 | val_loss=4.6905e+04 | | lr=1.00e-03
Saved best model to results/thesis_model_results/outputs/scaler_comparison_picnn/PICNN__mse__standard__seed42/picnn_state_dict_best.pt
Epoch 041 | train_loss=2.3779e+04 | train_eval_loss=2.2180e+04 | val_loss=4.4177e+04 | | lr=1.00e-03
Saved best model to results/thesis_model_results/outputs/scaler_comparison_picnn/PICNN__mse__standard__seed42/picnn_state_dict_best.pt
Epoch 042 | train_loss=2.1534e+04 | train_eval_loss=2.0136e+04 | val_loss=4.0979e+04 | | lr=1.00e-03
Saved best model to results/thesis_model_results/outputs/scaler_comparison_picnn/PICNN__mse__standard__seed42/picnn_state_dict_best.pt
Epoch 043 | train_loss=1.9623e+04 | train_eval_loss=1.8231e+04 | val_loss=3.8104e+04 | | lr=1.00e-03
Saved best model to results/thesis_model_results/outputs/scaler_comparison_picnn/PICNN__mse__standard__seed42/picnn_state_dict_best.pt
Epoch 044 | train_loss=1.7747e+04 | train_eval_loss=1.6538e+04 | val_loss=3.5980e+04 | | lr=1.00e-03
Saved best model to results/thesis_model_results/outputs/scaler_comparison_picnn/PICNN__mse__standard__seed42/picnn_state_dict_best.pt
Epoch 045 | train_loss=1.6165e+04 | train_eval_loss=1.5070e+04 | val_loss=3.4174e+04 | | lr=1.00e-03
Saved best model to results/thesis_model_results/outputs/scaler_comparison_picnn/PICNN__mse__standard__seed42/picnn_state_dict_best.pt
Epoch 046 | train_loss=1.4672e+04 | train_eval_loss=1.3714e+04 | val_loss=3.2100e+04 | | lr=1.00e-03
Saved best model to results/thesis_model_results/outputs/scaler_comparison_picnn/PICNN__mse__standard__seed42/picnn_state_dict_best.pt
Epoch 047 | train_loss=1.3377e+04 | train_eval_loss=1.2490e+04 | val_loss=2.9599e+04 | | lr=1.00e-03
Saved best model to results/thesis_model_results/outputs/scaler_comparison_picnn/PICNN__mse__standard__seed42/picnn_state_dict_best.pt
Epoch 048 | train_loss=1.2186e+04 | train_eval_loss=1.1405e+04 | val_loss=2.7959e+04 | | lr=1.00e-03
Saved best model to results/thesis_model_results/outputs/scaler_comparison_picnn/PICNN__mse__standard__seed42/picnn_state_dict_best.pt
Epoch 049 | train_loss=1.1181e+04 | train_eval_loss=1.0423e+04 | val_loss=2.6659e+04 | | lr=1.00e-03
Saved best model to results/thesis_model_results/outputs/scaler_comparison_picnn/PICNN__mse__standard__seed42/picnn_state_dict_best.pt
Epoch 050 | train_loss=1.0249e+04 | train_eval_loss=9.5506e+03 | val_loss=2.5725e+04 | | lr=1.00e-03
Saved best model to results/thesis_model_results/outputs/scaler_comparison_picnn/PICNN__mse__standard__seed42/picnn_state_dict_best.pt
Epoch 051 | train_loss=9.3391e+03 | train_eval_loss=8.7099e+03 | val_loss=2.3822e+04 | | lr=1.00e-03
Saved best model to results/thesis_model_results/outputs/scaler_comparison_picnn/PICNN__mse__standard__seed42/picnn_state_dict_best.pt
Epoch 052 | train_loss=8.5772e+03 | train_eval_loss=8.0058e+03 | val_loss=2.3020e+04 | | lr=1.00e-03
Saved best model to results/thesis_model_results/outputs/scaler_comparison_picnn/PICNN__mse__standard__seed42/picnn_state_dict_best.pt
Epoch 053 | train_loss=7.8465e+03 | train_eval_loss=7.3299e+03 | val_loss=2.1409e+04 | | lr=1.00e-03
Saved best model to results/thesis_model_results/outputs/scaler_comparison_picnn/PICNN__mse__standard__seed42/picnn_state_dict_best.pt
Epoch 054 | train_loss=7.2049e+03 | train_eval_loss=6.7222e+03 | val_loss=2.0424e+04 | | lr=1.00e-03
Saved best model to results/thesis_model_results/outputs/scaler_comparison_picnn/PICNN__mse__standard__seed42/picnn_state_dict_best.pt
Epoch 055 | train_loss=6.6031e+03 | train_eval_loss=6.1824e+03 | val_loss=1.9516e+04 | | lr=1.00e-03
Saved best model to results/thesis_model_results/outputs/scaler_comparison_picnn/PICNN__mse__standard__seed42/picnn_state_dict_best.pt
Epoch 056 | train_loss=6.0842e+03 | train_eval_loss=5.6733e+03 | val_loss=1.8651e+04 | | lr=1.00e-03
Saved best model to results/thesis_model_results/outputs/scaler_comparison_picnn/PICNN__mse__standard__seed42/picnn_state_dict_best.pt
Epoch 057 | train_loss=5.5774e+03 | train_eval_loss=5.2021e+03 | val_loss=1.8070e+04 | | lr=1.00e-03
Saved best model to results/thesis_model_results/outputs/scaler_comparison_picnn/PICNN__mse__standard__seed42/picnn_state_dict_best.pt
Epoch 058 | train_loss=5.1161e+03 | train_eval_loss=4.7941e+03 | val_loss=1.7080e+04 | | lr=1.00e-03
Saved best model to results/thesis_model_results/outputs/scaler_comparison_picnn/PICNN__mse__standard__seed42/picnn_state_dict_best.pt
Epoch 059 | train_loss=4.7280e+03 | train_eval_loss=4.4232e+03 | val_loss=1.6734e+04 | | lr=1.00e-03
Saved best model to results/thesis_model_results/outputs/scaler_comparison_picnn/PICNN__mse__standard__seed42/picnn_state_dict_best.pt
Epoch 060 | train_loss=4.3445e+03 | train_eval_loss=4.0514e+03 | val_loss=1.6005e+04 | | lr=1.00e-03
Saved best model to results/thesis_model_results/outputs/scaler_comparison_picnn/PICNN__mse__standard__seed42/picnn_state_dict_best.pt
Epoch 061 | train_loss=4.0019e+03 | train_eval_loss=3.7417e+03 | val_loss=1.5319e+04 | | lr=1.00e-03
Saved best model to results/thesis_model_results/outputs/scaler_comparison_picnn/PICNN__mse__standard__seed42/picnn_state_dict_best.pt
Epoch 062 | train_loss=3.6976e+03 | train_eval_loss=3.4540e+03 | val_loss=1.4794e+04 | | lr=1.00e-03
Saved best model to results/thesis_model_results/outputs/scaler_comparison_picnn/PICNN__mse__standard__seed42/picnn_state_dict_best.pt
Epoch 063 | train_loss=3.4107e+03 | train_eval_loss=3.1812e+03 | val_loss=1.4142e+04 | | lr=1.00e-03
Saved best model to results/thesis_model_results/outputs/scaler_comparison_picnn/PICNN__mse__standard__seed42/picnn_state_dict_best.pt
Epoch 064 | train_loss=3.1438e+03 | train_eval_loss=2.9547e+03 | val_loss=1.4053e+04 | | lr=1.00e-03
Saved best model to results/thesis_model_results/outputs/scaler_comparison_picnn/PICNN__mse__standard__seed42/picnn_state_dict_best.pt
Epoch 065 | train_loss=2.9068e+03 | train_eval_loss=2.7190e+03 | val_loss=1.3281e+04 | | lr=1.00e-03
Saved best model to results/thesis_model_results/outputs/scaler_comparison_picnn/PICNN__mse__standard__seed42/picnn_state_dict_best.pt
Epoch 066 | train_loss=2.6839e+03 | train_eval_loss=2.5051e+03 | val_loss=1.2850e+04 | | lr=1.00e-03
Saved best model to results/thesis_model_results/outputs/scaler_comparison_picnn/PICNN__mse__standard__seed42/picnn_state_dict_best.pt
Epoch 067 | train_loss=2.4790e+03 | train_eval_loss=2.3162e+03 | val_loss=1.2361e+04 | | lr=1.00e-03
Saved best model to results/thesis_model_results/outputs/scaler_comparison_picnn/PICNN__mse__standard__seed42/picnn_state_dict_best.pt
Epoch 068 | train_loss=2.2897e+03 | train_eval_loss=2.1424e+03 | val_loss=1.2165e+04 | | lr=1.00e-03
Saved best model to results/thesis_model_results/outputs/scaler_comparison_picnn/PICNN__mse__standard__seed42/picnn_state_dict_best.pt
Epoch 069 | train_loss=2.1195e+03 | train_eval_loss=1.9808e+03 | val_loss=1.1842e+04 | | lr=1.00e-03
Saved best model to results/thesis_model_results/outputs/scaler_comparison_picnn/PICNN__mse__standard__seed42/picnn_state_dict_best.pt
Epoch 070 | train_loss=1.9741e+03 | train_eval_loss=1.8531e+03 | val_loss=1.1155e+04 | | lr=1.00e-03
Saved best model to results/thesis_model_results/outputs/scaler_comparison_picnn/PICNN__mse__standard__seed42/picnn_state_dict_best.pt
Epoch 071 | train_loss=1.8244e+03 | train_eval_loss=1.7000e+03 | val_loss=1.1302e+04 | | lr=1.00e-03
Epoch 072 | train_loss=1.6806e+03 | train_eval_loss=1.5771e+03 | val_loss=1.0940e+04 | | lr=1.00e-03
Saved best model to results/thesis_model_results/outputs/scaler_comparison_picnn/PICNN__mse__standard__seed42/picnn_state_dict_best.pt
Epoch 073 | train_loss=1.5668e+03 | train_eval_loss=1.4539e+03 | val_loss=1.0595e+04 | | lr=1.00e-03
Saved best model to results/thesis_model_results/outputs/scaler_comparison_picnn/PICNN__mse__standard__seed42/picnn_state_dict_best.pt
Epoch 074 | train_loss=1.4416e+03 | train_eval_loss=1.3566e+03 | val_loss=1.0496e+04 | | lr=1.00e-03
Saved best model to results/thesis_model_results/outputs/scaler_comparison_picnn/PICNN__mse__standard__seed42/picnn_state_dict_best.pt
Epoch 075 | train_loss=1.3461e+03 | train_eval_loss=1.2491e+03 | val_loss=9.9592e+03 | | lr=1.00e-03
Saved best model to results/thesis_model_results/outputs/scaler_comparison_picnn/PICNN__mse__standard__seed42/picnn_state_dict_best.pt
Epoch 076 | train_loss=1.2464e+03 | train_eval_loss=1.1587e+03 | val_loss=9.6969e+03 | | lr=1.00e-03
Saved best model to results/thesis_model_results/outputs/scaler_comparison_picnn/PICNN__mse__standard__seed42/picnn_state_dict_best.pt
Epoch 077 | train_loss=1.1530e+03 | train_eval_loss=1.0743e+03 | val_loss=9.5757e+03 | | lr=1.00e-03
Saved best model to results/thesis_model_results/outputs/scaler_comparison_picnn/PICNN__mse__standard__seed42/picnn_state_dict_best.pt
Epoch 078 | train_loss=1.0687e+03 | train_eval_loss=9.9668e+02 | val_loss=9.3036e+03 | | lr=1.00e-03
Saved best model to results/thesis_model_results/outputs/scaler_comparison_picnn/PICNN__mse__standard__seed42/picnn_state_dict_best.pt
Epoch 079 | train_loss=9.9279e+02 | train_eval_loss=9.2392e+02 | val_loss=9.1532e+03 | | lr=1.00e-03
Saved best model to results/thesis_model_results/outputs/scaler_comparison_picnn/PICNN__mse__standard__seed42/picnn_state_dict_best.pt
Epoch 080 | train_loss=9.2175e+02 | train_eval_loss=8.5794e+02 | val_loss=8.9197e+03 | | lr=1.00e-03
Saved best model to results/thesis_model_results/outputs/scaler_comparison_picnn/PICNN__mse__standard__seed42/picnn_state_dict_best.pt
Epoch 081 | train_loss=8.5448e+02 | train_eval_loss=7.9545e+02 | val_loss=8.7955e+03 | | lr=1.00e-03
Saved best model to results/thesis_model_results/outputs/scaler_comparison_picnn/PICNN__mse__standard__seed42/picnn_state_dict_best.pt
Epoch 082 | train_loss=7.9445e+02 | train_eval_loss=7.3782e+02 | val_loss=8.5948e+03 | | lr=1.00e-03
Saved best model to results/thesis_model_results/outputs/scaler_comparison_picnn/PICNN__mse__standard__seed42/picnn_state_dict_best.pt
Epoch 083 | train_loss=7.3683e+02 | train_eval_loss=6.8826e+02 | val_loss=8.3238e+03 | | lr=1.00e-03
Saved best model to results/thesis_model_results/outputs/scaler_comparison_picnn/PICNN__mse__standard__seed42/picnn_state_dict_best.pt
Epoch 084 | train_loss=6.8669e+02 | train_eval_loss=6.3797e+02 | val_loss=8.3545e+03 | | lr=1.00e-03
Epoch 085 | train_loss=6.3537e+02 | train_eval_loss=5.9251e+02 | val_loss=8.1629e+03 | | lr=1.00e-03
Saved best model to results/thesis_model_results/outputs/scaler_comparison_picnn/PICNN__mse__standard__seed42/picnn_state_dict_best.pt
Epoch 086 | train_loss=5.9445e+02 | train_eval_loss=5.4967e+02 | val_loss=8.0655e+03 | | lr=1.00e-03
Saved best model to results/thesis_model_results/outputs/scaler_comparison_picnn/PICNN__mse__standard__seed42/picnn_state_dict_best.pt
Epoch 087 | train_loss=5.5157e+02 | train_eval_loss=5.1220e+02 | val_loss=7.9608e+03 | | lr=1.00e-03
Saved best model to results/thesis_model_results/outputs/scaler_comparison_picnn/PICNN__mse__standard__seed42/picnn_state_dict_best.pt
Epoch 088 | train_loss=5.1140e+02 | train_eval_loss=4.7667e+02 | val_loss=7.7317e+03 | | lr=1.00e-03
Saved best model to results/thesis_model_results/outputs/scaler_comparison_picnn/PICNN__mse__standard__seed42/picnn_state_dict_best.pt
Epoch 089 | train_loss=4.7425e+02 | train_eval_loss=4.4862e+02 | val_loss=7.8233e+03 | | lr=1.00e-03
Epoch 090 | train_loss=4.4239e+02 | train_eval_loss=4.1506e+02 | val_loss=7.4348e+03 | | lr=1.00e-03
Saved best model to results/thesis_model_results/outputs/scaler_comparison_picnn/PICNN__mse__standard__seed42/picnn_state_dict_best.pt
Epoch 091 | train_loss=4.1490e+02 | train_eval_loss=3.8275e+02 | val_loss=7.4648e+03 | | lr=1.00e-03
Epoch 092 | train_loss=3.8222e+02 | train_eval_loss=3.5548e+02 | val_loss=7.2861e+03 | | lr=1.00e-03
Saved best model to results/thesis_model_results/outputs/scaler_comparison_picnn/PICNN__mse__standard__seed42/picnn_state_dict_best.pt
Epoch 093 | train_loss=3.5683e+02 | train_eval_loss=3.3082e+02 | val_loss=7.1715e+03 | | lr=1.00e-03
Saved best model to results/thesis_model_results/outputs/scaler_comparison_picnn/PICNN__mse__standard__seed42/picnn_state_dict_best.pt
Epoch 094 | train_loss=3.3238e+02 | train_eval_loss=3.0878e+02 | val_loss=7.1852e+03 | | lr=1.00e-03
Epoch 095 | train_loss=3.0842e+02 | train_eval_loss=2.8714e+02 | val_loss=6.9778e+03 | | lr=1.00e-03
Saved best model to results/thesis_model_results/outputs/scaler_comparison_picnn/PICNN__mse__standard__seed42/picnn_state_dict_best.pt
Epoch 096 | train_loss=2.8716e+02 | train_eval_loss=2.6544e+02 | val_loss=6.9332e+03 | | lr=1.00e-03
Saved best model to results/thesis_model_results/outputs/scaler_comparison_picnn/PICNN__mse__standard__seed42/picnn_state_dict_best.pt
Epoch 097 | train_loss=2.6602e+02 | train_eval_loss=2.4777e+02 | val_loss=6.8490e+03 | | lr=1.00e-03
Saved best model to results/thesis_model_results/outputs/scaler_comparison_picnn/PICNN__mse__standard__seed42/picnn_state_dict_best.pt
Epoch 098 | train_loss=2.4887e+02 | train_eval_loss=2.3111e+02 | val_loss=6.7556e+03 | | lr=1.00e-03
Saved best model to results/thesis_model_results/outputs/scaler_comparison_picnn/PICNN__mse__standard__seed42/picnn_state_dict_best.pt
Epoch 099 | train_loss=2.2992e+02 | train_eval_loss=2.1603e+02 | val_loss=6.7877e+03 | | lr=1.00e-03
Epoch 100 | train_loss=2.1504e+02 | train_eval_loss=1.9947e+02 | val_loss=6.6673e+03 | | lr=1.00e-03
Saved best model to results/thesis_model_results/outputs/scaler_comparison_picnn/PICNN__mse__standard__seed42/picnn_state_dict_best.pt
Epoch 101 | train_loss=2.0126e+02 | train_eval_loss=1.8774e+02 | val_loss=6.5683e+03 | | lr=1.00e-03
Saved best model to results/thesis_model_results/outputs/scaler_comparison_picnn/PICNN__mse__standard__seed42/picnn_state_dict_best.pt
Epoch 102 | train_loss=1.8718e+02 | train_eval_loss=1.7261e+02 | val_loss=6.4026e+03 | | lr=1.00e-03
Saved best model to results/thesis_model_results/outputs/scaler_comparison_picnn/PICNN__mse__standard__seed42/picnn_state_dict_best.pt
Epoch 103 | train_loss=1.7348e+02 | train_eval_loss=1.6171e+02 | val_loss=6.4649e+03 | | lr=1.00e-03
Epoch 104 | train_loss=1.6207e+02 | train_eval_loss=1.4962e+02 | val_loss=6.3080e+03 | | lr=1.00e-03
Saved best model to results/thesis_model_results/outputs/scaler_comparison_picnn/PICNN__mse__standard__seed42/picnn_state_dict_best.pt
Epoch 105 | train_loss=1.5041e+02 | train_eval_loss=1.3943e+02 | val_loss=6.2204e+03 | | lr=1.00e-03
Saved best model to results/thesis_model_results/outputs/scaler_comparison_picnn/PICNN__mse__standard__seed42/picnn_state_dict_best.pt
Epoch 106 | train_loss=1.4095e+02 | train_eval_loss=1.3020e+02 | val_loss=6.1121e+03 | | lr=1.00e-03
Saved best model to results/thesis_model_results/outputs/scaler_comparison_picnn/PICNN__mse__standard__seed42/picnn_state_dict_best.pt
Epoch 107 | train_loss=1.3040e+02 | train_eval_loss=1.2094e+02 | val_loss=6.0604e+03 | | lr=1.00e-03
Saved best model to results/thesis_model_results/outputs/scaler_comparison_picnn/PICNN__mse__standard__seed42/picnn_state_dict_best.pt
Epoch 108 | train_loss=1.2227e+02 | train_eval_loss=1.1234e+02 | val_loss=6.0954e+03 | | lr=1.00e-03
Epoch 109 | train_loss=1.1274e+02 | train_eval_loss=1.0499e+02 | val_loss=6.0805e+03 | | lr=1.00e-03
Epoch 110 | train_loss=1.0618e+02 | train_eval_loss=9.8074e+01 | val_loss=6.0691e+03 | | lr=1.00e-03
Epoch 111 | train_loss=9.8157e+01 | train_eval_loss=9.0645e+01 | val_loss=5.9871e+03 | | lr=1.00e-03
Saved best model to results/thesis_model_results/outputs/scaler_comparison_picnn/PICNN__mse__standard__seed42/picnn_state_dict_best.pt
Epoch 112 | train_loss=9.2088e+01 | train_eval_loss=8.5062e+01 | val_loss=5.8230e+03 | | lr=1.00e-03
Saved best model to results/thesis_model_results/outputs/scaler_comparison_picnn/PICNN__mse__standard__seed42/picnn_state_dict_best.pt
Epoch 113 | train_loss=8.4891e+01 | train_eval_loss=7.8313e+01 | val_loss=5.8453e+03 | | lr=1.00e-03
Epoch 114 | train_loss=7.9278e+01 | train_eval_loss=7.4894e+01 | val_loss=5.9172e+03 | | lr=1.00e-03
Epoch 115 | train_loss=7.4618e+01 | train_eval_loss=6.8368e+01 | val_loss=5.7510e+03 | | lr=1.00e-03
Saved best model to results/thesis_model_results/outputs/scaler_comparison_picnn/PICNN__mse__standard__seed42/picnn_state_dict_best.pt
Epoch 116 | train_loss=6.9209e+01 | train_eval_loss=6.3441e+01 | val_loss=5.7034e+03 | | lr=1.00e-03
Saved best model to results/thesis_model_results/outputs/scaler_comparison_picnn/PICNN__mse__standard__seed42/picnn_state_dict_best.pt
Epoch 117 | train_loss=6.4128e+01 | train_eval_loss=5.9329e+01 | val_loss=5.6389e+03 | | lr=1.00e-03
Saved best model to results/thesis_model_results/outputs/scaler_comparison_picnn/PICNN__mse__standard__seed42/picnn_state_dict_best.pt
Epoch 118 | train_loss=5.9779e+01 | train_eval_loss=5.5114e+01 | val_loss=5.6112e+03 | | lr=1.00e-03
Saved best model to results/thesis_model_results/outputs/scaler_comparison_picnn/PICNN__mse__standard__seed42/picnn_state_dict_best.pt
Epoch 119 | train_loss=5.5924e+01 | train_eval_loss=5.1748e+01 | val_loss=5.6198e+03 | | lr=1.00e-03
Epoch 120 | train_loss=5.2094e+01 | train_eval_loss=4.8578e+01 | val_loss=5.4762e+03 | | lr=1.00e-03
Saved best model to results/thesis_model_results/outputs/scaler_comparison_picnn/PICNN__mse__standard__seed42/picnn_state_dict_best.pt
Epoch 121 | train_loss=4.8728e+01 | train_eval_loss=4.4765e+01 | val_loss=5.5024e+03 | | lr=1.00e-03
Epoch 122 | train_loss=4.5192e+01 | train_eval_loss=4.2160e+01 | val_loss=5.5127e+03 | | lr=1.00e-03
Epoch 123 | train_loss=4.2298e+01 | train_eval_loss=3.8964e+01 | val_loss=5.4282e+03 | | lr=1.00e-03
Saved best model to results/thesis_model_results/outputs/scaler_comparison_picnn/PICNN__mse__standard__seed42/picnn_state_dict_best.pt
Epoch 124 | train_loss=3.9321e+01 | train_eval_loss=3.6581e+01 | val_loss=5.3726e+03 | | lr=1.00e-03
Saved best model to results/thesis_model_results/outputs/scaler_comparison_picnn/PICNN__mse__standard__seed42/picnn_state_dict_best.pt
Epoch 125 | train_loss=3.6894e+01 | train_eval_loss=3.3894e+01 | val_loss=5.3885e+03 | | lr=1.00e-03
Epoch 126 | train_loss=3.4273e+01 | train_eval_loss=3.2523e+01 | val_loss=5.4470e+03 | | lr=1.00e-03
Epoch 127 | train_loss=3.2367e+01 | train_eval_loss=2.9787e+01 | val_loss=5.2891e+03 | | lr=1.00e-03
Saved best model to results/thesis_model_results/outputs/scaler_comparison_picnn/PICNN__mse__standard__seed42/picnn_state_dict_best.pt
Epoch 128 | train_loss=3.0022e+01 | train_eval_loss=2.7705e+01 | val_loss=5.2784e+03 | | lr=1.00e-03
Saved best model to results/thesis_model_results/outputs/scaler_comparison_picnn/PICNN__mse__standard__seed42/picnn_state_dict_best.pt
Epoch 129 | train_loss=2.7986e+01 | train_eval_loss=2.5899e+01 | val_loss=5.2488e+03 | | lr=1.00e-03
Saved best model to results/thesis_model_results/outputs/scaler_comparison_picnn/PICNN__mse__standard__seed42/picnn_state_dict_best.pt
Epoch 130 | train_loss=2.6308e+01 | train_eval_loss=2.4181e+01 | val_loss=5.2698e+03 | | lr=1.00e-03
Epoch 131 | train_loss=2.4483e+01 | train_eval_loss=2.2685e+01 | val_loss=5.2139e+03 | | lr=1.00e-03
Saved best model to results/thesis_model_results/outputs/scaler_comparison_picnn/PICNN__mse__standard__seed42/picnn_state_dict_best.pt
Epoch 132 | train_loss=2.3025e+01 | train_eval_loss=2.1256e+01 | val_loss=5.2152e+03 | | lr=1.00e-03
Epoch 133 | train_loss=2.1551e+01 | train_eval_loss=1.9817e+01 | val_loss=5.2032e+03 | | lr=1.00e-03
Saved best model to results/thesis_model_results/outputs/scaler_comparison_picnn/PICNN__mse__standard__seed42/picnn_state_dict_best.pt
Epoch 134 | train_loss=2.0010e+01 | train_eval_loss=1.8938e+01 | val_loss=5.2175e+03 | | lr=1.00e-03
Epoch 135 | train_loss=1.8710e+01 | train_eval_loss=1.7528e+01 | val_loss=5.1150e+03 | | lr=1.00e-03
Saved best model to results/thesis_model_results/outputs/scaler_comparison_picnn/PICNN__mse__standard__seed42/picnn_state_dict_best.pt
Epoch 136 | train_loss=1.7579e+01 | train_eval_loss=1.6273e+01 | val_loss=5.1352e+03 | | lr=1.00e-03
Epoch 137 | train_loss=1.6446e+01 | train_eval_loss=1.5229e+01 | val_loss=5.0775e+03 | | lr=1.00e-03
Saved best model to results/thesis_model_results/outputs/scaler_comparison_picnn/PICNN__mse__standard__seed42/picnn_state_dict_best.pt
Epoch 138 | train_loss=1.5364e+01 | train_eval_loss=1.4313e+01 | val_loss=5.0868e+03 | | lr=1.00e-03
Epoch 139 | train_loss=1.4534e+01 | train_eval_loss=1.3373e+01 | val_loss=5.0210e+03 | | lr=1.00e-03
Saved best model to results/thesis_model_results/outputs/scaler_comparison_picnn/PICNN__mse__standard__seed42/picnn_state_dict_best.pt
Epoch 140 | train_loss=1.3700e+01 | train_eval_loss=1.2598e+01 | val_loss=5.0013e+03 | | lr=1.00e-03
Saved best model to results/thesis_model_results/outputs/scaler_comparison_picnn/PICNN__mse__standard__seed42/picnn_state_dict_best.pt
Epoch 141 | train_loss=1.2805e+01 | train_eval_loss=1.1806e+01 | val_loss=5.0271e+03 | | lr=1.00e-03
Epoch 142 | train_loss=1.1852e+01 | train_eval_loss=1.1092e+01 | val_loss=4.9683e+03 | | lr=1.00e-03
Saved best model to results/thesis_model_results/outputs/scaler_comparison_picnn/PICNN__mse__standard__seed42/picnn_state_dict_best.pt
Epoch 143 | train_loss=1.1318e+01 | train_eval_loss=1.0533e+01 | val_loss=4.9470e+03 | | lr=1.00e-03
Saved best model to results/thesis_model_results/outputs/scaler_comparison_picnn/PICNN__mse__standard__seed42/picnn_state_dict_best.pt
Epoch 144 | train_loss=1.0744e+01 | train_eval_loss=9.9035e+00 | val_loss=4.9838e+03 | | lr=1.00e-03
Epoch 145 | train_loss=9.9944e+00 | train_eval_loss=9.2200e+00 | val_loss=4.9192e+03 | | lr=1.00e-03
Saved best model to results/thesis_model_results/outputs/scaler_comparison_picnn/PICNN__mse__standard__seed42/picnn_state_dict_best.pt
Epoch 146 | train_loss=9.3336e+00 | train_eval_loss=8.6563e+00 | val_loss=4.9135e+03 | | lr=1.00e-03
Saved best model to results/thesis_model_results/outputs/scaler_comparison_picnn/PICNN__mse__standard__seed42/picnn_state_dict_best.pt
Epoch 147 | train_loss=8.8358e+00 | train_eval_loss=8.1390e+00 | val_loss=4.9265e+03 | | lr=1.00e-03
Epoch 148 | train_loss=8.2810e+00 | train_eval_loss=7.6898e+00 | val_loss=4.8994e+03 | | lr=1.00e-03
Saved best model to results/thesis_model_results/outputs/scaler_comparison_picnn/PICNN__mse__standard__seed42/picnn_state_dict_best.pt
Epoch 149 | train_loss=7.7784e+00 | train_eval_loss=7.3482e+00 | val_loss=4.8791e+03 | | lr=1.00e-03
Saved best model to results/thesis_model_results/outputs/scaler_comparison_picnn/PICNN__mse__standard__seed42/picnn_state_dict_best.pt
Epoch 150 | train_loss=7.3535e+00 | train_eval_loss=6.8220e+00 | val_loss=4.8672e+03 | | lr=1.00e-03
Saved best model to results/thesis_model_results/outputs/scaler_comparison_picnn/PICNN__mse__standard__seed42/picnn_state_dict_best.pt
Epoch 151 | train_loss=6.9065e+00 | train_eval_loss=6.4894e+00 | val_loss=4.8571e+03 | | lr=1.00e-03
Saved best model to results/thesis_model_results/outputs/scaler_comparison_picnn/PICNN__mse__standard__seed42/picnn_state_dict_best.pt
Epoch 152 | train_loss=6.5719e+00 | train_eval_loss=6.2364e+00 | val_loss=4.7635e+03 | | lr=1.00e-03
Saved best model to results/thesis_model_results/outputs/scaler_comparison_picnn/PICNN__mse__standard__seed42/picnn_state_dict_best.pt
Epoch 153 | train_loss=6.2162e+00 | train_eval_loss=5.7450e+00 | val_loss=4.8346e+03 | | lr=1.00e-03
Epoch 154 | train_loss=5.7950e+00 | train_eval_loss=5.4086e+00 | val_loss=4.8097e+03 | | lr=1.00e-03
Epoch 155 | train_loss=5.4651e+00 | train_eval_loss=5.1522e+00 | val_loss=4.7546e+03 | | lr=1.00e-03
Saved best model to results/thesis_model_results/outputs/scaler_comparison_picnn/PICNN__mse__standard__seed42/picnn_state_dict_best.pt
Epoch 156 | train_loss=5.1431e+00 | train_eval_loss=4.8426e+00 | val_loss=4.7340e+03 | | lr=1.00e-03
Saved best model to results/thesis_model_results/outputs/scaler_comparison_picnn/PICNN__mse__standard__seed42/picnn_state_dict_best.pt
Epoch 157 | train_loss=4.9083e+00 | train_eval_loss=4.5830e+00 | val_loss=4.7295e+03 | | lr=1.00e-03
Saved best model to results/thesis_model_results/outputs/scaler_comparison_picnn/PICNN__mse__standard__seed42/picnn_state_dict_best.pt
Epoch 158 | train_loss=4.6051e+00 | train_eval_loss=4.3162e+00 | val_loss=4.7454e+03 | | lr=1.00e-03
Epoch 159 | train_loss=4.3739e+00 | train_eval_loss=4.1008e+00 | val_loss=4.6930e+03 | | lr=1.00e-03
Saved best model to results/thesis_model_results/outputs/scaler_comparison_picnn/PICNN__mse__standard__seed42/picnn_state_dict_best.pt
Epoch 160 | train_loss=4.1668e+00 | train_eval_loss=3.9183e+00 | val_loss=4.6688e+03 | | lr=1.00e-03
Saved best model to results/thesis_model_results/outputs/scaler_comparison_picnn/PICNN__mse__standard__seed42/picnn_state_dict_best.pt
Epoch 161 | train_loss=3.9410e+00 | train_eval_loss=3.7684e+00 | val_loss=4.7292e+03 | | lr=1.00e-03
Epoch 162 | train_loss=3.7218e+00 | train_eval_loss=3.4972e+00 | val_loss=4.6848e+03 | | lr=1.00e-03
Epoch 163 | train_loss=3.5338e+00 | train_eval_loss=3.3246e+00 | val_loss=4.6437e+03 | | lr=1.00e-03
Saved best model to results/thesis_model_results/outputs/scaler_comparison_picnn/PICNN__mse__standard__seed42/picnn_state_dict_best.pt
Epoch 164 | train_loss=3.3359e+00 | train_eval_loss=3.1430e+00 | val_loss=4.6388e+03 | | lr=1.00e-03
Saved best model to results/thesis_model_results/outputs/scaler_comparison_picnn/PICNN__mse__standard__seed42/picnn_state_dict_best.pt
Epoch 165 | train_loss=3.2015e+00 | train_eval_loss=3.0030e+00 | val_loss=4.6502e+03 | | lr=1.00e-03
Epoch 166 | train_loss=3.0209e+00 | train_eval_loss=2.8471e+00 | val_loss=4.6199e+03 | | lr=1.00e-03
Saved best model to results/thesis_model_results/outputs/scaler_comparison_picnn/PICNN__mse__standard__seed42/picnn_state_dict_best.pt
Epoch 167 | train_loss=2.8665e+00 | train_eval_loss=2.7836e+00 | val_loss=4.6466e+03 | | lr=1.00e-03
Epoch 168 | train_loss=2.7472e+00 | train_eval_loss=2.5812e+00 | val_loss=4.5802e+03 | | lr=1.00e-03
Saved best model to results/thesis_model_results/outputs/scaler_comparison_picnn/PICNN__mse__standard__seed42/picnn_state_dict_best.pt
Epoch 169 | train_loss=2.6097e+00 | train_eval_loss=2.4594e+00 | val_loss=4.5941e+03 | | lr=1.00e-03
Epoch 170 | train_loss=2.4742e+00 | train_eval_loss=2.3640e+00 | val_loss=4.5545e+03 | | lr=1.00e-03
Saved best model to results/thesis_model_results/outputs/scaler_comparison_picnn/PICNN__mse__standard__seed42/picnn_state_dict_best.pt
Epoch 171 | train_loss=2.3883e+00 | train_eval_loss=2.2669e+00 | val_loss=4.5776e+03 | | lr=1.00e-03
Epoch 172 | train_loss=2.2510e+00 | train_eval_loss=2.1201e+00 | val_loss=4.5451e+03 | | lr=1.00e-03
Saved best model to results/thesis_model_results/outputs/scaler_comparison_picnn/PICNN__mse__standard__seed42/picnn_state_dict_best.pt
Epoch 173 | train_loss=2.1436e+00 | train_eval_loss=2.0294e+00 | val_loss=4.5454e+03 | | lr=1.00e-03
Epoch 174 | train_loss=2.0363e+00 | train_eval_loss=1.9351e+00 | val_loss=4.5000e+03 | | lr=1.00e-03
Saved best model to results/thesis_model_results/outputs/scaler_comparison_picnn/PICNN__mse__standard__seed42/picnn_state_dict_best.pt
Epoch 175 | train_loss=1.9490e+00 | train_eval_loss=1.8513e+00 | val_loss=4.5044e+03 | | lr=1.00e-03
Epoch 176 | train_loss=1.8778e+00 | train_eval_loss=1.8199e+00 | val_loss=4.5200e+03 | | lr=1.00e-03
Epoch 177 | train_loss=1.7778e+00 | train_eval_loss=1.6891e+00 | val_loss=4.4559e+03 | | lr=1.00e-03
Saved best model to results/thesis_model_results/outputs/scaler_comparison_picnn/PICNN__mse__standard__seed42/picnn_state_dict_best.pt
Epoch 178 | train_loss=1.6998e+00 | train_eval_loss=1.6106e+00 | val_loss=4.4815e+03 | | lr=1.00e-03
Epoch 179 | train_loss=1.6152e+00 | train_eval_loss=1.5277e+00 | val_loss=4.4644e+03 | | lr=1.00e-03
Epoch 180 | train_loss=1.5386e+00 | train_eval_loss=1.4616e+00 | val_loss=4.4637e+03 | | lr=1.00e-03
Epoch 181 | train_loss=1.4748e+00 | train_eval_loss=1.3992e+00 | val_loss=4.4463e+03 | | lr=1.00e-03
Saved best model to results/thesis_model_results/outputs/scaler_comparison_picnn/PICNN__mse__standard__seed42/picnn_state_dict_best.pt
Epoch 182 | train_loss=1.3984e+00 | train_eval_loss=1.3314e+00 | val_loss=4.4413e+03 | | lr=1.00e-03
Saved best model to results/thesis_model_results/outputs/scaler_comparison_picnn/PICNN__mse__standard__seed42/picnn_state_dict_best.pt
Epoch 183 | train_loss=1.3317e+00 | train_eval_loss=1.2966e+00 | val_loss=4.3895e+03 | | lr=1.00e-03
Saved best model to results/thesis_model_results/outputs/scaler_comparison_picnn/PICNN__mse__standard__seed42/picnn_state_dict_best.pt
Epoch 184 | train_loss=1.2863e+00 | train_eval_loss=1.2138e+00 | val_loss=4.4231e+03 | | lr=1.00e-03
Epoch 185 | train_loss=1.2217e+00 | train_eval_loss=1.2028e+00 | val_loss=4.3923e+03 | | lr=1.00e-03
Epoch 186 | train_loss=1.1802e+00 | train_eval_loss=1.1149e+00 | val_loss=4.3863e+03 | | lr=1.00e-03
Saved best model to results/thesis_model_results/outputs/scaler_comparison_picnn/PICNN__mse__standard__seed42/picnn_state_dict_best.pt
Epoch 187 | train_loss=1.1355e+00 | train_eval_loss=1.0599e+00 | val_loss=4.3712e+03 | | lr=1.00e-03
Saved best model to results/thesis_model_results/outputs/scaler_comparison_picnn/PICNN__mse__standard__seed42/picnn_state_dict_best.pt
Epoch 188 | train_loss=1.0634e+00 | train_eval_loss=1.0161e+00 | val_loss=4.3649e+03 | | lr=1.00e-03
Saved best model to results/thesis_model_results/outputs/scaler_comparison_picnn/PICNN__mse__standard__seed42/picnn_state_dict_best.pt
Epoch 189 | train_loss=1.0347e+00 | train_eval_loss=9.7071e-01 | val_loss=4.3677e+03 | | lr=1.00e-03
Epoch 190 | train_loss=9.7552e-01 | train_eval_loss=9.3759e-01 | val_loss=4.3670e+03 | | lr=1.00e-03
Epoch 191 | train_loss=9.3869e-01 | train_eval_loss=8.9092e-01 | val_loss=4.3646e+03 | | lr=1.00e-03
Saved best model to results/thesis_model_results/outputs/scaler_comparison_picnn/PICNN__mse__standard__seed42/picnn_state_dict_best.pt
Epoch 192 | train_loss=8.9111e-01 | train_eval_loss=8.4884e-01 | val_loss=4.3408e+03 | | lr=1.00e-03
Saved best model to results/thesis_model_results/outputs/scaler_comparison_picnn/PICNN__mse__standard__seed42/picnn_state_dict_best.pt
Epoch 193 | train_loss=8.5355e-01 | train_eval_loss=8.2459e-01 | val_loss=4.3463e+03 | | lr=1.00e-03
Epoch 194 | train_loss=8.3258e-01 | train_eval_loss=7.8524e-01 | val_loss=4.3396e+03 | | lr=1.00e-03
Saved best model to results/thesis_model_results/outputs/scaler_comparison_picnn/PICNN__mse__standard__seed42/picnn_state_dict_best.pt
Epoch 195 | train_loss=7.7876e-01 | train_eval_loss=7.4955e-01 | val_loss=4.3162e+03 | | lr=1.00e-03
Saved best model to results/thesis_model_results/outputs/scaler_comparison_picnn/PICNN__mse__standard__seed42/picnn_state_dict_best.pt
Epoch 196 | train_loss=7.5147e-01 | train_eval_loss=7.1976e-01 | val_loss=4.3229e+03 | | lr=1.00e-03
Epoch 197 | train_loss=7.1951e-01 | train_eval_loss=6.9640e-01 | val_loss=4.3158e+03 | | lr=1.00e-03
Saved best model to results/thesis_model_results/outputs/scaler_comparison_picnn/PICNN__mse__standard__seed42/picnn_state_dict_best.pt
Epoch 198 | train_loss=6.8964e-01 | train_eval_loss=6.5740e-01 | val_loss=4.2998e+03 | | lr=1.00e-03
Saved best model to results/thesis_model_results/outputs/scaler_comparison_picnn/PICNN__mse__standard__seed42/picnn_state_dict_best.pt
Epoch 199 | train_loss=6.5898e-01 | train_eval_loss=6.3639e-01 | val_loss=4.2949e+03 | | lr=1.00e-03
Saved best model to results/thesis_model_results/outputs/scaler_comparison_picnn/PICNN__mse__standard__seed42/picnn_state_dict_best.pt
Epoch 200 | train_loss=6.3111e-01 | train_eval_loss=6.0677e-01 | val_loss=4.2883e+03 | | lr=1.00e-03
Saved best model to results/thesis_model_results/outputs/scaler_comparison_picnn/PICNN__mse__standard__seed42/picnn_state_dict_best.pt
Saved training logs to results/thesis_model_results/outputs/scaler_comparison_picnn/PICNN__mse__standard__seed42/training_summary.txt
Test RMSE(rocof_COI) = 26.4524 | norm: 147.0432 | real_diff: 1.1380
Test RMSE(dev_COI) = 53.6762 | norm: 145.1595 | real_diff: 2.2915
Test RMSE(Delta_P_IBR_1) = 105.1002 | norm: 145.4759 | real_diff: 4.5125
Test RMSE(Delta_P_IBR_2) = 112.0414 | norm: 146.6166 | real_diff: 4.8006
Test RMSE(Delta_P_IBR_3) = 96.3960 | norm: 146.1050 | real_diff: 4.3010
Test RMSE(Delta_P_IBR_4) = 161.5891 | norm: 146.8069 | real_diff: 6.9122
Saved RMSE results to results/thesis_model_results/outputs/scaler_comparison_picnn/PICNN__mse__standard__seed42/rmse_results.txt
Saved detailed metrics to results/thesis_model_results/outputs/scaler_comparison_picnn/PICNN__mse__standard__seed42/metrics_by_target.csv
Saved aggregate metrics to results/thesis_model_results/outputs/scaler_comparison_picnn/PICNN__mse__standard__seed42/metrics_summary.json
Saved loss curves to results/thesis_model_results/outputs/scaler_comparison_picnn/PICNN__mse__standard__seed42/loss_curve.png
Saved scatter plot results/thesis_model_results/outputs/scaler_comparison_picnn/PICNN__mse__standard__seed42/scatter_rocof_COI.png
Saved scatter plot results/thesis_model_results/outputs/scaler_comparison_picnn/PICNN__mse__standard__seed42/scatter_dev_COI.png
Saved scatter plot results/thesis_model_results/outputs/scaler_comparison_picnn/PICNN__mse__standard__seed42/scatter_Delta_P_IBR_1.png
Saved scatter plot results/thesis_model_results/outputs/scaler_comparison_picnn/PICNN__mse__standard__seed42/scatter_Delta_P_IBR_2.png
Saved scatter plot results/thesis_model_results/outputs/scaler_comparison_picnn/PICNN__mse__standard__seed42/scatter_Delta_P_IBR_3.png
Saved scatter plot results/thesis_model_results/outputs/scaler_comparison_picnn/PICNN__mse__standard__seed42/scatter_Delta_P_IBR_4.png
Saved model to results/thesis_model_results/outputs/scaler_comparison_picnn/PICNN__mse__standard__seed42/picnn_state_dict.pt
Loss type: mse | weights=[]
Target stats (scaled):
train mean=[0.549  0.589  0.492  0.4884 0.4785 0.4192]
train std=[0.1365 0.1371 0.1141 0.1063 0.1158 0.1138]
train q05=[0.3074 0.3979 0.3192 0.303  0.3347 0.2205]
train q95=[0.7933 0.8652 0.6719 0.6491 0.6927 0.6016]
val mean=[0.5473 0.5873 0.4922 0.4893 0.4798 0.4201]
val std=[0.1343 0.1348 0.1123 0.1072 0.1141 0.1112]
val q05=[0.3103 0.3982 0.3195 0.303  0.3376 0.2251]
val q95=[0.7886 0.8626 0.6731 0.6514 0.6918 0.5984]
val/train std ratio=[0.984  0.9828 0.9844 1.0084 0.9848 0.9772]
LR scheduler: ReduceLROnPlateau (factor=0.5, patience=8, min_lr=1e-07)
Epoch 001 | train_loss=2.2130e+08 | train_eval_loss=6.7456e+00 | val_loss=6.7484e+00 | | lr=1.00e-03
Saved best model to results/thesis_model_results/outputs/scaler_comparison_picnn/PICNN__mse__minmax__seed42/picnn_state_dict_best.pt
Epoch 002 | train_loss=6.7471e+00 | train_eval_loss=6.7379e+00 | val_loss=6.7407e+00 | | lr=1.00e-03
Saved best model to results/thesis_model_results/outputs/scaler_comparison_picnn/PICNN__mse__minmax__seed42/picnn_state_dict_best.pt
Epoch 003 | train_loss=6.7252e+00 | train_eval_loss=6.7109e+00 | val_loss=6.7137e+00 | | lr=1.00e-03
Saved best model to results/thesis_model_results/outputs/scaler_comparison_picnn/PICNN__mse__minmax__seed42/picnn_state_dict_best.pt
Epoch 004 | train_loss=6.6955e+00 | train_eval_loss=6.6786e+00 | val_loss=6.6814e+00 | | lr=1.00e-03
Saved best model to results/thesis_model_results/outputs/scaler_comparison_picnn/PICNN__mse__minmax__seed42/picnn_state_dict_best.pt
Epoch 005 | train_loss=6.6608e+00 | train_eval_loss=6.6414e+00 | val_loss=6.6441e+00 | | lr=1.00e-03
Saved best model to results/thesis_model_results/outputs/scaler_comparison_picnn/PICNN__mse__minmax__seed42/picnn_state_dict_best.pt
Epoch 006 | train_loss=6.6214e+00 | train_eval_loss=6.5998e+00 | val_loss=6.6025e+00 | | lr=1.00e-03
Saved best model to results/thesis_model_results/outputs/scaler_comparison_picnn/PICNN__mse__minmax__seed42/picnn_state_dict_best.pt
Epoch 007 | train_loss=6.5778e+00 | train_eval_loss=6.5540e+00 | val_loss=6.5568e+00 | | lr=1.00e-03
Saved best model to results/thesis_model_results/outputs/scaler_comparison_picnn/PICNN__mse__minmax__seed42/picnn_state_dict_best.pt
Epoch 008 | train_loss=6.5301e+00 | train_eval_loss=6.5043e+00 | val_loss=6.5070e+00 | | lr=1.00e-03
Saved best model to results/thesis_model_results/outputs/scaler_comparison_picnn/PICNN__mse__minmax__seed42/picnn_state_dict_best.pt
Epoch 009 | train_loss=6.4786e+00 | train_eval_loss=6.4509e+00 | val_loss=6.4536e+00 | | lr=1.00e-03
Saved best model to results/thesis_model_results/outputs/scaler_comparison_picnn/PICNN__mse__minmax__seed42/picnn_state_dict_best.pt
Epoch 010 | train_loss=6.4233e+00 | train_eval_loss=6.3938e+00 | val_loss=6.3965e+00 | | lr=1.00e-03
Saved best model to results/thesis_model_results/outputs/scaler_comparison_picnn/PICNN__mse__minmax__seed42/picnn_state_dict_best.pt
Epoch 011 | train_loss=6.3645e+00 | train_eval_loss=6.3331e+00 | val_loss=6.3358e+00 | | lr=1.00e-03
Saved best model to results/thesis_model_results/outputs/scaler_comparison_picnn/PICNN__mse__minmax__seed42/picnn_state_dict_best.pt
Epoch 012 | train_loss=6.3022e+00 | train_eval_loss=6.2691e+00 | val_loss=6.2717e+00 | | lr=1.00e-03
Saved best model to results/thesis_model_results/outputs/scaler_comparison_picnn/PICNN__mse__minmax__seed42/picnn_state_dict_best.pt
Epoch 013 | train_loss=6.2365e+00 | train_eval_loss=6.2017e+00 | val_loss=6.2043e+00 | | lr=1.00e-03
Saved best model to results/thesis_model_results/outputs/scaler_comparison_picnn/PICNN__mse__minmax__seed42/picnn_state_dict_best.pt
Epoch 014 | train_loss=6.1675e+00 | train_eval_loss=6.1311e+00 | val_loss=6.1336e+00 | | lr=1.00e-03
Saved best model to results/thesis_model_results/outputs/scaler_comparison_picnn/PICNN__mse__minmax__seed42/picnn_state_dict_best.pt
Epoch 015 | train_loss=6.0953e+00 | train_eval_loss=6.0573e+00 | val_loss=6.0598e+00 | | lr=1.00e-03
Saved best model to results/thesis_model_results/outputs/scaler_comparison_picnn/PICNN__mse__minmax__seed42/picnn_state_dict_best.pt
Epoch 016 | train_loss=6.0200e+00 | train_eval_loss=5.9804e+00 | val_loss=5.9829e+00 | | lr=1.00e-03
Saved best model to results/thesis_model_results/outputs/scaler_comparison_picnn/PICNN__mse__minmax__seed42/picnn_state_dict_best.pt
Epoch 017 | train_loss=5.9417e+00 | train_eval_loss=5.9005e+00 | val_loss=5.9029e+00 | | lr=1.00e-03
Saved best model to results/thesis_model_results/outputs/scaler_comparison_picnn/PICNN__mse__minmax__seed42/picnn_state_dict_best.pt
Epoch 018 | train_loss=5.8603e+00 | train_eval_loss=5.8177e+00 | val_loss=5.8201e+00 | | lr=1.00e-03
Saved best model to results/thesis_model_results/outputs/scaler_comparison_picnn/PICNN__mse__minmax__seed42/picnn_state_dict_best.pt
Epoch 019 | train_loss=5.7762e+00 | train_eval_loss=5.7321e+00 | val_loss=5.7344e+00 | | lr=1.00e-03
Saved best model to results/thesis_model_results/outputs/scaler_comparison_picnn/PICNN__mse__minmax__seed42/picnn_state_dict_best.pt
Epoch 020 | train_loss=5.6892e+00 | train_eval_loss=5.6437e+00 | val_loss=5.6460e+00 | | lr=1.00e-03
Saved best model to results/thesis_model_results/outputs/scaler_comparison_picnn/PICNN__mse__minmax__seed42/picnn_state_dict_best.pt
Epoch 021 | train_loss=5.5994e+00 | train_eval_loss=5.5525e+00 | val_loss=5.5547e+00 | | lr=1.00e-03
Saved best model to results/thesis_model_results/outputs/scaler_comparison_picnn/PICNN__mse__minmax__seed42/picnn_state_dict_best.pt
Epoch 022 | train_loss=5.5069e+00 | train_eval_loss=5.4587e+00 | val_loss=5.4609e+00 | | lr=1.00e-03
Saved best model to results/thesis_model_results/outputs/scaler_comparison_picnn/PICNN__mse__minmax__seed42/picnn_state_dict_best.pt
Epoch 023 | train_loss=5.4119e+00 | train_eval_loss=5.3624e+00 | val_loss=5.3646e+00 | | lr=1.00e-03
Saved best model to results/thesis_model_results/outputs/scaler_comparison_picnn/PICNN__mse__minmax__seed42/picnn_state_dict_best.pt
Epoch 024 | train_loss=5.3144e+00 | train_eval_loss=5.2637e+00 | val_loss=5.2658e+00 | | lr=1.00e-03
Saved best model to results/thesis_model_results/outputs/scaler_comparison_picnn/PICNN__mse__minmax__seed42/picnn_state_dict_best.pt
Epoch 025 | train_loss=5.2145e+00 | train_eval_loss=5.1625e+00 | val_loss=5.1646e+00 | | lr=1.00e-03
Saved best model to results/thesis_model_results/outputs/scaler_comparison_picnn/PICNN__mse__minmax__seed42/picnn_state_dict_best.pt
Epoch 026 | train_loss=5.1123e+00 | train_eval_loss=5.0592e+00 | val_loss=5.0612e+00 | | lr=1.00e-03
Saved best model to results/thesis_model_results/outputs/scaler_comparison_picnn/PICNN__mse__minmax__seed42/picnn_state_dict_best.pt
Epoch 027 | train_loss=5.0079e+00 | train_eval_loss=4.9537e+00 | val_loss=4.9556e+00 | | lr=1.00e-03
Saved best model to results/thesis_model_results/outputs/scaler_comparison_picnn/PICNN__mse__minmax__seed42/picnn_state_dict_best.pt
Epoch 028 | train_loss=4.9014e+00 | train_eval_loss=4.8461e+00 | val_loss=4.8480e+00 | | lr=1.00e-03
Saved best model to results/thesis_model_results/outputs/scaler_comparison_picnn/PICNN__mse__minmax__seed42/picnn_state_dict_best.pt
Epoch 029 | train_loss=4.7928e+00 | train_eval_loss=4.7367e+00 | val_loss=4.7386e+00 | | lr=1.00e-03
Saved best model to results/thesis_model_results/outputs/scaler_comparison_picnn/PICNN__mse__minmax__seed42/picnn_state_dict_best.pt
Epoch 030 | train_loss=4.6825e+00 | train_eval_loss=4.6254e+00 | val_loss=4.6272e+00 | | lr=1.00e-03
Saved best model to results/thesis_model_results/outputs/scaler_comparison_picnn/PICNN__mse__minmax__seed42/picnn_state_dict_best.pt
Epoch 031 | train_loss=4.5704e+00 | train_eval_loss=4.5124e+00 | val_loss=4.5142e+00 | | lr=1.00e-03
Saved best model to results/thesis_model_results/outputs/scaler_comparison_picnn/PICNN__mse__minmax__seed42/picnn_state_dict_best.pt
Epoch 032 | train_loss=4.4567e+00 | train_eval_loss=4.3980e+00 | val_loss=4.3997e+00 | | lr=1.00e-03
Saved best model to results/thesis_model_results/outputs/scaler_comparison_picnn/PICNN__mse__minmax__seed42/picnn_state_dict_best.pt
Epoch 033 | train_loss=4.3415e+00 | train_eval_loss=4.2820e+00 | val_loss=4.2837e+00 | | lr=1.00e-03
Saved best model to results/thesis_model_results/outputs/scaler_comparison_picnn/PICNN__mse__minmax__seed42/picnn_state_dict_best.pt
Epoch 034 | train_loss=4.2249e+00 | train_eval_loss=4.1648e+00 | val_loss=4.1664e+00 | | lr=1.00e-03
Saved best model to results/thesis_model_results/outputs/scaler_comparison_picnn/PICNN__mse__minmax__seed42/picnn_state_dict_best.pt
Epoch 035 | train_loss=4.1071e+00 | train_eval_loss=4.0465e+00 | val_loss=4.0480e+00 | | lr=1.00e-03
Saved best model to results/thesis_model_results/outputs/scaler_comparison_picnn/PICNN__mse__minmax__seed42/picnn_state_dict_best.pt
Epoch 036 | train_loss=3.9883e+00 | train_eval_loss=3.9271e+00 | val_loss=3.9286e+00 | | lr=1.00e-03
Saved best model to results/thesis_model_results/outputs/scaler_comparison_picnn/PICNN__mse__minmax__seed42/picnn_state_dict_best.pt
Epoch 037 | train_loss=3.8686e+00 | train_eval_loss=3.8070e+00 | val_loss=3.8084e+00 | | lr=1.00e-03
Saved best model to results/thesis_model_results/outputs/scaler_comparison_picnn/PICNN__mse__minmax__seed42/picnn_state_dict_best.pt
Epoch 038 | train_loss=3.7481e+00 | train_eval_loss=3.6863e+00 | val_loss=3.6876e+00 | | lr=1.00e-03
Saved best model to results/thesis_model_results/outputs/scaler_comparison_picnn/PICNN__mse__minmax__seed42/picnn_state_dict_best.pt
Epoch 039 | train_loss=3.6271e+00 | train_eval_loss=3.5650e+00 | val_loss=3.5663e+00 | | lr=1.00e-03
Saved best model to results/thesis_model_results/outputs/scaler_comparison_picnn/PICNN__mse__minmax__seed42/picnn_state_dict_best.pt
Epoch 040 | train_loss=3.5057e+00 | train_eval_loss=3.4435e+00 | val_loss=3.4447e+00 | | lr=1.00e-03
Saved best model to results/thesis_model_results/outputs/scaler_comparison_picnn/PICNN__mse__minmax__seed42/picnn_state_dict_best.pt
Epoch 041 | train_loss=3.3840e+00 | train_eval_loss=3.3217e+00 | val_loss=3.3229e+00 | | lr=1.00e-03
Saved best model to results/thesis_model_results/outputs/scaler_comparison_picnn/PICNN__mse__minmax__seed42/picnn_state_dict_best.pt
Epoch 042 | train_loss=3.2624e+00 | train_eval_loss=3.2001e+00 | val_loss=3.2012e+00 | | lr=1.00e-03
Saved best model to results/thesis_model_results/outputs/scaler_comparison_picnn/PICNN__mse__minmax__seed42/picnn_state_dict_best.pt
Epoch 043 | train_loss=3.1408e+00 | train_eval_loss=3.0787e+00 | val_loss=3.0798e+00 | | lr=1.00e-03
Saved best model to results/thesis_model_results/outputs/scaler_comparison_picnn/PICNN__mse__minmax__seed42/picnn_state_dict_best.pt
Epoch 044 | train_loss=3.0196e+00 | train_eval_loss=2.9577e+00 | val_loss=2.9587e+00 | | lr=1.00e-03
Saved best model to results/thesis_model_results/outputs/scaler_comparison_picnn/PICNN__mse__minmax__seed42/picnn_state_dict_best.pt
Epoch 045 | train_loss=2.8989e+00 | train_eval_loss=2.8374e+00 | val_loss=2.8383e+00 | | lr=1.00e-03
Saved best model to results/thesis_model_results/outputs/scaler_comparison_picnn/PICNN__mse__minmax__seed42/picnn_state_dict_best.pt
Epoch 046 | train_loss=2.7789e+00 | train_eval_loss=2.7178e+00 | val_loss=2.7187e+00 | | lr=1.00e-03
Saved best model to results/thesis_model_results/outputs/scaler_comparison_picnn/PICNN__mse__minmax__seed42/picnn_state_dict_best.pt
Epoch 047 | train_loss=2.6598e+00 | train_eval_loss=2.5992e+00 | val_loss=2.6001e+00 | | lr=1.00e-03
Saved best model to results/thesis_model_results/outputs/scaler_comparison_picnn/PICNN__mse__minmax__seed42/picnn_state_dict_best.pt
Epoch 048 | train_loss=2.5418e+00 | train_eval_loss=2.4818e+00 | val_loss=2.4826e+00 | | lr=1.00e-03
Saved best model to results/thesis_model_results/outputs/scaler_comparison_picnn/PICNN__mse__minmax__seed42/picnn_state_dict_best.pt
Epoch 049 | train_loss=2.4252e+00 | train_eval_loss=2.3660e+00 | val_loss=2.3667e+00 | | lr=1.00e-03
Saved best model to results/thesis_model_results/outputs/scaler_comparison_picnn/PICNN__mse__minmax__seed42/picnn_state_dict_best.pt
Epoch 050 | train_loss=2.3101e+00 | train_eval_loss=2.2517e+00 | val_loss=2.2524e+00 | | lr=1.00e-03
Saved best model to results/thesis_model_results/outputs/scaler_comparison_picnn/PICNN__mse__minmax__seed42/picnn_state_dict_best.pt
Epoch 051 | train_loss=2.1965e+00 | train_eval_loss=2.1391e+00 | val_loss=2.1397e+00 | | lr=1.00e-03
Saved best model to results/thesis_model_results/outputs/scaler_comparison_picnn/PICNN__mse__minmax__seed42/picnn_state_dict_best.pt
Epoch 052 | train_loss=2.0849e+00 | train_eval_loss=2.0286e+00 | val_loss=2.0291e+00 | | lr=1.00e-03
Saved best model to results/thesis_model_results/outputs/scaler_comparison_picnn/PICNN__mse__minmax__seed42/picnn_state_dict_best.pt
Epoch 053 | train_loss=1.9754e+00 | train_eval_loss=1.9201e+00 | val_loss=1.9206e+00 | | lr=1.00e-03
Saved best model to results/thesis_model_results/outputs/scaler_comparison_picnn/PICNN__mse__minmax__seed42/picnn_state_dict_best.pt
Epoch 054 | train_loss=1.8681e+00 | train_eval_loss=1.8140e+00 | val_loss=1.8145e+00 | | lr=1.00e-03
Saved best model to results/thesis_model_results/outputs/scaler_comparison_picnn/PICNN__mse__minmax__seed42/picnn_state_dict_best.pt
Epoch 055 | train_loss=1.7632e+00 | train_eval_loss=1.7104e+00 | val_loss=1.7108e+00 | | lr=1.00e-03
Saved best model to results/thesis_model_results/outputs/scaler_comparison_picnn/PICNN__mse__minmax__seed42/picnn_state_dict_best.pt
Epoch 056 | train_loss=1.6609e+00 | train_eval_loss=1.6094e+00 | val_loss=1.6098e+00 | | lr=1.00e-03
Saved best model to results/thesis_model_results/outputs/scaler_comparison_picnn/PICNN__mse__minmax__seed42/picnn_state_dict_best.pt
Epoch 057 | train_loss=1.5614e+00 | train_eval_loss=1.5114e+00 | val_loss=1.5117e+00 | | lr=1.00e-03
Saved best model to results/thesis_model_results/outputs/scaler_comparison_picnn/PICNN__mse__minmax__seed42/picnn_state_dict_best.pt
Epoch 058 | train_loss=1.4647e+00 | train_eval_loss=1.4162e+00 | val_loss=1.4165e+00 | | lr=1.00e-03
Saved best model to results/thesis_model_results/outputs/scaler_comparison_picnn/PICNN__mse__minmax__seed42/picnn_state_dict_best.pt
Epoch 059 | train_loss=1.3711e+00 | train_eval_loss=1.3242e+00 | val_loss=1.3244e+00 | | lr=1.00e-03
Saved best model to results/thesis_model_results/outputs/scaler_comparison_picnn/PICNN__mse__minmax__seed42/picnn_state_dict_best.pt
Epoch 060 | train_loss=1.2806e+00 | train_eval_loss=1.2354e+00 | val_loss=1.2356e+00 | | lr=1.00e-03
Saved best model to results/thesis_model_results/outputs/scaler_comparison_picnn/PICNN__mse__minmax__seed42/picnn_state_dict_best.pt
Epoch 061 | train_loss=1.1934e+00 | train_eval_loss=1.1498e+00 | val_loss=1.1500e+00 | | lr=1.00e-03
Saved best model to results/thesis_model_results/outputs/scaler_comparison_picnn/PICNN__mse__minmax__seed42/picnn_state_dict_best.pt
Epoch 062 | train_loss=1.1095e+00 | train_eval_loss=1.0678e+00 | val_loss=1.0679e+00 | | lr=1.00e-03
Saved best model to results/thesis_model_results/outputs/scaler_comparison_picnn/PICNN__mse__minmax__seed42/picnn_state_dict_best.pt
Epoch 063 | train_loss=1.0291e+00 | train_eval_loss=9.8919e-01 | val_loss=9.8924e-01 | | lr=1.00e-03
Saved best model to results/thesis_model_results/outputs/scaler_comparison_picnn/PICNN__mse__minmax__seed42/picnn_state_dict_best.pt
Epoch 064 | train_loss=9.5226e-01 | train_eval_loss=9.1415e-01 | val_loss=9.1417e-01 | | lr=1.00e-03
Saved best model to results/thesis_model_results/outputs/scaler_comparison_picnn/PICNN__mse__minmax__seed42/picnn_state_dict_best.pt
Epoch 065 | train_loss=8.7897e-01 | train_eval_loss=8.4272e-01 | val_loss=8.4270e-01 | | lr=1.00e-03
Saved best model to results/thesis_model_results/outputs/scaler_comparison_picnn/PICNN__mse__minmax__seed42/picnn_state_dict_best.pt
Epoch 066 | train_loss=8.0932e-01 | train_eval_loss=7.7488e-01 | val_loss=7.7483e-01 | | lr=1.00e-03
Saved best model to results/thesis_model_results/outputs/scaler_comparison_picnn/PICNN__mse__minmax__seed42/picnn_state_dict_best.pt
Epoch 067 | train_loss=7.4330e-01 | train_eval_loss=7.1076e-01 | val_loss=7.1068e-01 | | lr=1.00e-03
Saved best model to results/thesis_model_results/outputs/scaler_comparison_picnn/PICNN__mse__minmax__seed42/picnn_state_dict_best.pt
Epoch 068 | train_loss=6.8097e-01 | train_eval_loss=6.5029e-01 | val_loss=6.5018e-01 | | lr=1.00e-03
Saved best model to results/thesis_model_results/outputs/scaler_comparison_picnn/PICNN__mse__minmax__seed42/picnn_state_dict_best.pt
Epoch 069 | train_loss=6.2225e-01 | train_eval_loss=5.9347e-01 | val_loss=5.9333e-01 | | lr=1.00e-03
Saved best model to results/thesis_model_results/outputs/scaler_comparison_picnn/PICNN__mse__minmax__seed42/picnn_state_dict_best.pt
Epoch 070 | train_loss=5.6717e-01 | train_eval_loss=5.4018e-01 | val_loss=5.4002e-01 | | lr=1.00e-03
Saved best model to results/thesis_model_results/outputs/scaler_comparison_picnn/PICNN__mse__minmax__seed42/picnn_state_dict_best.pt
Epoch 071 | train_loss=5.1565e-01 | train_eval_loss=4.9050e-01 | val_loss=4.9031e-01 | | lr=1.00e-03
Saved best model to results/thesis_model_results/outputs/scaler_comparison_picnn/PICNN__mse__minmax__seed42/picnn_state_dict_best.pt
Epoch 072 | train_loss=4.6767e-01 | train_eval_loss=4.4429e-01 | val_loss=4.4408e-01 | | lr=1.00e-03
Saved best model to results/thesis_model_results/outputs/scaler_comparison_picnn/PICNN__mse__minmax__seed42/picnn_state_dict_best.pt
Epoch 073 | train_loss=4.2312e-01 | train_eval_loss=4.0148e-01 | val_loss=4.0125e-01 | | lr=1.00e-03
Saved best model to results/thesis_model_results/outputs/scaler_comparison_picnn/PICNN__mse__minmax__seed42/picnn_state_dict_best.pt
Epoch 074 | train_loss=3.8192e-01 | train_eval_loss=3.6197e-01 | val_loss=3.6172e-01 | | lr=1.00e-03
Saved best model to results/thesis_model_results/outputs/scaler_comparison_picnn/PICNN__mse__minmax__seed42/picnn_state_dict_best.pt
Epoch 075 | train_loss=3.4399e-01 | train_eval_loss=3.2565e-01 | val_loss=3.2539e-01 | | lr=1.00e-03
Saved best model to results/thesis_model_results/outputs/scaler_comparison_picnn/PICNN__mse__minmax__seed42/picnn_state_dict_best.pt
Epoch 076 | train_loss=3.0919e-01 | train_eval_loss=2.9243e-01 | val_loss=2.9215e-01 | | lr=1.00e-03
Saved best model to results/thesis_model_results/outputs/scaler_comparison_picnn/PICNN__mse__minmax__seed42/picnn_state_dict_best.pt
Epoch 077 | train_loss=2.7741e-01 | train_eval_loss=2.6216e-01 | val_loss=2.6186e-01 | | lr=1.00e-03
Saved best model to results/thesis_model_results/outputs/scaler_comparison_picnn/PICNN__mse__minmax__seed42/picnn_state_dict_best.pt
Epoch 078 | train_loss=2.4851e-01 | train_eval_loss=2.3467e-01 | val_loss=2.3436e-01 | | lr=1.00e-03
Saved best model to results/thesis_model_results/outputs/scaler_comparison_picnn/PICNN__mse__minmax__seed42/picnn_state_dict_best.pt
Epoch 079 | train_loss=2.2235e-01 | train_eval_loss=2.0986e-01 | val_loss=2.0954e-01 | | lr=1.00e-03
Saved best model to results/thesis_model_results/outputs/scaler_comparison_picnn/PICNN__mse__minmax__seed42/picnn_state_dict_best.pt
Epoch 080 | train_loss=1.9877e-01 | train_eval_loss=1.8757e-01 | val_loss=1.8724e-01 | | lr=1.00e-03
Saved best model to results/thesis_model_results/outputs/scaler_comparison_picnn/PICNN__mse__minmax__seed42/picnn_state_dict_best.pt
Epoch 081 | train_loss=1.7764e-01 | train_eval_loss=1.6763e-01 | val_loss=1.6729e-01 | | lr=1.00e-03
Saved best model to results/thesis_model_results/outputs/scaler_comparison_picnn/PICNN__mse__minmax__seed42/picnn_state_dict_best.pt
Epoch 082 | train_loss=1.5879e-01 | train_eval_loss=1.4988e-01 | val_loss=1.4953e-01 | | lr=1.00e-03
Saved best model to results/thesis_model_results/outputs/scaler_comparison_picnn/PICNN__mse__minmax__seed42/picnn_state_dict_best.pt
Epoch 083 | train_loss=1.4204e-01 | train_eval_loss=1.3416e-01 | val_loss=1.3380e-01 | | lr=1.00e-03
Saved best model to results/thesis_model_results/outputs/scaler_comparison_picnn/PICNN__mse__minmax__seed42/picnn_state_dict_best.pt
Epoch 084 | train_loss=1.2725e-01 | train_eval_loss=1.2032e-01 | val_loss=1.1996e-01 | | lr=1.00e-03
Saved best model to results/thesis_model_results/outputs/scaler_comparison_picnn/PICNN__mse__minmax__seed42/picnn_state_dict_best.pt
Epoch 085 | train_loss=1.1426e-01 | train_eval_loss=1.0819e-01 | val_loss=1.0782e-01 | | lr=1.00e-03
Saved best model to results/thesis_model_results/outputs/scaler_comparison_picnn/PICNN__mse__minmax__seed42/picnn_state_dict_best.pt
Epoch 086 | train_loss=1.0291e-01 | train_eval_loss=9.7620e-02 | val_loss=9.7247e-02 | | lr=1.00e-03
Saved best model to results/thesis_model_results/outputs/scaler_comparison_picnn/PICNN__mse__minmax__seed42/picnn_state_dict_best.pt
Epoch 087 | train_loss=9.3046e-02 | train_eval_loss=8.8473e-02 | val_loss=8.8097e-02 | | lr=1.00e-03
Saved best model to results/thesis_model_results/outputs/scaler_comparison_picnn/PICNN__mse__minmax__seed42/picnn_state_dict_best.pt
Epoch 088 | train_loss=8.4524e-02 | train_eval_loss=8.0589e-02 | val_loss=8.0209e-02 | | lr=1.00e-03
Saved best model to results/thesis_model_results/outputs/scaler_comparison_picnn/PICNN__mse__minmax__seed42/picnn_state_dict_best.pt
Epoch 089 | train_loss=7.7203e-02 | train_eval_loss=7.3836e-02 | val_loss=7.3453e-02 | | lr=1.00e-03
Saved best model to results/thesis_model_results/outputs/scaler_comparison_picnn/PICNN__mse__minmax__seed42/picnn_state_dict_best.pt
Epoch 090 | train_loss=7.0946e-02 | train_eval_loss=6.8082e-02 | val_loss=6.7697e-02 | | lr=1.00e-03
Saved best model to results/thesis_model_results/outputs/scaler_comparison_picnn/PICNN__mse__minmax__seed42/picnn_state_dict_best.pt
Epoch 091 | train_loss=6.5628e-02 | train_eval_loss=6.3205e-02 | val_loss=6.2818e-02 | | lr=1.00e-03
Saved best model to results/thesis_model_results/outputs/scaler_comparison_picnn/PICNN__mse__minmax__seed42/picnn_state_dict_best.pt
Epoch 092 | train_loss=6.1135e-02 | train_eval_loss=5.9091e-02 | val_loss=5.8703e-02 | | lr=1.00e-03
Saved best model to results/thesis_model_results/outputs/scaler_comparison_picnn/PICNN__mse__minmax__seed42/picnn_state_dict_best.pt
Epoch 093 | train_loss=5.7359e-02 | train_eval_loss=5.5651e-02 | val_loss=5.5263e-02 | | lr=1.00e-03
Saved best model to results/thesis_model_results/outputs/scaler_comparison_picnn/PICNN__mse__minmax__seed42/picnn_state_dict_best.pt
Epoch 094 | train_loss=5.4202e-02 | train_eval_loss=5.2777e-02 | val_loss=5.2388e-02 | | lr=1.00e-03
Saved best model to results/thesis_model_results/outputs/scaler_comparison_picnn/PICNN__mse__minmax__seed42/picnn_state_dict_best.pt
Epoch 095 | train_loss=5.1575e-02 | train_eval_loss=5.0392e-02 | val_loss=5.0003e-02 | | lr=1.00e-03
Saved best model to results/thesis_model_results/outputs/scaler_comparison_picnn/PICNN__mse__minmax__seed42/picnn_state_dict_best.pt
Epoch 096 | train_loss=4.9397e-02 | train_eval_loss=4.8415e-02 | val_loss=4.8026e-02 | | lr=1.00e-03
Saved best model to results/thesis_model_results/outputs/scaler_comparison_picnn/PICNN__mse__minmax__seed42/picnn_state_dict_best.pt
Epoch 097 | train_loss=4.7597e-02 | train_eval_loss=4.6787e-02 | val_loss=4.6397e-02 | | lr=1.00e-03
Saved best model to results/thesis_model_results/outputs/scaler_comparison_picnn/PICNN__mse__minmax__seed42/picnn_state_dict_best.pt
Epoch 098 | train_loss=4.6112e-02 | train_eval_loss=4.5446e-02 | val_loss=4.5057e-02 | | lr=1.00e-03
Saved best model to results/thesis_model_results/outputs/scaler_comparison_picnn/PICNN__mse__minmax__seed42/picnn_state_dict_best.pt
Epoch 099 | train_loss=4.4887e-02 | train_eval_loss=4.4337e-02 | val_loss=4.3948e-02 | | lr=1.00e-03
Saved best model to results/thesis_model_results/outputs/scaler_comparison_picnn/PICNN__mse__minmax__seed42/picnn_state_dict_best.pt
Epoch 100 | train_loss=4.3875e-02 | train_eval_loss=4.3417e-02 | val_loss=4.3028e-02 | | lr=1.00e-03
Saved best model to results/thesis_model_results/outputs/scaler_comparison_picnn/PICNN__mse__minmax__seed42/picnn_state_dict_best.pt
Epoch 101 | train_loss=4.3036e-02 | train_eval_loss=4.2656e-02 | val_loss=4.2268e-02 | | lr=1.00e-03
Saved best model to results/thesis_model_results/outputs/scaler_comparison_picnn/PICNN__mse__minmax__seed42/picnn_state_dict_best.pt
Epoch 102 | train_loss=4.2337e-02 | train_eval_loss=4.2021e-02 | val_loss=4.1634e-02 | | lr=1.00e-03
Saved best model to results/thesis_model_results/outputs/scaler_comparison_picnn/PICNN__mse__minmax__seed42/picnn_state_dict_best.pt
Epoch 103 | train_loss=4.1750e-02 | train_eval_loss=4.1483e-02 | val_loss=4.1096e-02 | | lr=1.00e-03
Saved best model to results/thesis_model_results/outputs/scaler_comparison_picnn/PICNN__mse__minmax__seed42/picnn_state_dict_best.pt
Epoch 104 | train_loss=4.1252e-02 | train_eval_loss=4.1021e-02 | val_loss=4.0635e-02 | | lr=1.00e-03
Saved best model to results/thesis_model_results/outputs/scaler_comparison_picnn/PICNN__mse__minmax__seed42/picnn_state_dict_best.pt
Epoch 105 | train_loss=4.0824e-02 | train_eval_loss=4.0625e-02 | val_loss=4.0240e-02 | | lr=1.00e-03
Saved best model to results/thesis_model_results/outputs/scaler_comparison_picnn/PICNN__mse__minmax__seed42/picnn_state_dict_best.pt
Epoch 106 | train_loss=4.0451e-02 | train_eval_loss=4.0276e-02 | val_loss=3.9891e-02 | | lr=1.00e-03
Saved best model to results/thesis_model_results/outputs/scaler_comparison_picnn/PICNN__mse__minmax__seed42/picnn_state_dict_best.pt
Epoch 107 | train_loss=4.0120e-02 | train_eval_loss=3.9963e-02 | val_loss=3.9578e-02 | | lr=1.00e-03
Saved best model to results/thesis_model_results/outputs/scaler_comparison_picnn/PICNN__mse__minmax__seed42/picnn_state_dict_best.pt
Epoch 108 | train_loss=3.9823e-02 | train_eval_loss=3.9680e-02 | val_loss=3.9296e-02 | | lr=1.00e-03
Saved best model to results/thesis_model_results/outputs/scaler_comparison_picnn/PICNN__mse__minmax__seed42/picnn_state_dict_best.pt
Epoch 109 | train_loss=3.9551e-02 | train_eval_loss=3.9419e-02 | val_loss=3.9036e-02 | | lr=1.00e-03
Saved best model to results/thesis_model_results/outputs/scaler_comparison_picnn/PICNN__mse__minmax__seed42/picnn_state_dict_best.pt
Epoch 110 | train_loss=3.9300e-02 | train_eval_loss=3.9176e-02 | val_loss=3.8794e-02 | | lr=1.00e-03
Saved best model to results/thesis_model_results/outputs/scaler_comparison_picnn/PICNN__mse__minmax__seed42/picnn_state_dict_best.pt
Epoch 111 | train_loss=3.9065e-02 | train_eval_loss=3.8949e-02 | val_loss=3.8567e-02 | | lr=1.00e-03
Saved best model to results/thesis_model_results/outputs/scaler_comparison_picnn/PICNN__mse__minmax__seed42/picnn_state_dict_best.pt
Epoch 112 | train_loss=3.8842e-02 | train_eval_loss=3.8731e-02 | val_loss=3.8350e-02 | | lr=1.00e-03
Saved best model to results/thesis_model_results/outputs/scaler_comparison_picnn/PICNN__mse__minmax__seed42/picnn_state_dict_best.pt
Epoch 113 | train_loss=3.8630e-02 | train_eval_loss=3.8524e-02 | val_loss=3.8143e-02 | | lr=1.00e-03
Saved best model to results/thesis_model_results/outputs/scaler_comparison_picnn/PICNN__mse__minmax__seed42/picnn_state_dict_best.pt
Epoch 114 | train_loss=3.8426e-02 | train_eval_loss=3.8325e-02 | val_loss=3.7945e-02 | | lr=1.00e-03
Saved best model to results/thesis_model_results/outputs/scaler_comparison_picnn/PICNN__mse__minmax__seed42/picnn_state_dict_best.pt
Epoch 115 | train_loss=3.8230e-02 | train_eval_loss=3.8131e-02 | val_loss=3.7752e-02 | | lr=1.00e-03
Saved best model to results/thesis_model_results/outputs/scaler_comparison_picnn/PICNN__mse__minmax__seed42/picnn_state_dict_best.pt
Epoch 116 | train_loss=3.8041e-02 | train_eval_loss=3.7945e-02 | val_loss=3.7567e-02 | | lr=1.00e-03
Saved best model to results/thesis_model_results/outputs/scaler_comparison_picnn/PICNN__mse__minmax__seed42/picnn_state_dict_best.pt
Epoch 117 | train_loss=3.7857e-02 | train_eval_loss=3.7765e-02 | val_loss=3.7387e-02 | | lr=1.00e-03
Saved best model to results/thesis_model_results/outputs/scaler_comparison_picnn/PICNN__mse__minmax__seed42/picnn_state_dict_best.pt
Epoch 118 | train_loss=3.7679e-02 | train_eval_loss=3.7589e-02 | val_loss=3.7212e-02 | | lr=1.00e-03
Saved best model to results/thesis_model_results/outputs/scaler_comparison_picnn/PICNN__mse__minmax__seed42/picnn_state_dict_best.pt
Epoch 119 | train_loss=3.7506e-02 | train_eval_loss=3.7418e-02 | val_loss=3.7042e-02 | | lr=1.00e-03
Saved best model to results/thesis_model_results/outputs/scaler_comparison_picnn/PICNN__mse__minmax__seed42/picnn_state_dict_best.pt
Epoch 120 | train_loss=3.7337e-02 | train_eval_loss=3.7252e-02 | val_loss=3.6876e-02 | | lr=1.00e-03
Saved best model to results/thesis_model_results/outputs/scaler_comparison_picnn/PICNN__mse__minmax__seed42/picnn_state_dict_best.pt
Epoch 121 | train_loss=3.7173e-02 | train_eval_loss=3.7090e-02 | val_loss=3.6714e-02 | | lr=1.00e-03
Saved best model to results/thesis_model_results/outputs/scaler_comparison_picnn/PICNN__mse__minmax__seed42/picnn_state_dict_best.pt
Epoch 122 | train_loss=3.7012e-02 | train_eval_loss=3.6931e-02 | val_loss=3.6556e-02 | | lr=1.00e-03
Saved best model to results/thesis_model_results/outputs/scaler_comparison_picnn/PICNN__mse__minmax__seed42/picnn_state_dict_best.pt
Epoch 123 | train_loss=3.6855e-02 | train_eval_loss=3.6776e-02 | val_loss=3.6402e-02 | | lr=1.00e-03
Saved best model to results/thesis_model_results/outputs/scaler_comparison_picnn/PICNN__mse__minmax__seed42/picnn_state_dict_best.pt
Epoch 124 | train_loss=3.6702e-02 | train_eval_loss=3.6624e-02 | val_loss=3.6250e-02 | | lr=1.00e-03
Saved best model to results/thesis_model_results/outputs/scaler_comparison_picnn/PICNN__mse__minmax__seed42/picnn_state_dict_best.pt
Epoch 125 | train_loss=3.6551e-02 | train_eval_loss=3.6475e-02 | val_loss=3.6102e-02 | | lr=1.00e-03
Saved best model to results/thesis_model_results/outputs/scaler_comparison_picnn/PICNN__mse__minmax__seed42/picnn_state_dict_best.pt
Epoch 126 | train_loss=3.6404e-02 | train_eval_loss=3.6329e-02 | val_loss=3.5956e-02 | | lr=1.00e-03
Saved best model to results/thesis_model_results/outputs/scaler_comparison_picnn/PICNN__mse__minmax__seed42/picnn_state_dict_best.pt
Epoch 127 | train_loss=3.6259e-02 | train_eval_loss=3.6184e-02 | val_loss=3.5813e-02 | | lr=1.00e-03
Saved best model to results/thesis_model_results/outputs/scaler_comparison_picnn/PICNN__mse__minmax__seed42/picnn_state_dict_best.pt
Epoch 128 | train_loss=3.6116e-02 | train_eval_loss=3.6043e-02 | val_loss=3.5672e-02 | | lr=1.00e-03
Saved best model to results/thesis_model_results/outputs/scaler_comparison_picnn/PICNN__mse__minmax__seed42/picnn_state_dict_best.pt
Epoch 129 | train_loss=3.5975e-02 | train_eval_loss=3.5903e-02 | val_loss=3.5533e-02 | | lr=1.00e-03
Saved best model to results/thesis_model_results/outputs/scaler_comparison_picnn/PICNN__mse__minmax__seed42/picnn_state_dict_best.pt
Epoch 130 | train_loss=3.5835e-02 | train_eval_loss=3.5764e-02 | val_loss=3.5395e-02 | | lr=1.00e-03
Saved best model to results/thesis_model_results/outputs/scaler_comparison_picnn/PICNN__mse__minmax__seed42/picnn_state_dict_best.pt
Epoch 131 | train_loss=3.5698e-02 | train_eval_loss=3.5627e-02 | val_loss=3.5259e-02 | | lr=1.00e-03
Saved best model to results/thesis_model_results/outputs/scaler_comparison_picnn/PICNN__mse__minmax__seed42/picnn_state_dict_best.pt
Epoch 132 | train_loss=3.5561e-02 | train_eval_loss=3.5491e-02 | val_loss=3.5123e-02 | | lr=1.00e-03
Saved best model to results/thesis_model_results/outputs/scaler_comparison_picnn/PICNN__mse__minmax__seed42/picnn_state_dict_best.pt
Epoch 133 | train_loss=3.5426e-02 | train_eval_loss=3.5356e-02 | val_loss=3.4990e-02 | | lr=1.00e-03
Saved best model to results/thesis_model_results/outputs/scaler_comparison_picnn/PICNN__mse__minmax__seed42/picnn_state_dict_best.pt
Epoch 134 | train_loss=3.5291e-02 | train_eval_loss=3.5222e-02 | val_loss=3.4857e-02 | | lr=1.00e-03
Saved best model to results/thesis_model_results/outputs/scaler_comparison_picnn/PICNN__mse__minmax__seed42/picnn_state_dict_best.pt
Epoch 135 | train_loss=3.5157e-02 | train_eval_loss=3.5088e-02 | val_loss=3.4723e-02 | | lr=1.00e-03
Saved best model to results/thesis_model_results/outputs/scaler_comparison_picnn/PICNN__mse__minmax__seed42/picnn_state_dict_best.pt
Epoch 136 | train_loss=3.5024e-02 | train_eval_loss=3.4955e-02 | val_loss=3.4592e-02 | | lr=1.00e-03
Saved best model to results/thesis_model_results/outputs/scaler_comparison_picnn/PICNN__mse__minmax__seed42/picnn_state_dict_best.pt
Epoch 137 | train_loss=3.4891e-02 | train_eval_loss=3.4822e-02 | val_loss=3.4460e-02 | | lr=1.00e-03
Saved best model to results/thesis_model_results/outputs/scaler_comparison_picnn/PICNN__mse__minmax__seed42/picnn_state_dict_best.pt
Epoch 138 | train_loss=3.4758e-02 | train_eval_loss=3.4689e-02 | val_loss=3.4329e-02 | | lr=1.00e-03
Saved best model to results/thesis_model_results/outputs/scaler_comparison_picnn/PICNN__mse__minmax__seed42/picnn_state_dict_best.pt
Epoch 139 | train_loss=3.4626e-02 | train_eval_loss=3.4557e-02 | val_loss=3.4197e-02 | | lr=1.00e-03
Saved best model to results/thesis_model_results/outputs/scaler_comparison_picnn/PICNN__mse__minmax__seed42/picnn_state_dict_best.pt
Epoch 140 | train_loss=3.4493e-02 | train_eval_loss=3.4425e-02 | val_loss=3.4067e-02 | | lr=1.00e-03
Saved best model to results/thesis_model_results/outputs/scaler_comparison_picnn/PICNN__mse__minmax__seed42/picnn_state_dict_best.pt
Epoch 141 | train_loss=3.4361e-02 | train_eval_loss=3.4293e-02 | val_loss=3.3936e-02 | | lr=1.00e-03
Saved best model to results/thesis_model_results/outputs/scaler_comparison_picnn/PICNN__mse__minmax__seed42/picnn_state_dict_best.pt
Epoch 142 | train_loss=3.4229e-02 | train_eval_loss=3.4160e-02 | val_loss=3.3804e-02 | | lr=1.00e-03
Saved best model to results/thesis_model_results/outputs/scaler_comparison_picnn/PICNN__mse__minmax__seed42/picnn_state_dict_best.pt
Epoch 143 | train_loss=3.4096e-02 | train_eval_loss=3.4028e-02 | val_loss=3.3673e-02 | | lr=1.00e-03
Saved best model to results/thesis_model_results/outputs/scaler_comparison_picnn/PICNN__mse__minmax__seed42/picnn_state_dict_best.pt
Epoch 144 | train_loss=3.3964e-02 | train_eval_loss=3.3895e-02 | val_loss=3.3543e-02 | | lr=1.00e-03
Saved best model to results/thesis_model_results/outputs/scaler_comparison_picnn/PICNN__mse__minmax__seed42/picnn_state_dict_best.pt
Epoch 145 | train_loss=3.3831e-02 | train_eval_loss=3.3762e-02 | val_loss=3.3411e-02 | | lr=1.00e-03
Saved best model to results/thesis_model_results/outputs/scaler_comparison_picnn/PICNN__mse__minmax__seed42/picnn_state_dict_best.pt
Epoch 146 | train_loss=3.3698e-02 | train_eval_loss=3.3630e-02 | val_loss=3.3279e-02 | | lr=1.00e-03
Saved best model to results/thesis_model_results/outputs/scaler_comparison_picnn/PICNN__mse__minmax__seed42/picnn_state_dict_best.pt
Epoch 147 | train_loss=3.3565e-02 | train_eval_loss=3.3497e-02 | val_loss=3.3149e-02 | | lr=1.00e-03
Saved best model to results/thesis_model_results/outputs/scaler_comparison_picnn/PICNN__mse__minmax__seed42/picnn_state_dict_best.pt
Epoch 148 | train_loss=3.3432e-02 | train_eval_loss=3.3364e-02 | val_loss=3.3018e-02 | | lr=1.00e-03
Saved best model to results/thesis_model_results/outputs/scaler_comparison_picnn/PICNN__mse__minmax__seed42/picnn_state_dict_best.pt
Epoch 149 | train_loss=3.3299e-02 | train_eval_loss=3.3230e-02 | val_loss=3.2886e-02 | | lr=1.00e-03
Saved best model to results/thesis_model_results/outputs/scaler_comparison_picnn/PICNN__mse__minmax__seed42/picnn_state_dict_best.pt
Epoch 150 | train_loss=3.3166e-02 | train_eval_loss=3.3097e-02 | val_loss=3.2755e-02 | | lr=1.00e-03
Saved best model to results/thesis_model_results/outputs/scaler_comparison_picnn/PICNN__mse__minmax__seed42/picnn_state_dict_best.pt
Epoch 151 | train_loss=3.3033e-02 | train_eval_loss=3.2964e-02 | val_loss=3.2623e-02 | | lr=1.00e-03
Saved best model to results/thesis_model_results/outputs/scaler_comparison_picnn/PICNN__mse__minmax__seed42/picnn_state_dict_best.pt
Epoch 152 | train_loss=3.2900e-02 | train_eval_loss=3.2831e-02 | val_loss=3.2492e-02 | | lr=1.00e-03
Saved best model to results/thesis_model_results/outputs/scaler_comparison_picnn/PICNN__mse__minmax__seed42/picnn_state_dict_best.pt
Epoch 153 | train_loss=3.2767e-02 | train_eval_loss=3.2698e-02 | val_loss=3.2361e-02 | | lr=1.00e-03
Saved best model to results/thesis_model_results/outputs/scaler_comparison_picnn/PICNN__mse__minmax__seed42/picnn_state_dict_best.pt
Epoch 154 | train_loss=3.2633e-02 | train_eval_loss=3.2564e-02 | val_loss=3.2229e-02 | | lr=1.00e-03
Saved best model to results/thesis_model_results/outputs/scaler_comparison_picnn/PICNN__mse__minmax__seed42/picnn_state_dict_best.pt
Epoch 155 | train_loss=3.2500e-02 | train_eval_loss=3.2430e-02 | val_loss=3.2097e-02 | | lr=1.00e-03
Saved best model to results/thesis_model_results/outputs/scaler_comparison_picnn/PICNN__mse__minmax__seed42/picnn_state_dict_best.pt
Epoch 156 | train_loss=3.2366e-02 | train_eval_loss=3.2297e-02 | val_loss=3.1966e-02 | | lr=1.00e-03
Saved best model to results/thesis_model_results/outputs/scaler_comparison_picnn/PICNN__mse__minmax__seed42/picnn_state_dict_best.pt
Epoch 157 | train_loss=3.2232e-02 | train_eval_loss=3.2163e-02 | val_loss=3.1835e-02 | | lr=1.00e-03
Saved best model to results/thesis_model_results/outputs/scaler_comparison_picnn/PICNN__mse__minmax__seed42/picnn_state_dict_best.pt
Epoch 158 | train_loss=3.2098e-02 | train_eval_loss=3.2029e-02 | val_loss=3.1703e-02 | | lr=1.00e-03
Saved best model to results/thesis_model_results/outputs/scaler_comparison_picnn/PICNN__mse__minmax__seed42/picnn_state_dict_best.pt
Epoch 159 | train_loss=3.1965e-02 | train_eval_loss=3.1895e-02 | val_loss=3.1570e-02 | | lr=1.00e-03
Saved best model to results/thesis_model_results/outputs/scaler_comparison_picnn/PICNN__mse__minmax__seed42/picnn_state_dict_best.pt
Epoch 160 | train_loss=3.1831e-02 | train_eval_loss=3.1760e-02 | val_loss=3.1438e-02 | | lr=1.00e-03
Saved best model to results/thesis_model_results/outputs/scaler_comparison_picnn/PICNN__mse__minmax__seed42/picnn_state_dict_best.pt
Epoch 161 | train_loss=3.1696e-02 | train_eval_loss=3.1626e-02 | val_loss=3.1307e-02 | | lr=1.00e-03
Saved best model to results/thesis_model_results/outputs/scaler_comparison_picnn/PICNN__mse__minmax__seed42/picnn_state_dict_best.pt
Epoch 162 | train_loss=3.1561e-02 | train_eval_loss=3.1491e-02 | val_loss=3.1173e-02 | | lr=1.00e-03
Saved best model to results/thesis_model_results/outputs/scaler_comparison_picnn/PICNN__mse__minmax__seed42/picnn_state_dict_best.pt
Epoch 163 | train_loss=3.1426e-02 | train_eval_loss=3.1355e-02 | val_loss=3.1039e-02 | | lr=1.00e-03
Saved best model to results/thesis_model_results/outputs/scaler_comparison_picnn/PICNN__mse__minmax__seed42/picnn_state_dict_best.pt
Epoch 164 | train_loss=3.1290e-02 | train_eval_loss=3.1219e-02 | val_loss=3.0906e-02 | | lr=1.00e-03
Saved best model to results/thesis_model_results/outputs/scaler_comparison_picnn/PICNN__mse__minmax__seed42/picnn_state_dict_best.pt
Epoch 165 | train_loss=3.1153e-02 | train_eval_loss=3.1081e-02 | val_loss=3.0771e-02 | | lr=1.00e-03
Saved best model to results/thesis_model_results/outputs/scaler_comparison_picnn/PICNN__mse__minmax__seed42/picnn_state_dict_best.pt
Epoch 166 | train_loss=3.1016e-02 | train_eval_loss=3.0944e-02 | val_loss=3.0637e-02 | | lr=1.00e-03
Saved best model to results/thesis_model_results/outputs/scaler_comparison_picnn/PICNN__mse__minmax__seed42/picnn_state_dict_best.pt
Epoch 167 | train_loss=3.0877e-02 | train_eval_loss=3.0805e-02 | val_loss=3.0499e-02 | | lr=1.00e-03
Saved best model to results/thesis_model_results/outputs/scaler_comparison_picnn/PICNN__mse__minmax__seed42/picnn_state_dict_best.pt
Epoch 168 | train_loss=3.0737e-02 | train_eval_loss=3.0665e-02 | val_loss=3.0362e-02 | | lr=1.00e-03
Saved best model to results/thesis_model_results/outputs/scaler_comparison_picnn/PICNN__mse__minmax__seed42/picnn_state_dict_best.pt
Epoch 169 | train_loss=3.0597e-02 | train_eval_loss=3.0524e-02 | val_loss=3.0224e-02 | | lr=1.00e-03
Saved best model to results/thesis_model_results/outputs/scaler_comparison_picnn/PICNN__mse__minmax__seed42/picnn_state_dict_best.pt
Epoch 170 | train_loss=3.0456e-02 | train_eval_loss=3.0381e-02 | val_loss=3.0085e-02 | | lr=1.00e-03
Saved best model to results/thesis_model_results/outputs/scaler_comparison_picnn/PICNN__mse__minmax__seed42/picnn_state_dict_best.pt
Epoch 171 | train_loss=3.0312e-02 | train_eval_loss=3.0237e-02 | val_loss=2.9944e-02 | | lr=1.00e-03
Saved best model to results/thesis_model_results/outputs/scaler_comparison_picnn/PICNN__mse__minmax__seed42/picnn_state_dict_best.pt
Epoch 172 | train_loss=3.0168e-02 | train_eval_loss=3.0091e-02 | val_loss=2.9800e-02 | | lr=1.00e-03
Saved best model to results/thesis_model_results/outputs/scaler_comparison_picnn/PICNN__mse__minmax__seed42/picnn_state_dict_best.pt
Epoch 173 | train_loss=3.0021e-02 | train_eval_loss=2.9944e-02 | val_loss=2.9655e-02 | | lr=1.00e-03
Saved best model to results/thesis_model_results/outputs/scaler_comparison_picnn/PICNN__mse__minmax__seed42/picnn_state_dict_best.pt
Epoch 174 | train_loss=2.9872e-02 | train_eval_loss=2.9794e-02 | val_loss=2.9508e-02 | | lr=1.00e-03
Saved best model to results/thesis_model_results/outputs/scaler_comparison_picnn/PICNN__mse__minmax__seed42/picnn_state_dict_best.pt
Epoch 175 | train_loss=2.9723e-02 | train_eval_loss=2.9642e-02 | val_loss=2.9361e-02 | | lr=1.00e-03
Saved best model to results/thesis_model_results/outputs/scaler_comparison_picnn/PICNN__mse__minmax__seed42/picnn_state_dict_best.pt
Epoch 176 | train_loss=2.9569e-02 | train_eval_loss=2.9488e-02 | val_loss=2.9207e-02 | | lr=1.00e-03
Saved best model to results/thesis_model_results/outputs/scaler_comparison_picnn/PICNN__mse__minmax__seed42/picnn_state_dict_best.pt
Epoch 177 | train_loss=2.9414e-02 | train_eval_loss=2.9331e-02 | val_loss=2.9054e-02 | | lr=1.00e-03
Saved best model to results/thesis_model_results/outputs/scaler_comparison_picnn/PICNN__mse__minmax__seed42/picnn_state_dict_best.pt
Epoch 178 | train_loss=2.9256e-02 | train_eval_loss=2.9172e-02 | val_loss=2.8897e-02 | | lr=1.00e-03
Saved best model to results/thesis_model_results/outputs/scaler_comparison_picnn/PICNN__mse__minmax__seed42/picnn_state_dict_best.pt
Epoch 179 | train_loss=2.9095e-02 | train_eval_loss=2.9010e-02 | val_loss=2.8738e-02 | | lr=1.00e-03
Saved best model to results/thesis_model_results/outputs/scaler_comparison_picnn/PICNN__mse__minmax__seed42/picnn_state_dict_best.pt
Epoch 180 | train_loss=2.8931e-02 | train_eval_loss=2.8844e-02 | val_loss=2.8576e-02 | | lr=1.00e-03
Saved best model to results/thesis_model_results/outputs/scaler_comparison_picnn/PICNN__mse__minmax__seed42/picnn_state_dict_best.pt
Epoch 181 | train_loss=2.8765e-02 | train_eval_loss=2.8677e-02 | val_loss=2.8410e-02 | | lr=1.00e-03
Saved best model to results/thesis_model_results/outputs/scaler_comparison_picnn/PICNN__mse__minmax__seed42/picnn_state_dict_best.pt
Epoch 182 | train_loss=2.8595e-02 | train_eval_loss=2.8505e-02 | val_loss=2.8244e-02 | | lr=1.00e-03
Saved best model to results/thesis_model_results/outputs/scaler_comparison_picnn/PICNN__mse__minmax__seed42/picnn_state_dict_best.pt
Epoch 183 | train_loss=2.8422e-02 | train_eval_loss=2.8330e-02 | val_loss=2.8071e-02 | | lr=1.00e-03
Saved best model to results/thesis_model_results/outputs/scaler_comparison_picnn/PICNN__mse__minmax__seed42/picnn_state_dict_best.pt
Epoch 184 | train_loss=2.8245e-02 | train_eval_loss=2.8151e-02 | val_loss=2.7896e-02 | | lr=1.00e-03
Saved best model to results/thesis_model_results/outputs/scaler_comparison_picnn/PICNN__mse__minmax__seed42/picnn_state_dict_best.pt
Epoch 185 | train_loss=2.8064e-02 | train_eval_loss=2.7969e-02 | val_loss=2.7717e-02 | | lr=1.00e-03
Saved best model to results/thesis_model_results/outputs/scaler_comparison_picnn/PICNN__mse__minmax__seed42/picnn_state_dict_best.pt
Epoch 186 | train_loss=2.7881e-02 | train_eval_loss=2.7783e-02 | val_loss=2.7535e-02 | | lr=1.00e-03
Saved best model to results/thesis_model_results/outputs/scaler_comparison_picnn/PICNN__mse__minmax__seed42/picnn_state_dict_best.pt
Epoch 187 | train_loss=2.7692e-02 | train_eval_loss=2.7593e-02 | val_loss=2.7348e-02 | | lr=1.00e-03
Saved best model to results/thesis_model_results/outputs/scaler_comparison_picnn/PICNN__mse__minmax__seed42/picnn_state_dict_best.pt
Epoch 188 | train_loss=2.7501e-02 | train_eval_loss=2.7399e-02 | val_loss=2.7158e-02 | | lr=1.00e-03
Saved best model to results/thesis_model_results/outputs/scaler_comparison_picnn/PICNN__mse__minmax__seed42/picnn_state_dict_best.pt
Epoch 189 | train_loss=2.7306e-02 | train_eval_loss=2.7202e-02 | val_loss=2.6963e-02 | | lr=1.00e-03
Saved best model to results/thesis_model_results/outputs/scaler_comparison_picnn/PICNN__mse__minmax__seed42/picnn_state_dict_best.pt
Epoch 190 | train_loss=2.7106e-02 | train_eval_loss=2.7000e-02 | val_loss=2.6767e-02 | | lr=1.00e-03
Saved best model to results/thesis_model_results/outputs/scaler_comparison_picnn/PICNN__mse__minmax__seed42/picnn_state_dict_best.pt
Epoch 191 | train_loss=2.6902e-02 | train_eval_loss=2.6794e-02 | val_loss=2.6565e-02 | | lr=1.00e-03
Saved best model to results/thesis_model_results/outputs/scaler_comparison_picnn/PICNN__mse__minmax__seed42/picnn_state_dict_best.pt
Epoch 192 | train_loss=2.6694e-02 | train_eval_loss=2.6584e-02 | val_loss=2.6358e-02 | | lr=1.00e-03
Saved best model to results/thesis_model_results/outputs/scaler_comparison_picnn/PICNN__mse__minmax__seed42/picnn_state_dict_best.pt
Epoch 193 | train_loss=2.6482e-02 | train_eval_loss=2.6370e-02 | val_loss=2.6147e-02 | | lr=1.00e-03
Saved best model to results/thesis_model_results/outputs/scaler_comparison_picnn/PICNN__mse__minmax__seed42/picnn_state_dict_best.pt
Epoch 194 | train_loss=2.6266e-02 | train_eval_loss=2.6152e-02 | val_loss=2.5931e-02 | | lr=1.00e-03
Saved best model to results/thesis_model_results/outputs/scaler_comparison_picnn/PICNN__mse__minmax__seed42/picnn_state_dict_best.pt
Epoch 195 | train_loss=2.6046e-02 | train_eval_loss=2.5929e-02 | val_loss=2.5716e-02 | | lr=1.00e-03
Saved best model to results/thesis_model_results/outputs/scaler_comparison_picnn/PICNN__mse__minmax__seed42/picnn_state_dict_best.pt
Epoch 196 | train_loss=2.5820e-02 | train_eval_loss=2.5701e-02 | val_loss=2.5491e-02 | | lr=1.00e-03
Saved best model to results/thesis_model_results/outputs/scaler_comparison_picnn/PICNN__mse__minmax__seed42/picnn_state_dict_best.pt
Epoch 197 | train_loss=2.5591e-02 | train_eval_loss=2.5469e-02 | val_loss=2.5263e-02 | | lr=1.00e-03
Saved best model to results/thesis_model_results/outputs/scaler_comparison_picnn/PICNN__mse__minmax__seed42/picnn_state_dict_best.pt
Epoch 198 | train_loss=2.5357e-02 | train_eval_loss=2.5233e-02 | val_loss=2.5032e-02 | | lr=1.00e-03
Saved best model to results/thesis_model_results/outputs/scaler_comparison_picnn/PICNN__mse__minmax__seed42/picnn_state_dict_best.pt
Epoch 199 | train_loss=2.5119e-02 | train_eval_loss=2.4993e-02 | val_loss=2.4795e-02 | | lr=1.00e-03
Saved best model to results/thesis_model_results/outputs/scaler_comparison_picnn/PICNN__mse__minmax__seed42/picnn_state_dict_best.pt
Epoch 200 | train_loss=2.4876e-02 | train_eval_loss=2.4748e-02 | val_loss=2.4556e-02 | | lr=1.00e-03
Saved best model to results/thesis_model_results/outputs/scaler_comparison_picnn/PICNN__mse__minmax__seed42/picnn_state_dict_best.pt
Saved training logs to results/thesis_model_results/outputs/scaler_comparison_picnn/PICNN__mse__minmax__seed42/training_summary.txt
Test RMSE(rocof_COI) = 0.2435 | norm: 0.1847 | real_diff: 0.1945
Test RMSE(dev_COI) = 0.4748 | norm: 0.1761 | real_diff: 0.3792
Test RMSE(Delta_P_IBR_1) = 0.9080 | norm: 0.1434 | real_diff: 0.7172
Test RMSE(Delta_P_IBR_2) = 1.1243 | norm: 0.1564 | real_diff: 0.9029
Test RMSE(Delta_P_IBR_3) = 0.7794 | norm: 0.1368 | real_diff: 0.6197
Test RMSE(Delta_P_IBR_4) = 1.2451 | norm: 0.1287 | real_diff: 0.9904
Saved RMSE results to results/thesis_model_results/outputs/scaler_comparison_picnn/PICNN__mse__minmax__seed42/rmse_results.txt
Saved detailed metrics to results/thesis_model_results/outputs/scaler_comparison_picnn/PICNN__mse__minmax__seed42/metrics_by_target.csv
Saved aggregate metrics to results/thesis_model_results/outputs/scaler_comparison_picnn/PICNN__mse__minmax__seed42/metrics_summary.json
Saved loss curves to results/thesis_model_results/outputs/scaler_comparison_picnn/PICNN__mse__minmax__seed42/loss_curve.png
Saved scatter plot results/thesis_model_results/outputs/scaler_comparison_picnn/PICNN__mse__minmax__seed42/scatter_rocof_COI.png
Saved scatter plot results/thesis_model_results/outputs/scaler_comparison_picnn/PICNN__mse__minmax__seed42/scatter_dev_COI.png
Saved scatter plot results/thesis_model_results/outputs/scaler_comparison_picnn/PICNN__mse__minmax__seed42/scatter_Delta_P_IBR_1.png
Saved scatter plot results/thesis_model_results/outputs/scaler_comparison_picnn/PICNN__mse__minmax__seed42/scatter_Delta_P_IBR_2.png
Saved scatter plot results/thesis_model_results/outputs/scaler_comparison_picnn/PICNN__mse__minmax__seed42/scatter_Delta_P_IBR_3.png
Saved scatter plot results/thesis_model_results/outputs/scaler_comparison_picnn/PICNN__mse__minmax__seed42/scatter_Delta_P_IBR_4.png
Saved model to results/thesis_model_results/outputs/scaler_comparison_picnn/PICNN__mse__minmax__seed42/picnn_state_dict.pt
Loss type: mse | weights=[]
Target stats (scaled):
train mean=[ 0.0666  0.1749  0.1162 -0.1741  0.1221 -0.1306]
train std=[1.0711 0.8668 0.9269 0.9601 0.6952 0.8191]
train q05=[-1.8294 -1.0335 -1.2875 -1.8478 -0.7409 -1.5616]
train q95=[1.9837 1.9208 1.5781 1.2775 1.408  1.1827]
val mean=[ 0.0534  0.164   0.1181 -0.1661  0.1298 -0.1245]
val std=[1.0539 0.8519 0.9124 0.9681 0.6846 0.8004]
val q05=[-1.8066 -1.0312 -1.2849 -1.8483 -0.7239 -1.5282]
val q95=[1.9467 1.9047 1.5882 1.2981 1.4026 1.1598]
val/train std ratio=[0.984  0.9828 0.9844 1.0084 0.9848 0.9772]
LR scheduler: ReduceLROnPlateau (factor=0.5, patience=8, min_lr=1e-07)
Epoch 001 | train_loss=9.4131e+10 | train_eval_loss=4.2429e+08 | val_loss=4.3508e+08 | | lr=1.00e-03
Saved best model to results/thesis_model_results/outputs/scaler_comparison_picnn/PICNN__mse__robust__seed42/picnn_state_dict_best.pt
Epoch 002 | train_loss=2.6028e+08 | train_eval_loss=1.6610e+08 | val_loss=1.7232e+08 | | lr=1.00e-03
Saved best model to results/thesis_model_results/outputs/scaler_comparison_picnn/PICNN__mse__robust__seed42/picnn_state_dict_best.pt
Epoch 003 | train_loss=1.2369e+08 | train_eval_loss=8.9139e+07 | val_loss=9.3138e+07 | | lr=1.00e-03
Saved best model to results/thesis_model_results/outputs/scaler_comparison_picnn/PICNN__mse__robust__seed42/picnn_state_dict_best.pt
Epoch 004 | train_loss=7.0300e+07 | train_eval_loss=5.3853e+07 | val_loss=5.6766e+07 | | lr=1.00e-03
Saved best model to results/thesis_model_results/outputs/scaler_comparison_picnn/PICNN__mse__robust__seed42/picnn_state_dict_best.pt
Epoch 005 | train_loss=4.3574e+07 | train_eval_loss=3.4272e+07 | val_loss=3.6446e+07 | | lr=1.00e-03
Saved best model to results/thesis_model_results/outputs/scaler_comparison_picnn/PICNN__mse__robust__seed42/picnn_state_dict_best.pt
Epoch 006 | train_loss=2.8685e+07 | train_eval_loss=2.3301e+07 | val_loss=2.5057e+07 | | lr=1.00e-03
Saved best model to results/thesis_model_results/outputs/scaler_comparison_picnn/PICNN__mse__robust__seed42/picnn_state_dict_best.pt
Epoch 007 | train_loss=1.9846e+07 | train_eval_loss=1.6605e+07 | val_loss=1.8096e+07 | | lr=1.00e-03
Saved best model to results/thesis_model_results/outputs/scaler_comparison_picnn/PICNN__mse__robust__seed42/picnn_state_dict_best.pt
Epoch 008 | train_loss=1.4250e+07 | train_eval_loss=1.2047e+07 | val_loss=1.3194e+07 | | lr=1.00e-03
Saved best model to results/thesis_model_results/outputs/scaler_comparison_picnn/PICNN__mse__robust__seed42/picnn_state_dict_best.pt
Epoch 009 | train_loss=1.0558e+07 | train_eval_loss=9.0617e+06 | val_loss=1.0103e+07 | | lr=1.00e-03
Saved best model to results/thesis_model_results/outputs/scaler_comparison_picnn/PICNN__mse__robust__seed42/picnn_state_dict_best.pt
Epoch 010 | train_loss=8.0098e+06 | train_eval_loss=6.9784e+06 | val_loss=7.8373e+06 | | lr=1.00e-03
Saved best model to results/thesis_model_results/outputs/scaler_comparison_picnn/PICNN__mse__robust__seed42/picnn_state_dict_best.pt
Epoch 011 | train_loss=6.2375e+06 | train_eval_loss=5.4388e+06 | val_loss=6.2085e+06 | | lr=1.00e-03
Saved best model to results/thesis_model_results/outputs/scaler_comparison_picnn/PICNN__mse__robust__seed42/picnn_state_dict_best.pt
Epoch 012 | train_loss=4.9150e+06 | train_eval_loss=4.3427e+06 | val_loss=5.0057e+06 | | lr=1.00e-03
Saved best model to results/thesis_model_results/outputs/scaler_comparison_picnn/PICNN__mse__robust__seed42/picnn_state_dict_best.pt
Epoch 013 | train_loss=3.9533e+06 | train_eval_loss=3.5173e+06 | val_loss=4.1151e+06 | | lr=1.00e-03
Saved best model to results/thesis_model_results/outputs/scaler_comparison_picnn/PICNN__mse__robust__seed42/picnn_state_dict_best.pt
Epoch 014 | train_loss=3.2246e+06 | train_eval_loss=2.8752e+06 | val_loss=3.4083e+06 | | lr=1.00e-03
Saved best model to results/thesis_model_results/outputs/scaler_comparison_picnn/PICNN__mse__robust__seed42/picnn_state_dict_best.pt
Epoch 015 | train_loss=2.6515e+06 | train_eval_loss=2.3895e+06 | val_loss=2.8670e+06 | | lr=1.00e-03
Saved best model to results/thesis_model_results/outputs/scaler_comparison_picnn/PICNN__mse__robust__seed42/picnn_state_dict_best.pt
Epoch 016 | train_loss=2.2052e+06 | train_eval_loss=1.9941e+06 | val_loss=2.4241e+06 | | lr=1.00e-03
Saved best model to results/thesis_model_results/outputs/scaler_comparison_picnn/PICNN__mse__robust__seed42/picnn_state_dict_best.pt
Epoch 017 | train_loss=1.8476e+06 | train_eval_loss=1.6765e+06 | val_loss=2.0685e+06 | | lr=1.00e-03
Saved best model to results/thesis_model_results/outputs/scaler_comparison_picnn/PICNN__mse__robust__seed42/picnn_state_dict_best.pt
Epoch 018 | train_loss=1.5629e+06 | train_eval_loss=1.4226e+06 | val_loss=1.7772e+06 | | lr=1.00e-03
Saved best model to results/thesis_model_results/outputs/scaler_comparison_picnn/PICNN__mse__robust__seed42/picnn_state_dict_best.pt
Epoch 019 | train_loss=1.3330e+06 | train_eval_loss=1.2149e+06 | val_loss=1.5415e+06 | | lr=1.00e-03
Saved best model to results/thesis_model_results/outputs/scaler_comparison_picnn/PICNN__mse__robust__seed42/picnn_state_dict_best.pt
Epoch 020 | train_loss=1.1426e+06 | train_eval_loss=1.0442e+06 | val_loss=1.3439e+06 | | lr=1.00e-03
Saved best model to results/thesis_model_results/outputs/scaler_comparison_picnn/PICNN__mse__robust__seed42/picnn_state_dict_best.pt
Epoch 021 | train_loss=9.8648e+05 | train_eval_loss=9.0404e+05 | val_loss=1.1828e+06 | | lr=1.00e-03
Saved best model to results/thesis_model_results/outputs/scaler_comparison_picnn/PICNN__mse__robust__seed42/picnn_state_dict_best.pt
Epoch 022 | train_loss=8.5558e+05 | train_eval_loss=7.8424e+05 | val_loss=1.0417e+06 | | lr=1.00e-03
Saved best model to results/thesis_model_results/outputs/scaler_comparison_picnn/PICNN__mse__robust__seed42/picnn_state_dict_best.pt
Epoch 023 | train_loss=7.4298e+05 | train_eval_loss=6.8529e+05 | val_loss=9.2268e+05 | | lr=1.00e-03
Saved best model to results/thesis_model_results/outputs/scaler_comparison_picnn/PICNN__mse__robust__seed42/picnn_state_dict_best.pt
Epoch 024 | train_loss=6.5051e+05 | train_eval_loss=6.0436e+05 | val_loss=8.2318e+05 | | lr=1.00e-03
Saved best model to results/thesis_model_results/outputs/scaler_comparison_picnn/PICNN__mse__robust__seed42/picnn_state_dict_best.pt
Epoch 025 | train_loss=5.7317e+05 | train_eval_loss=5.2731e+05 | val_loss=7.3315e+05 | | lr=1.00e-03
Saved best model to results/thesis_model_results/outputs/scaler_comparison_picnn/PICNN__mse__robust__seed42/picnn_state_dict_best.pt
Epoch 026 | train_loss=5.0210e+05 | train_eval_loss=4.6788e+05 | val_loss=6.5925e+05 | | lr=1.00e-03
Saved best model to results/thesis_model_results/outputs/scaler_comparison_picnn/PICNN__mse__robust__seed42/picnn_state_dict_best.pt
Epoch 027 | train_loss=4.4346e+05 | train_eval_loss=4.1164e+05 | val_loss=5.9684e+05 | | lr=1.00e-03
Saved best model to results/thesis_model_results/outputs/scaler_comparison_picnn/PICNN__mse__robust__seed42/picnn_state_dict_best.pt
Epoch 028 | train_loss=3.9339e+05 | train_eval_loss=3.6491e+05 | val_loss=5.3782e+05 | | lr=1.00e-03
Saved best model to results/thesis_model_results/outputs/scaler_comparison_picnn/PICNN__mse__robust__seed42/picnn_state_dict_best.pt
Epoch 029 | train_loss=3.4981e+05 | train_eval_loss=3.2531e+05 | val_loss=4.8775e+05 | | lr=1.00e-03
Saved best model to results/thesis_model_results/outputs/scaler_comparison_picnn/PICNN__mse__robust__seed42/picnn_state_dict_best.pt
Epoch 030 | train_loss=3.1263e+05 | train_eval_loss=2.8998e+05 | val_loss=4.4425e+05 | | lr=1.00e-03
Saved best model to results/thesis_model_results/outputs/scaler_comparison_picnn/PICNN__mse__robust__seed42/picnn_state_dict_best.pt
Epoch 031 | train_loss=2.7873e+05 | train_eval_loss=2.5928e+05 | val_loss=4.0518e+05 | | lr=1.00e-03
Saved best model to results/thesis_model_results/outputs/scaler_comparison_picnn/PICNN__mse__robust__seed42/picnn_state_dict_best.pt
Epoch 032 | train_loss=2.4941e+05 | train_eval_loss=2.3219e+05 | val_loss=3.7013e+05 | | lr=1.00e-03
Saved best model to results/thesis_model_results/outputs/scaler_comparison_picnn/PICNN__mse__robust__seed42/picnn_state_dict_best.pt
Epoch 033 | train_loss=2.2263e+05 | train_eval_loss=2.0974e+05 | val_loss=3.4308e+05 | | lr=1.00e-03
Saved best model to results/thesis_model_results/outputs/scaler_comparison_picnn/PICNN__mse__robust__seed42/picnn_state_dict_best.pt
Epoch 034 | train_loss=2.0213e+05 | train_eval_loss=1.8793e+05 | val_loss=3.1361e+05 | | lr=1.00e-03
Saved best model to results/thesis_model_results/outputs/scaler_comparison_picnn/PICNN__mse__robust__seed42/picnn_state_dict_best.pt
Epoch 035 | train_loss=1.8168e+05 | train_eval_loss=1.7011e+05 | val_loss=2.8979e+05 | | lr=1.00e-03
Saved best model to results/thesis_model_results/outputs/scaler_comparison_picnn/PICNN__mse__robust__seed42/picnn_state_dict_best.pt
Epoch 036 | train_loss=1.6451e+05 | train_eval_loss=1.5375e+05 | val_loss=2.6739e+05 | | lr=1.00e-03
Saved best model to results/thesis_model_results/outputs/scaler_comparison_picnn/PICNN__mse__robust__seed42/picnn_state_dict_best.pt
Epoch 037 | train_loss=1.4855e+05 | train_eval_loss=1.4146e+05 | val_loss=2.4860e+05 | | lr=1.00e-03
Saved best model to results/thesis_model_results/outputs/scaler_comparison_picnn/PICNN__mse__robust__seed42/picnn_state_dict_best.pt
Epoch 038 | train_loss=1.3608e+05 | train_eval_loss=1.2621e+05 | val_loss=2.2849e+05 | | lr=1.00e-03
Saved best model to results/thesis_model_results/outputs/scaler_comparison_picnn/PICNN__mse__robust__seed42/picnn_state_dict_best.pt
Epoch 039 | train_loss=1.2239e+05 | train_eval_loss=1.1479e+05 | val_loss=2.1407e+05 | | lr=1.00e-03
Saved best model to results/thesis_model_results/outputs/scaler_comparison_picnn/PICNN__mse__robust__seed42/picnn_state_dict_best.pt
Epoch 040 | train_loss=1.1137e+05 | train_eval_loss=1.0474e+05 | val_loss=2.0060e+05 | | lr=1.00e-03
Saved best model to results/thesis_model_results/outputs/scaler_comparison_picnn/PICNN__mse__robust__seed42/picnn_state_dict_best.pt
Epoch 041 | train_loss=1.0171e+05 | train_eval_loss=9.5069e+04 | val_loss=1.8624e+05 | | lr=1.00e-03
Saved best model to results/thesis_model_results/outputs/scaler_comparison_picnn/PICNN__mse__robust__seed42/picnn_state_dict_best.pt
Epoch 042 | train_loss=9.2751e+04 | train_eval_loss=8.6744e+04 | val_loss=1.7341e+05 | | lr=1.00e-03
Saved best model to results/thesis_model_results/outputs/scaler_comparison_picnn/PICNN__mse__robust__seed42/picnn_state_dict_best.pt
Epoch 043 | train_loss=8.4482e+04 | train_eval_loss=7.9617e+04 | val_loss=1.6257e+05 | | lr=1.00e-03
Saved best model to results/thesis_model_results/outputs/scaler_comparison_picnn/PICNN__mse__robust__seed42/picnn_state_dict_best.pt
Epoch 044 | train_loss=7.7408e+04 | train_eval_loss=7.2602e+04 | val_loss=1.5257e+05 | | lr=1.00e-03
Saved best model to results/thesis_model_results/outputs/scaler_comparison_picnn/PICNN__mse__robust__seed42/picnn_state_dict_best.pt
Epoch 045 | train_loss=7.0790e+04 | train_eval_loss=6.6486e+04 | val_loss=1.4380e+05 | | lr=1.00e-03
Saved best model to results/thesis_model_results/outputs/scaler_comparison_picnn/PICNN__mse__robust__seed42/picnn_state_dict_best.pt
Epoch 046 | train_loss=6.4789e+04 | train_eval_loss=6.0943e+04 | val_loss=1.3545e+05 | | lr=1.00e-03
Saved best model to results/thesis_model_results/outputs/scaler_comparison_picnn/PICNN__mse__robust__seed42/picnn_state_dict_best.pt
Epoch 047 | train_loss=5.9500e+04 | train_eval_loss=5.5867e+04 | val_loss=1.2700e+05 | | lr=1.00e-03
Saved best model to results/thesis_model_results/outputs/scaler_comparison_picnn/PICNN__mse__robust__seed42/picnn_state_dict_best.pt
Epoch 048 | train_loss=5.4624e+04 | train_eval_loss=5.1472e+04 | val_loss=1.2072e+05 | | lr=1.00e-03
Saved best model to results/thesis_model_results/outputs/scaler_comparison_picnn/PICNN__mse__robust__seed42/picnn_state_dict_best.pt
Epoch 049 | train_loss=5.0167e+04 | train_eval_loss=4.7314e+04 | val_loss=1.1293e+05 | | lr=1.00e-03
Saved best model to results/thesis_model_results/outputs/scaler_comparison_picnn/PICNN__mse__robust__seed42/picnn_state_dict_best.pt
Epoch 050 | train_loss=4.6281e+04 | train_eval_loss=4.3453e+04 | val_loss=1.0726e+05 | | lr=1.00e-03
Saved best model to results/thesis_model_results/outputs/scaler_comparison_picnn/PICNN__mse__robust__seed42/picnn_state_dict_best.pt
Epoch 051 | train_loss=4.2542e+04 | train_eval_loss=4.0055e+04 | val_loss=1.0093e+05 | | lr=1.00e-03
Saved best model to results/thesis_model_results/outputs/scaler_comparison_picnn/PICNN__mse__robust__seed42/picnn_state_dict_best.pt
Epoch 052 | train_loss=3.9115e+04 | train_eval_loss=3.7362e+04 | val_loss=9.7486e+04 | | lr=1.00e-03
Saved best model to results/thesis_model_results/outputs/scaler_comparison_picnn/PICNN__mse__robust__seed42/picnn_state_dict_best.pt
Epoch 053 | train_loss=3.6374e+04 | train_eval_loss=3.4201e+04 | val_loss=9.1119e+04 | | lr=1.00e-03
Saved best model to results/thesis_model_results/outputs/scaler_comparison_picnn/PICNN__mse__robust__seed42/picnn_state_dict_best.pt
Epoch 054 | train_loss=3.3538e+04 | train_eval_loss=3.1599e+04 | val_loss=8.6559e+04 | | lr=1.00e-03
Saved best model to results/thesis_model_results/outputs/scaler_comparison_picnn/PICNN__mse__robust__seed42/picnn_state_dict_best.pt
Epoch 055 | train_loss=3.1114e+04 | train_eval_loss=2.9262e+04 | val_loss=8.2719e+04 | | lr=1.00e-03
Saved best model to results/thesis_model_results/outputs/scaler_comparison_picnn/PICNN__mse__robust__seed42/picnn_state_dict_best.pt
Epoch 056 | train_loss=2.8663e+04 | train_eval_loss=2.7011e+04 | val_loss=7.7826e+04 | | lr=1.00e-03
Saved best model to results/thesis_model_results/outputs/scaler_comparison_picnn/PICNN__mse__robust__seed42/picnn_state_dict_best.pt
Epoch 057 | train_loss=2.6526e+04 | train_eval_loss=2.4984e+04 | val_loss=7.4183e+04 | | lr=1.00e-03
Saved best model to results/thesis_model_results/outputs/scaler_comparison_picnn/PICNN__mse__robust__seed42/picnn_state_dict_best.pt
Epoch 058 | train_loss=2.4581e+04 | train_eval_loss=2.3407e+04 | val_loss=7.2003e+04 | | lr=1.00e-03
Saved best model to results/thesis_model_results/outputs/scaler_comparison_picnn/PICNN__mse__robust__seed42/picnn_state_dict_best.pt
Epoch 059 | train_loss=2.2943e+04 | train_eval_loss=2.1497e+04 | val_loss=6.7989e+04 | | lr=1.00e-03
Saved best model to results/thesis_model_results/outputs/scaler_comparison_picnn/PICNN__mse__robust__seed42/picnn_state_dict_best.pt
Epoch 060 | train_loss=2.1090e+04 | train_eval_loss=2.0059e+04 | val_loss=6.5061e+04 | | lr=1.00e-03
Saved best model to results/thesis_model_results/outputs/scaler_comparison_picnn/PICNN__mse__robust__seed42/picnn_state_dict_best.pt
Epoch 061 | train_loss=1.9656e+04 | train_eval_loss=1.8534e+04 | val_loss=6.1557e+04 | | lr=1.00e-03
Saved best model to results/thesis_model_results/outputs/scaler_comparison_picnn/PICNN__mse__robust__seed42/picnn_state_dict_best.pt
Epoch 062 | train_loss=1.8259e+04 | train_eval_loss=1.7291e+04 | val_loss=5.9255e+04 | | lr=1.00e-03
Saved best model to results/thesis_model_results/outputs/scaler_comparison_picnn/PICNN__mse__robust__seed42/picnn_state_dict_best.pt
Epoch 063 | train_loss=1.7030e+04 | train_eval_loss=1.6127e+04 | val_loss=5.7155e+04 | | lr=1.00e-03
Saved best model to results/thesis_model_results/outputs/scaler_comparison_picnn/PICNN__mse__robust__seed42/picnn_state_dict_best.pt
Epoch 064 | train_loss=1.5794e+04 | train_eval_loss=1.4942e+04 | val_loss=5.4080e+04 | | lr=1.00e-03
Saved best model to results/thesis_model_results/outputs/scaler_comparison_picnn/PICNN__mse__robust__seed42/picnn_state_dict_best.pt
Epoch 065 | train_loss=1.4652e+04 | train_eval_loss=1.3888e+04 | val_loss=5.1984e+04 | | lr=1.00e-03
Saved best model to results/thesis_model_results/outputs/scaler_comparison_picnn/PICNN__mse__robust__seed42/picnn_state_dict_best.pt
Epoch 066 | train_loss=1.3645e+04 | train_eval_loss=1.2967e+04 | val_loss=4.9521e+04 | | lr=1.00e-03
Saved best model to results/thesis_model_results/outputs/scaler_comparison_picnn/PICNN__mse__robust__seed42/picnn_state_dict_best.pt
Epoch 067 | train_loss=1.2747e+04 | train_eval_loss=1.2037e+04 | val_loss=4.7489e+04 | | lr=1.00e-03
Saved best model to results/thesis_model_results/outputs/scaler_comparison_picnn/PICNN__mse__robust__seed42/picnn_state_dict_best.pt
Epoch 068 | train_loss=1.1821e+04 | train_eval_loss=1.1242e+04 | val_loss=4.5777e+04 | | lr=1.00e-03
Saved best model to results/thesis_model_results/outputs/scaler_comparison_picnn/PICNN__mse__robust__seed42/picnn_state_dict_best.pt
Epoch 069 | train_loss=1.1075e+04 | train_eval_loss=1.0513e+04 | val_loss=4.4413e+04 | | lr=1.00e-03
Saved best model to results/thesis_model_results/outputs/scaler_comparison_picnn/PICNN__mse__robust__seed42/picnn_state_dict_best.pt
Epoch 070 | train_loss=1.0301e+04 | train_eval_loss=9.8598e+03 | val_loss=4.2189e+04 | | lr=1.00e-03
Saved best model to results/thesis_model_results/outputs/scaler_comparison_picnn/PICNN__mse__robust__seed42/picnn_state_dict_best.pt
Epoch 071 | train_loss=9.6424e+03 | train_eval_loss=9.1809e+03 | val_loss=4.0898e+04 | | lr=1.00e-03
Saved best model to results/thesis_model_results/outputs/scaler_comparison_picnn/PICNN__mse__robust__seed42/picnn_state_dict_best.pt
Epoch 072 | train_loss=9.0165e+03 | train_eval_loss=8.5500e+03 | val_loss=3.9337e+04 | | lr=1.00e-03
Saved best model to results/thesis_model_results/outputs/scaler_comparison_picnn/PICNN__mse__robust__seed42/picnn_state_dict_best.pt
Epoch 073 | train_loss=8.4178e+03 | train_eval_loss=7.9973e+03 | val_loss=3.8141e+04 | | lr=1.00e-03
Saved best model to results/thesis_model_results/outputs/scaler_comparison_picnn/PICNN__mse__robust__seed42/picnn_state_dict_best.pt
Epoch 074 | train_loss=7.8869e+03 | train_eval_loss=7.4917e+03 | val_loss=3.6599e+04 | | lr=1.00e-03
Saved best model to results/thesis_model_results/outputs/scaler_comparison_picnn/PICNN__mse__robust__seed42/picnn_state_dict_best.pt
Epoch 075 | train_loss=7.3802e+03 | train_eval_loss=7.0111e+03 | val_loss=3.5367e+04 | | lr=1.00e-03
Saved best model to results/thesis_model_results/outputs/scaler_comparison_picnn/PICNN__mse__robust__seed42/picnn_state_dict_best.pt
Epoch 076 | train_loss=6.9145e+03 | train_eval_loss=6.5669e+03 | val_loss=3.4131e+04 | | lr=1.00e-03
Saved best model to results/thesis_model_results/outputs/scaler_comparison_picnn/PICNN__mse__robust__seed42/picnn_state_dict_best.pt
Epoch 077 | train_loss=6.4761e+03 | train_eval_loss=6.1524e+03 | val_loss=3.2912e+04 | | lr=1.00e-03
Saved best model to results/thesis_model_results/outputs/scaler_comparison_picnn/PICNN__mse__robust__seed42/picnn_state_dict_best.pt
Epoch 078 | train_loss=6.0482e+03 | train_eval_loss=5.7575e+03 | val_loss=3.1868e+04 | | lr=1.00e-03
Saved best model to results/thesis_model_results/outputs/scaler_comparison_picnn/PICNN__mse__robust__seed42/picnn_state_dict_best.pt
Epoch 079 | train_loss=5.6854e+03 | train_eval_loss=5.3981e+03 | val_loss=3.1072e+04 | | lr=1.00e-03
Saved best model to results/thesis_model_results/outputs/scaler_comparison_picnn/PICNN__mse__robust__seed42/picnn_state_dict_best.pt
Epoch 080 | train_loss=5.3229e+03 | train_eval_loss=5.0779e+03 | val_loss=3.0201e+04 | | lr=1.00e-03
Saved best model to results/thesis_model_results/outputs/scaler_comparison_picnn/PICNN__mse__robust__seed42/picnn_state_dict_best.pt
Epoch 081 | train_loss=5.0069e+03 | train_eval_loss=4.7674e+03 | val_loss=2.9261e+04 | | lr=1.00e-03
Saved best model to results/thesis_model_results/outputs/scaler_comparison_picnn/PICNN__mse__robust__seed42/picnn_state_dict_best.pt
Epoch 082 | train_loss=4.7051e+03 | train_eval_loss=4.4685e+03 | val_loss=2.8353e+04 | | lr=1.00e-03
Saved best model to results/thesis_model_results/outputs/scaler_comparison_picnn/PICNN__mse__robust__seed42/picnn_state_dict_best.pt
Epoch 083 | train_loss=4.4065e+03 | train_eval_loss=4.2068e+03 | val_loss=2.7465e+04 | | lr=1.00e-03
Saved best model to results/thesis_model_results/outputs/scaler_comparison_picnn/PICNN__mse__robust__seed42/picnn_state_dict_best.pt
Epoch 084 | train_loss=4.1350e+03 | train_eval_loss=3.9506e+03 | val_loss=2.6692e+04 | | lr=1.00e-03
Saved best model to results/thesis_model_results/outputs/scaler_comparison_picnn/PICNN__mse__robust__seed42/picnn_state_dict_best.pt
Epoch 085 | train_loss=3.8778e+03 | train_eval_loss=3.6999e+03 | val_loss=2.5729e+04 | | lr=1.00e-03
Saved best model to results/thesis_model_results/outputs/scaler_comparison_picnn/PICNN__mse__robust__seed42/picnn_state_dict_best.pt
Epoch 086 | train_loss=3.6437e+03 | train_eval_loss=3.4845e+03 | val_loss=2.4895e+04 | | lr=1.00e-03
Saved best model to results/thesis_model_results/outputs/scaler_comparison_picnn/PICNN__mse__robust__seed42/picnn_state_dict_best.pt
Epoch 087 | train_loss=3.4273e+03 | train_eval_loss=3.2840e+03 | val_loss=2.4245e+04 | | lr=1.00e-03
Saved best model to results/thesis_model_results/outputs/scaler_comparison_picnn/PICNN__mse__robust__seed42/picnn_state_dict_best.pt
Epoch 088 | train_loss=3.2214e+03 | train_eval_loss=3.0719e+03 | val_loss=2.3612e+04 | | lr=1.00e-03
Saved best model to results/thesis_model_results/outputs/scaler_comparison_picnn/PICNN__mse__robust__seed42/picnn_state_dict_best.pt
Epoch 089 | train_loss=3.0312e+03 | train_eval_loss=2.8867e+03 | val_loss=2.2990e+04 | | lr=1.00e-03
Saved best model to results/thesis_model_results/outputs/scaler_comparison_picnn/PICNN__mse__robust__seed42/picnn_state_dict_best.pt
Epoch 090 | train_loss=2.8578e+03 | train_eval_loss=2.7098e+03 | val_loss=2.2551e+04 | | lr=1.00e-03
Saved best model to results/thesis_model_results/outputs/scaler_comparison_picnn/PICNN__mse__robust__seed42/picnn_state_dict_best.pt
Epoch 091 | train_loss=2.6811e+03 | train_eval_loss=2.5554e+03 | val_loss=2.2052e+04 | | lr=1.00e-03
Saved best model to results/thesis_model_results/outputs/scaler_comparison_picnn/PICNN__mse__robust__seed42/picnn_state_dict_best.pt
Epoch 092 | train_loss=2.5210e+03 | train_eval_loss=2.3978e+03 | val_loss=2.1372e+04 | | lr=1.00e-03
Saved best model to results/thesis_model_results/outputs/scaler_comparison_picnn/PICNN__mse__robust__seed42/picnn_state_dict_best.pt
Epoch 093 | train_loss=2.3707e+03 | train_eval_loss=2.2577e+03 | val_loss=2.0855e+04 | | lr=1.00e-03
Saved best model to results/thesis_model_results/outputs/scaler_comparison_picnn/PICNN__mse__robust__seed42/picnn_state_dict_best.pt
Epoch 094 | train_loss=2.2236e+03 | train_eval_loss=2.1266e+03 | val_loss=2.0252e+04 | | lr=1.00e-03
Saved best model to results/thesis_model_results/outputs/scaler_comparison_picnn/PICNN__mse__robust__seed42/picnn_state_dict_best.pt
Epoch 095 | train_loss=2.0882e+03 | train_eval_loss=1.9963e+03 | val_loss=1.9598e+04 | | lr=1.00e-03
Saved best model to results/thesis_model_results/outputs/scaler_comparison_picnn/PICNN__mse__robust__seed42/picnn_state_dict_best.pt
Epoch 096 | train_loss=1.9640e+03 | train_eval_loss=1.8815e+03 | val_loss=1.9436e+04 | | lr=1.00e-03
Saved best model to results/thesis_model_results/outputs/scaler_comparison_picnn/PICNN__mse__robust__seed42/picnn_state_dict_best.pt
Epoch 097 | train_loss=1.8511e+03 | train_eval_loss=1.7606e+03 | val_loss=1.8837e+04 | | lr=1.00e-03
Saved best model to results/thesis_model_results/outputs/scaler_comparison_picnn/PICNN__mse__robust__seed42/picnn_state_dict_best.pt
Epoch 098 | train_loss=1.7350e+03 | train_eval_loss=1.6548e+03 | val_loss=1.8429e+04 | | lr=1.00e-03
Saved best model to results/thesis_model_results/outputs/scaler_comparison_picnn/PICNN__mse__robust__seed42/picnn_state_dict_best.pt
Epoch 099 | train_loss=1.6344e+03 | train_eval_loss=1.5579e+03 | val_loss=1.7979e+04 | | lr=1.00e-03
Saved best model to results/thesis_model_results/outputs/scaler_comparison_picnn/PICNN__mse__robust__seed42/picnn_state_dict_best.pt
Epoch 100 | train_loss=1.5379e+03 | train_eval_loss=1.4708e+03 | val_loss=1.7470e+04 | | lr=1.00e-03
Saved best model to results/thesis_model_results/outputs/scaler_comparison_picnn/PICNN__mse__robust__seed42/picnn_state_dict_best.pt
Epoch 101 | train_loss=1.4464e+03 | train_eval_loss=1.3771e+03 | val_loss=1.7243e+04 | | lr=1.00e-03
Saved best model to results/thesis_model_results/outputs/scaler_comparison_picnn/PICNN__mse__robust__seed42/picnn_state_dict_best.pt
Epoch 102 | train_loss=1.3588e+03 | train_eval_loss=1.3017e+03 | val_loss=1.6784e+04 | | lr=1.00e-03
Saved best model to results/thesis_model_results/outputs/scaler_comparison_picnn/PICNN__mse__robust__seed42/picnn_state_dict_best.pt
Epoch 103 | train_loss=1.2796e+03 | train_eval_loss=1.2259e+03 | val_loss=1.6474e+04 | | lr=1.00e-03
Saved best model to results/thesis_model_results/outputs/scaler_comparison_picnn/PICNN__mse__robust__seed42/picnn_state_dict_best.pt
Epoch 104 | train_loss=1.2071e+03 | train_eval_loss=1.1508e+03 | val_loss=1.6114e+04 | | lr=1.00e-03
Saved best model to results/thesis_model_results/outputs/scaler_comparison_picnn/PICNN__mse__robust__seed42/picnn_state_dict_best.pt
Epoch 105 | train_loss=1.1319e+03 | train_eval_loss=1.0832e+03 | val_loss=1.5801e+04 | | lr=1.00e-03
Saved best model to results/thesis_model_results/outputs/scaler_comparison_picnn/PICNN__mse__robust__seed42/picnn_state_dict_best.pt
Epoch 106 | train_loss=1.0662e+03 | train_eval_loss=1.0142e+03 | val_loss=1.5439e+04 | | lr=1.00e-03
Saved best model to results/thesis_model_results/outputs/scaler_comparison_picnn/PICNN__mse__robust__seed42/picnn_state_dict_best.pt
Epoch 107 | train_loss=1.0028e+03 | train_eval_loss=9.5827e+02 | val_loss=1.5209e+04 | | lr=1.00e-03
Saved best model to results/thesis_model_results/outputs/scaler_comparison_picnn/PICNN__mse__robust__seed42/picnn_state_dict_best.pt
Epoch 108 | train_loss=9.4309e+02 | train_eval_loss=9.0235e+02 | val_loss=1.4881e+04 | | lr=1.00e-03
Saved best model to results/thesis_model_results/outputs/scaler_comparison_picnn/PICNN__mse__robust__seed42/picnn_state_dict_best.pt
Epoch 109 | train_loss=8.9026e+02 | train_eval_loss=8.4795e+02 | val_loss=1.4511e+04 | | lr=1.00e-03
Saved best model to results/thesis_model_results/outputs/scaler_comparison_picnn/PICNN__mse__robust__seed42/picnn_state_dict_best.pt
Epoch 110 | train_loss=8.3754e+02 | train_eval_loss=7.9850e+02 | val_loss=1.4345e+04 | | lr=1.00e-03
Saved best model to results/thesis_model_results/outputs/scaler_comparison_picnn/PICNN__mse__robust__seed42/picnn_state_dict_best.pt
Epoch 111 | train_loss=7.8763e+02 | train_eval_loss=7.5281e+02 | val_loss=1.4133e+04 | | lr=1.00e-03
Saved best model to results/thesis_model_results/outputs/scaler_comparison_picnn/PICNN__mse__robust__seed42/picnn_state_dict_best.pt
Epoch 112 | train_loss=7.4248e+02 | train_eval_loss=7.0708e+02 | val_loss=1.3766e+04 | | lr=1.00e-03
Saved best model to results/thesis_model_results/outputs/scaler_comparison_picnn/PICNN__mse__robust__seed42/picnn_state_dict_best.pt
Epoch 113 | train_loss=6.9922e+02 | train_eval_loss=6.6747e+02 | val_loss=1.3508e+04 | | lr=1.00e-03
Saved best model to results/thesis_model_results/outputs/scaler_comparison_picnn/PICNN__mse__robust__seed42/picnn_state_dict_best.pt
Epoch 114 | train_loss=6.5454e+02 | train_eval_loss=6.2459e+02 | val_loss=1.3312e+04 | | lr=1.00e-03
Saved best model to results/thesis_model_results/outputs/scaler_comparison_picnn/PICNN__mse__robust__seed42/picnn_state_dict_best.pt
Epoch 115 | train_loss=6.1376e+02 | train_eval_loss=5.8663e+02 | val_loss=1.3033e+04 | | lr=1.00e-03
Saved best model to results/thesis_model_results/outputs/scaler_comparison_picnn/PICNN__mse__robust__seed42/picnn_state_dict_best.pt
Epoch 116 | train_loss=5.7763e+02 | train_eval_loss=5.5298e+02 | val_loss=1.2737e+04 | | lr=1.00e-03
Saved best model to results/thesis_model_results/outputs/scaler_comparison_picnn/PICNN__mse__robust__seed42/picnn_state_dict_best.pt
Epoch 117 | train_loss=5.4418e+02 | train_eval_loss=5.2090e+02 | val_loss=1.2658e+04 | | lr=1.00e-03
Saved best model to results/thesis_model_results/outputs/scaler_comparison_picnn/PICNN__mse__robust__seed42/picnn_state_dict_best.pt
Epoch 118 | train_loss=5.1122e+02 | train_eval_loss=4.8687e+02 | val_loss=1.2345e+04 | | lr=1.00e-03
Saved best model to results/thesis_model_results/outputs/scaler_comparison_picnn/PICNN__mse__robust__seed42/picnn_state_dict_best.pt
Epoch 119 | train_loss=4.8040e+02 | train_eval_loss=4.5796e+02 | val_loss=1.2135e+04 | | lr=1.00e-03
Saved best model to results/thesis_model_results/outputs/scaler_comparison_picnn/PICNN__mse__robust__seed42/picnn_state_dict_best.pt
Epoch 120 | train_loss=4.5167e+02 | train_eval_loss=4.3268e+02 | val_loss=1.1982e+04 | | lr=1.00e-03
Saved best model to results/thesis_model_results/outputs/scaler_comparison_picnn/PICNN__mse__robust__seed42/picnn_state_dict_best.pt
Epoch 121 | train_loss=4.2535e+02 | train_eval_loss=4.0502e+02 | val_loss=1.1758e+04 | | lr=1.00e-03
Saved best model to results/thesis_model_results/outputs/scaler_comparison_picnn/PICNN__mse__robust__seed42/picnn_state_dict_best.pt
Epoch 122 | train_loss=3.9952e+02 | train_eval_loss=3.8275e+02 | val_loss=1.1635e+04 | | lr=1.00e-03
Saved best model to results/thesis_model_results/outputs/scaler_comparison_picnn/PICNN__mse__robust__seed42/picnn_state_dict_best.pt
Epoch 123 | train_loss=3.7575e+02 | train_eval_loss=3.5947e+02 | val_loss=1.1399e+04 | | lr=1.00e-03
Saved best model to results/thesis_model_results/outputs/scaler_comparison_picnn/PICNN__mse__robust__seed42/picnn_state_dict_best.pt
Epoch 124 | train_loss=3.5393e+02 | train_eval_loss=3.3758e+02 | val_loss=1.1200e+04 | | lr=1.00e-03
Saved best model to results/thesis_model_results/outputs/scaler_comparison_picnn/PICNN__mse__robust__seed42/picnn_state_dict_best.pt
Epoch 125 | train_loss=3.3216e+02 | train_eval_loss=3.1828e+02 | val_loss=1.1099e+04 | | lr=1.00e-03
Saved best model to results/thesis_model_results/outputs/scaler_comparison_picnn/PICNN__mse__robust__seed42/picnn_state_dict_best.pt
Epoch 126 | train_loss=3.1232e+02 | train_eval_loss=2.9753e+02 | val_loss=1.0915e+04 | | lr=1.00e-03
Saved best model to results/thesis_model_results/outputs/scaler_comparison_picnn/PICNN__mse__robust__seed42/picnn_state_dict_best.pt
Epoch 127 | train_loss=2.9368e+02 | train_eval_loss=2.8173e+02 | val_loss=1.0760e+04 | | lr=1.00e-03
Saved best model to results/thesis_model_results/outputs/scaler_comparison_picnn/PICNN__mse__robust__seed42/picnn_state_dict_best.pt
Epoch 128 | train_loss=2.7569e+02 | train_eval_loss=2.6237e+02 | val_loss=1.0625e+04 | | lr=1.00e-03
Saved best model to results/thesis_model_results/outputs/scaler_comparison_picnn/PICNN__mse__robust__seed42/picnn_state_dict_best.pt
Epoch 129 | train_loss=2.5859e+02 | train_eval_loss=2.4840e+02 | val_loss=1.0444e+04 | | lr=1.00e-03
Saved best model to results/thesis_model_results/outputs/scaler_comparison_picnn/PICNN__mse__robust__seed42/picnn_state_dict_best.pt
Epoch 130 | train_loss=2.4429e+02 | train_eval_loss=2.3230e+02 | val_loss=1.0306e+04 | | lr=1.00e-03
Saved best model to results/thesis_model_results/outputs/scaler_comparison_picnn/PICNN__mse__robust__seed42/picnn_state_dict_best.pt
Epoch 131 | train_loss=2.2931e+02 | train_eval_loss=2.1930e+02 | val_loss=1.0158e+04 | | lr=1.00e-03
Saved best model to results/thesis_model_results/outputs/scaler_comparison_picnn/PICNN__mse__robust__seed42/picnn_state_dict_best.pt
Epoch 132 | train_loss=2.1605e+02 | train_eval_loss=2.0556e+02 | val_loss=1.0016e+04 | | lr=1.00e-03
Saved best model to results/thesis_model_results/outputs/scaler_comparison_picnn/PICNN__mse__robust__seed42/picnn_state_dict_best.pt
Epoch 133 | train_loss=2.0315e+02 | train_eval_loss=1.9471e+02 | val_loss=9.8702e+03 | | lr=1.00e-03
Saved best model to results/thesis_model_results/outputs/scaler_comparison_picnn/PICNN__mse__robust__seed42/picnn_state_dict_best.pt
Epoch 134 | train_loss=1.9092e+02 | train_eval_loss=1.8308e+02 | val_loss=9.7912e+03 | | lr=1.00e-03
Saved best model to results/thesis_model_results/outputs/scaler_comparison_picnn/PICNN__mse__robust__seed42/picnn_state_dict_best.pt
Epoch 135 | train_loss=1.7958e+02 | train_eval_loss=1.7246e+02 | val_loss=9.6557e+03 | | lr=1.00e-03
Saved best model to results/thesis_model_results/outputs/scaler_comparison_picnn/PICNN__mse__robust__seed42/picnn_state_dict_best.pt
Epoch 136 | train_loss=1.6939e+02 | train_eval_loss=1.6150e+02 | val_loss=9.4637e+03 | | lr=1.00e-03
Saved best model to results/thesis_model_results/outputs/scaler_comparison_picnn/PICNN__mse__robust__seed42/picnn_state_dict_best.pt
Epoch 137 | train_loss=1.5885e+02 | train_eval_loss=1.5173e+02 | val_loss=9.3982e+03 | | lr=1.00e-03
Saved best model to results/thesis_model_results/outputs/scaler_comparison_picnn/PICNN__mse__robust__seed42/picnn_state_dict_best.pt
Epoch 138 | train_loss=1.4967e+02 | train_eval_loss=1.4288e+02 | val_loss=9.3113e+03 | | lr=1.00e-03
Saved best model to results/thesis_model_results/outputs/scaler_comparison_picnn/PICNN__mse__robust__seed42/picnn_state_dict_best.pt
Epoch 139 | train_loss=1.4085e+02 | train_eval_loss=1.3416e+02 | val_loss=9.1965e+03 | | lr=1.00e-03
Saved best model to results/thesis_model_results/outputs/scaler_comparison_picnn/PICNN__mse__robust__seed42/picnn_state_dict_best.pt
Epoch 140 | train_loss=1.3262e+02 | train_eval_loss=1.2643e+02 | val_loss=9.0961e+03 | | lr=1.00e-03
Saved best model to results/thesis_model_results/outputs/scaler_comparison_picnn/PICNN__mse__robust__seed42/picnn_state_dict_best.pt
Epoch 141 | train_loss=1.2491e+02 | train_eval_loss=1.1900e+02 | val_loss=8.9537e+03 | | lr=1.00e-03
Saved best model to results/thesis_model_results/outputs/scaler_comparison_picnn/PICNN__mse__robust__seed42/picnn_state_dict_best.pt
Epoch 142 | train_loss=1.1772e+02 | train_eval_loss=1.1209e+02 | val_loss=8.8912e+03 | | lr=1.00e-03
Saved best model to results/thesis_model_results/outputs/scaler_comparison_picnn/PICNN__mse__robust__seed42/picnn_state_dict_best.pt
Epoch 143 | train_loss=1.1068e+02 | train_eval_loss=1.0549e+02 | val_loss=8.7645e+03 | | lr=1.00e-03
Saved best model to results/thesis_model_results/outputs/scaler_comparison_picnn/PICNN__mse__robust__seed42/picnn_state_dict_best.pt
Epoch 144 | train_loss=1.0392e+02 | train_eval_loss=9.9244e+01 | val_loss=8.6883e+03 | | lr=1.00e-03
Saved best model to results/thesis_model_results/outputs/scaler_comparison_picnn/PICNN__mse__robust__seed42/picnn_state_dict_best.pt
Epoch 145 | train_loss=9.7759e+01 | train_eval_loss=9.3302e+01 | val_loss=8.5894e+03 | | lr=1.00e-03
Saved best model to results/thesis_model_results/outputs/scaler_comparison_picnn/PICNN__mse__robust__seed42/picnn_state_dict_best.pt
Epoch 146 | train_loss=9.2013e+01 | train_eval_loss=8.7602e+01 | val_loss=8.5054e+03 | | lr=1.00e-03
Saved best model to results/thesis_model_results/outputs/scaler_comparison_picnn/PICNN__mse__robust__seed42/picnn_state_dict_best.pt
Epoch 147 | train_loss=8.6571e+01 | train_eval_loss=8.2595e+01 | val_loss=8.3998e+03 | | lr=1.00e-03
Saved best model to results/thesis_model_results/outputs/scaler_comparison_picnn/PICNN__mse__robust__seed42/picnn_state_dict_best.pt
Epoch 148 | train_loss=8.1590e+01 | train_eval_loss=7.8050e+01 | val_loss=8.3158e+03 | | lr=1.00e-03
Saved best model to results/thesis_model_results/outputs/scaler_comparison_picnn/PICNN__mse__robust__seed42/picnn_state_dict_best.pt
Epoch 149 | train_loss=7.6728e+01 | train_eval_loss=7.3198e+01 | val_loss=8.2405e+03 | | lr=1.00e-03
Saved best model to results/thesis_model_results/outputs/scaler_comparison_picnn/PICNN__mse__robust__seed42/picnn_state_dict_best.pt
Epoch 150 | train_loss=7.2158e+01 | train_eval_loss=6.9027e+01 | val_loss=8.1793e+03 | | lr=1.00e-03
Saved best model to results/thesis_model_results/outputs/scaler_comparison_picnn/PICNN__mse__robust__seed42/picnn_state_dict_best.pt
Epoch 151 | train_loss=6.8172e+01 | train_eval_loss=6.4706e+01 | val_loss=8.0568e+03 | | lr=1.00e-03
Saved best model to results/thesis_model_results/outputs/scaler_comparison_picnn/PICNN__mse__robust__seed42/picnn_state_dict_best.pt
Epoch 152 | train_loss=6.3993e+01 | train_eval_loss=6.1002e+01 | val_loss=8.0183e+03 | | lr=1.00e-03
Saved best model to results/thesis_model_results/outputs/scaler_comparison_picnn/PICNN__mse__robust__seed42/picnn_state_dict_best.pt
Epoch 153 | train_loss=6.0262e+01 | train_eval_loss=5.7493e+01 | val_loss=7.9397e+03 | | lr=1.00e-03
Saved best model to results/thesis_model_results/outputs/scaler_comparison_picnn/PICNN__mse__robust__seed42/picnn_state_dict_best.pt
Epoch 154 | train_loss=5.6745e+01 | train_eval_loss=5.4170e+01 | val_loss=7.8651e+03 | | lr=1.00e-03
Saved best model to results/thesis_model_results/outputs/scaler_comparison_picnn/PICNN__mse__robust__seed42/picnn_state_dict_best.pt
Epoch 155 | train_loss=5.3392e+01 | train_eval_loss=5.1147e+01 | val_loss=7.8023e+03 | | lr=1.00e-03
Saved best model to results/thesis_model_results/outputs/scaler_comparison_picnn/PICNN__mse__robust__seed42/picnn_state_dict_best.pt
Epoch 156 | train_loss=5.0311e+01 | train_eval_loss=4.7972e+01 | val_loss=7.7433e+03 | | lr=1.00e-03
Saved best model to results/thesis_model_results/outputs/scaler_comparison_picnn/PICNN__mse__robust__seed42/picnn_state_dict_best.pt
Epoch 157 | train_loss=4.7304e+01 | train_eval_loss=4.5268e+01 | val_loss=7.6477e+03 | | lr=1.00e-03
Saved best model to results/thesis_model_results/outputs/scaler_comparison_picnn/PICNN__mse__robust__seed42/picnn_state_dict_best.pt
Epoch 158 | train_loss=4.4562e+01 | train_eval_loss=4.2426e+01 | val_loss=7.5947e+03 | | lr=1.00e-03
Saved best model to results/thesis_model_results/outputs/scaler_comparison_picnn/PICNN__mse__robust__seed42/picnn_state_dict_best.pt
Epoch 159 | train_loss=4.1906e+01 | train_eval_loss=3.9936e+01 | val_loss=7.5437e+03 | | lr=1.00e-03
Saved best model to results/thesis_model_results/outputs/scaler_comparison_picnn/PICNN__mse__robust__seed42/picnn_state_dict_best.pt
Epoch 160 | train_loss=3.9435e+01 | train_eval_loss=3.7685e+01 | val_loss=7.4671e+03 | | lr=1.00e-03
Saved best model to results/thesis_model_results/outputs/scaler_comparison_picnn/PICNN__mse__robust__seed42/picnn_state_dict_best.pt
Epoch 161 | train_loss=3.7133e+01 | train_eval_loss=3.5560e+01 | val_loss=7.4166e+03 | | lr=1.00e-03
Saved best model to results/thesis_model_results/outputs/scaler_comparison_picnn/PICNN__mse__robust__seed42/picnn_state_dict_best.pt
Epoch 162 | train_loss=3.4960e+01 | train_eval_loss=3.3350e+01 | val_loss=7.3338e+03 | | lr=1.00e-03
Saved best model to results/thesis_model_results/outputs/scaler_comparison_picnn/PICNN__mse__robust__seed42/picnn_state_dict_best.pt
Epoch 163 | train_loss=3.2900e+01 | train_eval_loss=3.1480e+01 | val_loss=7.2999e+03 | | lr=1.00e-03
Saved best model to results/thesis_model_results/outputs/scaler_comparison_picnn/PICNN__mse__robust__seed42/picnn_state_dict_best.pt
Epoch 164 | train_loss=3.0979e+01 | train_eval_loss=2.9503e+01 | val_loss=7.2463e+03 | | lr=1.00e-03
Saved best model to results/thesis_model_results/outputs/scaler_comparison_picnn/PICNN__mse__robust__seed42/picnn_state_dict_best.pt
Epoch 165 | train_loss=2.9101e+01 | train_eval_loss=2.7947e+01 | val_loss=7.1850e+03 | | lr=1.00e-03
Saved best model to results/thesis_model_results/outputs/scaler_comparison_picnn/PICNN__mse__robust__seed42/picnn_state_dict_best.pt
Epoch 166 | train_loss=2.7436e+01 | train_eval_loss=2.6160e+01 | val_loss=7.1508e+03 | | lr=1.00e-03
Saved best model to results/thesis_model_results/outputs/scaler_comparison_picnn/PICNN__mse__robust__seed42/picnn_state_dict_best.pt
Epoch 167 | train_loss=2.5790e+01 | train_eval_loss=2.4617e+01 | val_loss=7.0935e+03 | | lr=1.00e-03
Saved best model to results/thesis_model_results/outputs/scaler_comparison_picnn/PICNN__mse__robust__seed42/picnn_state_dict_best.pt
Epoch 168 | train_loss=2.4276e+01 | train_eval_loss=2.3209e+01 | val_loss=7.0485e+03 | | lr=1.00e-03
Saved best model to results/thesis_model_results/outputs/scaler_comparison_picnn/PICNN__mse__robust__seed42/picnn_state_dict_best.pt
Epoch 169 | train_loss=2.2884e+01 | train_eval_loss=2.1847e+01 | val_loss=6.9998e+03 | | lr=1.00e-03
Saved best model to results/thesis_model_results/outputs/scaler_comparison_picnn/PICNN__mse__robust__seed42/picnn_state_dict_best.pt
Epoch 170 | train_loss=2.1562e+01 | train_eval_loss=2.0556e+01 | val_loss=6.9671e+03 | | lr=1.00e-03
Saved best model to results/thesis_model_results/outputs/scaler_comparison_picnn/PICNN__mse__robust__seed42/picnn_state_dict_best.pt
Epoch 171 | train_loss=2.0285e+01 | train_eval_loss=1.9411e+01 | val_loss=6.8892e+03 | | lr=1.00e-03
Saved best model to results/thesis_model_results/outputs/scaler_comparison_picnn/PICNN__mse__robust__seed42/picnn_state_dict_best.pt
Epoch 172 | train_loss=1.8986e+01 | train_eval_loss=1.8060e+01 | val_loss=6.8585e+03 | | lr=1.00e-03
Saved best model to results/thesis_model_results/outputs/scaler_comparison_picnn/PICNN__mse__robust__seed42/picnn_state_dict_best.pt
Epoch 173 | train_loss=1.7794e+01 | train_eval_loss=1.6945e+01 | val_loss=6.8136e+03 | | lr=1.00e-03
Saved best model to results/thesis_model_results/outputs/scaler_comparison_picnn/PICNN__mse__robust__seed42/picnn_state_dict_best.pt
Epoch 174 | train_loss=1.6756e+01 | train_eval_loss=1.6108e+01 | val_loss=6.7779e+03 | | lr=1.00e-03
Saved best model to results/thesis_model_results/outputs/scaler_comparison_picnn/PICNN__mse__robust__seed42/picnn_state_dict_best.pt
Epoch 175 | train_loss=1.5761e+01 | train_eval_loss=1.5015e+01 | val_loss=6.7362e+03 | | lr=1.00e-03
Saved best model to results/thesis_model_results/outputs/scaler_comparison_picnn/PICNN__mse__robust__seed42/picnn_state_dict_best.pt
Epoch 176 | train_loss=1.4831e+01 | train_eval_loss=1.4126e+01 | val_loss=6.6957e+03 | | lr=1.00e-03
Saved best model to results/thesis_model_results/outputs/scaler_comparison_picnn/PICNN__mse__robust__seed42/picnn_state_dict_best.pt
Epoch 177 | train_loss=1.3949e+01 | train_eval_loss=1.3376e+01 | val_loss=6.6597e+03 | | lr=1.00e-03
Saved best model to results/thesis_model_results/outputs/scaler_comparison_picnn/PICNN__mse__robust__seed42/picnn_state_dict_best.pt
Epoch 178 | train_loss=1.3155e+01 | train_eval_loss=1.2598e+01 | val_loss=6.6329e+03 | | lr=1.00e-03
Saved best model to results/thesis_model_results/outputs/scaler_comparison_picnn/PICNN__mse__robust__seed42/picnn_state_dict_best.pt
Epoch 179 | train_loss=1.2371e+01 | train_eval_loss=1.1813e+01 | val_loss=6.5998e+03 | | lr=1.00e-03
Saved best model to results/thesis_model_results/outputs/scaler_comparison_picnn/PICNN__mse__robust__seed42/picnn_state_dict_best.pt
Epoch 180 | train_loss=1.1631e+01 | train_eval_loss=1.1094e+01 | val_loss=6.5562e+03 | | lr=1.00e-03
Saved best model to results/thesis_model_results/outputs/scaler_comparison_picnn/PICNN__mse__robust__seed42/picnn_state_dict_best.pt
Epoch 181 | train_loss=1.0966e+01 | train_eval_loss=1.0435e+01 | val_loss=6.5170e+03 | | lr=1.00e-03
Saved best model to results/thesis_model_results/outputs/scaler_comparison_picnn/PICNN__mse__robust__seed42/picnn_state_dict_best.pt
Epoch 182 | train_loss=1.0312e+01 | train_eval_loss=9.8645e+00 | val_loss=6.4911e+03 | | lr=1.00e-03
Saved best model to results/thesis_model_results/outputs/scaler_comparison_picnn/PICNN__mse__robust__seed42/picnn_state_dict_best.pt
Epoch 183 | train_loss=9.7252e+00 | train_eval_loss=9.2954e+00 | val_loss=6.4597e+03 | | lr=1.00e-03
Saved best model to results/thesis_model_results/outputs/scaler_comparison_picnn/PICNN__mse__robust__seed42/picnn_state_dict_best.pt
Epoch 184 | train_loss=9.1582e+00 | train_eval_loss=8.7909e+00 | val_loss=6.4191e+03 | | lr=1.00e-03
Saved best model to results/thesis_model_results/outputs/scaler_comparison_picnn/PICNN__mse__robust__seed42/picnn_state_dict_best.pt
Epoch 185 | train_loss=8.6507e+00 | train_eval_loss=8.2447e+00 | val_loss=6.3919e+03 | | lr=1.00e-03
Saved best model to results/thesis_model_results/outputs/scaler_comparison_picnn/PICNN__mse__robust__seed42/picnn_state_dict_best.pt
Epoch 186 | train_loss=8.1191e+00 | train_eval_loss=7.7758e+00 | val_loss=6.3694e+03 | | lr=1.00e-03
Saved best model to results/thesis_model_results/outputs/scaler_comparison_picnn/PICNN__mse__robust__seed42/picnn_state_dict_best.pt
Epoch 187 | train_loss=7.6569e+00 | train_eval_loss=7.3281e+00 | val_loss=6.3343e+03 | | lr=1.00e-03
Saved best model to results/thesis_model_results/outputs/scaler_comparison_picnn/PICNN__mse__robust__seed42/picnn_state_dict_best.pt
Epoch 188 | train_loss=7.2398e+00 | train_eval_loss=6.9273e+00 | val_loss=6.3131e+03 | | lr=1.00e-03
Saved best model to results/thesis_model_results/outputs/scaler_comparison_picnn/PICNN__mse__robust__seed42/picnn_state_dict_best.pt
Epoch 189 | train_loss=6.8249e+00 | train_eval_loss=6.5260e+00 | val_loss=6.2774e+03 | | lr=1.00e-03
Saved best model to results/thesis_model_results/outputs/scaler_comparison_picnn/PICNN__mse__robust__seed42/picnn_state_dict_best.pt
Epoch 190 | train_loss=6.4522e+00 | train_eval_loss=6.1670e+00 | val_loss=6.2545e+03 | | lr=1.00e-03
Saved best model to results/thesis_model_results/outputs/scaler_comparison_picnn/PICNN__mse__robust__seed42/picnn_state_dict_best.pt
Epoch 191 | train_loss=6.0977e+00 | train_eval_loss=5.8199e+00 | val_loss=6.2242e+03 | | lr=1.00e-03
Saved best model to results/thesis_model_results/outputs/scaler_comparison_picnn/PICNN__mse__robust__seed42/picnn_state_dict_best.pt
Epoch 192 | train_loss=5.7603e+00 | train_eval_loss=5.5033e+00 | val_loss=6.1949e+03 | | lr=1.00e-03
Saved best model to results/thesis_model_results/outputs/scaler_comparison_picnn/PICNN__mse__robust__seed42/picnn_state_dict_best.pt
Epoch 193 | train_loss=5.4407e+00 | train_eval_loss=5.2280e+00 | val_loss=6.1706e+03 | | lr=1.00e-03
Saved best model to results/thesis_model_results/outputs/scaler_comparison_picnn/PICNN__mse__robust__seed42/picnn_state_dict_best.pt
Epoch 194 | train_loss=5.1426e+00 | train_eval_loss=4.9484e+00 | val_loss=6.1520e+03 | | lr=1.00e-03
Saved best model to results/thesis_model_results/outputs/scaler_comparison_picnn/PICNN__mse__robust__seed42/picnn_state_dict_best.pt
Epoch 195 | train_loss=4.8546e+00 | train_eval_loss=4.6520e+00 | val_loss=6.1215e+03 | | lr=1.00e-03
Saved best model to results/thesis_model_results/outputs/scaler_comparison_picnn/PICNN__mse__robust__seed42/picnn_state_dict_best.pt
Epoch 196 | train_loss=4.5794e+00 | train_eval_loss=4.3988e+00 | val_loss=6.0954e+03 | | lr=1.00e-03
Saved best model to results/thesis_model_results/outputs/scaler_comparison_picnn/PICNN__mse__robust__seed42/picnn_state_dict_best.pt
Epoch 197 | train_loss=4.3242e+00 | train_eval_loss=4.1459e+00 | val_loss=6.0756e+03 | | lr=1.00e-03
Saved best model to results/thesis_model_results/outputs/scaler_comparison_picnn/PICNN__mse__robust__seed42/picnn_state_dict_best.pt
Epoch 198 | train_loss=4.0766e+00 | train_eval_loss=3.8909e+00 | val_loss=6.0508e+03 | | lr=1.00e-03
Saved best model to results/thesis_model_results/outputs/scaler_comparison_picnn/PICNN__mse__robust__seed42/picnn_state_dict_best.pt
Epoch 199 | train_loss=3.8388e+00 | train_eval_loss=3.6706e+00 | val_loss=6.0290e+03 | | lr=1.00e-03
Saved best model to results/thesis_model_results/outputs/scaler_comparison_picnn/PICNN__mse__robust__seed42/picnn_state_dict_best.pt
Epoch 200 | train_loss=3.6221e+00 | train_eval_loss=3.4836e+00 | val_loss=6.0109e+03 | | lr=1.00e-03
Saved best model to results/thesis_model_results/outputs/scaler_comparison_picnn/PICNN__mse__robust__seed42/picnn_state_dict_best.pt
Saved training logs to results/thesis_model_results/outputs/scaler_comparison_picnn/PICNN__mse__robust__seed42/training_summary.txt
Test RMSE(rocof_COI) = 8.1153 | norm: 48.3180 | real_diff: 0.4190
Test RMSE(dev_COI) = 20.3513 | norm: 47.7063 | real_diff: 1.0095
Test RMSE(Delta_P_IBR_1) = 37.2763 | norm: 47.8230 | real_diff: 1.9560
Test RMSE(Delta_P_IBR_2) = 38.3553 | norm: 48.1872 | real_diff: 2.0005
Test RMSE(Delta_P_IBR_3) = 45.5723 | norm: 48.0208 | real_diff: 2.3931
Test RMSE(Delta_P_IBR_4) = 64.8589 | norm: 48.2662 | real_diff: 3.2126
Saved RMSE results to results/thesis_model_results/outputs/scaler_comparison_picnn/PICNN__mse__robust__seed42/rmse_results.txt
Saved detailed metrics to results/thesis_model_results/outputs/scaler_comparison_picnn/PICNN__mse__robust__seed42/metrics_by_target.csv
Saved aggregate metrics to results/thesis_model_results/outputs/scaler_comparison_picnn/PICNN__mse__robust__seed42/metrics_summary.json
Saved loss curves to results/thesis_model_results/outputs/scaler_comparison_picnn/PICNN__mse__robust__seed42/loss_curve.png
Saved scatter plot results/thesis_model_results/outputs/scaler_comparison_picnn/PICNN__mse__robust__seed42/scatter_rocof_COI.png
Saved scatter plot results/thesis_model_results/outputs/scaler_comparison_picnn/PICNN__mse__robust__seed42/scatter_dev_COI.png
Saved scatter plot results/thesis_model_results/outputs/scaler_comparison_picnn/PICNN__mse__robust__seed42/scatter_Delta_P_IBR_1.png
Saved scatter plot results/thesis_model_results/outputs/scaler_comparison_picnn/PICNN__mse__robust__seed42/scatter_Delta_P_IBR_2.png
Saved scatter plot results/thesis_model_results/outputs/scaler_comparison_picnn/PICNN__mse__robust__seed42/scatter_Delta_P_IBR_3.png
Saved scatter plot results/thesis_model_results/outputs/scaler_comparison_picnn/PICNN__mse__robust__seed42/scatter_Delta_P_IBR_4.png
Saved model to results/thesis_model_results/outputs/scaler_comparison_picnn/PICNN__mse__robust__seed42/picnn_state_dict.pt
Loss type: mse | weights=[]
Target stats (scaled):
train mean=[-0. -0. -0.  0. -0.  0.]
train std=[1. 1. 1. 1. 1. 1.]
train q05=[-1.7496 -1.3309 -1.5383 -1.7435 -1.1581 -1.6376]
train q95=[1.783  1.9984 1.6091 1.5211 1.9147 1.5256]
val mean=[-0.0129 -0.0134  0.0018  0.0122  0.0092  0.0093]
val std=[0.9851 0.9841 0.9892 1.0014 0.991  0.9853]
val q05=[-1.7313 -1.3289 -1.5363 -1.7438 -1.1415 -1.6142]
val q95=[1.7528 1.9842 1.617  1.5365 1.9088 1.5086]
val/train std ratio=[0.9851 0.9841 0.9892 1.0014 0.991  0.9853]
LR scheduler: ReduceLROnPlateau (factor=0.5, patience=8, min_lr=1e-07)
Epoch 001 | train_loss=1.1713e+10 | train_eval_loss=3.9478e+09 | val_loss=3.9935e+09 | | lr=1.00e-03
Saved best model to results/thesis_model_results/outputs/scaler_comparison_picnn/PICNN__mse__log1p__seed42/picnn_state_dict_best.pt
Epoch 002 | train_loss=2.1540e+09 | train_eval_loss=1.0124e+09 | val_loss=1.0266e+09 | | lr=1.00e-03
Saved best model to results/thesis_model_results/outputs/scaler_comparison_picnn/PICNN__mse__log1p__seed42/picnn_state_dict_best.pt
Epoch 003 | train_loss=6.1618e+08 | train_eval_loss=3.3437e+08 | val_loss=3.4055e+08 | | lr=1.00e-03
Saved best model to results/thesis_model_results/outputs/scaler_comparison_picnn/PICNN__mse__log1p__seed42/picnn_state_dict_best.pt
Epoch 004 | train_loss=2.1885e+08 | train_eval_loss=1.3187e+08 | val_loss=1.3477e+08 | | lr=1.00e-03
Saved best model to results/thesis_model_results/outputs/scaler_comparison_picnn/PICNN__mse__log1p__seed42/picnn_state_dict_best.pt
Epoch 005 | train_loss=9.1513e+07 | train_eval_loss=5.9167e+07 | val_loss=6.0674e+07 | | lr=1.00e-03
Saved best model to results/thesis_model_results/outputs/scaler_comparison_picnn/PICNN__mse__log1p__seed42/picnn_state_dict_best.pt
Epoch 006 | train_loss=4.3068e+07 | train_eval_loss=2.9626e+07 | val_loss=3.0656e+07 | | lr=1.00e-03
Saved best model to results/thesis_model_results/outputs/scaler_comparison_picnn/PICNN__mse__log1p__seed42/picnn_state_dict_best.pt
Epoch 007 | train_loss=2.2480e+07 | train_eval_loss=1.6384e+07 | val_loss=1.6987e+07 | | lr=1.00e-03
Saved best model to results/thesis_model_results/outputs/scaler_comparison_picnn/PICNN__mse__log1p__seed42/picnn_state_dict_best.pt
Epoch 008 | train_loss=1.2930e+07 | train_eval_loss=9.8778e+06 | val_loss=1.0375e+07 | | lr=1.00e-03
Saved best model to results/thesis_model_results/outputs/scaler_comparison_picnn/PICNN__mse__log1p__seed42/picnn_state_dict_best.pt
Epoch 009 | train_loss=8.0987e+06 | train_eval_loss=6.4150e+06 | val_loss=6.7686e+06 | | lr=1.00e-03
Saved best model to results/thesis_model_results/outputs/scaler_comparison_picnn/PICNN__mse__log1p__seed42/picnn_state_dict_best.pt
Epoch 010 | train_loss=5.4138e+06 | train_eval_loss=4.4308e+06 | val_loss=4.7036e+06 | | lr=1.00e-03
Saved best model to results/thesis_model_results/outputs/scaler_comparison_picnn/PICNN__mse__log1p__seed42/picnn_state_dict_best.pt
Epoch 011 | train_loss=3.8295e+06 | train_eval_loss=3.2078e+06 | val_loss=3.4444e+06 | | lr=1.00e-03
Saved best model to results/thesis_model_results/outputs/scaler_comparison_picnn/PICNN__mse__log1p__seed42/picnn_state_dict_best.pt
Epoch 012 | train_loss=2.8150e+06 | train_eval_loss=2.4000e+06 | val_loss=2.5896e+06 | | lr=1.00e-03
Saved best model to results/thesis_model_results/outputs/scaler_comparison_picnn/PICNN__mse__log1p__seed42/picnn_state_dict_best.pt
Epoch 013 | train_loss=2.1441e+06 | train_eval_loss=1.8550e+06 | val_loss=2.0294e+06 | | lr=1.00e-03
Saved best model to results/thesis_model_results/outputs/scaler_comparison_picnn/PICNN__mse__log1p__seed42/picnn_state_dict_best.pt
Epoch 014 | train_loss=1.6755e+06 | train_eval_loss=1.4677e+06 | val_loss=1.6124e+06 | | lr=1.00e-03
Saved best model to results/thesis_model_results/outputs/scaler_comparison_picnn/PICNN__mse__log1p__seed42/picnn_state_dict_best.pt
Epoch 015 | train_loss=1.3354e+06 | train_eval_loss=1.1727e+06 | val_loss=1.3121e+06 | | lr=1.00e-03
Saved best model to results/thesis_model_results/outputs/scaler_comparison_picnn/PICNN__mse__log1p__seed42/picnn_state_dict_best.pt
Epoch 016 | train_loss=1.0830e+06 | train_eval_loss=9.5573e+05 | val_loss=1.0883e+06 | | lr=1.00e-03
Saved best model to results/thesis_model_results/outputs/scaler_comparison_picnn/PICNN__mse__log1p__seed42/picnn_state_dict_best.pt
Epoch 017 | train_loss=8.8684e+05 | train_eval_loss=7.9237e+05 | val_loss=9.1636e+05 | | lr=1.00e-03
Saved best model to results/thesis_model_results/outputs/scaler_comparison_picnn/PICNN__mse__log1p__seed42/picnn_state_dict_best.pt
Epoch 018 | train_loss=7.3636e+05 | train_eval_loss=6.6197e+05 | val_loss=7.7455e+05 | | lr=1.00e-03
Saved best model to results/thesis_model_results/outputs/scaler_comparison_picnn/PICNN__mse__log1p__seed42/picnn_state_dict_best.pt
Epoch 019 | train_loss=6.2052e+05 | train_eval_loss=5.5817e+05 | val_loss=6.6983e+05 | | lr=1.00e-03
Saved best model to results/thesis_model_results/outputs/scaler_comparison_picnn/PICNN__mse__log1p__seed42/picnn_state_dict_best.pt
Epoch 020 | train_loss=5.2442e+05 | train_eval_loss=4.7286e+05 | val_loss=5.6957e+05 | | lr=1.00e-03
Saved best model to results/thesis_model_results/outputs/scaler_comparison_picnn/PICNN__mse__log1p__seed42/picnn_state_dict_best.pt
Epoch 021 | train_loss=4.4539e+05 | train_eval_loss=4.0424e+05 | val_loss=4.9604e+05 | | lr=1.00e-03
Saved best model to results/thesis_model_results/outputs/scaler_comparison_picnn/PICNN__mse__log1p__seed42/picnn_state_dict_best.pt
Epoch 022 | train_loss=3.8200e+05 | train_eval_loss=3.5172e+05 | val_loss=4.3216e+05 | | lr=1.00e-03
Saved best model to results/thesis_model_results/outputs/scaler_comparison_picnn/PICNN__mse__log1p__seed42/picnn_state_dict_best.pt
Epoch 023 | train_loss=3.3154e+05 | train_eval_loss=3.0238e+05 | val_loss=3.8206e+05 | | lr=1.00e-03
Saved best model to results/thesis_model_results/outputs/scaler_comparison_picnn/PICNN__mse__log1p__seed42/picnn_state_dict_best.pt
Epoch 024 | train_loss=2.8676e+05 | train_eval_loss=2.6583e+05 | val_loss=3.4079e+05 | | lr=1.00e-03
Saved best model to results/thesis_model_results/outputs/scaler_comparison_picnn/PICNN__mse__log1p__seed42/picnn_state_dict_best.pt
Epoch 025 | train_loss=2.5024e+05 | train_eval_loss=2.2982e+05 | val_loss=3.0778e+05 | | lr=1.00e-03
Saved best model to results/thesis_model_results/outputs/scaler_comparison_picnn/PICNN__mse__log1p__seed42/picnn_state_dict_best.pt
Epoch 026 | train_loss=2.1988e+05 | train_eval_loss=2.0089e+05 | val_loss=2.7305e+05 | | lr=1.00e-03
Saved best model to results/thesis_model_results/outputs/scaler_comparison_picnn/PICNN__mse__log1p__seed42/picnn_state_dict_best.pt
Epoch 027 | train_loss=1.9277e+05 | train_eval_loss=1.7903e+05 | val_loss=2.4373e+05 | | lr=1.00e-03
Saved best model to results/thesis_model_results/outputs/scaler_comparison_picnn/PICNN__mse__log1p__seed42/picnn_state_dict_best.pt
Epoch 028 | train_loss=1.7038e+05 | train_eval_loss=1.5709e+05 | val_loss=2.2177e+05 | | lr=1.00e-03
Saved best model to results/thesis_model_results/outputs/scaler_comparison_picnn/PICNN__mse__log1p__seed42/picnn_state_dict_best.pt
Epoch 029 | train_loss=1.5008e+05 | train_eval_loss=1.3865e+05 | val_loss=2.0447e+05 | | lr=1.00e-03
Saved best model to results/thesis_model_results/outputs/scaler_comparison_picnn/PICNN__mse__log1p__seed42/picnn_state_dict_best.pt
Epoch 030 | train_loss=1.3341e+05 | train_eval_loss=1.2312e+05 | val_loss=1.8378e+05 | | lr=1.00e-03
Saved best model to results/thesis_model_results/outputs/scaler_comparison_picnn/PICNN__mse__log1p__seed42/picnn_state_dict_best.pt
Epoch 031 | train_loss=1.1851e+05 | train_eval_loss=1.0965e+05 | val_loss=1.6681e+05 | | lr=1.00e-03
Saved best model to results/thesis_model_results/outputs/scaler_comparison_picnn/PICNN__mse__log1p__seed42/picnn_state_dict_best.pt
Epoch 032 | train_loss=1.0569e+05 | train_eval_loss=9.9423e+04 | val_loss=1.5300e+05 | | lr=1.00e-03
Saved best model to results/thesis_model_results/outputs/scaler_comparison_picnn/PICNN__mse__log1p__seed42/picnn_state_dict_best.pt
Epoch 033 | train_loss=9.4721e+04 | train_eval_loss=8.7736e+04 | val_loss=1.3920e+05 | | lr=1.00e-03
Saved best model to results/thesis_model_results/outputs/scaler_comparison_picnn/PICNN__mse__log1p__seed42/picnn_state_dict_best.pt
Epoch 034 | train_loss=8.4715e+04 | train_eval_loss=7.8471e+04 | val_loss=1.3317e+05 | | lr=1.00e-03
Saved best model to results/thesis_model_results/outputs/scaler_comparison_picnn/PICNN__mse__log1p__seed42/picnn_state_dict_best.pt
Epoch 035 | train_loss=7.6341e+04 | train_eval_loss=7.0006e+04 | val_loss=1.2143e+05 | | lr=1.00e-03
Saved best model to results/thesis_model_results/outputs/scaler_comparison_picnn/PICNN__mse__log1p__seed42/picnn_state_dict_best.pt
Epoch 036 | train_loss=6.9262e+04 | train_eval_loss=6.3120e+04 | val_loss=1.1457e+05 | | lr=1.00e-03
Saved best model to results/thesis_model_results/outputs/scaler_comparison_picnn/PICNN__mse__log1p__seed42/picnn_state_dict_best.pt
Epoch 037 | train_loss=6.1652e+04 | train_eval_loss=5.6685e+04 | val_loss=1.0463e+05 | | lr=1.00e-03
Saved best model to results/thesis_model_results/outputs/scaler_comparison_picnn/PICNN__mse__log1p__seed42/picnn_state_dict_best.pt
Epoch 038 | train_loss=5.5423e+04 | train_eval_loss=5.1284e+04 | val_loss=9.8891e+04 | | lr=1.00e-03
Saved best model to results/thesis_model_results/outputs/scaler_comparison_picnn/PICNN__mse__log1p__seed42/picnn_state_dict_best.pt
Epoch 039 | train_loss=4.9964e+04 | train_eval_loss=4.6142e+04 | val_loss=9.0246e+04 | | lr=1.00e-03
Saved best model to results/thesis_model_results/outputs/scaler_comparison_picnn/PICNN__mse__log1p__seed42/picnn_state_dict_best.pt
Epoch 040 | train_loss=4.5167e+04 | train_eval_loss=4.2357e+04 | val_loss=8.2662e+04 | | lr=1.00e-03
Saved best model to results/thesis_model_results/outputs/scaler_comparison_picnn/PICNN__mse__log1p__seed42/picnn_state_dict_best.pt
Epoch 041 | train_loss=4.1118e+04 | train_eval_loss=3.8073e+04 | val_loss=8.0836e+04 | | lr=1.00e-03
Saved best model to results/thesis_model_results/outputs/scaler_comparison_picnn/PICNN__mse__log1p__seed42/picnn_state_dict_best.pt
Epoch 042 | train_loss=3.7194e+04 | train_eval_loss=3.4890e+04 | val_loss=7.4095e+04 | | lr=1.00e-03
Saved best model to results/thesis_model_results/outputs/scaler_comparison_picnn/PICNN__mse__log1p__seed42/picnn_state_dict_best.pt
Epoch 043 | train_loss=3.3926e+04 | train_eval_loss=3.1321e+04 | val_loss=7.0806e+04 | | lr=1.00e-03
Saved best model to results/thesis_model_results/outputs/scaler_comparison_picnn/PICNN__mse__log1p__seed42/picnn_state_dict_best.pt
Epoch 044 | train_loss=3.0786e+04 | train_eval_loss=2.8525e+04 | val_loss=6.7006e+04 | | lr=1.00e-03
Saved best model to results/thesis_model_results/outputs/scaler_comparison_picnn/PICNN__mse__log1p__seed42/picnn_state_dict_best.pt
Epoch 045 | train_loss=2.8153e+04 | train_eval_loss=2.5953e+04 | val_loss=6.3165e+04 | | lr=1.00e-03
Saved best model to results/thesis_model_results/outputs/scaler_comparison_picnn/PICNN__mse__log1p__seed42/picnn_state_dict_best.pt
Epoch 046 | train_loss=2.5589e+04 | train_eval_loss=2.3720e+04 | val_loss=6.0971e+04 | | lr=1.00e-03
Saved best model to results/thesis_model_results/outputs/scaler_comparison_picnn/PICNN__mse__log1p__seed42/picnn_state_dict_best.pt
Epoch 047 | train_loss=2.3409e+04 | train_eval_loss=2.1681e+04 | val_loss=5.6073e+04 | | lr=1.00e-03
Saved best model to results/thesis_model_results/outputs/scaler_comparison_picnn/PICNN__mse__log1p__seed42/picnn_state_dict_best.pt
Epoch 048 | train_loss=2.1331e+04 | train_eval_loss=1.9750e+04 | val_loss=5.3964e+04 | | lr=1.00e-03
Saved best model to results/thesis_model_results/outputs/scaler_comparison_picnn/PICNN__mse__log1p__seed42/picnn_state_dict_best.pt
Epoch 049 | train_loss=1.9476e+04 | train_eval_loss=1.8231e+04 | val_loss=5.3241e+04 | | lr=1.00e-03
Saved best model to results/thesis_model_results/outputs/scaler_comparison_picnn/PICNN__mse__log1p__seed42/picnn_state_dict_best.pt
Epoch 050 | train_loss=1.8012e+04 | train_eval_loss=1.6535e+04 | val_loss=4.9194e+04 | | lr=1.00e-03
Saved best model to results/thesis_model_results/outputs/scaler_comparison_picnn/PICNN__mse__log1p__seed42/picnn_state_dict_best.pt
Epoch 051 | train_loss=1.6388e+04 | train_eval_loss=1.5200e+04 | val_loss=4.7150e+04 | | lr=1.00e-03
Saved best model to results/thesis_model_results/outputs/scaler_comparison_picnn/PICNN__mse__log1p__seed42/picnn_state_dict_best.pt
Epoch 052 | train_loss=1.4987e+04 | train_eval_loss=1.3993e+04 | val_loss=4.3924e+04 | | lr=1.00e-03
Saved best model to results/thesis_model_results/outputs/scaler_comparison_picnn/PICNN__mse__log1p__seed42/picnn_state_dict_best.pt
Epoch 053 | train_loss=1.3867e+04 | train_eval_loss=1.2902e+04 | val_loss=4.1632e+04 | | lr=1.00e-03
Saved best model to results/thesis_model_results/outputs/scaler_comparison_picnn/PICNN__mse__log1p__seed42/picnn_state_dict_best.pt
Epoch 054 | train_loss=1.2682e+04 | train_eval_loss=1.1704e+04 | val_loss=4.0717e+04 | | lr=1.00e-03
Saved best model to results/thesis_model_results/outputs/scaler_comparison_picnn/PICNN__mse__log1p__seed42/picnn_state_dict_best.pt
Epoch 055 | train_loss=1.1623e+04 | train_eval_loss=1.0797e+04 | val_loss=4.0034e+04 | | lr=1.00e-03
Saved best model to results/thesis_model_results/outputs/scaler_comparison_picnn/PICNN__mse__log1p__seed42/picnn_state_dict_best.pt
Epoch 056 | train_loss=1.0737e+04 | train_eval_loss=9.9952e+03 | val_loss=3.6557e+04 | | lr=1.00e-03
Saved best model to results/thesis_model_results/outputs/scaler_comparison_picnn/PICNN__mse__log1p__seed42/picnn_state_dict_best.pt
Epoch 057 | train_loss=9.8793e+03 | train_eval_loss=9.2541e+03 | val_loss=3.6005e+04 | | lr=1.00e-03
Saved best model to results/thesis_model_results/outputs/scaler_comparison_picnn/PICNN__mse__log1p__seed42/picnn_state_dict_best.pt
Epoch 058 | train_loss=9.0438e+03 | train_eval_loss=8.3819e+03 | val_loss=3.4890e+04 | | lr=1.00e-03
Saved best model to results/thesis_model_results/outputs/scaler_comparison_picnn/PICNN__mse__log1p__seed42/picnn_state_dict_best.pt
Epoch 059 | train_loss=8.3514e+03 | train_eval_loss=7.8138e+03 | val_loss=3.4633e+04 | | lr=1.00e-03
Saved best model to results/thesis_model_results/outputs/scaler_comparison_picnn/PICNN__mse__log1p__seed42/picnn_state_dict_best.pt
Epoch 060 | train_loss=7.7307e+03 | train_eval_loss=7.1533e+03 | val_loss=3.3185e+04 | | lr=1.00e-03
Saved best model to results/thesis_model_results/outputs/scaler_comparison_picnn/PICNN__mse__log1p__seed42/picnn_state_dict_best.pt
Epoch 061 | train_loss=7.1174e+03 | train_eval_loss=6.6046e+03 | val_loss=3.0932e+04 | | lr=1.00e-03
Saved best model to results/thesis_model_results/outputs/scaler_comparison_picnn/PICNN__mse__log1p__seed42/picnn_state_dict_best.pt
Epoch 062 | train_loss=6.5660e+03 | train_eval_loss=6.0849e+03 | val_loss=3.0578e+04 | | lr=1.00e-03
Saved best model to results/thesis_model_results/outputs/scaler_comparison_picnn/PICNN__mse__log1p__seed42/picnn_state_dict_best.pt
Epoch 063 | train_loss=6.0648e+03 | train_eval_loss=5.6255e+03 | val_loss=2.8808e+04 | | lr=1.00e-03
Saved best model to results/thesis_model_results/outputs/scaler_comparison_picnn/PICNN__mse__log1p__seed42/picnn_state_dict_best.pt
Epoch 064 | train_loss=5.6116e+03 | train_eval_loss=5.1911e+03 | val_loss=2.8780e+04 | | lr=1.00e-03
Saved best model to results/thesis_model_results/outputs/scaler_comparison_picnn/PICNN__mse__log1p__seed42/picnn_state_dict_best.pt
Epoch 065 | train_loss=5.1793e+03 | train_eval_loss=4.7953e+03 | val_loss=2.7440e+04 | | lr=1.00e-03
Saved best model to results/thesis_model_results/outputs/scaler_comparison_picnn/PICNN__mse__log1p__seed42/picnn_state_dict_best.pt
Epoch 066 | train_loss=4.7754e+03 | train_eval_loss=4.4577e+03 | val_loss=2.6841e+04 | | lr=1.00e-03
Saved best model to results/thesis_model_results/outputs/scaler_comparison_picnn/PICNN__mse__log1p__seed42/picnn_state_dict_best.pt
Epoch 067 | train_loss=4.4633e+03 | train_eval_loss=4.1085e+03 | val_loss=2.6102e+04 | | lr=1.00e-03
Saved best model to results/thesis_model_results/outputs/scaler_comparison_picnn/PICNN__mse__log1p__seed42/picnn_state_dict_best.pt
Epoch 068 | train_loss=4.1220e+03 | train_eval_loss=3.8110e+03 | val_loss=2.5957e+04 | | lr=1.00e-03
Saved best model to results/thesis_model_results/outputs/scaler_comparison_picnn/PICNN__mse__log1p__seed42/picnn_state_dict_best.pt
Epoch 069 | train_loss=3.8070e+03 | train_eval_loss=3.5321e+03 | val_loss=2.5005e+04 | | lr=1.00e-03
Saved best model to results/thesis_model_results/outputs/scaler_comparison_picnn/PICNN__mse__log1p__seed42/picnn_state_dict_best.pt
Epoch 070 | train_loss=3.5458e+03 | train_eval_loss=3.3222e+03 | val_loss=2.3510e+04 | | lr=1.00e-03
Saved best model to results/thesis_model_results/outputs/scaler_comparison_picnn/PICNN__mse__log1p__seed42/picnn_state_dict_best.pt
Epoch 071 | train_loss=3.2985e+03 | train_eval_loss=3.0150e+03 | val_loss=2.3682e+04 | | lr=1.00e-03
Epoch 072 | train_loss=3.0305e+03 | train_eval_loss=2.8073e+03 | val_loss=2.3402e+04 | | lr=1.00e-03
Saved best model to results/thesis_model_results/outputs/scaler_comparison_picnn/PICNN__mse__log1p__seed42/picnn_state_dict_best.pt
Epoch 073 | train_loss=2.8297e+03 | train_eval_loss=2.5999e+03 | val_loss=2.2239e+04 | | lr=1.00e-03
Saved best model to results/thesis_model_results/outputs/scaler_comparison_picnn/PICNN__mse__log1p__seed42/picnn_state_dict_best.pt
Epoch 074 | train_loss=2.6008e+03 | train_eval_loss=2.4023e+03 | val_loss=2.2241e+04 | | lr=1.00e-03
Epoch 075 | train_loss=2.4175e+03 | train_eval_loss=2.2320e+03 | val_loss=2.0969e+04 | | lr=1.00e-03
Saved best model to results/thesis_model_results/outputs/scaler_comparison_picnn/PICNN__mse__log1p__seed42/picnn_state_dict_best.pt
Epoch 076 | train_loss=2.2589e+03 | train_eval_loss=2.0650e+03 | val_loss=2.0810e+04 | | lr=1.00e-03
Saved best model to results/thesis_model_results/outputs/scaler_comparison_picnn/PICNN__mse__log1p__seed42/picnn_state_dict_best.pt
Epoch 077 | train_loss=2.0883e+03 | train_eval_loss=1.9135e+03 | val_loss=2.0598e+04 | | lr=1.00e-03
Saved best model to results/thesis_model_results/outputs/scaler_comparison_picnn/PICNN__mse__log1p__seed42/picnn_state_dict_best.pt
Epoch 078 | train_loss=1.9303e+03 | train_eval_loss=1.7957e+03 | val_loss=1.9748e+04 | | lr=1.00e-03
Saved best model to results/thesis_model_results/outputs/scaler_comparison_picnn/PICNN__mse__log1p__seed42/picnn_state_dict_best.pt
Epoch 079 | train_loss=1.7976e+03 | train_eval_loss=1.6619e+03 | val_loss=1.9273e+04 | | lr=1.00e-03
Saved best model to results/thesis_model_results/outputs/scaler_comparison_picnn/PICNN__mse__log1p__seed42/picnn_state_dict_best.pt
Epoch 080 | train_loss=1.6735e+03 | train_eval_loss=1.5380e+03 | val_loss=1.9193e+04 | | lr=1.00e-03
Saved best model to results/thesis_model_results/outputs/scaler_comparison_picnn/PICNN__mse__log1p__seed42/picnn_state_dict_best.pt
Epoch 081 | train_loss=1.5461e+03 | train_eval_loss=1.4257e+03 | val_loss=1.8763e+04 | | lr=1.00e-03
Saved best model to results/thesis_model_results/outputs/scaler_comparison_picnn/PICNN__mse__log1p__seed42/picnn_state_dict_best.pt
Epoch 082 | train_loss=1.4448e+03 | train_eval_loss=1.3209e+03 | val_loss=1.8677e+04 | | lr=1.00e-03
Saved best model to results/thesis_model_results/outputs/scaler_comparison_picnn/PICNN__mse__log1p__seed42/picnn_state_dict_best.pt
Epoch 083 | train_loss=1.3325e+03 | train_eval_loss=1.2418e+03 | val_loss=1.7944e+04 | | lr=1.00e-03
Saved best model to results/thesis_model_results/outputs/scaler_comparison_picnn/PICNN__mse__log1p__seed42/picnn_state_dict_best.pt
Epoch 084 | train_loss=1.2480e+03 | train_eval_loss=1.1455e+03 | val_loss=1.8513e+04 | | lr=1.00e-03
Epoch 085 | train_loss=1.1542e+03 | train_eval_loss=1.0586e+03 | val_loss=1.7633e+04 | | lr=1.00e-03
Saved best model to results/thesis_model_results/outputs/scaler_comparison_picnn/PICNN__mse__log1p__seed42/picnn_state_dict_best.pt
Epoch 086 | train_loss=1.0777e+03 | train_eval_loss=9.8563e+02 | val_loss=1.7610e+04 | | lr=1.00e-03
Saved best model to results/thesis_model_results/outputs/scaler_comparison_picnn/PICNN__mse__log1p__seed42/picnn_state_dict_best.pt
Epoch 087 | train_loss=1.0038e+03 | train_eval_loss=9.2558e+02 | val_loss=1.7652e+04 | | lr=1.00e-03
Epoch 088 | train_loss=9.2995e+02 | train_eval_loss=8.4924e+02 | val_loss=1.6925e+04 | | lr=1.00e-03
Saved best model to results/thesis_model_results/outputs/scaler_comparison_picnn/PICNN__mse__log1p__seed42/picnn_state_dict_best.pt
Epoch 089 | train_loss=8.6041e+02 | train_eval_loss=7.8820e+02 | val_loss=1.6622e+04 | | lr=1.00e-03
Saved best model to results/thesis_model_results/outputs/scaler_comparison_picnn/PICNN__mse__log1p__seed42/picnn_state_dict_best.pt
Epoch 090 | train_loss=8.0572e+02 | train_eval_loss=7.5240e+02 | val_loss=1.5689e+04 | | lr=1.00e-03
Saved best model to results/thesis_model_results/outputs/scaler_comparison_picnn/PICNN__mse__log1p__seed42/picnn_state_dict_best.pt
Epoch 091 | train_loss=7.5854e+02 | train_eval_loss=6.8599e+02 | val_loss=1.6560e+04 | | lr=1.00e-03
Epoch 092 | train_loss=7.0227e+02 | train_eval_loss=6.3589e+02 | val_loss=1.5912e+04 | | lr=1.00e-03
Epoch 093 | train_loss=6.4972e+02 | train_eval_loss=5.8927e+02 | val_loss=1.5849e+04 | | lr=1.00e-03
Epoch 094 | train_loss=6.0118e+02 | train_eval_loss=5.4962e+02 | val_loss=1.5911e+04 | | lr=1.00e-03
Epoch 095 | train_loss=5.5463e+02 | train_eval_loss=5.0977e+02 | val_loss=1.5369e+04 | | lr=1.00e-03
Saved best model to results/thesis_model_results/outputs/scaler_comparison_picnn/PICNN__mse__log1p__seed42/picnn_state_dict_best.pt
Epoch 096 | train_loss=5.1970e+02 | train_eval_loss=4.7371e+02 | val_loss=1.5397e+04 | | lr=1.00e-03
Epoch 097 | train_loss=4.8520e+02 | train_eval_loss=4.4309e+02 | val_loss=1.5258e+04 | | lr=1.00e-03
Saved best model to results/thesis_model_results/outputs/scaler_comparison_picnn/PICNN__mse__log1p__seed42/picnn_state_dict_best.pt
Epoch 098 | train_loss=4.5084e+02 | train_eval_loss=4.1695e+02 | val_loss=1.5310e+04 | | lr=1.00e-03
Epoch 099 | train_loss=4.1714e+02 | train_eval_loss=3.8175e+02 | val_loss=1.4903e+04 | | lr=1.00e-03
Saved best model to results/thesis_model_results/outputs/scaler_comparison_picnn/PICNN__mse__log1p__seed42/picnn_state_dict_best.pt
Epoch 100 | train_loss=3.9109e+02 | train_eval_loss=3.5626e+02 | val_loss=1.4412e+04 | | lr=1.00e-03
Saved best model to results/thesis_model_results/outputs/scaler_comparison_picnn/PICNN__mse__log1p__seed42/picnn_state_dict_best.pt
Epoch 101 | train_loss=3.6365e+02 | train_eval_loss=3.3138e+02 | val_loss=1.4615e+04 | | lr=1.00e-03
Epoch 102 | train_loss=3.3755e+02 | train_eval_loss=3.0724e+02 | val_loss=1.4148e+04 | | lr=1.00e-03
Saved best model to results/thesis_model_results/outputs/scaler_comparison_picnn/PICNN__mse__log1p__seed42/picnn_state_dict_best.pt
Epoch 103 | train_loss=3.1405e+02 | train_eval_loss=2.8782e+02 | val_loss=1.4233e+04 | | lr=1.00e-03
Epoch 104 | train_loss=2.9249e+02 | train_eval_loss=2.6761e+02 | val_loss=1.4406e+04 | | lr=1.00e-03
Epoch 105 | train_loss=2.7366e+02 | train_eval_loss=2.5080e+02 | val_loss=1.4381e+04 | | lr=1.00e-03
Epoch 106 | train_loss=2.5310e+02 | train_eval_loss=2.3572e+02 | val_loss=1.3191e+04 | | lr=1.00e-03
Saved best model to results/thesis_model_results/outputs/scaler_comparison_picnn/PICNN__mse__log1p__seed42/picnn_state_dict_best.pt
Epoch 107 | train_loss=2.3784e+02 | train_eval_loss=2.1424e+02 | val_loss=1.3731e+04 | | lr=1.00e-03
Epoch 108 | train_loss=2.2029e+02 | train_eval_loss=2.0049e+02 | val_loss=1.3462e+04 | | lr=1.00e-03
Epoch 109 | train_loss=2.0518e+02 | train_eval_loss=1.8567e+02 | val_loss=1.3618e+04 | | lr=1.00e-03
Epoch 110 | train_loss=1.9343e+02 | train_eval_loss=1.8304e+02 | val_loss=1.3912e+04 | | lr=1.00e-03
Epoch 111 | train_loss=1.7852e+02 | train_eval_loss=1.6114e+02 | val_loss=1.3163e+04 | | lr=1.00e-03
Saved best model to results/thesis_model_results/outputs/scaler_comparison_picnn/PICNN__mse__log1p__seed42/picnn_state_dict_best.pt
Epoch 112 | train_loss=1.6691e+02 | train_eval_loss=1.5119e+02 | val_loss=1.2990e+04 | | lr=1.00e-03
Saved best model to results/thesis_model_results/outputs/scaler_comparison_picnn/PICNN__mse__log1p__seed42/picnn_state_dict_best.pt
Epoch 113 | train_loss=1.5360e+02 | train_eval_loss=1.3905e+02 | val_loss=1.2972e+04 | | lr=1.00e-03
Saved best model to results/thesis_model_results/outputs/scaler_comparison_picnn/PICNN__mse__log1p__seed42/picnn_state_dict_best.pt
Epoch 114 | train_loss=1.4340e+02 | train_eval_loss=1.3065e+02 | val_loss=1.3101e+04 | | lr=1.00e-03
Epoch 115 | train_loss=1.3376e+02 | train_eval_loss=1.2177e+02 | val_loss=1.2820e+04 | | lr=1.00e-03
Saved best model to results/thesis_model_results/outputs/scaler_comparison_picnn/PICNN__mse__log1p__seed42/picnn_state_dict_best.pt
Epoch 116 | train_loss=1.2480e+02 | train_eval_loss=1.1342e+02 | val_loss=1.2853e+04 | | lr=1.00e-03
Epoch 117 | train_loss=1.1644e+02 | train_eval_loss=1.0470e+02 | val_loss=1.2533e+04 | | lr=1.00e-03
Saved best model to results/thesis_model_results/outputs/scaler_comparison_picnn/PICNN__mse__log1p__seed42/picnn_state_dict_best.pt
Epoch 118 | train_loss=1.0865e+02 | train_eval_loss=9.7155e+01 | val_loss=1.2555e+04 | | lr=1.00e-03
Epoch 119 | train_loss=1.0088e+02 | train_eval_loss=9.1634e+01 | val_loss=1.2620e+04 | | lr=1.00e-03
Epoch 120 | train_loss=9.3366e+01 | train_eval_loss=8.6988e+01 | val_loss=1.2230e+04 | | lr=1.00e-03
Saved best model to results/thesis_model_results/outputs/scaler_comparison_picnn/PICNN__mse__log1p__seed42/picnn_state_dict_best.pt
Epoch 121 | train_loss=8.7040e+01 | train_eval_loss=8.0119e+01 | val_loss=1.2193e+04 | | lr=1.00e-03
Saved best model to results/thesis_model_results/outputs/scaler_comparison_picnn/PICNN__mse__log1p__seed42/picnn_state_dict_best.pt
Epoch 122 | train_loss=8.1596e+01 | train_eval_loss=7.4546e+01 | val_loss=1.2406e+04 | | lr=1.00e-03
Epoch 123 | train_loss=7.6070e+01 | train_eval_loss=6.8442e+01 | val_loss=1.2197e+04 | | lr=1.00e-03
Epoch 124 | train_loss=7.0324e+01 | train_eval_loss=6.4131e+01 | val_loss=1.2043e+04 | | lr=1.00e-03
Saved best model to results/thesis_model_results/outputs/scaler_comparison_picnn/PICNN__mse__log1p__seed42/picnn_state_dict_best.pt
Epoch 125 | train_loss=6.7762e+01 | train_eval_loss=5.9742e+01 | val_loss=1.2048e+04 | | lr=1.00e-03
Epoch 126 | train_loss=6.1532e+01 | train_eval_loss=5.5525e+01 | val_loss=1.2131e+04 | | lr=1.00e-03
Epoch 127 | train_loss=5.7305e+01 | train_eval_loss=5.2013e+01 | val_loss=1.1903e+04 | | lr=1.00e-03
Saved best model to results/thesis_model_results/outputs/scaler_comparison_picnn/PICNN__mse__log1p__seed42/picnn_state_dict_best.pt
Epoch 128 | train_loss=5.3693e+01 | train_eval_loss=4.8679e+01 | val_loss=1.1763e+04 | | lr=1.00e-03
Saved best model to results/thesis_model_results/outputs/scaler_comparison_picnn/PICNN__mse__log1p__seed42/picnn_state_dict_best.pt
Epoch 129 | train_loss=5.0135e+01 | train_eval_loss=4.5320e+01 | val_loss=1.1675e+04 | | lr=1.00e-03
Saved best model to results/thesis_model_results/outputs/scaler_comparison_picnn/PICNN__mse__log1p__seed42/picnn_state_dict_best.pt
Epoch 130 | train_loss=4.6873e+01 | train_eval_loss=4.2167e+01 | val_loss=1.1771e+04 | | lr=1.00e-03
Epoch 131 | train_loss=4.3744e+01 | train_eval_loss=3.9711e+01 | val_loss=1.1908e+04 | | lr=1.00e-03
Epoch 132 | train_loss=4.1162e+01 | train_eval_loss=3.7199e+01 | val_loss=1.1945e+04 | | lr=1.00e-03
Epoch 133 | train_loss=3.8424e+01 | train_eval_loss=3.4289e+01 | val_loss=1.1659e+04 | | lr=1.00e-03
Saved best model to results/thesis_model_results/outputs/scaler_comparison_picnn/PICNN__mse__log1p__seed42/picnn_state_dict_best.pt
Epoch 134 | train_loss=3.5467e+01 | train_eval_loss=3.1965e+01 | val_loss=1.1581e+04 | | lr=1.00e-03
Saved best model to results/thesis_model_results/outputs/scaler_comparison_picnn/PICNN__mse__log1p__seed42/picnn_state_dict_best.pt
Epoch 135 | train_loss=3.3423e+01 | train_eval_loss=2.9973e+01 | val_loss=1.1628e+04 | | lr=1.00e-03
Epoch 136 | train_loss=3.1536e+01 | train_eval_loss=2.7861e+01 | val_loss=1.1596e+04 | | lr=1.00e-03
Epoch 137 | train_loss=2.8635e+01 | train_eval_loss=2.6007e+01 | val_loss=1.1428e+04 | | lr=1.00e-03
Saved best model to results/thesis_model_results/outputs/scaler_comparison_picnn/PICNN__mse__log1p__seed42/picnn_state_dict_best.pt
Epoch 138 | train_loss=2.6768e+01 | train_eval_loss=2.4249e+01 | val_loss=1.1476e+04 | | lr=1.00e-03
Epoch 139 | train_loss=2.5164e+01 | train_eval_loss=2.2679e+01 | val_loss=1.1450e+04 | | lr=1.00e-03
Epoch 140 | train_loss=2.3616e+01 | train_eval_loss=2.1299e+01 | val_loss=1.1428e+04 | | lr=1.00e-03
Epoch 141 | train_loss=2.2137e+01 | train_eval_loss=2.0287e+01 | val_loss=1.1127e+04 | | lr=1.00e-03
Saved best model to results/thesis_model_results/outputs/scaler_comparison_picnn/PICNN__mse__log1p__seed42/picnn_state_dict_best.pt
Epoch 142 | train_loss=2.0837e+01 | train_eval_loss=1.8770e+01 | val_loss=1.1341e+04 | | lr=1.00e-03
Epoch 143 | train_loss=1.9960e+01 | train_eval_loss=1.7759e+01 | val_loss=1.1084e+04 | | lr=1.00e-03
Saved best model to results/thesis_model_results/outputs/scaler_comparison_picnn/PICNN__mse__log1p__seed42/picnn_state_dict_best.pt
Epoch 144 | train_loss=1.8150e+01 | train_eval_loss=1.6317e+01 | val_loss=1.1344e+04 | | lr=1.00e-03
Epoch 145 | train_loss=1.7053e+01 | train_eval_loss=1.5227e+01 | val_loss=1.1202e+04 | | lr=1.00e-03
Epoch 146 | train_loss=1.5815e+01 | train_eval_loss=1.4282e+01 | val_loss=1.1103e+04 | | lr=1.00e-03
Epoch 147 | train_loss=1.4941e+01 | train_eval_loss=1.3657e+01 | val_loss=1.1126e+04 | | lr=1.00e-03
Epoch 148 | train_loss=1.3982e+01 | train_eval_loss=1.2616e+01 | val_loss=1.1132e+04 | | lr=1.00e-03
Epoch 149 | train_loss=1.3015e+01 | train_eval_loss=1.1930e+01 | val_loss=1.1045e+04 | | lr=1.00e-03
Saved best model to results/thesis_model_results/outputs/scaler_comparison_picnn/PICNN__mse__log1p__seed42/picnn_state_dict_best.pt
Epoch 150 | train_loss=1.2322e+01 | train_eval_loss=1.1415e+01 | val_loss=1.0985e+04 | | lr=1.00e-03
Saved best model to results/thesis_model_results/outputs/scaler_comparison_picnn/PICNN__mse__log1p__seed42/picnn_state_dict_best.pt
Epoch 151 | train_loss=1.1683e+01 | train_eval_loss=1.0465e+01 | val_loss=1.0947e+04 | | lr=1.00e-03
Saved best model to results/thesis_model_results/outputs/scaler_comparison_picnn/PICNN__mse__log1p__seed42/picnn_state_dict_best.pt
Epoch 152 | train_loss=1.1038e+01 | train_eval_loss=9.8985e+00 | val_loss=1.0906e+04 | | lr=1.00e-03
Saved best model to results/thesis_model_results/outputs/scaler_comparison_picnn/PICNN__mse__log1p__seed42/picnn_state_dict_best.pt
Epoch 153 | train_loss=1.0234e+01 | train_eval_loss=9.2281e+00 | val_loss=1.1023e+04 | | lr=1.00e-03
Epoch 154 | train_loss=9.5617e+00 | train_eval_loss=8.6780e+00 | val_loss=1.0824e+04 | | lr=1.00e-03
Saved best model to results/thesis_model_results/outputs/scaler_comparison_picnn/PICNN__mse__log1p__seed42/picnn_state_dict_best.pt
Epoch 155 | train_loss=9.0582e+00 | train_eval_loss=8.6414e+00 | val_loss=1.0724e+04 | | lr=1.00e-03
Saved best model to results/thesis_model_results/outputs/scaler_comparison_picnn/PICNN__mse__log1p__seed42/picnn_state_dict_best.pt
Epoch 156 | train_loss=8.5094e+00 | train_eval_loss=7.7310e+00 | val_loss=1.0772e+04 | | lr=1.00e-03
Epoch 157 | train_loss=7.9496e+00 | train_eval_loss=7.3779e+00 | val_loss=1.0869e+04 | | lr=1.00e-03
Epoch 158 | train_loss=7.4994e+00 | train_eval_loss=6.8567e+00 | val_loss=1.0825e+04 | | lr=1.00e-03
Epoch 159 | train_loss=7.1509e+00 | train_eval_loss=6.5891e+00 | val_loss=1.0659e+04 | | lr=1.00e-03
Saved best model to results/thesis_model_results/outputs/scaler_comparison_picnn/PICNN__mse__log1p__seed42/picnn_state_dict_best.pt
Epoch 160 | train_loss=6.7637e+00 | train_eval_loss=6.1449e+00 | val_loss=1.0642e+04 | | lr=1.00e-03
Saved best model to results/thesis_model_results/outputs/scaler_comparison_picnn/PICNN__mse__log1p__seed42/picnn_state_dict_best.pt
Epoch 161 | train_loss=6.3019e+00 | train_eval_loss=5.7377e+00 | val_loss=1.0841e+04 | | lr=1.00e-03
Epoch 162 | train_loss=5.9397e+00 | train_eval_loss=5.4459e+00 | val_loss=1.0633e+04 | | lr=1.00e-03
Saved best model to results/thesis_model_results/outputs/scaler_comparison_picnn/PICNN__mse__log1p__seed42/picnn_state_dict_best.pt
Epoch 163 | train_loss=5.6084e+00 | train_eval_loss=5.1257e+00 | val_loss=1.0599e+04 | | lr=1.00e-03
Saved best model to results/thesis_model_results/outputs/scaler_comparison_picnn/PICNN__mse__log1p__seed42/picnn_state_dict_best.pt
Epoch 164 | train_loss=5.2618e+00 | train_eval_loss=4.8089e+00 | val_loss=1.0634e+04 | | lr=1.00e-03
Epoch 165 | train_loss=5.0234e+00 | train_eval_loss=4.5430e+00 | val_loss=1.0656e+04 | | lr=1.00e-03
Epoch 166 | train_loss=4.6716e+00 | train_eval_loss=4.3079e+00 | val_loss=1.0587e+04 | | lr=1.00e-03
Saved best model to results/thesis_model_results/outputs/scaler_comparison_picnn/PICNN__mse__log1p__seed42/picnn_state_dict_best.pt
Epoch 167 | train_loss=4.4133e+00 | train_eval_loss=4.1513e+00 | val_loss=1.0722e+04 | | lr=1.00e-03
Epoch 168 | train_loss=4.3235e+00 | train_eval_loss=3.8954e+00 | val_loss=1.0604e+04 | | lr=1.00e-03
Epoch 169 | train_loss=3.9561e+00 | train_eval_loss=3.7663e+00 | val_loss=1.0622e+04 | | lr=1.00e-03
Epoch 170 | train_loss=3.8105e+00 | train_eval_loss=3.4714e+00 | val_loss=1.0519e+04 | | lr=1.00e-03
Saved best model to results/thesis_model_results/outputs/scaler_comparison_picnn/PICNN__mse__log1p__seed42/picnn_state_dict_best.pt
Epoch 171 | train_loss=3.5335e+00 | train_eval_loss=3.3010e+00 | val_loss=1.0611e+04 | | lr=1.00e-03
Epoch 172 | train_loss=3.3773e+00 | train_eval_loss=3.1148e+00 | val_loss=1.0497e+04 | | lr=1.00e-03
Saved best model to results/thesis_model_results/outputs/scaler_comparison_picnn/PICNN__mse__log1p__seed42/picnn_state_dict_best.pt
Epoch 173 | train_loss=3.2103e+00 | train_eval_loss=3.0058e+00 | val_loss=1.0507e+04 | | lr=1.00e-03
Epoch 174 | train_loss=3.0467e+00 | train_eval_loss=2.8440e+00 | val_loss=1.0444e+04 | | lr=1.00e-03
Saved best model to results/thesis_model_results/outputs/scaler_comparison_picnn/PICNN__mse__log1p__seed42/picnn_state_dict_best.pt
Epoch 175 | train_loss=2.9093e+00 | train_eval_loss=2.6748e+00 | val_loss=1.0480e+04 | | lr=1.00e-03
Epoch 176 | train_loss=2.7234e+00 | train_eval_loss=2.7107e+00 | val_loss=1.0508e+04 | | lr=1.00e-03
Epoch 177 | train_loss=2.6122e+00 | train_eval_loss=2.3992e+00 | val_loss=1.0412e+04 | | lr=1.00e-03
Saved best model to results/thesis_model_results/outputs/scaler_comparison_picnn/PICNN__mse__log1p__seed42/picnn_state_dict_best.pt
Epoch 178 | train_loss=2.4900e+00 | train_eval_loss=2.2932e+00 | val_loss=1.0391e+04 | | lr=1.00e-03
Saved best model to results/thesis_model_results/outputs/scaler_comparison_picnn/PICNN__mse__log1p__seed42/picnn_state_dict_best.pt
Epoch 179 | train_loss=2.3562e+00 | train_eval_loss=2.1809e+00 | val_loss=1.0420e+04 | | lr=1.00e-03
Epoch 180 | train_loss=2.2464e+00 | train_eval_loss=2.0780e+00 | val_loss=1.0401e+04 | | lr=1.00e-03
Epoch 181 | train_loss=2.1135e+00 | train_eval_loss=1.9635e+00 | val_loss=1.0334e+04 | | lr=1.00e-03
Saved best model to results/thesis_model_results/outputs/scaler_comparison_picnn/PICNN__mse__log1p__seed42/picnn_state_dict_best.pt
Epoch 182 | train_loss=2.0197e+00 | train_eval_loss=1.9077e+00 | val_loss=1.0357e+04 | | lr=1.00e-03
Epoch 183 | train_loss=1.9567e+00 | train_eval_loss=1.7895e+00 | val_loss=1.0240e+04 | | lr=1.00e-03
Saved best model to results/thesis_model_results/outputs/scaler_comparison_picnn/PICNN__mse__log1p__seed42/picnn_state_dict_best.pt
Epoch 184 | train_loss=1.8512e+00 | train_eval_loss=1.7093e+00 | val_loss=1.0261e+04 | | lr=1.00e-03
Epoch 185 | train_loss=1.7187e+00 | train_eval_loss=1.6193e+00 | val_loss=1.0246e+04 | | lr=1.00e-03
Epoch 186 | train_loss=1.6646e+00 | train_eval_loss=1.5486e+00 | val_loss=1.0322e+04 | | lr=1.00e-03
Epoch 187 | train_loss=1.6096e+00 | train_eval_loss=1.4642e+00 | val_loss=1.0298e+04 | | lr=1.00e-03
Epoch 188 | train_loss=1.4896e+00 | train_eval_loss=1.3880e+00 | val_loss=1.0234e+04 | | lr=1.00e-03
Saved best model to results/thesis_model_results/outputs/scaler_comparison_picnn/PICNN__mse__log1p__seed42/picnn_state_dict_best.pt
Epoch 189 | train_loss=1.4212e+00 | train_eval_loss=1.3602e+00 | val_loss=1.0133e+04 | | lr=1.00e-03
Saved best model to results/thesis_model_results/outputs/scaler_comparison_picnn/PICNN__mse__log1p__seed42/picnn_state_dict_best.pt
Epoch 190 | train_loss=1.3648e+00 | train_eval_loss=1.2723e+00 | val_loss=1.0243e+04 | | lr=1.00e-03
Epoch 191 | train_loss=1.2855e+00 | train_eval_loss=1.2026e+00 | val_loss=1.0159e+04 | | lr=1.00e-03
Epoch 192 | train_loss=1.2290e+00 | train_eval_loss=1.1542e+00 | val_loss=1.0156e+04 | | lr=1.00e-03
Epoch 193 | train_loss=1.1743e+00 | train_eval_loss=1.1335e+00 | val_loss=1.0191e+04 | | lr=1.00e-03
Epoch 194 | train_loss=1.1315e+00 | train_eval_loss=1.0510e+00 | val_loss=1.0140e+04 | | lr=1.00e-03
Epoch 195 | train_loss=1.0734e+00 | train_eval_loss=1.0009e+00 | val_loss=1.0170e+04 | | lr=1.00e-03
Epoch 196 | train_loss=1.0146e+00 | train_eval_loss=9.7190e-01 | val_loss=1.0098e+04 | | lr=1.00e-03
Saved best model to results/thesis_model_results/outputs/scaler_comparison_picnn/PICNN__mse__log1p__seed42/picnn_state_dict_best.pt
Epoch 197 | train_loss=1.0109e+00 | train_eval_loss=9.1889e-01 | val_loss=1.0104e+04 | | lr=1.00e-03
Epoch 198 | train_loss=9.4122e-01 | train_eval_loss=8.7637e-01 | val_loss=1.0117e+04 | | lr=1.00e-03
Epoch 199 | train_loss=9.0033e-01 | train_eval_loss=8.4809e-01 | val_loss=1.0095e+04 | | lr=1.00e-03
Saved best model to results/thesis_model_results/outputs/scaler_comparison_picnn/PICNN__mse__log1p__seed42/picnn_state_dict_best.pt
Epoch 200 | train_loss=8.5298e-01 | train_eval_loss=8.1081e-01 | val_loss=1.0130e+04 | | lr=1.00e-03
Saved training logs to results/thesis_model_results/outputs/scaler_comparison_picnn/PICNN__mse__log1p__seed42/training_summary.txt
Test RMSE(rocof_COI) = inf | norm: 234.0206 | real_diff: inf
Test RMSE(dev_COI) = inf | norm: 231.0134 | real_diff: inf
Test RMSE(Delta_P_IBR_1) = inf | norm: 231.5283 | real_diff: inf
Test RMSE(Delta_P_IBR_2) = inf | norm: 233.3366 | real_diff: inf
Test RMSE(Delta_P_IBR_3) = inf | norm: 232.5303 | real_diff: inf
Test RMSE(Delta_P_IBR_4) = inf | norm: 233.6379 | real_diff: inf
Saved RMSE results to results/thesis_model_results/outputs/scaler_comparison_picnn/PICNN__mse__log1p__seed42/rmse_results.txt
Saved detailed metrics to results/thesis_model_results/outputs/scaler_comparison_picnn/PICNN__mse__log1p__seed42/metrics_by_target.csv
Saved aggregate metrics to results/thesis_model_results/outputs/scaler_comparison_picnn/PICNN__mse__log1p__seed42/metrics_summary.json
Saved loss curves to results/thesis_model_results/outputs/scaler_comparison_picnn/PICNN__mse__log1p__seed42/loss_curve.png
Saved scatter plot results/thesis_model_results/outputs/scaler_comparison_picnn/PICNN__mse__log1p__seed42/scatter_rocof_COI.png
Saved scatter plot results/thesis_model_results/outputs/scaler_comparison_picnn/PICNN__mse__log1p__seed42/scatter_dev_COI.png
Saved scatter plot results/thesis_model_results/outputs/scaler_comparison_picnn/PICNN__mse__log1p__seed42/scatter_Delta_P_IBR_1.png
Saved scatter plot results/thesis_model_results/outputs/scaler_comparison_picnn/PICNN__mse__log1p__seed42/scatter_Delta_P_IBR_2.png
Saved scatter plot results/thesis_model_results/outputs/scaler_comparison_picnn/PICNN__mse__log1p__seed42/scatter_Delta_P_IBR_3.png
Saved scatter plot results/thesis_model_results/outputs/scaler_comparison_picnn/PICNN__mse__log1p__seed42/scatter_Delta_P_IBR_4.png
Saved model to results/thesis_model_results/outputs/scaler_comparison_picnn/PICNN__mse__log1p__seed42/picnn_state_dict.pt
Saved summary to results/thesis_model_results/tables/scaler_comparison_mlp.csv
Saved summary to results/thesis_model_results/tables/scaler_comparison_mlp_by_label.csv
Saved summary to results/thesis_model_results/tables/scaler_comparison_mtlsh.csv
Saved summary to results/thesis_model_results/tables/scaler_comparison_mtlgsh.csv
Saved summary to results/thesis_model_results/tables/scaler_comparison_picnn.csv
FINISHED AT Thu Apr  2 02:03:11 AM CEST 2026
