STARTING AT Thu Apr  2 12:51:58 AM CEST 2026
Loss type: mse | weights=[]
Target stats (scaled):
train mean=[0.549  0.589  0.492  0.4884 0.4785 0.4192]
train std=[0.1365 0.1371 0.1141 0.1063 0.1158 0.1138]
train q05=[0.3074 0.3979 0.3192 0.303  0.3347 0.2205]
train q95=[0.7933 0.8652 0.6719 0.6491 0.6927 0.6016]
val mean=[0.5473 0.5873 0.4922 0.4893 0.4798 0.4201]
val std=[0.1343 0.1348 0.1123 0.1072 0.1141 0.1112]
val q05=[0.3103 0.3982 0.3195 0.303  0.3376 0.2251]
val q95=[0.7886 0.8626 0.6731 0.6514 0.6918 0.5984]
val/train std ratio=[0.984  0.9828 0.9844 1.0084 0.9848 0.9772]
LR scheduler: ReduceLROnPlateau (factor=0.5, patience=8, min_lr=1e-07)
Epoch 001 | train_loss=3.1357e-02 | train_eval_loss=1.4198e-02 | val_loss=1.3820e-02 | | lr=1.00e-03
Saved best model to results/thesis_model_results/outputs/seed_robustness_shortlist/MLP__mse__minmax__seed21/mlp_state_dict_best.pt
Epoch 002 | train_loss=1.2727e-02 | train_eval_loss=8.7473e-03 | val_loss=8.5136e-03 | | lr=1.00e-03
Saved best model to results/thesis_model_results/outputs/seed_robustness_shortlist/MLP__mse__minmax__seed21/mlp_state_dict_best.pt
Epoch 003 | train_loss=4.7406e-03 | train_eval_loss=3.7330e-03 | val_loss=3.6777e-03 | | lr=1.00e-03
Saved best model to results/thesis_model_results/outputs/seed_robustness_shortlist/MLP__mse__minmax__seed21/mlp_state_dict_best.pt
Epoch 004 | train_loss=3.5373e-03 | train_eval_loss=3.4273e-03 | val_loss=3.3743e-03 | | lr=1.00e-03
Saved best model to results/thesis_model_results/outputs/seed_robustness_shortlist/MLP__mse__minmax__seed21/mlp_state_dict_best.pt
Epoch 005 | train_loss=3.2475e-03 | train_eval_loss=3.0745e-03 | val_loss=3.0216e-03 | | lr=1.00e-03
Saved best model to results/thesis_model_results/outputs/seed_robustness_shortlist/MLP__mse__minmax__seed21/mlp_state_dict_best.pt
Epoch 006 | train_loss=2.8650e-03 | train_eval_loss=2.6105e-03 | val_loss=2.5595e-03 | | lr=1.00e-03
Saved best model to results/thesis_model_results/outputs/seed_robustness_shortlist/MLP__mse__minmax__seed21/mlp_state_dict_best.pt
Epoch 007 | train_loss=2.4202e-03 | train_eval_loss=2.2150e-03 | val_loss=2.1765e-03 | | lr=1.00e-03
Saved best model to results/thesis_model_results/outputs/seed_robustness_shortlist/MLP__mse__minmax__seed21/mlp_state_dict_best.pt
Epoch 008 | train_loss=2.1107e-03 | train_eval_loss=2.1211e-03 | val_loss=2.0856e-03 | | lr=1.00e-03
Saved best model to results/thesis_model_results/outputs/seed_robustness_shortlist/MLP__mse__minmax__seed21/mlp_state_dict_best.pt
Epoch 009 | train_loss=1.9557e-03 | train_eval_loss=1.8353e-03 | val_loss=1.8046e-03 | | lr=1.00e-03
Saved best model to results/thesis_model_results/outputs/seed_robustness_shortlist/MLP__mse__minmax__seed21/mlp_state_dict_best.pt
Epoch 010 | train_loss=1.8470e-03 | train_eval_loss=1.7783e-03 | val_loss=1.7521e-03 | | lr=1.00e-03
Saved best model to results/thesis_model_results/outputs/seed_robustness_shortlist/MLP__mse__minmax__seed21/mlp_state_dict_best.pt
Epoch 011 | train_loss=1.7530e-03 | train_eval_loss=1.7271e-03 | val_loss=1.6968e-03 | | lr=1.00e-03
Saved best model to results/thesis_model_results/outputs/seed_robustness_shortlist/MLP__mse__minmax__seed21/mlp_state_dict_best.pt
Epoch 012 | train_loss=1.6931e-03 | train_eval_loss=1.6763e-03 | val_loss=1.6537e-03 | | lr=1.00e-03
Saved best model to results/thesis_model_results/outputs/seed_robustness_shortlist/MLP__mse__minmax__seed21/mlp_state_dict_best.pt
Epoch 013 | train_loss=1.6477e-03 | train_eval_loss=1.5699e-03 | val_loss=1.5487e-03 | | lr=1.00e-03
Saved best model to results/thesis_model_results/outputs/seed_robustness_shortlist/MLP__mse__minmax__seed21/mlp_state_dict_best.pt
Epoch 014 | train_loss=1.6004e-03 | train_eval_loss=1.5989e-03 | val_loss=1.5808e-03 | | lr=1.00e-03
Epoch 015 | train_loss=1.5491e-03 | train_eval_loss=1.4904e-03 | val_loss=1.4751e-03 | | lr=1.00e-03
Saved best model to results/thesis_model_results/outputs/seed_robustness_shortlist/MLP__mse__minmax__seed21/mlp_state_dict_best.pt
Epoch 016 | train_loss=1.4717e-03 | train_eval_loss=1.5315e-03 | val_loss=1.5108e-03 | | lr=1.00e-03
Epoch 017 | train_loss=1.5207e-03 | train_eval_loss=1.4259e-03 | val_loss=1.4063e-03 | | lr=1.00e-03
Saved best model to results/thesis_model_results/outputs/seed_robustness_shortlist/MLP__mse__minmax__seed21/mlp_state_dict_best.pt
Epoch 018 | train_loss=1.4259e-03 | train_eval_loss=1.3752e-03 | val_loss=1.3588e-03 | | lr=1.00e-03
Saved best model to results/thesis_model_results/outputs/seed_robustness_shortlist/MLP__mse__minmax__seed21/mlp_state_dict_best.pt
Epoch 019 | train_loss=1.4348e-03 | train_eval_loss=1.4771e-03 | val_loss=1.4580e-03 | | lr=1.00e-03
Epoch 020 | train_loss=1.3770e-03 | train_eval_loss=1.3790e-03 | val_loss=1.3712e-03 | | lr=1.00e-03
Epoch 021 | train_loss=1.3206e-03 | train_eval_loss=1.2786e-03 | val_loss=1.2666e-03 | | lr=1.00e-03
Saved best model to results/thesis_model_results/outputs/seed_robustness_shortlist/MLP__mse__minmax__seed21/mlp_state_dict_best.pt
Epoch 022 | train_loss=1.3387e-03 | train_eval_loss=1.4624e-03 | val_loss=1.4449e-03 | | lr=1.00e-03
Epoch 023 | train_loss=1.3087e-03 | train_eval_loss=1.2689e-03 | val_loss=1.2592e-03 | | lr=1.00e-03
Saved best model to results/thesis_model_results/outputs/seed_robustness_shortlist/MLP__mse__minmax__seed21/mlp_state_dict_best.pt
Epoch 024 | train_loss=1.2558e-03 | train_eval_loss=1.2320e-03 | val_loss=1.2170e-03 | | lr=1.00e-03
Saved best model to results/thesis_model_results/outputs/seed_robustness_shortlist/MLP__mse__minmax__seed21/mlp_state_dict_best.pt
Epoch 025 | train_loss=1.2617e-03 | train_eval_loss=1.2484e-03 | val_loss=1.2303e-03 | | lr=1.00e-03
Epoch 026 | train_loss=1.2288e-03 | train_eval_loss=1.1940e-03 | val_loss=1.1750e-03 | | lr=1.00e-03
Saved best model to results/thesis_model_results/outputs/seed_robustness_shortlist/MLP__mse__minmax__seed21/mlp_state_dict_best.pt
Epoch 027 | train_loss=1.2172e-03 | train_eval_loss=1.1700e-03 | val_loss=1.1532e-03 | | lr=1.00e-03
Saved best model to results/thesis_model_results/outputs/seed_robustness_shortlist/MLP__mse__minmax__seed21/mlp_state_dict_best.pt
Epoch 028 | train_loss=1.1805e-03 | train_eval_loss=1.1350e-03 | val_loss=1.1232e-03 | | lr=1.00e-03
Saved best model to results/thesis_model_results/outputs/seed_robustness_shortlist/MLP__mse__minmax__seed21/mlp_state_dict_best.pt
Epoch 029 | train_loss=1.1625e-03 | train_eval_loss=1.1243e-03 | val_loss=1.1122e-03 | | lr=1.00e-03
Saved best model to results/thesis_model_results/outputs/seed_robustness_shortlist/MLP__mse__minmax__seed21/mlp_state_dict_best.pt
Epoch 030 | train_loss=1.1544e-03 | train_eval_loss=1.0828e-03 | val_loss=1.0749e-03 | | lr=1.00e-03
Saved best model to results/thesis_model_results/outputs/seed_robustness_shortlist/MLP__mse__minmax__seed21/mlp_state_dict_best.pt
Epoch 031 | train_loss=1.1040e-03 | train_eval_loss=1.0898e-03 | val_loss=1.0823e-03 | | lr=1.00e-03
Epoch 032 | train_loss=1.1215e-03 | train_eval_loss=1.0492e-03 | val_loss=1.0404e-03 | | lr=1.00e-03
Saved best model to results/thesis_model_results/outputs/seed_robustness_shortlist/MLP__mse__minmax__seed21/mlp_state_dict_best.pt
Epoch 033 | train_loss=1.0924e-03 | train_eval_loss=1.0760e-03 | val_loss=1.0630e-03 | | lr=1.00e-03
Epoch 034 | train_loss=1.1361e-03 | train_eval_loss=1.1198e-03 | val_loss=1.1080e-03 | | lr=1.00e-03
Epoch 035 | train_loss=1.0560e-03 | train_eval_loss=9.9448e-04 | val_loss=9.8667e-04 | | lr=1.00e-03
Saved best model to results/thesis_model_results/outputs/seed_robustness_shortlist/MLP__mse__minmax__seed21/mlp_state_dict_best.pt
Epoch 036 | train_loss=1.0537e-03 | train_eval_loss=1.1631e-03 | val_loss=1.1418e-03 | | lr=1.00e-03
Epoch 037 | train_loss=1.0021e-03 | train_eval_loss=9.9169e-04 | val_loss=9.8019e-04 | | lr=1.00e-03
Saved best model to results/thesis_model_results/outputs/seed_robustness_shortlist/MLP__mse__minmax__seed21/mlp_state_dict_best.pt
Epoch 038 | train_loss=9.9232e-04 | train_eval_loss=1.0434e-03 | val_loss=1.0322e-03 | | lr=1.00e-03
Epoch 039 | train_loss=9.8833e-04 | train_eval_loss=9.7487e-04 | val_loss=9.6220e-04 | | lr=1.00e-03
Saved best model to results/thesis_model_results/outputs/seed_robustness_shortlist/MLP__mse__minmax__seed21/mlp_state_dict_best.pt
Epoch 040 | train_loss=9.5353e-04 | train_eval_loss=1.0337e-03 | val_loss=1.0230e-03 | | lr=1.00e-03
Epoch 041 | train_loss=9.4658e-04 | train_eval_loss=1.0075e-03 | val_loss=1.0039e-03 | | lr=1.00e-03
Epoch 042 | train_loss=9.3736e-04 | train_eval_loss=9.4695e-04 | val_loss=9.3820e-04 | | lr=1.00e-03
Saved best model to results/thesis_model_results/outputs/seed_robustness_shortlist/MLP__mse__minmax__seed21/mlp_state_dict_best.pt
Epoch 043 | train_loss=9.0622e-04 | train_eval_loss=8.3831e-04 | val_loss=8.3280e-04 | | lr=1.00e-03
Saved best model to results/thesis_model_results/outputs/seed_robustness_shortlist/MLP__mse__minmax__seed21/mlp_state_dict_best.pt
Epoch 044 | train_loss=9.0387e-04 | train_eval_loss=1.1406e-03 | val_loss=1.1378e-03 | | lr=1.00e-03
Epoch 045 | train_loss=9.2217e-04 | train_eval_loss=1.0301e-03 | val_loss=1.0267e-03 | | lr=1.00e-03
Epoch 046 | train_loss=9.2108e-04 | train_eval_loss=9.6870e-04 | val_loss=9.5806e-04 | | lr=1.00e-03
Epoch 047 | train_loss=8.4131e-04 | train_eval_loss=9.4621e-04 | val_loss=9.5205e-04 | | lr=1.00e-03
Epoch 048 | train_loss=8.7014e-04 | train_eval_loss=8.7140e-04 | val_loss=8.7485e-04 | | lr=1.00e-03
Epoch 049 | train_loss=8.4893e-04 | train_eval_loss=8.5259e-04 | val_loss=8.4942e-04 | | lr=1.00e-03
Epoch 050 | train_loss=7.7433e-04 | train_eval_loss=7.5490e-04 | val_loss=7.5607e-04 | | lr=1.00e-03
Saved best model to results/thesis_model_results/outputs/seed_robustness_shortlist/MLP__mse__minmax__seed21/mlp_state_dict_best.pt
Epoch 051 | train_loss=7.9132e-04 | train_eval_loss=8.3771e-04 | val_loss=8.3899e-04 | | lr=1.00e-03
Epoch 052 | train_loss=8.3094e-04 | train_eval_loss=9.0372e-04 | val_loss=9.0685e-04 | | lr=1.00e-03
Epoch 053 | train_loss=8.3404e-04 | train_eval_loss=7.6000e-04 | val_loss=7.6092e-04 | | lr=1.00e-03
Epoch 054 | train_loss=8.1453e-04 | train_eval_loss=8.4443e-04 | val_loss=8.4766e-04 | | lr=1.00e-03
Epoch 055 | train_loss=7.6333e-04 | train_eval_loss=7.5556e-04 | val_loss=7.5347e-04 | | lr=1.00e-03
Saved best model to results/thesis_model_results/outputs/seed_robustness_shortlist/MLP__mse__minmax__seed21/mlp_state_dict_best.pt
Epoch 056 | train_loss=8.1459e-04 | train_eval_loss=7.5070e-04 | val_loss=7.5550e-04 | | lr=1.00e-03
Epoch 057 | train_loss=7.9852e-04 | train_eval_loss=8.3237e-04 | val_loss=8.3173e-04 | | lr=1.00e-03
Epoch 058 | train_loss=7.3671e-04 | train_eval_loss=7.8249e-04 | val_loss=7.9062e-04 | | lr=1.00e-03
Epoch 059 | train_loss=7.6889e-04 | train_eval_loss=7.1177e-04 | val_loss=7.0982e-04 | | lr=1.00e-03
Saved best model to results/thesis_model_results/outputs/seed_robustness_shortlist/MLP__mse__minmax__seed21/mlp_state_dict_best.pt
Epoch 060 | train_loss=7.3892e-04 | train_eval_loss=7.5035e-04 | val_loss=7.5643e-04 | | lr=1.00e-03
Epoch 061 | train_loss=7.2049e-04 | train_eval_loss=9.2899e-04 | val_loss=9.2770e-04 | | lr=1.00e-03
Epoch 062 | train_loss=8.4867e-04 | train_eval_loss=7.3812e-04 | val_loss=7.4261e-04 | | lr=1.00e-03
Epoch 063 | train_loss=7.2328e-04 | train_eval_loss=6.7828e-04 | val_loss=6.8138e-04 | | lr=1.00e-03
Saved best model to results/thesis_model_results/outputs/seed_robustness_shortlist/MLP__mse__minmax__seed21/mlp_state_dict_best.pt
Epoch 064 | train_loss=6.9104e-04 | train_eval_loss=6.4613e-04 | val_loss=6.5205e-04 | | lr=1.00e-03
Saved best model to results/thesis_model_results/outputs/seed_robustness_shortlist/MLP__mse__minmax__seed21/mlp_state_dict_best.pt
Epoch 065 | train_loss=7.1964e-04 | train_eval_loss=9.1194e-04 | val_loss=9.1757e-04 | | lr=1.00e-03
Epoch 066 | train_loss=7.0804e-04 | train_eval_loss=8.0947e-04 | val_loss=8.1282e-04 | | lr=1.00e-03
Epoch 067 | train_loss=7.2696e-04 | train_eval_loss=7.1618e-04 | val_loss=7.2721e-04 | | lr=1.00e-03
Epoch 068 | train_loss=6.6780e-04 | train_eval_loss=6.6440e-04 | val_loss=6.7255e-04 | | lr=1.00e-03
Epoch 069 | train_loss=7.3015e-04 | train_eval_loss=6.6278e-04 | val_loss=6.7394e-04 | | lr=1.00e-03
Epoch 070 | train_loss=6.9468e-04 | train_eval_loss=6.9806e-04 | val_loss=6.9937e-04 | | lr=1.00e-03
Epoch 071 | train_loss=6.8360e-04 | train_eval_loss=6.3663e-04 | val_loss=6.4935e-04 | | lr=1.00e-03
Saved best model to results/thesis_model_results/outputs/seed_robustness_shortlist/MLP__mse__minmax__seed21/mlp_state_dict_best.pt
Epoch 072 | train_loss=6.6732e-04 | train_eval_loss=6.2092e-04 | val_loss=6.3205e-04 | | lr=1.00e-03
Saved best model to results/thesis_model_results/outputs/seed_robustness_shortlist/MLP__mse__minmax__seed21/mlp_state_dict_best.pt
Epoch 073 | train_loss=7.2820e-04 | train_eval_loss=6.1854e-04 | val_loss=6.2969e-04 | | lr=1.00e-03
Saved best model to results/thesis_model_results/outputs/seed_robustness_shortlist/MLP__mse__minmax__seed21/mlp_state_dict_best.pt
Epoch 074 | train_loss=6.6163e-04 | train_eval_loss=6.8830e-04 | val_loss=6.9704e-04 | | lr=1.00e-03
Epoch 075 | train_loss=6.8055e-04 | train_eval_loss=8.3718e-04 | val_loss=8.4332e-04 | | lr=1.00e-03
Epoch 076 | train_loss=7.1622e-04 | train_eval_loss=6.9919e-04 | val_loss=7.0746e-04 | | lr=1.00e-03
Epoch 077 | train_loss=6.4966e-04 | train_eval_loss=6.9748e-04 | val_loss=7.1381e-04 | | lr=1.00e-03
Epoch 078 | train_loss=6.1874e-04 | train_eval_loss=6.0896e-04 | val_loss=6.2318e-04 | | lr=1.00e-03
Saved best model to results/thesis_model_results/outputs/seed_robustness_shortlist/MLP__mse__minmax__seed21/mlp_state_dict_best.pt
Epoch 079 | train_loss=6.5304e-04 | train_eval_loss=6.3821e-04 | val_loss=6.5275e-04 | | lr=1.00e-03
Epoch 080 | train_loss=6.8411e-04 | train_eval_loss=6.6982e-04 | val_loss=6.7927e-04 | | lr=1.00e-03
Epoch 081 | train_loss=6.7405e-04 | train_eval_loss=5.7885e-04 | val_loss=5.8819e-04 | | lr=1.00e-03
Saved best model to results/thesis_model_results/outputs/seed_robustness_shortlist/MLP__mse__minmax__seed21/mlp_state_dict_best.pt
Epoch 082 | train_loss=6.1414e-04 | train_eval_loss=6.1658e-04 | val_loss=6.3471e-04 | | lr=1.00e-03
Epoch 083 | train_loss=6.6580e-04 | train_eval_loss=7.9520e-04 | val_loss=8.1696e-04 | | lr=1.00e-03
Epoch 084 | train_loss=6.4907e-04 | train_eval_loss=9.0028e-04 | val_loss=9.2903e-04 | | lr=1.00e-03
Epoch 085 | train_loss=6.6121e-04 | train_eval_loss=6.0140e-04 | val_loss=6.1129e-04 | | lr=1.00e-03
Epoch 086 | train_loss=6.0890e-04 | train_eval_loss=5.9965e-04 | val_loss=6.1515e-04 | | lr=1.00e-03
Epoch 087 | train_loss=6.3348e-04 | train_eval_loss=6.0246e-04 | val_loss=6.1363e-04 | | lr=1.00e-03
Epoch 088 | train_loss=6.1694e-04 | train_eval_loss=7.5806e-04 | val_loss=7.8419e-04 | | lr=1.00e-03
Epoch 089 | train_loss=6.0899e-04 | train_eval_loss=6.0059e-04 | val_loss=6.1987e-04 | | lr=1.00e-03
Epoch 090 | train_loss=6.0665e-04 | train_eval_loss=6.2488e-04 | val_loss=6.4280e-04 | | lr=1.00e-03
Epoch 091 | train_loss=5.3931e-04 | train_eval_loss=5.2946e-04 | val_loss=5.4970e-04 | | lr=5.00e-04
Saved best model to results/thesis_model_results/outputs/seed_robustness_shortlist/MLP__mse__minmax__seed21/mlp_state_dict_best.pt
Epoch 092 | train_loss=5.3104e-04 | train_eval_loss=5.4746e-04 | val_loss=5.6812e-04 | | lr=5.00e-04
Epoch 093 | train_loss=5.2191e-04 | train_eval_loss=5.2132e-04 | val_loss=5.4165e-04 | | lr=5.00e-04
Saved best model to results/thesis_model_results/outputs/seed_robustness_shortlist/MLP__mse__minmax__seed21/mlp_state_dict_best.pt
Epoch 094 | train_loss=5.2651e-04 | train_eval_loss=5.0716e-04 | val_loss=5.2979e-04 | | lr=5.00e-04
Saved best model to results/thesis_model_results/outputs/seed_robustness_shortlist/MLP__mse__minmax__seed21/mlp_state_dict_best.pt
Epoch 095 | train_loss=5.1945e-04 | train_eval_loss=5.3953e-04 | val_loss=5.5748e-04 | | lr=5.00e-04
Epoch 096 | train_loss=5.2028e-04 | train_eval_loss=5.1843e-04 | val_loss=5.4124e-04 | | lr=5.00e-04
Epoch 097 | train_loss=5.2681e-04 | train_eval_loss=5.2624e-04 | val_loss=5.4787e-04 | | lr=5.00e-04
Epoch 098 | train_loss=5.3547e-04 | train_eval_loss=5.7190e-04 | val_loss=5.9168e-04 | | lr=5.00e-04
Epoch 099 | train_loss=5.3880e-04 | train_eval_loss=5.1107e-04 | val_loss=5.3403e-04 | | lr=5.00e-04
Epoch 100 | train_loss=5.3561e-04 | train_eval_loss=5.2260e-04 | val_loss=5.4469e-04 | | lr=5.00e-04
Epoch 101 | train_loss=5.2552e-04 | train_eval_loss=5.3228e-04 | val_loss=5.5402e-04 | | lr=5.00e-04
Epoch 102 | train_loss=5.2335e-04 | train_eval_loss=5.6096e-04 | val_loss=5.8558e-04 | | lr=5.00e-04
Epoch 103 | train_loss=5.1665e-04 | train_eval_loss=6.3590e-04 | val_loss=6.6338e-04 | | lr=5.00e-04
Epoch 104 | train_loss=5.0040e-04 | train_eval_loss=4.8745e-04 | val_loss=5.1228e-04 | | lr=2.50e-04
Saved best model to results/thesis_model_results/outputs/seed_robustness_shortlist/MLP__mse__minmax__seed21/mlp_state_dict_best.pt
Epoch 105 | train_loss=4.8599e-04 | train_eval_loss=4.7877e-04 | val_loss=5.0584e-04 | | lr=2.50e-04
Saved best model to results/thesis_model_results/outputs/seed_robustness_shortlist/MLP__mse__minmax__seed21/mlp_state_dict_best.pt
Epoch 106 | train_loss=4.8579e-04 | train_eval_loss=4.7485e-04 | val_loss=4.9888e-04 | | lr=2.50e-04
Saved best model to results/thesis_model_results/outputs/seed_robustness_shortlist/MLP__mse__minmax__seed21/mlp_state_dict_best.pt
Epoch 107 | train_loss=4.8282e-04 | train_eval_loss=4.6974e-04 | val_loss=4.9771e-04 | | lr=2.50e-04
Saved best model to results/thesis_model_results/outputs/seed_robustness_shortlist/MLP__mse__minmax__seed21/mlp_state_dict_best.pt
Epoch 108 | train_loss=4.8812e-04 | train_eval_loss=4.6716e-04 | val_loss=4.9711e-04 | | lr=2.50e-04
Saved best model to results/thesis_model_results/outputs/seed_robustness_shortlist/MLP__mse__minmax__seed21/mlp_state_dict_best.pt
Epoch 109 | train_loss=4.8205e-04 | train_eval_loss=4.8713e-04 | val_loss=5.1761e-04 | | lr=2.50e-04
Epoch 110 | train_loss=4.8057e-04 | train_eval_loss=5.0093e-04 | val_loss=5.2921e-04 | | lr=2.50e-04
Epoch 111 | train_loss=4.9512e-04 | train_eval_loss=5.0759e-04 | val_loss=5.3246e-04 | | lr=2.50e-04
Epoch 112 | train_loss=4.7833e-04 | train_eval_loss=4.8704e-04 | val_loss=5.1546e-04 | | lr=2.50e-04
Epoch 113 | train_loss=4.7922e-04 | train_eval_loss=4.7288e-04 | val_loss=4.9963e-04 | | lr=2.50e-04
Epoch 114 | train_loss=4.7906e-04 | train_eval_loss=4.8262e-04 | val_loss=5.1145e-04 | | lr=2.50e-04
Epoch 115 | train_loss=4.8395e-04 | train_eval_loss=4.7523e-04 | val_loss=5.0627e-04 | | lr=2.50e-04
Epoch 116 | train_loss=4.8255e-04 | train_eval_loss=4.8790e-04 | val_loss=5.1340e-04 | | lr=2.50e-04
Epoch 117 | train_loss=4.7514e-04 | train_eval_loss=4.9452e-04 | val_loss=5.2280e-04 | | lr=2.50e-04
Epoch 118 | train_loss=4.6369e-04 | train_eval_loss=4.5943e-04 | val_loss=4.8788e-04 | | lr=1.25e-04
Saved best model to results/thesis_model_results/outputs/seed_robustness_shortlist/MLP__mse__minmax__seed21/mlp_state_dict_best.pt
Epoch 119 | train_loss=4.6017e-04 | train_eval_loss=4.5578e-04 | val_loss=4.8337e-04 | | lr=1.25e-04
Saved best model to results/thesis_model_results/outputs/seed_robustness_shortlist/MLP__mse__minmax__seed21/mlp_state_dict_best.pt
Epoch 120 | train_loss=4.6018e-04 | train_eval_loss=4.6325e-04 | val_loss=4.9058e-04 | | lr=1.25e-04
Epoch 121 | train_loss=4.5944e-04 | train_eval_loss=4.5237e-04 | val_loss=4.8468e-04 | | lr=1.25e-04
Epoch 122 | train_loss=4.5880e-04 | train_eval_loss=4.5125e-04 | val_loss=4.7741e-04 | | lr=1.25e-04
Saved best model to results/thesis_model_results/outputs/seed_robustness_shortlist/MLP__mse__minmax__seed21/mlp_state_dict_best.pt
Epoch 123 | train_loss=4.6061e-04 | train_eval_loss=4.5555e-04 | val_loss=4.8684e-04 | | lr=1.25e-04
Epoch 124 | train_loss=4.5991e-04 | train_eval_loss=4.6057e-04 | val_loss=4.8930e-04 | | lr=1.25e-04
Epoch 125 | train_loss=4.6045e-04 | train_eval_loss=4.5193e-04 | val_loss=4.7771e-04 | | lr=1.25e-04
Epoch 126 | train_loss=4.5671e-04 | train_eval_loss=4.5417e-04 | val_loss=4.8385e-04 | | lr=1.25e-04
Epoch 127 | train_loss=4.5665e-04 | train_eval_loss=4.6067e-04 | val_loss=4.8678e-04 | | lr=1.25e-04
Epoch 128 | train_loss=4.5855e-04 | train_eval_loss=4.6478e-04 | val_loss=4.9483e-04 | | lr=1.25e-04
Epoch 129 | train_loss=4.5898e-04 | train_eval_loss=4.5150e-04 | val_loss=4.8149e-04 | | lr=1.25e-04
Epoch 130 | train_loss=4.5747e-04 | train_eval_loss=4.5234e-04 | val_loss=4.8246e-04 | | lr=1.25e-04
Epoch 131 | train_loss=4.5745e-04 | train_eval_loss=4.5767e-04 | val_loss=4.8944e-04 | | lr=1.25e-04
Epoch 132 | train_loss=4.4642e-04 | train_eval_loss=4.4163e-04 | val_loss=4.7135e-04 | | lr=6.25e-05
Saved best model to results/thesis_model_results/outputs/seed_robustness_shortlist/MLP__mse__minmax__seed21/mlp_state_dict_best.pt
Epoch 133 | train_loss=4.4568e-04 | train_eval_loss=4.4702e-04 | val_loss=4.7981e-04 | | lr=6.25e-05
Epoch 134 | train_loss=4.4524e-04 | train_eval_loss=4.4549e-04 | val_loss=4.7437e-04 | | lr=6.25e-05
Epoch 135 | train_loss=4.4602e-04 | train_eval_loss=4.3908e-04 | val_loss=4.6957e-04 | | lr=6.25e-05
Saved best model to results/thesis_model_results/outputs/seed_robustness_shortlist/MLP__mse__minmax__seed21/mlp_state_dict_best.pt
Epoch 136 | train_loss=4.4480e-04 | train_eval_loss=4.4274e-04 | val_loss=4.7383e-04 | | lr=6.25e-05
Epoch 137 | train_loss=4.4348e-04 | train_eval_loss=4.3983e-04 | val_loss=4.6883e-04 | | lr=6.25e-05
Saved best model to results/thesis_model_results/outputs/seed_robustness_shortlist/MLP__mse__minmax__seed21/mlp_state_dict_best.pt
Epoch 138 | train_loss=4.4449e-04 | train_eval_loss=4.4001e-04 | val_loss=4.7209e-04 | | lr=6.25e-05
Epoch 139 | train_loss=4.4452e-04 | train_eval_loss=4.4141e-04 | val_loss=4.7241e-04 | | lr=6.25e-05
Epoch 140 | train_loss=4.4303e-04 | train_eval_loss=4.3948e-04 | val_loss=4.6954e-04 | | lr=6.25e-05
Epoch 141 | train_loss=4.4463e-04 | train_eval_loss=4.4222e-04 | val_loss=4.7390e-04 | | lr=6.25e-05
Epoch 142 | train_loss=4.4222e-04 | train_eval_loss=4.4505e-04 | val_loss=4.7443e-04 | | lr=6.25e-05
Epoch 143 | train_loss=4.4391e-04 | train_eval_loss=4.4448e-04 | val_loss=4.7537e-04 | | lr=6.25e-05
Epoch 144 | train_loss=4.4314e-04 | train_eval_loss=4.3683e-04 | val_loss=4.6922e-04 | | lr=6.25e-05
Epoch 145 | train_loss=4.4069e-04 | train_eval_loss=4.3830e-04 | val_loss=4.7061e-04 | | lr=6.25e-05
Epoch 146 | train_loss=4.4041e-04 | train_eval_loss=4.3718e-04 | val_loss=4.6791e-04 | | lr=6.25e-05
Saved best model to results/thesis_model_results/outputs/seed_robustness_shortlist/MLP__mse__minmax__seed21/mlp_state_dict_best.pt
Epoch 147 | train_loss=4.4359e-04 | train_eval_loss=4.3679e-04 | val_loss=4.6737e-04 | | lr=6.25e-05
Saved best model to results/thesis_model_results/outputs/seed_robustness_shortlist/MLP__mse__minmax__seed21/mlp_state_dict_best.pt
Epoch 148 | train_loss=4.4255e-04 | train_eval_loss=4.3964e-04 | val_loss=4.7016e-04 | | lr=6.25e-05
Epoch 149 | train_loss=4.4131e-04 | train_eval_loss=4.3454e-04 | val_loss=4.6430e-04 | | lr=6.25e-05
Saved best model to results/thesis_model_results/outputs/seed_robustness_shortlist/MLP__mse__minmax__seed21/mlp_state_dict_best.pt
Epoch 150 | train_loss=4.3871e-04 | train_eval_loss=4.3702e-04 | val_loss=4.6693e-04 | | lr=6.25e-05
Epoch 151 | train_loss=4.3876e-04 | train_eval_loss=4.3952e-04 | val_loss=4.6922e-04 | | lr=6.25e-05
Epoch 152 | train_loss=4.4041e-04 | train_eval_loss=4.3726e-04 | val_loss=4.6752e-04 | | lr=6.25e-05
Epoch 153 | train_loss=4.3961e-04 | train_eval_loss=4.3372e-04 | val_loss=4.6846e-04 | | lr=6.25e-05
Epoch 154 | train_loss=4.3702e-04 | train_eval_loss=4.3197e-04 | val_loss=4.6490e-04 | | lr=6.25e-05
Epoch 155 | train_loss=4.3686e-04 | train_eval_loss=4.4031e-04 | val_loss=4.7415e-04 | | lr=6.25e-05
Epoch 156 | train_loss=4.3773e-04 | train_eval_loss=4.3347e-04 | val_loss=4.6669e-04 | | lr=6.25e-05
Epoch 157 | train_loss=4.3814e-04 | train_eval_loss=4.3375e-04 | val_loss=4.6703e-04 | | lr=6.25e-05
Epoch 158 | train_loss=4.3742e-04 | train_eval_loss=4.4058e-04 | val_loss=4.7079e-04 | | lr=6.25e-05
Epoch 159 | train_loss=4.3113e-04 | train_eval_loss=4.2933e-04 | val_loss=4.6337e-04 | | lr=3.13e-05
Saved best model to results/thesis_model_results/outputs/seed_robustness_shortlist/MLP__mse__minmax__seed21/mlp_state_dict_best.pt
Epoch 160 | train_loss=4.3126e-04 | train_eval_loss=4.3159e-04 | val_loss=4.6425e-04 | | lr=3.13e-05
Epoch 161 | train_loss=4.3271e-04 | train_eval_loss=4.2974e-04 | val_loss=4.6233e-04 | | lr=3.13e-05
Saved best model to results/thesis_model_results/outputs/seed_robustness_shortlist/MLP__mse__minmax__seed21/mlp_state_dict_best.pt
Epoch 162 | train_loss=4.3089e-04 | train_eval_loss=4.2808e-04 | val_loss=4.6295e-04 | | lr=3.13e-05
Epoch 163 | train_loss=4.3084e-04 | train_eval_loss=4.2852e-04 | val_loss=4.6165e-04 | | lr=3.13e-05
Saved best model to results/thesis_model_results/outputs/seed_robustness_shortlist/MLP__mse__minmax__seed21/mlp_state_dict_best.pt
Epoch 164 | train_loss=4.3014e-04 | train_eval_loss=4.2947e-04 | val_loss=4.6335e-04 | | lr=3.13e-05
Epoch 165 | train_loss=4.3189e-04 | train_eval_loss=4.2750e-04 | val_loss=4.5898e-04 | | lr=3.13e-05
Saved best model to results/thesis_model_results/outputs/seed_robustness_shortlist/MLP__mse__minmax__seed21/mlp_state_dict_best.pt
Epoch 166 | train_loss=4.3032e-04 | train_eval_loss=4.2853e-04 | val_loss=4.6125e-04 | | lr=3.13e-05
Epoch 167 | train_loss=4.3005e-04 | train_eval_loss=4.3136e-04 | val_loss=4.6407e-04 | | lr=3.13e-05
Epoch 168 | train_loss=4.2954e-04 | train_eval_loss=4.2986e-04 | val_loss=4.6162e-04 | | lr=3.13e-05
Epoch 169 | train_loss=4.2930e-04 | train_eval_loss=4.2762e-04 | val_loss=4.6308e-04 | | lr=3.13e-05
Epoch 170 | train_loss=4.2984e-04 | train_eval_loss=4.2905e-04 | val_loss=4.6386e-04 | | lr=3.13e-05
Epoch 171 | train_loss=4.2926e-04 | train_eval_loss=4.2834e-04 | val_loss=4.6214e-04 | | lr=3.13e-05
Epoch 172 | train_loss=4.2951e-04 | train_eval_loss=4.2914e-04 | val_loss=4.6096e-04 | | lr=3.13e-05
Epoch 173 | train_loss=4.2972e-04 | train_eval_loss=4.2586e-04 | val_loss=4.5772e-04 | | lr=3.13e-05
Saved best model to results/thesis_model_results/outputs/seed_robustness_shortlist/MLP__mse__minmax__seed21/mlp_state_dict_best.pt
Epoch 174 | train_loss=4.2828e-04 | train_eval_loss=4.2513e-04 | val_loss=4.5762e-04 | | lr=3.13e-05
Saved best model to results/thesis_model_results/outputs/seed_robustness_shortlist/MLP__mse__minmax__seed21/mlp_state_dict_best.pt
Epoch 175 | train_loss=4.2832e-04 | train_eval_loss=4.2783e-04 | val_loss=4.6273e-04 | | lr=3.13e-05
Epoch 176 | train_loss=4.2929e-04 | train_eval_loss=4.3335e-04 | val_loss=4.6628e-04 | | lr=3.13e-05
Epoch 177 | train_loss=4.2850e-04 | train_eval_loss=4.2907e-04 | val_loss=4.6069e-04 | | lr=3.13e-05
Epoch 178 | train_loss=4.2774e-04 | train_eval_loss=4.2533e-04 | val_loss=4.5908e-04 | | lr=3.13e-05
Epoch 179 | train_loss=4.2734e-04 | train_eval_loss=4.2539e-04 | val_loss=4.5747e-04 | | lr=3.13e-05
Saved best model to results/thesis_model_results/outputs/seed_robustness_shortlist/MLP__mse__minmax__seed21/mlp_state_dict_best.pt
Epoch 180 | train_loss=4.2793e-04 | train_eval_loss=4.2413e-04 | val_loss=4.5870e-04 | | lr=3.13e-05
Epoch 181 | train_loss=4.2631e-04 | train_eval_loss=4.2881e-04 | val_loss=4.6257e-04 | | lr=3.13e-05
Epoch 182 | train_loss=4.2797e-04 | train_eval_loss=4.2368e-04 | val_loss=4.5603e-04 | | lr=3.13e-05
Saved best model to results/thesis_model_results/outputs/seed_robustness_shortlist/MLP__mse__minmax__seed21/mlp_state_dict_best.pt
Epoch 183 | train_loss=4.2643e-04 | train_eval_loss=4.2319e-04 | val_loss=4.5570e-04 | | lr=3.13e-05
Saved best model to results/thesis_model_results/outputs/seed_robustness_shortlist/MLP__mse__minmax__seed21/mlp_state_dict_best.pt
Epoch 184 | train_loss=4.2678e-04 | train_eval_loss=4.2335e-04 | val_loss=4.5822e-04 | | lr=3.13e-05
Epoch 185 | train_loss=4.2634e-04 | train_eval_loss=4.2673e-04 | val_loss=4.6013e-04 | | lr=3.13e-05
Epoch 186 | train_loss=4.2733e-04 | train_eval_loss=4.2451e-04 | val_loss=4.5857e-04 | | lr=3.13e-05
Epoch 187 | train_loss=4.2740e-04 | train_eval_loss=4.2320e-04 | val_loss=4.5541e-04 | | lr=3.13e-05
Saved best model to results/thesis_model_results/outputs/seed_robustness_shortlist/MLP__mse__minmax__seed21/mlp_state_dict_best.pt
Epoch 188 | train_loss=4.2672e-04 | train_eval_loss=4.3017e-04 | val_loss=4.6375e-04 | | lr=3.13e-05
Epoch 189 | train_loss=4.2852e-04 | train_eval_loss=4.2261e-04 | val_loss=4.5711e-04 | | lr=3.13e-05
Epoch 190 | train_loss=4.2463e-04 | train_eval_loss=4.2328e-04 | val_loss=4.5851e-04 | | lr=3.13e-05
Epoch 191 | train_loss=4.2407e-04 | train_eval_loss=4.2276e-04 | val_loss=4.5802e-04 | | lr=3.13e-05
Epoch 192 | train_loss=4.2444e-04 | train_eval_loss=4.2360e-04 | val_loss=4.5870e-04 | | lr=3.13e-05
Epoch 193 | train_loss=4.2575e-04 | train_eval_loss=4.2775e-04 | val_loss=4.6303e-04 | | lr=3.13e-05
Epoch 194 | train_loss=4.2522e-04 | train_eval_loss=4.2219e-04 | val_loss=4.5694e-04 | | lr=3.13e-05
Epoch 195 | train_loss=4.2528e-04 | train_eval_loss=4.2505e-04 | val_loss=4.6038e-04 | | lr=3.13e-05
Epoch 196 | train_loss=4.2517e-04 | train_eval_loss=4.2178e-04 | val_loss=4.5777e-04 | | lr=3.13e-05
Epoch 197 | train_loss=4.2129e-04 | train_eval_loss=4.2017e-04 | val_loss=4.5424e-04 | | lr=1.56e-05
Saved best model to results/thesis_model_results/outputs/seed_robustness_shortlist/MLP__mse__minmax__seed21/mlp_state_dict_best.pt
Epoch 198 | train_loss=4.2058e-04 | train_eval_loss=4.1915e-04 | val_loss=4.5403e-04 | | lr=1.56e-05
Saved best model to results/thesis_model_results/outputs/seed_robustness_shortlist/MLP__mse__minmax__seed21/mlp_state_dict_best.pt
Epoch 199 | train_loss=4.2087e-04 | train_eval_loss=4.1920e-04 | val_loss=4.5546e-04 | | lr=1.56e-05
Epoch 200 | train_loss=4.2054e-04 | train_eval_loss=4.1888e-04 | val_loss=4.5361e-04 | | lr=1.56e-05
Saved best model to results/thesis_model_results/outputs/seed_robustness_shortlist/MLP__mse__minmax__seed21/mlp_state_dict_best.pt
Saved training logs to results/thesis_model_results/outputs/seed_robustness_shortlist/MLP__mse__minmax__seed21/training_summary.txt
Test RMSE(rocof_COI) = 0.0165 | norm: 0.0125 | real_diff: 0.0120
Test RMSE(dev_COI) = 0.0342 | norm: 0.0127 | real_diff: 0.0207
Test RMSE(Delta_P_IBR_1) = 0.1318 | norm: 0.0208 | real_diff: 0.0932
Test RMSE(Delta_P_IBR_2) = 0.1305 | norm: 0.0182 | real_diff: 0.0780
Test RMSE(Delta_P_IBR_3) = 0.1844 | norm: 0.0324 | real_diff: 0.1036
Test RMSE(Delta_P_IBR_4) = 0.2186 | norm: 0.0226 | real_diff: 0.1460
Saved RMSE results to results/thesis_model_results/outputs/seed_robustness_shortlist/MLP__mse__minmax__seed21/rmse_results.txt
Saved detailed metrics to results/thesis_model_results/outputs/seed_robustness_shortlist/MLP__mse__minmax__seed21/metrics_by_target.csv
Saved aggregate metrics to results/thesis_model_results/outputs/seed_robustness_shortlist/MLP__mse__minmax__seed21/metrics_summary.json
Saved loss curves to results/thesis_model_results/outputs/seed_robustness_shortlist/MLP__mse__minmax__seed21/loss_curve.png
Saved scatter plot results/thesis_model_results/outputs/seed_robustness_shortlist/MLP__mse__minmax__seed21/scatter_rocof_COI.png
Saved scatter plot results/thesis_model_results/outputs/seed_robustness_shortlist/MLP__mse__minmax__seed21/scatter_dev_COI.png
Saved scatter plot results/thesis_model_results/outputs/seed_robustness_shortlist/MLP__mse__minmax__seed21/scatter_Delta_P_IBR_1.png
Saved scatter plot results/thesis_model_results/outputs/seed_robustness_shortlist/MLP__mse__minmax__seed21/scatter_Delta_P_IBR_2.png
Saved scatter plot results/thesis_model_results/outputs/seed_robustness_shortlist/MLP__mse__minmax__seed21/scatter_Delta_P_IBR_3.png
Saved scatter plot results/thesis_model_results/outputs/seed_robustness_shortlist/MLP__mse__minmax__seed21/scatter_Delta_P_IBR_4.png
Saved model to results/thesis_model_results/outputs/seed_robustness_shortlist/MLP__mse__minmax__seed21/mlp_state_dict.pt
Loss type: mse | weights=[]
Target stats (scaled):
train mean=[0.549  0.589  0.492  0.4884 0.4785 0.4192]
train std=[0.1365 0.1371 0.1141 0.1063 0.1158 0.1138]
train q05=[0.3074 0.3979 0.3192 0.303  0.3347 0.2205]
train q95=[0.7933 0.8652 0.6719 0.6491 0.6927 0.6016]
val mean=[0.5473 0.5873 0.4922 0.4893 0.4798 0.4201]
val std=[0.1343 0.1348 0.1123 0.1072 0.1141 0.1112]
val q05=[0.3103 0.3982 0.3195 0.303  0.3376 0.2251]
val q95=[0.7886 0.8626 0.6731 0.6514 0.6918 0.5984]
val/train std ratio=[0.984  0.9828 0.9844 1.0084 0.9848 0.9772]
LR scheduler: ReduceLROnPlateau (factor=0.5, patience=8, min_lr=1e-07)
Epoch 001 | train_loss=3.1634e-02 | train_eval_loss=1.3962e-02 | val_loss=1.3580e-02 | | lr=1.00e-03
Saved best model to results/thesis_model_results/outputs/seed_robustness_shortlist/MLP__mse__minmax__seed42/mlp_state_dict_best.pt
Epoch 002 | train_loss=1.0741e-02 | train_eval_loss=4.6903e-03 | val_loss=4.6251e-03 | | lr=1.00e-03
Saved best model to results/thesis_model_results/outputs/seed_robustness_shortlist/MLP__mse__minmax__seed42/mlp_state_dict_best.pt
Epoch 003 | train_loss=3.8350e-03 | train_eval_loss=3.4604e-03 | val_loss=3.4092e-03 | | lr=1.00e-03
Saved best model to results/thesis_model_results/outputs/seed_robustness_shortlist/MLP__mse__minmax__seed42/mlp_state_dict_best.pt
Epoch 004 | train_loss=3.3530e-03 | train_eval_loss=3.0775e-03 | val_loss=3.0370e-03 | | lr=1.00e-03
Saved best model to results/thesis_model_results/outputs/seed_robustness_shortlist/MLP__mse__minmax__seed42/mlp_state_dict_best.pt
Epoch 005 | train_loss=2.9001e-03 | train_eval_loss=2.6321e-03 | val_loss=2.5877e-03 | | lr=1.00e-03
Saved best model to results/thesis_model_results/outputs/seed_robustness_shortlist/MLP__mse__minmax__seed42/mlp_state_dict_best.pt
Epoch 006 | train_loss=2.4923e-03 | train_eval_loss=2.2499e-03 | val_loss=2.2092e-03 | | lr=1.00e-03
Saved best model to results/thesis_model_results/outputs/seed_robustness_shortlist/MLP__mse__minmax__seed42/mlp_state_dict_best.pt
Epoch 007 | train_loss=2.1571e-03 | train_eval_loss=2.1557e-03 | val_loss=2.1165e-03 | | lr=1.00e-03
Saved best model to results/thesis_model_results/outputs/seed_robustness_shortlist/MLP__mse__minmax__seed42/mlp_state_dict_best.pt
Epoch 008 | train_loss=1.9811e-03 | train_eval_loss=1.9435e-03 | val_loss=1.9058e-03 | | lr=1.00e-03
Saved best model to results/thesis_model_results/outputs/seed_robustness_shortlist/MLP__mse__minmax__seed42/mlp_state_dict_best.pt
Epoch 009 | train_loss=1.8567e-03 | train_eval_loss=1.7611e-03 | val_loss=1.7343e-03 | | lr=1.00e-03
Saved best model to results/thesis_model_results/outputs/seed_robustness_shortlist/MLP__mse__minmax__seed42/mlp_state_dict_best.pt
Epoch 010 | train_loss=1.7228e-03 | train_eval_loss=1.6656e-03 | val_loss=1.6335e-03 | | lr=1.00e-03
Saved best model to results/thesis_model_results/outputs/seed_robustness_shortlist/MLP__mse__minmax__seed42/mlp_state_dict_best.pt
Epoch 011 | train_loss=1.6657e-03 | train_eval_loss=1.6584e-03 | val_loss=1.6277e-03 | | lr=1.00e-03
Saved best model to results/thesis_model_results/outputs/seed_robustness_shortlist/MLP__mse__minmax__seed42/mlp_state_dict_best.pt
Epoch 012 | train_loss=1.6198e-03 | train_eval_loss=1.5315e-03 | val_loss=1.4997e-03 | | lr=1.00e-03
Saved best model to results/thesis_model_results/outputs/seed_robustness_shortlist/MLP__mse__minmax__seed42/mlp_state_dict_best.pt
Epoch 013 | train_loss=1.5954e-03 | train_eval_loss=1.6471e-03 | val_loss=1.6167e-03 | | lr=1.00e-03
Epoch 014 | train_loss=1.5155e-03 | train_eval_loss=1.4921e-03 | val_loss=1.4678e-03 | | lr=1.00e-03
Saved best model to results/thesis_model_results/outputs/seed_robustness_shortlist/MLP__mse__minmax__seed42/mlp_state_dict_best.pt
Epoch 015 | train_loss=1.4612e-03 | train_eval_loss=1.4657e-03 | val_loss=1.4403e-03 | | lr=1.00e-03
Saved best model to results/thesis_model_results/outputs/seed_robustness_shortlist/MLP__mse__minmax__seed42/mlp_state_dict_best.pt
Epoch 016 | train_loss=1.4379e-03 | train_eval_loss=1.4918e-03 | val_loss=1.4706e-03 | | lr=1.00e-03
Epoch 017 | train_loss=1.4335e-03 | train_eval_loss=1.3490e-03 | val_loss=1.3258e-03 | | lr=1.00e-03
Saved best model to results/thesis_model_results/outputs/seed_robustness_shortlist/MLP__mse__minmax__seed42/mlp_state_dict_best.pt
Epoch 018 | train_loss=1.3959e-03 | train_eval_loss=1.3559e-03 | val_loss=1.3361e-03 | | lr=1.00e-03
Epoch 019 | train_loss=1.3602e-03 | train_eval_loss=1.3493e-03 | val_loss=1.3250e-03 | | lr=1.00e-03
Saved best model to results/thesis_model_results/outputs/seed_robustness_shortlist/MLP__mse__minmax__seed42/mlp_state_dict_best.pt
Epoch 020 | train_loss=1.3388e-03 | train_eval_loss=1.2658e-03 | val_loss=1.2494e-03 | | lr=1.00e-03
Saved best model to results/thesis_model_results/outputs/seed_robustness_shortlist/MLP__mse__minmax__seed42/mlp_state_dict_best.pt
Epoch 021 | train_loss=1.2910e-03 | train_eval_loss=1.2288e-03 | val_loss=1.2148e-03 | | lr=1.00e-03
Saved best model to results/thesis_model_results/outputs/seed_robustness_shortlist/MLP__mse__minmax__seed42/mlp_state_dict_best.pt
Epoch 022 | train_loss=1.2540e-03 | train_eval_loss=1.2233e-03 | val_loss=1.2067e-03 | | lr=1.00e-03
Saved best model to results/thesis_model_results/outputs/seed_robustness_shortlist/MLP__mse__minmax__seed42/mlp_state_dict_best.pt
Epoch 023 | train_loss=1.2628e-03 | train_eval_loss=1.2192e-03 | val_loss=1.2066e-03 | | lr=1.00e-03
Saved best model to results/thesis_model_results/outputs/seed_robustness_shortlist/MLP__mse__minmax__seed42/mlp_state_dict_best.pt
Epoch 024 | train_loss=1.2408e-03 | train_eval_loss=1.1653e-03 | val_loss=1.1505e-03 | | lr=1.00e-03
Saved best model to results/thesis_model_results/outputs/seed_robustness_shortlist/MLP__mse__minmax__seed42/mlp_state_dict_best.pt
Epoch 025 | train_loss=1.2016e-03 | train_eval_loss=1.1609e-03 | val_loss=1.1454e-03 | | lr=1.00e-03
Saved best model to results/thesis_model_results/outputs/seed_robustness_shortlist/MLP__mse__minmax__seed42/mlp_state_dict_best.pt
Epoch 026 | train_loss=1.2227e-03 | train_eval_loss=1.2025e-03 | val_loss=1.1899e-03 | | lr=1.00e-03
Epoch 027 | train_loss=1.1827e-03 | train_eval_loss=1.1619e-03 | val_loss=1.1521e-03 | | lr=1.00e-03
Epoch 028 | train_loss=1.1656e-03 | train_eval_loss=1.2376e-03 | val_loss=1.2293e-03 | | lr=1.00e-03
Epoch 029 | train_loss=1.1476e-03 | train_eval_loss=1.0902e-03 | val_loss=1.0740e-03 | | lr=1.00e-03
Saved best model to results/thesis_model_results/outputs/seed_robustness_shortlist/MLP__mse__minmax__seed42/mlp_state_dict_best.pt
Epoch 030 | train_loss=1.1334e-03 | train_eval_loss=1.1669e-03 | val_loss=1.1486e-03 | | lr=1.00e-03
Epoch 031 | train_loss=1.0938e-03 | train_eval_loss=1.1409e-03 | val_loss=1.1324e-03 | | lr=1.00e-03
Epoch 032 | train_loss=1.0926e-03 | train_eval_loss=1.1190e-03 | val_loss=1.1093e-03 | | lr=1.00e-03
Epoch 033 | train_loss=1.0952e-03 | train_eval_loss=1.0330e-03 | val_loss=1.0223e-03 | | lr=1.00e-03
Saved best model to results/thesis_model_results/outputs/seed_robustness_shortlist/MLP__mse__minmax__seed42/mlp_state_dict_best.pt
Epoch 034 | train_loss=1.0715e-03 | train_eval_loss=1.2395e-03 | val_loss=1.2264e-03 | | lr=1.00e-03
Epoch 035 | train_loss=1.0684e-03 | train_eval_loss=1.1570e-03 | val_loss=1.1407e-03 | | lr=1.00e-03
Epoch 036 | train_loss=1.0753e-03 | train_eval_loss=1.0282e-03 | val_loss=1.0207e-03 | | lr=1.00e-03
Saved best model to results/thesis_model_results/outputs/seed_robustness_shortlist/MLP__mse__minmax__seed42/mlp_state_dict_best.pt
Epoch 037 | train_loss=1.0365e-03 | train_eval_loss=9.9509e-04 | val_loss=9.8403e-04 | | lr=1.00e-03
Saved best model to results/thesis_model_results/outputs/seed_robustness_shortlist/MLP__mse__minmax__seed42/mlp_state_dict_best.pt
Epoch 038 | train_loss=1.0207e-03 | train_eval_loss=1.0331e-03 | val_loss=1.0222e-03 | | lr=1.00e-03
Epoch 039 | train_loss=9.9134e-04 | train_eval_loss=9.4183e-04 | val_loss=9.3764e-04 | | lr=1.00e-03
Saved best model to results/thesis_model_results/outputs/seed_robustness_shortlist/MLP__mse__minmax__seed42/mlp_state_dict_best.pt
Epoch 040 | train_loss=9.5397e-04 | train_eval_loss=1.0436e-03 | val_loss=1.0309e-03 | | lr=1.00e-03
Epoch 041 | train_loss=9.6804e-04 | train_eval_loss=1.0499e-03 | val_loss=1.0426e-03 | | lr=1.00e-03
Epoch 042 | train_loss=9.6950e-04 | train_eval_loss=9.6368e-04 | val_loss=9.5863e-04 | | lr=1.00e-03
Epoch 043 | train_loss=9.7172e-04 | train_eval_loss=9.4476e-04 | val_loss=9.3754e-04 | | lr=1.00e-03
Saved best model to results/thesis_model_results/outputs/seed_robustness_shortlist/MLP__mse__minmax__seed42/mlp_state_dict_best.pt
Epoch 044 | train_loss=9.6215e-04 | train_eval_loss=8.9064e-04 | val_loss=8.8428e-04 | | lr=1.00e-03
Saved best model to results/thesis_model_results/outputs/seed_robustness_shortlist/MLP__mse__minmax__seed42/mlp_state_dict_best.pt
Epoch 045 | train_loss=9.0080e-04 | train_eval_loss=9.1568e-04 | val_loss=9.0986e-04 | | lr=1.00e-03
Epoch 046 | train_loss=9.0166e-04 | train_eval_loss=8.8107e-04 | val_loss=8.7320e-04 | | lr=1.00e-03
Saved best model to results/thesis_model_results/outputs/seed_robustness_shortlist/MLP__mse__minmax__seed42/mlp_state_dict_best.pt
Epoch 047 | train_loss=8.8078e-04 | train_eval_loss=8.9464e-04 | val_loss=8.8928e-04 | | lr=1.00e-03
Epoch 048 | train_loss=9.0335e-04 | train_eval_loss=8.4878e-04 | val_loss=8.4478e-04 | | lr=1.00e-03
Saved best model to results/thesis_model_results/outputs/seed_robustness_shortlist/MLP__mse__minmax__seed42/mlp_state_dict_best.pt
Epoch 049 | train_loss=8.9552e-04 | train_eval_loss=9.0583e-04 | val_loss=9.0496e-04 | | lr=1.00e-03
Epoch 050 | train_loss=8.3150e-04 | train_eval_loss=8.2284e-04 | val_loss=8.2278e-04 | | lr=1.00e-03
Saved best model to results/thesis_model_results/outputs/seed_robustness_shortlist/MLP__mse__minmax__seed42/mlp_state_dict_best.pt
Epoch 051 | train_loss=8.7797e-04 | train_eval_loss=8.9669e-04 | val_loss=8.9710e-04 | | lr=1.00e-03
Epoch 052 | train_loss=8.5372e-04 | train_eval_loss=7.7085e-04 | val_loss=7.7359e-04 | | lr=1.00e-03
Saved best model to results/thesis_model_results/outputs/seed_robustness_shortlist/MLP__mse__minmax__seed42/mlp_state_dict_best.pt
Epoch 053 | train_loss=8.0823e-04 | train_eval_loss=7.9678e-04 | val_loss=7.9713e-04 | | lr=1.00e-03
Epoch 054 | train_loss=7.8891e-04 | train_eval_loss=7.8117e-04 | val_loss=7.8036e-04 | | lr=1.00e-03
Epoch 055 | train_loss=8.1450e-04 | train_eval_loss=1.0001e-03 | val_loss=9.9330e-04 | | lr=1.00e-03
Epoch 056 | train_loss=7.8389e-04 | train_eval_loss=8.0856e-04 | val_loss=8.1033e-04 | | lr=1.00e-03
Epoch 057 | train_loss=7.8066e-04 | train_eval_loss=7.4211e-04 | val_loss=7.4707e-04 | | lr=1.00e-03
Saved best model to results/thesis_model_results/outputs/seed_robustness_shortlist/MLP__mse__minmax__seed42/mlp_state_dict_best.pt
Epoch 058 | train_loss=7.7117e-04 | train_eval_loss=7.3180e-04 | val_loss=7.3410e-04 | | lr=1.00e-03
Saved best model to results/thesis_model_results/outputs/seed_robustness_shortlist/MLP__mse__minmax__seed42/mlp_state_dict_best.pt
Epoch 059 | train_loss=7.3862e-04 | train_eval_loss=7.4348e-04 | val_loss=7.4524e-04 | | lr=1.00e-03
Epoch 060 | train_loss=7.4441e-04 | train_eval_loss=7.1886e-04 | val_loss=7.2296e-04 | | lr=1.00e-03
Saved best model to results/thesis_model_results/outputs/seed_robustness_shortlist/MLP__mse__minmax__seed42/mlp_state_dict_best.pt
Epoch 061 | train_loss=7.4620e-04 | train_eval_loss=7.4302e-04 | val_loss=7.4741e-04 | | lr=1.00e-03
Epoch 062 | train_loss=7.4183e-04 | train_eval_loss=9.0712e-04 | val_loss=9.0888e-04 | | lr=1.00e-03
Epoch 063 | train_loss=7.9484e-04 | train_eval_loss=7.1322e-04 | val_loss=7.1188e-04 | | lr=1.00e-03
Saved best model to results/thesis_model_results/outputs/seed_robustness_shortlist/MLP__mse__minmax__seed42/mlp_state_dict_best.pt
Epoch 064 | train_loss=7.3532e-04 | train_eval_loss=7.1651e-04 | val_loss=7.2165e-04 | | lr=1.00e-03
Epoch 065 | train_loss=7.2592e-04 | train_eval_loss=6.7625e-04 | val_loss=6.8468e-04 | | lr=1.00e-03
Saved best model to results/thesis_model_results/outputs/seed_robustness_shortlist/MLP__mse__minmax__seed42/mlp_state_dict_best.pt
Epoch 066 | train_loss=6.9276e-04 | train_eval_loss=6.8109e-04 | val_loss=6.9024e-04 | | lr=1.00e-03
Epoch 067 | train_loss=7.3398e-04 | train_eval_loss=7.4581e-04 | val_loss=7.5837e-04 | | lr=1.00e-03
Epoch 068 | train_loss=6.9249e-04 | train_eval_loss=8.2154e-04 | val_loss=8.2804e-04 | | lr=1.00e-03
Epoch 069 | train_loss=7.1031e-04 | train_eval_loss=7.4874e-04 | val_loss=7.6188e-04 | | lr=1.00e-03
Epoch 070 | train_loss=6.7820e-04 | train_eval_loss=6.6687e-04 | val_loss=6.7244e-04 | | lr=1.00e-03
Saved best model to results/thesis_model_results/outputs/seed_robustness_shortlist/MLP__mse__minmax__seed42/mlp_state_dict_best.pt
Epoch 071 | train_loss=6.9613e-04 | train_eval_loss=6.5859e-04 | val_loss=6.6415e-04 | | lr=1.00e-03
Saved best model to results/thesis_model_results/outputs/seed_robustness_shortlist/MLP__mse__minmax__seed42/mlp_state_dict_best.pt
Epoch 072 | train_loss=6.9809e-04 | train_eval_loss=7.8310e-04 | val_loss=7.8904e-04 | | lr=1.00e-03
Epoch 073 | train_loss=6.9437e-04 | train_eval_loss=6.3792e-04 | val_loss=6.5024e-04 | | lr=1.00e-03
Saved best model to results/thesis_model_results/outputs/seed_robustness_shortlist/MLP__mse__minmax__seed42/mlp_state_dict_best.pt
Epoch 074 | train_loss=6.7404e-04 | train_eval_loss=7.1182e-04 | val_loss=7.1770e-04 | | lr=1.00e-03
Epoch 075 | train_loss=6.4655e-04 | train_eval_loss=6.9797e-04 | val_loss=6.9832e-04 | | lr=1.00e-03
Epoch 076 | train_loss=6.9446e-04 | train_eval_loss=6.5115e-04 | val_loss=6.5636e-04 | | lr=1.00e-03
Epoch 077 | train_loss=6.8961e-04 | train_eval_loss=6.2624e-04 | val_loss=6.3314e-04 | | lr=1.00e-03
Saved best model to results/thesis_model_results/outputs/seed_robustness_shortlist/MLP__mse__minmax__seed42/mlp_state_dict_best.pt
Epoch 078 | train_loss=6.6007e-04 | train_eval_loss=6.7941e-04 | val_loss=6.8547e-04 | | lr=1.00e-03
Epoch 079 | train_loss=6.5587e-04 | train_eval_loss=7.3228e-04 | val_loss=7.3853e-04 | | lr=1.00e-03
Epoch 080 | train_loss=7.0258e-04 | train_eval_loss=8.4139e-04 | val_loss=8.5517e-04 | | lr=1.00e-03
Epoch 081 | train_loss=6.8873e-04 | train_eval_loss=6.3406e-04 | val_loss=6.4124e-04 | | lr=1.00e-03
Epoch 082 | train_loss=6.4370e-04 | train_eval_loss=6.2574e-04 | val_loss=6.3576e-04 | | lr=1.00e-03
Epoch 083 | train_loss=6.2659e-04 | train_eval_loss=6.2871e-04 | val_loss=6.4015e-04 | | lr=1.00e-03
Epoch 084 | train_loss=6.3556e-04 | train_eval_loss=6.1540e-04 | val_loss=6.2838e-04 | | lr=1.00e-03
Saved best model to results/thesis_model_results/outputs/seed_robustness_shortlist/MLP__mse__minmax__seed42/mlp_state_dict_best.pt
Epoch 085 | train_loss=6.4098e-04 | train_eval_loss=6.0449e-04 | val_loss=6.1374e-04 | | lr=1.00e-03
Saved best model to results/thesis_model_results/outputs/seed_robustness_shortlist/MLP__mse__minmax__seed42/mlp_state_dict_best.pt
Epoch 086 | train_loss=6.6303e-04 | train_eval_loss=6.7642e-04 | val_loss=6.7956e-04 | | lr=1.00e-03
Epoch 087 | train_loss=6.3998e-04 | train_eval_loss=6.4469e-04 | val_loss=6.5057e-04 | | lr=1.00e-03
Epoch 088 | train_loss=6.5476e-04 | train_eval_loss=5.9176e-04 | val_loss=6.0426e-04 | | lr=1.00e-03
Saved best model to results/thesis_model_results/outputs/seed_robustness_shortlist/MLP__mse__minmax__seed42/mlp_state_dict_best.pt
Epoch 089 | train_loss=6.2868e-04 | train_eval_loss=6.6199e-04 | val_loss=6.7177e-04 | | lr=1.00e-03
Epoch 090 | train_loss=6.2913e-04 | train_eval_loss=6.4088e-04 | val_loss=6.5271e-04 | | lr=1.00e-03
Epoch 091 | train_loss=6.1452e-04 | train_eval_loss=6.3340e-04 | val_loss=6.4190e-04 | | lr=1.00e-03
Epoch 092 | train_loss=6.2202e-04 | train_eval_loss=6.2144e-04 | val_loss=6.3239e-04 | | lr=1.00e-03
Epoch 093 | train_loss=6.1578e-04 | train_eval_loss=7.5557e-04 | val_loss=7.6607e-04 | | lr=1.00e-03
Epoch 094 | train_loss=6.3411e-04 | train_eval_loss=6.3283e-04 | val_loss=6.3987e-04 | | lr=1.00e-03
Epoch 095 | train_loss=6.1910e-04 | train_eval_loss=6.5790e-04 | val_loss=6.6485e-04 | | lr=1.00e-03
Epoch 096 | train_loss=6.0521e-04 | train_eval_loss=6.7432e-04 | val_loss=6.8533e-04 | | lr=1.00e-03
Epoch 097 | train_loss=6.3153e-04 | train_eval_loss=5.8455e-04 | val_loss=6.0144e-04 | | lr=1.00e-03
Saved best model to results/thesis_model_results/outputs/seed_robustness_shortlist/MLP__mse__minmax__seed42/mlp_state_dict_best.pt
Epoch 098 | train_loss=6.0449e-04 | train_eval_loss=5.7057e-04 | val_loss=5.8958e-04 | | lr=1.00e-03
Saved best model to results/thesis_model_results/outputs/seed_robustness_shortlist/MLP__mse__minmax__seed42/mlp_state_dict_best.pt
Epoch 099 | train_loss=6.1443e-04 | train_eval_loss=6.0609e-04 | val_loss=6.2789e-04 | | lr=1.00e-03
Epoch 100 | train_loss=6.1346e-04 | train_eval_loss=5.6369e-04 | val_loss=5.7848e-04 | | lr=1.00e-03
Saved best model to results/thesis_model_results/outputs/seed_robustness_shortlist/MLP__mse__minmax__seed42/mlp_state_dict_best.pt
Epoch 101 | train_loss=5.9806e-04 | train_eval_loss=6.3939e-04 | val_loss=6.5255e-04 | | lr=1.00e-03
Epoch 102 | train_loss=5.9248e-04 | train_eval_loss=5.9316e-04 | val_loss=6.1257e-04 | | lr=1.00e-03
Epoch 103 | train_loss=5.9030e-04 | train_eval_loss=6.7373e-04 | val_loss=6.9296e-04 | | lr=1.00e-03
Epoch 104 | train_loss=6.0148e-04 | train_eval_loss=5.8594e-04 | val_loss=6.0416e-04 | | lr=1.00e-03
Epoch 105 | train_loss=5.9180e-04 | train_eval_loss=5.6622e-04 | val_loss=5.8616e-04 | | lr=1.00e-03
Epoch 106 | train_loss=6.0560e-04 | train_eval_loss=5.8896e-04 | val_loss=6.0960e-04 | | lr=1.00e-03
Epoch 107 | train_loss=6.1233e-04 | train_eval_loss=5.5557e-04 | val_loss=5.7273e-04 | | lr=1.00e-03
Saved best model to results/thesis_model_results/outputs/seed_robustness_shortlist/MLP__mse__minmax__seed42/mlp_state_dict_best.pt
Epoch 108 | train_loss=5.5542e-04 | train_eval_loss=5.3876e-04 | val_loss=5.5612e-04 | | lr=1.00e-03
Saved best model to results/thesis_model_results/outputs/seed_robustness_shortlist/MLP__mse__minmax__seed42/mlp_state_dict_best.pt
Epoch 109 | train_loss=5.6283e-04 | train_eval_loss=5.3719e-04 | val_loss=5.5921e-04 | | lr=1.00e-03
Epoch 110 | train_loss=5.5477e-04 | train_eval_loss=5.6515e-04 | val_loss=5.8695e-04 | | lr=1.00e-03
Epoch 111 | train_loss=6.1008e-04 | train_eval_loss=6.0132e-04 | val_loss=6.0996e-04 | | lr=1.00e-03
Epoch 112 | train_loss=5.8702e-04 | train_eval_loss=5.8559e-04 | val_loss=5.9648e-04 | | lr=1.00e-03
Epoch 113 | train_loss=5.7582e-04 | train_eval_loss=7.0964e-04 | val_loss=7.2950e-04 | | lr=1.00e-03
Epoch 114 | train_loss=5.8881e-04 | train_eval_loss=5.3056e-04 | val_loss=5.4908e-04 | | lr=1.00e-03
Saved best model to results/thesis_model_results/outputs/seed_robustness_shortlist/MLP__mse__minmax__seed42/mlp_state_dict_best.pt
Epoch 115 | train_loss=5.6298e-04 | train_eval_loss=5.4104e-04 | val_loss=5.5944e-04 | | lr=1.00e-03
Epoch 116 | train_loss=5.5827e-04 | train_eval_loss=5.4332e-04 | val_loss=5.6427e-04 | | lr=1.00e-03
Epoch 117 | train_loss=5.7157e-04 | train_eval_loss=6.3108e-04 | val_loss=6.4830e-04 | | lr=1.00e-03
Epoch 118 | train_loss=5.8663e-04 | train_eval_loss=5.6936e-04 | val_loss=5.9097e-04 | | lr=1.00e-03
Epoch 119 | train_loss=5.5559e-04 | train_eval_loss=6.3092e-04 | val_loss=6.5277e-04 | | lr=1.00e-03
Epoch 120 | train_loss=5.9103e-04 | train_eval_loss=5.0931e-04 | val_loss=5.3178e-04 | | lr=1.00e-03
Saved best model to results/thesis_model_results/outputs/seed_robustness_shortlist/MLP__mse__minmax__seed42/mlp_state_dict_best.pt
Epoch 121 | train_loss=5.5565e-04 | train_eval_loss=5.0850e-04 | val_loss=5.2786e-04 | | lr=1.00e-03
Saved best model to results/thesis_model_results/outputs/seed_robustness_shortlist/MLP__mse__minmax__seed42/mlp_state_dict_best.pt
Epoch 122 | train_loss=5.7474e-04 | train_eval_loss=5.5994e-04 | val_loss=5.8257e-04 | | lr=1.00e-03
Epoch 123 | train_loss=5.6501e-04 | train_eval_loss=5.3459e-04 | val_loss=5.5589e-04 | | lr=1.00e-03
Epoch 124 | train_loss=5.4165e-04 | train_eval_loss=5.5529e-04 | val_loss=5.7749e-04 | | lr=1.00e-03
Epoch 125 | train_loss=5.6112e-04 | train_eval_loss=5.7335e-04 | val_loss=5.9995e-04 | | lr=1.00e-03
Epoch 126 | train_loss=5.3549e-04 | train_eval_loss=5.0760e-04 | val_loss=5.2603e-04 | | lr=1.00e-03
Saved best model to results/thesis_model_results/outputs/seed_robustness_shortlist/MLP__mse__minmax__seed42/mlp_state_dict_best.pt
Epoch 127 | train_loss=5.6608e-04 | train_eval_loss=5.1909e-04 | val_loss=5.4894e-04 | | lr=1.00e-03
Epoch 128 | train_loss=5.3954e-04 | train_eval_loss=5.2132e-04 | val_loss=5.4199e-04 | | lr=1.00e-03
Epoch 129 | train_loss=5.1212e-04 | train_eval_loss=4.8659e-04 | val_loss=5.1022e-04 | | lr=1.00e-03
Saved best model to results/thesis_model_results/outputs/seed_robustness_shortlist/MLP__mse__minmax__seed42/mlp_state_dict_best.pt
Epoch 130 | train_loss=5.2370e-04 | train_eval_loss=4.8046e-04 | val_loss=5.0645e-04 | | lr=1.00e-03
Saved best model to results/thesis_model_results/outputs/seed_robustness_shortlist/MLP__mse__minmax__seed42/mlp_state_dict_best.pt
Epoch 131 | train_loss=5.2188e-04 | train_eval_loss=4.9598e-04 | val_loss=5.2143e-04 | | lr=1.00e-03
Epoch 132 | train_loss=5.2708e-04 | train_eval_loss=6.3721e-04 | val_loss=6.7551e-04 | | lr=1.00e-03
Epoch 133 | train_loss=5.9686e-04 | train_eval_loss=4.9907e-04 | val_loss=5.2560e-04 | | lr=1.00e-03
Epoch 134 | train_loss=5.8597e-04 | train_eval_loss=5.1365e-04 | val_loss=5.4034e-04 | | lr=1.00e-03
Epoch 135 | train_loss=5.0306e-04 | train_eval_loss=5.2524e-04 | val_loss=5.5602e-04 | | lr=1.00e-03
Epoch 136 | train_loss=4.9696e-04 | train_eval_loss=5.6619e-04 | val_loss=5.8677e-04 | | lr=1.00e-03
Epoch 137 | train_loss=5.5669e-04 | train_eval_loss=4.8683e-04 | val_loss=5.1425e-04 | | lr=1.00e-03
Epoch 138 | train_loss=5.1877e-04 | train_eval_loss=5.5937e-04 | val_loss=5.8309e-04 | | lr=1.00e-03
Epoch 139 | train_loss=5.2886e-04 | train_eval_loss=4.9252e-04 | val_loss=5.2525e-04 | | lr=1.00e-03
Epoch 140 | train_loss=4.6335e-04 | train_eval_loss=4.3811e-04 | val_loss=4.7020e-04 | | lr=5.00e-04
Saved best model to results/thesis_model_results/outputs/seed_robustness_shortlist/MLP__mse__minmax__seed42/mlp_state_dict_best.pt
Epoch 141 | train_loss=4.3931e-04 | train_eval_loss=4.2805e-04 | val_loss=4.6270e-04 | | lr=5.00e-04
Saved best model to results/thesis_model_results/outputs/seed_robustness_shortlist/MLP__mse__minmax__seed42/mlp_state_dict_best.pt
Epoch 142 | train_loss=4.4290e-04 | train_eval_loss=4.4248e-04 | val_loss=4.7764e-04 | | lr=5.00e-04
Epoch 143 | train_loss=4.3849e-04 | train_eval_loss=4.3092e-04 | val_loss=4.6617e-04 | | lr=5.00e-04
Epoch 144 | train_loss=4.3097e-04 | train_eval_loss=4.2585e-04 | val_loss=4.6129e-04 | | lr=5.00e-04
Saved best model to results/thesis_model_results/outputs/seed_robustness_shortlist/MLP__mse__minmax__seed42/mlp_state_dict_best.pt
Epoch 145 | train_loss=4.5610e-04 | train_eval_loss=4.4862e-04 | val_loss=4.8386e-04 | | lr=5.00e-04
Epoch 146 | train_loss=4.4714e-04 | train_eval_loss=4.4149e-04 | val_loss=4.8163e-04 | | lr=5.00e-04
Epoch 147 | train_loss=4.4559e-04 | train_eval_loss=4.3823e-04 | val_loss=4.6756e-04 | | lr=5.00e-04
Epoch 148 | train_loss=4.4619e-04 | train_eval_loss=4.3852e-04 | val_loss=4.7747e-04 | | lr=5.00e-04
Epoch 149 | train_loss=4.4612e-04 | train_eval_loss=4.2242e-04 | val_loss=4.5439e-04 | | lr=5.00e-04
Saved best model to results/thesis_model_results/outputs/seed_robustness_shortlist/MLP__mse__minmax__seed42/mlp_state_dict_best.pt
Epoch 150 | train_loss=4.3245e-04 | train_eval_loss=4.5502e-04 | val_loss=4.9161e-04 | | lr=5.00e-04
Epoch 151 | train_loss=4.4084e-04 | train_eval_loss=4.3183e-04 | val_loss=4.6775e-04 | | lr=5.00e-04
Epoch 152 | train_loss=4.4675e-04 | train_eval_loss=4.6950e-04 | val_loss=5.0526e-04 | | lr=5.00e-04
Epoch 153 | train_loss=4.3429e-04 | train_eval_loss=4.4808e-04 | val_loss=4.8754e-04 | | lr=5.00e-04
Epoch 154 | train_loss=4.5336e-04 | train_eval_loss=4.3366e-04 | val_loss=4.6787e-04 | | lr=5.00e-04
Epoch 155 | train_loss=4.4391e-04 | train_eval_loss=4.5135e-04 | val_loss=4.8306e-04 | | lr=5.00e-04
Epoch 156 | train_loss=4.4532e-04 | train_eval_loss=4.3519e-04 | val_loss=4.7107e-04 | | lr=5.00e-04
Epoch 157 | train_loss=4.4387e-04 | train_eval_loss=4.5343e-04 | val_loss=4.9429e-04 | | lr=5.00e-04
Epoch 158 | train_loss=4.3869e-04 | train_eval_loss=6.2759e-04 | val_loss=6.7145e-04 | | lr=5.00e-04
Epoch 159 | train_loss=4.2472e-04 | train_eval_loss=4.0270e-04 | val_loss=4.4361e-04 | | lr=2.50e-04
Saved best model to results/thesis_model_results/outputs/seed_robustness_shortlist/MLP__mse__minmax__seed42/mlp_state_dict_best.pt
Epoch 160 | train_loss=4.0853e-04 | train_eval_loss=4.0240e-04 | val_loss=4.4417e-04 | | lr=2.50e-04
Epoch 161 | train_loss=4.1052e-04 | train_eval_loss=4.1610e-04 | val_loss=4.5579e-04 | | lr=2.50e-04
Epoch 162 | train_loss=4.0802e-04 | train_eval_loss=3.9514e-04 | val_loss=4.3573e-04 | | lr=2.50e-04
Saved best model to results/thesis_model_results/outputs/seed_robustness_shortlist/MLP__mse__minmax__seed42/mlp_state_dict_best.pt
Epoch 163 | train_loss=4.0282e-04 | train_eval_loss=3.9505e-04 | val_loss=4.3595e-04 | | lr=2.50e-04
Epoch 164 | train_loss=4.0662e-04 | train_eval_loss=4.2037e-04 | val_loss=4.5934e-04 | | lr=2.50e-04
Epoch 165 | train_loss=4.0702e-04 | train_eval_loss=4.0694e-04 | val_loss=4.4510e-04 | | lr=2.50e-04
Epoch 166 | train_loss=4.0475e-04 | train_eval_loss=4.0663e-04 | val_loss=4.4643e-04 | | lr=2.50e-04
Epoch 167 | train_loss=4.0634e-04 | train_eval_loss=4.3122e-04 | val_loss=4.7904e-04 | | lr=2.50e-04
Epoch 168 | train_loss=4.1167e-04 | train_eval_loss=4.2000e-04 | val_loss=4.6478e-04 | | lr=2.50e-04
Epoch 169 | train_loss=4.1021e-04 | train_eval_loss=4.0402e-04 | val_loss=4.4139e-04 | | lr=2.50e-04
Epoch 170 | train_loss=4.0462e-04 | train_eval_loss=4.0129e-04 | val_loss=4.3976e-04 | | lr=2.50e-04
Epoch 171 | train_loss=4.0330e-04 | train_eval_loss=3.9914e-04 | val_loss=4.4177e-04 | | lr=2.50e-04
Epoch 172 | train_loss=3.9446e-04 | train_eval_loss=3.8648e-04 | val_loss=4.2499e-04 | | lr=1.25e-04
Saved best model to results/thesis_model_results/outputs/seed_robustness_shortlist/MLP__mse__minmax__seed42/mlp_state_dict_best.pt
Epoch 173 | train_loss=3.8849e-04 | train_eval_loss=3.8319e-04 | val_loss=4.2703e-04 | | lr=1.25e-04
Epoch 174 | train_loss=3.8733e-04 | train_eval_loss=3.9202e-04 | val_loss=4.3515e-04 | | lr=1.25e-04
Epoch 175 | train_loss=3.8628e-04 | train_eval_loss=3.7941e-04 | val_loss=4.2506e-04 | | lr=1.25e-04
Epoch 176 | train_loss=3.8838e-04 | train_eval_loss=3.8537e-04 | val_loss=4.3090e-04 | | lr=1.25e-04
Epoch 177 | train_loss=3.8728e-04 | train_eval_loss=3.8641e-04 | val_loss=4.3041e-04 | | lr=1.25e-04
Epoch 178 | train_loss=3.8768e-04 | train_eval_loss=3.9105e-04 | val_loss=4.3396e-04 | | lr=1.25e-04
Epoch 179 | train_loss=3.9133e-04 | train_eval_loss=3.8863e-04 | val_loss=4.3659e-04 | | lr=1.25e-04
Epoch 180 | train_loss=3.8786e-04 | train_eval_loss=3.8690e-04 | val_loss=4.3075e-04 | | lr=1.25e-04
Epoch 181 | train_loss=3.8352e-04 | train_eval_loss=3.7947e-04 | val_loss=4.2306e-04 | | lr=1.25e-04
Saved best model to results/thesis_model_results/outputs/seed_robustness_shortlist/MLP__mse__minmax__seed42/mlp_state_dict_best.pt
Epoch 182 | train_loss=3.8508e-04 | train_eval_loss=3.8036e-04 | val_loss=4.2609e-04 | | lr=1.25e-04
Epoch 183 | train_loss=3.8479e-04 | train_eval_loss=3.9007e-04 | val_loss=4.3058e-04 | | lr=1.25e-04
Epoch 184 | train_loss=3.8909e-04 | train_eval_loss=3.8113e-04 | val_loss=4.2448e-04 | | lr=1.25e-04
Epoch 185 | train_loss=3.8573e-04 | train_eval_loss=3.8148e-04 | val_loss=4.2693e-04 | | lr=1.25e-04
Epoch 186 | train_loss=3.8658e-04 | train_eval_loss=3.8813e-04 | val_loss=4.2761e-04 | | lr=1.25e-04
Epoch 187 | train_loss=3.9033e-04 | train_eval_loss=3.9128e-04 | val_loss=4.3226e-04 | | lr=1.25e-04
Epoch 188 | train_loss=3.8733e-04 | train_eval_loss=3.8506e-04 | val_loss=4.3105e-04 | | lr=1.25e-04
Epoch 189 | train_loss=3.8245e-04 | train_eval_loss=3.8809e-04 | val_loss=4.3648e-04 | | lr=1.25e-04
Epoch 190 | train_loss=3.8373e-04 | train_eval_loss=3.7917e-04 | val_loss=4.2523e-04 | | lr=1.25e-04
Epoch 191 | train_loss=3.7623e-04 | train_eval_loss=3.7272e-04 | val_loss=4.1913e-04 | | lr=6.25e-05
Saved best model to results/thesis_model_results/outputs/seed_robustness_shortlist/MLP__mse__minmax__seed42/mlp_state_dict_best.pt
Epoch 192 | train_loss=3.7600e-04 | train_eval_loss=3.7230e-04 | val_loss=4.1655e-04 | | lr=6.25e-05
Saved best model to results/thesis_model_results/outputs/seed_robustness_shortlist/MLP__mse__minmax__seed42/mlp_state_dict_best.pt
Epoch 193 | train_loss=3.7488e-04 | train_eval_loss=3.7140e-04 | val_loss=4.1760e-04 | | lr=6.25e-05
Epoch 194 | train_loss=3.7475e-04 | train_eval_loss=3.6975e-04 | val_loss=4.1772e-04 | | lr=6.25e-05
Epoch 195 | train_loss=3.7509e-04 | train_eval_loss=3.7558e-04 | val_loss=4.2575e-04 | | lr=6.25e-05
Epoch 196 | train_loss=3.7369e-04 | train_eval_loss=3.7165e-04 | val_loss=4.1854e-04 | | lr=6.25e-05
Epoch 197 | train_loss=3.7312e-04 | train_eval_loss=3.7028e-04 | val_loss=4.1563e-04 | | lr=6.25e-05
Saved best model to results/thesis_model_results/outputs/seed_robustness_shortlist/MLP__mse__minmax__seed42/mlp_state_dict_best.pt
Epoch 198 | train_loss=3.7440e-04 | train_eval_loss=3.7024e-04 | val_loss=4.1587e-04 | | lr=6.25e-05
Epoch 199 | train_loss=3.7197e-04 | train_eval_loss=3.7418e-04 | val_loss=4.2301e-04 | | lr=6.25e-05
Epoch 200 | train_loss=3.7267e-04 | train_eval_loss=3.7301e-04 | val_loss=4.1999e-04 | | lr=6.25e-05
Saved training logs to results/thesis_model_results/outputs/seed_robustness_shortlist/MLP__mse__minmax__seed42/training_summary.txt
Test RMSE(rocof_COI) = 0.0150 | norm: 0.0114 | real_diff: 0.0106
Test RMSE(dev_COI) = 0.0287 | norm: 0.0106 | real_diff: 0.0168
Test RMSE(Delta_P_IBR_1) = 0.1266 | norm: 0.0200 | real_diff: 0.0879
Test RMSE(Delta_P_IBR_2) = 0.1262 | norm: 0.0176 | real_diff: 0.0776
Test RMSE(Delta_P_IBR_3) = 0.1860 | norm: 0.0327 | real_diff: 0.0996
Test RMSE(Delta_P_IBR_4) = 0.2019 | norm: 0.0209 | real_diff: 0.1316
Saved RMSE results to results/thesis_model_results/outputs/seed_robustness_shortlist/MLP__mse__minmax__seed42/rmse_results.txt
Saved detailed metrics to results/thesis_model_results/outputs/seed_robustness_shortlist/MLP__mse__minmax__seed42/metrics_by_target.csv
Saved aggregate metrics to results/thesis_model_results/outputs/seed_robustness_shortlist/MLP__mse__minmax__seed42/metrics_summary.json
Saved loss curves to results/thesis_model_results/outputs/seed_robustness_shortlist/MLP__mse__minmax__seed42/loss_curve.png
Saved scatter plot results/thesis_model_results/outputs/seed_robustness_shortlist/MLP__mse__minmax__seed42/scatter_rocof_COI.png
Saved scatter plot results/thesis_model_results/outputs/seed_robustness_shortlist/MLP__mse__minmax__seed42/scatter_dev_COI.png
Saved scatter plot results/thesis_model_results/outputs/seed_robustness_shortlist/MLP__mse__minmax__seed42/scatter_Delta_P_IBR_1.png
Saved scatter plot results/thesis_model_results/outputs/seed_robustness_shortlist/MLP__mse__minmax__seed42/scatter_Delta_P_IBR_2.png
Saved scatter plot results/thesis_model_results/outputs/seed_robustness_shortlist/MLP__mse__minmax__seed42/scatter_Delta_P_IBR_3.png
Saved scatter plot results/thesis_model_results/outputs/seed_robustness_shortlist/MLP__mse__minmax__seed42/scatter_Delta_P_IBR_4.png
Saved model to results/thesis_model_results/outputs/seed_robustness_shortlist/MLP__mse__minmax__seed42/mlp_state_dict.pt
Loss type: mse | weights=[]
Target stats (scaled):
train mean=[0.549  0.589  0.492  0.4884 0.4785 0.4192]
train std=[0.1365 0.1371 0.1141 0.1063 0.1158 0.1138]
train q05=[0.3074 0.3979 0.3192 0.303  0.3347 0.2205]
train q95=[0.7933 0.8652 0.6719 0.6491 0.6927 0.6016]
val mean=[0.5473 0.5873 0.4922 0.4893 0.4798 0.4201]
val std=[0.1343 0.1348 0.1123 0.1072 0.1141 0.1112]
val q05=[0.3103 0.3982 0.3195 0.303  0.3376 0.2251]
val q95=[0.7886 0.8626 0.6731 0.6514 0.6918 0.5984]
val/train std ratio=[0.984  0.9828 0.9844 1.0084 0.9848 0.9772]
LR scheduler: ReduceLROnPlateau (factor=0.5, patience=8, min_lr=1e-07)
Epoch 001 | train_loss=3.1912e-02 | train_eval_loss=1.4320e-02 | val_loss=1.3912e-02 | | lr=1.00e-03
Saved best model to results/thesis_model_results/outputs/seed_robustness_shortlist/MLP__mse__minmax__seed84/mlp_state_dict_best.pt
Epoch 002 | train_loss=1.3142e-02 | train_eval_loss=9.1907e-03 | val_loss=8.9351e-03 | | lr=1.00e-03
Saved best model to results/thesis_model_results/outputs/seed_robustness_shortlist/MLP__mse__minmax__seed84/mlp_state_dict_best.pt
Epoch 003 | train_loss=4.7314e-03 | train_eval_loss=3.6233e-03 | val_loss=3.5736e-03 | | lr=1.00e-03
Saved best model to results/thesis_model_results/outputs/seed_robustness_shortlist/MLP__mse__minmax__seed84/mlp_state_dict_best.pt
Epoch 004 | train_loss=3.4188e-03 | train_eval_loss=3.1816e-03 | val_loss=3.1372e-03 | | lr=1.00e-03
Saved best model to results/thesis_model_results/outputs/seed_robustness_shortlist/MLP__mse__minmax__seed84/mlp_state_dict_best.pt
Epoch 005 | train_loss=3.0144e-03 | train_eval_loss=2.9352e-03 | val_loss=2.9062e-03 | | lr=1.00e-03
Saved best model to results/thesis_model_results/outputs/seed_robustness_shortlist/MLP__mse__minmax__seed84/mlp_state_dict_best.pt
Epoch 006 | train_loss=2.5150e-03 | train_eval_loss=2.3124e-03 | val_loss=2.2946e-03 | | lr=1.00e-03
Saved best model to results/thesis_model_results/outputs/seed_robustness_shortlist/MLP__mse__minmax__seed84/mlp_state_dict_best.pt
Epoch 007 | train_loss=2.1077e-03 | train_eval_loss=1.9756e-03 | val_loss=1.9445e-03 | | lr=1.00e-03
Saved best model to results/thesis_model_results/outputs/seed_robustness_shortlist/MLP__mse__minmax__seed84/mlp_state_dict_best.pt
Epoch 008 | train_loss=1.8349e-03 | train_eval_loss=1.7394e-03 | val_loss=1.7126e-03 | | lr=1.00e-03
Saved best model to results/thesis_model_results/outputs/seed_robustness_shortlist/MLP__mse__minmax__seed84/mlp_state_dict_best.pt
Epoch 009 | train_loss=1.7238e-03 | train_eval_loss=2.1781e-03 | val_loss=2.1504e-03 | | lr=1.00e-03
Epoch 010 | train_loss=1.6448e-03 | train_eval_loss=1.5486e-03 | val_loss=1.5271e-03 | | lr=1.00e-03
Saved best model to results/thesis_model_results/outputs/seed_robustness_shortlist/MLP__mse__minmax__seed84/mlp_state_dict_best.pt
Epoch 011 | train_loss=1.5306e-03 | train_eval_loss=1.4950e-03 | val_loss=1.4747e-03 | | lr=1.00e-03
Saved best model to results/thesis_model_results/outputs/seed_robustness_shortlist/MLP__mse__minmax__seed84/mlp_state_dict_best.pt
Epoch 012 | train_loss=1.5090e-03 | train_eval_loss=1.4503e-03 | val_loss=1.4359e-03 | | lr=1.00e-03
Saved best model to results/thesis_model_results/outputs/seed_robustness_shortlist/MLP__mse__minmax__seed84/mlp_state_dict_best.pt
Epoch 013 | train_loss=1.4694e-03 | train_eval_loss=1.4273e-03 | val_loss=1.4121e-03 | | lr=1.00e-03
Saved best model to results/thesis_model_results/outputs/seed_robustness_shortlist/MLP__mse__minmax__seed84/mlp_state_dict_best.pt
Epoch 014 | train_loss=1.4010e-03 | train_eval_loss=1.3264e-03 | val_loss=1.3071e-03 | | lr=1.00e-03
Saved best model to results/thesis_model_results/outputs/seed_robustness_shortlist/MLP__mse__minmax__seed84/mlp_state_dict_best.pt
Epoch 015 | train_loss=1.4183e-03 | train_eval_loss=1.3852e-03 | val_loss=1.3725e-03 | | lr=1.00e-03
Epoch 016 | train_loss=1.3477e-03 | train_eval_loss=1.4283e-03 | val_loss=1.4118e-03 | | lr=1.00e-03
Epoch 017 | train_loss=1.3261e-03 | train_eval_loss=1.3475e-03 | val_loss=1.3319e-03 | | lr=1.00e-03
Epoch 018 | train_loss=1.3577e-03 | train_eval_loss=1.3931e-03 | val_loss=1.3823e-03 | | lr=1.00e-03
Epoch 019 | train_loss=1.3286e-03 | train_eval_loss=1.3055e-03 | val_loss=1.2909e-03 | | lr=1.00e-03
Saved best model to results/thesis_model_results/outputs/seed_robustness_shortlist/MLP__mse__minmax__seed84/mlp_state_dict_best.pt
Epoch 020 | train_loss=1.2773e-03 | train_eval_loss=1.2973e-03 | val_loss=1.2767e-03 | | lr=1.00e-03
Saved best model to results/thesis_model_results/outputs/seed_robustness_shortlist/MLP__mse__minmax__seed84/mlp_state_dict_best.pt
Epoch 021 | train_loss=1.2524e-03 | train_eval_loss=1.1832e-03 | val_loss=1.1744e-03 | | lr=1.00e-03
Saved best model to results/thesis_model_results/outputs/seed_robustness_shortlist/MLP__mse__minmax__seed84/mlp_state_dict_best.pt
Epoch 022 | train_loss=1.2181e-03 | train_eval_loss=1.1634e-03 | val_loss=1.1507e-03 | | lr=1.00e-03
Saved best model to results/thesis_model_results/outputs/seed_robustness_shortlist/MLP__mse__minmax__seed84/mlp_state_dict_best.pt
Epoch 023 | train_loss=1.1922e-03 | train_eval_loss=1.6041e-03 | val_loss=1.5954e-03 | | lr=1.00e-03
Epoch 024 | train_loss=1.2962e-03 | train_eval_loss=1.2515e-03 | val_loss=1.2468e-03 | | lr=1.00e-03
Epoch 025 | train_loss=1.1988e-03 | train_eval_loss=1.1437e-03 | val_loss=1.1313e-03 | | lr=1.00e-03
Saved best model to results/thesis_model_results/outputs/seed_robustness_shortlist/MLP__mse__minmax__seed84/mlp_state_dict_best.pt
Epoch 026 | train_loss=1.1308e-03 | train_eval_loss=1.1316e-03 | val_loss=1.1271e-03 | | lr=1.00e-03
Saved best model to results/thesis_model_results/outputs/seed_robustness_shortlist/MLP__mse__minmax__seed84/mlp_state_dict_best.pt
Epoch 027 | train_loss=1.1246e-03 | train_eval_loss=1.2810e-03 | val_loss=1.2672e-03 | | lr=1.00e-03
Epoch 028 | train_loss=1.1234e-03 | train_eval_loss=1.0711e-03 | val_loss=1.0637e-03 | | lr=1.00e-03
Saved best model to results/thesis_model_results/outputs/seed_robustness_shortlist/MLP__mse__minmax__seed84/mlp_state_dict_best.pt
Epoch 029 | train_loss=1.1311e-03 | train_eval_loss=1.0945e-03 | val_loss=1.0896e-03 | | lr=1.00e-03
Epoch 030 | train_loss=1.1524e-03 | train_eval_loss=1.0700e-03 | val_loss=1.0618e-03 | | lr=1.00e-03
Saved best model to results/thesis_model_results/outputs/seed_robustness_shortlist/MLP__mse__minmax__seed84/mlp_state_dict_best.pt
Epoch 031 | train_loss=1.1406e-03 | train_eval_loss=1.1603e-03 | val_loss=1.1610e-03 | | lr=1.00e-03
Epoch 032 | train_loss=1.0484e-03 | train_eval_loss=1.1168e-03 | val_loss=1.1251e-03 | | lr=1.00e-03
Epoch 033 | train_loss=1.0419e-03 | train_eval_loss=1.0743e-03 | val_loss=1.0786e-03 | | lr=1.00e-03
Epoch 034 | train_loss=1.0139e-03 | train_eval_loss=1.1191e-03 | val_loss=1.1221e-03 | | lr=1.00e-03
Epoch 035 | train_loss=1.0158e-03 | train_eval_loss=1.0080e-03 | val_loss=1.0097e-03 | | lr=1.00e-03
Saved best model to results/thesis_model_results/outputs/seed_robustness_shortlist/MLP__mse__minmax__seed84/mlp_state_dict_best.pt
Epoch 036 | train_loss=9.9374e-04 | train_eval_loss=9.7907e-04 | val_loss=9.8029e-04 | | lr=1.00e-03
Saved best model to results/thesis_model_results/outputs/seed_robustness_shortlist/MLP__mse__minmax__seed84/mlp_state_dict_best.pt
Epoch 037 | train_loss=9.7467e-04 | train_eval_loss=1.0307e-03 | val_loss=1.0349e-03 | | lr=1.00e-03
Epoch 038 | train_loss=9.6195e-04 | train_eval_loss=9.2335e-04 | val_loss=9.2508e-04 | | lr=1.00e-03
Saved best model to results/thesis_model_results/outputs/seed_robustness_shortlist/MLP__mse__minmax__seed84/mlp_state_dict_best.pt
Epoch 039 | train_loss=9.6412e-04 | train_eval_loss=8.9766e-04 | val_loss=9.0251e-04 | | lr=1.00e-03
Saved best model to results/thesis_model_results/outputs/seed_robustness_shortlist/MLP__mse__minmax__seed84/mlp_state_dict_best.pt
Epoch 040 | train_loss=9.1941e-04 | train_eval_loss=1.1013e-03 | val_loss=1.1027e-03 | | lr=1.00e-03
Epoch 041 | train_loss=9.2021e-04 | train_eval_loss=9.9889e-04 | val_loss=1.0098e-03 | | lr=1.00e-03
Epoch 042 | train_loss=9.2801e-04 | train_eval_loss=9.3592e-04 | val_loss=9.3530e-04 | | lr=1.00e-03
Epoch 043 | train_loss=8.7573e-04 | train_eval_loss=8.8379e-04 | val_loss=8.8834e-04 | | lr=1.00e-03
Saved best model to results/thesis_model_results/outputs/seed_robustness_shortlist/MLP__mse__minmax__seed84/mlp_state_dict_best.pt
Epoch 044 | train_loss=9.4179e-04 | train_eval_loss=8.8025e-04 | val_loss=8.8823e-04 | | lr=1.00e-03
Saved best model to results/thesis_model_results/outputs/seed_robustness_shortlist/MLP__mse__minmax__seed84/mlp_state_dict_best.pt
Epoch 045 | train_loss=8.5485e-04 | train_eval_loss=8.9483e-04 | val_loss=9.0944e-04 | | lr=1.00e-03
Epoch 046 | train_loss=8.9994e-04 | train_eval_loss=8.7303e-04 | val_loss=8.8389e-04 | | lr=1.00e-03
Saved best model to results/thesis_model_results/outputs/seed_robustness_shortlist/MLP__mse__minmax__seed84/mlp_state_dict_best.pt
Epoch 047 | train_loss=8.7389e-04 | train_eval_loss=9.8487e-04 | val_loss=9.9615e-04 | | lr=1.00e-03
Epoch 048 | train_loss=8.6840e-04 | train_eval_loss=1.1440e-03 | val_loss=1.1517e-03 | | lr=1.00e-03
Epoch 049 | train_loss=8.5923e-04 | train_eval_loss=8.3097e-04 | val_loss=8.3696e-04 | | lr=1.00e-03
Saved best model to results/thesis_model_results/outputs/seed_robustness_shortlist/MLP__mse__minmax__seed84/mlp_state_dict_best.pt
Epoch 050 | train_loss=8.2215e-04 | train_eval_loss=7.8033e-04 | val_loss=7.9085e-04 | | lr=1.00e-03
Saved best model to results/thesis_model_results/outputs/seed_robustness_shortlist/MLP__mse__minmax__seed84/mlp_state_dict_best.pt
Epoch 051 | train_loss=8.2624e-04 | train_eval_loss=8.5969e-04 | val_loss=8.7234e-04 | | lr=1.00e-03
Epoch 052 | train_loss=8.3038e-04 | train_eval_loss=8.6001e-04 | val_loss=8.6892e-04 | | lr=1.00e-03
Epoch 053 | train_loss=7.9889e-04 | train_eval_loss=8.5749e-04 | val_loss=8.6206e-04 | | lr=1.00e-03
Epoch 054 | train_loss=8.1719e-04 | train_eval_loss=7.7554e-04 | val_loss=7.7982e-04 | | lr=1.00e-03
Saved best model to results/thesis_model_results/outputs/seed_robustness_shortlist/MLP__mse__minmax__seed84/mlp_state_dict_best.pt
Epoch 055 | train_loss=8.1142e-04 | train_eval_loss=8.5376e-04 | val_loss=8.6709e-04 | | lr=1.00e-03
Epoch 056 | train_loss=8.0540e-04 | train_eval_loss=7.6910e-04 | val_loss=7.7529e-04 | | lr=1.00e-03
Saved best model to results/thesis_model_results/outputs/seed_robustness_shortlist/MLP__mse__minmax__seed84/mlp_state_dict_best.pt
Epoch 057 | train_loss=7.5581e-04 | train_eval_loss=7.3828e-04 | val_loss=7.5191e-04 | | lr=1.00e-03
Saved best model to results/thesis_model_results/outputs/seed_robustness_shortlist/MLP__mse__minmax__seed84/mlp_state_dict_best.pt
Epoch 058 | train_loss=7.7232e-04 | train_eval_loss=7.3454e-04 | val_loss=7.4665e-04 | | lr=1.00e-03
Saved best model to results/thesis_model_results/outputs/seed_robustness_shortlist/MLP__mse__minmax__seed84/mlp_state_dict_best.pt
Epoch 059 | train_loss=7.9830e-04 | train_eval_loss=8.9378e-04 | val_loss=8.9491e-04 | | lr=1.00e-03
Epoch 060 | train_loss=7.7398e-04 | train_eval_loss=7.2252e-04 | val_loss=7.3173e-04 | | lr=1.00e-03
Saved best model to results/thesis_model_results/outputs/seed_robustness_shortlist/MLP__mse__minmax__seed84/mlp_state_dict_best.pt
Epoch 061 | train_loss=7.6209e-04 | train_eval_loss=7.8266e-04 | val_loss=7.9071e-04 | | lr=1.00e-03
Epoch 062 | train_loss=7.5967e-04 | train_eval_loss=7.2694e-04 | val_loss=7.3589e-04 | | lr=1.00e-03
Epoch 063 | train_loss=7.4973e-04 | train_eval_loss=7.9856e-04 | val_loss=8.1506e-04 | | lr=1.00e-03
Epoch 064 | train_loss=7.4411e-04 | train_eval_loss=8.0380e-04 | val_loss=8.1294e-04 | | lr=1.00e-03
Epoch 065 | train_loss=8.0238e-04 | train_eval_loss=7.5191e-04 | val_loss=7.6362e-04 | | lr=1.00e-03
Epoch 066 | train_loss=7.3773e-04 | train_eval_loss=6.9880e-04 | val_loss=7.1014e-04 | | lr=1.00e-03
Saved best model to results/thesis_model_results/outputs/seed_robustness_shortlist/MLP__mse__minmax__seed84/mlp_state_dict_best.pt
Epoch 067 | train_loss=7.5102e-04 | train_eval_loss=7.3296e-04 | val_loss=7.5112e-04 | | lr=1.00e-03
Epoch 068 | train_loss=7.2663e-04 | train_eval_loss=7.2569e-04 | val_loss=7.3257e-04 | | lr=1.00e-03
Epoch 069 | train_loss=7.1898e-04 | train_eval_loss=9.0471e-04 | val_loss=9.1579e-04 | | lr=1.00e-03
Epoch 070 | train_loss=7.4109e-04 | train_eval_loss=7.7592e-04 | val_loss=7.8248e-04 | | lr=1.00e-03
Epoch 071 | train_loss=7.4011e-04 | train_eval_loss=8.6456e-04 | val_loss=8.8469e-04 | | lr=1.00e-03
Epoch 072 | train_loss=7.6854e-04 | train_eval_loss=6.5866e-04 | val_loss=6.6556e-04 | | lr=1.00e-03
Saved best model to results/thesis_model_results/outputs/seed_robustness_shortlist/MLP__mse__minmax__seed84/mlp_state_dict_best.pt
Epoch 073 | train_loss=6.9038e-04 | train_eval_loss=8.0849e-04 | val_loss=8.1671e-04 | | lr=1.00e-03
Epoch 074 | train_loss=7.0020e-04 | train_eval_loss=6.6338e-04 | val_loss=6.6970e-04 | | lr=1.00e-03
Epoch 075 | train_loss=7.4674e-04 | train_eval_loss=6.7534e-04 | val_loss=6.8882e-04 | | lr=1.00e-03
Epoch 076 | train_loss=6.9971e-04 | train_eval_loss=6.5859e-04 | val_loss=6.6882e-04 | | lr=1.00e-03
Epoch 077 | train_loss=6.9577e-04 | train_eval_loss=7.9776e-04 | val_loss=8.0003e-04 | | lr=1.00e-03
Epoch 078 | train_loss=7.0527e-04 | train_eval_loss=6.6470e-04 | val_loss=6.7801e-04 | | lr=1.00e-03
Epoch 079 | train_loss=6.5563e-04 | train_eval_loss=6.7006e-04 | val_loss=6.8319e-04 | | lr=1.00e-03
Epoch 080 | train_loss=8.6753e-04 | train_eval_loss=6.8349e-04 | val_loss=6.9666e-04 | | lr=1.00e-03
Epoch 081 | train_loss=6.5605e-04 | train_eval_loss=6.5334e-04 | val_loss=6.6711e-04 | | lr=1.00e-03
Epoch 082 | train_loss=6.0549e-04 | train_eval_loss=5.9306e-04 | val_loss=6.0152e-04 | | lr=5.00e-04
Saved best model to results/thesis_model_results/outputs/seed_robustness_shortlist/MLP__mse__minmax__seed84/mlp_state_dict_best.pt
Epoch 083 | train_loss=6.0465e-04 | train_eval_loss=6.0653e-04 | val_loss=6.1426e-04 | | lr=5.00e-04
Epoch 084 | train_loss=6.0100e-04 | train_eval_loss=5.9894e-04 | val_loss=6.0927e-04 | | lr=5.00e-04
Epoch 085 | train_loss=6.0082e-04 | train_eval_loss=5.9243e-04 | val_loss=6.0581e-04 | | lr=5.00e-04
Epoch 086 | train_loss=5.9532e-04 | train_eval_loss=5.8961e-04 | val_loss=5.9923e-04 | | lr=5.00e-04
Saved best model to results/thesis_model_results/outputs/seed_robustness_shortlist/MLP__mse__minmax__seed84/mlp_state_dict_best.pt
Epoch 087 | train_loss=5.9677e-04 | train_eval_loss=5.8590e-04 | val_loss=5.9832e-04 | | lr=5.00e-04
Saved best model to results/thesis_model_results/outputs/seed_robustness_shortlist/MLP__mse__minmax__seed84/mlp_state_dict_best.pt
Epoch 088 | train_loss=6.0613e-04 | train_eval_loss=5.7412e-04 | val_loss=5.8109e-04 | | lr=5.00e-04
Saved best model to results/thesis_model_results/outputs/seed_robustness_shortlist/MLP__mse__minmax__seed84/mlp_state_dict_best.pt
Epoch 089 | train_loss=5.9445e-04 | train_eval_loss=5.8319e-04 | val_loss=5.9102e-04 | | lr=5.00e-04
Epoch 090 | train_loss=6.0449e-04 | train_eval_loss=6.0110e-04 | val_loss=6.0825e-04 | | lr=5.00e-04
Epoch 091 | train_loss=5.9820e-04 | train_eval_loss=5.9247e-04 | val_loss=6.0738e-04 | | lr=5.00e-04
Epoch 092 | train_loss=6.0062e-04 | train_eval_loss=5.9113e-04 | val_loss=6.0306e-04 | | lr=5.00e-04
Epoch 093 | train_loss=5.9317e-04 | train_eval_loss=6.4055e-04 | val_loss=6.5693e-04 | | lr=5.00e-04
Epoch 094 | train_loss=6.0821e-04 | train_eval_loss=6.0955e-04 | val_loss=6.2492e-04 | | lr=5.00e-04
Epoch 095 | train_loss=5.8052e-04 | train_eval_loss=5.6877e-04 | val_loss=5.8332e-04 | | lr=5.00e-04
Epoch 096 | train_loss=5.8069e-04 | train_eval_loss=5.8470e-04 | val_loss=5.9477e-04 | | lr=5.00e-04
Epoch 097 | train_loss=5.8860e-04 | train_eval_loss=5.8549e-04 | val_loss=5.9646e-04 | | lr=5.00e-04
Epoch 098 | train_loss=5.6015e-04 | train_eval_loss=5.4895e-04 | val_loss=5.6053e-04 | | lr=2.50e-04
Saved best model to results/thesis_model_results/outputs/seed_robustness_shortlist/MLP__mse__minmax__seed84/mlp_state_dict_best.pt
Epoch 099 | train_loss=5.5326e-04 | train_eval_loss=5.5001e-04 | val_loss=5.6213e-04 | | lr=2.50e-04
Epoch 100 | train_loss=5.5477e-04 | train_eval_loss=5.5000e-04 | val_loss=5.6302e-04 | | lr=2.50e-04
Epoch 101 | train_loss=5.5532e-04 | train_eval_loss=5.4692e-04 | val_loss=5.5883e-04 | | lr=2.50e-04
Saved best model to results/thesis_model_results/outputs/seed_robustness_shortlist/MLP__mse__minmax__seed84/mlp_state_dict_best.pt
Epoch 102 | train_loss=5.5038e-04 | train_eval_loss=5.8901e-04 | val_loss=5.9792e-04 | | lr=2.50e-04
Epoch 103 | train_loss=5.6153e-04 | train_eval_loss=5.7509e-04 | val_loss=5.8408e-04 | | lr=2.50e-04
Epoch 104 | train_loss=5.5229e-04 | train_eval_loss=5.5469e-04 | val_loss=5.6474e-04 | | lr=2.50e-04
Epoch 105 | train_loss=5.5063e-04 | train_eval_loss=5.5006e-04 | val_loss=5.6451e-04 | | lr=2.50e-04
Epoch 106 | train_loss=5.5373e-04 | train_eval_loss=5.4175e-04 | val_loss=5.5273e-04 | | lr=2.50e-04
Saved best model to results/thesis_model_results/outputs/seed_robustness_shortlist/MLP__mse__minmax__seed84/mlp_state_dict_best.pt
Epoch 107 | train_loss=5.5367e-04 | train_eval_loss=5.6742e-04 | val_loss=5.8248e-04 | | lr=2.50e-04
Epoch 108 | train_loss=5.4978e-04 | train_eval_loss=5.4042e-04 | val_loss=5.5324e-04 | | lr=2.50e-04
Epoch 109 | train_loss=5.4380e-04 | train_eval_loss=5.3732e-04 | val_loss=5.4793e-04 | | lr=2.50e-04
Saved best model to results/thesis_model_results/outputs/seed_robustness_shortlist/MLP__mse__minmax__seed84/mlp_state_dict_best.pt
Epoch 110 | train_loss=5.4375e-04 | train_eval_loss=5.4807e-04 | val_loss=5.6198e-04 | | lr=2.50e-04
Epoch 111 | train_loss=5.4318e-04 | train_eval_loss=5.2873e-04 | val_loss=5.4223e-04 | | lr=2.50e-04
Saved best model to results/thesis_model_results/outputs/seed_robustness_shortlist/MLP__mse__minmax__seed84/mlp_state_dict_best.pt
Epoch 112 | train_loss=5.5314e-04 | train_eval_loss=5.3090e-04 | val_loss=5.4573e-04 | | lr=2.50e-04
Epoch 113 | train_loss=5.3986e-04 | train_eval_loss=5.2938e-04 | val_loss=5.4172e-04 | | lr=2.50e-04
Saved best model to results/thesis_model_results/outputs/seed_robustness_shortlist/MLP__mse__minmax__seed84/mlp_state_dict_best.pt
Epoch 114 | train_loss=5.3888e-04 | train_eval_loss=5.3287e-04 | val_loss=5.4627e-04 | | lr=2.50e-04
Epoch 115 | train_loss=5.3702e-04 | train_eval_loss=5.3727e-04 | val_loss=5.4896e-04 | | lr=2.50e-04
Epoch 116 | train_loss=5.3635e-04 | train_eval_loss=5.3895e-04 | val_loss=5.5030e-04 | | lr=2.50e-04
Epoch 117 | train_loss=5.4577e-04 | train_eval_loss=5.3444e-04 | val_loss=5.4958e-04 | | lr=2.50e-04
Epoch 118 | train_loss=5.3552e-04 | train_eval_loss=5.6429e-04 | val_loss=5.7722e-04 | | lr=2.50e-04
Epoch 119 | train_loss=5.4896e-04 | train_eval_loss=5.1735e-04 | val_loss=5.3027e-04 | | lr=2.50e-04
Saved best model to results/thesis_model_results/outputs/seed_robustness_shortlist/MLP__mse__minmax__seed84/mlp_state_dict_best.pt
Epoch 120 | train_loss=5.3421e-04 | train_eval_loss=5.4020e-04 | val_loss=5.5684e-04 | | lr=2.50e-04
Epoch 121 | train_loss=5.3005e-04 | train_eval_loss=5.3988e-04 | val_loss=5.5610e-04 | | lr=2.50e-04
Epoch 122 | train_loss=5.3436e-04 | train_eval_loss=5.3901e-04 | val_loss=5.5145e-04 | | lr=2.50e-04
Epoch 123 | train_loss=5.3393e-04 | train_eval_loss=5.1935e-04 | val_loss=5.3576e-04 | | lr=2.50e-04
Epoch 124 | train_loss=5.2244e-04 | train_eval_loss=5.1664e-04 | val_loss=5.3090e-04 | | lr=2.50e-04
Epoch 125 | train_loss=5.2324e-04 | train_eval_loss=5.2672e-04 | val_loss=5.4193e-04 | | lr=2.50e-04
Epoch 126 | train_loss=5.2494e-04 | train_eval_loss=5.1657e-04 | val_loss=5.3392e-04 | | lr=2.50e-04
Epoch 127 | train_loss=5.1847e-04 | train_eval_loss=5.1598e-04 | val_loss=5.3096e-04 | | lr=2.50e-04
Epoch 128 | train_loss=5.2137e-04 | train_eval_loss=5.4575e-04 | val_loss=5.6394e-04 | | lr=2.50e-04
Epoch 129 | train_loss=5.0617e-04 | train_eval_loss=5.0857e-04 | val_loss=5.2453e-04 | | lr=1.25e-04
Saved best model to results/thesis_model_results/outputs/seed_robustness_shortlist/MLP__mse__minmax__seed84/mlp_state_dict_best.pt
Epoch 130 | train_loss=5.0414e-04 | train_eval_loss=4.9683e-04 | val_loss=5.1490e-04 | | lr=1.25e-04
Saved best model to results/thesis_model_results/outputs/seed_robustness_shortlist/MLP__mse__minmax__seed84/mlp_state_dict_best.pt
Epoch 131 | train_loss=5.0128e-04 | train_eval_loss=4.9555e-04 | val_loss=5.1325e-04 | | lr=1.25e-04
Saved best model to results/thesis_model_results/outputs/seed_robustness_shortlist/MLP__mse__minmax__seed84/mlp_state_dict_best.pt
Epoch 132 | train_loss=5.0255e-04 | train_eval_loss=5.0930e-04 | val_loss=5.2498e-04 | | lr=1.25e-04
Epoch 133 | train_loss=5.0683e-04 | train_eval_loss=4.9844e-04 | val_loss=5.1648e-04 | | lr=1.25e-04
Epoch 134 | train_loss=5.0097e-04 | train_eval_loss=4.9844e-04 | val_loss=5.1608e-04 | | lr=1.25e-04
Epoch 135 | train_loss=4.9902e-04 | train_eval_loss=5.1243e-04 | val_loss=5.3053e-04 | | lr=1.25e-04
Epoch 136 | train_loss=5.0166e-04 | train_eval_loss=4.9369e-04 | val_loss=5.1166e-04 | | lr=1.25e-04
Saved best model to results/thesis_model_results/outputs/seed_robustness_shortlist/MLP__mse__minmax__seed84/mlp_state_dict_best.pt
Epoch 137 | train_loss=4.9815e-04 | train_eval_loss=4.9787e-04 | val_loss=5.1284e-04 | | lr=1.25e-04
Epoch 138 | train_loss=4.9793e-04 | train_eval_loss=4.9479e-04 | val_loss=5.1207e-04 | | lr=1.25e-04
Epoch 139 | train_loss=4.9966e-04 | train_eval_loss=4.9460e-04 | val_loss=5.0999e-04 | | lr=1.25e-04
Saved best model to results/thesis_model_results/outputs/seed_robustness_shortlist/MLP__mse__minmax__seed84/mlp_state_dict_best.pt
Epoch 140 | train_loss=4.9521e-04 | train_eval_loss=4.9585e-04 | val_loss=5.1247e-04 | | lr=1.25e-04
Epoch 141 | train_loss=4.9785e-04 | train_eval_loss=4.9784e-04 | val_loss=5.1403e-04 | | lr=1.25e-04
Epoch 142 | train_loss=4.9924e-04 | train_eval_loss=4.9097e-04 | val_loss=5.0986e-04 | | lr=1.25e-04
Saved best model to results/thesis_model_results/outputs/seed_robustness_shortlist/MLP__mse__minmax__seed84/mlp_state_dict_best.pt
Epoch 143 | train_loss=4.9482e-04 | train_eval_loss=4.9068e-04 | val_loss=5.1077e-04 | | lr=1.25e-04
Epoch 144 | train_loss=4.9430e-04 | train_eval_loss=4.8887e-04 | val_loss=5.0646e-04 | | lr=1.25e-04
Saved best model to results/thesis_model_results/outputs/seed_robustness_shortlist/MLP__mse__minmax__seed84/mlp_state_dict_best.pt
Epoch 145 | train_loss=4.9374e-04 | train_eval_loss=5.0058e-04 | val_loss=5.1644e-04 | | lr=1.25e-04
Epoch 146 | train_loss=4.9908e-04 | train_eval_loss=4.9413e-04 | val_loss=5.1218e-04 | | lr=1.25e-04
Epoch 147 | train_loss=4.9564e-04 | train_eval_loss=4.8797e-04 | val_loss=5.0602e-04 | | lr=1.25e-04
Saved best model to results/thesis_model_results/outputs/seed_robustness_shortlist/MLP__mse__minmax__seed84/mlp_state_dict_best.pt
Epoch 148 | train_loss=4.9580e-04 | train_eval_loss=5.2453e-04 | val_loss=5.4556e-04 | | lr=1.25e-04
Epoch 149 | train_loss=4.9484e-04 | train_eval_loss=4.9147e-04 | val_loss=5.1093e-04 | | lr=1.25e-04
Epoch 150 | train_loss=4.9228e-04 | train_eval_loss=4.8833e-04 | val_loss=5.0480e-04 | | lr=1.25e-04
Saved best model to results/thesis_model_results/outputs/seed_robustness_shortlist/MLP__mse__minmax__seed84/mlp_state_dict_best.pt
Epoch 151 | train_loss=4.9355e-04 | train_eval_loss=4.8963e-04 | val_loss=5.0656e-04 | | lr=1.25e-04
Epoch 152 | train_loss=4.9167e-04 | train_eval_loss=4.8730e-04 | val_loss=5.1046e-04 | | lr=1.25e-04
Epoch 153 | train_loss=4.9332e-04 | train_eval_loss=4.8248e-04 | val_loss=5.0044e-04 | | lr=1.25e-04
Saved best model to results/thesis_model_results/outputs/seed_robustness_shortlist/MLP__mse__minmax__seed84/mlp_state_dict_best.pt
Epoch 154 | train_loss=4.8533e-04 | train_eval_loss=4.8386e-04 | val_loss=5.0183e-04 | | lr=1.25e-04
Epoch 155 | train_loss=4.8933e-04 | train_eval_loss=4.8675e-04 | val_loss=5.0741e-04 | | lr=1.25e-04
Epoch 156 | train_loss=4.8722e-04 | train_eval_loss=4.9884e-04 | val_loss=5.2001e-04 | | lr=1.25e-04
Epoch 157 | train_loss=4.8446e-04 | train_eval_loss=4.9387e-04 | val_loss=5.1853e-04 | | lr=1.25e-04
Epoch 158 | train_loss=4.8711e-04 | train_eval_loss=4.9618e-04 | val_loss=5.1520e-04 | | lr=1.25e-04
Epoch 159 | train_loss=4.8926e-04 | train_eval_loss=4.7700e-04 | val_loss=4.9686e-04 | | lr=1.25e-04
Saved best model to results/thesis_model_results/outputs/seed_robustness_shortlist/MLP__mse__minmax__seed84/mlp_state_dict_best.pt
Epoch 160 | train_loss=4.8143e-04 | train_eval_loss=4.8127e-04 | val_loss=5.0272e-04 | | lr=1.25e-04
Epoch 161 | train_loss=4.8221e-04 | train_eval_loss=4.7964e-04 | val_loss=5.0134e-04 | | lr=1.25e-04
Epoch 162 | train_loss=4.7965e-04 | train_eval_loss=4.7309e-04 | val_loss=4.9310e-04 | | lr=1.25e-04
Saved best model to results/thesis_model_results/outputs/seed_robustness_shortlist/MLP__mse__minmax__seed84/mlp_state_dict_best.pt
Epoch 163 | train_loss=4.8017e-04 | train_eval_loss=4.9353e-04 | val_loss=5.1200e-04 | | lr=1.25e-04
Epoch 164 | train_loss=4.8207e-04 | train_eval_loss=5.0002e-04 | val_loss=5.1877e-04 | | lr=1.25e-04
Epoch 165 | train_loss=4.7847e-04 | train_eval_loss=4.7337e-04 | val_loss=4.9427e-04 | | lr=1.25e-04
Epoch 166 | train_loss=4.8106e-04 | train_eval_loss=4.8109e-04 | val_loss=5.0134e-04 | | lr=1.25e-04
Epoch 167 | train_loss=4.8024e-04 | train_eval_loss=4.8392e-04 | val_loss=5.0498e-04 | | lr=1.25e-04
Epoch 168 | train_loss=4.7818e-04 | train_eval_loss=4.8159e-04 | val_loss=5.0388e-04 | | lr=1.25e-04
Epoch 169 | train_loss=4.8083e-04 | train_eval_loss=4.6955e-04 | val_loss=4.9227e-04 | | lr=1.25e-04
Saved best model to results/thesis_model_results/outputs/seed_robustness_shortlist/MLP__mse__minmax__seed84/mlp_state_dict_best.pt
Epoch 170 | train_loss=4.7606e-04 | train_eval_loss=4.7615e-04 | val_loss=5.0000e-04 | | lr=1.25e-04
Epoch 171 | train_loss=4.7843e-04 | train_eval_loss=4.7251e-04 | val_loss=4.9250e-04 | | lr=1.25e-04
Epoch 172 | train_loss=4.7965e-04 | train_eval_loss=4.6790e-04 | val_loss=4.8905e-04 | | lr=1.25e-04
Saved best model to results/thesis_model_results/outputs/seed_robustness_shortlist/MLP__mse__minmax__seed84/mlp_state_dict_best.pt
Epoch 173 | train_loss=4.7756e-04 | train_eval_loss=4.6605e-04 | val_loss=4.9005e-04 | | lr=1.25e-04
Epoch 174 | train_loss=4.7557e-04 | train_eval_loss=4.6347e-04 | val_loss=4.8740e-04 | | lr=1.25e-04
Saved best model to results/thesis_model_results/outputs/seed_robustness_shortlist/MLP__mse__minmax__seed84/mlp_state_dict_best.pt
Epoch 175 | train_loss=4.7054e-04 | train_eval_loss=4.6411e-04 | val_loss=4.8481e-04 | | lr=1.25e-04
Saved best model to results/thesis_model_results/outputs/seed_robustness_shortlist/MLP__mse__minmax__seed84/mlp_state_dict_best.pt
Epoch 176 | train_loss=4.7387e-04 | train_eval_loss=4.7346e-04 | val_loss=4.9479e-04 | | lr=1.25e-04
Epoch 177 | train_loss=4.7155e-04 | train_eval_loss=4.6322e-04 | val_loss=4.8651e-04 | | lr=1.25e-04
Epoch 178 | train_loss=4.6905e-04 | train_eval_loss=4.8303e-04 | val_loss=5.0850e-04 | | lr=1.25e-04
Epoch 179 | train_loss=4.7087e-04 | train_eval_loss=4.6053e-04 | val_loss=4.8272e-04 | | lr=1.25e-04
Saved best model to results/thesis_model_results/outputs/seed_robustness_shortlist/MLP__mse__minmax__seed84/mlp_state_dict_best.pt
Epoch 180 | train_loss=4.6837e-04 | train_eval_loss=4.6163e-04 | val_loss=4.8631e-04 | | lr=1.25e-04
Epoch 181 | train_loss=4.6657e-04 | train_eval_loss=4.7266e-04 | val_loss=4.9789e-04 | | lr=1.25e-04
Epoch 182 | train_loss=4.6854e-04 | train_eval_loss=4.5755e-04 | val_loss=4.8287e-04 | | lr=1.25e-04
Epoch 183 | train_loss=4.6504e-04 | train_eval_loss=4.6546e-04 | val_loss=4.8854e-04 | | lr=1.25e-04
Epoch 184 | train_loss=4.6848e-04 | train_eval_loss=4.6589e-04 | val_loss=4.8810e-04 | | lr=1.25e-04
Epoch 185 | train_loss=4.7579e-04 | train_eval_loss=4.7076e-04 | val_loss=4.9536e-04 | | lr=1.25e-04
Epoch 186 | train_loss=4.6580e-04 | train_eval_loss=4.5559e-04 | val_loss=4.8023e-04 | | lr=1.25e-04
Saved best model to results/thesis_model_results/outputs/seed_robustness_shortlist/MLP__mse__minmax__seed84/mlp_state_dict_best.pt
Epoch 187 | train_loss=4.6635e-04 | train_eval_loss=4.6437e-04 | val_loss=4.8821e-04 | | lr=1.25e-04
Epoch 188 | train_loss=4.6270e-04 | train_eval_loss=4.6747e-04 | val_loss=4.9192e-04 | | lr=1.25e-04
Epoch 189 | train_loss=4.6282e-04 | train_eval_loss=4.5411e-04 | val_loss=4.7805e-04 | | lr=1.25e-04
Saved best model to results/thesis_model_results/outputs/seed_robustness_shortlist/MLP__mse__minmax__seed84/mlp_state_dict_best.pt
Epoch 190 | train_loss=4.5810e-04 | train_eval_loss=4.5935e-04 | val_loss=4.8093e-04 | | lr=1.25e-04
Epoch 191 | train_loss=4.6324e-04 | train_eval_loss=4.5997e-04 | val_loss=4.8340e-04 | | lr=1.25e-04
Epoch 192 | train_loss=4.6747e-04 | train_eval_loss=4.5532e-04 | val_loss=4.8076e-04 | | lr=1.25e-04
Epoch 193 | train_loss=4.6203e-04 | train_eval_loss=4.5291e-04 | val_loss=4.7905e-04 | | lr=1.25e-04
Epoch 194 | train_loss=4.6310e-04 | train_eval_loss=4.5410e-04 | val_loss=4.7746e-04 | | lr=1.25e-04
Saved best model to results/thesis_model_results/outputs/seed_robustness_shortlist/MLP__mse__minmax__seed84/mlp_state_dict_best.pt
Epoch 195 | train_loss=4.6091e-04 | train_eval_loss=4.6791e-04 | val_loss=4.9599e-04 | | lr=1.25e-04
Epoch 196 | train_loss=4.5760e-04 | train_eval_loss=4.5138e-04 | val_loss=4.7447e-04 | | lr=1.25e-04
Saved best model to results/thesis_model_results/outputs/seed_robustness_shortlist/MLP__mse__minmax__seed84/mlp_state_dict_best.pt
Epoch 197 | train_loss=4.6075e-04 | train_eval_loss=4.4713e-04 | val_loss=4.7118e-04 | | lr=1.25e-04
Saved best model to results/thesis_model_results/outputs/seed_robustness_shortlist/MLP__mse__minmax__seed84/mlp_state_dict_best.pt
Epoch 198 | train_loss=4.6115e-04 | train_eval_loss=4.5645e-04 | val_loss=4.8036e-04 | | lr=1.25e-04
Epoch 199 | train_loss=4.5684e-04 | train_eval_loss=4.4952e-04 | val_loss=4.7304e-04 | | lr=1.25e-04
Epoch 200 | train_loss=4.5878e-04 | train_eval_loss=4.4650e-04 | val_loss=4.7004e-04 | | lr=1.25e-04
Saved best model to results/thesis_model_results/outputs/seed_robustness_shortlist/MLP__mse__minmax__seed84/mlp_state_dict_best.pt
Saved training logs to results/thesis_model_results/outputs/seed_robustness_shortlist/MLP__mse__minmax__seed84/training_summary.txt
Test RMSE(rocof_COI) = 0.0158 | norm: 0.0120 | real_diff: 0.0114
Test RMSE(dev_COI) = 0.0324 | norm: 0.0120 | real_diff: 0.0201
Test RMSE(Delta_P_IBR_1) = 0.1331 | norm: 0.0210 | real_diff: 0.0919
Test RMSE(Delta_P_IBR_2) = 0.1311 | norm: 0.0182 | real_diff: 0.0788
Test RMSE(Delta_P_IBR_3) = 0.1975 | norm: 0.0347 | real_diff: 0.1126
Test RMSE(Delta_P_IBR_4) = 0.2200 | norm: 0.0227 | real_diff: 0.1415
Saved RMSE results to results/thesis_model_results/outputs/seed_robustness_shortlist/MLP__mse__minmax__seed84/rmse_results.txt
Saved detailed metrics to results/thesis_model_results/outputs/seed_robustness_shortlist/MLP__mse__minmax__seed84/metrics_by_target.csv
Saved aggregate metrics to results/thesis_model_results/outputs/seed_robustness_shortlist/MLP__mse__minmax__seed84/metrics_summary.json
Saved loss curves to results/thesis_model_results/outputs/seed_robustness_shortlist/MLP__mse__minmax__seed84/loss_curve.png
Saved scatter plot results/thesis_model_results/outputs/seed_robustness_shortlist/MLP__mse__minmax__seed84/scatter_rocof_COI.png
Saved scatter plot results/thesis_model_results/outputs/seed_robustness_shortlist/MLP__mse__minmax__seed84/scatter_dev_COI.png
Saved scatter plot results/thesis_model_results/outputs/seed_robustness_shortlist/MLP__mse__minmax__seed84/scatter_Delta_P_IBR_1.png
Saved scatter plot results/thesis_model_results/outputs/seed_robustness_shortlist/MLP__mse__minmax__seed84/scatter_Delta_P_IBR_2.png
Saved scatter plot results/thesis_model_results/outputs/seed_robustness_shortlist/MLP__mse__minmax__seed84/scatter_Delta_P_IBR_3.png
Saved scatter plot results/thesis_model_results/outputs/seed_robustness_shortlist/MLP__mse__minmax__seed84/scatter_Delta_P_IBR_4.png
Saved model to results/thesis_model_results/outputs/seed_robustness_shortlist/MLP__mse__minmax__seed84/mlp_state_dict.pt
Loss type: mse | weights=[]
Target stats (scaled):
train mean=[0.549  0.589  0.492  0.4884 0.4785 0.4192]
train std=[0.1365 0.1371 0.1141 0.1063 0.1158 0.1138]
train q05=[0.3074 0.3979 0.3192 0.303  0.3347 0.2205]
train q95=[0.7933 0.8652 0.6719 0.6491 0.6927 0.6016]
val mean=[0.5473 0.5873 0.4922 0.4893 0.4798 0.4201]
val std=[0.1343 0.1348 0.1123 0.1072 0.1141 0.1112]
val q05=[0.3103 0.3982 0.3195 0.303  0.3376 0.2251]
val q95=[0.7886 0.8626 0.6731 0.6514 0.6918 0.5984]
val/train std ratio=[0.984  0.9828 0.9844 1.0084 0.9848 0.9772]
LR scheduler: ReduceLROnPlateau (factor=0.5, patience=8, min_lr=1e-07)
Epoch 001 | train_loss=2.9268e-02 | train_eval_loss=1.2820e-02 | val_loss=1.2483e-02 | | lr=1.00e-03
Saved best model to results/thesis_model_results/outputs/seed_robustness_shortlist/MLP__mse__minmax__seed126/mlp_state_dict_best.pt
Epoch 002 | train_loss=8.1814e-03 | train_eval_loss=4.0881e-03 | val_loss=4.0234e-03 | | lr=1.00e-03
Saved best model to results/thesis_model_results/outputs/seed_robustness_shortlist/MLP__mse__minmax__seed126/mlp_state_dict_best.pt
Epoch 003 | train_loss=3.7373e-03 | train_eval_loss=3.6064e-03 | val_loss=3.5510e-03 | | lr=1.00e-03
Saved best model to results/thesis_model_results/outputs/seed_robustness_shortlist/MLP__mse__minmax__seed126/mlp_state_dict_best.pt
Epoch 004 | train_loss=3.3639e-03 | train_eval_loss=3.1987e-03 | val_loss=3.1431e-03 | | lr=1.00e-03
Saved best model to results/thesis_model_results/outputs/seed_robustness_shortlist/MLP__mse__minmax__seed126/mlp_state_dict_best.pt
Epoch 005 | train_loss=3.0095e-03 | train_eval_loss=2.7507e-03 | val_loss=2.7006e-03 | | lr=1.00e-03
Saved best model to results/thesis_model_results/outputs/seed_robustness_shortlist/MLP__mse__minmax__seed126/mlp_state_dict_best.pt
Epoch 006 | train_loss=2.5933e-03 | train_eval_loss=2.3801e-03 | val_loss=2.3399e-03 | | lr=1.00e-03
Saved best model to results/thesis_model_results/outputs/seed_robustness_shortlist/MLP__mse__minmax__seed126/mlp_state_dict_best.pt
Epoch 007 | train_loss=2.2136e-03 | train_eval_loss=2.1075e-03 | val_loss=2.0647e-03 | | lr=1.00e-03
Saved best model to results/thesis_model_results/outputs/seed_robustness_shortlist/MLP__mse__minmax__seed126/mlp_state_dict_best.pt
Epoch 008 | train_loss=1.9219e-03 | train_eval_loss=2.0961e-03 | val_loss=2.0591e-03 | | lr=1.00e-03
Saved best model to results/thesis_model_results/outputs/seed_robustness_shortlist/MLP__mse__minmax__seed126/mlp_state_dict_best.pt
Epoch 009 | train_loss=1.8390e-03 | train_eval_loss=1.7256e-03 | val_loss=1.6908e-03 | | lr=1.00e-03
Saved best model to results/thesis_model_results/outputs/seed_robustness_shortlist/MLP__mse__minmax__seed126/mlp_state_dict_best.pt
Epoch 010 | train_loss=1.7284e-03 | train_eval_loss=1.7464e-03 | val_loss=1.7051e-03 | | lr=1.00e-03
Epoch 011 | train_loss=1.6848e-03 | train_eval_loss=1.6829e-03 | val_loss=1.6542e-03 | | lr=1.00e-03
Saved best model to results/thesis_model_results/outputs/seed_robustness_shortlist/MLP__mse__minmax__seed126/mlp_state_dict_best.pt
Epoch 012 | train_loss=1.6447e-03 | train_eval_loss=1.6634e-03 | val_loss=1.6346e-03 | | lr=1.00e-03
Saved best model to results/thesis_model_results/outputs/seed_robustness_shortlist/MLP__mse__minmax__seed126/mlp_state_dict_best.pt
Epoch 013 | train_loss=1.5762e-03 | train_eval_loss=1.5479e-03 | val_loss=1.5184e-03 | | lr=1.00e-03
Saved best model to results/thesis_model_results/outputs/seed_robustness_shortlist/MLP__mse__minmax__seed126/mlp_state_dict_best.pt
Epoch 014 | train_loss=1.5196e-03 | train_eval_loss=1.5107e-03 | val_loss=1.4820e-03 | | lr=1.00e-03
Saved best model to results/thesis_model_results/outputs/seed_robustness_shortlist/MLP__mse__minmax__seed126/mlp_state_dict_best.pt
Epoch 015 | train_loss=1.4935e-03 | train_eval_loss=1.4915e-03 | val_loss=1.4655e-03 | | lr=1.00e-03
Saved best model to results/thesis_model_results/outputs/seed_robustness_shortlist/MLP__mse__minmax__seed126/mlp_state_dict_best.pt
Epoch 016 | train_loss=1.4389e-03 | train_eval_loss=1.4106e-03 | val_loss=1.3934e-03 | | lr=1.00e-03
Saved best model to results/thesis_model_results/outputs/seed_robustness_shortlist/MLP__mse__minmax__seed126/mlp_state_dict_best.pt
Epoch 017 | train_loss=1.4084e-03 | train_eval_loss=1.4387e-03 | val_loss=1.4254e-03 | | lr=1.00e-03
Epoch 018 | train_loss=1.3736e-03 | train_eval_loss=1.3740e-03 | val_loss=1.3595e-03 | | lr=1.00e-03
Saved best model to results/thesis_model_results/outputs/seed_robustness_shortlist/MLP__mse__minmax__seed126/mlp_state_dict_best.pt
Epoch 019 | train_loss=1.3549e-03 | train_eval_loss=1.4045e-03 | val_loss=1.3895e-03 | | lr=1.00e-03
Epoch 020 | train_loss=1.3053e-03 | train_eval_loss=1.2793e-03 | val_loss=1.2688e-03 | | lr=1.00e-03
Saved best model to results/thesis_model_results/outputs/seed_robustness_shortlist/MLP__mse__minmax__seed126/mlp_state_dict_best.pt
Epoch 021 | train_loss=1.2705e-03 | train_eval_loss=1.3145e-03 | val_loss=1.2985e-03 | | lr=1.00e-03
Epoch 022 | train_loss=1.3055e-03 | train_eval_loss=1.2060e-03 | val_loss=1.1939e-03 | | lr=1.00e-03
Saved best model to results/thesis_model_results/outputs/seed_robustness_shortlist/MLP__mse__minmax__seed126/mlp_state_dict_best.pt
Epoch 023 | train_loss=1.2406e-03 | train_eval_loss=1.2303e-03 | val_loss=1.2146e-03 | | lr=1.00e-03
Epoch 024 | train_loss=1.2313e-03 | train_eval_loss=1.2947e-03 | val_loss=1.2910e-03 | | lr=1.00e-03
Epoch 025 | train_loss=1.1903e-03 | train_eval_loss=1.2323e-03 | val_loss=1.2280e-03 | | lr=1.00e-03
Epoch 026 | train_loss=1.2221e-03 | train_eval_loss=1.2637e-03 | val_loss=1.2488e-03 | | lr=1.00e-03
Epoch 027 | train_loss=1.1750e-03 | train_eval_loss=1.2240e-03 | val_loss=1.2114e-03 | | lr=1.00e-03
Epoch 028 | train_loss=1.1939e-03 | train_eval_loss=1.1794e-03 | val_loss=1.1800e-03 | | lr=1.00e-03
Saved best model to results/thesis_model_results/outputs/seed_robustness_shortlist/MLP__mse__minmax__seed126/mlp_state_dict_best.pt
Epoch 029 | train_loss=1.1442e-03 | train_eval_loss=1.1558e-03 | val_loss=1.1485e-03 | | lr=1.00e-03
Saved best model to results/thesis_model_results/outputs/seed_robustness_shortlist/MLP__mse__minmax__seed126/mlp_state_dict_best.pt
Epoch 030 | train_loss=1.1647e-03 | train_eval_loss=1.1313e-03 | val_loss=1.1252e-03 | | lr=1.00e-03
Saved best model to results/thesis_model_results/outputs/seed_robustness_shortlist/MLP__mse__minmax__seed126/mlp_state_dict_best.pt
Epoch 031 | train_loss=1.1609e-03 | train_eval_loss=1.0213e-03 | val_loss=1.0183e-03 | | lr=1.00e-03
Saved best model to results/thesis_model_results/outputs/seed_robustness_shortlist/MLP__mse__minmax__seed126/mlp_state_dict_best.pt
Epoch 032 | train_loss=1.0643e-03 | train_eval_loss=1.0563e-03 | val_loss=1.0547e-03 | | lr=1.00e-03
Epoch 033 | train_loss=1.0446e-03 | train_eval_loss=1.0278e-03 | val_loss=1.0216e-03 | | lr=1.00e-03
Epoch 034 | train_loss=1.0346e-03 | train_eval_loss=9.6886e-04 | val_loss=9.6789e-04 | | lr=1.00e-03
Saved best model to results/thesis_model_results/outputs/seed_robustness_shortlist/MLP__mse__minmax__seed126/mlp_state_dict_best.pt
Epoch 035 | train_loss=1.0276e-03 | train_eval_loss=1.0759e-03 | val_loss=1.0815e-03 | | lr=1.00e-03
Epoch 036 | train_loss=1.0107e-03 | train_eval_loss=1.2057e-03 | val_loss=1.1980e-03 | | lr=1.00e-03
Epoch 037 | train_loss=1.0335e-03 | train_eval_loss=9.5898e-04 | val_loss=9.5987e-04 | | lr=1.00e-03
Saved best model to results/thesis_model_results/outputs/seed_robustness_shortlist/MLP__mse__minmax__seed126/mlp_state_dict_best.pt
Epoch 038 | train_loss=1.0011e-03 | train_eval_loss=9.5861e-04 | val_loss=9.5602e-04 | | lr=1.00e-03
Saved best model to results/thesis_model_results/outputs/seed_robustness_shortlist/MLP__mse__minmax__seed126/mlp_state_dict_best.pt
Epoch 039 | train_loss=9.4168e-04 | train_eval_loss=9.1490e-04 | val_loss=9.2092e-04 | | lr=1.00e-03
Saved best model to results/thesis_model_results/outputs/seed_robustness_shortlist/MLP__mse__minmax__seed126/mlp_state_dict_best.pt
Epoch 040 | train_loss=9.4303e-04 | train_eval_loss=9.1554e-04 | val_loss=9.0732e-04 | | lr=1.00e-03
Saved best model to results/thesis_model_results/outputs/seed_robustness_shortlist/MLP__mse__minmax__seed126/mlp_state_dict_best.pt
Epoch 041 | train_loss=9.2439e-04 | train_eval_loss=9.7095e-04 | val_loss=9.6883e-04 | | lr=1.00e-03
Epoch 042 | train_loss=8.9739e-04 | train_eval_loss=8.7194e-04 | val_loss=8.6928e-04 | | lr=1.00e-03
Saved best model to results/thesis_model_results/outputs/seed_robustness_shortlist/MLP__mse__minmax__seed126/mlp_state_dict_best.pt
Epoch 043 | train_loss=9.3473e-04 | train_eval_loss=1.0467e-03 | val_loss=1.0499e-03 | | lr=1.00e-03
Epoch 044 | train_loss=8.9529e-04 | train_eval_loss=9.4233e-04 | val_loss=9.4626e-04 | | lr=1.00e-03
Epoch 045 | train_loss=8.5478e-04 | train_eval_loss=7.9383e-04 | val_loss=7.9241e-04 | | lr=1.00e-03
Saved best model to results/thesis_model_results/outputs/seed_robustness_shortlist/MLP__mse__minmax__seed126/mlp_state_dict_best.pt
Epoch 046 | train_loss=9.1448e-04 | train_eval_loss=1.0343e-03 | val_loss=1.0226e-03 | | lr=1.00e-03
Epoch 047 | train_loss=8.5623e-04 | train_eval_loss=7.8713e-04 | val_loss=7.9446e-04 | | lr=1.00e-03
Epoch 048 | train_loss=8.1196e-04 | train_eval_loss=8.6008e-04 | val_loss=8.6250e-04 | | lr=1.00e-03
Epoch 049 | train_loss=8.1896e-04 | train_eval_loss=8.8395e-04 | val_loss=8.8847e-04 | | lr=1.00e-03
Epoch 050 | train_loss=8.0290e-04 | train_eval_loss=9.1131e-04 | val_loss=9.1676e-04 | | lr=1.00e-03
Epoch 051 | train_loss=8.1122e-04 | train_eval_loss=7.6333e-04 | val_loss=7.6272e-04 | | lr=1.00e-03
Saved best model to results/thesis_model_results/outputs/seed_robustness_shortlist/MLP__mse__minmax__seed126/mlp_state_dict_best.pt
Epoch 052 | train_loss=7.6102e-04 | train_eval_loss=7.6093e-04 | val_loss=7.5996e-04 | | lr=1.00e-03
Saved best model to results/thesis_model_results/outputs/seed_robustness_shortlist/MLP__mse__minmax__seed126/mlp_state_dict_best.pt
Epoch 053 | train_loss=8.0001e-04 | train_eval_loss=8.3187e-04 | val_loss=8.4228e-04 | | lr=1.00e-03
Epoch 054 | train_loss=7.5383e-04 | train_eval_loss=8.0075e-04 | val_loss=8.0500e-04 | | lr=1.00e-03
Epoch 055 | train_loss=7.6079e-04 | train_eval_loss=8.3316e-04 | val_loss=8.3520e-04 | | lr=1.00e-03
Epoch 056 | train_loss=7.7428e-04 | train_eval_loss=6.8783e-04 | val_loss=6.8226e-04 | | lr=1.00e-03
Saved best model to results/thesis_model_results/outputs/seed_robustness_shortlist/MLP__mse__minmax__seed126/mlp_state_dict_best.pt
Epoch 057 | train_loss=7.2267e-04 | train_eval_loss=7.8988e-04 | val_loss=7.9650e-04 | | lr=1.00e-03
Epoch 058 | train_loss=7.5887e-04 | train_eval_loss=8.5074e-04 | val_loss=8.4748e-04 | | lr=1.00e-03
Epoch 059 | train_loss=7.3291e-04 | train_eval_loss=7.0740e-04 | val_loss=7.0752e-04 | | lr=1.00e-03
Epoch 060 | train_loss=7.5268e-04 | train_eval_loss=8.5179e-04 | val_loss=8.6120e-04 | | lr=1.00e-03
Epoch 061 | train_loss=6.9420e-04 | train_eval_loss=6.5349e-04 | val_loss=6.6541e-04 | | lr=1.00e-03
Saved best model to results/thesis_model_results/outputs/seed_robustness_shortlist/MLP__mse__minmax__seed126/mlp_state_dict_best.pt
Epoch 062 | train_loss=6.8136e-04 | train_eval_loss=8.4972e-04 | val_loss=8.5617e-04 | | lr=1.00e-03
Epoch 063 | train_loss=7.0733e-04 | train_eval_loss=7.6059e-04 | val_loss=7.4943e-04 | | lr=1.00e-03
Epoch 064 | train_loss=7.3298e-04 | train_eval_loss=6.3029e-04 | val_loss=6.2926e-04 | | lr=1.00e-03
Saved best model to results/thesis_model_results/outputs/seed_robustness_shortlist/MLP__mse__minmax__seed126/mlp_state_dict_best.pt
Epoch 065 | train_loss=7.0487e-04 | train_eval_loss=7.3367e-04 | val_loss=7.4035e-04 | | lr=1.00e-03
Epoch 066 | train_loss=6.5700e-04 | train_eval_loss=6.8479e-04 | val_loss=6.9945e-04 | | lr=1.00e-03
Epoch 067 | train_loss=6.6696e-04 | train_eval_loss=6.1522e-04 | val_loss=6.2562e-04 | | lr=1.00e-03
Saved best model to results/thesis_model_results/outputs/seed_robustness_shortlist/MLP__mse__minmax__seed126/mlp_state_dict_best.pt
Epoch 068 | train_loss=6.3425e-04 | train_eval_loss=6.9021e-04 | val_loss=7.0344e-04 | | lr=1.00e-03
Epoch 069 | train_loss=6.7296e-04 | train_eval_loss=6.8074e-04 | val_loss=6.9299e-04 | | lr=1.00e-03
Epoch 070 | train_loss=6.6664e-04 | train_eval_loss=6.9405e-04 | val_loss=6.9977e-04 | | lr=1.00e-03
Epoch 071 | train_loss=6.8453e-04 | train_eval_loss=7.1223e-04 | val_loss=7.2264e-04 | | lr=1.00e-03
Epoch 072 | train_loss=6.4184e-04 | train_eval_loss=7.8329e-04 | val_loss=7.9953e-04 | | lr=1.00e-03
Epoch 073 | train_loss=6.6055e-04 | train_eval_loss=6.5499e-04 | val_loss=6.7149e-04 | | lr=1.00e-03
Epoch 074 | train_loss=6.9993e-04 | train_eval_loss=8.1961e-04 | val_loss=8.2467e-04 | | lr=1.00e-03
Epoch 075 | train_loss=6.6894e-04 | train_eval_loss=6.0989e-04 | val_loss=6.2656e-04 | | lr=1.00e-03
Epoch 076 | train_loss=6.1536e-04 | train_eval_loss=6.4222e-04 | val_loss=6.4607e-04 | | lr=1.00e-03
Epoch 077 | train_loss=5.5302e-04 | train_eval_loss=5.4323e-04 | val_loss=5.6207e-04 | | lr=5.00e-04
Saved best model to results/thesis_model_results/outputs/seed_robustness_shortlist/MLP__mse__minmax__seed126/mlp_state_dict_best.pt
Epoch 078 | train_loss=5.3574e-04 | train_eval_loss=5.2074e-04 | val_loss=5.3382e-04 | | lr=5.00e-04
Saved best model to results/thesis_model_results/outputs/seed_robustness_shortlist/MLP__mse__minmax__seed126/mlp_state_dict_best.pt
Epoch 079 | train_loss=5.5657e-04 | train_eval_loss=5.7192e-04 | val_loss=5.8085e-04 | | lr=5.00e-04
Epoch 080 | train_loss=5.4691e-04 | train_eval_loss=5.5565e-04 | val_loss=5.6368e-04 | | lr=5.00e-04
Epoch 081 | train_loss=5.5251e-04 | train_eval_loss=5.2972e-04 | val_loss=5.4447e-04 | | lr=5.00e-04
Epoch 082 | train_loss=5.4163e-04 | train_eval_loss=5.2660e-04 | val_loss=5.4584e-04 | | lr=5.00e-04
Epoch 083 | train_loss=5.2699e-04 | train_eval_loss=5.5108e-04 | val_loss=5.6720e-04 | | lr=5.00e-04
Epoch 084 | train_loss=5.2880e-04 | train_eval_loss=5.4435e-04 | val_loss=5.6709e-04 | | lr=5.00e-04
Epoch 085 | train_loss=5.2965e-04 | train_eval_loss=5.4740e-04 | val_loss=5.6925e-04 | | lr=5.00e-04
Epoch 086 | train_loss=5.4936e-04 | train_eval_loss=5.1264e-04 | val_loss=5.3249e-04 | | lr=5.00e-04
Saved best model to results/thesis_model_results/outputs/seed_robustness_shortlist/MLP__mse__minmax__seed126/mlp_state_dict_best.pt
Epoch 087 | train_loss=5.2334e-04 | train_eval_loss=5.1612e-04 | val_loss=5.4030e-04 | | lr=5.00e-04
Epoch 088 | train_loss=5.3936e-04 | train_eval_loss=5.3720e-04 | val_loss=5.6061e-04 | | lr=5.00e-04
Epoch 089 | train_loss=5.2895e-04 | train_eval_loss=5.5026e-04 | val_loss=5.6969e-04 | | lr=5.00e-04
Epoch 090 | train_loss=5.4123e-04 | train_eval_loss=5.2132e-04 | val_loss=5.4102e-04 | | lr=5.00e-04
Epoch 091 | train_loss=5.2023e-04 | train_eval_loss=5.0565e-04 | val_loss=5.2483e-04 | | lr=5.00e-04
Saved best model to results/thesis_model_results/outputs/seed_robustness_shortlist/MLP__mse__minmax__seed126/mlp_state_dict_best.pt
Epoch 092 | train_loss=5.1592e-04 | train_eval_loss=5.5192e-04 | val_loss=5.7511e-04 | | lr=5.00e-04
Epoch 093 | train_loss=5.2934e-04 | train_eval_loss=5.2529e-04 | val_loss=5.4792e-04 | | lr=5.00e-04
Epoch 094 | train_loss=5.1854e-04 | train_eval_loss=5.2542e-04 | val_loss=5.5505e-04 | | lr=5.00e-04
Epoch 095 | train_loss=5.2170e-04 | train_eval_loss=5.2216e-04 | val_loss=5.4973e-04 | | lr=5.00e-04
Epoch 096 | train_loss=5.2250e-04 | train_eval_loss=5.2473e-04 | val_loss=5.4470e-04 | | lr=5.00e-04
Epoch 097 | train_loss=5.8684e-04 | train_eval_loss=6.1729e-04 | val_loss=6.3623e-04 | | lr=5.00e-04
Epoch 098 | train_loss=5.2199e-04 | train_eval_loss=5.1552e-04 | val_loss=5.4194e-04 | | lr=5.00e-04
Epoch 099 | train_loss=5.2525e-04 | train_eval_loss=5.1136e-04 | val_loss=5.3778e-04 | | lr=5.00e-04
Epoch 100 | train_loss=5.1008e-04 | train_eval_loss=5.4080e-04 | val_loss=5.6333e-04 | | lr=5.00e-04
Epoch 101 | train_loss=4.8891e-04 | train_eval_loss=4.9054e-04 | val_loss=5.1423e-04 | | lr=2.50e-04
Saved best model to results/thesis_model_results/outputs/seed_robustness_shortlist/MLP__mse__minmax__seed126/mlp_state_dict_best.pt
Epoch 102 | train_loss=4.7188e-04 | train_eval_loss=4.6583e-04 | val_loss=4.9185e-04 | | lr=2.50e-04
Saved best model to results/thesis_model_results/outputs/seed_robustness_shortlist/MLP__mse__minmax__seed126/mlp_state_dict_best.pt
Epoch 103 | train_loss=4.7386e-04 | train_eval_loss=4.7679e-04 | val_loss=5.0332e-04 | | lr=2.50e-04
Epoch 104 | train_loss=4.7582e-04 | train_eval_loss=4.5989e-04 | val_loss=4.8344e-04 | | lr=2.50e-04
Saved best model to results/thesis_model_results/outputs/seed_robustness_shortlist/MLP__mse__minmax__seed126/mlp_state_dict_best.pt
Epoch 105 | train_loss=4.7481e-04 | train_eval_loss=4.6459e-04 | val_loss=4.9268e-04 | | lr=2.50e-04
Epoch 106 | train_loss=4.7285e-04 | train_eval_loss=4.7013e-04 | val_loss=4.9736e-04 | | lr=2.50e-04
Epoch 107 | train_loss=4.8049e-04 | train_eval_loss=4.5797e-04 | val_loss=4.8714e-04 | | lr=2.50e-04
Epoch 108 | train_loss=4.7248e-04 | train_eval_loss=4.6334e-04 | val_loss=4.9241e-04 | | lr=2.50e-04
Epoch 109 | train_loss=4.7540e-04 | train_eval_loss=4.9785e-04 | val_loss=5.2971e-04 | | lr=2.50e-04
Epoch 110 | train_loss=4.7407e-04 | train_eval_loss=4.7042e-04 | val_loss=4.9921e-04 | | lr=2.50e-04
Epoch 111 | train_loss=4.6751e-04 | train_eval_loss=4.9207e-04 | val_loss=5.2169e-04 | | lr=2.50e-04
Epoch 112 | train_loss=4.6888e-04 | train_eval_loss=4.6147e-04 | val_loss=4.9218e-04 | | lr=2.50e-04
Epoch 113 | train_loss=4.6794e-04 | train_eval_loss=4.8002e-04 | val_loss=5.0886e-04 | | lr=2.50e-04
Epoch 114 | train_loss=4.5187e-04 | train_eval_loss=4.4924e-04 | val_loss=4.8167e-04 | | lr=1.25e-04
Saved best model to results/thesis_model_results/outputs/seed_robustness_shortlist/MLP__mse__minmax__seed126/mlp_state_dict_best.pt
Epoch 115 | train_loss=4.4759e-04 | train_eval_loss=4.5489e-04 | val_loss=4.8261e-04 | | lr=1.25e-04
Epoch 116 | train_loss=4.4786e-04 | train_eval_loss=4.5136e-04 | val_loss=4.7931e-04 | | lr=1.25e-04
Saved best model to results/thesis_model_results/outputs/seed_robustness_shortlist/MLP__mse__minmax__seed126/mlp_state_dict_best.pt
Epoch 117 | train_loss=4.4788e-04 | train_eval_loss=4.4440e-04 | val_loss=4.7726e-04 | | lr=1.25e-04
Saved best model to results/thesis_model_results/outputs/seed_robustness_shortlist/MLP__mse__minmax__seed126/mlp_state_dict_best.pt
Epoch 118 | train_loss=4.4579e-04 | train_eval_loss=4.4744e-04 | val_loss=4.7467e-04 | | lr=1.25e-04
Saved best model to results/thesis_model_results/outputs/seed_robustness_shortlist/MLP__mse__minmax__seed126/mlp_state_dict_best.pt
Epoch 119 | train_loss=4.5405e-04 | train_eval_loss=4.4763e-04 | val_loss=4.7984e-04 | | lr=1.25e-04
Epoch 120 | train_loss=4.4850e-04 | train_eval_loss=4.3916e-04 | val_loss=4.6933e-04 | | lr=1.25e-04
Saved best model to results/thesis_model_results/outputs/seed_robustness_shortlist/MLP__mse__minmax__seed126/mlp_state_dict_best.pt
Epoch 121 | train_loss=4.4623e-04 | train_eval_loss=4.3728e-04 | val_loss=4.7234e-04 | | lr=1.25e-04
Epoch 122 | train_loss=4.4648e-04 | train_eval_loss=4.4233e-04 | val_loss=4.7680e-04 | | lr=1.25e-04
Epoch 123 | train_loss=4.4506e-04 | train_eval_loss=4.3694e-04 | val_loss=4.6853e-04 | | lr=1.25e-04
Saved best model to results/thesis_model_results/outputs/seed_robustness_shortlist/MLP__mse__minmax__seed126/mlp_state_dict_best.pt
Epoch 124 | train_loss=4.4115e-04 | train_eval_loss=4.4212e-04 | val_loss=4.7428e-04 | | lr=1.25e-04
Epoch 125 | train_loss=4.4620e-04 | train_eval_loss=4.4176e-04 | val_loss=4.7347e-04 | | lr=1.25e-04
Epoch 126 | train_loss=4.4617e-04 | train_eval_loss=4.4928e-04 | val_loss=4.7890e-04 | | lr=1.25e-04
Epoch 127 | train_loss=4.4406e-04 | train_eval_loss=4.4144e-04 | val_loss=4.7816e-04 | | lr=1.25e-04
Epoch 128 | train_loss=4.4218e-04 | train_eval_loss=4.3684e-04 | val_loss=4.6902e-04 | | lr=1.25e-04
Epoch 129 | train_loss=4.4036e-04 | train_eval_loss=4.6331e-04 | val_loss=4.9922e-04 | | lr=1.25e-04
Epoch 130 | train_loss=4.4782e-04 | train_eval_loss=4.3727e-04 | val_loss=4.6824e-04 | | lr=1.25e-04
Saved best model to results/thesis_model_results/outputs/seed_robustness_shortlist/MLP__mse__minmax__seed126/mlp_state_dict_best.pt
Epoch 131 | train_loss=4.3835e-04 | train_eval_loss=4.4027e-04 | val_loss=4.7182e-04 | | lr=1.25e-04
Epoch 132 | train_loss=4.4164e-04 | train_eval_loss=4.3660e-04 | val_loss=4.7309e-04 | | lr=1.25e-04
Epoch 133 | train_loss=4.3745e-04 | train_eval_loss=4.2900e-04 | val_loss=4.6317e-04 | | lr=1.25e-04
Saved best model to results/thesis_model_results/outputs/seed_robustness_shortlist/MLP__mse__minmax__seed126/mlp_state_dict_best.pt
Epoch 134 | train_loss=4.3709e-04 | train_eval_loss=4.2859e-04 | val_loss=4.5899e-04 | | lr=1.25e-04
Saved best model to results/thesis_model_results/outputs/seed_robustness_shortlist/MLP__mse__minmax__seed126/mlp_state_dict_best.pt
Epoch 135 | train_loss=4.3836e-04 | train_eval_loss=4.3032e-04 | val_loss=4.6533e-04 | | lr=1.25e-04
Epoch 136 | train_loss=4.3636e-04 | train_eval_loss=4.4077e-04 | val_loss=4.7645e-04 | | lr=1.25e-04
Epoch 137 | train_loss=4.4241e-04 | train_eval_loss=4.2804e-04 | val_loss=4.6390e-04 | | lr=1.25e-04
Epoch 138 | train_loss=4.4316e-04 | train_eval_loss=4.3014e-04 | val_loss=4.6786e-04 | | lr=1.25e-04
Epoch 139 | train_loss=4.3915e-04 | train_eval_loss=4.3561e-04 | val_loss=4.6308e-04 | | lr=1.25e-04
Epoch 140 | train_loss=4.3522e-04 | train_eval_loss=4.2511e-04 | val_loss=4.6311e-04 | | lr=1.25e-04
Epoch 141 | train_loss=4.3402e-04 | train_eval_loss=4.3384e-04 | val_loss=4.6885e-04 | | lr=1.25e-04
Epoch 142 | train_loss=4.3612e-04 | train_eval_loss=4.3236e-04 | val_loss=4.7015e-04 | | lr=1.25e-04
Epoch 143 | train_loss=4.3515e-04 | train_eval_loss=4.2761e-04 | val_loss=4.6239e-04 | | lr=1.25e-04
Epoch 144 | train_loss=4.2321e-04 | train_eval_loss=4.1713e-04 | val_loss=4.5305e-04 | | lr=6.25e-05
Saved best model to results/thesis_model_results/outputs/seed_robustness_shortlist/MLP__mse__minmax__seed126/mlp_state_dict_best.pt
Epoch 145 | train_loss=4.2193e-04 | train_eval_loss=4.1683e-04 | val_loss=4.5461e-04 | | lr=6.25e-05
Epoch 146 | train_loss=4.2246e-04 | train_eval_loss=4.1685e-04 | val_loss=4.5332e-04 | | lr=6.25e-05
Epoch 147 | train_loss=4.2181e-04 | train_eval_loss=4.1732e-04 | val_loss=4.5159e-04 | | lr=6.25e-05
Saved best model to results/thesis_model_results/outputs/seed_robustness_shortlist/MLP__mse__minmax__seed126/mlp_state_dict_best.pt
Epoch 148 | train_loss=4.2231e-04 | train_eval_loss=4.1890e-04 | val_loss=4.5501e-04 | | lr=6.25e-05
Epoch 149 | train_loss=4.2112e-04 | train_eval_loss=4.1475e-04 | val_loss=4.4979e-04 | | lr=6.25e-05
Saved best model to results/thesis_model_results/outputs/seed_robustness_shortlist/MLP__mse__minmax__seed126/mlp_state_dict_best.pt
Epoch 150 | train_loss=4.2202e-04 | train_eval_loss=4.1607e-04 | val_loss=4.5601e-04 | | lr=6.25e-05
Epoch 151 | train_loss=4.2091e-04 | train_eval_loss=4.2387e-04 | val_loss=4.6192e-04 | | lr=6.25e-05
Epoch 152 | train_loss=4.2190e-04 | train_eval_loss=4.1559e-04 | val_loss=4.5252e-04 | | lr=6.25e-05
Epoch 153 | train_loss=4.2135e-04 | train_eval_loss=4.2443e-04 | val_loss=4.6307e-04 | | lr=6.25e-05
Epoch 154 | train_loss=4.2138e-04 | train_eval_loss=4.1665e-04 | val_loss=4.5181e-04 | | lr=6.25e-05
Epoch 155 | train_loss=4.2044e-04 | train_eval_loss=4.1359e-04 | val_loss=4.5062e-04 | | lr=6.25e-05
Epoch 156 | train_loss=4.1922e-04 | train_eval_loss=4.1517e-04 | val_loss=4.5014e-04 | | lr=6.25e-05
Epoch 157 | train_loss=4.1756e-04 | train_eval_loss=4.1453e-04 | val_loss=4.5232e-04 | | lr=6.25e-05
Epoch 158 | train_loss=4.1703e-04 | train_eval_loss=4.2577e-04 | val_loss=4.6328e-04 | | lr=6.25e-05
Epoch 159 | train_loss=4.1383e-04 | train_eval_loss=4.1097e-04 | val_loss=4.4663e-04 | | lr=3.13e-05
Saved best model to results/thesis_model_results/outputs/seed_robustness_shortlist/MLP__mse__minmax__seed126/mlp_state_dict_best.pt
Epoch 160 | train_loss=4.1378e-04 | train_eval_loss=4.1001e-04 | val_loss=4.4760e-04 | | lr=3.13e-05
Epoch 161 | train_loss=4.1179e-04 | train_eval_loss=4.0850e-04 | val_loss=4.4675e-04 | | lr=3.13e-05
Epoch 162 | train_loss=4.1134e-04 | train_eval_loss=4.1103e-04 | val_loss=4.4728e-04 | | lr=3.13e-05
Epoch 163 | train_loss=4.1109e-04 | train_eval_loss=4.0837e-04 | val_loss=4.4569e-04 | | lr=3.13e-05
Saved best model to results/thesis_model_results/outputs/seed_robustness_shortlist/MLP__mse__minmax__seed126/mlp_state_dict_best.pt
Epoch 164 | train_loss=4.1057e-04 | train_eval_loss=4.1059e-04 | val_loss=4.4611e-04 | | lr=3.13e-05
Epoch 165 | train_loss=4.1357e-04 | train_eval_loss=4.1314e-04 | val_loss=4.4965e-04 | | lr=3.13e-05
Epoch 166 | train_loss=4.1229e-04 | train_eval_loss=4.0908e-04 | val_loss=4.4744e-04 | | lr=3.13e-05
Epoch 167 | train_loss=4.1033e-04 | train_eval_loss=4.0883e-04 | val_loss=4.4694e-04 | | lr=3.13e-05
Epoch 168 | train_loss=4.0960e-04 | train_eval_loss=4.0883e-04 | val_loss=4.4602e-04 | | lr=3.13e-05
Epoch 169 | train_loss=4.0990e-04 | train_eval_loss=4.1073e-04 | val_loss=4.4950e-04 | | lr=3.13e-05
Epoch 170 | train_loss=4.1090e-04 | train_eval_loss=4.0832e-04 | val_loss=4.4809e-04 | | lr=3.13e-05
Epoch 171 | train_loss=4.1050e-04 | train_eval_loss=4.1163e-04 | val_loss=4.5084e-04 | | lr=3.13e-05
Epoch 172 | train_loss=4.0981e-04 | train_eval_loss=4.1028e-04 | val_loss=4.4683e-04 | | lr=3.13e-05
Epoch 173 | train_loss=4.0672e-04 | train_eval_loss=4.0544e-04 | val_loss=4.4199e-04 | | lr=1.56e-05
Saved best model to results/thesis_model_results/outputs/seed_robustness_shortlist/MLP__mse__minmax__seed126/mlp_state_dict_best.pt
Epoch 174 | train_loss=4.0671e-04 | train_eval_loss=4.0519e-04 | val_loss=4.4286e-04 | | lr=1.56e-05
Epoch 175 | train_loss=4.0661e-04 | train_eval_loss=4.0423e-04 | val_loss=4.4307e-04 | | lr=1.56e-05
Epoch 176 | train_loss=4.0795e-04 | train_eval_loss=4.0554e-04 | val_loss=4.4541e-04 | | lr=1.56e-05
Epoch 177 | train_loss=4.0652e-04 | train_eval_loss=4.0684e-04 | val_loss=4.4409e-04 | | lr=1.56e-05
Epoch 178 | train_loss=4.0656e-04 | train_eval_loss=4.0430e-04 | val_loss=4.4365e-04 | | lr=1.56e-05
Epoch 179 | train_loss=4.0588e-04 | train_eval_loss=4.0774e-04 | val_loss=4.4391e-04 | | lr=1.56e-05
Epoch 180 | train_loss=4.0654e-04 | train_eval_loss=4.0716e-04 | val_loss=4.4419e-04 | | lr=1.56e-05
Epoch 181 | train_loss=4.0636e-04 | train_eval_loss=4.0487e-04 | val_loss=4.4331e-04 | | lr=1.56e-05
Epoch 182 | train_loss=4.0590e-04 | train_eval_loss=4.0494e-04 | val_loss=4.4384e-04 | | lr=1.56e-05
Epoch 183 | train_loss=4.0451e-04 | train_eval_loss=4.0487e-04 | val_loss=4.4327e-04 | | lr=7.81e-06
Epoch 184 | train_loss=4.0487e-04 | train_eval_loss=4.0310e-04 | val_loss=4.4233e-04 | | lr=7.81e-06
Epoch 185 | train_loss=4.0405e-04 | train_eval_loss=4.0315e-04 | val_loss=4.4258e-04 | | lr=7.81e-06
Epoch 186 | train_loss=4.0404e-04 | train_eval_loss=4.0412e-04 | val_loss=4.4266e-04 | | lr=7.81e-06
Epoch 187 | train_loss=4.0398e-04 | train_eval_loss=4.0279e-04 | val_loss=4.4192e-04 | | lr=7.81e-06
Saved best model to results/thesis_model_results/outputs/seed_robustness_shortlist/MLP__mse__minmax__seed126/mlp_state_dict_best.pt
Epoch 188 | train_loss=4.0375e-04 | train_eval_loss=4.0363e-04 | val_loss=4.4229e-04 | | lr=7.81e-06
Epoch 189 | train_loss=4.0419e-04 | train_eval_loss=4.0293e-04 | val_loss=4.4235e-04 | | lr=7.81e-06
Epoch 190 | train_loss=4.0430e-04 | train_eval_loss=4.0370e-04 | val_loss=4.4312e-04 | | lr=7.81e-06
Epoch 191 | train_loss=4.0385e-04 | train_eval_loss=4.0274e-04 | val_loss=4.4216e-04 | | lr=7.81e-06
Epoch 192 | train_loss=4.0372e-04 | train_eval_loss=4.0324e-04 | val_loss=4.4225e-04 | | lr=7.81e-06
Epoch 193 | train_loss=4.0354e-04 | train_eval_loss=4.0315e-04 | val_loss=4.4178e-04 | | lr=7.81e-06
Saved best model to results/thesis_model_results/outputs/seed_robustness_shortlist/MLP__mse__minmax__seed126/mlp_state_dict_best.pt
Epoch 194 | train_loss=4.0400e-04 | train_eval_loss=4.0355e-04 | val_loss=4.4331e-04 | | lr=7.81e-06
Epoch 195 | train_loss=4.0382e-04 | train_eval_loss=4.0329e-04 | val_loss=4.4278e-04 | | lr=7.81e-06
Epoch 196 | train_loss=4.0385e-04 | train_eval_loss=4.0258e-04 | val_loss=4.4182e-04 | | lr=7.81e-06
Epoch 197 | train_loss=4.0359e-04 | train_eval_loss=4.0253e-04 | val_loss=4.4147e-04 | | lr=7.81e-06
Saved best model to results/thesis_model_results/outputs/seed_robustness_shortlist/MLP__mse__minmax__seed126/mlp_state_dict_best.pt
Epoch 198 | train_loss=4.0349e-04 | train_eval_loss=4.0264e-04 | val_loss=4.4158e-04 | | lr=7.81e-06
Epoch 199 | train_loss=4.0374e-04 | train_eval_loss=4.0357e-04 | val_loss=4.4337e-04 | | lr=7.81e-06
Epoch 200 | train_loss=4.0382e-04 | train_eval_loss=4.0301e-04 | val_loss=4.4133e-04 | | lr=7.81e-06
Saved best model to results/thesis_model_results/outputs/seed_robustness_shortlist/MLP__mse__minmax__seed126/mlp_state_dict_best.pt
Saved training logs to results/thesis_model_results/outputs/seed_robustness_shortlist/MLP__mse__minmax__seed126/training_summary.txt
Test RMSE(rocof_COI) = 0.0160 | norm: 0.0121 | real_diff: 0.0114
Test RMSE(dev_COI) = 0.0320 | norm: 0.0119 | real_diff: 0.0194
Test RMSE(Delta_P_IBR_1) = 0.1364 | norm: 0.0215 | real_diff: 0.0963
Test RMSE(Delta_P_IBR_2) = 0.1287 | norm: 0.0179 | real_diff: 0.0788
Test RMSE(Delta_P_IBR_3) = 0.1829 | norm: 0.0321 | real_diff: 0.0994
Test RMSE(Delta_P_IBR_4) = 0.2084 | norm: 0.0215 | real_diff: 0.1350
Saved RMSE results to results/thesis_model_results/outputs/seed_robustness_shortlist/MLP__mse__minmax__seed126/rmse_results.txt
Saved detailed metrics to results/thesis_model_results/outputs/seed_robustness_shortlist/MLP__mse__minmax__seed126/metrics_by_target.csv
Saved aggregate metrics to results/thesis_model_results/outputs/seed_robustness_shortlist/MLP__mse__minmax__seed126/metrics_summary.json
Saved loss curves to results/thesis_model_results/outputs/seed_robustness_shortlist/MLP__mse__minmax__seed126/loss_curve.png
Saved scatter plot results/thesis_model_results/outputs/seed_robustness_shortlist/MLP__mse__minmax__seed126/scatter_rocof_COI.png
Saved scatter plot results/thesis_model_results/outputs/seed_robustness_shortlist/MLP__mse__minmax__seed126/scatter_dev_COI.png
Saved scatter plot results/thesis_model_results/outputs/seed_robustness_shortlist/MLP__mse__minmax__seed126/scatter_Delta_P_IBR_1.png
Saved scatter plot results/thesis_model_results/outputs/seed_robustness_shortlist/MLP__mse__minmax__seed126/scatter_Delta_P_IBR_2.png
Saved scatter plot results/thesis_model_results/outputs/seed_robustness_shortlist/MLP__mse__minmax__seed126/scatter_Delta_P_IBR_3.png
Saved scatter plot results/thesis_model_results/outputs/seed_robustness_shortlist/MLP__mse__minmax__seed126/scatter_Delta_P_IBR_4.png
Saved model to results/thesis_model_results/outputs/seed_robustness_shortlist/MLP__mse__minmax__seed126/mlp_state_dict.pt
Loss type: mse | weights=[]
Target stats (scaled):
train mean=[0.549  0.589  0.492  0.4884 0.4785 0.4192]
train std=[0.1365 0.1371 0.1141 0.1063 0.1158 0.1138]
train q05=[0.3074 0.3979 0.3192 0.303  0.3347 0.2205]
train q95=[0.7933 0.8652 0.6719 0.6491 0.6927 0.6016]
val mean=[0.5473 0.5873 0.4922 0.4893 0.4798 0.4201]
val std=[0.1343 0.1348 0.1123 0.1072 0.1141 0.1112]
val q05=[0.3103 0.3982 0.3195 0.303  0.3376 0.2251]
val q95=[0.7886 0.8626 0.6731 0.6514 0.6918 0.5984]
val/train std ratio=[0.984  0.9828 0.9844 1.0084 0.9848 0.9772]
LR scheduler: ReduceLROnPlateau (factor=0.5, patience=8, min_lr=1e-07)
Epoch 001 | train_loss=2.6943e-02 | train_eval_loss=1.4089e-02 | val_loss=1.3700e-02 | | lr=1.00e-03
Saved best model to results/thesis_model_results/outputs/seed_robustness_shortlist/MLP__mse__minmax__seed168/mlp_state_dict_best.pt
Epoch 002 | train_loss=1.3130e-02 | train_eval_loss=1.0714e-02 | val_loss=1.0428e-02 | | lr=1.00e-03
Saved best model to results/thesis_model_results/outputs/seed_robustness_shortlist/MLP__mse__minmax__seed168/mlp_state_dict_best.pt
Epoch 003 | train_loss=5.4437e-03 | train_eval_loss=3.5534e-03 | val_loss=3.5035e-03 | | lr=1.00e-03
Saved best model to results/thesis_model_results/outputs/seed_robustness_shortlist/MLP__mse__minmax__seed168/mlp_state_dict_best.pt
Epoch 004 | train_loss=3.2418e-03 | train_eval_loss=2.9620e-03 | val_loss=2.9233e-03 | | lr=1.00e-03
Saved best model to results/thesis_model_results/outputs/seed_robustness_shortlist/MLP__mse__minmax__seed168/mlp_state_dict_best.pt
Epoch 005 | train_loss=2.7257e-03 | train_eval_loss=2.4929e-03 | val_loss=2.4620e-03 | | lr=1.00e-03
Saved best model to results/thesis_model_results/outputs/seed_robustness_shortlist/MLP__mse__minmax__seed168/mlp_state_dict_best.pt
Epoch 006 | train_loss=2.3124e-03 | train_eval_loss=2.2314e-03 | val_loss=2.2059e-03 | | lr=1.00e-03
Saved best model to results/thesis_model_results/outputs/seed_robustness_shortlist/MLP__mse__minmax__seed168/mlp_state_dict_best.pt
Epoch 007 | train_loss=2.0863e-03 | train_eval_loss=2.1419e-03 | val_loss=2.1053e-03 | | lr=1.00e-03
Saved best model to results/thesis_model_results/outputs/seed_robustness_shortlist/MLP__mse__minmax__seed168/mlp_state_dict_best.pt
Epoch 008 | train_loss=1.9317e-03 | train_eval_loss=1.9667e-03 | val_loss=1.9428e-03 | | lr=1.00e-03
Saved best model to results/thesis_model_results/outputs/seed_robustness_shortlist/MLP__mse__minmax__seed168/mlp_state_dict_best.pt
Epoch 009 | train_loss=1.8216e-03 | train_eval_loss=1.7521e-03 | val_loss=1.7274e-03 | | lr=1.00e-03
Saved best model to results/thesis_model_results/outputs/seed_robustness_shortlist/MLP__mse__minmax__seed168/mlp_state_dict_best.pt
Epoch 010 | train_loss=1.7284e-03 | train_eval_loss=1.6946e-03 | val_loss=1.6720e-03 | | lr=1.00e-03
Saved best model to results/thesis_model_results/outputs/seed_robustness_shortlist/MLP__mse__minmax__seed168/mlp_state_dict_best.pt
Epoch 011 | train_loss=1.7100e-03 | train_eval_loss=1.7782e-03 | val_loss=1.7541e-03 | | lr=1.00e-03
Epoch 012 | train_loss=1.6228e-03 | train_eval_loss=1.5601e-03 | val_loss=1.5347e-03 | | lr=1.00e-03
Saved best model to results/thesis_model_results/outputs/seed_robustness_shortlist/MLP__mse__minmax__seed168/mlp_state_dict_best.pt
Epoch 013 | train_loss=1.6321e-03 | train_eval_loss=1.6044e-03 | val_loss=1.5818e-03 | | lr=1.00e-03
Epoch 014 | train_loss=1.5831e-03 | train_eval_loss=1.5495e-03 | val_loss=1.5293e-03 | | lr=1.00e-03
Saved best model to results/thesis_model_results/outputs/seed_robustness_shortlist/MLP__mse__minmax__seed168/mlp_state_dict_best.pt
Epoch 015 | train_loss=1.5817e-03 | train_eval_loss=1.6343e-03 | val_loss=1.6139e-03 | | lr=1.00e-03
Epoch 016 | train_loss=1.5429e-03 | train_eval_loss=1.4767e-03 | val_loss=1.4545e-03 | | lr=1.00e-03
Saved best model to results/thesis_model_results/outputs/seed_robustness_shortlist/MLP__mse__minmax__seed168/mlp_state_dict_best.pt
Epoch 017 | train_loss=1.4652e-03 | train_eval_loss=1.4445e-03 | val_loss=1.4226e-03 | | lr=1.00e-03
Saved best model to results/thesis_model_results/outputs/seed_robustness_shortlist/MLP__mse__minmax__seed168/mlp_state_dict_best.pt
Epoch 018 | train_loss=1.4266e-03 | train_eval_loss=1.3958e-03 | val_loss=1.3739e-03 | | lr=1.00e-03
Saved best model to results/thesis_model_results/outputs/seed_robustness_shortlist/MLP__mse__minmax__seed168/mlp_state_dict_best.pt
Epoch 019 | train_loss=1.4388e-03 | train_eval_loss=1.4193e-03 | val_loss=1.4011e-03 | | lr=1.00e-03
Epoch 020 | train_loss=1.3941e-03 | train_eval_loss=1.4710e-03 | val_loss=1.4527e-03 | | lr=1.00e-03
Epoch 021 | train_loss=1.4032e-03 | train_eval_loss=1.3132e-03 | val_loss=1.2914e-03 | | lr=1.00e-03
Saved best model to results/thesis_model_results/outputs/seed_robustness_shortlist/MLP__mse__minmax__seed168/mlp_state_dict_best.pt
Epoch 022 | train_loss=1.3586e-03 | train_eval_loss=1.3042e-03 | val_loss=1.2870e-03 | | lr=1.00e-03
Saved best model to results/thesis_model_results/outputs/seed_robustness_shortlist/MLP__mse__minmax__seed168/mlp_state_dict_best.pt
Epoch 023 | train_loss=1.3356e-03 | train_eval_loss=1.3286e-03 | val_loss=1.3081e-03 | | lr=1.00e-03
Epoch 024 | train_loss=1.3168e-03 | train_eval_loss=1.4419e-03 | val_loss=1.4241e-03 | | lr=1.00e-03
Epoch 025 | train_loss=1.3009e-03 | train_eval_loss=1.4145e-03 | val_loss=1.3968e-03 | | lr=1.00e-03
Epoch 026 | train_loss=1.2704e-03 | train_eval_loss=1.2597e-03 | val_loss=1.2396e-03 | | lr=1.00e-03
Saved best model to results/thesis_model_results/outputs/seed_robustness_shortlist/MLP__mse__minmax__seed168/mlp_state_dict_best.pt
Epoch 027 | train_loss=1.2551e-03 | train_eval_loss=1.1776e-03 | val_loss=1.1559e-03 | | lr=1.00e-03
Saved best model to results/thesis_model_results/outputs/seed_robustness_shortlist/MLP__mse__minmax__seed168/mlp_state_dict_best.pt
Epoch 028 | train_loss=1.2200e-03 | train_eval_loss=1.3846e-03 | val_loss=1.3777e-03 | | lr=1.00e-03
Epoch 029 | train_loss=1.2091e-03 | train_eval_loss=1.2110e-03 | val_loss=1.1947e-03 | | lr=1.00e-03
Epoch 030 | train_loss=1.1999e-03 | train_eval_loss=1.1380e-03 | val_loss=1.1248e-03 | | lr=1.00e-03
Saved best model to results/thesis_model_results/outputs/seed_robustness_shortlist/MLP__mse__minmax__seed168/mlp_state_dict_best.pt
Epoch 031 | train_loss=1.1724e-03 | train_eval_loss=1.1315e-03 | val_loss=1.1230e-03 | | lr=1.00e-03
Saved best model to results/thesis_model_results/outputs/seed_robustness_shortlist/MLP__mse__minmax__seed168/mlp_state_dict_best.pt
Epoch 032 | train_loss=1.1438e-03 | train_eval_loss=1.1728e-03 | val_loss=1.1625e-03 | | lr=1.00e-03
Epoch 033 | train_loss=1.1596e-03 | train_eval_loss=1.1226e-03 | val_loss=1.1122e-03 | | lr=1.00e-03
Saved best model to results/thesis_model_results/outputs/seed_robustness_shortlist/MLP__mse__minmax__seed168/mlp_state_dict_best.pt
Epoch 034 | train_loss=1.1128e-03 | train_eval_loss=1.2739e-03 | val_loss=1.2738e-03 | | lr=1.00e-03
Epoch 035 | train_loss=1.1018e-03 | train_eval_loss=1.0818e-03 | val_loss=1.0696e-03 | | lr=1.00e-03
Saved best model to results/thesis_model_results/outputs/seed_robustness_shortlist/MLP__mse__minmax__seed168/mlp_state_dict_best.pt
Epoch 036 | train_loss=1.0826e-03 | train_eval_loss=1.0923e-03 | val_loss=1.0845e-03 | | lr=1.00e-03
Epoch 037 | train_loss=1.1014e-03 | train_eval_loss=1.1264e-03 | val_loss=1.1248e-03 | | lr=1.00e-03
Epoch 038 | train_loss=1.0902e-03 | train_eval_loss=1.1718e-03 | val_loss=1.1724e-03 | | lr=1.00e-03
Epoch 039 | train_loss=1.0139e-03 | train_eval_loss=9.9374e-04 | val_loss=9.9101e-04 | | lr=1.00e-03
Saved best model to results/thesis_model_results/outputs/seed_robustness_shortlist/MLP__mse__minmax__seed168/mlp_state_dict_best.pt
Epoch 040 | train_loss=1.0015e-03 | train_eval_loss=9.3952e-04 | val_loss=9.3711e-04 | | lr=1.00e-03
Saved best model to results/thesis_model_results/outputs/seed_robustness_shortlist/MLP__mse__minmax__seed168/mlp_state_dict_best.pt
Epoch 041 | train_loss=9.5174e-04 | train_eval_loss=9.6514e-04 | val_loss=9.5886e-04 | | lr=1.00e-03
Epoch 042 | train_loss=9.4410e-04 | train_eval_loss=9.4543e-04 | val_loss=9.3937e-04 | | lr=1.00e-03
Epoch 043 | train_loss=9.1101e-04 | train_eval_loss=1.0188e-03 | val_loss=1.0146e-03 | | lr=1.00e-03
Epoch 044 | train_loss=9.8676e-04 | train_eval_loss=1.0421e-03 | val_loss=1.0362e-03 | | lr=1.00e-03
Epoch 045 | train_loss=9.4702e-04 | train_eval_loss=9.5221e-04 | val_loss=9.5162e-04 | | lr=1.00e-03
Epoch 046 | train_loss=9.0016e-04 | train_eval_loss=1.0638e-03 | val_loss=1.0491e-03 | | lr=1.00e-03
Epoch 047 | train_loss=8.7558e-04 | train_eval_loss=8.7809e-04 | val_loss=8.7625e-04 | | lr=1.00e-03
Saved best model to results/thesis_model_results/outputs/seed_robustness_shortlist/MLP__mse__minmax__seed168/mlp_state_dict_best.pt
Epoch 048 | train_loss=9.0525e-04 | train_eval_loss=8.5385e-04 | val_loss=8.5063e-04 | | lr=1.00e-03
Saved best model to results/thesis_model_results/outputs/seed_robustness_shortlist/MLP__mse__minmax__seed168/mlp_state_dict_best.pt
Epoch 049 | train_loss=8.7804e-04 | train_eval_loss=9.3332e-04 | val_loss=9.2573e-04 | | lr=1.00e-03
Epoch 050 | train_loss=8.6033e-04 | train_eval_loss=8.7186e-04 | val_loss=8.6650e-04 | | lr=1.00e-03
Epoch 051 | train_loss=8.8394e-04 | train_eval_loss=9.9561e-04 | val_loss=1.0003e-03 | | lr=1.00e-03
Epoch 052 | train_loss=8.6338e-04 | train_eval_loss=1.0257e-03 | val_loss=1.0236e-03 | | lr=1.00e-03
Epoch 053 | train_loss=8.6986e-04 | train_eval_loss=8.3965e-04 | val_loss=8.3977e-04 | | lr=1.00e-03
Saved best model to results/thesis_model_results/outputs/seed_robustness_shortlist/MLP__mse__minmax__seed168/mlp_state_dict_best.pt
Epoch 054 | train_loss=8.1144e-04 | train_eval_loss=9.1406e-04 | val_loss=9.1299e-04 | | lr=1.00e-03
Epoch 055 | train_loss=8.0394e-04 | train_eval_loss=7.6874e-04 | val_loss=7.6979e-04 | | lr=1.00e-03
Saved best model to results/thesis_model_results/outputs/seed_robustness_shortlist/MLP__mse__minmax__seed168/mlp_state_dict_best.pt
Epoch 056 | train_loss=8.0984e-04 | train_eval_loss=7.5647e-04 | val_loss=7.5581e-04 | | lr=1.00e-03
Saved best model to results/thesis_model_results/outputs/seed_robustness_shortlist/MLP__mse__minmax__seed168/mlp_state_dict_best.pt
Epoch 057 | train_loss=8.1465e-04 | train_eval_loss=8.2460e-04 | val_loss=8.2589e-04 | | lr=1.00e-03
Epoch 058 | train_loss=7.7406e-04 | train_eval_loss=7.4657e-04 | val_loss=7.4477e-04 | | lr=1.00e-03
Saved best model to results/thesis_model_results/outputs/seed_robustness_shortlist/MLP__mse__minmax__seed168/mlp_state_dict_best.pt
Epoch 059 | train_loss=8.0700e-04 | train_eval_loss=7.8848e-04 | val_loss=7.8754e-04 | | lr=1.00e-03
Epoch 060 | train_loss=7.5115e-04 | train_eval_loss=7.3544e-04 | val_loss=7.3641e-04 | | lr=1.00e-03
Saved best model to results/thesis_model_results/outputs/seed_robustness_shortlist/MLP__mse__minmax__seed168/mlp_state_dict_best.pt
Epoch 061 | train_loss=7.6412e-04 | train_eval_loss=7.6604e-04 | val_loss=7.6807e-04 | | lr=1.00e-03
Epoch 062 | train_loss=7.5844e-04 | train_eval_loss=7.6892e-04 | val_loss=7.7127e-04 | | lr=1.00e-03
Epoch 063 | train_loss=8.1554e-04 | train_eval_loss=7.1937e-04 | val_loss=7.2530e-04 | | lr=1.00e-03
Saved best model to results/thesis_model_results/outputs/seed_robustness_shortlist/MLP__mse__minmax__seed168/mlp_state_dict_best.pt
Epoch 064 | train_loss=7.5982e-04 | train_eval_loss=9.7796e-04 | val_loss=9.7842e-04 | | lr=1.00e-03
Epoch 065 | train_loss=7.2376e-04 | train_eval_loss=6.7566e-04 | val_loss=6.7954e-04 | | lr=1.00e-03
Saved best model to results/thesis_model_results/outputs/seed_robustness_shortlist/MLP__mse__minmax__seed168/mlp_state_dict_best.pt
Epoch 066 | train_loss=7.1795e-04 | train_eval_loss=7.9323e-04 | val_loss=7.9181e-04 | | lr=1.00e-03
Epoch 067 | train_loss=7.6695e-04 | train_eval_loss=7.6969e-04 | val_loss=7.7323e-04 | | lr=1.00e-03
Epoch 068 | train_loss=7.2062e-04 | train_eval_loss=6.6069e-04 | val_loss=6.6507e-04 | | lr=1.00e-03
Saved best model to results/thesis_model_results/outputs/seed_robustness_shortlist/MLP__mse__minmax__seed168/mlp_state_dict_best.pt
Epoch 069 | train_loss=6.8707e-04 | train_eval_loss=7.4356e-04 | val_loss=7.5182e-04 | | lr=1.00e-03
Epoch 070 | train_loss=7.1568e-04 | train_eval_loss=6.6906e-04 | val_loss=6.7219e-04 | | lr=1.00e-03
Epoch 071 | train_loss=7.3351e-04 | train_eval_loss=7.6186e-04 | val_loss=7.6254e-04 | | lr=1.00e-03
Epoch 072 | train_loss=7.4273e-04 | train_eval_loss=7.3588e-04 | val_loss=7.4387e-04 | | lr=1.00e-03
Epoch 073 | train_loss=7.0561e-04 | train_eval_loss=7.3528e-04 | val_loss=7.3845e-04 | | lr=1.00e-03
Epoch 074 | train_loss=6.9606e-04 | train_eval_loss=7.7205e-04 | val_loss=7.8424e-04 | | lr=1.00e-03
Epoch 075 | train_loss=6.9031e-04 | train_eval_loss=8.1492e-04 | val_loss=8.1889e-04 | | lr=1.00e-03
Epoch 076 | train_loss=7.6263e-04 | train_eval_loss=7.1397e-04 | val_loss=7.2575e-04 | | lr=1.00e-03
Epoch 077 | train_loss=6.9071e-04 | train_eval_loss=7.7369e-04 | val_loss=7.7582e-04 | | lr=1.00e-03
Epoch 078 | train_loss=6.1510e-04 | train_eval_loss=6.4052e-04 | val_loss=6.4980e-04 | | lr=5.00e-04
Saved best model to results/thesis_model_results/outputs/seed_robustness_shortlist/MLP__mse__minmax__seed168/mlp_state_dict_best.pt
Epoch 079 | train_loss=5.9768e-04 | train_eval_loss=5.8294e-04 | val_loss=5.9289e-04 | | lr=5.00e-04
Saved best model to results/thesis_model_results/outputs/seed_robustness_shortlist/MLP__mse__minmax__seed168/mlp_state_dict_best.pt
Epoch 080 | train_loss=6.0250e-04 | train_eval_loss=5.9193e-04 | val_loss=6.0091e-04 | | lr=5.00e-04
Epoch 081 | train_loss=5.8835e-04 | train_eval_loss=5.8292e-04 | val_loss=5.9067e-04 | | lr=5.00e-04
Saved best model to results/thesis_model_results/outputs/seed_robustness_shortlist/MLP__mse__minmax__seed168/mlp_state_dict_best.pt
Epoch 082 | train_loss=5.8643e-04 | train_eval_loss=6.0095e-04 | val_loss=6.0810e-04 | | lr=5.00e-04
Epoch 083 | train_loss=5.8307e-04 | train_eval_loss=5.7322e-04 | val_loss=5.7899e-04 | | lr=5.00e-04
Saved best model to results/thesis_model_results/outputs/seed_robustness_shortlist/MLP__mse__minmax__seed168/mlp_state_dict_best.pt
Epoch 084 | train_loss=5.8348e-04 | train_eval_loss=5.7245e-04 | val_loss=5.8335e-04 | | lr=5.00e-04
Epoch 085 | train_loss=5.7995e-04 | train_eval_loss=6.0576e-04 | val_loss=6.1428e-04 | | lr=5.00e-04
Epoch 086 | train_loss=5.7770e-04 | train_eval_loss=6.0647e-04 | val_loss=6.1751e-04 | | lr=5.00e-04
Epoch 087 | train_loss=5.7890e-04 | train_eval_loss=5.9818e-04 | val_loss=6.0435e-04 | | lr=5.00e-04
Epoch 088 | train_loss=5.8338e-04 | train_eval_loss=7.0172e-04 | val_loss=7.1694e-04 | | lr=5.00e-04
Epoch 089 | train_loss=5.8385e-04 | train_eval_loss=6.1008e-04 | val_loss=6.1741e-04 | | lr=5.00e-04
Epoch 090 | train_loss=5.8884e-04 | train_eval_loss=5.7214e-04 | val_loss=5.7961e-04 | | lr=5.00e-04
Epoch 091 | train_loss=5.7874e-04 | train_eval_loss=5.7239e-04 | val_loss=5.8647e-04 | | lr=5.00e-04
Epoch 092 | train_loss=5.8685e-04 | train_eval_loss=5.9731e-04 | val_loss=6.0404e-04 | | lr=5.00e-04
Epoch 093 | train_loss=5.5478e-04 | train_eval_loss=5.6653e-04 | val_loss=5.8045e-04 | | lr=2.50e-04
Epoch 094 | train_loss=5.4304e-04 | train_eval_loss=5.4932e-04 | val_loss=5.6736e-04 | | lr=2.50e-04
Saved best model to results/thesis_model_results/outputs/seed_robustness_shortlist/MLP__mse__minmax__seed168/mlp_state_dict_best.pt
Epoch 095 | train_loss=5.4179e-04 | train_eval_loss=5.4201e-04 | val_loss=5.5739e-04 | | lr=2.50e-04
Saved best model to results/thesis_model_results/outputs/seed_robustness_shortlist/MLP__mse__minmax__seed168/mlp_state_dict_best.pt
Epoch 096 | train_loss=5.4049e-04 | train_eval_loss=5.4523e-04 | val_loss=5.6083e-04 | | lr=2.50e-04
Epoch 097 | train_loss=5.4371e-04 | train_eval_loss=5.5478e-04 | val_loss=5.7021e-04 | | lr=2.50e-04
Epoch 098 | train_loss=5.4286e-04 | train_eval_loss=5.3485e-04 | val_loss=5.5118e-04 | | lr=2.50e-04
Saved best model to results/thesis_model_results/outputs/seed_robustness_shortlist/MLP__mse__minmax__seed168/mlp_state_dict_best.pt
Epoch 099 | train_loss=5.4114e-04 | train_eval_loss=5.4557e-04 | val_loss=5.6310e-04 | | lr=2.50e-04
Epoch 100 | train_loss=5.3881e-04 | train_eval_loss=5.2851e-04 | val_loss=5.4201e-04 | | lr=2.50e-04
Saved best model to results/thesis_model_results/outputs/seed_robustness_shortlist/MLP__mse__minmax__seed168/mlp_state_dict_best.pt
Epoch 101 | train_loss=5.4302e-04 | train_eval_loss=5.4443e-04 | val_loss=5.5768e-04 | | lr=2.50e-04
Epoch 102 | train_loss=5.4262e-04 | train_eval_loss=5.3369e-04 | val_loss=5.4821e-04 | | lr=2.50e-04
Epoch 103 | train_loss=5.3642e-04 | train_eval_loss=5.3727e-04 | val_loss=5.5278e-04 | | lr=2.50e-04
Epoch 104 | train_loss=5.3525e-04 | train_eval_loss=5.3792e-04 | val_loss=5.5431e-04 | | lr=2.50e-04
Epoch 105 | train_loss=5.3497e-04 | train_eval_loss=5.3865e-04 | val_loss=5.5477e-04 | | lr=2.50e-04
Epoch 106 | train_loss=5.3396e-04 | train_eval_loss=5.3701e-04 | val_loss=5.5213e-04 | | lr=2.50e-04
Epoch 107 | train_loss=5.3257e-04 | train_eval_loss=5.1996e-04 | val_loss=5.3780e-04 | | lr=2.50e-04
Saved best model to results/thesis_model_results/outputs/seed_robustness_shortlist/MLP__mse__minmax__seed168/mlp_state_dict_best.pt
Epoch 108 | train_loss=5.3464e-04 | train_eval_loss=5.6182e-04 | val_loss=5.7761e-04 | | lr=2.50e-04
Epoch 109 | train_loss=5.4074e-04 | train_eval_loss=5.3176e-04 | val_loss=5.4751e-04 | | lr=2.50e-04
Epoch 110 | train_loss=5.2744e-04 | train_eval_loss=5.4227e-04 | val_loss=5.6501e-04 | | lr=2.50e-04
Epoch 111 | train_loss=5.2480e-04 | train_eval_loss=5.1789e-04 | val_loss=5.3616e-04 | | lr=2.50e-04
Saved best model to results/thesis_model_results/outputs/seed_robustness_shortlist/MLP__mse__minmax__seed168/mlp_state_dict_best.pt
Epoch 112 | train_loss=5.2374e-04 | train_eval_loss=5.1596e-04 | val_loss=5.3534e-04 | | lr=2.50e-04
Saved best model to results/thesis_model_results/outputs/seed_robustness_shortlist/MLP__mse__minmax__seed168/mlp_state_dict_best.pt
Epoch 113 | train_loss=5.2553e-04 | train_eval_loss=5.4246e-04 | val_loss=5.5903e-04 | | lr=2.50e-04
Epoch 114 | train_loss=5.2662e-04 | train_eval_loss=5.2434e-04 | val_loss=5.4028e-04 | | lr=2.50e-04
Epoch 115 | train_loss=5.2389e-04 | train_eval_loss=5.1406e-04 | val_loss=5.3672e-04 | | lr=2.50e-04
Epoch 116 | train_loss=5.2099e-04 | train_eval_loss=5.2428e-04 | val_loss=5.4597e-04 | | lr=2.50e-04
Epoch 117 | train_loss=5.2281e-04 | train_eval_loss=5.2095e-04 | val_loss=5.3698e-04 | | lr=2.50e-04
Epoch 118 | train_loss=5.2574e-04 | train_eval_loss=5.7165e-04 | val_loss=5.9016e-04 | | lr=2.50e-04
Epoch 119 | train_loss=5.2801e-04 | train_eval_loss=5.2650e-04 | val_loss=5.4665e-04 | | lr=2.50e-04
Epoch 120 | train_loss=5.2234e-04 | train_eval_loss=5.3609e-04 | val_loss=5.5799e-04 | | lr=2.50e-04
Epoch 121 | train_loss=5.1472e-04 | train_eval_loss=5.3340e-04 | val_loss=5.5057e-04 | | lr=2.50e-04
Epoch 122 | train_loss=5.0176e-04 | train_eval_loss=5.0467e-04 | val_loss=5.2413e-04 | | lr=1.25e-04
Saved best model to results/thesis_model_results/outputs/seed_robustness_shortlist/MLP__mse__minmax__seed168/mlp_state_dict_best.pt
Epoch 123 | train_loss=4.9974e-04 | train_eval_loss=5.0373e-04 | val_loss=5.2518e-04 | | lr=1.25e-04
Epoch 124 | train_loss=4.9978e-04 | train_eval_loss=4.9319e-04 | val_loss=5.1557e-04 | | lr=1.25e-04
Saved best model to results/thesis_model_results/outputs/seed_robustness_shortlist/MLP__mse__minmax__seed168/mlp_state_dict_best.pt
Epoch 125 | train_loss=4.9909e-04 | train_eval_loss=4.9355e-04 | val_loss=5.1315e-04 | | lr=1.25e-04
Saved best model to results/thesis_model_results/outputs/seed_robustness_shortlist/MLP__mse__minmax__seed168/mlp_state_dict_best.pt
Epoch 126 | train_loss=4.9803e-04 | train_eval_loss=4.9378e-04 | val_loss=5.1596e-04 | | lr=1.25e-04
Epoch 127 | train_loss=4.9833e-04 | train_eval_loss=4.9237e-04 | val_loss=5.1292e-04 | | lr=1.25e-04
Saved best model to results/thesis_model_results/outputs/seed_robustness_shortlist/MLP__mse__minmax__seed168/mlp_state_dict_best.pt
Epoch 128 | train_loss=4.9721e-04 | train_eval_loss=5.0844e-04 | val_loss=5.2813e-04 | | lr=1.25e-04
Epoch 129 | train_loss=4.9776e-04 | train_eval_loss=5.1541e-04 | val_loss=5.3945e-04 | | lr=1.25e-04
Epoch 130 | train_loss=4.9791e-04 | train_eval_loss=4.8538e-04 | val_loss=5.0955e-04 | | lr=1.25e-04
Saved best model to results/thesis_model_results/outputs/seed_robustness_shortlist/MLP__mse__minmax__seed168/mlp_state_dict_best.pt
Epoch 131 | train_loss=4.9413e-04 | train_eval_loss=4.8557e-04 | val_loss=5.0645e-04 | | lr=1.25e-04
Saved best model to results/thesis_model_results/outputs/seed_robustness_shortlist/MLP__mse__minmax__seed168/mlp_state_dict_best.pt
Epoch 132 | train_loss=4.9550e-04 | train_eval_loss=4.9635e-04 | val_loss=5.1710e-04 | | lr=1.25e-04
Epoch 133 | train_loss=4.9696e-04 | train_eval_loss=4.9190e-04 | val_loss=5.1107e-04 | | lr=1.25e-04
Epoch 134 | train_loss=4.9170e-04 | train_eval_loss=5.0639e-04 | val_loss=5.3149e-04 | | lr=1.25e-04
Epoch 135 | train_loss=4.9332e-04 | train_eval_loss=4.8876e-04 | val_loss=5.1274e-04 | | lr=1.25e-04
Epoch 136 | train_loss=4.9064e-04 | train_eval_loss=4.8668e-04 | val_loss=5.0787e-04 | | lr=1.25e-04
Epoch 137 | train_loss=4.9791e-04 | train_eval_loss=4.8694e-04 | val_loss=5.0718e-04 | | lr=1.25e-04
Epoch 138 | train_loss=4.9077e-04 | train_eval_loss=5.0454e-04 | val_loss=5.2716e-04 | | lr=1.25e-04
Epoch 139 | train_loss=4.9157e-04 | train_eval_loss=4.8086e-04 | val_loss=5.0484e-04 | | lr=1.25e-04
Saved best model to results/thesis_model_results/outputs/seed_robustness_shortlist/MLP__mse__minmax__seed168/mlp_state_dict_best.pt
Epoch 140 | train_loss=4.9367e-04 | train_eval_loss=4.8750e-04 | val_loss=5.1007e-04 | | lr=1.25e-04
Epoch 141 | train_loss=4.8854e-04 | train_eval_loss=4.8210e-04 | val_loss=5.0511e-04 | | lr=1.25e-04
Epoch 142 | train_loss=4.8893e-04 | train_eval_loss=4.8394e-04 | val_loss=5.1003e-04 | | lr=1.25e-04
Epoch 143 | train_loss=4.8911e-04 | train_eval_loss=4.8651e-04 | val_loss=5.1193e-04 | | lr=1.25e-04
Epoch 144 | train_loss=4.9046e-04 | train_eval_loss=4.9647e-04 | val_loss=5.2298e-04 | | lr=1.25e-04
Epoch 145 | train_loss=4.8561e-04 | train_eval_loss=4.8201e-04 | val_loss=5.0674e-04 | | lr=1.25e-04
Epoch 146 | train_loss=4.8757e-04 | train_eval_loss=4.8191e-04 | val_loss=5.0513e-04 | | lr=1.25e-04
Epoch 147 | train_loss=4.8374e-04 | train_eval_loss=4.7745e-04 | val_loss=5.0119e-04 | | lr=1.25e-04
Saved best model to results/thesis_model_results/outputs/seed_robustness_shortlist/MLP__mse__minmax__seed168/mlp_state_dict_best.pt
Epoch 148 | train_loss=4.8835e-04 | train_eval_loss=4.7378e-04 | val_loss=4.9970e-04 | | lr=1.25e-04
Saved best model to results/thesis_model_results/outputs/seed_robustness_shortlist/MLP__mse__minmax__seed168/mlp_state_dict_best.pt
Epoch 149 | train_loss=4.8402e-04 | train_eval_loss=4.9408e-04 | val_loss=5.1703e-04 | | lr=1.25e-04
Epoch 150 | train_loss=4.8621e-04 | train_eval_loss=4.7938e-04 | val_loss=5.0607e-04 | | lr=1.25e-04
Epoch 151 | train_loss=4.8536e-04 | train_eval_loss=4.7497e-04 | val_loss=4.9838e-04 | | lr=1.25e-04
Saved best model to results/thesis_model_results/outputs/seed_robustness_shortlist/MLP__mse__minmax__seed168/mlp_state_dict_best.pt
Epoch 152 | train_loss=4.8192e-04 | train_eval_loss=4.9076e-04 | val_loss=5.1689e-04 | | lr=1.25e-04
Epoch 153 | train_loss=4.8435e-04 | train_eval_loss=4.7356e-04 | val_loss=4.9599e-04 | | lr=1.25e-04
Saved best model to results/thesis_model_results/outputs/seed_robustness_shortlist/MLP__mse__minmax__seed168/mlp_state_dict_best.pt
Epoch 154 | train_loss=4.7993e-04 | train_eval_loss=4.7924e-04 | val_loss=5.0553e-04 | | lr=1.25e-04
Epoch 155 | train_loss=4.8040e-04 | train_eval_loss=4.8453e-04 | val_loss=5.1049e-04 | | lr=1.25e-04
Epoch 156 | train_loss=4.8043e-04 | train_eval_loss=4.9233e-04 | val_loss=5.1602e-04 | | lr=1.25e-04
Epoch 157 | train_loss=4.8306e-04 | train_eval_loss=4.8709e-04 | val_loss=5.0994e-04 | | lr=1.25e-04
Epoch 158 | train_loss=4.7900e-04 | train_eval_loss=4.9628e-04 | val_loss=5.2171e-04 | | lr=1.25e-04
Epoch 159 | train_loss=4.8046e-04 | train_eval_loss=4.7248e-04 | val_loss=5.0025e-04 | | lr=1.25e-04
Epoch 160 | train_loss=4.7410e-04 | train_eval_loss=5.1283e-04 | val_loss=5.3662e-04 | | lr=1.25e-04
Epoch 161 | train_loss=4.8040e-04 | train_eval_loss=4.7371e-04 | val_loss=5.0191e-04 | | lr=1.25e-04
Epoch 162 | train_loss=4.7825e-04 | train_eval_loss=4.7177e-04 | val_loss=4.9444e-04 | | lr=1.25e-04
Saved best model to results/thesis_model_results/outputs/seed_robustness_shortlist/MLP__mse__minmax__seed168/mlp_state_dict_best.pt
Epoch 163 | train_loss=4.7468e-04 | train_eval_loss=4.6547e-04 | val_loss=4.9109e-04 | | lr=1.25e-04
Saved best model to results/thesis_model_results/outputs/seed_robustness_shortlist/MLP__mse__minmax__seed168/mlp_state_dict_best.pt
Epoch 164 | train_loss=4.7110e-04 | train_eval_loss=4.7525e-04 | val_loss=5.0201e-04 | | lr=1.25e-04
Epoch 165 | train_loss=4.7298e-04 | train_eval_loss=4.7549e-04 | val_loss=5.0125e-04 | | lr=1.25e-04
Epoch 166 | train_loss=4.7470e-04 | train_eval_loss=4.6846e-04 | val_loss=4.9355e-04 | | lr=1.25e-04
Epoch 167 | train_loss=4.7392e-04 | train_eval_loss=4.7130e-04 | val_loss=4.9790e-04 | | lr=1.25e-04
Epoch 168 | train_loss=4.7043e-04 | train_eval_loss=4.6236e-04 | val_loss=4.8746e-04 | | lr=1.25e-04
Saved best model to results/thesis_model_results/outputs/seed_robustness_shortlist/MLP__mse__minmax__seed168/mlp_state_dict_best.pt
Epoch 169 | train_loss=4.7202e-04 | train_eval_loss=4.7918e-04 | val_loss=5.0738e-04 | | lr=1.25e-04
Epoch 170 | train_loss=4.7926e-04 | train_eval_loss=4.6957e-04 | val_loss=4.9447e-04 | | lr=1.25e-04
Epoch 171 | train_loss=4.7068e-04 | train_eval_loss=4.8249e-04 | val_loss=5.0834e-04 | | lr=1.25e-04
Epoch 172 | train_loss=4.6716e-04 | train_eval_loss=4.6312e-04 | val_loss=4.9148e-04 | | lr=1.25e-04
Epoch 173 | train_loss=4.7211e-04 | train_eval_loss=4.7658e-04 | val_loss=5.0465e-04 | | lr=1.25e-04
Epoch 174 | train_loss=4.7443e-04 | train_eval_loss=4.7019e-04 | val_loss=5.0161e-04 | | lr=1.25e-04
Epoch 175 | train_loss=4.7152e-04 | train_eval_loss=4.6118e-04 | val_loss=4.8715e-04 | | lr=1.25e-04
Saved best model to results/thesis_model_results/outputs/seed_robustness_shortlist/MLP__mse__minmax__seed168/mlp_state_dict_best.pt
Epoch 176 | train_loss=4.6530e-04 | train_eval_loss=4.6494e-04 | val_loss=4.9212e-04 | | lr=1.25e-04
Epoch 177 | train_loss=4.6907e-04 | train_eval_loss=4.6233e-04 | val_loss=4.9152e-04 | | lr=1.25e-04
Epoch 178 | train_loss=4.6314e-04 | train_eval_loss=4.5825e-04 | val_loss=4.8755e-04 | | lr=1.25e-04
Epoch 179 | train_loss=4.6661e-04 | train_eval_loss=4.7064e-04 | val_loss=5.0023e-04 | | lr=1.25e-04
Epoch 180 | train_loss=4.6270e-04 | train_eval_loss=4.5897e-04 | val_loss=4.8851e-04 | | lr=1.25e-04
Epoch 181 | train_loss=4.6441e-04 | train_eval_loss=4.6012e-04 | val_loss=4.8506e-04 | | lr=1.25e-04
Saved best model to results/thesis_model_results/outputs/seed_robustness_shortlist/MLP__mse__minmax__seed168/mlp_state_dict_best.pt
Epoch 182 | train_loss=4.7317e-04 | train_eval_loss=4.9685e-04 | val_loss=5.2529e-04 | | lr=1.25e-04
Epoch 183 | train_loss=4.6795e-04 | train_eval_loss=4.6199e-04 | val_loss=4.8887e-04 | | lr=1.25e-04
Epoch 184 | train_loss=4.6198e-04 | train_eval_loss=4.6792e-04 | val_loss=4.9380e-04 | | lr=1.25e-04
Epoch 185 | train_loss=4.6234e-04 | train_eval_loss=4.5232e-04 | val_loss=4.8031e-04 | | lr=1.25e-04
Saved best model to results/thesis_model_results/outputs/seed_robustness_shortlist/MLP__mse__minmax__seed168/mlp_state_dict_best.pt
Epoch 186 | train_loss=4.6383e-04 | train_eval_loss=4.6251e-04 | val_loss=4.8838e-04 | | lr=1.25e-04
Epoch 187 | train_loss=4.6199e-04 | train_eval_loss=4.5478e-04 | val_loss=4.8225e-04 | | lr=1.25e-04
Epoch 188 | train_loss=4.6662e-04 | train_eval_loss=4.5762e-04 | val_loss=4.8389e-04 | | lr=1.25e-04
Epoch 189 | train_loss=4.6086e-04 | train_eval_loss=4.8297e-04 | val_loss=5.1182e-04 | | lr=1.25e-04
Epoch 190 | train_loss=4.6799e-04 | train_eval_loss=4.6617e-04 | val_loss=4.9661e-04 | | lr=1.25e-04
Epoch 191 | train_loss=4.6479e-04 | train_eval_loss=4.4829e-04 | val_loss=4.7873e-04 | | lr=1.25e-04
Saved best model to results/thesis_model_results/outputs/seed_robustness_shortlist/MLP__mse__minmax__seed168/mlp_state_dict_best.pt
Epoch 192 | train_loss=4.5806e-04 | train_eval_loss=4.4661e-04 | val_loss=4.7652e-04 | | lr=1.25e-04
Saved best model to results/thesis_model_results/outputs/seed_robustness_shortlist/MLP__mse__minmax__seed168/mlp_state_dict_best.pt
Epoch 193 | train_loss=4.5903e-04 | train_eval_loss=4.5694e-04 | val_loss=4.8675e-04 | | lr=1.25e-04
Epoch 194 | train_loss=4.5622e-04 | train_eval_loss=4.5393e-04 | val_loss=4.8526e-04 | | lr=1.25e-04
Epoch 195 | train_loss=4.5426e-04 | train_eval_loss=4.5017e-04 | val_loss=4.8073e-04 | | lr=1.25e-04
Epoch 196 | train_loss=4.5362e-04 | train_eval_loss=4.5886e-04 | val_loss=4.8747e-04 | | lr=1.25e-04
Epoch 197 | train_loss=4.5599e-04 | train_eval_loss=4.5184e-04 | val_loss=4.8221e-04 | | lr=1.25e-04
Epoch 198 | train_loss=4.5483e-04 | train_eval_loss=4.5823e-04 | val_loss=4.8455e-04 | | lr=1.25e-04
Epoch 199 | train_loss=4.5863e-04 | train_eval_loss=4.5745e-04 | val_loss=4.8571e-04 | | lr=1.25e-04
Epoch 200 | train_loss=4.5510e-04 | train_eval_loss=4.5631e-04 | val_loss=4.8630e-04 | | lr=1.25e-04
Saved training logs to results/thesis_model_results/outputs/seed_robustness_shortlist/MLP__mse__minmax__seed168/training_summary.txt
Test RMSE(rocof_COI) = 0.0166 | norm: 0.0126 | real_diff: 0.0119
Test RMSE(dev_COI) = 0.0303 | norm: 0.0112 | real_diff: 0.0179
Test RMSE(Delta_P_IBR_1) = 0.1354 | norm: 0.0214 | real_diff: 0.0958
Test RMSE(Delta_P_IBR_2) = 0.1239 | norm: 0.0172 | real_diff: 0.0751
Test RMSE(Delta_P_IBR_3) = 0.1995 | norm: 0.0350 | real_diff: 0.1157
Test RMSE(Delta_P_IBR_4) = 0.2169 | norm: 0.0224 | real_diff: 0.1463
Saved RMSE results to results/thesis_model_results/outputs/seed_robustness_shortlist/MLP__mse__minmax__seed168/rmse_results.txt
Saved detailed metrics to results/thesis_model_results/outputs/seed_robustness_shortlist/MLP__mse__minmax__seed168/metrics_by_target.csv
Saved aggregate metrics to results/thesis_model_results/outputs/seed_robustness_shortlist/MLP__mse__minmax__seed168/metrics_summary.json
Saved loss curves to results/thesis_model_results/outputs/seed_robustness_shortlist/MLP__mse__minmax__seed168/loss_curve.png
Saved scatter plot results/thesis_model_results/outputs/seed_robustness_shortlist/MLP__mse__minmax__seed168/scatter_rocof_COI.png
Saved scatter plot results/thesis_model_results/outputs/seed_robustness_shortlist/MLP__mse__minmax__seed168/scatter_dev_COI.png
Saved scatter plot results/thesis_model_results/outputs/seed_robustness_shortlist/MLP__mse__minmax__seed168/scatter_Delta_P_IBR_1.png
Saved scatter plot results/thesis_model_results/outputs/seed_robustness_shortlist/MLP__mse__minmax__seed168/scatter_Delta_P_IBR_2.png
Saved scatter plot results/thesis_model_results/outputs/seed_robustness_shortlist/MLP__mse__minmax__seed168/scatter_Delta_P_IBR_3.png
Saved scatter plot results/thesis_model_results/outputs/seed_robustness_shortlist/MLP__mse__minmax__seed168/scatter_Delta_P_IBR_4.png
Saved model to results/thesis_model_results/outputs/seed_robustness_shortlist/MLP__mse__minmax__seed168/mlp_state_dict.pt
Loss type: mse | weights=[]
Target stats (scaled):
train mean=[0.549  0.589  0.492  0.4884 0.4785 0.4192]
train std=[0.1365 0.1371 0.1141 0.1063 0.1158 0.1138]
train q05=[0.3074 0.3979 0.3192 0.303  0.3347 0.2205]
train q95=[0.7933 0.8652 0.6719 0.6491 0.6927 0.6016]
val mean=[0.5473 0.5873 0.4922 0.4893 0.4798 0.4201]
val std=[0.1343 0.1348 0.1123 0.1072 0.1141 0.1112]
val q05=[0.3103 0.3982 0.3195 0.303  0.3376 0.2251]
val q95=[0.7886 0.8626 0.6731 0.6514 0.6918 0.5984]
val/train std ratio=[0.984  0.9828 0.9844 1.0084 0.9848 0.9772]
LR scheduler: ReduceLROnPlateau (factor=0.5, patience=8, min_lr=1e-07)
Epoch 001 | train_loss=2.6168e-02 | train_eval_loss=1.2984e-02 | val_loss=1.2645e-02 | | lr=1.00e-03
Saved best model to results/thesis_model_results/outputs/seed_robustness_shortlist/MTLSH__mse__minmax__seed21/mtlsh_state_dict_best.pt
Epoch 002 | train_loss=7.3719e-03 | train_eval_loss=3.6667e-03 | val_loss=3.6177e-03 | | lr=1.00e-03
Saved best model to results/thesis_model_results/outputs/seed_robustness_shortlist/MTLSH__mse__minmax__seed21/mtlsh_state_dict_best.pt
Epoch 003 | train_loss=3.3679e-03 | train_eval_loss=3.0508e-03 | val_loss=3.0007e-03 | | lr=1.00e-03
Saved best model to results/thesis_model_results/outputs/seed_robustness_shortlist/MTLSH__mse__minmax__seed21/mtlsh_state_dict_best.pt
Epoch 004 | train_loss=2.7814e-03 | train_eval_loss=2.4406e-03 | val_loss=2.3987e-03 | | lr=1.00e-03
Saved best model to results/thesis_model_results/outputs/seed_robustness_shortlist/MTLSH__mse__minmax__seed21/mtlsh_state_dict_best.pt
Epoch 005 | train_loss=2.2796e-03 | train_eval_loss=2.3104e-03 | val_loss=2.2580e-03 | | lr=1.00e-03
Saved best model to results/thesis_model_results/outputs/seed_robustness_shortlist/MTLSH__mse__minmax__seed21/mtlsh_state_dict_best.pt
Epoch 006 | train_loss=1.9884e-03 | train_eval_loss=2.2432e-03 | val_loss=2.2139e-03 | | lr=1.00e-03
Saved best model to results/thesis_model_results/outputs/seed_robustness_shortlist/MTLSH__mse__minmax__seed21/mtlsh_state_dict_best.pt
Epoch 007 | train_loss=1.7724e-03 | train_eval_loss=1.6797e-03 | val_loss=1.6534e-03 | | lr=1.00e-03
Saved best model to results/thesis_model_results/outputs/seed_robustness_shortlist/MTLSH__mse__minmax__seed21/mtlsh_state_dict_best.pt
Epoch 008 | train_loss=1.7320e-03 | train_eval_loss=1.5848e-03 | val_loss=1.5548e-03 | | lr=1.00e-03
Saved best model to results/thesis_model_results/outputs/seed_robustness_shortlist/MTLSH__mse__minmax__seed21/mtlsh_state_dict_best.pt
Epoch 009 | train_loss=1.6406e-03 | train_eval_loss=1.5193e-03 | val_loss=1.5036e-03 | | lr=1.00e-03
Saved best model to results/thesis_model_results/outputs/seed_robustness_shortlist/MTLSH__mse__minmax__seed21/mtlsh_state_dict_best.pt
Epoch 010 | train_loss=1.5519e-03 | train_eval_loss=1.5123e-03 | val_loss=1.4991e-03 | | lr=1.00e-03
Saved best model to results/thesis_model_results/outputs/seed_robustness_shortlist/MTLSH__mse__minmax__seed21/mtlsh_state_dict_best.pt
Epoch 011 | train_loss=1.4408e-03 | train_eval_loss=1.5300e-03 | val_loss=1.5097e-03 | | lr=1.00e-03
Epoch 012 | train_loss=1.3913e-03 | train_eval_loss=1.3833e-03 | val_loss=1.3765e-03 | | lr=1.00e-03
Saved best model to results/thesis_model_results/outputs/seed_robustness_shortlist/MTLSH__mse__minmax__seed21/mtlsh_state_dict_best.pt
Epoch 013 | train_loss=1.3158e-03 | train_eval_loss=1.3647e-03 | val_loss=1.3587e-03 | | lr=1.00e-03
Saved best model to results/thesis_model_results/outputs/seed_robustness_shortlist/MTLSH__mse__minmax__seed21/mtlsh_state_dict_best.pt
Epoch 014 | train_loss=1.2962e-03 | train_eval_loss=1.2401e-03 | val_loss=1.2329e-03 | | lr=1.00e-03
Saved best model to results/thesis_model_results/outputs/seed_robustness_shortlist/MTLSH__mse__minmax__seed21/mtlsh_state_dict_best.pt
Epoch 015 | train_loss=1.2405e-03 | train_eval_loss=1.2415e-03 | val_loss=1.2340e-03 | | lr=1.00e-03
Epoch 016 | train_loss=1.2541e-03 | train_eval_loss=1.1894e-03 | val_loss=1.1872e-03 | | lr=1.00e-03
Saved best model to results/thesis_model_results/outputs/seed_robustness_shortlist/MTLSH__mse__minmax__seed21/mtlsh_state_dict_best.pt
Epoch 017 | train_loss=1.2149e-03 | train_eval_loss=1.1651e-03 | val_loss=1.1617e-03 | | lr=1.00e-03
Saved best model to results/thesis_model_results/outputs/seed_robustness_shortlist/MTLSH__mse__minmax__seed21/mtlsh_state_dict_best.pt
Epoch 018 | train_loss=1.1443e-03 | train_eval_loss=1.0960e-03 | val_loss=1.0939e-03 | | lr=1.00e-03
Saved best model to results/thesis_model_results/outputs/seed_robustness_shortlist/MTLSH__mse__minmax__seed21/mtlsh_state_dict_best.pt
Epoch 019 | train_loss=1.1219e-03 | train_eval_loss=1.3554e-03 | val_loss=1.3575e-03 | | lr=1.00e-03
Epoch 020 | train_loss=1.1216e-03 | train_eval_loss=1.1382e-03 | val_loss=1.1334e-03 | | lr=1.00e-03
Epoch 021 | train_loss=1.0589e-03 | train_eval_loss=1.0003e-03 | val_loss=9.9429e-04 | | lr=1.00e-03
Saved best model to results/thesis_model_results/outputs/seed_robustness_shortlist/MTLSH__mse__minmax__seed21/mtlsh_state_dict_best.pt
Epoch 022 | train_loss=1.0351e-03 | train_eval_loss=1.0239e-03 | val_loss=1.0265e-03 | | lr=1.00e-03
Epoch 023 | train_loss=1.1484e-03 | train_eval_loss=9.9883e-04 | val_loss=9.9879e-04 | | lr=1.00e-03
Epoch 024 | train_loss=9.8863e-04 | train_eval_loss=1.0099e-03 | val_loss=1.0102e-03 | | lr=1.00e-03
Epoch 025 | train_loss=1.0007e-03 | train_eval_loss=1.1689e-03 | val_loss=1.1749e-03 | | lr=1.00e-03
Epoch 026 | train_loss=9.4933e-04 | train_eval_loss=9.4138e-04 | val_loss=9.4375e-04 | | lr=1.00e-03
Saved best model to results/thesis_model_results/outputs/seed_robustness_shortlist/MTLSH__mse__minmax__seed21/mtlsh_state_dict_best.pt
Epoch 027 | train_loss=9.2115e-04 | train_eval_loss=1.6251e-03 | val_loss=1.6148e-03 | | lr=1.00e-03
Epoch 028 | train_loss=1.0257e-03 | train_eval_loss=9.0696e-04 | val_loss=9.1022e-04 | | lr=1.00e-03
Saved best model to results/thesis_model_results/outputs/seed_robustness_shortlist/MTLSH__mse__minmax__seed21/mtlsh_state_dict_best.pt
Epoch 029 | train_loss=8.9438e-04 | train_eval_loss=8.7748e-04 | val_loss=8.7873e-04 | | lr=1.00e-03
Saved best model to results/thesis_model_results/outputs/seed_robustness_shortlist/MTLSH__mse__minmax__seed21/mtlsh_state_dict_best.pt
Epoch 030 | train_loss=8.7393e-04 | train_eval_loss=8.3767e-04 | val_loss=8.4271e-04 | | lr=1.00e-03
Saved best model to results/thesis_model_results/outputs/seed_robustness_shortlist/MTLSH__mse__minmax__seed21/mtlsh_state_dict_best.pt
Epoch 031 | train_loss=8.6472e-04 | train_eval_loss=8.2416e-04 | val_loss=8.2135e-04 | | lr=1.00e-03
Saved best model to results/thesis_model_results/outputs/seed_robustness_shortlist/MTLSH__mse__minmax__seed21/mtlsh_state_dict_best.pt
Epoch 032 | train_loss=8.1907e-04 | train_eval_loss=7.7849e-04 | val_loss=7.8434e-04 | | lr=1.00e-03
Saved best model to results/thesis_model_results/outputs/seed_robustness_shortlist/MTLSH__mse__minmax__seed21/mtlsh_state_dict_best.pt
Epoch 033 | train_loss=8.1836e-04 | train_eval_loss=8.4493e-04 | val_loss=8.4231e-04 | | lr=1.00e-03
Epoch 034 | train_loss=8.2118e-04 | train_eval_loss=8.7387e-04 | val_loss=8.7491e-04 | | lr=1.00e-03
Epoch 035 | train_loss=8.0515e-04 | train_eval_loss=9.7875e-04 | val_loss=9.7517e-04 | | lr=1.00e-03
Epoch 036 | train_loss=8.1847e-04 | train_eval_loss=7.8851e-04 | val_loss=7.8491e-04 | | lr=1.00e-03
Epoch 037 | train_loss=8.6404e-04 | train_eval_loss=8.0819e-04 | val_loss=8.1296e-04 | | lr=1.00e-03
Epoch 038 | train_loss=7.9665e-04 | train_eval_loss=7.0063e-04 | val_loss=7.0304e-04 | | lr=1.00e-03
Saved best model to results/thesis_model_results/outputs/seed_robustness_shortlist/MTLSH__mse__minmax__seed21/mtlsh_state_dict_best.pt
Epoch 039 | train_loss=7.1730e-04 | train_eval_loss=7.6199e-04 | val_loss=7.6503e-04 | | lr=1.00e-03
Epoch 040 | train_loss=7.2170e-04 | train_eval_loss=7.6201e-04 | val_loss=7.6632e-04 | | lr=1.00e-03
Epoch 041 | train_loss=8.1434e-04 | train_eval_loss=7.5898e-04 | val_loss=7.5805e-04 | | lr=1.00e-03
Epoch 042 | train_loss=7.1682e-04 | train_eval_loss=7.7344e-04 | val_loss=7.8320e-04 | | lr=1.00e-03
Epoch 043 | train_loss=7.0987e-04 | train_eval_loss=6.7272e-04 | val_loss=6.7359e-04 | | lr=1.00e-03
Saved best model to results/thesis_model_results/outputs/seed_robustness_shortlist/MTLSH__mse__minmax__seed21/mtlsh_state_dict_best.pt
Epoch 044 | train_loss=7.0282e-04 | train_eval_loss=7.3387e-04 | val_loss=7.3548e-04 | | lr=1.00e-03
Epoch 045 | train_loss=7.9547e-04 | train_eval_loss=6.4027e-04 | val_loss=6.4271e-04 | | lr=1.00e-03
Saved best model to results/thesis_model_results/outputs/seed_robustness_shortlist/MTLSH__mse__minmax__seed21/mtlsh_state_dict_best.pt
Epoch 046 | train_loss=6.6347e-04 | train_eval_loss=7.0240e-04 | val_loss=7.0680e-04 | | lr=1.00e-03
Epoch 047 | train_loss=6.8416e-04 | train_eval_loss=6.4248e-04 | val_loss=6.4487e-04 | | lr=1.00e-03
Epoch 048 | train_loss=6.9748e-04 | train_eval_loss=7.3372e-04 | val_loss=7.3662e-04 | | lr=1.00e-03
Epoch 049 | train_loss=6.7794e-04 | train_eval_loss=8.2666e-04 | val_loss=8.3683e-04 | | lr=1.00e-03
Epoch 050 | train_loss=6.9323e-04 | train_eval_loss=6.6644e-04 | val_loss=6.6988e-04 | | lr=1.00e-03
Epoch 051 | train_loss=6.8625e-04 | train_eval_loss=6.3653e-04 | val_loss=6.4092e-04 | | lr=1.00e-03
Saved best model to results/thesis_model_results/outputs/seed_robustness_shortlist/MTLSH__mse__minmax__seed21/mtlsh_state_dict_best.pt
Epoch 052 | train_loss=6.6928e-04 | train_eval_loss=6.6892e-04 | val_loss=6.6546e-04 | | lr=1.00e-03
Epoch 053 | train_loss=6.6221e-04 | train_eval_loss=5.7644e-04 | val_loss=5.8163e-04 | | lr=1.00e-03
Saved best model to results/thesis_model_results/outputs/seed_robustness_shortlist/MTLSH__mse__minmax__seed21/mtlsh_state_dict_best.pt
Epoch 054 | train_loss=6.1193e-04 | train_eval_loss=6.6049e-04 | val_loss=6.7307e-04 | | lr=1.00e-03
Epoch 055 | train_loss=6.8531e-04 | train_eval_loss=6.0606e-04 | val_loss=6.1039e-04 | | lr=1.00e-03
Epoch 056 | train_loss=6.4560e-04 | train_eval_loss=5.6861e-04 | val_loss=5.7300e-04 | | lr=1.00e-03
Saved best model to results/thesis_model_results/outputs/seed_robustness_shortlist/MTLSH__mse__minmax__seed21/mtlsh_state_dict_best.pt
Epoch 057 | train_loss=6.6831e-04 | train_eval_loss=6.0290e-04 | val_loss=6.0029e-04 | | lr=1.00e-03
Epoch 058 | train_loss=6.1747e-04 | train_eval_loss=7.0248e-04 | val_loss=7.0957e-04 | | lr=1.00e-03
Epoch 059 | train_loss=6.3192e-04 | train_eval_loss=5.9388e-04 | val_loss=5.9633e-04 | | lr=1.00e-03
Epoch 060 | train_loss=6.4452e-04 | train_eval_loss=5.8362e-04 | val_loss=5.8789e-04 | | lr=1.00e-03
Epoch 061 | train_loss=6.1501e-04 | train_eval_loss=6.4043e-04 | val_loss=6.4120e-04 | | lr=1.00e-03
Epoch 062 | train_loss=6.0333e-04 | train_eval_loss=5.5764e-04 | val_loss=5.5950e-04 | | lr=1.00e-03
Saved best model to results/thesis_model_results/outputs/seed_robustness_shortlist/MTLSH__mse__minmax__seed21/mtlsh_state_dict_best.pt
Epoch 063 | train_loss=5.9930e-04 | train_eval_loss=5.7742e-04 | val_loss=5.7922e-04 | | lr=1.00e-03
Epoch 064 | train_loss=6.3985e-04 | train_eval_loss=6.7881e-04 | val_loss=6.9099e-04 | | lr=1.00e-03
Epoch 065 | train_loss=5.8170e-04 | train_eval_loss=5.3351e-04 | val_loss=5.4202e-04 | | lr=1.00e-03
Saved best model to results/thesis_model_results/outputs/seed_robustness_shortlist/MTLSH__mse__minmax__seed21/mtlsh_state_dict_best.pt
Epoch 066 | train_loss=5.9971e-04 | train_eval_loss=5.7476e-04 | val_loss=5.8077e-04 | | lr=1.00e-03
Epoch 067 | train_loss=5.9115e-04 | train_eval_loss=5.9907e-04 | val_loss=6.0475e-04 | | lr=1.00e-03
Epoch 068 | train_loss=5.5963e-04 | train_eval_loss=8.7278e-04 | val_loss=8.7575e-04 | | lr=1.00e-03
Epoch 069 | train_loss=6.2744e-04 | train_eval_loss=5.2875e-04 | val_loss=5.3899e-04 | | lr=1.00e-03
Saved best model to results/thesis_model_results/outputs/seed_robustness_shortlist/MTLSH__mse__minmax__seed21/mtlsh_state_dict_best.pt
Epoch 070 | train_loss=5.8181e-04 | train_eval_loss=5.9093e-04 | val_loss=5.9384e-04 | | lr=1.00e-03
Epoch 071 | train_loss=5.9027e-04 | train_eval_loss=6.3782e-04 | val_loss=6.4651e-04 | | lr=1.00e-03
Epoch 072 | train_loss=5.5871e-04 | train_eval_loss=5.2622e-04 | val_loss=5.3297e-04 | | lr=1.00e-03
Saved best model to results/thesis_model_results/outputs/seed_robustness_shortlist/MTLSH__mse__minmax__seed21/mtlsh_state_dict_best.pt
Epoch 073 | train_loss=5.8388e-04 | train_eval_loss=5.3170e-04 | val_loss=5.4553e-04 | | lr=1.00e-03
Epoch 074 | train_loss=5.6943e-04 | train_eval_loss=5.1509e-04 | val_loss=5.2368e-04 | | lr=1.00e-03
Saved best model to results/thesis_model_results/outputs/seed_robustness_shortlist/MTLSH__mse__minmax__seed21/mtlsh_state_dict_best.pt
Epoch 075 | train_loss=5.4845e-04 | train_eval_loss=8.7814e-04 | val_loss=8.7664e-04 | | lr=1.00e-03
Epoch 076 | train_loss=5.8969e-04 | train_eval_loss=5.9066e-04 | val_loss=5.9849e-04 | | lr=1.00e-03
Epoch 077 | train_loss=5.3691e-04 | train_eval_loss=8.3596e-04 | val_loss=8.4288e-04 | | lr=1.00e-03
Epoch 078 | train_loss=5.7465e-04 | train_eval_loss=6.3758e-04 | val_loss=6.3566e-04 | | lr=1.00e-03
Epoch 079 | train_loss=5.5199e-04 | train_eval_loss=5.1306e-04 | val_loss=5.2208e-04 | | lr=1.00e-03
Saved best model to results/thesis_model_results/outputs/seed_robustness_shortlist/MTLSH__mse__minmax__seed21/mtlsh_state_dict_best.pt
Epoch 080 | train_loss=5.7332e-04 | train_eval_loss=5.9873e-04 | val_loss=6.1132e-04 | | lr=1.00e-03
Epoch 081 | train_loss=5.2712e-04 | train_eval_loss=5.6203e-04 | val_loss=5.7684e-04 | | lr=1.00e-03
Epoch 082 | train_loss=5.3239e-04 | train_eval_loss=5.5413e-04 | val_loss=5.6439e-04 | | lr=1.00e-03
Epoch 083 | train_loss=5.9106e-04 | train_eval_loss=5.3206e-04 | val_loss=5.3976e-04 | | lr=1.00e-03
Epoch 084 | train_loss=5.1132e-04 | train_eval_loss=4.9709e-04 | val_loss=5.1006e-04 | | lr=1.00e-03
Saved best model to results/thesis_model_results/outputs/seed_robustness_shortlist/MTLSH__mse__minmax__seed21/mtlsh_state_dict_best.pt
Epoch 085 | train_loss=5.4070e-04 | train_eval_loss=4.8706e-04 | val_loss=5.0114e-04 | | lr=1.00e-03
Saved best model to results/thesis_model_results/outputs/seed_robustness_shortlist/MTLSH__mse__minmax__seed21/mtlsh_state_dict_best.pt
Epoch 086 | train_loss=4.9705e-04 | train_eval_loss=6.1247e-04 | val_loss=6.2611e-04 | | lr=1.00e-03
Epoch 087 | train_loss=5.6635e-04 | train_eval_loss=5.7457e-04 | val_loss=5.8395e-04 | | lr=1.00e-03
Epoch 088 | train_loss=5.5183e-04 | train_eval_loss=4.7393e-04 | val_loss=4.8361e-04 | | lr=1.00e-03
Saved best model to results/thesis_model_results/outputs/seed_robustness_shortlist/MTLSH__mse__minmax__seed21/mtlsh_state_dict_best.pt
Epoch 089 | train_loss=5.2971e-04 | train_eval_loss=5.4058e-04 | val_loss=5.5641e-04 | | lr=1.00e-03
Epoch 090 | train_loss=5.4650e-04 | train_eval_loss=4.6914e-04 | val_loss=4.7784e-04 | | lr=1.00e-03
Saved best model to results/thesis_model_results/outputs/seed_robustness_shortlist/MTLSH__mse__minmax__seed21/mtlsh_state_dict_best.pt
Epoch 091 | train_loss=5.0877e-04 | train_eval_loss=4.8299e-04 | val_loss=4.9290e-04 | | lr=1.00e-03
Epoch 092 | train_loss=5.0243e-04 | train_eval_loss=5.2700e-04 | val_loss=5.4671e-04 | | lr=1.00e-03
Epoch 093 | train_loss=4.7280e-04 | train_eval_loss=4.6719e-04 | val_loss=4.8815e-04 | | lr=1.00e-03
Epoch 094 | train_loss=5.2762e-04 | train_eval_loss=8.1624e-04 | val_loss=8.1847e-04 | | lr=1.00e-03
Epoch 095 | train_loss=5.9175e-04 | train_eval_loss=4.6412e-04 | val_loss=4.8219e-04 | | lr=1.00e-03
Epoch 096 | train_loss=5.0795e-04 | train_eval_loss=4.3833e-04 | val_loss=4.5589e-04 | | lr=1.00e-03
Saved best model to results/thesis_model_results/outputs/seed_robustness_shortlist/MTLSH__mse__minmax__seed21/mtlsh_state_dict_best.pt
Epoch 097 | train_loss=5.3553e-04 | train_eval_loss=4.7652e-04 | val_loss=4.9871e-04 | | lr=1.00e-03
Epoch 098 | train_loss=4.8403e-04 | train_eval_loss=6.1917e-04 | val_loss=6.2979e-04 | | lr=1.00e-03
Epoch 099 | train_loss=5.3323e-04 | train_eval_loss=9.6525e-04 | val_loss=9.9090e-04 | | lr=1.00e-03
Epoch 100 | train_loss=5.6758e-04 | train_eval_loss=4.9797e-04 | val_loss=5.2024e-04 | | lr=1.00e-03
Epoch 101 | train_loss=4.7614e-04 | train_eval_loss=5.8915e-04 | val_loss=6.0982e-04 | | lr=1.00e-03
Epoch 102 | train_loss=5.6055e-04 | train_eval_loss=4.9269e-04 | val_loss=5.1023e-04 | | lr=1.00e-03
Epoch 103 | train_loss=4.9353e-04 | train_eval_loss=5.0685e-04 | val_loss=5.2041e-04 | | lr=1.00e-03
Epoch 104 | train_loss=4.8501e-04 | train_eval_loss=5.0121e-04 | val_loss=5.1910e-04 | | lr=1.00e-03
Epoch 105 | train_loss=4.6199e-04 | train_eval_loss=5.1653e-04 | val_loss=5.4085e-04 | | lr=1.00e-03
Epoch 106 | train_loss=4.2134e-04 | train_eval_loss=3.8999e-04 | val_loss=4.0873e-04 | | lr=5.00e-04
Saved best model to results/thesis_model_results/outputs/seed_robustness_shortlist/MTLSH__mse__minmax__seed21/mtlsh_state_dict_best.pt
Epoch 107 | train_loss=3.9940e-04 | train_eval_loss=4.1632e-04 | val_loss=4.4114e-04 | | lr=5.00e-04
Epoch 108 | train_loss=4.0860e-04 | train_eval_loss=3.8520e-04 | val_loss=4.1065e-04 | | lr=5.00e-04
Epoch 109 | train_loss=4.0185e-04 | train_eval_loss=3.8898e-04 | val_loss=4.1190e-04 | | lr=5.00e-04
Epoch 110 | train_loss=4.1037e-04 | train_eval_loss=4.0859e-04 | val_loss=4.3309e-04 | | lr=5.00e-04
Epoch 111 | train_loss=4.1522e-04 | train_eval_loss=4.2678e-04 | val_loss=4.5373e-04 | | lr=5.00e-04
Epoch 112 | train_loss=3.9945e-04 | train_eval_loss=3.8292e-04 | val_loss=4.0891e-04 | | lr=5.00e-04
Epoch 113 | train_loss=4.0772e-04 | train_eval_loss=3.9826e-04 | val_loss=4.2488e-04 | | lr=5.00e-04
Epoch 114 | train_loss=3.9770e-04 | train_eval_loss=4.6562e-04 | val_loss=5.0047e-04 | | lr=5.00e-04
Epoch 115 | train_loss=4.1201e-04 | train_eval_loss=3.9399e-04 | val_loss=4.2311e-04 | | lr=5.00e-04
Epoch 116 | train_loss=3.7648e-04 | train_eval_loss=3.6694e-04 | val_loss=3.9548e-04 | | lr=2.50e-04
Saved best model to results/thesis_model_results/outputs/seed_robustness_shortlist/MTLSH__mse__minmax__seed21/mtlsh_state_dict_best.pt
Epoch 117 | train_loss=3.7109e-04 | train_eval_loss=3.6735e-04 | val_loss=3.9421e-04 | | lr=2.50e-04
Saved best model to results/thesis_model_results/outputs/seed_robustness_shortlist/MTLSH__mse__minmax__seed21/mtlsh_state_dict_best.pt
Epoch 118 | train_loss=3.7068e-04 | train_eval_loss=3.6388e-04 | val_loss=3.9351e-04 | | lr=2.50e-04
Saved best model to results/thesis_model_results/outputs/seed_robustness_shortlist/MTLSH__mse__minmax__seed21/mtlsh_state_dict_best.pt
Epoch 119 | train_loss=3.6838e-04 | train_eval_loss=3.6314e-04 | val_loss=3.9203e-04 | | lr=2.50e-04
Saved best model to results/thesis_model_results/outputs/seed_robustness_shortlist/MTLSH__mse__minmax__seed21/mtlsh_state_dict_best.pt
Epoch 120 | train_loss=3.7209e-04 | train_eval_loss=3.6408e-04 | val_loss=3.9094e-04 | | lr=2.50e-04
Saved best model to results/thesis_model_results/outputs/seed_robustness_shortlist/MTLSH__mse__minmax__seed21/mtlsh_state_dict_best.pt
Epoch 121 | train_loss=3.6629e-04 | train_eval_loss=3.6981e-04 | val_loss=3.9970e-04 | | lr=2.50e-04
Epoch 122 | train_loss=3.6980e-04 | train_eval_loss=3.7158e-04 | val_loss=4.0396e-04 | | lr=2.50e-04
Epoch 123 | train_loss=3.7250e-04 | train_eval_loss=3.6395e-04 | val_loss=3.9146e-04 | | lr=2.50e-04
Epoch 124 | train_loss=3.7888e-04 | train_eval_loss=3.6695e-04 | val_loss=3.9905e-04 | | lr=2.50e-04
Epoch 125 | train_loss=3.6885e-04 | train_eval_loss=3.6259e-04 | val_loss=3.9216e-04 | | lr=2.50e-04
Epoch 126 | train_loss=3.6754e-04 | train_eval_loss=3.7298e-04 | val_loss=4.0483e-04 | | lr=2.50e-04
Epoch 127 | train_loss=3.7125e-04 | train_eval_loss=3.7596e-04 | val_loss=4.0556e-04 | | lr=2.50e-04
Epoch 128 | train_loss=3.7084e-04 | train_eval_loss=3.6300e-04 | val_loss=3.9481e-04 | | lr=2.50e-04
Epoch 129 | train_loss=3.6600e-04 | train_eval_loss=3.7306e-04 | val_loss=4.0072e-04 | | lr=2.50e-04
Epoch 130 | train_loss=3.5324e-04 | train_eval_loss=3.4536e-04 | val_loss=3.7733e-04 | | lr=1.25e-04
Saved best model to results/thesis_model_results/outputs/seed_robustness_shortlist/MTLSH__mse__minmax__seed21/mtlsh_state_dict_best.pt
Epoch 131 | train_loss=3.5098e-04 | train_eval_loss=3.4918e-04 | val_loss=3.8151e-04 | | lr=1.25e-04
Epoch 132 | train_loss=3.5283e-04 | train_eval_loss=3.4370e-04 | val_loss=3.7657e-04 | | lr=1.25e-04
Saved best model to results/thesis_model_results/outputs/seed_robustness_shortlist/MTLSH__mse__minmax__seed21/mtlsh_state_dict_best.pt
Epoch 133 | train_loss=3.5143e-04 | train_eval_loss=3.5263e-04 | val_loss=3.8218e-04 | | lr=1.25e-04
Epoch 134 | train_loss=3.5315e-04 | train_eval_loss=3.5816e-04 | val_loss=3.9065e-04 | | lr=1.25e-04
Epoch 135 | train_loss=3.5459e-04 | train_eval_loss=3.5280e-04 | val_loss=3.8450e-04 | | lr=1.25e-04
Epoch 136 | train_loss=3.5334e-04 | train_eval_loss=3.4694e-04 | val_loss=3.7696e-04 | | lr=1.25e-04
Epoch 137 | train_loss=3.5138e-04 | train_eval_loss=3.5083e-04 | val_loss=3.8400e-04 | | lr=1.25e-04
Epoch 138 | train_loss=3.5134e-04 | train_eval_loss=3.5411e-04 | val_loss=3.8765e-04 | | lr=1.25e-04
Epoch 139 | train_loss=3.5065e-04 | train_eval_loss=3.5330e-04 | val_loss=3.8617e-04 | | lr=1.25e-04
Epoch 140 | train_loss=3.5102e-04 | train_eval_loss=3.5964e-04 | val_loss=3.9317e-04 | | lr=1.25e-04
Epoch 141 | train_loss=3.5376e-04 | train_eval_loss=3.4820e-04 | val_loss=3.8270e-04 | | lr=1.25e-04
Epoch 142 | train_loss=3.4208e-04 | train_eval_loss=3.3841e-04 | val_loss=3.7291e-04 | | lr=6.25e-05
Saved best model to results/thesis_model_results/outputs/seed_robustness_shortlist/MTLSH__mse__minmax__seed21/mtlsh_state_dict_best.pt
Epoch 143 | train_loss=3.4185e-04 | train_eval_loss=3.3793e-04 | val_loss=3.7145e-04 | | lr=6.25e-05
Saved best model to results/thesis_model_results/outputs/seed_robustness_shortlist/MTLSH__mse__minmax__seed21/mtlsh_state_dict_best.pt
Epoch 144 | train_loss=3.4055e-04 | train_eval_loss=3.4333e-04 | val_loss=3.8114e-04 | | lr=6.25e-05
Epoch 145 | train_loss=3.4201e-04 | train_eval_loss=3.4084e-04 | val_loss=3.7535e-04 | | lr=6.25e-05
Epoch 146 | train_loss=3.4086e-04 | train_eval_loss=3.4008e-04 | val_loss=3.7622e-04 | | lr=6.25e-05
Epoch 147 | train_loss=3.4199e-04 | train_eval_loss=3.4026e-04 | val_loss=3.7527e-04 | | lr=6.25e-05
Epoch 148 | train_loss=3.4027e-04 | train_eval_loss=3.3790e-04 | val_loss=3.7162e-04 | | lr=6.25e-05
Epoch 149 | train_loss=3.4044e-04 | train_eval_loss=3.3878e-04 | val_loss=3.7543e-04 | | lr=6.25e-05
Epoch 150 | train_loss=3.4346e-04 | train_eval_loss=3.5009e-04 | val_loss=3.8568e-04 | | lr=6.25e-05
Epoch 151 | train_loss=3.4203e-04 | train_eval_loss=3.4105e-04 | val_loss=3.7691e-04 | | lr=6.25e-05
Epoch 152 | train_loss=3.3959e-04 | train_eval_loss=3.3675e-04 | val_loss=3.7247e-04 | | lr=6.25e-05
Epoch 153 | train_loss=3.3503e-04 | train_eval_loss=3.3372e-04 | val_loss=3.6917e-04 | | lr=3.13e-05
Saved best model to results/thesis_model_results/outputs/seed_robustness_shortlist/MTLSH__mse__minmax__seed21/mtlsh_state_dict_best.pt
Epoch 154 | train_loss=3.3497e-04 | train_eval_loss=3.3346e-04 | val_loss=3.6954e-04 | | lr=3.13e-05
Epoch 155 | train_loss=3.3551e-04 | train_eval_loss=3.3586e-04 | val_loss=3.7232e-04 | | lr=3.13e-05
Epoch 156 | train_loss=3.3519e-04 | train_eval_loss=3.3234e-04 | val_loss=3.6730e-04 | | lr=3.13e-05
Saved best model to results/thesis_model_results/outputs/seed_robustness_shortlist/MTLSH__mse__minmax__seed21/mtlsh_state_dict_best.pt
Epoch 157 | train_loss=3.3513e-04 | train_eval_loss=3.3307e-04 | val_loss=3.7018e-04 | | lr=3.13e-05
Epoch 158 | train_loss=3.3572e-04 | train_eval_loss=3.3418e-04 | val_loss=3.6957e-04 | | lr=3.13e-05
Epoch 159 | train_loss=3.3515e-04 | train_eval_loss=3.3363e-04 | val_loss=3.7061e-04 | | lr=3.13e-05
Epoch 160 | train_loss=3.3392e-04 | train_eval_loss=3.3382e-04 | val_loss=3.7149e-04 | | lr=3.13e-05
Epoch 161 | train_loss=3.3415e-04 | train_eval_loss=3.3200e-04 | val_loss=3.6852e-04 | | lr=3.13e-05
Epoch 162 | train_loss=3.3421e-04 | train_eval_loss=3.3408e-04 | val_loss=3.7052e-04 | | lr=3.13e-05
Epoch 163 | train_loss=3.3421e-04 | train_eval_loss=3.3199e-04 | val_loss=3.6834e-04 | | lr=3.13e-05
Epoch 164 | train_loss=3.3393e-04 | train_eval_loss=3.3152e-04 | val_loss=3.6760e-04 | | lr=3.13e-05
Epoch 165 | train_loss=3.3399e-04 | train_eval_loss=3.3464e-04 | val_loss=3.7203e-04 | | lr=3.13e-05
Epoch 166 | train_loss=3.3148e-04 | train_eval_loss=3.3043e-04 | val_loss=3.6807e-04 | | lr=1.56e-05
Epoch 167 | train_loss=3.3139e-04 | train_eval_loss=3.3179e-04 | val_loss=3.6761e-04 | | lr=1.56e-05
Epoch 168 | train_loss=3.3169e-04 | train_eval_loss=3.3297e-04 | val_loss=3.6862e-04 | | lr=1.56e-05
Epoch 169 | train_loss=3.3142e-04 | train_eval_loss=3.3081e-04 | val_loss=3.6785e-04 | | lr=1.56e-05
Epoch 170 | train_loss=3.3221e-04 | train_eval_loss=3.2961e-04 | val_loss=3.6642e-04 | | lr=1.56e-05
Saved best model to results/thesis_model_results/outputs/seed_robustness_shortlist/MTLSH__mse__minmax__seed21/mtlsh_state_dict_best.pt
Epoch 171 | train_loss=3.3153e-04 | train_eval_loss=3.3087e-04 | val_loss=3.6742e-04 | | lr=1.56e-05
Epoch 172 | train_loss=3.3143e-04 | train_eval_loss=3.2979e-04 | val_loss=3.6681e-04 | | lr=1.56e-05
Epoch 173 | train_loss=3.3092e-04 | train_eval_loss=3.3013e-04 | val_loss=3.6707e-04 | | lr=1.56e-05
Epoch 174 | train_loss=3.3080e-04 | train_eval_loss=3.2985e-04 | val_loss=3.6599e-04 | | lr=1.56e-05
Saved best model to results/thesis_model_results/outputs/seed_robustness_shortlist/MTLSH__mse__minmax__seed21/mtlsh_state_dict_best.pt
Epoch 175 | train_loss=3.3137e-04 | train_eval_loss=3.2903e-04 | val_loss=3.6583e-04 | | lr=1.56e-05
Saved best model to results/thesis_model_results/outputs/seed_robustness_shortlist/MTLSH__mse__minmax__seed21/mtlsh_state_dict_best.pt
Epoch 176 | train_loss=3.3075e-04 | train_eval_loss=3.2946e-04 | val_loss=3.6610e-04 | | lr=1.56e-05
Epoch 177 | train_loss=3.3049e-04 | train_eval_loss=3.3042e-04 | val_loss=3.6740e-04 | | lr=1.56e-05
Epoch 178 | train_loss=3.3026e-04 | train_eval_loss=3.2895e-04 | val_loss=3.6651e-04 | | lr=1.56e-05
Epoch 179 | train_loss=3.3090e-04 | train_eval_loss=3.3268e-04 | val_loss=3.7031e-04 | | lr=1.56e-05
Epoch 180 | train_loss=3.3137e-04 | train_eval_loss=3.2909e-04 | val_loss=3.6600e-04 | | lr=1.56e-05
Epoch 181 | train_loss=3.3123e-04 | train_eval_loss=3.3217e-04 | val_loss=3.6908e-04 | | lr=1.56e-05
Epoch 182 | train_loss=3.3047e-04 | train_eval_loss=3.3050e-04 | val_loss=3.6824e-04 | | lr=1.56e-05
Epoch 183 | train_loss=3.3143e-04 | train_eval_loss=3.2907e-04 | val_loss=3.6668e-04 | | lr=1.56e-05
Epoch 184 | train_loss=3.2990e-04 | train_eval_loss=3.2918e-04 | val_loss=3.6699e-04 | | lr=1.56e-05
Epoch 185 | train_loss=3.2947e-04 | train_eval_loss=3.2746e-04 | val_loss=3.6448e-04 | | lr=7.81e-06
Saved best model to results/thesis_model_results/outputs/seed_robustness_shortlist/MTLSH__mse__minmax__seed21/mtlsh_state_dict_best.pt
Epoch 186 | train_loss=3.2842e-04 | train_eval_loss=3.2858e-04 | val_loss=3.6589e-04 | | lr=7.81e-06
Epoch 187 | train_loss=3.2821e-04 | train_eval_loss=3.2752e-04 | val_loss=3.6483e-04 | | lr=7.81e-06
Epoch 188 | train_loss=3.2844e-04 | train_eval_loss=3.2779e-04 | val_loss=3.6536e-04 | | lr=7.81e-06
Epoch 189 | train_loss=3.2832e-04 | train_eval_loss=3.2752e-04 | val_loss=3.6515e-04 | | lr=7.81e-06
Epoch 190 | train_loss=3.2842e-04 | train_eval_loss=3.2797e-04 | val_loss=3.6557e-04 | | lr=7.81e-06
Epoch 191 | train_loss=3.2871e-04 | train_eval_loss=3.2831e-04 | val_loss=3.6574e-04 | | lr=7.81e-06
Epoch 192 | train_loss=3.2872e-04 | train_eval_loss=3.2782e-04 | val_loss=3.6509e-04 | | lr=7.81e-06
Epoch 193 | train_loss=3.2818e-04 | train_eval_loss=3.2796e-04 | val_loss=3.6494e-04 | | lr=7.81e-06
Epoch 194 | train_loss=3.2817e-04 | train_eval_loss=3.2740e-04 | val_loss=3.6457e-04 | | lr=7.81e-06
Epoch 195 | train_loss=3.2733e-04 | train_eval_loss=3.2714e-04 | val_loss=3.6481e-04 | | lr=3.91e-06
Epoch 196 | train_loss=3.2738e-04 | train_eval_loss=3.2682e-04 | val_loss=3.6463e-04 | | lr=3.91e-06
Epoch 197 | train_loss=3.2746e-04 | train_eval_loss=3.2689e-04 | val_loss=3.6490e-04 | | lr=3.91e-06
Epoch 198 | train_loss=3.2731e-04 | train_eval_loss=3.2711e-04 | val_loss=3.6479e-04 | | lr=3.91e-06
Epoch 199 | train_loss=3.2750e-04 | train_eval_loss=3.2690e-04 | val_loss=3.6447e-04 | | lr=3.91e-06
Saved best model to results/thesis_model_results/outputs/seed_robustness_shortlist/MTLSH__mse__minmax__seed21/mtlsh_state_dict_best.pt
Epoch 200 | train_loss=3.2726e-04 | train_eval_loss=3.2704e-04 | val_loss=3.6463e-04 | | lr=3.91e-06
Saved training logs to results/thesis_model_results/outputs/seed_robustness_shortlist/MTLSH__mse__minmax__seed21/training_summary.txt
Test RMSE(rocof_COI) = 0.0147 | norm: 0.0112 | real_diff: 0.0105
Test RMSE(dev_COI) = 0.0217 | norm: 0.0080 | real_diff: 0.0110
Test RMSE(Delta_P_IBR_1) = 0.1113 | norm: 0.0176 | real_diff: 0.0713
Test RMSE(Delta_P_IBR_2) = 0.1050 | norm: 0.0146 | real_diff: 0.0588
Test RMSE(Delta_P_IBR_3) = 0.1858 | norm: 0.0326 | real_diff: 0.0995
Test RMSE(Delta_P_IBR_4) = 0.1928 | norm: 0.0199 | real_diff: 0.1182
Saved RMSE results to results/thesis_model_results/outputs/seed_robustness_shortlist/MTLSH__mse__minmax__seed21/rmse_results.txt
Saved detailed metrics to results/thesis_model_results/outputs/seed_robustness_shortlist/MTLSH__mse__minmax__seed21/metrics_by_target.csv
Saved aggregate metrics to results/thesis_model_results/outputs/seed_robustness_shortlist/MTLSH__mse__minmax__seed21/metrics_summary.json
Saved loss curves to results/thesis_model_results/outputs/seed_robustness_shortlist/MTLSH__mse__minmax__seed21/loss_curve.png
Saved scatter plot results/thesis_model_results/outputs/seed_robustness_shortlist/MTLSH__mse__minmax__seed21/scatter_rocof_COI.png
Saved scatter plot results/thesis_model_results/outputs/seed_robustness_shortlist/MTLSH__mse__minmax__seed21/scatter_dev_COI.png
Saved scatter plot results/thesis_model_results/outputs/seed_robustness_shortlist/MTLSH__mse__minmax__seed21/scatter_Delta_P_IBR_1.png
Saved scatter plot results/thesis_model_results/outputs/seed_robustness_shortlist/MTLSH__mse__minmax__seed21/scatter_Delta_P_IBR_2.png
Saved scatter plot results/thesis_model_results/outputs/seed_robustness_shortlist/MTLSH__mse__minmax__seed21/scatter_Delta_P_IBR_3.png
Saved scatter plot results/thesis_model_results/outputs/seed_robustness_shortlist/MTLSH__mse__minmax__seed21/scatter_Delta_P_IBR_4.png
Saved model to results/thesis_model_results/outputs/seed_robustness_shortlist/MTLSH__mse__minmax__seed21/mtlsh_state_dict.pt
Loss type: mse | weights=[]
Target stats (scaled):
train mean=[0.549  0.589  0.492  0.4884 0.4785 0.4192]
train std=[0.1365 0.1371 0.1141 0.1063 0.1158 0.1138]
train q05=[0.3074 0.3979 0.3192 0.303  0.3347 0.2205]
train q95=[0.7933 0.8652 0.6719 0.6491 0.6927 0.6016]
val mean=[0.5473 0.5873 0.4922 0.4893 0.4798 0.4201]
val std=[0.1343 0.1348 0.1123 0.1072 0.1141 0.1112]
val q05=[0.3103 0.3982 0.3195 0.303  0.3376 0.2251]
val q95=[0.7886 0.8626 0.6731 0.6514 0.6918 0.5984]
val/train std ratio=[0.984  0.9828 0.9844 1.0084 0.9848 0.9772]
LR scheduler: ReduceLROnPlateau (factor=0.5, patience=8, min_lr=1e-07)
Epoch 001 | train_loss=2.7848e-02 | train_eval_loss=1.4016e-02 | val_loss=1.3638e-02 | | lr=1.00e-03
Saved best model to results/thesis_model_results/outputs/seed_robustness_shortlist/MTLSH__mse__minmax__seed42/mtlsh_state_dict_best.pt
Epoch 002 | train_loss=1.1869e-02 | train_eval_loss=6.6298e-03 | val_loss=6.4836e-03 | | lr=1.00e-03
Saved best model to results/thesis_model_results/outputs/seed_robustness_shortlist/MTLSH__mse__minmax__seed42/mtlsh_state_dict_best.pt
Epoch 003 | train_loss=3.8877e-03 | train_eval_loss=3.0940e-03 | val_loss=3.0501e-03 | | lr=1.00e-03
Saved best model to results/thesis_model_results/outputs/seed_robustness_shortlist/MTLSH__mse__minmax__seed42/mtlsh_state_dict_best.pt
Epoch 004 | train_loss=2.6839e-03 | train_eval_loss=2.2972e-03 | val_loss=2.2515e-03 | | lr=1.00e-03
Saved best model to results/thesis_model_results/outputs/seed_robustness_shortlist/MTLSH__mse__minmax__seed42/mtlsh_state_dict_best.pt
Epoch 005 | train_loss=2.1873e-03 | train_eval_loss=1.9245e-03 | val_loss=1.8869e-03 | | lr=1.00e-03
Saved best model to results/thesis_model_results/outputs/seed_robustness_shortlist/MTLSH__mse__minmax__seed42/mtlsh_state_dict_best.pt
Epoch 006 | train_loss=1.8846e-03 | train_eval_loss=1.7597e-03 | val_loss=1.7285e-03 | | lr=1.00e-03
Saved best model to results/thesis_model_results/outputs/seed_robustness_shortlist/MTLSH__mse__minmax__seed42/mtlsh_state_dict_best.pt
Epoch 007 | train_loss=1.7549e-03 | train_eval_loss=1.6569e-03 | val_loss=1.6242e-03 | | lr=1.00e-03
Saved best model to results/thesis_model_results/outputs/seed_robustness_shortlist/MTLSH__mse__minmax__seed42/mtlsh_state_dict_best.pt
Epoch 008 | train_loss=1.6816e-03 | train_eval_loss=1.6980e-03 | val_loss=1.6761e-03 | | lr=1.00e-03
Epoch 009 | train_loss=1.6823e-03 | train_eval_loss=1.5880e-03 | val_loss=1.5737e-03 | | lr=1.00e-03
Saved best model to results/thesis_model_results/outputs/seed_robustness_shortlist/MTLSH__mse__minmax__seed42/mtlsh_state_dict_best.pt
Epoch 010 | train_loss=1.5483e-03 | train_eval_loss=1.5058e-03 | val_loss=1.4865e-03 | | lr=1.00e-03
Saved best model to results/thesis_model_results/outputs/seed_robustness_shortlist/MTLSH__mse__minmax__seed42/mtlsh_state_dict_best.pt
Epoch 011 | train_loss=1.4997e-03 | train_eval_loss=1.4248e-03 | val_loss=1.4121e-03 | | lr=1.00e-03
Saved best model to results/thesis_model_results/outputs/seed_robustness_shortlist/MTLSH__mse__minmax__seed42/mtlsh_state_dict_best.pt
Epoch 012 | train_loss=1.4005e-03 | train_eval_loss=1.3747e-03 | val_loss=1.3560e-03 | | lr=1.00e-03
Saved best model to results/thesis_model_results/outputs/seed_robustness_shortlist/MTLSH__mse__minmax__seed42/mtlsh_state_dict_best.pt
Epoch 013 | train_loss=1.3999e-03 | train_eval_loss=1.3929e-03 | val_loss=1.3739e-03 | | lr=1.00e-03
Epoch 014 | train_loss=1.3336e-03 | train_eval_loss=1.2483e-03 | val_loss=1.2387e-03 | | lr=1.00e-03
Saved best model to results/thesis_model_results/outputs/seed_robustness_shortlist/MTLSH__mse__minmax__seed42/mtlsh_state_dict_best.pt
Epoch 015 | train_loss=1.2841e-03 | train_eval_loss=1.2436e-03 | val_loss=1.2353e-03 | | lr=1.00e-03
Saved best model to results/thesis_model_results/outputs/seed_robustness_shortlist/MTLSH__mse__minmax__seed42/mtlsh_state_dict_best.pt
Epoch 016 | train_loss=1.3078e-03 | train_eval_loss=1.3200e-03 | val_loss=1.3099e-03 | | lr=1.00e-03
Epoch 017 | train_loss=1.2350e-03 | train_eval_loss=1.1919e-03 | val_loss=1.1833e-03 | | lr=1.00e-03
Saved best model to results/thesis_model_results/outputs/seed_robustness_shortlist/MTLSH__mse__minmax__seed42/mtlsh_state_dict_best.pt
Epoch 018 | train_loss=1.1873e-03 | train_eval_loss=1.1660e-03 | val_loss=1.1619e-03 | | lr=1.00e-03
Saved best model to results/thesis_model_results/outputs/seed_robustness_shortlist/MTLSH__mse__minmax__seed42/mtlsh_state_dict_best.pt
Epoch 019 | train_loss=1.1711e-03 | train_eval_loss=1.2374e-03 | val_loss=1.2280e-03 | | lr=1.00e-03
Epoch 020 | train_loss=1.1105e-03 | train_eval_loss=1.1056e-03 | val_loss=1.0974e-03 | | lr=1.00e-03
Saved best model to results/thesis_model_results/outputs/seed_robustness_shortlist/MTLSH__mse__minmax__seed42/mtlsh_state_dict_best.pt
Epoch 021 | train_loss=1.1075e-03 | train_eval_loss=1.0364e-03 | val_loss=1.0324e-03 | | lr=1.00e-03
Saved best model to results/thesis_model_results/outputs/seed_robustness_shortlist/MTLSH__mse__minmax__seed42/mtlsh_state_dict_best.pt
Epoch 022 | train_loss=1.0950e-03 | train_eval_loss=1.1403e-03 | val_loss=1.1383e-03 | | lr=1.00e-03
Epoch 023 | train_loss=1.1114e-03 | train_eval_loss=1.0702e-03 | val_loss=1.0672e-03 | | lr=1.00e-03
Epoch 024 | train_loss=1.0281e-03 | train_eval_loss=1.0196e-03 | val_loss=1.0152e-03 | | lr=1.00e-03
Saved best model to results/thesis_model_results/outputs/seed_robustness_shortlist/MTLSH__mse__minmax__seed42/mtlsh_state_dict_best.pt
Epoch 025 | train_loss=1.0287e-03 | train_eval_loss=1.0128e-03 | val_loss=1.0076e-03 | | lr=1.00e-03
Saved best model to results/thesis_model_results/outputs/seed_robustness_shortlist/MTLSH__mse__minmax__seed42/mtlsh_state_dict_best.pt
Epoch 026 | train_loss=9.8893e-04 | train_eval_loss=9.3871e-04 | val_loss=9.3879e-04 | | lr=1.00e-03
Saved best model to results/thesis_model_results/outputs/seed_robustness_shortlist/MTLSH__mse__minmax__seed42/mtlsh_state_dict_best.pt
Epoch 027 | train_loss=9.7418e-04 | train_eval_loss=1.0147e-03 | val_loss=1.0129e-03 | | lr=1.00e-03
Epoch 028 | train_loss=9.6083e-04 | train_eval_loss=1.0181e-03 | val_loss=1.0233e-03 | | lr=1.00e-03
Epoch 029 | train_loss=9.2157e-04 | train_eval_loss=8.4723e-04 | val_loss=8.4719e-04 | | lr=1.00e-03
Saved best model to results/thesis_model_results/outputs/seed_robustness_shortlist/MTLSH__mse__minmax__seed42/mtlsh_state_dict_best.pt
Epoch 030 | train_loss=9.2854e-04 | train_eval_loss=9.3121e-04 | val_loss=9.3057e-04 | | lr=1.00e-03
Epoch 031 | train_loss=8.8767e-04 | train_eval_loss=8.2690e-04 | val_loss=8.2563e-04 | | lr=1.00e-03
Saved best model to results/thesis_model_results/outputs/seed_robustness_shortlist/MTLSH__mse__minmax__seed42/mtlsh_state_dict_best.pt
Epoch 032 | train_loss=8.5600e-04 | train_eval_loss=8.1023e-04 | val_loss=8.0991e-04 | | lr=1.00e-03
Saved best model to results/thesis_model_results/outputs/seed_robustness_shortlist/MTLSH__mse__minmax__seed42/mtlsh_state_dict_best.pt
Epoch 033 | train_loss=8.4328e-04 | train_eval_loss=8.2770e-04 | val_loss=8.2699e-04 | | lr=1.00e-03
Epoch 034 | train_loss=8.3792e-04 | train_eval_loss=8.5966e-04 | val_loss=8.5752e-04 | | lr=1.00e-03
Epoch 035 | train_loss=8.1025e-04 | train_eval_loss=8.5912e-04 | val_loss=8.5743e-04 | | lr=1.00e-03
Epoch 036 | train_loss=7.7773e-04 | train_eval_loss=7.9578e-04 | val_loss=7.9666e-04 | | lr=1.00e-03
Saved best model to results/thesis_model_results/outputs/seed_robustness_shortlist/MTLSH__mse__minmax__seed42/mtlsh_state_dict_best.pt
Epoch 037 | train_loss=8.1284e-04 | train_eval_loss=8.6863e-04 | val_loss=8.6726e-04 | | lr=1.00e-03
Epoch 038 | train_loss=7.5795e-04 | train_eval_loss=7.1985e-04 | val_loss=7.2013e-04 | | lr=1.00e-03
Saved best model to results/thesis_model_results/outputs/seed_robustness_shortlist/MTLSH__mse__minmax__seed42/mtlsh_state_dict_best.pt
Epoch 039 | train_loss=7.6479e-04 | train_eval_loss=9.2609e-04 | val_loss=9.1886e-04 | | lr=1.00e-03
Epoch 040 | train_loss=8.4949e-04 | train_eval_loss=1.0709e-03 | val_loss=1.0692e-03 | | lr=1.00e-03
Epoch 041 | train_loss=7.8590e-04 | train_eval_loss=6.6394e-04 | val_loss=6.6691e-04 | | lr=1.00e-03
Saved best model to results/thesis_model_results/outputs/seed_robustness_shortlist/MTLSH__mse__minmax__seed42/mtlsh_state_dict_best.pt
Epoch 042 | train_loss=6.9084e-04 | train_eval_loss=6.9837e-04 | val_loss=6.9969e-04 | | lr=1.00e-03
Epoch 043 | train_loss=7.4763e-04 | train_eval_loss=6.7587e-04 | val_loss=6.7466e-04 | | lr=1.00e-03
Epoch 044 | train_loss=7.2900e-04 | train_eval_loss=7.2334e-04 | val_loss=7.2231e-04 | | lr=1.00e-03
Epoch 045 | train_loss=7.0767e-04 | train_eval_loss=6.9248e-04 | val_loss=6.9320e-04 | | lr=1.00e-03
Epoch 046 | train_loss=6.5798e-04 | train_eval_loss=8.5813e-04 | val_loss=8.6681e-04 | | lr=1.00e-03
Epoch 047 | train_loss=7.6846e-04 | train_eval_loss=6.0850e-04 | val_loss=6.0963e-04 | | lr=1.00e-03
Saved best model to results/thesis_model_results/outputs/seed_robustness_shortlist/MTLSH__mse__minmax__seed42/mtlsh_state_dict_best.pt
Epoch 048 | train_loss=6.5467e-04 | train_eval_loss=6.5745e-04 | val_loss=6.5777e-04 | | lr=1.00e-03
Epoch 049 | train_loss=7.6010e-04 | train_eval_loss=8.9338e-04 | val_loss=8.9637e-04 | | lr=1.00e-03
Epoch 050 | train_loss=6.8647e-04 | train_eval_loss=6.3040e-04 | val_loss=6.3449e-04 | | lr=1.00e-03
Epoch 051 | train_loss=6.4527e-04 | train_eval_loss=6.2538e-04 | val_loss=6.2815e-04 | | lr=1.00e-03
Epoch 052 | train_loss=6.3244e-04 | train_eval_loss=6.2319e-04 | val_loss=6.2503e-04 | | lr=1.00e-03
Epoch 053 | train_loss=6.5392e-04 | train_eval_loss=9.7862e-04 | val_loss=9.7829e-04 | | lr=1.00e-03
Epoch 054 | train_loss=7.0784e-04 | train_eval_loss=8.4151e-04 | val_loss=8.5659e-04 | | lr=1.00e-03
Epoch 055 | train_loss=6.7185e-04 | train_eval_loss=5.8563e-04 | val_loss=5.8916e-04 | | lr=1.00e-03
Saved best model to results/thesis_model_results/outputs/seed_robustness_shortlist/MTLSH__mse__minmax__seed42/mtlsh_state_dict_best.pt
Epoch 056 | train_loss=6.9023e-04 | train_eval_loss=6.3063e-04 | val_loss=6.3565e-04 | | lr=1.00e-03
Epoch 057 | train_loss=5.9139e-04 | train_eval_loss=5.8193e-04 | val_loss=5.8956e-04 | | lr=1.00e-03
Epoch 058 | train_loss=6.4204e-04 | train_eval_loss=6.6279e-04 | val_loss=6.6483e-04 | | lr=1.00e-03
Epoch 059 | train_loss=6.3151e-04 | train_eval_loss=6.1508e-04 | val_loss=6.2112e-04 | | lr=1.00e-03
Epoch 060 | train_loss=6.3889e-04 | train_eval_loss=6.5637e-04 | val_loss=6.6349e-04 | | lr=1.00e-03
Epoch 061 | train_loss=6.0418e-04 | train_eval_loss=7.0792e-04 | val_loss=7.1480e-04 | | lr=1.00e-03
Epoch 062 | train_loss=6.0751e-04 | train_eval_loss=5.6941e-04 | val_loss=5.7879e-04 | | lr=1.00e-03
Saved best model to results/thesis_model_results/outputs/seed_robustness_shortlist/MTLSH__mse__minmax__seed42/mtlsh_state_dict_best.pt
Epoch 063 | train_loss=7.2154e-04 | train_eval_loss=6.2376e-04 | val_loss=6.4546e-04 | | lr=1.00e-03
Epoch 064 | train_loss=5.9408e-04 | train_eval_loss=6.6401e-04 | val_loss=6.8202e-04 | | lr=1.00e-03
Epoch 065 | train_loss=5.8234e-04 | train_eval_loss=5.7950e-04 | val_loss=5.9683e-04 | | lr=1.00e-03
Epoch 066 | train_loss=5.8527e-04 | train_eval_loss=6.1504e-04 | val_loss=6.3678e-04 | | lr=1.00e-03
Epoch 067 | train_loss=5.9513e-04 | train_eval_loss=6.6812e-04 | val_loss=6.9216e-04 | | lr=1.00e-03
Epoch 068 | train_loss=6.2321e-04 | train_eval_loss=7.4358e-04 | val_loss=7.4869e-04 | | lr=1.00e-03
Epoch 069 | train_loss=5.9065e-04 | train_eval_loss=5.9946e-04 | val_loss=6.2280e-04 | | lr=1.00e-03
Epoch 070 | train_loss=5.8874e-04 | train_eval_loss=7.4033e-04 | val_loss=7.5694e-04 | | lr=1.00e-03
Epoch 071 | train_loss=6.0038e-04 | train_eval_loss=5.6300e-04 | val_loss=5.7504e-04 | | lr=1.00e-03
Saved best model to results/thesis_model_results/outputs/seed_robustness_shortlist/MTLSH__mse__minmax__seed42/mtlsh_state_dict_best.pt
Epoch 072 | train_loss=5.6916e-04 | train_eval_loss=6.3150e-04 | val_loss=6.5023e-04 | | lr=1.00e-03
Epoch 073 | train_loss=5.5928e-04 | train_eval_loss=5.4972e-04 | val_loss=5.6248e-04 | | lr=1.00e-03
Saved best model to results/thesis_model_results/outputs/seed_robustness_shortlist/MTLSH__mse__minmax__seed42/mtlsh_state_dict_best.pt
Epoch 074 | train_loss=5.3195e-04 | train_eval_loss=5.5555e-04 | val_loss=5.7785e-04 | | lr=1.00e-03
Epoch 075 | train_loss=5.7564e-04 | train_eval_loss=5.5576e-04 | val_loss=5.7416e-04 | | lr=1.00e-03
Epoch 076 | train_loss=5.8255e-04 | train_eval_loss=5.8116e-04 | val_loss=6.0336e-04 | | lr=1.00e-03
Epoch 077 | train_loss=5.7059e-04 | train_eval_loss=6.1380e-04 | val_loss=6.4024e-04 | | lr=1.00e-03
Epoch 078 | train_loss=5.5523e-04 | train_eval_loss=5.8463e-04 | val_loss=6.1410e-04 | | lr=1.00e-03
Epoch 079 | train_loss=5.3253e-04 | train_eval_loss=5.4222e-04 | val_loss=5.6974e-04 | | lr=1.00e-03
Epoch 080 | train_loss=6.3913e-04 | train_eval_loss=6.0248e-04 | val_loss=6.2948e-04 | | lr=1.00e-03
Epoch 081 | train_loss=5.7897e-04 | train_eval_loss=5.5792e-04 | val_loss=5.8599e-04 | | lr=1.00e-03
Epoch 082 | train_loss=5.4182e-04 | train_eval_loss=5.2336e-04 | val_loss=5.4423e-04 | | lr=1.00e-03
Saved best model to results/thesis_model_results/outputs/seed_robustness_shortlist/MTLSH__mse__minmax__seed42/mtlsh_state_dict_best.pt
Epoch 083 | train_loss=5.3989e-04 | train_eval_loss=4.9569e-04 | val_loss=5.1441e-04 | | lr=1.00e-03
Saved best model to results/thesis_model_results/outputs/seed_robustness_shortlist/MTLSH__mse__minmax__seed42/mtlsh_state_dict_best.pt
Epoch 084 | train_loss=5.1498e-04 | train_eval_loss=4.7613e-04 | val_loss=5.0035e-04 | | lr=1.00e-03
Saved best model to results/thesis_model_results/outputs/seed_robustness_shortlist/MTLSH__mse__minmax__seed42/mtlsh_state_dict_best.pt
Epoch 085 | train_loss=5.0923e-04 | train_eval_loss=5.3216e-04 | val_loss=5.6035e-04 | | lr=1.00e-03
Epoch 086 | train_loss=5.1397e-04 | train_eval_loss=5.4873e-04 | val_loss=5.7786e-04 | | lr=1.00e-03
Epoch 087 | train_loss=5.0110e-04 | train_eval_loss=6.5733e-04 | val_loss=6.8984e-04 | | lr=1.00e-03
Epoch 088 | train_loss=5.9116e-04 | train_eval_loss=4.8411e-04 | val_loss=5.0490e-04 | | lr=1.00e-03
Epoch 089 | train_loss=5.5996e-04 | train_eval_loss=5.3965e-04 | val_loss=5.6290e-04 | | lr=1.00e-03
Epoch 090 | train_loss=5.5631e-04 | train_eval_loss=4.4604e-04 | val_loss=4.7910e-04 | | lr=1.00e-03
Saved best model to results/thesis_model_results/outputs/seed_robustness_shortlist/MTLSH__mse__minmax__seed42/mtlsh_state_dict_best.pt
Epoch 091 | train_loss=5.4512e-04 | train_eval_loss=4.7473e-04 | val_loss=4.9958e-04 | | lr=1.00e-03
Epoch 092 | train_loss=5.1111e-04 | train_eval_loss=4.3501e-04 | val_loss=4.7010e-04 | | lr=1.00e-03
Saved best model to results/thesis_model_results/outputs/seed_robustness_shortlist/MTLSH__mse__minmax__seed42/mtlsh_state_dict_best.pt
Epoch 093 | train_loss=4.8537e-04 | train_eval_loss=5.0301e-04 | val_loss=5.2492e-04 | | lr=1.00e-03
Epoch 094 | train_loss=5.3372e-04 | train_eval_loss=5.7151e-04 | val_loss=5.9459e-04 | | lr=1.00e-03
Epoch 095 | train_loss=4.9360e-04 | train_eval_loss=4.6483e-04 | val_loss=4.9949e-04 | | lr=1.00e-03
Epoch 096 | train_loss=5.1374e-04 | train_eval_loss=4.4454e-04 | val_loss=4.8057e-04 | | lr=1.00e-03
Epoch 097 | train_loss=5.0192e-04 | train_eval_loss=5.2380e-04 | val_loss=5.5276e-04 | | lr=1.00e-03
Epoch 098 | train_loss=4.8400e-04 | train_eval_loss=5.2027e-04 | val_loss=5.5968e-04 | | lr=1.00e-03
Epoch 099 | train_loss=5.0957e-04 | train_eval_loss=6.3112e-04 | val_loss=6.7241e-04 | | lr=1.00e-03
Epoch 100 | train_loss=4.7745e-04 | train_eval_loss=4.3970e-04 | val_loss=4.7580e-04 | | lr=1.00e-03
Epoch 101 | train_loss=4.8867e-04 | train_eval_loss=5.4464e-04 | val_loss=5.8627e-04 | | lr=1.00e-03
Epoch 102 | train_loss=4.0895e-04 | train_eval_loss=4.5499e-04 | val_loss=4.9248e-04 | | lr=5.00e-04
Epoch 103 | train_loss=4.0199e-04 | train_eval_loss=3.9729e-04 | val_loss=4.3592e-04 | | lr=5.00e-04
Saved best model to results/thesis_model_results/outputs/seed_robustness_shortlist/MTLSH__mse__minmax__seed42/mtlsh_state_dict_best.pt
Epoch 104 | train_loss=3.9703e-04 | train_eval_loss=3.8118e-04 | val_loss=4.2238e-04 | | lr=5.00e-04
Saved best model to results/thesis_model_results/outputs/seed_robustness_shortlist/MTLSH__mse__minmax__seed42/mtlsh_state_dict_best.pt
Epoch 105 | train_loss=3.9615e-04 | train_eval_loss=3.8451e-04 | val_loss=4.2368e-04 | | lr=5.00e-04
Epoch 106 | train_loss=4.0861e-04 | train_eval_loss=4.3133e-04 | val_loss=4.7706e-04 | | lr=5.00e-04
Epoch 107 | train_loss=3.9538e-04 | train_eval_loss=4.0179e-04 | val_loss=4.4102e-04 | | lr=5.00e-04
Epoch 108 | train_loss=3.9109e-04 | train_eval_loss=3.9727e-04 | val_loss=4.3956e-04 | | lr=5.00e-04
Epoch 109 | train_loss=4.0593e-04 | train_eval_loss=3.8898e-04 | val_loss=4.3075e-04 | | lr=5.00e-04
Epoch 110 | train_loss=4.0901e-04 | train_eval_loss=3.7472e-04 | val_loss=4.1617e-04 | | lr=5.00e-04
Saved best model to results/thesis_model_results/outputs/seed_robustness_shortlist/MTLSH__mse__minmax__seed42/mtlsh_state_dict_best.pt
Epoch 111 | train_loss=3.9428e-04 | train_eval_loss=4.5734e-04 | val_loss=5.0129e-04 | | lr=5.00e-04
Epoch 112 | train_loss=4.0422e-04 | train_eval_loss=4.4926e-04 | val_loss=4.8810e-04 | | lr=5.00e-04
Epoch 113 | train_loss=4.1385e-04 | train_eval_loss=5.2530e-04 | val_loss=5.7061e-04 | | lr=5.00e-04
Epoch 114 | train_loss=4.0497e-04 | train_eval_loss=3.7871e-04 | val_loss=4.1868e-04 | | lr=5.00e-04
Epoch 115 | train_loss=3.8157e-04 | train_eval_loss=3.7689e-04 | val_loss=4.1831e-04 | | lr=5.00e-04
Epoch 116 | train_loss=3.8504e-04 | train_eval_loss=3.8621e-04 | val_loss=4.3261e-04 | | lr=5.00e-04
Epoch 117 | train_loss=3.8834e-04 | train_eval_loss=3.7081e-04 | val_loss=4.1289e-04 | | lr=5.00e-04
Saved best model to results/thesis_model_results/outputs/seed_robustness_shortlist/MTLSH__mse__minmax__seed42/mtlsh_state_dict_best.pt
Epoch 118 | train_loss=3.9778e-04 | train_eval_loss=4.0184e-04 | val_loss=4.4454e-04 | | lr=5.00e-04
Epoch 119 | train_loss=3.9955e-04 | train_eval_loss=4.5848e-04 | val_loss=5.0300e-04 | | lr=5.00e-04
Epoch 120 | train_loss=4.0338e-04 | train_eval_loss=3.6997e-04 | val_loss=4.1648e-04 | | lr=5.00e-04
Epoch 121 | train_loss=3.9458e-04 | train_eval_loss=6.1206e-04 | val_loss=6.7113e-04 | | lr=5.00e-04
Epoch 122 | train_loss=4.0202e-04 | train_eval_loss=3.7262e-04 | val_loss=4.2392e-04 | | lr=5.00e-04
Epoch 123 | train_loss=3.8159e-04 | train_eval_loss=3.5330e-04 | val_loss=4.0295e-04 | | lr=5.00e-04
Saved best model to results/thesis_model_results/outputs/seed_robustness_shortlist/MTLSH__mse__minmax__seed42/mtlsh_state_dict_best.pt
Epoch 124 | train_loss=3.9236e-04 | train_eval_loss=3.6905e-04 | val_loss=4.1556e-04 | | lr=5.00e-04
Epoch 125 | train_loss=3.9398e-04 | train_eval_loss=3.7767e-04 | val_loss=4.2158e-04 | | lr=5.00e-04
Epoch 126 | train_loss=3.8334e-04 | train_eval_loss=4.1107e-04 | val_loss=4.5125e-04 | | lr=5.00e-04
Epoch 127 | train_loss=3.8924e-04 | train_eval_loss=3.7466e-04 | val_loss=4.2313e-04 | | lr=5.00e-04
Epoch 128 | train_loss=3.8301e-04 | train_eval_loss=3.9002e-04 | val_loss=4.2675e-04 | | lr=5.00e-04
Epoch 129 | train_loss=3.7757e-04 | train_eval_loss=3.9986e-04 | val_loss=4.4578e-04 | | lr=5.00e-04
Epoch 130 | train_loss=3.8232e-04 | train_eval_loss=3.5839e-04 | val_loss=3.9949e-04 | | lr=5.00e-04
Saved best model to results/thesis_model_results/outputs/seed_robustness_shortlist/MTLSH__mse__minmax__seed42/mtlsh_state_dict_best.pt
Epoch 131 | train_loss=3.7692e-04 | train_eval_loss=4.1412e-04 | val_loss=4.6443e-04 | | lr=5.00e-04
Epoch 132 | train_loss=3.7703e-04 | train_eval_loss=3.6223e-04 | val_loss=4.1482e-04 | | lr=5.00e-04
Epoch 133 | train_loss=3.9492e-04 | train_eval_loss=5.0562e-04 | val_loss=5.4755e-04 | | lr=5.00e-04
Epoch 134 | train_loss=3.9487e-04 | train_eval_loss=3.6506e-04 | val_loss=4.1082e-04 | | lr=5.00e-04
Epoch 135 | train_loss=3.7497e-04 | train_eval_loss=4.0792e-04 | val_loss=4.5516e-04 | | lr=5.00e-04
Epoch 136 | train_loss=3.9298e-04 | train_eval_loss=4.2737e-04 | val_loss=4.7490e-04 | | lr=5.00e-04
Epoch 137 | train_loss=4.0914e-04 | train_eval_loss=3.6456e-04 | val_loss=4.1261e-04 | | lr=5.00e-04
Epoch 138 | train_loss=3.8254e-04 | train_eval_loss=4.0893e-04 | val_loss=4.6408e-04 | | lr=5.00e-04
Epoch 139 | train_loss=3.7787e-04 | train_eval_loss=3.5286e-04 | val_loss=3.9877e-04 | | lr=5.00e-04
Saved best model to results/thesis_model_results/outputs/seed_robustness_shortlist/MTLSH__mse__minmax__seed42/mtlsh_state_dict_best.pt
Epoch 140 | train_loss=3.6644e-04 | train_eval_loss=3.6863e-04 | val_loss=4.0764e-04 | | lr=5.00e-04
Epoch 141 | train_loss=3.6915e-04 | train_eval_loss=4.1826e-04 | val_loss=4.5822e-04 | | lr=5.00e-04
Epoch 142 | train_loss=3.9141e-04 | train_eval_loss=4.2483e-04 | val_loss=4.8075e-04 | | lr=5.00e-04
Epoch 143 | train_loss=3.7061e-04 | train_eval_loss=3.3881e-04 | val_loss=3.8957e-04 | | lr=5.00e-04
Saved best model to results/thesis_model_results/outputs/seed_robustness_shortlist/MTLSH__mse__minmax__seed42/mtlsh_state_dict_best.pt
Epoch 144 | train_loss=3.6393e-04 | train_eval_loss=3.3667e-04 | val_loss=3.8522e-04 | | lr=5.00e-04
Saved best model to results/thesis_model_results/outputs/seed_robustness_shortlist/MTLSH__mse__minmax__seed42/mtlsh_state_dict_best.pt
Epoch 145 | train_loss=3.9106e-04 | train_eval_loss=3.7363e-04 | val_loss=4.1759e-04 | | lr=5.00e-04
Epoch 146 | train_loss=3.8537e-04 | train_eval_loss=5.7234e-04 | val_loss=6.4061e-04 | | lr=5.00e-04
Epoch 147 | train_loss=4.0219e-04 | train_eval_loss=3.3248e-04 | val_loss=3.8292e-04 | | lr=5.00e-04
Saved best model to results/thesis_model_results/outputs/seed_robustness_shortlist/MTLSH__mse__minmax__seed42/mtlsh_state_dict_best.pt
Epoch 148 | train_loss=3.5667e-04 | train_eval_loss=5.7757e-04 | val_loss=6.4312e-04 | | lr=5.00e-04
Epoch 149 | train_loss=3.7320e-04 | train_eval_loss=3.8755e-04 | val_loss=4.3087e-04 | | lr=5.00e-04
Epoch 150 | train_loss=3.7418e-04 | train_eval_loss=5.9929e-04 | val_loss=6.5352e-04 | | lr=5.00e-04
Epoch 151 | train_loss=3.7071e-04 | train_eval_loss=3.4942e-04 | val_loss=4.0350e-04 | | lr=5.00e-04
Epoch 152 | train_loss=3.6044e-04 | train_eval_loss=4.7313e-04 | val_loss=5.2898e-04 | | lr=5.00e-04
Epoch 153 | train_loss=3.6179e-04 | train_eval_loss=3.7367e-04 | val_loss=4.2382e-04 | | lr=5.00e-04
Epoch 154 | train_loss=3.6248e-04 | train_eval_loss=3.4567e-04 | val_loss=4.0218e-04 | | lr=5.00e-04
Epoch 155 | train_loss=3.5206e-04 | train_eval_loss=3.3330e-04 | val_loss=3.8857e-04 | | lr=5.00e-04
Epoch 156 | train_loss=3.5557e-04 | train_eval_loss=3.7977e-04 | val_loss=4.2772e-04 | | lr=5.00e-04
Epoch 157 | train_loss=3.2828e-04 | train_eval_loss=3.2038e-04 | val_loss=3.7469e-04 | | lr=2.50e-04
Saved best model to results/thesis_model_results/outputs/seed_robustness_shortlist/MTLSH__mse__minmax__seed42/mtlsh_state_dict_best.pt
Epoch 158 | train_loss=3.1438e-04 | train_eval_loss=3.1939e-04 | val_loss=3.7249e-04 | | lr=2.50e-04
Saved best model to results/thesis_model_results/outputs/seed_robustness_shortlist/MTLSH__mse__minmax__seed42/mtlsh_state_dict_best.pt
Epoch 159 | train_loss=3.1524e-04 | train_eval_loss=3.0681e-04 | val_loss=3.5783e-04 | | lr=2.50e-04
Saved best model to results/thesis_model_results/outputs/seed_robustness_shortlist/MTLSH__mse__minmax__seed42/mtlsh_state_dict_best.pt
Epoch 160 | train_loss=3.1672e-04 | train_eval_loss=3.1893e-04 | val_loss=3.7408e-04 | | lr=2.50e-04
Epoch 161 | train_loss=3.2194e-04 | train_eval_loss=3.3271e-04 | val_loss=3.8800e-04 | | lr=2.50e-04
Epoch 162 | train_loss=3.1837e-04 | train_eval_loss=3.0675e-04 | val_loss=3.6141e-04 | | lr=2.50e-04
Epoch 163 | train_loss=3.1700e-04 | train_eval_loss=3.0217e-04 | val_loss=3.5668e-04 | | lr=2.50e-04
Saved best model to results/thesis_model_results/outputs/seed_robustness_shortlist/MTLSH__mse__minmax__seed42/mtlsh_state_dict_best.pt
Epoch 164 | train_loss=3.1144e-04 | train_eval_loss=3.1663e-04 | val_loss=3.7336e-04 | | lr=2.50e-04
Epoch 165 | train_loss=3.1366e-04 | train_eval_loss=3.1265e-04 | val_loss=3.7464e-04 | | lr=2.50e-04
Epoch 166 | train_loss=3.1477e-04 | train_eval_loss=2.9941e-04 | val_loss=3.6070e-04 | | lr=2.50e-04
Epoch 167 | train_loss=3.2164e-04 | train_eval_loss=3.1283e-04 | val_loss=3.7189e-04 | | lr=2.50e-04
Epoch 168 | train_loss=3.1614e-04 | train_eval_loss=3.0076e-04 | val_loss=3.5917e-04 | | lr=2.50e-04
Epoch 169 | train_loss=3.1518e-04 | train_eval_loss=3.1219e-04 | val_loss=3.6871e-04 | | lr=2.50e-04
Epoch 170 | train_loss=3.2275e-04 | train_eval_loss=3.1515e-04 | val_loss=3.7169e-04 | | lr=2.50e-04
Epoch 171 | train_loss=3.1622e-04 | train_eval_loss=3.5902e-04 | val_loss=4.1486e-04 | | lr=2.50e-04
Epoch 172 | train_loss=3.1805e-04 | train_eval_loss=3.1148e-04 | val_loss=3.6821e-04 | | lr=2.50e-04
Epoch 173 | train_loss=2.9527e-04 | train_eval_loss=2.8887e-04 | val_loss=3.5086e-04 | | lr=1.25e-04
Saved best model to results/thesis_model_results/outputs/seed_robustness_shortlist/MTLSH__mse__minmax__seed42/mtlsh_state_dict_best.pt
Epoch 174 | train_loss=2.9143e-04 | train_eval_loss=2.8774e-04 | val_loss=3.4771e-04 | | lr=1.25e-04
Saved best model to results/thesis_model_results/outputs/seed_robustness_shortlist/MTLSH__mse__minmax__seed42/mtlsh_state_dict_best.pt
Epoch 175 | train_loss=2.9457e-04 | train_eval_loss=2.9477e-04 | val_loss=3.5756e-04 | | lr=1.25e-04
Epoch 176 | train_loss=2.9189e-04 | train_eval_loss=2.8848e-04 | val_loss=3.5140e-04 | | lr=1.25e-04
Epoch 177 | train_loss=2.9767e-04 | train_eval_loss=2.8469e-04 | val_loss=3.4842e-04 | | lr=1.25e-04
Epoch 178 | train_loss=2.9172e-04 | train_eval_loss=2.8918e-04 | val_loss=3.4984e-04 | | lr=1.25e-04
Epoch 179 | train_loss=2.9394e-04 | train_eval_loss=2.8740e-04 | val_loss=3.4678e-04 | | lr=1.25e-04
Saved best model to results/thesis_model_results/outputs/seed_robustness_shortlist/MTLSH__mse__minmax__seed42/mtlsh_state_dict_best.pt
Epoch 180 | train_loss=2.9599e-04 | train_eval_loss=3.0276e-04 | val_loss=3.6030e-04 | | lr=1.25e-04
Epoch 181 | train_loss=2.9140e-04 | train_eval_loss=2.9850e-04 | val_loss=3.5736e-04 | | lr=1.25e-04
Epoch 182 | train_loss=2.9696e-04 | train_eval_loss=2.9901e-04 | val_loss=3.6395e-04 | | lr=1.25e-04
Epoch 183 | train_loss=2.9501e-04 | train_eval_loss=2.8948e-04 | val_loss=3.5306e-04 | | lr=1.25e-04
Epoch 184 | train_loss=2.9143e-04 | train_eval_loss=2.8145e-04 | val_loss=3.4171e-04 | | lr=1.25e-04
Saved best model to results/thesis_model_results/outputs/seed_robustness_shortlist/MTLSH__mse__minmax__seed42/mtlsh_state_dict_best.pt
Epoch 185 | train_loss=2.9124e-04 | train_eval_loss=2.8457e-04 | val_loss=3.4624e-04 | | lr=1.25e-04
Epoch 186 | train_loss=2.9104e-04 | train_eval_loss=2.9655e-04 | val_loss=3.5963e-04 | | lr=1.25e-04
Epoch 187 | train_loss=2.9292e-04 | train_eval_loss=2.8668e-04 | val_loss=3.4854e-04 | | lr=1.25e-04
Epoch 188 | train_loss=2.9305e-04 | train_eval_loss=3.0348e-04 | val_loss=3.6497e-04 | | lr=1.25e-04
Epoch 189 | train_loss=2.8952e-04 | train_eval_loss=2.8854e-04 | val_loss=3.4806e-04 | | lr=1.25e-04
Epoch 190 | train_loss=2.9084e-04 | train_eval_loss=2.9649e-04 | val_loss=3.6226e-04 | | lr=1.25e-04
Epoch 191 | train_loss=2.8926e-04 | train_eval_loss=2.9150e-04 | val_loss=3.5023e-04 | | lr=1.25e-04
Epoch 192 | train_loss=2.9086e-04 | train_eval_loss=3.0027e-04 | val_loss=3.5964e-04 | | lr=1.25e-04
Epoch 193 | train_loss=2.9486e-04 | train_eval_loss=2.8356e-04 | val_loss=3.4718e-04 | | lr=1.25e-04
Epoch 194 | train_loss=2.7987e-04 | train_eval_loss=2.7996e-04 | val_loss=3.4258e-04 | | lr=6.25e-05
Epoch 195 | train_loss=2.8044e-04 | train_eval_loss=2.7820e-04 | val_loss=3.4072e-04 | | lr=6.25e-05
Saved best model to results/thesis_model_results/outputs/seed_robustness_shortlist/MTLSH__mse__minmax__seed42/mtlsh_state_dict_best.pt
Epoch 196 | train_loss=2.8319e-04 | train_eval_loss=2.7911e-04 | val_loss=3.4152e-04 | | lr=6.25e-05
Epoch 197 | train_loss=2.8023e-04 | train_eval_loss=2.7671e-04 | val_loss=3.3862e-04 | | lr=6.25e-05
Saved best model to results/thesis_model_results/outputs/seed_robustness_shortlist/MTLSH__mse__minmax__seed42/mtlsh_state_dict_best.pt
Epoch 198 | train_loss=2.8066e-04 | train_eval_loss=2.8061e-04 | val_loss=3.4354e-04 | | lr=6.25e-05
Epoch 199 | train_loss=2.7894e-04 | train_eval_loss=2.7827e-04 | val_loss=3.4222e-04 | | lr=6.25e-05
Epoch 200 | train_loss=2.8153e-04 | train_eval_loss=2.7707e-04 | val_loss=3.4085e-04 | | lr=6.25e-05
Saved training logs to results/thesis_model_results/outputs/seed_robustness_shortlist/MTLSH__mse__minmax__seed42/training_summary.txt
Test RMSE(rocof_COI) = 0.0132 | norm: 0.0100 | real_diff: 0.0089
Test RMSE(dev_COI) = 0.0219 | norm: 0.0081 | real_diff: 0.0127
Test RMSE(Delta_P_IBR_1) = 0.1085 | norm: 0.0171 | real_diff: 0.0697
Test RMSE(Delta_P_IBR_2) = 0.0987 | norm: 0.0137 | real_diff: 0.0537
Test RMSE(Delta_P_IBR_3) = 0.1803 | norm: 0.0317 | real_diff: 0.0956
Test RMSE(Delta_P_IBR_4) = 0.1798 | norm: 0.0186 | real_diff: 0.1072
Saved RMSE results to results/thesis_model_results/outputs/seed_robustness_shortlist/MTLSH__mse__minmax__seed42/rmse_results.txt
Saved detailed metrics to results/thesis_model_results/outputs/seed_robustness_shortlist/MTLSH__mse__minmax__seed42/metrics_by_target.csv
Saved aggregate metrics to results/thesis_model_results/outputs/seed_robustness_shortlist/MTLSH__mse__minmax__seed42/metrics_summary.json
Saved loss curves to results/thesis_model_results/outputs/seed_robustness_shortlist/MTLSH__mse__minmax__seed42/loss_curve.png
Saved scatter plot results/thesis_model_results/outputs/seed_robustness_shortlist/MTLSH__mse__minmax__seed42/scatter_rocof_COI.png
Saved scatter plot results/thesis_model_results/outputs/seed_robustness_shortlist/MTLSH__mse__minmax__seed42/scatter_dev_COI.png
Saved scatter plot results/thesis_model_results/outputs/seed_robustness_shortlist/MTLSH__mse__minmax__seed42/scatter_Delta_P_IBR_1.png
Saved scatter plot results/thesis_model_results/outputs/seed_robustness_shortlist/MTLSH__mse__minmax__seed42/scatter_Delta_P_IBR_2.png
Saved scatter plot results/thesis_model_results/outputs/seed_robustness_shortlist/MTLSH__mse__minmax__seed42/scatter_Delta_P_IBR_3.png
Saved scatter plot results/thesis_model_results/outputs/seed_robustness_shortlist/MTLSH__mse__minmax__seed42/scatter_Delta_P_IBR_4.png
Saved model to results/thesis_model_results/outputs/seed_robustness_shortlist/MTLSH__mse__minmax__seed42/mtlsh_state_dict.pt
Loss type: mse | weights=[]
Target stats (scaled):
train mean=[0.549  0.589  0.492  0.4884 0.4785 0.4192]
train std=[0.1365 0.1371 0.1141 0.1063 0.1158 0.1138]
train q05=[0.3074 0.3979 0.3192 0.303  0.3347 0.2205]
train q95=[0.7933 0.8652 0.6719 0.6491 0.6927 0.6016]
val mean=[0.5473 0.5873 0.4922 0.4893 0.4798 0.4201]
val std=[0.1343 0.1348 0.1123 0.1072 0.1141 0.1112]
val q05=[0.3103 0.3982 0.3195 0.303  0.3376 0.2251]
val q95=[0.7886 0.8626 0.6731 0.6514 0.6918 0.5984]
val/train std ratio=[0.984  0.9828 0.9844 1.0084 0.9848 0.9772]
LR scheduler: ReduceLROnPlateau (factor=0.5, patience=8, min_lr=1e-07)
Epoch 001 | train_loss=2.9244e-02 | train_eval_loss=1.4245e-02 | val_loss=1.3845e-02 | | lr=1.00e-03
Saved best model to results/thesis_model_results/outputs/seed_robustness_shortlist/MTLSH__mse__minmax__seed84/mtlsh_state_dict_best.pt
Epoch 002 | train_loss=1.3257e-02 | train_eval_loss=1.0311e-02 | val_loss=1.0043e-02 | | lr=1.00e-03
Saved best model to results/thesis_model_results/outputs/seed_robustness_shortlist/MTLSH__mse__minmax__seed84/mtlsh_state_dict_best.pt
Epoch 003 | train_loss=5.1667e-03 | train_eval_loss=3.4632e-03 | val_loss=3.4192e-03 | | lr=1.00e-03
Saved best model to results/thesis_model_results/outputs/seed_robustness_shortlist/MTLSH__mse__minmax__seed84/mtlsh_state_dict_best.pt
Epoch 004 | train_loss=3.1431e-03 | train_eval_loss=2.7400e-03 | val_loss=2.7135e-03 | | lr=1.00e-03
Saved best model to results/thesis_model_results/outputs/seed_robustness_shortlist/MTLSH__mse__minmax__seed84/mtlsh_state_dict_best.pt
Epoch 005 | train_loss=2.4248e-03 | train_eval_loss=2.1282e-03 | val_loss=2.1045e-03 | | lr=1.00e-03
Saved best model to results/thesis_model_results/outputs/seed_robustness_shortlist/MTLSH__mse__minmax__seed84/mtlsh_state_dict_best.pt
Epoch 006 | train_loss=2.0158e-03 | train_eval_loss=1.9563e-03 | val_loss=1.9378e-03 | | lr=1.00e-03
Saved best model to results/thesis_model_results/outputs/seed_robustness_shortlist/MTLSH__mse__minmax__seed84/mtlsh_state_dict_best.pt
Epoch 007 | train_loss=1.7494e-03 | train_eval_loss=1.6060e-03 | val_loss=1.5766e-03 | | lr=1.00e-03
Saved best model to results/thesis_model_results/outputs/seed_robustness_shortlist/MTLSH__mse__minmax__seed84/mtlsh_state_dict_best.pt
Epoch 008 | train_loss=1.6593e-03 | train_eval_loss=1.5940e-03 | val_loss=1.5686e-03 | | lr=1.00e-03
Saved best model to results/thesis_model_results/outputs/seed_robustness_shortlist/MTLSH__mse__minmax__seed84/mtlsh_state_dict_best.pt
Epoch 009 | train_loss=1.5571e-03 | train_eval_loss=1.5208e-03 | val_loss=1.4939e-03 | | lr=1.00e-03
Saved best model to results/thesis_model_results/outputs/seed_robustness_shortlist/MTLSH__mse__minmax__seed84/mtlsh_state_dict_best.pt
Epoch 010 | train_loss=1.5368e-03 | train_eval_loss=1.3987e-03 | val_loss=1.3789e-03 | | lr=1.00e-03
Saved best model to results/thesis_model_results/outputs/seed_robustness_shortlist/MTLSH__mse__minmax__seed84/mtlsh_state_dict_best.pt
Epoch 011 | train_loss=1.4691e-03 | train_eval_loss=1.5705e-03 | val_loss=1.5585e-03 | | lr=1.00e-03
Epoch 012 | train_loss=1.3874e-03 | train_eval_loss=1.3443e-03 | val_loss=1.3309e-03 | | lr=1.00e-03
Saved best model to results/thesis_model_results/outputs/seed_robustness_shortlist/MTLSH__mse__minmax__seed84/mtlsh_state_dict_best.pt
Epoch 013 | train_loss=1.3787e-03 | train_eval_loss=1.2503e-03 | val_loss=1.2380e-03 | | lr=1.00e-03
Saved best model to results/thesis_model_results/outputs/seed_robustness_shortlist/MTLSH__mse__minmax__seed84/mtlsh_state_dict_best.pt
Epoch 014 | train_loss=1.2749e-03 | train_eval_loss=1.2331e-03 | val_loss=1.2202e-03 | | lr=1.00e-03
Saved best model to results/thesis_model_results/outputs/seed_robustness_shortlist/MTLSH__mse__minmax__seed84/mtlsh_state_dict_best.pt
Epoch 015 | train_loss=1.2894e-03 | train_eval_loss=1.2126e-03 | val_loss=1.2043e-03 | | lr=1.00e-03
Saved best model to results/thesis_model_results/outputs/seed_robustness_shortlist/MTLSH__mse__minmax__seed84/mtlsh_state_dict_best.pt
Epoch 016 | train_loss=1.2242e-03 | train_eval_loss=1.2266e-03 | val_loss=1.2207e-03 | | lr=1.00e-03
Epoch 017 | train_loss=1.2279e-03 | train_eval_loss=1.3071e-03 | val_loss=1.2943e-03 | | lr=1.00e-03
Epoch 018 | train_loss=1.1623e-03 | train_eval_loss=1.1971e-03 | val_loss=1.1922e-03 | | lr=1.00e-03
Saved best model to results/thesis_model_results/outputs/seed_robustness_shortlist/MTLSH__mse__minmax__seed84/mtlsh_state_dict_best.pt
Epoch 019 | train_loss=1.1817e-03 | train_eval_loss=1.3228e-03 | val_loss=1.3128e-03 | | lr=1.00e-03
Epoch 020 | train_loss=1.1680e-03 | train_eval_loss=1.0791e-03 | val_loss=1.0787e-03 | | lr=1.00e-03
Saved best model to results/thesis_model_results/outputs/seed_robustness_shortlist/MTLSH__mse__minmax__seed84/mtlsh_state_dict_best.pt
Epoch 021 | train_loss=1.0896e-03 | train_eval_loss=1.2209e-03 | val_loss=1.2193e-03 | | lr=1.00e-03
Epoch 022 | train_loss=1.0739e-03 | train_eval_loss=1.0937e-03 | val_loss=1.0826e-03 | | lr=1.00e-03
Epoch 023 | train_loss=1.0409e-03 | train_eval_loss=1.0128e-03 | val_loss=1.0131e-03 | | lr=1.00e-03
Saved best model to results/thesis_model_results/outputs/seed_robustness_shortlist/MTLSH__mse__minmax__seed84/mtlsh_state_dict_best.pt
Epoch 024 | train_loss=1.0343e-03 | train_eval_loss=1.0872e-03 | val_loss=1.0821e-03 | | lr=1.00e-03
Epoch 025 | train_loss=1.0103e-03 | train_eval_loss=9.1779e-04 | val_loss=9.1408e-04 | | lr=1.00e-03
Saved best model to results/thesis_model_results/outputs/seed_robustness_shortlist/MTLSH__mse__minmax__seed84/mtlsh_state_dict_best.pt
Epoch 026 | train_loss=9.6628e-04 | train_eval_loss=9.9603e-04 | val_loss=9.9438e-04 | | lr=1.00e-03
Epoch 027 | train_loss=9.7159e-04 | train_eval_loss=1.0128e-03 | val_loss=1.0163e-03 | | lr=1.00e-03
Epoch 028 | train_loss=9.6627e-04 | train_eval_loss=8.8808e-04 | val_loss=8.8689e-04 | | lr=1.00e-03
Saved best model to results/thesis_model_results/outputs/seed_robustness_shortlist/MTLSH__mse__minmax__seed84/mtlsh_state_dict_best.pt
Epoch 029 | train_loss=9.1315e-04 | train_eval_loss=8.7233e-04 | val_loss=8.6888e-04 | | lr=1.00e-03
Saved best model to results/thesis_model_results/outputs/seed_robustness_shortlist/MTLSH__mse__minmax__seed84/mtlsh_state_dict_best.pt
Epoch 030 | train_loss=9.1493e-04 | train_eval_loss=9.2837e-04 | val_loss=9.2453e-04 | | lr=1.00e-03
Epoch 031 | train_loss=9.1725e-04 | train_eval_loss=9.4806e-04 | val_loss=9.4501e-04 | | lr=1.00e-03
Epoch 032 | train_loss=9.2642e-04 | train_eval_loss=1.0512e-03 | val_loss=1.0516e-03 | | lr=1.00e-03
Epoch 033 | train_loss=9.1688e-04 | train_eval_loss=8.4794e-04 | val_loss=8.4989e-04 | | lr=1.00e-03
Saved best model to results/thesis_model_results/outputs/seed_robustness_shortlist/MTLSH__mse__minmax__seed84/mtlsh_state_dict_best.pt
Epoch 034 | train_loss=8.6408e-04 | train_eval_loss=8.3658e-04 | val_loss=8.3737e-04 | | lr=1.00e-03
Saved best model to results/thesis_model_results/outputs/seed_robustness_shortlist/MTLSH__mse__minmax__seed84/mtlsh_state_dict_best.pt
Epoch 035 | train_loss=8.3738e-04 | train_eval_loss=8.1359e-04 | val_loss=8.1374e-04 | | lr=1.00e-03
Saved best model to results/thesis_model_results/outputs/seed_robustness_shortlist/MTLSH__mse__minmax__seed84/mtlsh_state_dict_best.pt
Epoch 036 | train_loss=8.2251e-04 | train_eval_loss=9.2405e-04 | val_loss=9.2473e-04 | | lr=1.00e-03
Epoch 037 | train_loss=8.2068e-04 | train_eval_loss=8.2487e-04 | val_loss=8.2612e-04 | | lr=1.00e-03
Epoch 038 | train_loss=8.0377e-04 | train_eval_loss=1.0798e-03 | val_loss=1.0778e-03 | | lr=1.00e-03
Epoch 039 | train_loss=8.1919e-04 | train_eval_loss=8.6101e-04 | val_loss=8.6296e-04 | | lr=1.00e-03
Epoch 040 | train_loss=7.6240e-04 | train_eval_loss=8.1074e-04 | val_loss=8.1250e-04 | | lr=1.00e-03
Saved best model to results/thesis_model_results/outputs/seed_robustness_shortlist/MTLSH__mse__minmax__seed84/mtlsh_state_dict_best.pt
Epoch 041 | train_loss=7.5717e-04 | train_eval_loss=7.1759e-04 | val_loss=7.1897e-04 | | lr=1.00e-03
Saved best model to results/thesis_model_results/outputs/seed_robustness_shortlist/MTLSH__mse__minmax__seed84/mtlsh_state_dict_best.pt
Epoch 042 | train_loss=7.6453e-04 | train_eval_loss=7.3452e-04 | val_loss=7.3447e-04 | | lr=1.00e-03
Epoch 043 | train_loss=7.5641e-04 | train_eval_loss=7.6316e-04 | val_loss=7.6382e-04 | | lr=1.00e-03
Epoch 044 | train_loss=7.1892e-04 | train_eval_loss=7.2130e-04 | val_loss=7.2377e-04 | | lr=1.00e-03
Epoch 045 | train_loss=8.5590e-04 | train_eval_loss=7.1784e-04 | val_loss=7.1970e-04 | | lr=1.00e-03
Epoch 046 | train_loss=7.3355e-04 | train_eval_loss=6.7913e-04 | val_loss=6.8423e-04 | | lr=1.00e-03
Saved best model to results/thesis_model_results/outputs/seed_robustness_shortlist/MTLSH__mse__minmax__seed84/mtlsh_state_dict_best.pt
Epoch 047 | train_loss=7.4601e-04 | train_eval_loss=9.1193e-04 | val_loss=9.1506e-04 | | lr=1.00e-03
Epoch 048 | train_loss=7.3071e-04 | train_eval_loss=7.4021e-04 | val_loss=7.4425e-04 | | lr=1.00e-03
Epoch 049 | train_loss=7.1101e-04 | train_eval_loss=7.3075e-04 | val_loss=7.3703e-04 | | lr=1.00e-03
Epoch 050 | train_loss=7.1799e-04 | train_eval_loss=6.9662e-04 | val_loss=7.0144e-04 | | lr=1.00e-03
Epoch 051 | train_loss=6.7690e-04 | train_eval_loss=6.7293e-04 | val_loss=6.7737e-04 | | lr=1.00e-03
Saved best model to results/thesis_model_results/outputs/seed_robustness_shortlist/MTLSH__mse__minmax__seed84/mtlsh_state_dict_best.pt
Epoch 052 | train_loss=6.8265e-04 | train_eval_loss=6.9937e-04 | val_loss=7.0565e-04 | | lr=1.00e-03
Epoch 053 | train_loss=7.0172e-04 | train_eval_loss=6.7031e-04 | val_loss=6.7102e-04 | | lr=1.00e-03
Saved best model to results/thesis_model_results/outputs/seed_robustness_shortlist/MTLSH__mse__minmax__seed84/mtlsh_state_dict_best.pt
Epoch 054 | train_loss=6.8034e-04 | train_eval_loss=6.2746e-04 | val_loss=6.2873e-04 | | lr=1.00e-03
Saved best model to results/thesis_model_results/outputs/seed_robustness_shortlist/MTLSH__mse__minmax__seed84/mtlsh_state_dict_best.pt
Epoch 055 | train_loss=6.7406e-04 | train_eval_loss=6.6585e-04 | val_loss=6.6979e-04 | | lr=1.00e-03
Epoch 056 | train_loss=6.9112e-04 | train_eval_loss=7.4513e-04 | val_loss=7.5446e-04 | | lr=1.00e-03
Epoch 057 | train_loss=6.7795e-04 | train_eval_loss=6.8335e-04 | val_loss=6.9337e-04 | | lr=1.00e-03
Epoch 058 | train_loss=6.8265e-04 | train_eval_loss=6.0046e-04 | val_loss=6.0594e-04 | | lr=1.00e-03
Saved best model to results/thesis_model_results/outputs/seed_robustness_shortlist/MTLSH__mse__minmax__seed84/mtlsh_state_dict_best.pt
Epoch 059 | train_loss=6.5489e-04 | train_eval_loss=6.9908e-04 | val_loss=7.0947e-04 | | lr=1.00e-03
Epoch 060 | train_loss=6.2307e-04 | train_eval_loss=6.1532e-04 | val_loss=6.2416e-04 | | lr=1.00e-03
Epoch 061 | train_loss=6.5485e-04 | train_eval_loss=6.4681e-04 | val_loss=6.5348e-04 | | lr=1.00e-03
Epoch 062 | train_loss=5.9989e-04 | train_eval_loss=5.8609e-04 | val_loss=5.9110e-04 | | lr=1.00e-03
Saved best model to results/thesis_model_results/outputs/seed_robustness_shortlist/MTLSH__mse__minmax__seed84/mtlsh_state_dict_best.pt
Epoch 063 | train_loss=6.7328e-04 | train_eval_loss=6.9600e-04 | val_loss=7.0911e-04 | | lr=1.00e-03
Epoch 064 | train_loss=6.4056e-04 | train_eval_loss=7.0511e-04 | val_loss=7.1110e-04 | | lr=1.00e-03
Epoch 065 | train_loss=6.4665e-04 | train_eval_loss=6.4427e-04 | val_loss=6.5395e-04 | | lr=1.00e-03
Epoch 066 | train_loss=6.5740e-04 | train_eval_loss=6.6478e-04 | val_loss=6.7263e-04 | | lr=1.00e-03
Epoch 067 | train_loss=6.2421e-04 | train_eval_loss=5.9304e-04 | val_loss=5.9965e-04 | | lr=1.00e-03
Epoch 068 | train_loss=6.1513e-04 | train_eval_loss=5.3619e-04 | val_loss=5.4494e-04 | | lr=1.00e-03
Saved best model to results/thesis_model_results/outputs/seed_robustness_shortlist/MTLSH__mse__minmax__seed84/mtlsh_state_dict_best.pt
Epoch 069 | train_loss=5.8660e-04 | train_eval_loss=5.8972e-04 | val_loss=5.9442e-04 | | lr=1.00e-03
Epoch 070 | train_loss=5.8453e-04 | train_eval_loss=6.7106e-04 | val_loss=6.7793e-04 | | lr=1.00e-03
Epoch 071 | train_loss=5.9918e-04 | train_eval_loss=5.9049e-04 | val_loss=5.9225e-04 | | lr=1.00e-03
Epoch 072 | train_loss=6.0211e-04 | train_eval_loss=5.3419e-04 | val_loss=5.4903e-04 | | lr=1.00e-03
Epoch 073 | train_loss=5.5346e-04 | train_eval_loss=5.6841e-04 | val_loss=5.8424e-04 | | lr=1.00e-03
Epoch 074 | train_loss=6.0495e-04 | train_eval_loss=5.5754e-04 | val_loss=5.7092e-04 | | lr=1.00e-03
Epoch 075 | train_loss=5.6684e-04 | train_eval_loss=5.5984e-04 | val_loss=5.7989e-04 | | lr=1.00e-03
Epoch 076 | train_loss=6.1731e-04 | train_eval_loss=6.8211e-04 | val_loss=6.9989e-04 | | lr=1.00e-03
Epoch 077 | train_loss=5.5800e-04 | train_eval_loss=6.3141e-04 | val_loss=6.4233e-04 | | lr=1.00e-03
Epoch 078 | train_loss=4.9795e-04 | train_eval_loss=4.6869e-04 | val_loss=4.8450e-04 | | lr=5.00e-04
Saved best model to results/thesis_model_results/outputs/seed_robustness_shortlist/MTLSH__mse__minmax__seed84/mtlsh_state_dict_best.pt
Epoch 079 | train_loss=4.7921e-04 | train_eval_loss=4.6579e-04 | val_loss=4.8154e-04 | | lr=5.00e-04
Saved best model to results/thesis_model_results/outputs/seed_robustness_shortlist/MTLSH__mse__minmax__seed84/mtlsh_state_dict_best.pt
Epoch 080 | train_loss=4.7650e-04 | train_eval_loss=4.7350e-04 | val_loss=4.9188e-04 | | lr=5.00e-04
Epoch 081 | train_loss=4.7053e-04 | train_eval_loss=4.7850e-04 | val_loss=4.9541e-04 | | lr=5.00e-04
Epoch 082 | train_loss=4.7415e-04 | train_eval_loss=4.6810e-04 | val_loss=4.8779e-04 | | lr=5.00e-04
Epoch 083 | train_loss=4.7186e-04 | train_eval_loss=5.2467e-04 | val_loss=5.4333e-04 | | lr=5.00e-04
Epoch 084 | train_loss=4.8027e-04 | train_eval_loss=4.6611e-04 | val_loss=4.8235e-04 | | lr=5.00e-04
Epoch 085 | train_loss=4.7932e-04 | train_eval_loss=4.4360e-04 | val_loss=4.6234e-04 | | lr=5.00e-04
Saved best model to results/thesis_model_results/outputs/seed_robustness_shortlist/MTLSH__mse__minmax__seed84/mtlsh_state_dict_best.pt
Epoch 086 | train_loss=4.7545e-04 | train_eval_loss=5.5833e-04 | val_loss=5.7038e-04 | | lr=5.00e-04
Epoch 087 | train_loss=4.8254e-04 | train_eval_loss=4.8824e-04 | val_loss=5.0585e-04 | | lr=5.00e-04
Epoch 088 | train_loss=4.6856e-04 | train_eval_loss=4.6227e-04 | val_loss=4.8220e-04 | | lr=5.00e-04
Epoch 089 | train_loss=4.7529e-04 | train_eval_loss=4.6235e-04 | val_loss=4.8450e-04 | | lr=5.00e-04
Epoch 090 | train_loss=4.6665e-04 | train_eval_loss=4.6251e-04 | val_loss=4.8442e-04 | | lr=5.00e-04
Epoch 091 | train_loss=4.6818e-04 | train_eval_loss=5.3524e-04 | val_loss=5.5254e-04 | | lr=5.00e-04
Epoch 092 | train_loss=4.7843e-04 | train_eval_loss=4.6182e-04 | val_loss=4.8361e-04 | | lr=5.00e-04
Epoch 093 | train_loss=4.9007e-04 | train_eval_loss=4.4224e-04 | val_loss=4.6546e-04 | | lr=5.00e-04
Epoch 094 | train_loss=4.6170e-04 | train_eval_loss=4.5249e-04 | val_loss=4.7406e-04 | | lr=5.00e-04
Epoch 095 | train_loss=4.3317e-04 | train_eval_loss=4.2222e-04 | val_loss=4.4242e-04 | | lr=2.50e-04
Saved best model to results/thesis_model_results/outputs/seed_robustness_shortlist/MTLSH__mse__minmax__seed84/mtlsh_state_dict_best.pt
Epoch 096 | train_loss=4.3528e-04 | train_eval_loss=4.1611e-04 | val_loss=4.3938e-04 | | lr=2.50e-04
Saved best model to results/thesis_model_results/outputs/seed_robustness_shortlist/MTLSH__mse__minmax__seed84/mtlsh_state_dict_best.pt
Epoch 097 | train_loss=4.2244e-04 | train_eval_loss=4.1580e-04 | val_loss=4.3874e-04 | | lr=2.50e-04
Saved best model to results/thesis_model_results/outputs/seed_robustness_shortlist/MTLSH__mse__minmax__seed84/mtlsh_state_dict_best.pt
Epoch 098 | train_loss=4.2600e-04 | train_eval_loss=4.2080e-04 | val_loss=4.4403e-04 | | lr=2.50e-04
Epoch 099 | train_loss=4.3809e-04 | train_eval_loss=4.2057e-04 | val_loss=4.4384e-04 | | lr=2.50e-04
Epoch 100 | train_loss=4.2133e-04 | train_eval_loss=4.2794e-04 | val_loss=4.5486e-04 | | lr=2.50e-04
Epoch 101 | train_loss=4.2281e-04 | train_eval_loss=4.3601e-04 | val_loss=4.5897e-04 | | lr=2.50e-04
Epoch 102 | train_loss=4.2694e-04 | train_eval_loss=4.2176e-04 | val_loss=4.4429e-04 | | lr=2.50e-04
Epoch 103 | train_loss=4.2618e-04 | train_eval_loss=4.2051e-04 | val_loss=4.4589e-04 | | lr=2.50e-04
Epoch 104 | train_loss=4.2191e-04 | train_eval_loss=4.2366e-04 | val_loss=4.5023e-04 | | lr=2.50e-04
Epoch 105 | train_loss=4.1686e-04 | train_eval_loss=4.0357e-04 | val_loss=4.2810e-04 | | lr=2.50e-04
Saved best model to results/thesis_model_results/outputs/seed_robustness_shortlist/MTLSH__mse__minmax__seed84/mtlsh_state_dict_best.pt
Epoch 106 | train_loss=4.1493e-04 | train_eval_loss=4.0072e-04 | val_loss=4.2482e-04 | | lr=2.50e-04
Saved best model to results/thesis_model_results/outputs/seed_robustness_shortlist/MTLSH__mse__minmax__seed84/mtlsh_state_dict_best.pt
Epoch 107 | train_loss=4.1437e-04 | train_eval_loss=4.2866e-04 | val_loss=4.5632e-04 | | lr=2.50e-04
Epoch 108 | train_loss=4.1456e-04 | train_eval_loss=4.2470e-04 | val_loss=4.5120e-04 | | lr=2.50e-04
Epoch 109 | train_loss=4.2121e-04 | train_eval_loss=4.1192e-04 | val_loss=4.4011e-04 | | lr=2.50e-04
Epoch 110 | train_loss=4.0753e-04 | train_eval_loss=3.9972e-04 | val_loss=4.2576e-04 | | lr=2.50e-04
Epoch 111 | train_loss=4.0584e-04 | train_eval_loss=4.0164e-04 | val_loss=4.2980e-04 | | lr=2.50e-04
Epoch 112 | train_loss=4.1294e-04 | train_eval_loss=4.1743e-04 | val_loss=4.4531e-04 | | lr=2.50e-04
Epoch 113 | train_loss=4.0619e-04 | train_eval_loss=4.0568e-04 | val_loss=4.3267e-04 | | lr=2.50e-04
Epoch 114 | train_loss=4.0803e-04 | train_eval_loss=4.0171e-04 | val_loss=4.2826e-04 | | lr=2.50e-04
Epoch 115 | train_loss=4.1339e-04 | train_eval_loss=4.1618e-04 | val_loss=4.4286e-04 | | lr=2.50e-04
Epoch 116 | train_loss=3.9006e-04 | train_eval_loss=3.8697e-04 | val_loss=4.1405e-04 | | lr=1.25e-04
Saved best model to results/thesis_model_results/outputs/seed_robustness_shortlist/MTLSH__mse__minmax__seed84/mtlsh_state_dict_best.pt
Epoch 117 | train_loss=3.8729e-04 | train_eval_loss=3.9208e-04 | val_loss=4.1981e-04 | | lr=1.25e-04
Epoch 118 | train_loss=3.8752e-04 | train_eval_loss=3.9127e-04 | val_loss=4.1575e-04 | | lr=1.25e-04
Epoch 119 | train_loss=3.8909e-04 | train_eval_loss=3.9110e-04 | val_loss=4.2088e-04 | | lr=1.25e-04
Epoch 120 | train_loss=3.8588e-04 | train_eval_loss=3.7843e-04 | val_loss=4.0640e-04 | | lr=1.25e-04
Saved best model to results/thesis_model_results/outputs/seed_robustness_shortlist/MTLSH__mse__minmax__seed84/mtlsh_state_dict_best.pt
Epoch 121 | train_loss=3.8792e-04 | train_eval_loss=3.8406e-04 | val_loss=4.1252e-04 | | lr=1.25e-04
Epoch 122 | train_loss=3.8429e-04 | train_eval_loss=3.8535e-04 | val_loss=4.1390e-04 | | lr=1.25e-04
Epoch 123 | train_loss=3.8485e-04 | train_eval_loss=3.7740e-04 | val_loss=4.0486e-04 | | lr=1.25e-04
Saved best model to results/thesis_model_results/outputs/seed_robustness_shortlist/MTLSH__mse__minmax__seed84/mtlsh_state_dict_best.pt
Epoch 124 | train_loss=3.8067e-04 | train_eval_loss=3.8010e-04 | val_loss=4.1062e-04 | | lr=1.25e-04
Epoch 125 | train_loss=3.8545e-04 | train_eval_loss=3.7719e-04 | val_loss=4.0482e-04 | | lr=1.25e-04
Saved best model to results/thesis_model_results/outputs/seed_robustness_shortlist/MTLSH__mse__minmax__seed84/mtlsh_state_dict_best.pt
Epoch 126 | train_loss=3.8423e-04 | train_eval_loss=3.8586e-04 | val_loss=4.1360e-04 | | lr=1.25e-04
Epoch 127 | train_loss=3.8549e-04 | train_eval_loss=3.8457e-04 | val_loss=4.1190e-04 | | lr=1.25e-04
Epoch 128 | train_loss=3.7929e-04 | train_eval_loss=3.7448e-04 | val_loss=4.0490e-04 | | lr=1.25e-04
Epoch 129 | train_loss=3.8188e-04 | train_eval_loss=3.8992e-04 | val_loss=4.2130e-04 | | lr=1.25e-04
Epoch 130 | train_loss=3.8376e-04 | train_eval_loss=3.7048e-04 | val_loss=4.0142e-04 | | lr=1.25e-04
Saved best model to results/thesis_model_results/outputs/seed_robustness_shortlist/MTLSH__mse__minmax__seed84/mtlsh_state_dict_best.pt
Epoch 131 | train_loss=3.7641e-04 | train_eval_loss=3.9031e-04 | val_loss=4.2320e-04 | | lr=1.25e-04
Epoch 132 | train_loss=3.8326e-04 | train_eval_loss=3.8433e-04 | val_loss=4.1371e-04 | | lr=1.25e-04
Epoch 133 | train_loss=3.7536e-04 | train_eval_loss=3.7693e-04 | val_loss=4.0754e-04 | | lr=1.25e-04
Epoch 134 | train_loss=3.7541e-04 | train_eval_loss=3.6992e-04 | val_loss=4.0062e-04 | | lr=1.25e-04
Saved best model to results/thesis_model_results/outputs/seed_robustness_shortlist/MTLSH__mse__minmax__seed84/mtlsh_state_dict_best.pt
Epoch 135 | train_loss=3.7436e-04 | train_eval_loss=3.7332e-04 | val_loss=4.0391e-04 | | lr=1.25e-04
Epoch 136 | train_loss=3.7507e-04 | train_eval_loss=3.8339e-04 | val_loss=4.1613e-04 | | lr=1.25e-04
Epoch 137 | train_loss=3.8063e-04 | train_eval_loss=3.7278e-04 | val_loss=4.0270e-04 | | lr=1.25e-04
Epoch 138 | train_loss=3.7334e-04 | train_eval_loss=3.6841e-04 | val_loss=3.9981e-04 | | lr=1.25e-04
Saved best model to results/thesis_model_results/outputs/seed_robustness_shortlist/MTLSH__mse__minmax__seed84/mtlsh_state_dict_best.pt
Epoch 139 | train_loss=3.7246e-04 | train_eval_loss=3.7855e-04 | val_loss=4.1136e-04 | | lr=1.25e-04
Epoch 140 | train_loss=3.7440e-04 | train_eval_loss=3.7603e-04 | val_loss=4.0682e-04 | | lr=1.25e-04
Epoch 141 | train_loss=3.7294e-04 | train_eval_loss=3.6692e-04 | val_loss=3.9892e-04 | | lr=1.25e-04
Saved best model to results/thesis_model_results/outputs/seed_robustness_shortlist/MTLSH__mse__minmax__seed84/mtlsh_state_dict_best.pt
Epoch 142 | train_loss=3.7900e-04 | train_eval_loss=3.7269e-04 | val_loss=4.0306e-04 | | lr=1.25e-04
Epoch 143 | train_loss=3.7167e-04 | train_eval_loss=3.8089e-04 | val_loss=4.1187e-04 | | lr=1.25e-04
Epoch 144 | train_loss=3.7193e-04 | train_eval_loss=3.8873e-04 | val_loss=4.1894e-04 | | lr=1.25e-04
Epoch 145 | train_loss=3.7080e-04 | train_eval_loss=3.5703e-04 | val_loss=3.8811e-04 | | lr=1.25e-04
Saved best model to results/thesis_model_results/outputs/seed_robustness_shortlist/MTLSH__mse__minmax__seed84/mtlsh_state_dict_best.pt
Epoch 146 | train_loss=3.6689e-04 | train_eval_loss=3.6254e-04 | val_loss=3.9560e-04 | | lr=1.25e-04
Epoch 147 | train_loss=3.6555e-04 | train_eval_loss=3.7180e-04 | val_loss=4.0415e-04 | | lr=1.25e-04
Epoch 148 | train_loss=3.6529e-04 | train_eval_loss=3.5801e-04 | val_loss=3.8875e-04 | | lr=1.25e-04
Epoch 149 | train_loss=3.7041e-04 | train_eval_loss=3.6295e-04 | val_loss=3.9523e-04 | | lr=1.25e-04
Epoch 150 | train_loss=3.6950e-04 | train_eval_loss=3.6556e-04 | val_loss=3.9675e-04 | | lr=1.25e-04
Epoch 151 | train_loss=3.6499e-04 | train_eval_loss=3.5954e-04 | val_loss=3.9370e-04 | | lr=1.25e-04
Epoch 152 | train_loss=3.6416e-04 | train_eval_loss=3.5685e-04 | val_loss=3.8941e-04 | | lr=1.25e-04
Epoch 153 | train_loss=3.6744e-04 | train_eval_loss=3.6344e-04 | val_loss=3.9761e-04 | | lr=1.25e-04
Epoch 154 | train_loss=3.6427e-04 | train_eval_loss=3.7477e-04 | val_loss=4.0734e-04 | | lr=1.25e-04
Epoch 155 | train_loss=3.5510e-04 | train_eval_loss=3.4595e-04 | val_loss=3.8001e-04 | | lr=6.25e-05
Saved best model to results/thesis_model_results/outputs/seed_robustness_shortlist/MTLSH__mse__minmax__seed84/mtlsh_state_dict_best.pt
Epoch 156 | train_loss=3.4948e-04 | train_eval_loss=3.4593e-04 | val_loss=3.8058e-04 | | lr=6.25e-05
Epoch 157 | train_loss=3.5040e-04 | train_eval_loss=3.4534e-04 | val_loss=3.7926e-04 | | lr=6.25e-05
Saved best model to results/thesis_model_results/outputs/seed_robustness_shortlist/MTLSH__mse__minmax__seed84/mtlsh_state_dict_best.pt
Epoch 158 | train_loss=3.4944e-04 | train_eval_loss=3.4381e-04 | val_loss=3.7821e-04 | | lr=6.25e-05
Saved best model to results/thesis_model_results/outputs/seed_robustness_shortlist/MTLSH__mse__minmax__seed84/mtlsh_state_dict_best.pt
Epoch 159 | train_loss=3.4964e-04 | train_eval_loss=3.4955e-04 | val_loss=3.8365e-04 | | lr=6.25e-05
Epoch 160 | train_loss=3.4991e-04 | train_eval_loss=3.5928e-04 | val_loss=3.9367e-04 | | lr=6.25e-05
Epoch 161 | train_loss=3.5079e-04 | train_eval_loss=3.4887e-04 | val_loss=3.8387e-04 | | lr=6.25e-05
Epoch 162 | train_loss=3.4835e-04 | train_eval_loss=3.4572e-04 | val_loss=3.7989e-04 | | lr=6.25e-05
Epoch 163 | train_loss=3.4943e-04 | train_eval_loss=3.4711e-04 | val_loss=3.8183e-04 | | lr=6.25e-05
Epoch 164 | train_loss=3.4971e-04 | train_eval_loss=3.4379e-04 | val_loss=3.7884e-04 | | lr=6.25e-05
Epoch 165 | train_loss=3.4837e-04 | train_eval_loss=3.4455e-04 | val_loss=3.7994e-04 | | lr=6.25e-05
Epoch 166 | train_loss=3.4794e-04 | train_eval_loss=3.4562e-04 | val_loss=3.8162e-04 | | lr=6.25e-05
Epoch 167 | train_loss=3.4912e-04 | train_eval_loss=3.4473e-04 | val_loss=3.7979e-04 | | lr=6.25e-05
Epoch 168 | train_loss=3.4146e-04 | train_eval_loss=3.3848e-04 | val_loss=3.7439e-04 | | lr=3.13e-05
Saved best model to results/thesis_model_results/outputs/seed_robustness_shortlist/MTLSH__mse__minmax__seed84/mtlsh_state_dict_best.pt
Epoch 169 | train_loss=3.4182e-04 | train_eval_loss=3.3884e-04 | val_loss=3.7460e-04 | | lr=3.13e-05
Epoch 170 | train_loss=3.4227e-04 | train_eval_loss=3.4096e-04 | val_loss=3.7667e-04 | | lr=3.13e-05
Epoch 171 | train_loss=3.4304e-04 | train_eval_loss=3.3853e-04 | val_loss=3.7365e-04 | | lr=3.13e-05
Saved best model to results/thesis_model_results/outputs/seed_robustness_shortlist/MTLSH__mse__minmax__seed84/mtlsh_state_dict_best.pt
Epoch 172 | train_loss=3.4059e-04 | train_eval_loss=3.4730e-04 | val_loss=3.8283e-04 | | lr=3.13e-05
Epoch 173 | train_loss=3.4255e-04 | train_eval_loss=3.3869e-04 | val_loss=3.7516e-04 | | lr=3.13e-05
Epoch 174 | train_loss=3.4017e-04 | train_eval_loss=3.3697e-04 | val_loss=3.7255e-04 | | lr=3.13e-05
Saved best model to results/thesis_model_results/outputs/seed_robustness_shortlist/MTLSH__mse__minmax__seed84/mtlsh_state_dict_best.pt
Epoch 175 | train_loss=3.3917e-04 | train_eval_loss=3.3665e-04 | val_loss=3.7303e-04 | | lr=3.13e-05
Epoch 176 | train_loss=3.3995e-04 | train_eval_loss=3.3629e-04 | val_loss=3.7305e-04 | | lr=3.13e-05
Epoch 177 | train_loss=3.3894e-04 | train_eval_loss=3.3912e-04 | val_loss=3.7621e-04 | | lr=3.13e-05
Epoch 178 | train_loss=3.3985e-04 | train_eval_loss=3.3737e-04 | val_loss=3.7323e-04 | | lr=3.13e-05
Epoch 179 | train_loss=3.3921e-04 | train_eval_loss=3.3744e-04 | val_loss=3.7362e-04 | | lr=3.13e-05
Epoch 180 | train_loss=3.3947e-04 | train_eval_loss=3.3684e-04 | val_loss=3.7267e-04 | | lr=3.13e-05
Epoch 181 | train_loss=3.3993e-04 | train_eval_loss=3.3828e-04 | val_loss=3.7561e-04 | | lr=3.13e-05
Epoch 182 | train_loss=3.3847e-04 | train_eval_loss=3.3694e-04 | val_loss=3.7312e-04 | | lr=3.13e-05
Epoch 183 | train_loss=3.3881e-04 | train_eval_loss=3.3700e-04 | val_loss=3.7247e-04 | | lr=3.13e-05
Saved best model to results/thesis_model_results/outputs/seed_robustness_shortlist/MTLSH__mse__minmax__seed84/mtlsh_state_dict_best.pt
Epoch 184 | train_loss=3.3885e-04 | train_eval_loss=3.3681e-04 | val_loss=3.7237e-04 | | lr=3.13e-05
Saved best model to results/thesis_model_results/outputs/seed_robustness_shortlist/MTLSH__mse__minmax__seed84/mtlsh_state_dict_best.pt
Epoch 185 | train_loss=3.3851e-04 | train_eval_loss=3.3736e-04 | val_loss=3.7276e-04 | | lr=3.13e-05
Epoch 186 | train_loss=3.3778e-04 | train_eval_loss=3.3526e-04 | val_loss=3.7166e-04 | | lr=3.13e-05
Saved best model to results/thesis_model_results/outputs/seed_robustness_shortlist/MTLSH__mse__minmax__seed84/mtlsh_state_dict_best.pt
Epoch 187 | train_loss=3.3717e-04 | train_eval_loss=3.3485e-04 | val_loss=3.7153e-04 | | lr=3.13e-05
Saved best model to results/thesis_model_results/outputs/seed_robustness_shortlist/MTLSH__mse__minmax__seed84/mtlsh_state_dict_best.pt
Epoch 188 | train_loss=3.3753e-04 | train_eval_loss=3.3416e-04 | val_loss=3.7173e-04 | | lr=3.13e-05
Epoch 189 | train_loss=3.3613e-04 | train_eval_loss=3.4305e-04 | val_loss=3.8033e-04 | | lr=3.13e-05
Epoch 190 | train_loss=3.3826e-04 | train_eval_loss=3.3927e-04 | val_loss=3.7627e-04 | | lr=3.13e-05
Epoch 191 | train_loss=3.3715e-04 | train_eval_loss=3.4007e-04 | val_loss=3.7504e-04 | | lr=3.13e-05
Epoch 192 | train_loss=3.3659e-04 | train_eval_loss=3.3560e-04 | val_loss=3.7302e-04 | | lr=3.13e-05
Epoch 193 | train_loss=3.3750e-04 | train_eval_loss=3.3248e-04 | val_loss=3.7003e-04 | | lr=3.13e-05
Saved best model to results/thesis_model_results/outputs/seed_robustness_shortlist/MTLSH__mse__minmax__seed84/mtlsh_state_dict_best.pt
Epoch 194 | train_loss=3.3558e-04 | train_eval_loss=3.3299e-04 | val_loss=3.7001e-04 | | lr=3.13e-05
Saved best model to results/thesis_model_results/outputs/seed_robustness_shortlist/MTLSH__mse__minmax__seed84/mtlsh_state_dict_best.pt
Epoch 195 | train_loss=3.3547e-04 | train_eval_loss=3.3345e-04 | val_loss=3.6972e-04 | | lr=3.13e-05
Saved best model to results/thesis_model_results/outputs/seed_robustness_shortlist/MTLSH__mse__minmax__seed84/mtlsh_state_dict_best.pt
Epoch 196 | train_loss=3.3471e-04 | train_eval_loss=3.3793e-04 | val_loss=3.7401e-04 | | lr=3.13e-05
Epoch 197 | train_loss=3.3820e-04 | train_eval_loss=3.3410e-04 | val_loss=3.7125e-04 | | lr=3.13e-05
Epoch 198 | train_loss=3.3505e-04 | train_eval_loss=3.3950e-04 | val_loss=3.7547e-04 | | lr=3.13e-05
Epoch 199 | train_loss=3.3518e-04 | train_eval_loss=3.4315e-04 | val_loss=3.7667e-04 | | lr=3.13e-05
Epoch 200 | train_loss=3.3753e-04 | train_eval_loss=3.3860e-04 | val_loss=3.7471e-04 | | lr=3.13e-05
Saved training logs to results/thesis_model_results/outputs/seed_robustness_shortlist/MTLSH__mse__minmax__seed84/training_summary.txt
Test RMSE(rocof_COI) = 0.0133 | norm: 0.0101 | real_diff: 0.0089
Test RMSE(dev_COI) = 0.0222 | norm: 0.0082 | real_diff: 0.0123
Test RMSE(Delta_P_IBR_1) = 0.1177 | norm: 0.0186 | real_diff: 0.0774
Test RMSE(Delta_P_IBR_2) = 0.1076 | norm: 0.0150 | real_diff: 0.0610
Test RMSE(Delta_P_IBR_3) = 0.1814 | norm: 0.0318 | real_diff: 0.0994
Test RMSE(Delta_P_IBR_4) = 0.1935 | norm: 0.0200 | real_diff: 0.1219
Saved RMSE results to results/thesis_model_results/outputs/seed_robustness_shortlist/MTLSH__mse__minmax__seed84/rmse_results.txt
Saved detailed metrics to results/thesis_model_results/outputs/seed_robustness_shortlist/MTLSH__mse__minmax__seed84/metrics_by_target.csv
Saved aggregate metrics to results/thesis_model_results/outputs/seed_robustness_shortlist/MTLSH__mse__minmax__seed84/metrics_summary.json
Saved loss curves to results/thesis_model_results/outputs/seed_robustness_shortlist/MTLSH__mse__minmax__seed84/loss_curve.png
Saved scatter plot results/thesis_model_results/outputs/seed_robustness_shortlist/MTLSH__mse__minmax__seed84/scatter_rocof_COI.png
Saved scatter plot results/thesis_model_results/outputs/seed_robustness_shortlist/MTLSH__mse__minmax__seed84/scatter_dev_COI.png
Saved scatter plot results/thesis_model_results/outputs/seed_robustness_shortlist/MTLSH__mse__minmax__seed84/scatter_Delta_P_IBR_1.png
Saved scatter plot results/thesis_model_results/outputs/seed_robustness_shortlist/MTLSH__mse__minmax__seed84/scatter_Delta_P_IBR_2.png
Saved scatter plot results/thesis_model_results/outputs/seed_robustness_shortlist/MTLSH__mse__minmax__seed84/scatter_Delta_P_IBR_3.png
Saved scatter plot results/thesis_model_results/outputs/seed_robustness_shortlist/MTLSH__mse__minmax__seed84/scatter_Delta_P_IBR_4.png
Saved model to results/thesis_model_results/outputs/seed_robustness_shortlist/MTLSH__mse__minmax__seed84/mtlsh_state_dict.pt
Loss type: mse | weights=[]
Target stats (scaled):
train mean=[0.549  0.589  0.492  0.4884 0.4785 0.4192]
train std=[0.1365 0.1371 0.1141 0.1063 0.1158 0.1138]
train q05=[0.3074 0.3979 0.3192 0.303  0.3347 0.2205]
train q95=[0.7933 0.8652 0.6719 0.6491 0.6927 0.6016]
val mean=[0.5473 0.5873 0.4922 0.4893 0.4798 0.4201]
val std=[0.1343 0.1348 0.1123 0.1072 0.1141 0.1112]
val q05=[0.3103 0.3982 0.3195 0.303  0.3376 0.2251]
val q95=[0.7886 0.8626 0.6731 0.6514 0.6918 0.5984]
val/train std ratio=[0.984  0.9828 0.9844 1.0084 0.9848 0.9772]
LR scheduler: ReduceLROnPlateau (factor=0.5, patience=8, min_lr=1e-07)
Epoch 001 | train_loss=3.2819e-02 | train_eval_loss=1.4165e-02 | val_loss=1.3770e-02 | | lr=1.00e-03
Saved best model to results/thesis_model_results/outputs/seed_robustness_shortlist/MTLSH__mse__minmax__seed126/mtlsh_state_dict_best.pt
Epoch 002 | train_loss=1.1002e-02 | train_eval_loss=4.4484e-03 | val_loss=4.3571e-03 | | lr=1.00e-03
Saved best model to results/thesis_model_results/outputs/seed_robustness_shortlist/MTLSH__mse__minmax__seed126/mtlsh_state_dict_best.pt
Epoch 003 | train_loss=3.7571e-03 | train_eval_loss=3.5423e-03 | val_loss=3.4902e-03 | | lr=1.00e-03
Saved best model to results/thesis_model_results/outputs/seed_robustness_shortlist/MTLSH__mse__minmax__seed126/mtlsh_state_dict_best.pt
Epoch 004 | train_loss=3.2449e-03 | train_eval_loss=2.9905e-03 | val_loss=2.9390e-03 | | lr=1.00e-03
Saved best model to results/thesis_model_results/outputs/seed_robustness_shortlist/MTLSH__mse__minmax__seed126/mtlsh_state_dict_best.pt
Epoch 005 | train_loss=2.7295e-03 | train_eval_loss=2.6260e-03 | val_loss=2.5805e-03 | | lr=1.00e-03
Saved best model to results/thesis_model_results/outputs/seed_robustness_shortlist/MTLSH__mse__minmax__seed126/mtlsh_state_dict_best.pt
Epoch 006 | train_loss=2.4102e-03 | train_eval_loss=2.2185e-03 | val_loss=2.1804e-03 | | lr=1.00e-03
Saved best model to results/thesis_model_results/outputs/seed_robustness_shortlist/MTLSH__mse__minmax__seed126/mtlsh_state_dict_best.pt
Epoch 007 | train_loss=2.0304e-03 | train_eval_loss=2.0733e-03 | val_loss=2.0392e-03 | | lr=1.00e-03
Saved best model to results/thesis_model_results/outputs/seed_robustness_shortlist/MTLSH__mse__minmax__seed126/mtlsh_state_dict_best.pt
Epoch 008 | train_loss=1.8705e-03 | train_eval_loss=1.9003e-03 | val_loss=1.8642e-03 | | lr=1.00e-03
Saved best model to results/thesis_model_results/outputs/seed_robustness_shortlist/MTLSH__mse__minmax__seed126/mtlsh_state_dict_best.pt
Epoch 009 | train_loss=1.7751e-03 | train_eval_loss=1.7303e-03 | val_loss=1.6991e-03 | | lr=1.00e-03
Saved best model to results/thesis_model_results/outputs/seed_robustness_shortlist/MTLSH__mse__minmax__seed126/mtlsh_state_dict_best.pt
Epoch 010 | train_loss=1.7506e-03 | train_eval_loss=1.5969e-03 | val_loss=1.5677e-03 | | lr=1.00e-03
Saved best model to results/thesis_model_results/outputs/seed_robustness_shortlist/MTLSH__mse__minmax__seed126/mtlsh_state_dict_best.pt
Epoch 011 | train_loss=1.6177e-03 | train_eval_loss=1.5606e-03 | val_loss=1.5401e-03 | | lr=1.00e-03
Saved best model to results/thesis_model_results/outputs/seed_robustness_shortlist/MTLSH__mse__minmax__seed126/mtlsh_state_dict_best.pt
Epoch 012 | train_loss=1.5910e-03 | train_eval_loss=1.5039e-03 | val_loss=1.4776e-03 | | lr=1.00e-03
Saved best model to results/thesis_model_results/outputs/seed_robustness_shortlist/MTLSH__mse__minmax__seed126/mtlsh_state_dict_best.pt
Epoch 013 | train_loss=1.5754e-03 | train_eval_loss=1.5056e-03 | val_loss=1.4771e-03 | | lr=1.00e-03
Saved best model to results/thesis_model_results/outputs/seed_robustness_shortlist/MTLSH__mse__minmax__seed126/mtlsh_state_dict_best.pt
Epoch 014 | train_loss=1.4780e-03 | train_eval_loss=1.4214e-03 | val_loss=1.4006e-03 | | lr=1.00e-03
Saved best model to results/thesis_model_results/outputs/seed_robustness_shortlist/MTLSH__mse__minmax__seed126/mtlsh_state_dict_best.pt
Epoch 015 | train_loss=1.4941e-03 | train_eval_loss=1.4179e-03 | val_loss=1.3949e-03 | | lr=1.00e-03
Saved best model to results/thesis_model_results/outputs/seed_robustness_shortlist/MTLSH__mse__minmax__seed126/mtlsh_state_dict_best.pt
Epoch 016 | train_loss=1.4151e-03 | train_eval_loss=1.5946e-03 | val_loss=1.5780e-03 | | lr=1.00e-03
Epoch 017 | train_loss=1.4446e-03 | train_eval_loss=1.3459e-03 | val_loss=1.3340e-03 | | lr=1.00e-03
Saved best model to results/thesis_model_results/outputs/seed_robustness_shortlist/MTLSH__mse__minmax__seed126/mtlsh_state_dict_best.pt
Epoch 018 | train_loss=1.4031e-03 | train_eval_loss=1.3214e-03 | val_loss=1.3021e-03 | | lr=1.00e-03
Saved best model to results/thesis_model_results/outputs/seed_robustness_shortlist/MTLSH__mse__minmax__seed126/mtlsh_state_dict_best.pt
Epoch 019 | train_loss=1.2840e-03 | train_eval_loss=1.2306e-03 | val_loss=1.2199e-03 | | lr=1.00e-03
Saved best model to results/thesis_model_results/outputs/seed_robustness_shortlist/MTLSH__mse__minmax__seed126/mtlsh_state_dict_best.pt
Epoch 020 | train_loss=1.2814e-03 | train_eval_loss=1.2713e-03 | val_loss=1.2593e-03 | | lr=1.00e-03
Epoch 021 | train_loss=1.2247e-03 | train_eval_loss=1.2056e-03 | val_loss=1.1969e-03 | | lr=1.00e-03
Saved best model to results/thesis_model_results/outputs/seed_robustness_shortlist/MTLSH__mse__minmax__seed126/mtlsh_state_dict_best.pt
Epoch 022 | train_loss=1.2482e-03 | train_eval_loss=1.1506e-03 | val_loss=1.1399e-03 | | lr=1.00e-03
Saved best model to results/thesis_model_results/outputs/seed_robustness_shortlist/MTLSH__mse__minmax__seed126/mtlsh_state_dict_best.pt
Epoch 023 | train_loss=1.1839e-03 | train_eval_loss=1.1306e-03 | val_loss=1.1213e-03 | | lr=1.00e-03
Saved best model to results/thesis_model_results/outputs/seed_robustness_shortlist/MTLSH__mse__minmax__seed126/mtlsh_state_dict_best.pt
Epoch 024 | train_loss=1.1829e-03 | train_eval_loss=1.2857e-03 | val_loss=1.2868e-03 | | lr=1.00e-03
Epoch 025 | train_loss=1.1633e-03 | train_eval_loss=1.1195e-03 | val_loss=1.1088e-03 | | lr=1.00e-03
Saved best model to results/thesis_model_results/outputs/seed_robustness_shortlist/MTLSH__mse__minmax__seed126/mtlsh_state_dict_best.pt
Epoch 026 | train_loss=1.0901e-03 | train_eval_loss=1.0864e-03 | val_loss=1.0883e-03 | | lr=1.00e-03
Saved best model to results/thesis_model_results/outputs/seed_robustness_shortlist/MTLSH__mse__minmax__seed126/mtlsh_state_dict_best.pt
Epoch 027 | train_loss=1.1322e-03 | train_eval_loss=1.0128e-03 | val_loss=1.0065e-03 | | lr=1.00e-03
Saved best model to results/thesis_model_results/outputs/seed_robustness_shortlist/MTLSH__mse__minmax__seed126/mtlsh_state_dict_best.pt
Epoch 028 | train_loss=1.0323e-03 | train_eval_loss=1.0574e-03 | val_loss=1.0536e-03 | | lr=1.00e-03
Epoch 029 | train_loss=1.0278e-03 | train_eval_loss=9.7195e-04 | val_loss=9.6407e-04 | | lr=1.00e-03
Saved best model to results/thesis_model_results/outputs/seed_robustness_shortlist/MTLSH__mse__minmax__seed126/mtlsh_state_dict_best.pt
Epoch 030 | train_loss=1.0021e-03 | train_eval_loss=1.1170e-03 | val_loss=1.1177e-03 | | lr=1.00e-03
Epoch 031 | train_loss=9.8717e-04 | train_eval_loss=1.0198e-03 | val_loss=1.0210e-03 | | lr=1.00e-03
Epoch 032 | train_loss=9.7508e-04 | train_eval_loss=9.1819e-04 | val_loss=9.0826e-04 | | lr=1.00e-03
Saved best model to results/thesis_model_results/outputs/seed_robustness_shortlist/MTLSH__mse__minmax__seed126/mtlsh_state_dict_best.pt
Epoch 033 | train_loss=9.3553e-04 | train_eval_loss=9.3417e-04 | val_loss=9.2989e-04 | | lr=1.00e-03
Epoch 034 | train_loss=9.2077e-04 | train_eval_loss=1.1242e-03 | val_loss=1.1278e-03 | | lr=1.00e-03
Epoch 035 | train_loss=9.1940e-04 | train_eval_loss=8.7233e-04 | val_loss=8.7132e-04 | | lr=1.00e-03
Saved best model to results/thesis_model_results/outputs/seed_robustness_shortlist/MTLSH__mse__minmax__seed126/mtlsh_state_dict_best.pt
Epoch 036 | train_loss=8.7396e-04 | train_eval_loss=8.3776e-04 | val_loss=8.3620e-04 | | lr=1.00e-03
Saved best model to results/thesis_model_results/outputs/seed_robustness_shortlist/MTLSH__mse__minmax__seed126/mtlsh_state_dict_best.pt
Epoch 037 | train_loss=8.5362e-04 | train_eval_loss=8.5914e-04 | val_loss=8.5005e-04 | | lr=1.00e-03
Epoch 038 | train_loss=8.5462e-04 | train_eval_loss=7.9980e-04 | val_loss=7.9173e-04 | | lr=1.00e-03
Saved best model to results/thesis_model_results/outputs/seed_robustness_shortlist/MTLSH__mse__minmax__seed126/mtlsh_state_dict_best.pt
Epoch 039 | train_loss=8.1984e-04 | train_eval_loss=8.3745e-04 | val_loss=8.3635e-04 | | lr=1.00e-03
Epoch 040 | train_loss=7.7674e-04 | train_eval_loss=7.3832e-04 | val_loss=7.3629e-04 | | lr=1.00e-03
Saved best model to results/thesis_model_results/outputs/seed_robustness_shortlist/MTLSH__mse__minmax__seed126/mtlsh_state_dict_best.pt
Epoch 041 | train_loss=7.9444e-04 | train_eval_loss=6.9206e-04 | val_loss=6.9048e-04 | | lr=1.00e-03
Saved best model to results/thesis_model_results/outputs/seed_robustness_shortlist/MTLSH__mse__minmax__seed126/mtlsh_state_dict_best.pt
Epoch 042 | train_loss=7.5321e-04 | train_eval_loss=8.2412e-04 | val_loss=8.2390e-04 | | lr=1.00e-03
Epoch 043 | train_loss=8.3019e-04 | train_eval_loss=8.5574e-04 | val_loss=8.5404e-04 | | lr=1.00e-03
Epoch 044 | train_loss=8.1496e-04 | train_eval_loss=7.8644e-04 | val_loss=7.8176e-04 | | lr=1.00e-03
Epoch 045 | train_loss=7.6516e-04 | train_eval_loss=7.5915e-04 | val_loss=7.6111e-04 | | lr=1.00e-03
Epoch 046 | train_loss=7.4697e-04 | train_eval_loss=7.1121e-04 | val_loss=7.1358e-04 | | lr=1.00e-03
Epoch 047 | train_loss=7.0791e-04 | train_eval_loss=8.4392e-04 | val_loss=8.4753e-04 | | lr=1.00e-03
Epoch 048 | train_loss=7.2720e-04 | train_eval_loss=6.6206e-04 | val_loss=6.6801e-04 | | lr=1.00e-03
Saved best model to results/thesis_model_results/outputs/seed_robustness_shortlist/MTLSH__mse__minmax__seed126/mtlsh_state_dict_best.pt
Epoch 049 | train_loss=7.3415e-04 | train_eval_loss=7.0010e-04 | val_loss=7.0706e-04 | | lr=1.00e-03
Epoch 050 | train_loss=7.1469e-04 | train_eval_loss=7.9758e-04 | val_loss=7.9266e-04 | | lr=1.00e-03
Epoch 051 | train_loss=7.4417e-04 | train_eval_loss=7.6576e-04 | val_loss=7.6416e-04 | | lr=1.00e-03
Epoch 052 | train_loss=6.9273e-04 | train_eval_loss=6.3269e-04 | val_loss=6.3501e-04 | | lr=1.00e-03
Saved best model to results/thesis_model_results/outputs/seed_robustness_shortlist/MTLSH__mse__minmax__seed126/mtlsh_state_dict_best.pt
Epoch 053 | train_loss=6.5387e-04 | train_eval_loss=7.3242e-04 | val_loss=7.3943e-04 | | lr=1.00e-03
Epoch 054 | train_loss=6.9683e-04 | train_eval_loss=7.2018e-04 | val_loss=7.3090e-04 | | lr=1.00e-03
Epoch 055 | train_loss=6.6800e-04 | train_eval_loss=6.6914e-04 | val_loss=6.6763e-04 | | lr=1.00e-03
Epoch 056 | train_loss=7.0171e-04 | train_eval_loss=6.5137e-04 | val_loss=6.6886e-04 | | lr=1.00e-03
Epoch 057 | train_loss=6.6077e-04 | train_eval_loss=7.1905e-04 | val_loss=7.3022e-04 | | lr=1.00e-03
Epoch 058 | train_loss=6.9216e-04 | train_eval_loss=6.2768e-04 | val_loss=6.3796e-04 | | lr=1.00e-03
Epoch 059 | train_loss=7.0301e-04 | train_eval_loss=8.6297e-04 | val_loss=8.7373e-04 | | lr=1.00e-03
Epoch 060 | train_loss=6.4739e-04 | train_eval_loss=7.2962e-04 | val_loss=7.3503e-04 | | lr=1.00e-03
Epoch 061 | train_loss=7.0436e-04 | train_eval_loss=6.5885e-04 | val_loss=6.6707e-04 | | lr=1.00e-03
Epoch 062 | train_loss=5.6521e-04 | train_eval_loss=5.5476e-04 | val_loss=5.6038e-04 | | lr=5.00e-04
Saved best model to results/thesis_model_results/outputs/seed_robustness_shortlist/MTLSH__mse__minmax__seed126/mtlsh_state_dict_best.pt
Epoch 063 | train_loss=5.6956e-04 | train_eval_loss=6.0282e-04 | val_loss=6.1715e-04 | | lr=5.00e-04
Epoch 064 | train_loss=5.5887e-04 | train_eval_loss=5.4999e-04 | val_loss=5.6715e-04 | | lr=5.00e-04
Epoch 065 | train_loss=5.6095e-04 | train_eval_loss=6.0834e-04 | val_loss=6.1891e-04 | | lr=5.00e-04
Epoch 066 | train_loss=5.5798e-04 | train_eval_loss=5.6850e-04 | val_loss=5.8439e-04 | | lr=5.00e-04
Epoch 067 | train_loss=5.5517e-04 | train_eval_loss=5.6673e-04 | val_loss=5.7607e-04 | | lr=5.00e-04
Epoch 068 | train_loss=5.5179e-04 | train_eval_loss=5.5756e-04 | val_loss=5.7012e-04 | | lr=5.00e-04
Epoch 069 | train_loss=5.4931e-04 | train_eval_loss=5.3860e-04 | val_loss=5.5344e-04 | | lr=5.00e-04
Saved best model to results/thesis_model_results/outputs/seed_robustness_shortlist/MTLSH__mse__minmax__seed126/mtlsh_state_dict_best.pt
Epoch 070 | train_loss=5.4810e-04 | train_eval_loss=5.4459e-04 | val_loss=5.5784e-04 | | lr=5.00e-04
Epoch 071 | train_loss=5.5418e-04 | train_eval_loss=5.6780e-04 | val_loss=5.7843e-04 | | lr=5.00e-04
Epoch 072 | train_loss=5.6036e-04 | train_eval_loss=5.5205e-04 | val_loss=5.6873e-04 | | lr=5.00e-04
Epoch 073 | train_loss=5.3498e-04 | train_eval_loss=5.3258e-04 | val_loss=5.4516e-04 | | lr=5.00e-04
Saved best model to results/thesis_model_results/outputs/seed_robustness_shortlist/MTLSH__mse__minmax__seed126/mtlsh_state_dict_best.pt
Epoch 074 | train_loss=5.4185e-04 | train_eval_loss=5.7125e-04 | val_loss=5.8817e-04 | | lr=5.00e-04
Epoch 075 | train_loss=5.4422e-04 | train_eval_loss=5.2367e-04 | val_loss=5.3713e-04 | | lr=5.00e-04
Saved best model to results/thesis_model_results/outputs/seed_robustness_shortlist/MTLSH__mse__minmax__seed126/mtlsh_state_dict_best.pt
Epoch 076 | train_loss=5.3781e-04 | train_eval_loss=5.7703e-04 | val_loss=5.9471e-04 | | lr=5.00e-04
Epoch 077 | train_loss=5.4338e-04 | train_eval_loss=6.5450e-04 | val_loss=6.7313e-04 | | lr=5.00e-04
Epoch 078 | train_loss=5.3975e-04 | train_eval_loss=5.1089e-04 | val_loss=5.2701e-04 | | lr=5.00e-04
Saved best model to results/thesis_model_results/outputs/seed_robustness_shortlist/MTLSH__mse__minmax__seed126/mtlsh_state_dict_best.pt
Epoch 079 | train_loss=5.4299e-04 | train_eval_loss=5.1121e-04 | val_loss=5.2851e-04 | | lr=5.00e-04
Epoch 080 | train_loss=5.3477e-04 | train_eval_loss=5.1660e-04 | val_loss=5.2901e-04 | | lr=5.00e-04
Epoch 081 | train_loss=5.3712e-04 | train_eval_loss=5.6795e-04 | val_loss=5.7695e-04 | | lr=5.00e-04
Epoch 082 | train_loss=5.2755e-04 | train_eval_loss=5.0917e-04 | val_loss=5.2908e-04 | | lr=5.00e-04
Epoch 083 | train_loss=5.2170e-04 | train_eval_loss=5.5153e-04 | val_loss=5.6322e-04 | | lr=5.00e-04
Epoch 084 | train_loss=5.2498e-04 | train_eval_loss=5.4693e-04 | val_loss=5.6233e-04 | | lr=5.00e-04
Epoch 085 | train_loss=5.3159e-04 | train_eval_loss=5.0885e-04 | val_loss=5.2281e-04 | | lr=5.00e-04
Saved best model to results/thesis_model_results/outputs/seed_robustness_shortlist/MTLSH__mse__minmax__seed126/mtlsh_state_dict_best.pt
Epoch 086 | train_loss=5.2478e-04 | train_eval_loss=5.8747e-04 | val_loss=5.9749e-04 | | lr=5.00e-04
Epoch 087 | train_loss=5.2905e-04 | train_eval_loss=5.1617e-04 | val_loss=5.3416e-04 | | lr=5.00e-04
Epoch 088 | train_loss=5.3764e-04 | train_eval_loss=5.5090e-04 | val_loss=5.6977e-04 | | lr=5.00e-04
Epoch 089 | train_loss=5.3475e-04 | train_eval_loss=4.9734e-04 | val_loss=5.1634e-04 | | lr=5.00e-04
Saved best model to results/thesis_model_results/outputs/seed_robustness_shortlist/MTLSH__mse__minmax__seed126/mtlsh_state_dict_best.pt
Epoch 090 | train_loss=5.2764e-04 | train_eval_loss=5.1434e-04 | val_loss=5.3929e-04 | | lr=5.00e-04
Epoch 091 | train_loss=5.4475e-04 | train_eval_loss=5.3134e-04 | val_loss=5.5258e-04 | | lr=5.00e-04
Epoch 092 | train_loss=5.3751e-04 | train_eval_loss=5.5734e-04 | val_loss=5.8118e-04 | | lr=5.00e-04
Epoch 093 | train_loss=5.4886e-04 | train_eval_loss=4.9425e-04 | val_loss=5.1069e-04 | | lr=5.00e-04
Saved best model to results/thesis_model_results/outputs/seed_robustness_shortlist/MTLSH__mse__minmax__seed126/mtlsh_state_dict_best.pt
Epoch 094 | train_loss=5.3911e-04 | train_eval_loss=5.2798e-04 | val_loss=5.5182e-04 | | lr=5.00e-04
Epoch 095 | train_loss=5.1688e-04 | train_eval_loss=6.0811e-04 | val_loss=6.3321e-04 | | lr=5.00e-04
Epoch 096 | train_loss=5.1297e-04 | train_eval_loss=5.0867e-04 | val_loss=5.2962e-04 | | lr=5.00e-04
Epoch 097 | train_loss=5.1517e-04 | train_eval_loss=5.0606e-04 | val_loss=5.2852e-04 | | lr=5.00e-04
Epoch 098 | train_loss=5.0314e-04 | train_eval_loss=5.6205e-04 | val_loss=5.8468e-04 | | lr=5.00e-04
Epoch 099 | train_loss=5.2039e-04 | train_eval_loss=5.2578e-04 | val_loss=5.5054e-04 | | lr=5.00e-04
Epoch 100 | train_loss=5.0399e-04 | train_eval_loss=5.4254e-04 | val_loss=5.6267e-04 | | lr=5.00e-04
Epoch 101 | train_loss=5.1105e-04 | train_eval_loss=5.5826e-04 | val_loss=5.8042e-04 | | lr=5.00e-04
Epoch 102 | train_loss=5.2526e-04 | train_eval_loss=8.2012e-04 | val_loss=8.4322e-04 | | lr=5.00e-04
Epoch 103 | train_loss=4.9324e-04 | train_eval_loss=4.5670e-04 | val_loss=4.8183e-04 | | lr=2.50e-04
Saved best model to results/thesis_model_results/outputs/seed_robustness_shortlist/MTLSH__mse__minmax__seed126/mtlsh_state_dict_best.pt
Epoch 104 | train_loss=4.5932e-04 | train_eval_loss=4.5600e-04 | val_loss=4.7479e-04 | | lr=2.50e-04
Saved best model to results/thesis_model_results/outputs/seed_robustness_shortlist/MTLSH__mse__minmax__seed126/mtlsh_state_dict_best.pt
Epoch 105 | train_loss=4.5739e-04 | train_eval_loss=4.5961e-04 | val_loss=4.8075e-04 | | lr=2.50e-04
Epoch 106 | train_loss=4.5847e-04 | train_eval_loss=4.5263e-04 | val_loss=4.7405e-04 | | lr=2.50e-04
Saved best model to results/thesis_model_results/outputs/seed_robustness_shortlist/MTLSH__mse__minmax__seed126/mtlsh_state_dict_best.pt
Epoch 107 | train_loss=4.5880e-04 | train_eval_loss=4.4365e-04 | val_loss=4.6641e-04 | | lr=2.50e-04
Saved best model to results/thesis_model_results/outputs/seed_robustness_shortlist/MTLSH__mse__minmax__seed126/mtlsh_state_dict_best.pt
Epoch 108 | train_loss=4.5442e-04 | train_eval_loss=4.5523e-04 | val_loss=4.7667e-04 | | lr=2.50e-04
Epoch 109 | train_loss=4.5683e-04 | train_eval_loss=4.5549e-04 | val_loss=4.8001e-04 | | lr=2.50e-04
Epoch 110 | train_loss=4.5944e-04 | train_eval_loss=4.5449e-04 | val_loss=4.7851e-04 | | lr=2.50e-04
Epoch 111 | train_loss=4.5107e-04 | train_eval_loss=4.5984e-04 | val_loss=4.8278e-04 | | lr=2.50e-04
Epoch 112 | train_loss=4.6200e-04 | train_eval_loss=4.5616e-04 | val_loss=4.7974e-04 | | lr=2.50e-04
Epoch 113 | train_loss=4.5808e-04 | train_eval_loss=4.4683e-04 | val_loss=4.6820e-04 | | lr=2.50e-04
Epoch 114 | train_loss=4.5245e-04 | train_eval_loss=4.4264e-04 | val_loss=4.6603e-04 | | lr=2.50e-04
Saved best model to results/thesis_model_results/outputs/seed_robustness_shortlist/MTLSH__mse__minmax__seed126/mtlsh_state_dict_best.pt
Epoch 115 | train_loss=4.5252e-04 | train_eval_loss=4.7491e-04 | val_loss=4.9521e-04 | | lr=2.50e-04
Epoch 116 | train_loss=4.5838e-04 | train_eval_loss=4.8145e-04 | val_loss=5.0244e-04 | | lr=2.50e-04
Epoch 117 | train_loss=4.5483e-04 | train_eval_loss=4.7559e-04 | val_loss=4.9736e-04 | | lr=2.50e-04
Epoch 118 | train_loss=4.5271e-04 | train_eval_loss=4.8455e-04 | val_loss=5.0271e-04 | | lr=2.50e-04
Epoch 119 | train_loss=4.5522e-04 | train_eval_loss=4.4608e-04 | val_loss=4.6938e-04 | | lr=2.50e-04
Epoch 120 | train_loss=4.5356e-04 | train_eval_loss=4.5524e-04 | val_loss=4.8112e-04 | | lr=2.50e-04
Epoch 121 | train_loss=4.5235e-04 | train_eval_loss=4.9988e-04 | val_loss=5.2535e-04 | | lr=2.50e-04
Epoch 122 | train_loss=4.5977e-04 | train_eval_loss=4.6831e-04 | val_loss=4.9118e-04 | | lr=2.50e-04
Epoch 123 | train_loss=4.5501e-04 | train_eval_loss=4.4744e-04 | val_loss=4.6729e-04 | | lr=2.50e-04
Epoch 124 | train_loss=4.3368e-04 | train_eval_loss=4.3182e-04 | val_loss=4.5692e-04 | | lr=1.25e-04
Saved best model to results/thesis_model_results/outputs/seed_robustness_shortlist/MTLSH__mse__minmax__seed126/mtlsh_state_dict_best.pt
Epoch 125 | train_loss=4.3125e-04 | train_eval_loss=4.5300e-04 | val_loss=4.8031e-04 | | lr=1.25e-04
Epoch 126 | train_loss=4.3790e-04 | train_eval_loss=4.2986e-04 | val_loss=4.5433e-04 | | lr=1.25e-04
Saved best model to results/thesis_model_results/outputs/seed_robustness_shortlist/MTLSH__mse__minmax__seed126/mtlsh_state_dict_best.pt
Epoch 127 | train_loss=4.2814e-04 | train_eval_loss=4.2014e-04 | val_loss=4.4512e-04 | | lr=1.25e-04
Saved best model to results/thesis_model_results/outputs/seed_robustness_shortlist/MTLSH__mse__minmax__seed126/mtlsh_state_dict_best.pt
Epoch 128 | train_loss=4.2883e-04 | train_eval_loss=4.2811e-04 | val_loss=4.5463e-04 | | lr=1.25e-04
Epoch 129 | train_loss=4.2637e-04 | train_eval_loss=4.2802e-04 | val_loss=4.5221e-04 | | lr=1.25e-04
Epoch 130 | train_loss=4.2911e-04 | train_eval_loss=4.2659e-04 | val_loss=4.5322e-04 | | lr=1.25e-04
Epoch 131 | train_loss=4.2560e-04 | train_eval_loss=4.1707e-04 | val_loss=4.4154e-04 | | lr=1.25e-04
Saved best model to results/thesis_model_results/outputs/seed_robustness_shortlist/MTLSH__mse__minmax__seed126/mtlsh_state_dict_best.pt
Epoch 132 | train_loss=4.2645e-04 | train_eval_loss=4.4647e-04 | val_loss=4.7021e-04 | | lr=1.25e-04
Epoch 133 | train_loss=4.2802e-04 | train_eval_loss=4.2209e-04 | val_loss=4.4720e-04 | | lr=1.25e-04
Epoch 134 | train_loss=4.2781e-04 | train_eval_loss=4.4558e-04 | val_loss=4.6794e-04 | | lr=1.25e-04
Epoch 135 | train_loss=4.2914e-04 | train_eval_loss=4.2116e-04 | val_loss=4.4479e-04 | | lr=1.25e-04
Epoch 136 | train_loss=4.2641e-04 | train_eval_loss=4.2637e-04 | val_loss=4.5226e-04 | | lr=1.25e-04
Epoch 137 | train_loss=4.2645e-04 | train_eval_loss=4.3606e-04 | val_loss=4.5692e-04 | | lr=1.25e-04
Epoch 138 | train_loss=4.2479e-04 | train_eval_loss=4.2937e-04 | val_loss=4.5663e-04 | | lr=1.25e-04
Epoch 139 | train_loss=4.2717e-04 | train_eval_loss=4.3246e-04 | val_loss=4.5736e-04 | | lr=1.25e-04
Epoch 140 | train_loss=4.2822e-04 | train_eval_loss=4.2648e-04 | val_loss=4.5146e-04 | | lr=1.25e-04
Epoch 141 | train_loss=4.1537e-04 | train_eval_loss=4.1102e-04 | val_loss=4.3727e-04 | | lr=6.25e-05
Saved best model to results/thesis_model_results/outputs/seed_robustness_shortlist/MTLSH__mse__minmax__seed126/mtlsh_state_dict_best.pt
Epoch 142 | train_loss=4.1255e-04 | train_eval_loss=4.1446e-04 | val_loss=4.4070e-04 | | lr=6.25e-05
Epoch 143 | train_loss=4.1580e-04 | train_eval_loss=4.1187e-04 | val_loss=4.3628e-04 | | lr=6.25e-05
Saved best model to results/thesis_model_results/outputs/seed_robustness_shortlist/MTLSH__mse__minmax__seed126/mtlsh_state_dict_best.pt
Epoch 144 | train_loss=4.1391e-04 | train_eval_loss=4.1005e-04 | val_loss=4.3424e-04 | | lr=6.25e-05
Saved best model to results/thesis_model_results/outputs/seed_robustness_shortlist/MTLSH__mse__minmax__seed126/mtlsh_state_dict_best.pt
Epoch 145 | train_loss=4.1352e-04 | train_eval_loss=4.1286e-04 | val_loss=4.3739e-04 | | lr=6.25e-05
Epoch 146 | train_loss=4.1402e-04 | train_eval_loss=4.2124e-04 | val_loss=4.4636e-04 | | lr=6.25e-05
Epoch 147 | train_loss=4.1417e-04 | train_eval_loss=4.1236e-04 | val_loss=4.3785e-04 | | lr=6.25e-05
Epoch 148 | train_loss=4.1557e-04 | train_eval_loss=4.1223e-04 | val_loss=4.3628e-04 | | lr=6.25e-05
Epoch 149 | train_loss=4.1214e-04 | train_eval_loss=4.0495e-04 | val_loss=4.2966e-04 | | lr=6.25e-05
Saved best model to results/thesis_model_results/outputs/seed_robustness_shortlist/MTLSH__mse__minmax__seed126/mtlsh_state_dict_best.pt
Epoch 150 | train_loss=4.1298e-04 | train_eval_loss=4.1334e-04 | val_loss=4.3690e-04 | | lr=6.25e-05
Epoch 151 | train_loss=4.1091e-04 | train_eval_loss=4.0898e-04 | val_loss=4.3197e-04 | | lr=6.25e-05
Epoch 152 | train_loss=4.1502e-04 | train_eval_loss=4.1186e-04 | val_loss=4.3847e-04 | | lr=6.25e-05
Epoch 153 | train_loss=4.1192e-04 | train_eval_loss=4.0915e-04 | val_loss=4.3264e-04 | | lr=6.25e-05
Epoch 154 | train_loss=4.1281e-04 | train_eval_loss=4.1126e-04 | val_loss=4.3817e-04 | | lr=6.25e-05
Epoch 155 | train_loss=4.0997e-04 | train_eval_loss=4.2005e-04 | val_loss=4.4565e-04 | | lr=6.25e-05
Epoch 156 | train_loss=4.1380e-04 | train_eval_loss=4.1318e-04 | val_loss=4.4040e-04 | | lr=6.25e-05
Epoch 157 | train_loss=4.1179e-04 | train_eval_loss=4.1527e-04 | val_loss=4.4057e-04 | | lr=6.25e-05
Epoch 158 | train_loss=4.1119e-04 | train_eval_loss=4.0517e-04 | val_loss=4.3092e-04 | | lr=6.25e-05
Epoch 159 | train_loss=4.0559e-04 | train_eval_loss=4.0200e-04 | val_loss=4.2857e-04 | | lr=3.13e-05
Saved best model to results/thesis_model_results/outputs/seed_robustness_shortlist/MTLSH__mse__minmax__seed126/mtlsh_state_dict_best.pt
Epoch 160 | train_loss=4.0467e-04 | train_eval_loss=4.0477e-04 | val_loss=4.3031e-04 | | lr=3.13e-05
Epoch 161 | train_loss=4.0516e-04 | train_eval_loss=4.0757e-04 | val_loss=4.3481e-04 | | lr=3.13e-05
Epoch 162 | train_loss=4.0469e-04 | train_eval_loss=4.0221e-04 | val_loss=4.2903e-04 | | lr=3.13e-05
Epoch 163 | train_loss=4.0441e-04 | train_eval_loss=4.0610e-04 | val_loss=4.3465e-04 | | lr=3.13e-05
Epoch 164 | train_loss=4.0550e-04 | train_eval_loss=4.0615e-04 | val_loss=4.3060e-04 | | lr=3.13e-05
Epoch 165 | train_loss=4.0414e-04 | train_eval_loss=4.0269e-04 | val_loss=4.2929e-04 | | lr=3.13e-05
Epoch 166 | train_loss=4.0515e-04 | train_eval_loss=4.0373e-04 | val_loss=4.3017e-04 | | lr=3.13e-05
Epoch 167 | train_loss=4.0373e-04 | train_eval_loss=4.0829e-04 | val_loss=4.3425e-04 | | lr=3.13e-05
Epoch 168 | train_loss=4.0608e-04 | train_eval_loss=4.0659e-04 | val_loss=4.3311e-04 | | lr=3.13e-05
Epoch 169 | train_loss=4.0267e-04 | train_eval_loss=4.0011e-04 | val_loss=4.2618e-04 | | lr=1.56e-05
Saved best model to results/thesis_model_results/outputs/seed_robustness_shortlist/MTLSH__mse__minmax__seed126/mtlsh_state_dict_best.pt
Epoch 170 | train_loss=4.0049e-04 | train_eval_loss=3.9880e-04 | val_loss=4.2508e-04 | | lr=1.56e-05
Saved best model to results/thesis_model_results/outputs/seed_robustness_shortlist/MTLSH__mse__minmax__seed126/mtlsh_state_dict_best.pt
Epoch 171 | train_loss=4.0047e-04 | train_eval_loss=3.9956e-04 | val_loss=4.2595e-04 | | lr=1.56e-05
Epoch 172 | train_loss=4.0056e-04 | train_eval_loss=3.9852e-04 | val_loss=4.2473e-04 | | lr=1.56e-05
Saved best model to results/thesis_model_results/outputs/seed_robustness_shortlist/MTLSH__mse__minmax__seed126/mtlsh_state_dict_best.pt
Epoch 173 | train_loss=4.0039e-04 | train_eval_loss=4.0086e-04 | val_loss=4.2668e-04 | | lr=1.56e-05
Epoch 174 | train_loss=4.0052e-04 | train_eval_loss=3.9926e-04 | val_loss=4.2550e-04 | | lr=1.56e-05
Epoch 175 | train_loss=4.0027e-04 | train_eval_loss=3.9926e-04 | val_loss=4.2613e-04 | | lr=1.56e-05
Epoch 176 | train_loss=4.0038e-04 | train_eval_loss=3.9952e-04 | val_loss=4.2596e-04 | | lr=1.56e-05
Epoch 177 | train_loss=4.0051e-04 | train_eval_loss=3.9855e-04 | val_loss=4.2492e-04 | | lr=1.56e-05
Epoch 178 | train_loss=4.0042e-04 | train_eval_loss=3.9963e-04 | val_loss=4.2657e-04 | | lr=1.56e-05
Epoch 179 | train_loss=4.0036e-04 | train_eval_loss=4.0008e-04 | val_loss=4.2601e-04 | | lr=1.56e-05
Epoch 180 | train_loss=4.0114e-04 | train_eval_loss=3.9791e-04 | val_loss=4.2502e-04 | | lr=1.56e-05
Epoch 181 | train_loss=4.0065e-04 | train_eval_loss=4.0090e-04 | val_loss=4.2768e-04 | | lr=1.56e-05
Epoch 182 | train_loss=3.9895e-04 | train_eval_loss=3.9729e-04 | val_loss=4.2419e-04 | | lr=7.81e-06
Saved best model to results/thesis_model_results/outputs/seed_robustness_shortlist/MTLSH__mse__minmax__seed126/mtlsh_state_dict_best.pt
Epoch 183 | train_loss=3.9809e-04 | train_eval_loss=3.9710e-04 | val_loss=4.2360e-04 | | lr=7.81e-06
Saved best model to results/thesis_model_results/outputs/seed_robustness_shortlist/MTLSH__mse__minmax__seed126/mtlsh_state_dict_best.pt
Epoch 184 | train_loss=3.9850e-04 | train_eval_loss=3.9840e-04 | val_loss=4.2453e-04 | | lr=7.81e-06
Epoch 185 | train_loss=3.9822e-04 | train_eval_loss=3.9730e-04 | val_loss=4.2383e-04 | | lr=7.81e-06
Epoch 186 | train_loss=3.9787e-04 | train_eval_loss=3.9659e-04 | val_loss=4.2353e-04 | | lr=7.81e-06
Saved best model to results/thesis_model_results/outputs/seed_robustness_shortlist/MTLSH__mse__minmax__seed126/mtlsh_state_dict_best.pt
Epoch 187 | train_loss=3.9788e-04 | train_eval_loss=3.9743e-04 | val_loss=4.2387e-04 | | lr=7.81e-06
Epoch 188 | train_loss=3.9822e-04 | train_eval_loss=3.9804e-04 | val_loss=4.2533e-04 | | lr=7.81e-06
Epoch 189 | train_loss=3.9792e-04 | train_eval_loss=3.9748e-04 | val_loss=4.2413e-04 | | lr=7.81e-06
Epoch 190 | train_loss=3.9794e-04 | train_eval_loss=3.9701e-04 | val_loss=4.2396e-04 | | lr=7.81e-06
Epoch 191 | train_loss=3.9790e-04 | train_eval_loss=3.9659e-04 | val_loss=4.2347e-04 | | lr=7.81e-06
Saved best model to results/thesis_model_results/outputs/seed_robustness_shortlist/MTLSH__mse__minmax__seed126/mtlsh_state_dict_best.pt
Epoch 192 | train_loss=3.9783e-04 | train_eval_loss=3.9812e-04 | val_loss=4.2549e-04 | | lr=7.81e-06
Epoch 193 | train_loss=3.9879e-04 | train_eval_loss=3.9691e-04 | val_loss=4.2317e-04 | | lr=7.81e-06
Saved best model to results/thesis_model_results/outputs/seed_robustness_shortlist/MTLSH__mse__minmax__seed126/mtlsh_state_dict_best.pt
Epoch 194 | train_loss=3.9745e-04 | train_eval_loss=3.9702e-04 | val_loss=4.2402e-04 | | lr=7.81e-06
Epoch 195 | train_loss=3.9788e-04 | train_eval_loss=3.9674e-04 | val_loss=4.2496e-04 | | lr=7.81e-06
Epoch 196 | train_loss=3.9805e-04 | train_eval_loss=3.9794e-04 | val_loss=4.2558e-04 | | lr=7.81e-06
Epoch 197 | train_loss=3.9784e-04 | train_eval_loss=3.9699e-04 | val_loss=4.2471e-04 | | lr=7.81e-06
Epoch 198 | train_loss=3.9771e-04 | train_eval_loss=3.9634e-04 | val_loss=4.2347e-04 | | lr=7.81e-06
Epoch 199 | train_loss=3.9767e-04 | train_eval_loss=3.9723e-04 | val_loss=4.2397e-04 | | lr=7.81e-06
Epoch 200 | train_loss=3.9761e-04 | train_eval_loss=3.9825e-04 | val_loss=4.2624e-04 | | lr=7.81e-06
Saved training logs to results/thesis_model_results/outputs/seed_robustness_shortlist/MTLSH__mse__minmax__seed126/training_summary.txt
Test RMSE(rocof_COI) = 0.0143 | norm: 0.0108 | real_diff: 0.0100
Test RMSE(dev_COI) = 0.0242 | norm: 0.0090 | real_diff: 0.0128
Test RMSE(Delta_P_IBR_1) = 0.1273 | norm: 0.0201 | real_diff: 0.0868
Test RMSE(Delta_P_IBR_2) = 0.1112 | norm: 0.0155 | real_diff: 0.0642
Test RMSE(Delta_P_IBR_3) = 0.1941 | norm: 0.0341 | real_diff: 0.1103
Test RMSE(Delta_P_IBR_4) = 0.2231 | norm: 0.0231 | real_diff: 0.1507
Saved RMSE results to results/thesis_model_results/outputs/seed_robustness_shortlist/MTLSH__mse__minmax__seed126/rmse_results.txt
Saved detailed metrics to results/thesis_model_results/outputs/seed_robustness_shortlist/MTLSH__mse__minmax__seed126/metrics_by_target.csv
Saved aggregate metrics to results/thesis_model_results/outputs/seed_robustness_shortlist/MTLSH__mse__minmax__seed126/metrics_summary.json
Saved loss curves to results/thesis_model_results/outputs/seed_robustness_shortlist/MTLSH__mse__minmax__seed126/loss_curve.png
Saved scatter plot results/thesis_model_results/outputs/seed_robustness_shortlist/MTLSH__mse__minmax__seed126/scatter_rocof_COI.png
Saved scatter plot results/thesis_model_results/outputs/seed_robustness_shortlist/MTLSH__mse__minmax__seed126/scatter_dev_COI.png
Saved scatter plot results/thesis_model_results/outputs/seed_robustness_shortlist/MTLSH__mse__minmax__seed126/scatter_Delta_P_IBR_1.png
Saved scatter plot results/thesis_model_results/outputs/seed_robustness_shortlist/MTLSH__mse__minmax__seed126/scatter_Delta_P_IBR_2.png
Saved scatter plot results/thesis_model_results/outputs/seed_robustness_shortlist/MTLSH__mse__minmax__seed126/scatter_Delta_P_IBR_3.png
Saved scatter plot results/thesis_model_results/outputs/seed_robustness_shortlist/MTLSH__mse__minmax__seed126/scatter_Delta_P_IBR_4.png
Saved model to results/thesis_model_results/outputs/seed_robustness_shortlist/MTLSH__mse__minmax__seed126/mtlsh_state_dict.pt
Loss type: mse | weights=[]
Target stats (scaled):
train mean=[0.549  0.589  0.492  0.4884 0.4785 0.4192]
train std=[0.1365 0.1371 0.1141 0.1063 0.1158 0.1138]
train q05=[0.3074 0.3979 0.3192 0.303  0.3347 0.2205]
train q95=[0.7933 0.8652 0.6719 0.6491 0.6927 0.6016]
val mean=[0.5473 0.5873 0.4922 0.4893 0.4798 0.4201]
val std=[0.1343 0.1348 0.1123 0.1072 0.1141 0.1112]
val q05=[0.3103 0.3982 0.3195 0.303  0.3376 0.2251]
val q95=[0.7886 0.8626 0.6731 0.6514 0.6918 0.5984]
val/train std ratio=[0.984  0.9828 0.9844 1.0084 0.9848 0.9772]
LR scheduler: ReduceLROnPlateau (factor=0.5, patience=8, min_lr=1e-07)
Epoch 001 | train_loss=2.6631e-02 | train_eval_loss=1.3766e-02 | val_loss=1.3385e-02 | | lr=1.00e-03
Saved best model to results/thesis_model_results/outputs/seed_robustness_shortlist/MTLSH__mse__minmax__seed168/mtlsh_state_dict_best.pt
Epoch 002 | train_loss=9.9030e-03 | train_eval_loss=4.0617e-03 | val_loss=4.0048e-03 | | lr=1.00e-03
Saved best model to results/thesis_model_results/outputs/seed_robustness_shortlist/MTLSH__mse__minmax__seed168/mtlsh_state_dict_best.pt
Epoch 003 | train_loss=3.7540e-03 | train_eval_loss=3.1210e-03 | val_loss=3.0733e-03 | | lr=1.00e-03
Saved best model to results/thesis_model_results/outputs/seed_robustness_shortlist/MTLSH__mse__minmax__seed168/mtlsh_state_dict_best.pt
Epoch 004 | train_loss=2.7061e-03 | train_eval_loss=2.3452e-03 | val_loss=2.3037e-03 | | lr=1.00e-03
Saved best model to results/thesis_model_results/outputs/seed_robustness_shortlist/MTLSH__mse__minmax__seed168/mtlsh_state_dict_best.pt
Epoch 005 | train_loss=2.1256e-03 | train_eval_loss=2.0959e-03 | val_loss=2.0656e-03 | | lr=1.00e-03
Saved best model to results/thesis_model_results/outputs/seed_robustness_shortlist/MTLSH__mse__minmax__seed168/mtlsh_state_dict_best.pt
Epoch 006 | train_loss=1.8866e-03 | train_eval_loss=1.8317e-03 | val_loss=1.8003e-03 | | lr=1.00e-03
Saved best model to results/thesis_model_results/outputs/seed_robustness_shortlist/MTLSH__mse__minmax__seed168/mtlsh_state_dict_best.pt
Epoch 007 | train_loss=1.7622e-03 | train_eval_loss=1.6347e-03 | val_loss=1.6083e-03 | | lr=1.00e-03
Saved best model to results/thesis_model_results/outputs/seed_robustness_shortlist/MTLSH__mse__minmax__seed168/mtlsh_state_dict_best.pt
Epoch 008 | train_loss=1.6848e-03 | train_eval_loss=1.7380e-03 | val_loss=1.7109e-03 | | lr=1.00e-03
Epoch 009 | train_loss=1.6155e-03 | train_eval_loss=1.5977e-03 | val_loss=1.5717e-03 | | lr=1.00e-03
Saved best model to results/thesis_model_results/outputs/seed_robustness_shortlist/MTLSH__mse__minmax__seed168/mtlsh_state_dict_best.pt
Epoch 010 | train_loss=1.5854e-03 | train_eval_loss=1.5407e-03 | val_loss=1.5269e-03 | | lr=1.00e-03
Saved best model to results/thesis_model_results/outputs/seed_robustness_shortlist/MTLSH__mse__minmax__seed168/mtlsh_state_dict_best.pt
Epoch 011 | train_loss=1.4920e-03 | train_eval_loss=1.4316e-03 | val_loss=1.4169e-03 | | lr=1.00e-03
Saved best model to results/thesis_model_results/outputs/seed_robustness_shortlist/MTLSH__mse__minmax__seed168/mtlsh_state_dict_best.pt
Epoch 012 | train_loss=1.4319e-03 | train_eval_loss=1.5585e-03 | val_loss=1.5376e-03 | | lr=1.00e-03
Epoch 013 | train_loss=1.4740e-03 | train_eval_loss=1.4812e-03 | val_loss=1.4619e-03 | | lr=1.00e-03
Epoch 014 | train_loss=1.3417e-03 | train_eval_loss=1.3975e-03 | val_loss=1.3926e-03 | | lr=1.00e-03
Saved best model to results/thesis_model_results/outputs/seed_robustness_shortlist/MTLSH__mse__minmax__seed168/mtlsh_state_dict_best.pt
Epoch 015 | train_loss=1.3225e-03 | train_eval_loss=1.2665e-03 | val_loss=1.2604e-03 | | lr=1.00e-03
Saved best model to results/thesis_model_results/outputs/seed_robustness_shortlist/MTLSH__mse__minmax__seed168/mtlsh_state_dict_best.pt
Epoch 016 | train_loss=1.3045e-03 | train_eval_loss=1.2609e-03 | val_loss=1.2658e-03 | | lr=1.00e-03
Epoch 017 | train_loss=1.2556e-03 | train_eval_loss=1.3558e-03 | val_loss=1.3481e-03 | | lr=1.00e-03
Epoch 018 | train_loss=1.2429e-03 | train_eval_loss=1.7831e-03 | val_loss=1.7849e-03 | | lr=1.00e-03
Epoch 019 | train_loss=1.2378e-03 | train_eval_loss=1.2263e-03 | val_loss=1.2311e-03 | | lr=1.00e-03
Saved best model to results/thesis_model_results/outputs/seed_robustness_shortlist/MTLSH__mse__minmax__seed168/mtlsh_state_dict_best.pt
Epoch 020 | train_loss=1.1364e-03 | train_eval_loss=1.1319e-03 | val_loss=1.1363e-03 | | lr=1.00e-03
Saved best model to results/thesis_model_results/outputs/seed_robustness_shortlist/MTLSH__mse__minmax__seed168/mtlsh_state_dict_best.pt
Epoch 021 | train_loss=1.1513e-03 | train_eval_loss=1.1077e-03 | val_loss=1.1196e-03 | | lr=1.00e-03
Saved best model to results/thesis_model_results/outputs/seed_robustness_shortlist/MTLSH__mse__minmax__seed168/mtlsh_state_dict_best.pt
Epoch 022 | train_loss=1.0789e-03 | train_eval_loss=1.0238e-03 | val_loss=1.0346e-03 | | lr=1.00e-03
Saved best model to results/thesis_model_results/outputs/seed_robustness_shortlist/MTLSH__mse__minmax__seed168/mtlsh_state_dict_best.pt
Epoch 023 | train_loss=1.0912e-03 | train_eval_loss=1.2041e-03 | val_loss=1.2137e-03 | | lr=1.00e-03
Epoch 024 | train_loss=1.0694e-03 | train_eval_loss=1.0785e-03 | val_loss=1.0883e-03 | | lr=1.00e-03
Epoch 025 | train_loss=1.0031e-03 | train_eval_loss=9.9894e-04 | val_loss=1.0100e-03 | | lr=1.00e-03
Saved best model to results/thesis_model_results/outputs/seed_robustness_shortlist/MTLSH__mse__minmax__seed168/mtlsh_state_dict_best.pt
Epoch 026 | train_loss=1.0052e-03 | train_eval_loss=9.5978e-04 | val_loss=9.6625e-04 | | lr=1.00e-03
Saved best model to results/thesis_model_results/outputs/seed_robustness_shortlist/MTLSH__mse__minmax__seed168/mtlsh_state_dict_best.pt
Epoch 027 | train_loss=9.7221e-04 | train_eval_loss=9.3152e-04 | val_loss=9.4146e-04 | | lr=1.00e-03
Saved best model to results/thesis_model_results/outputs/seed_robustness_shortlist/MTLSH__mse__minmax__seed168/mtlsh_state_dict_best.pt
Epoch 028 | train_loss=9.4487e-04 | train_eval_loss=1.0355e-03 | val_loss=1.0438e-03 | | lr=1.00e-03
Epoch 029 | train_loss=9.1675e-04 | train_eval_loss=8.8367e-04 | val_loss=8.9377e-04 | | lr=1.00e-03
Saved best model to results/thesis_model_results/outputs/seed_robustness_shortlist/MTLSH__mse__minmax__seed168/mtlsh_state_dict_best.pt
Epoch 030 | train_loss=8.7649e-04 | train_eval_loss=8.4930e-04 | val_loss=8.5538e-04 | | lr=1.00e-03
Saved best model to results/thesis_model_results/outputs/seed_robustness_shortlist/MTLSH__mse__minmax__seed168/mtlsh_state_dict_best.pt
Epoch 031 | train_loss=8.9869e-04 | train_eval_loss=8.1194e-04 | val_loss=8.2023e-04 | | lr=1.00e-03
Saved best model to results/thesis_model_results/outputs/seed_robustness_shortlist/MTLSH__mse__minmax__seed168/mtlsh_state_dict_best.pt
Epoch 032 | train_loss=8.2740e-04 | train_eval_loss=8.8420e-04 | val_loss=8.8990e-04 | | lr=1.00e-03
Epoch 033 | train_loss=8.2716e-04 | train_eval_loss=9.1233e-04 | val_loss=9.1829e-04 | | lr=1.00e-03
Epoch 034 | train_loss=8.3911e-04 | train_eval_loss=8.1584e-04 | val_loss=8.1814e-04 | | lr=1.00e-03
Saved best model to results/thesis_model_results/outputs/seed_robustness_shortlist/MTLSH__mse__minmax__seed168/mtlsh_state_dict_best.pt
Epoch 035 | train_loss=7.9419e-04 | train_eval_loss=7.0876e-04 | val_loss=7.2022e-04 | | lr=1.00e-03
Saved best model to results/thesis_model_results/outputs/seed_robustness_shortlist/MTLSH__mse__minmax__seed168/mtlsh_state_dict_best.pt
Epoch 036 | train_loss=7.7785e-04 | train_eval_loss=7.7420e-04 | val_loss=7.8200e-04 | | lr=1.00e-03
Epoch 037 | train_loss=7.8571e-04 | train_eval_loss=7.3775e-04 | val_loss=7.4739e-04 | | lr=1.00e-03
Epoch 038 | train_loss=7.8247e-04 | train_eval_loss=7.0934e-04 | val_loss=7.2436e-04 | | lr=1.00e-03
Epoch 039 | train_loss=7.5743e-04 | train_eval_loss=9.4640e-04 | val_loss=9.4196e-04 | | lr=1.00e-03
Epoch 040 | train_loss=7.3437e-04 | train_eval_loss=6.6140e-04 | val_loss=6.6694e-04 | | lr=1.00e-03
Saved best model to results/thesis_model_results/outputs/seed_robustness_shortlist/MTLSH__mse__minmax__seed168/mtlsh_state_dict_best.pt
Epoch 041 | train_loss=7.8669e-04 | train_eval_loss=8.1987e-04 | val_loss=8.2424e-04 | | lr=1.00e-03
Epoch 042 | train_loss=6.8234e-04 | train_eval_loss=6.7894e-04 | val_loss=6.8057e-04 | | lr=1.00e-03
Epoch 043 | train_loss=7.2258e-04 | train_eval_loss=8.3272e-04 | val_loss=8.3581e-04 | | lr=1.00e-03
Epoch 044 | train_loss=6.7067e-04 | train_eval_loss=6.5524e-04 | val_loss=6.6014e-04 | | lr=1.00e-03
Saved best model to results/thesis_model_results/outputs/seed_robustness_shortlist/MTLSH__mse__minmax__seed168/mtlsh_state_dict_best.pt
Epoch 045 | train_loss=7.2645e-04 | train_eval_loss=6.8337e-04 | val_loss=6.9112e-04 | | lr=1.00e-03
Epoch 046 | train_loss=6.6174e-04 | train_eval_loss=7.9032e-04 | val_loss=7.9720e-04 | | lr=1.00e-03
Epoch 047 | train_loss=7.1358e-04 | train_eval_loss=6.4930e-04 | val_loss=6.6094e-04 | | lr=1.00e-03
Epoch 048 | train_loss=6.4740e-04 | train_eval_loss=7.0991e-04 | val_loss=7.2524e-04 | | lr=1.00e-03
Epoch 049 | train_loss=6.6442e-04 | train_eval_loss=6.0861e-04 | val_loss=6.2311e-04 | | lr=1.00e-03
Saved best model to results/thesis_model_results/outputs/seed_robustness_shortlist/MTLSH__mse__minmax__seed168/mtlsh_state_dict_best.pt
Epoch 050 | train_loss=6.2066e-04 | train_eval_loss=6.8470e-04 | val_loss=6.9492e-04 | | lr=1.00e-03
Epoch 051 | train_loss=6.6798e-04 | train_eval_loss=7.1948e-04 | val_loss=7.2973e-04 | | lr=1.00e-03
Epoch 052 | train_loss=6.4221e-04 | train_eval_loss=6.2650e-04 | val_loss=6.3171e-04 | | lr=1.00e-03
Epoch 053 | train_loss=6.9778e-04 | train_eval_loss=6.5896e-04 | val_loss=6.6751e-04 | | lr=1.00e-03
Epoch 054 | train_loss=6.2525e-04 | train_eval_loss=7.9124e-04 | val_loss=8.0026e-04 | | lr=1.00e-03
Epoch 055 | train_loss=6.9963e-04 | train_eval_loss=6.6604e-04 | val_loss=6.6761e-04 | | lr=1.00e-03
Epoch 056 | train_loss=6.0993e-04 | train_eval_loss=7.2324e-04 | val_loss=7.2692e-04 | | lr=1.00e-03
Epoch 057 | train_loss=6.4162e-04 | train_eval_loss=8.6870e-04 | val_loss=8.8110e-04 | | lr=1.00e-03
Epoch 058 | train_loss=6.4544e-04 | train_eval_loss=5.8562e-04 | val_loss=5.9716e-04 | | lr=1.00e-03
Saved best model to results/thesis_model_results/outputs/seed_robustness_shortlist/MTLSH__mse__minmax__seed168/mtlsh_state_dict_best.pt
Epoch 059 | train_loss=5.9525e-04 | train_eval_loss=5.2549e-04 | val_loss=5.4625e-04 | | lr=1.00e-03
Saved best model to results/thesis_model_results/outputs/seed_robustness_shortlist/MTLSH__mse__minmax__seed168/mtlsh_state_dict_best.pt
Epoch 060 | train_loss=6.0589e-04 | train_eval_loss=5.4283e-04 | val_loss=5.5421e-04 | | lr=1.00e-03
Epoch 061 | train_loss=6.2433e-04 | train_eval_loss=6.4228e-04 | val_loss=6.5230e-04 | | lr=1.00e-03
Epoch 062 | train_loss=5.5636e-04 | train_eval_loss=5.6143e-04 | val_loss=5.8414e-04 | | lr=1.00e-03
Epoch 063 | train_loss=5.5073e-04 | train_eval_loss=6.3158e-04 | val_loss=6.5752e-04 | | lr=1.00e-03
Epoch 064 | train_loss=6.3420e-04 | train_eval_loss=6.8550e-04 | val_loss=7.0218e-04 | | lr=1.00e-03
Epoch 065 | train_loss=5.3768e-04 | train_eval_loss=5.1805e-04 | val_loss=5.4296e-04 | | lr=1.00e-03
Saved best model to results/thesis_model_results/outputs/seed_robustness_shortlist/MTLSH__mse__minmax__seed168/mtlsh_state_dict_best.pt
Epoch 066 | train_loss=6.3018e-04 | train_eval_loss=5.1461e-04 | val_loss=5.3276e-04 | | lr=1.00e-03
Saved best model to results/thesis_model_results/outputs/seed_robustness_shortlist/MTLSH__mse__minmax__seed168/mtlsh_state_dict_best.pt
Epoch 067 | train_loss=5.7163e-04 | train_eval_loss=5.2465e-04 | val_loss=5.4119e-04 | | lr=1.00e-03
Epoch 068 | train_loss=5.1561e-04 | train_eval_loss=4.9188e-04 | val_loss=5.1495e-04 | | lr=1.00e-03
Saved best model to results/thesis_model_results/outputs/seed_robustness_shortlist/MTLSH__mse__minmax__seed168/mtlsh_state_dict_best.pt
Epoch 069 | train_loss=6.0356e-04 | train_eval_loss=5.5595e-04 | val_loss=5.8038e-04 | | lr=1.00e-03
Epoch 070 | train_loss=5.1157e-04 | train_eval_loss=5.1584e-04 | val_loss=5.4048e-04 | | lr=1.00e-03
Epoch 071 | train_loss=5.4179e-04 | train_eval_loss=7.8836e-04 | val_loss=8.0530e-04 | | lr=1.00e-03
Epoch 072 | train_loss=5.3203e-04 | train_eval_loss=5.3879e-04 | val_loss=5.5277e-04 | | lr=1.00e-03
Epoch 073 | train_loss=5.9172e-04 | train_eval_loss=5.0868e-04 | val_loss=5.3324e-04 | | lr=1.00e-03
Epoch 074 | train_loss=6.1088e-04 | train_eval_loss=5.5024e-04 | val_loss=5.7403e-04 | | lr=1.00e-03
Epoch 075 | train_loss=5.3713e-04 | train_eval_loss=4.9199e-04 | val_loss=5.1308e-04 | | lr=1.00e-03
Saved best model to results/thesis_model_results/outputs/seed_robustness_shortlist/MTLSH__mse__minmax__seed168/mtlsh_state_dict_best.pt
Epoch 076 | train_loss=4.9778e-04 | train_eval_loss=5.9598e-04 | val_loss=6.2425e-04 | | lr=1.00e-03
Epoch 077 | train_loss=5.4942e-04 | train_eval_loss=5.1087e-04 | val_loss=5.3463e-04 | | lr=1.00e-03
Epoch 078 | train_loss=5.3783e-04 | train_eval_loss=5.4729e-04 | val_loss=5.6675e-04 | | lr=1.00e-03
Epoch 079 | train_loss=5.2454e-04 | train_eval_loss=5.6165e-04 | val_loss=5.8892e-04 | | lr=1.00e-03
Epoch 080 | train_loss=5.0722e-04 | train_eval_loss=5.2781e-04 | val_loss=5.4569e-04 | | lr=1.00e-03
Epoch 081 | train_loss=5.5081e-04 | train_eval_loss=5.5083e-04 | val_loss=5.7416e-04 | | lr=1.00e-03
Epoch 082 | train_loss=5.4590e-04 | train_eval_loss=6.6442e-04 | val_loss=6.8483e-04 | | lr=1.00e-03
Epoch 083 | train_loss=5.1881e-04 | train_eval_loss=4.4037e-04 | val_loss=4.6423e-04 | | lr=1.00e-03
Saved best model to results/thesis_model_results/outputs/seed_robustness_shortlist/MTLSH__mse__minmax__seed168/mtlsh_state_dict_best.pt
Epoch 084 | train_loss=5.4815e-04 | train_eval_loss=5.7453e-04 | val_loss=6.0621e-04 | | lr=1.00e-03
Epoch 085 | train_loss=5.0234e-04 | train_eval_loss=5.1658e-04 | val_loss=5.3909e-04 | | lr=1.00e-03
Epoch 086 | train_loss=4.5946e-04 | train_eval_loss=5.7781e-04 | val_loss=6.0920e-04 | | lr=1.00e-03
Epoch 087 | train_loss=4.9138e-04 | train_eval_loss=4.4722e-04 | val_loss=4.7655e-04 | | lr=1.00e-03
Epoch 088 | train_loss=5.2575e-04 | train_eval_loss=5.1520e-04 | val_loss=5.4564e-04 | | lr=1.00e-03
Epoch 089 | train_loss=4.5753e-04 | train_eval_loss=4.4866e-04 | val_loss=4.7700e-04 | | lr=1.00e-03
Epoch 090 | train_loss=5.1878e-04 | train_eval_loss=4.8520e-04 | val_loss=5.1301e-04 | | lr=1.00e-03
Epoch 091 | train_loss=4.9434e-04 | train_eval_loss=5.0318e-04 | val_loss=5.3295e-04 | | lr=1.00e-03
Epoch 092 | train_loss=4.6145e-04 | train_eval_loss=5.2517e-04 | val_loss=5.5296e-04 | | lr=1.00e-03
Epoch 093 | train_loss=4.0616e-04 | train_eval_loss=3.7784e-04 | val_loss=4.1525e-04 | | lr=5.00e-04
Saved best model to results/thesis_model_results/outputs/seed_robustness_shortlist/MTLSH__mse__minmax__seed168/mtlsh_state_dict_best.pt
Epoch 094 | train_loss=3.8828e-04 | train_eval_loss=3.8207e-04 | val_loss=4.1546e-04 | | lr=5.00e-04
Epoch 095 | train_loss=3.8717e-04 | train_eval_loss=3.8093e-04 | val_loss=4.1245e-04 | | lr=5.00e-04
Saved best model to results/thesis_model_results/outputs/seed_robustness_shortlist/MTLSH__mse__minmax__seed168/mtlsh_state_dict_best.pt
Epoch 096 | train_loss=3.8782e-04 | train_eval_loss=3.6819e-04 | val_loss=3.9800e-04 | | lr=5.00e-04
Saved best model to results/thesis_model_results/outputs/seed_robustness_shortlist/MTLSH__mse__minmax__seed168/mtlsh_state_dict_best.pt
Epoch 097 | train_loss=3.9163e-04 | train_eval_loss=3.9160e-04 | val_loss=4.2621e-04 | | lr=5.00e-04
Epoch 098 | train_loss=3.9358e-04 | train_eval_loss=3.6251e-04 | val_loss=3.9772e-04 | | lr=5.00e-04
Saved best model to results/thesis_model_results/outputs/seed_robustness_shortlist/MTLSH__mse__minmax__seed168/mtlsh_state_dict_best.pt
Epoch 099 | train_loss=3.7682e-04 | train_eval_loss=3.6250e-04 | val_loss=3.9793e-04 | | lr=5.00e-04
Epoch 100 | train_loss=3.7203e-04 | train_eval_loss=3.6181e-04 | val_loss=4.0225e-04 | | lr=5.00e-04
Epoch 101 | train_loss=3.7980e-04 | train_eval_loss=3.7986e-04 | val_loss=4.1491e-04 | | lr=5.00e-04
Epoch 102 | train_loss=3.7305e-04 | train_eval_loss=3.6548e-04 | val_loss=4.0211e-04 | | lr=5.00e-04
Epoch 103 | train_loss=3.6937e-04 | train_eval_loss=3.6483e-04 | val_loss=4.0718e-04 | | lr=5.00e-04
Epoch 104 | train_loss=3.8531e-04 | train_eval_loss=3.5946e-04 | val_loss=3.9547e-04 | | lr=5.00e-04
Saved best model to results/thesis_model_results/outputs/seed_robustness_shortlist/MTLSH__mse__minmax__seed168/mtlsh_state_dict_best.pt
Epoch 105 | train_loss=3.8132e-04 | train_eval_loss=3.5840e-04 | val_loss=3.9564e-04 | | lr=5.00e-04
Epoch 106 | train_loss=4.0591e-04 | train_eval_loss=3.7174e-04 | val_loss=4.1564e-04 | | lr=5.00e-04
Epoch 107 | train_loss=3.7129e-04 | train_eval_loss=3.6909e-04 | val_loss=4.0906e-04 | | lr=5.00e-04
Epoch 108 | train_loss=3.9526e-04 | train_eval_loss=3.8543e-04 | val_loss=4.2343e-04 | | lr=5.00e-04
Epoch 109 | train_loss=3.8047e-04 | train_eval_loss=3.6944e-04 | val_loss=4.1166e-04 | | lr=5.00e-04
Epoch 110 | train_loss=3.8413e-04 | train_eval_loss=4.0355e-04 | val_loss=4.4320e-04 | | lr=5.00e-04
Epoch 111 | train_loss=4.0216e-04 | train_eval_loss=3.8095e-04 | val_loss=4.2421e-04 | | lr=5.00e-04
Epoch 112 | train_loss=3.9151e-04 | train_eval_loss=3.9091e-04 | val_loss=4.3311e-04 | | lr=5.00e-04
Epoch 113 | train_loss=3.8170e-04 | train_eval_loss=4.6058e-04 | val_loss=4.8835e-04 | | lr=5.00e-04
Epoch 114 | train_loss=3.5059e-04 | train_eval_loss=3.3018e-04 | val_loss=3.7464e-04 | | lr=2.50e-04
Saved best model to results/thesis_model_results/outputs/seed_robustness_shortlist/MTLSH__mse__minmax__seed168/mtlsh_state_dict_best.pt
Epoch 115 | train_loss=3.3348e-04 | train_eval_loss=3.3310e-04 | val_loss=3.7569e-04 | | lr=2.50e-04
Epoch 116 | train_loss=3.3649e-04 | train_eval_loss=3.2458e-04 | val_loss=3.6796e-04 | | lr=2.50e-04
Saved best model to results/thesis_model_results/outputs/seed_robustness_shortlist/MTLSH__mse__minmax__seed168/mtlsh_state_dict_best.pt
Epoch 117 | train_loss=3.3728e-04 | train_eval_loss=3.4482e-04 | val_loss=3.8953e-04 | | lr=2.50e-04
Epoch 118 | train_loss=3.3529e-04 | train_eval_loss=3.2859e-04 | val_loss=3.7316e-04 | | lr=2.50e-04
Epoch 119 | train_loss=3.3012e-04 | train_eval_loss=4.1521e-04 | val_loss=4.4684e-04 | | lr=2.50e-04
Epoch 120 | train_loss=3.3330e-04 | train_eval_loss=3.3201e-04 | val_loss=3.7529e-04 | | lr=2.50e-04
Epoch 121 | train_loss=3.3254e-04 | train_eval_loss=3.6668e-04 | val_loss=4.0504e-04 | | lr=2.50e-04
Epoch 122 | train_loss=3.2832e-04 | train_eval_loss=3.3086e-04 | val_loss=3.7405e-04 | | lr=2.50e-04
Epoch 123 | train_loss=3.3282e-04 | train_eval_loss=3.1864e-04 | val_loss=3.6546e-04 | | lr=2.50e-04
Saved best model to results/thesis_model_results/outputs/seed_robustness_shortlist/MTLSH__mse__minmax__seed168/mtlsh_state_dict_best.pt
Epoch 124 | train_loss=3.3586e-04 | train_eval_loss=3.2746e-04 | val_loss=3.7158e-04 | | lr=2.50e-04
Epoch 125 | train_loss=3.3225e-04 | train_eval_loss=3.2437e-04 | val_loss=3.6657e-04 | | lr=2.50e-04
Epoch 126 | train_loss=3.3267e-04 | train_eval_loss=3.3585e-04 | val_loss=3.7701e-04 | | lr=2.50e-04
Epoch 127 | train_loss=3.3403e-04 | train_eval_loss=3.3897e-04 | val_loss=3.8639e-04 | | lr=2.50e-04
Epoch 128 | train_loss=3.3335e-04 | train_eval_loss=3.2428e-04 | val_loss=3.7142e-04 | | lr=2.50e-04
Epoch 129 | train_loss=3.2449e-04 | train_eval_loss=3.6220e-04 | val_loss=4.1054e-04 | | lr=2.50e-04
Epoch 130 | train_loss=3.3587e-04 | train_eval_loss=3.3396e-04 | val_loss=3.8473e-04 | | lr=2.50e-04
Epoch 131 | train_loss=3.2751e-04 | train_eval_loss=3.3793e-04 | val_loss=3.8194e-04 | | lr=2.50e-04
Epoch 132 | train_loss=3.3240e-04 | train_eval_loss=3.2655e-04 | val_loss=3.6828e-04 | | lr=2.50e-04
Epoch 133 | train_loss=3.1124e-04 | train_eval_loss=3.0873e-04 | val_loss=3.5880e-04 | | lr=1.25e-04
Saved best model to results/thesis_model_results/outputs/seed_robustness_shortlist/MTLSH__mse__minmax__seed168/mtlsh_state_dict_best.pt
Epoch 134 | train_loss=3.1014e-04 | train_eval_loss=3.0539e-04 | val_loss=3.5143e-04 | | lr=1.25e-04
Saved best model to results/thesis_model_results/outputs/seed_robustness_shortlist/MTLSH__mse__minmax__seed168/mtlsh_state_dict_best.pt
Epoch 135 | train_loss=3.1399e-04 | train_eval_loss=3.0226e-04 | val_loss=3.4956e-04 | | lr=1.25e-04
Saved best model to results/thesis_model_results/outputs/seed_robustness_shortlist/MTLSH__mse__minmax__seed168/mtlsh_state_dict_best.pt
Epoch 136 | train_loss=3.0508e-04 | train_eval_loss=3.1347e-04 | val_loss=3.6221e-04 | | lr=1.25e-04
Epoch 137 | train_loss=3.0820e-04 | train_eval_loss=3.0816e-04 | val_loss=3.5494e-04 | | lr=1.25e-04
Epoch 138 | train_loss=3.1059e-04 | train_eval_loss=3.1491e-04 | val_loss=3.6500e-04 | | lr=1.25e-04
Epoch 139 | train_loss=3.0795e-04 | train_eval_loss=3.0115e-04 | val_loss=3.5139e-04 | | lr=1.25e-04
Epoch 140 | train_loss=3.0514e-04 | train_eval_loss=2.9576e-04 | val_loss=3.4396e-04 | | lr=1.25e-04
Saved best model to results/thesis_model_results/outputs/seed_robustness_shortlist/MTLSH__mse__minmax__seed168/mtlsh_state_dict_best.pt
Epoch 141 | train_loss=3.0482e-04 | train_eval_loss=3.4078e-04 | val_loss=3.8734e-04 | | lr=1.25e-04
Epoch 142 | train_loss=3.1286e-04 | train_eval_loss=3.0380e-04 | val_loss=3.5467e-04 | | lr=1.25e-04
Epoch 143 | train_loss=3.0354e-04 | train_eval_loss=3.0002e-04 | val_loss=3.5288e-04 | | lr=1.25e-04
Epoch 144 | train_loss=3.0913e-04 | train_eval_loss=3.0098e-04 | val_loss=3.5015e-04 | | lr=1.25e-04
Epoch 145 | train_loss=3.0752e-04 | train_eval_loss=3.0124e-04 | val_loss=3.5015e-04 | | lr=1.25e-04
Epoch 146 | train_loss=2.9998e-04 | train_eval_loss=3.0358e-04 | val_loss=3.5528e-04 | | lr=1.25e-04
Epoch 147 | train_loss=3.0647e-04 | train_eval_loss=3.0201e-04 | val_loss=3.5140e-04 | | lr=1.25e-04
Epoch 148 | train_loss=3.0238e-04 | train_eval_loss=2.9551e-04 | val_loss=3.4573e-04 | | lr=1.25e-04
Epoch 149 | train_loss=3.0021e-04 | train_eval_loss=3.2179e-04 | val_loss=3.7327e-04 | | lr=1.25e-04
Epoch 150 | train_loss=2.9630e-04 | train_eval_loss=2.9170e-04 | val_loss=3.4602e-04 | | lr=6.25e-05
Epoch 151 | train_loss=2.9346e-04 | train_eval_loss=2.8834e-04 | val_loss=3.4121e-04 | | lr=6.25e-05
Saved best model to results/thesis_model_results/outputs/seed_robustness_shortlist/MTLSH__mse__minmax__seed168/mtlsh_state_dict_best.pt
Epoch 152 | train_loss=2.9215e-04 | train_eval_loss=2.8959e-04 | val_loss=3.4236e-04 | | lr=6.25e-05
Epoch 153 | train_loss=2.9191e-04 | train_eval_loss=3.0209e-04 | val_loss=3.5559e-04 | | lr=6.25e-05
Epoch 154 | train_loss=2.9233e-04 | train_eval_loss=2.8470e-04 | val_loss=3.3652e-04 | | lr=6.25e-05
Saved best model to results/thesis_model_results/outputs/seed_robustness_shortlist/MTLSH__mse__minmax__seed168/mtlsh_state_dict_best.pt
Epoch 155 | train_loss=2.9180e-04 | train_eval_loss=2.8526e-04 | val_loss=3.3571e-04 | | lr=6.25e-05
Saved best model to results/thesis_model_results/outputs/seed_robustness_shortlist/MTLSH__mse__minmax__seed168/mtlsh_state_dict_best.pt
Epoch 156 | train_loss=2.9059e-04 | train_eval_loss=2.8746e-04 | val_loss=3.4016e-04 | | lr=6.25e-05
Epoch 157 | train_loss=2.9189e-04 | train_eval_loss=2.8894e-04 | val_loss=3.4133e-04 | | lr=6.25e-05
Epoch 158 | train_loss=2.9190e-04 | train_eval_loss=2.8883e-04 | val_loss=3.4182e-04 | | lr=6.25e-05
Epoch 159 | train_loss=2.9120e-04 | train_eval_loss=2.8982e-04 | val_loss=3.4236e-04 | | lr=6.25e-05
Epoch 160 | train_loss=2.9192e-04 | train_eval_loss=2.8720e-04 | val_loss=3.4144e-04 | | lr=6.25e-05
Epoch 161 | train_loss=2.8972e-04 | train_eval_loss=2.8806e-04 | val_loss=3.4083e-04 | | lr=6.25e-05
Epoch 162 | train_loss=2.8913e-04 | train_eval_loss=2.8757e-04 | val_loss=3.4034e-04 | | lr=6.25e-05
Epoch 163 | train_loss=2.9336e-04 | train_eval_loss=2.8747e-04 | val_loss=3.3984e-04 | | lr=6.25e-05
Epoch 164 | train_loss=2.9094e-04 | train_eval_loss=2.8636e-04 | val_loss=3.3821e-04 | | lr=6.25e-05
Epoch 165 | train_loss=2.8471e-04 | train_eval_loss=2.8419e-04 | val_loss=3.3829e-04 | | lr=3.13e-05
Epoch 166 | train_loss=2.8442e-04 | train_eval_loss=2.8288e-04 | val_loss=3.3686e-04 | | lr=3.13e-05
Epoch 167 | train_loss=2.8441e-04 | train_eval_loss=2.8506e-04 | val_loss=3.3988e-04 | | lr=3.13e-05
Epoch 168 | train_loss=2.8458e-04 | train_eval_loss=2.8928e-04 | val_loss=3.4089e-04 | | lr=3.13e-05
Epoch 169 | train_loss=2.8483e-04 | train_eval_loss=2.8658e-04 | val_loss=3.4050e-04 | | lr=3.13e-05
Epoch 170 | train_loss=2.8758e-04 | train_eval_loss=2.8012e-04 | val_loss=3.3398e-04 | | lr=3.13e-05
Saved best model to results/thesis_model_results/outputs/seed_robustness_shortlist/MTLSH__mse__minmax__seed168/mtlsh_state_dict_best.pt
Epoch 171 | train_loss=2.8390e-04 | train_eval_loss=2.8009e-04 | val_loss=3.3359e-04 | | lr=3.13e-05
Saved best model to results/thesis_model_results/outputs/seed_robustness_shortlist/MTLSH__mse__minmax__seed168/mtlsh_state_dict_best.pt
Epoch 172 | train_loss=2.8375e-04 | train_eval_loss=2.8062e-04 | val_loss=3.3397e-04 | | lr=3.13e-05
Epoch 173 | train_loss=2.8245e-04 | train_eval_loss=2.8130e-04 | val_loss=3.3728e-04 | | lr=3.13e-05
Epoch 174 | train_loss=2.8293e-04 | train_eval_loss=2.8133e-04 | val_loss=3.3662e-04 | | lr=3.13e-05
Epoch 175 | train_loss=2.8306e-04 | train_eval_loss=2.8056e-04 | val_loss=3.3444e-04 | | lr=3.13e-05
Epoch 176 | train_loss=2.8330e-04 | train_eval_loss=2.7932e-04 | val_loss=3.3446e-04 | | lr=3.13e-05
Epoch 177 | train_loss=2.8262e-04 | train_eval_loss=2.8045e-04 | val_loss=3.3596e-04 | | lr=3.13e-05
Epoch 178 | train_loss=2.8369e-04 | train_eval_loss=2.8205e-04 | val_loss=3.3713e-04 | | lr=3.13e-05
Epoch 179 | train_loss=2.8341e-04 | train_eval_loss=2.8357e-04 | val_loss=3.3836e-04 | | lr=3.13e-05
Epoch 180 | train_loss=2.8225e-04 | train_eval_loss=2.8242e-04 | val_loss=3.3737e-04 | | lr=3.13e-05
Epoch 181 | train_loss=2.7992e-04 | train_eval_loss=2.7756e-04 | val_loss=3.3129e-04 | | lr=1.56e-05
Saved best model to results/thesis_model_results/outputs/seed_robustness_shortlist/MTLSH__mse__minmax__seed168/mtlsh_state_dict_best.pt
Epoch 182 | train_loss=2.7948e-04 | train_eval_loss=2.7793e-04 | val_loss=3.3316e-04 | | lr=1.56e-05
Epoch 183 | train_loss=2.7896e-04 | train_eval_loss=2.7870e-04 | val_loss=3.3371e-04 | | lr=1.56e-05
Epoch 184 | train_loss=2.7946e-04 | train_eval_loss=2.7774e-04 | val_loss=3.3245e-04 | | lr=1.56e-05
Epoch 185 | train_loss=2.8005e-04 | train_eval_loss=2.7734e-04 | val_loss=3.3308e-04 | | lr=1.56e-05
Epoch 186 | train_loss=2.7945e-04 | train_eval_loss=2.7792e-04 | val_loss=3.3401e-04 | | lr=1.56e-05
Epoch 187 | train_loss=2.7876e-04 | train_eval_loss=2.7726e-04 | val_loss=3.3226e-04 | | lr=1.56e-05
Epoch 188 | train_loss=2.7896e-04 | train_eval_loss=2.7777e-04 | val_loss=3.3416e-04 | | lr=1.56e-05
Epoch 189 | train_loss=2.7890e-04 | train_eval_loss=2.7723e-04 | val_loss=3.3194e-04 | | lr=1.56e-05
Epoch 190 | train_loss=2.7846e-04 | train_eval_loss=2.7797e-04 | val_loss=3.3354e-04 | | lr=1.56e-05
Epoch 191 | train_loss=2.7759e-04 | train_eval_loss=2.7655e-04 | val_loss=3.3168e-04 | | lr=7.81e-06
Epoch 192 | train_loss=2.7714e-04 | train_eval_loss=2.7651e-04 | val_loss=3.3234e-04 | | lr=7.81e-06
Epoch 193 | train_loss=2.7690e-04 | train_eval_loss=2.7612e-04 | val_loss=3.3154e-04 | | lr=7.81e-06
Epoch 194 | train_loss=2.7744e-04 | train_eval_loss=2.7744e-04 | val_loss=3.3310e-04 | | lr=7.81e-06
Epoch 195 | train_loss=2.7719e-04 | train_eval_loss=2.7600e-04 | val_loss=3.3161e-04 | | lr=7.81e-06
Epoch 196 | train_loss=2.7686e-04 | train_eval_loss=2.7656e-04 | val_loss=3.3190e-04 | | lr=7.81e-06
Epoch 197 | train_loss=2.7701e-04 | train_eval_loss=2.7571e-04 | val_loss=3.3129e-04 | | lr=7.81e-06
Saved best model to results/thesis_model_results/outputs/seed_robustness_shortlist/MTLSH__mse__minmax__seed168/mtlsh_state_dict_best.pt
Epoch 198 | train_loss=2.7723e-04 | train_eval_loss=2.7565e-04 | val_loss=3.3166e-04 | | lr=7.81e-06
Epoch 199 | train_loss=2.7678e-04 | train_eval_loss=2.7565e-04 | val_loss=3.3152e-04 | | lr=7.81e-06
Epoch 200 | train_loss=2.7589e-04 | train_eval_loss=2.7516e-04 | val_loss=3.3098e-04 | | lr=3.91e-06
Saved best model to results/thesis_model_results/outputs/seed_robustness_shortlist/MTLSH__mse__minmax__seed168/mtlsh_state_dict_best.pt
Saved training logs to results/thesis_model_results/outputs/seed_robustness_shortlist/MTLSH__mse__minmax__seed168/training_summary.txt
Test RMSE(rocof_COI) = 0.0133 | norm: 0.0101 | real_diff: 0.0088
Test RMSE(dev_COI) = 0.0211 | norm: 0.0078 | real_diff: 0.0108
Test RMSE(Delta_P_IBR_1) = 0.1113 | norm: 0.0176 | real_diff: 0.0725
Test RMSE(Delta_P_IBR_2) = 0.0956 | norm: 0.0133 | real_diff: 0.0540
Test RMSE(Delta_P_IBR_3) = 0.1736 | norm: 0.0305 | real_diff: 0.0912
Test RMSE(Delta_P_IBR_4) = 0.1761 | norm: 0.0182 | real_diff: 0.1053
Saved RMSE results to results/thesis_model_results/outputs/seed_robustness_shortlist/MTLSH__mse__minmax__seed168/rmse_results.txt
Saved detailed metrics to results/thesis_model_results/outputs/seed_robustness_shortlist/MTLSH__mse__minmax__seed168/metrics_by_target.csv
Saved aggregate metrics to results/thesis_model_results/outputs/seed_robustness_shortlist/MTLSH__mse__minmax__seed168/metrics_summary.json
Saved loss curves to results/thesis_model_results/outputs/seed_robustness_shortlist/MTLSH__mse__minmax__seed168/loss_curve.png
Saved scatter plot results/thesis_model_results/outputs/seed_robustness_shortlist/MTLSH__mse__minmax__seed168/scatter_rocof_COI.png
Saved scatter plot results/thesis_model_results/outputs/seed_robustness_shortlist/MTLSH__mse__minmax__seed168/scatter_dev_COI.png
Saved scatter plot results/thesis_model_results/outputs/seed_robustness_shortlist/MTLSH__mse__minmax__seed168/scatter_Delta_P_IBR_1.png
Saved scatter plot results/thesis_model_results/outputs/seed_robustness_shortlist/MTLSH__mse__minmax__seed168/scatter_Delta_P_IBR_2.png
Saved scatter plot results/thesis_model_results/outputs/seed_robustness_shortlist/MTLSH__mse__minmax__seed168/scatter_Delta_P_IBR_3.png
Saved scatter plot results/thesis_model_results/outputs/seed_robustness_shortlist/MTLSH__mse__minmax__seed168/scatter_Delta_P_IBR_4.png
Saved model to results/thesis_model_results/outputs/seed_robustness_shortlist/MTLSH__mse__minmax__seed168/mtlsh_state_dict.pt
Loss type: mse | weights=[]
Target stats (scaled):
train mean=[0.549  0.589  0.492  0.4884 0.4785 0.4192]
train std=[0.1365 0.1371 0.1141 0.1063 0.1158 0.1138]
train q05=[0.3074 0.3979 0.3192 0.303  0.3347 0.2205]
train q95=[0.7933 0.8652 0.6719 0.6491 0.6927 0.6016]
val mean=[0.5473 0.5873 0.4922 0.4893 0.4798 0.4201]
val std=[0.1343 0.1348 0.1123 0.1072 0.1141 0.1112]
val q05=[0.3103 0.3982 0.3195 0.303  0.3376 0.2251]
val q95=[0.7886 0.8626 0.6731 0.6514 0.6918 0.5984]
val/train std ratio=[0.984  0.9828 0.9844 1.0084 0.9848 0.9772]
LR scheduler: ReduceLROnPlateau (factor=0.5, patience=8, min_lr=1e-07)
Epoch 001 | train_loss=4.3809e-02 | train_eval_loss=1.4434e-02 | val_loss=1.4039e-02 | | lr=1.00e-03
Saved best model to results/thesis_model_results/outputs/seed_robustness_shortlist/MTLGSH__mse__minmax__seed21/mtlgsh_state_dict_best.pt
Epoch 002 | train_loss=1.6426e-02 | train_eval_loss=1.3989e-02 | val_loss=1.3594e-02 | | lr=1.00e-03
Saved best model to results/thesis_model_results/outputs/seed_robustness_shortlist/MTLGSH__mse__minmax__seed21/mtlgsh_state_dict_best.pt
Epoch 003 | train_loss=1.2276e-02 | train_eval_loss=4.1536e-03 | val_loss=4.0725e-03 | | lr=1.00e-03
Saved best model to results/thesis_model_results/outputs/seed_robustness_shortlist/MTLGSH__mse__minmax__seed21/mtlgsh_state_dict_best.pt
Epoch 004 | train_loss=5.4981e-03 | train_eval_loss=3.6268e-03 | val_loss=3.5691e-03 | | lr=1.00e-03
Saved best model to results/thesis_model_results/outputs/seed_robustness_shortlist/MTLGSH__mse__minmax__seed21/mtlgsh_state_dict_best.pt
Epoch 005 | train_loss=4.9401e-03 | train_eval_loss=3.3143e-03 | val_loss=3.2624e-03 | | lr=1.00e-03
Saved best model to results/thesis_model_results/outputs/seed_robustness_shortlist/MTLGSH__mse__minmax__seed21/mtlgsh_state_dict_best.pt
Epoch 006 | train_loss=4.7065e-03 | train_eval_loss=3.1152e-03 | val_loss=3.0765e-03 | | lr=1.00e-03
Saved best model to results/thesis_model_results/outputs/seed_robustness_shortlist/MTLGSH__mse__minmax__seed21/mtlgsh_state_dict_best.pt
Epoch 007 | train_loss=4.2618e-03 | train_eval_loss=2.6396e-03 | val_loss=2.6279e-03 | | lr=1.00e-03
Saved best model to results/thesis_model_results/outputs/seed_robustness_shortlist/MTLGSH__mse__minmax__seed21/mtlgsh_state_dict_best.pt
Epoch 008 | train_loss=3.8808e-03 | train_eval_loss=2.4820e-03 | val_loss=2.4847e-03 | | lr=1.00e-03
Saved best model to results/thesis_model_results/outputs/seed_robustness_shortlist/MTLGSH__mse__minmax__seed21/mtlgsh_state_dict_best.pt
Epoch 009 | train_loss=3.5489e-03 | train_eval_loss=2.0703e-03 | val_loss=2.0762e-03 | | lr=1.00e-03
Saved best model to results/thesis_model_results/outputs/seed_robustness_shortlist/MTLGSH__mse__minmax__seed21/mtlgsh_state_dict_best.pt
Epoch 010 | train_loss=3.3170e-03 | train_eval_loss=1.9603e-03 | val_loss=1.9499e-03 | | lr=1.00e-03
Saved best model to results/thesis_model_results/outputs/seed_robustness_shortlist/MTLGSH__mse__minmax__seed21/mtlgsh_state_dict_best.pt
Epoch 011 | train_loss=3.0903e-03 | train_eval_loss=1.7878e-03 | val_loss=1.7925e-03 | | lr=1.00e-03
Saved best model to results/thesis_model_results/outputs/seed_robustness_shortlist/MTLGSH__mse__minmax__seed21/mtlgsh_state_dict_best.pt
Epoch 012 | train_loss=2.9362e-03 | train_eval_loss=1.7078e-03 | val_loss=1.7187e-03 | | lr=1.00e-03
Saved best model to results/thesis_model_results/outputs/seed_robustness_shortlist/MTLGSH__mse__minmax__seed21/mtlgsh_state_dict_best.pt
Epoch 013 | train_loss=2.7175e-03 | train_eval_loss=1.4093e-03 | val_loss=1.4052e-03 | | lr=1.00e-03
Saved best model to results/thesis_model_results/outputs/seed_robustness_shortlist/MTLGSH__mse__minmax__seed21/mtlgsh_state_dict_best.pt
Epoch 014 | train_loss=2.5833e-03 | train_eval_loss=1.5603e-03 | val_loss=1.5532e-03 | | lr=1.00e-03
Epoch 015 | train_loss=2.4895e-03 | train_eval_loss=1.3242e-03 | val_loss=1.2981e-03 | | lr=1.00e-03
Saved best model to results/thesis_model_results/outputs/seed_robustness_shortlist/MTLGSH__mse__minmax__seed21/mtlgsh_state_dict_best.pt
Epoch 016 | train_loss=2.3096e-03 | train_eval_loss=1.2219e-03 | val_loss=1.2082e-03 | | lr=1.00e-03
Saved best model to results/thesis_model_results/outputs/seed_robustness_shortlist/MTLGSH__mse__minmax__seed21/mtlgsh_state_dict_best.pt
Epoch 017 | train_loss=2.2824e-03 | train_eval_loss=1.2446e-03 | val_loss=1.2351e-03 | | lr=1.00e-03
Epoch 018 | train_loss=2.3005e-03 | train_eval_loss=1.1342e-03 | val_loss=1.1143e-03 | | lr=1.00e-03
Saved best model to results/thesis_model_results/outputs/seed_robustness_shortlist/MTLGSH__mse__minmax__seed21/mtlgsh_state_dict_best.pt
Epoch 019 | train_loss=2.1787e-03 | train_eval_loss=1.3227e-03 | val_loss=1.3119e-03 | | lr=1.00e-03
Epoch 020 | train_loss=2.0973e-03 | train_eval_loss=1.1295e-03 | val_loss=1.1267e-03 | | lr=1.00e-03
Epoch 021 | train_loss=2.0842e-03 | train_eval_loss=1.0797e-03 | val_loss=1.0614e-03 | | lr=1.00e-03
Saved best model to results/thesis_model_results/outputs/seed_robustness_shortlist/MTLGSH__mse__minmax__seed21/mtlgsh_state_dict_best.pt
Epoch 022 | train_loss=1.9847e-03 | train_eval_loss=1.0313e-03 | val_loss=1.0303e-03 | | lr=1.00e-03
Saved best model to results/thesis_model_results/outputs/seed_robustness_shortlist/MTLGSH__mse__minmax__seed21/mtlgsh_state_dict_best.pt
Epoch 023 | train_loss=1.9107e-03 | train_eval_loss=1.0265e-03 | val_loss=1.0126e-03 | | lr=1.00e-03
Saved best model to results/thesis_model_results/outputs/seed_robustness_shortlist/MTLGSH__mse__minmax__seed21/mtlgsh_state_dict_best.pt
Epoch 024 | train_loss=1.9207e-03 | train_eval_loss=1.0505e-03 | val_loss=1.0431e-03 | | lr=1.00e-03
Epoch 025 | train_loss=1.9224e-03 | train_eval_loss=1.1247e-03 | val_loss=1.1254e-03 | | lr=1.00e-03
Epoch 026 | train_loss=1.8166e-03 | train_eval_loss=9.1262e-04 | val_loss=9.1416e-04 | | lr=1.00e-03
Saved best model to results/thesis_model_results/outputs/seed_robustness_shortlist/MTLGSH__mse__minmax__seed21/mtlgsh_state_dict_best.pt
Epoch 027 | train_loss=1.7876e-03 | train_eval_loss=9.8428e-04 | val_loss=9.8157e-04 | | lr=1.00e-03
Epoch 028 | train_loss=1.7435e-03 | train_eval_loss=8.6573e-04 | val_loss=8.7323e-04 | | lr=1.00e-03
Saved best model to results/thesis_model_results/outputs/seed_robustness_shortlist/MTLGSH__mse__minmax__seed21/mtlgsh_state_dict_best.pt
Epoch 029 | train_loss=1.6870e-03 | train_eval_loss=8.7013e-04 | val_loss=8.7537e-04 | | lr=1.00e-03
Epoch 030 | train_loss=1.6364e-03 | train_eval_loss=1.1268e-03 | val_loss=1.1341e-03 | | lr=1.00e-03
Epoch 031 | train_loss=1.5820e-03 | train_eval_loss=8.1833e-04 | val_loss=8.2229e-04 | | lr=1.00e-03
Saved best model to results/thesis_model_results/outputs/seed_robustness_shortlist/MTLGSH__mse__minmax__seed21/mtlgsh_state_dict_best.pt
Epoch 032 | train_loss=1.5495e-03 | train_eval_loss=9.8049e-04 | val_loss=9.7630e-04 | | lr=1.00e-03
Epoch 033 | train_loss=1.5336e-03 | train_eval_loss=8.9723e-04 | val_loss=8.8805e-04 | | lr=1.00e-03
Epoch 034 | train_loss=1.5217e-03 | train_eval_loss=7.9487e-04 | val_loss=7.9190e-04 | | lr=1.00e-03
Saved best model to results/thesis_model_results/outputs/seed_robustness_shortlist/MTLGSH__mse__minmax__seed21/mtlgsh_state_dict_best.pt
Epoch 035 | train_loss=1.4295e-03 | train_eval_loss=7.7399e-04 | val_loss=7.7343e-04 | | lr=1.00e-03
Saved best model to results/thesis_model_results/outputs/seed_robustness_shortlist/MTLGSH__mse__minmax__seed21/mtlgsh_state_dict_best.pt
Epoch 036 | train_loss=1.4039e-03 | train_eval_loss=8.8182e-04 | val_loss=8.8552e-04 | | lr=1.00e-03
Epoch 037 | train_loss=1.3549e-03 | train_eval_loss=7.3134e-04 | val_loss=7.3068e-04 | | lr=1.00e-03
Saved best model to results/thesis_model_results/outputs/seed_robustness_shortlist/MTLGSH__mse__minmax__seed21/mtlgsh_state_dict_best.pt
Epoch 038 | train_loss=1.3466e-03 | train_eval_loss=7.5670e-04 | val_loss=7.6184e-04 | | lr=1.00e-03
Epoch 039 | train_loss=1.3451e-03 | train_eval_loss=8.2595e-04 | val_loss=8.2705e-04 | | lr=1.00e-03
Epoch 040 | train_loss=1.2516e-03 | train_eval_loss=7.3840e-04 | val_loss=7.3861e-04 | | lr=1.00e-03
Epoch 041 | train_loss=1.2305e-03 | train_eval_loss=7.4626e-04 | val_loss=7.5656e-04 | | lr=1.00e-03
Epoch 042 | train_loss=1.1965e-03 | train_eval_loss=6.8145e-04 | val_loss=6.8425e-04 | | lr=1.00e-03
Saved best model to results/thesis_model_results/outputs/seed_robustness_shortlist/MTLGSH__mse__minmax__seed21/mtlgsh_state_dict_best.pt
Epoch 043 | train_loss=1.1837e-03 | train_eval_loss=7.7549e-04 | val_loss=7.7680e-04 | | lr=1.00e-03
Epoch 044 | train_loss=1.2048e-03 | train_eval_loss=1.1897e-03 | val_loss=1.1882e-03 | | lr=1.00e-03
Epoch 045 | train_loss=1.1909e-03 | train_eval_loss=7.6786e-04 | val_loss=7.7054e-04 | | lr=1.00e-03
Epoch 046 | train_loss=1.0773e-03 | train_eval_loss=7.0449e-04 | val_loss=7.1239e-04 | | lr=1.00e-03
Epoch 047 | train_loss=1.1035e-03 | train_eval_loss=7.8576e-04 | val_loss=7.9251e-04 | | lr=1.00e-03
Epoch 048 | train_loss=1.0862e-03 | train_eval_loss=6.4304e-04 | val_loss=6.4662e-04 | | lr=1.00e-03
Saved best model to results/thesis_model_results/outputs/seed_robustness_shortlist/MTLGSH__mse__minmax__seed21/mtlgsh_state_dict_best.pt
Epoch 049 | train_loss=1.0229e-03 | train_eval_loss=6.4633e-04 | val_loss=6.4938e-04 | | lr=1.00e-03
Epoch 050 | train_loss=9.9599e-04 | train_eval_loss=1.2243e-03 | val_loss=1.2384e-03 | | lr=1.00e-03
Epoch 051 | train_loss=1.0412e-03 | train_eval_loss=7.3045e-04 | val_loss=7.3608e-04 | | lr=1.00e-03
Epoch 052 | train_loss=1.0078e-03 | train_eval_loss=6.7921e-04 | val_loss=6.9302e-04 | | lr=1.00e-03
Epoch 053 | train_loss=9.2917e-04 | train_eval_loss=6.2376e-04 | val_loss=6.3322e-04 | | lr=1.00e-03
Saved best model to results/thesis_model_results/outputs/seed_robustness_shortlist/MTLGSH__mse__minmax__seed21/mtlgsh_state_dict_best.pt
Epoch 054 | train_loss=9.1516e-04 | train_eval_loss=8.5216e-04 | val_loss=8.6466e-04 | | lr=1.00e-03
Epoch 055 | train_loss=9.5676e-04 | train_eval_loss=6.1288e-04 | val_loss=6.2418e-04 | | lr=1.00e-03
Saved best model to results/thesis_model_results/outputs/seed_robustness_shortlist/MTLGSH__mse__minmax__seed21/mtlgsh_state_dict_best.pt
Epoch 056 | train_loss=8.9994e-04 | train_eval_loss=6.2861e-04 | val_loss=6.3673e-04 | | lr=1.00e-03
Epoch 057 | train_loss=9.3869e-04 | train_eval_loss=6.1164e-04 | val_loss=6.1952e-04 | | lr=1.00e-03
Saved best model to results/thesis_model_results/outputs/seed_robustness_shortlist/MTLGSH__mse__minmax__seed21/mtlgsh_state_dict_best.pt
Epoch 058 | train_loss=9.2801e-04 | train_eval_loss=6.4325e-04 | val_loss=6.5472e-04 | | lr=1.00e-03
Epoch 059 | train_loss=8.3875e-04 | train_eval_loss=1.0374e-03 | val_loss=1.0677e-03 | | lr=1.00e-03
Epoch 060 | train_loss=9.0299e-04 | train_eval_loss=6.1005e-04 | val_loss=6.2138e-04 | | lr=1.00e-03
Epoch 061 | train_loss=8.0606e-04 | train_eval_loss=5.4389e-04 | val_loss=5.6066e-04 | | lr=1.00e-03
Saved best model to results/thesis_model_results/outputs/seed_robustness_shortlist/MTLGSH__mse__minmax__seed21/mtlgsh_state_dict_best.pt
Epoch 062 | train_loss=8.5340e-04 | train_eval_loss=1.1066e-03 | val_loss=1.0970e-03 | | lr=1.00e-03
Epoch 063 | train_loss=8.1104e-04 | train_eval_loss=6.9397e-04 | val_loss=7.0586e-04 | | lr=1.00e-03
Epoch 064 | train_loss=7.9704e-04 | train_eval_loss=5.9717e-04 | val_loss=6.0923e-04 | | lr=1.00e-03
Epoch 065 | train_loss=8.9834e-04 | train_eval_loss=6.0732e-04 | val_loss=6.0826e-04 | | lr=1.00e-03
Epoch 066 | train_loss=7.8390e-04 | train_eval_loss=6.6339e-04 | val_loss=6.8311e-04 | | lr=1.00e-03
Epoch 067 | train_loss=7.8106e-04 | train_eval_loss=5.4362e-04 | val_loss=5.5190e-04 | | lr=1.00e-03
Saved best model to results/thesis_model_results/outputs/seed_robustness_shortlist/MTLGSH__mse__minmax__seed21/mtlgsh_state_dict_best.pt
Epoch 068 | train_loss=7.1692e-04 | train_eval_loss=5.2486e-04 | val_loss=5.3689e-04 | | lr=1.00e-03
Saved best model to results/thesis_model_results/outputs/seed_robustness_shortlist/MTLGSH__mse__minmax__seed21/mtlgsh_state_dict_best.pt
Epoch 069 | train_loss=7.3786e-04 | train_eval_loss=4.8841e-04 | val_loss=5.0180e-04 | | lr=1.00e-03
Saved best model to results/thesis_model_results/outputs/seed_robustness_shortlist/MTLGSH__mse__minmax__seed21/mtlgsh_state_dict_best.pt
Epoch 070 | train_loss=6.9447e-04 | train_eval_loss=6.4862e-04 | val_loss=6.6797e-04 | | lr=1.00e-03
Epoch 071 | train_loss=7.1834e-04 | train_eval_loss=5.1696e-04 | val_loss=5.3362e-04 | | lr=1.00e-03
Epoch 072 | train_loss=7.2986e-04 | train_eval_loss=6.1087e-04 | val_loss=6.1667e-04 | | lr=1.00e-03
Epoch 073 | train_loss=7.1387e-04 | train_eval_loss=6.8319e-04 | val_loss=7.1785e-04 | | lr=1.00e-03
Epoch 074 | train_loss=7.4978e-04 | train_eval_loss=6.6199e-04 | val_loss=6.8559e-04 | | lr=1.00e-03
Epoch 075 | train_loss=7.2674e-04 | train_eval_loss=8.1889e-04 | val_loss=8.4658e-04 | | lr=1.00e-03
Epoch 076 | train_loss=7.0968e-04 | train_eval_loss=5.2120e-04 | val_loss=5.3978e-04 | | lr=1.00e-03
Epoch 077 | train_loss=6.5480e-04 | train_eval_loss=5.4817e-04 | val_loss=5.6809e-04 | | lr=1.00e-03
Epoch 078 | train_loss=7.2915e-04 | train_eval_loss=5.1511e-04 | val_loss=5.3438e-04 | | lr=1.00e-03
Epoch 079 | train_loss=5.8687e-04 | train_eval_loss=4.6395e-04 | val_loss=4.8264e-04 | | lr=5.00e-04
Saved best model to results/thesis_model_results/outputs/seed_robustness_shortlist/MTLGSH__mse__minmax__seed21/mtlgsh_state_dict_best.pt
Epoch 080 | train_loss=5.7422e-04 | train_eval_loss=4.1824e-04 | val_loss=4.4239e-04 | | lr=5.00e-04
Saved best model to results/thesis_model_results/outputs/seed_robustness_shortlist/MTLGSH__mse__minmax__seed21/mtlgsh_state_dict_best.pt
Epoch 081 | train_loss=5.6404e-04 | train_eval_loss=4.2846e-04 | val_loss=4.5130e-04 | | lr=5.00e-04
Epoch 082 | train_loss=5.6461e-04 | train_eval_loss=4.9813e-04 | val_loss=5.2605e-04 | | lr=5.00e-04
Epoch 083 | train_loss=5.8022e-04 | train_eval_loss=4.7634e-04 | val_loss=5.0062e-04 | | lr=5.00e-04
Epoch 084 | train_loss=5.6504e-04 | train_eval_loss=4.4276e-04 | val_loss=4.6605e-04 | | lr=5.00e-04
Epoch 085 | train_loss=5.7272e-04 | train_eval_loss=4.1548e-04 | val_loss=4.4240e-04 | | lr=5.00e-04
Epoch 086 | train_loss=5.7477e-04 | train_eval_loss=4.1995e-04 | val_loss=4.5310e-04 | | lr=5.00e-04
Epoch 087 | train_loss=5.4756e-04 | train_eval_loss=4.2188e-04 | val_loss=4.4654e-04 | | lr=5.00e-04
Epoch 088 | train_loss=5.5022e-04 | train_eval_loss=4.1311e-04 | val_loss=4.4033e-04 | | lr=5.00e-04
Saved best model to results/thesis_model_results/outputs/seed_robustness_shortlist/MTLGSH__mse__minmax__seed21/mtlgsh_state_dict_best.pt
Epoch 089 | train_loss=5.4380e-04 | train_eval_loss=4.0053e-04 | val_loss=4.2615e-04 | | lr=5.00e-04
Saved best model to results/thesis_model_results/outputs/seed_robustness_shortlist/MTLGSH__mse__minmax__seed21/mtlgsh_state_dict_best.pt
Epoch 090 | train_loss=5.3894e-04 | train_eval_loss=4.4516e-04 | val_loss=4.7312e-04 | | lr=5.00e-04
Epoch 091 | train_loss=5.5260e-04 | train_eval_loss=4.5285e-04 | val_loss=4.8591e-04 | | lr=5.00e-04
Epoch 092 | train_loss=5.3757e-04 | train_eval_loss=4.1437e-04 | val_loss=4.4763e-04 | | lr=5.00e-04
Epoch 093 | train_loss=5.2577e-04 | train_eval_loss=4.4190e-04 | val_loss=4.7594e-04 | | lr=5.00e-04
Epoch 094 | train_loss=5.5515e-04 | train_eval_loss=4.1756e-04 | val_loss=4.5166e-04 | | lr=5.00e-04
Epoch 095 | train_loss=5.2719e-04 | train_eval_loss=4.2072e-04 | val_loss=4.4765e-04 | | lr=5.00e-04
Epoch 096 | train_loss=5.1930e-04 | train_eval_loss=3.8649e-04 | val_loss=4.1888e-04 | | lr=5.00e-04
Saved best model to results/thesis_model_results/outputs/seed_robustness_shortlist/MTLGSH__mse__minmax__seed21/mtlgsh_state_dict_best.pt
Epoch 097 | train_loss=5.3064e-04 | train_eval_loss=4.4212e-04 | val_loss=4.7626e-04 | | lr=5.00e-04
Epoch 098 | train_loss=5.3100e-04 | train_eval_loss=4.0397e-04 | val_loss=4.3110e-04 | | lr=5.00e-04
Epoch 099 | train_loss=5.2590e-04 | train_eval_loss=4.1772e-04 | val_loss=4.5373e-04 | | lr=5.00e-04
Epoch 100 | train_loss=5.3249e-04 | train_eval_loss=4.0545e-04 | val_loss=4.4585e-04 | | lr=5.00e-04
Epoch 101 | train_loss=5.6406e-04 | train_eval_loss=4.8903e-04 | val_loss=5.2015e-04 | | lr=5.00e-04
Epoch 102 | train_loss=5.4839e-04 | train_eval_loss=3.9118e-04 | val_loss=4.3013e-04 | | lr=5.00e-04
Epoch 103 | train_loss=5.2113e-04 | train_eval_loss=4.0030e-04 | val_loss=4.3542e-04 | | lr=5.00e-04
Epoch 104 | train_loss=5.2383e-04 | train_eval_loss=4.5102e-04 | val_loss=4.9048e-04 | | lr=5.00e-04
Epoch 105 | train_loss=5.3109e-04 | train_eval_loss=6.4519e-04 | val_loss=6.8863e-04 | | lr=5.00e-04
Epoch 106 | train_loss=5.1281e-04 | train_eval_loss=3.8513e-04 | val_loss=4.1461e-04 | | lr=2.50e-04
Saved best model to results/thesis_model_results/outputs/seed_robustness_shortlist/MTLGSH__mse__minmax__seed21/mtlgsh_state_dict_best.pt
Epoch 107 | train_loss=4.6472e-04 | train_eval_loss=3.4916e-04 | val_loss=3.8610e-04 | | lr=2.50e-04
Saved best model to results/thesis_model_results/outputs/seed_robustness_shortlist/MTLGSH__mse__minmax__seed21/mtlgsh_state_dict_best.pt
Epoch 108 | train_loss=4.5784e-04 | train_eval_loss=3.5566e-04 | val_loss=4.0010e-04 | | lr=2.50e-04
Epoch 109 | train_loss=4.7043e-04 | train_eval_loss=3.7332e-04 | val_loss=4.1255e-04 | | lr=2.50e-04
Epoch 110 | train_loss=4.6017e-04 | train_eval_loss=3.5286e-04 | val_loss=3.9893e-04 | | lr=2.50e-04
Epoch 111 | train_loss=4.6458e-04 | train_eval_loss=3.5343e-04 | val_loss=3.9493e-04 | | lr=2.50e-04
Epoch 112 | train_loss=4.6092e-04 | train_eval_loss=3.4814e-04 | val_loss=3.8834e-04 | | lr=2.50e-04
Epoch 113 | train_loss=4.6940e-04 | train_eval_loss=3.4324e-04 | val_loss=3.8505e-04 | | lr=2.50e-04
Saved best model to results/thesis_model_results/outputs/seed_robustness_shortlist/MTLGSH__mse__minmax__seed21/mtlgsh_state_dict_best.pt
Epoch 114 | train_loss=4.6209e-04 | train_eval_loss=3.5190e-04 | val_loss=3.9697e-04 | | lr=2.50e-04
Epoch 115 | train_loss=4.5410e-04 | train_eval_loss=3.7555e-04 | val_loss=4.1960e-04 | | lr=2.50e-04
Epoch 116 | train_loss=4.6059e-04 | train_eval_loss=3.3138e-04 | val_loss=3.7726e-04 | | lr=2.50e-04
Saved best model to results/thesis_model_results/outputs/seed_robustness_shortlist/MTLGSH__mse__minmax__seed21/mtlgsh_state_dict_best.pt
Epoch 117 | train_loss=4.5220e-04 | train_eval_loss=3.4509e-04 | val_loss=3.8686e-04 | | lr=2.50e-04
Epoch 118 | train_loss=4.6610e-04 | train_eval_loss=3.7955e-04 | val_loss=4.1794e-04 | | lr=2.50e-04
Epoch 119 | train_loss=4.6652e-04 | train_eval_loss=3.4937e-04 | val_loss=3.9700e-04 | | lr=2.50e-04
Epoch 120 | train_loss=4.5092e-04 | train_eval_loss=3.4263e-04 | val_loss=3.8695e-04 | | lr=2.50e-04
Epoch 121 | train_loss=4.5563e-04 | train_eval_loss=3.3805e-04 | val_loss=3.8051e-04 | | lr=2.50e-04
Epoch 122 | train_loss=4.5409e-04 | train_eval_loss=3.3495e-04 | val_loss=3.7833e-04 | | lr=2.50e-04
Epoch 123 | train_loss=4.5303e-04 | train_eval_loss=3.5992e-04 | val_loss=4.0523e-04 | | lr=2.50e-04
Epoch 124 | train_loss=4.5742e-04 | train_eval_loss=3.4234e-04 | val_loss=3.8360e-04 | | lr=2.50e-04
Epoch 125 | train_loss=4.4936e-04 | train_eval_loss=3.2821e-04 | val_loss=3.7350e-04 | | lr=2.50e-04
Saved best model to results/thesis_model_results/outputs/seed_robustness_shortlist/MTLGSH__mse__minmax__seed21/mtlgsh_state_dict_best.pt
Epoch 126 | train_loss=4.4143e-04 | train_eval_loss=3.6409e-04 | val_loss=4.0521e-04 | | lr=2.50e-04
Epoch 127 | train_loss=4.4156e-04 | train_eval_loss=3.3157e-04 | val_loss=3.7646e-04 | | lr=2.50e-04
Epoch 128 | train_loss=4.6181e-04 | train_eval_loss=3.3602e-04 | val_loss=3.8585e-04 | | lr=2.50e-04
Epoch 129 | train_loss=4.4077e-04 | train_eval_loss=3.4832e-04 | val_loss=3.9917e-04 | | lr=2.50e-04
Epoch 130 | train_loss=4.4388e-04 | train_eval_loss=4.2187e-04 | val_loss=4.6252e-04 | | lr=2.50e-04
Epoch 131 | train_loss=4.5118e-04 | train_eval_loss=3.4288e-04 | val_loss=3.8511e-04 | | lr=2.50e-04
Epoch 132 | train_loss=4.3888e-04 | train_eval_loss=3.7562e-04 | val_loss=4.1630e-04 | | lr=2.50e-04
Epoch 133 | train_loss=4.5928e-04 | train_eval_loss=3.5830e-04 | val_loss=4.0204e-04 | | lr=2.50e-04
Epoch 134 | train_loss=4.4187e-04 | train_eval_loss=3.1775e-04 | val_loss=3.6932e-04 | | lr=2.50e-04
Saved best model to results/thesis_model_results/outputs/seed_robustness_shortlist/MTLGSH__mse__minmax__seed21/mtlgsh_state_dict_best.pt
Epoch 135 | train_loss=4.3557e-04 | train_eval_loss=3.4091e-04 | val_loss=3.8602e-04 | | lr=2.50e-04
Epoch 136 | train_loss=4.3961e-04 | train_eval_loss=3.5170e-04 | val_loss=4.0073e-04 | | lr=2.50e-04
Epoch 137 | train_loss=4.3979e-04 | train_eval_loss=3.1472e-04 | val_loss=3.6063e-04 | | lr=2.50e-04
Saved best model to results/thesis_model_results/outputs/seed_robustness_shortlist/MTLGSH__mse__minmax__seed21/mtlgsh_state_dict_best.pt
Epoch 138 | train_loss=4.2746e-04 | train_eval_loss=3.1959e-04 | val_loss=3.7114e-04 | | lr=2.50e-04
Epoch 139 | train_loss=4.3193e-04 | train_eval_loss=3.2072e-04 | val_loss=3.7086e-04 | | lr=2.50e-04
Epoch 140 | train_loss=4.4170e-04 | train_eval_loss=3.2648e-04 | val_loss=3.7428e-04 | | lr=2.50e-04
Epoch 141 | train_loss=4.2984e-04 | train_eval_loss=3.1704e-04 | val_loss=3.6314e-04 | | lr=2.50e-04
Epoch 142 | train_loss=4.2392e-04 | train_eval_loss=3.4744e-04 | val_loss=4.0001e-04 | | lr=2.50e-04
Epoch 143 | train_loss=4.3356e-04 | train_eval_loss=3.2586e-04 | val_loss=3.7833e-04 | | lr=2.50e-04
Epoch 144 | train_loss=4.3029e-04 | train_eval_loss=3.4507e-04 | val_loss=3.9000e-04 | | lr=2.50e-04
Epoch 145 | train_loss=4.3493e-04 | train_eval_loss=3.1605e-04 | val_loss=3.6878e-04 | | lr=2.50e-04
Epoch 146 | train_loss=4.5073e-04 | train_eval_loss=3.2513e-04 | val_loss=3.7783e-04 | | lr=2.50e-04
Epoch 147 | train_loss=4.0917e-04 | train_eval_loss=2.9848e-04 | val_loss=3.5347e-04 | | lr=1.25e-04
Saved best model to results/thesis_model_results/outputs/seed_robustness_shortlist/MTLGSH__mse__minmax__seed21/mtlgsh_state_dict_best.pt
Epoch 148 | train_loss=3.9830e-04 | train_eval_loss=2.9078e-04 | val_loss=3.4556e-04 | | lr=1.25e-04
Saved best model to results/thesis_model_results/outputs/seed_robustness_shortlist/MTLGSH__mse__minmax__seed21/mtlgsh_state_dict_best.pt
Epoch 149 | train_loss=3.9868e-04 | train_eval_loss=2.9479e-04 | val_loss=3.5039e-04 | | lr=1.25e-04
Epoch 150 | train_loss=3.9489e-04 | train_eval_loss=2.9195e-04 | val_loss=3.4692e-04 | | lr=1.25e-04
Epoch 151 | train_loss=3.9702e-04 | train_eval_loss=2.9809e-04 | val_loss=3.5156e-04 | | lr=1.25e-04
Epoch 152 | train_loss=3.9341e-04 | train_eval_loss=2.9599e-04 | val_loss=3.5179e-04 | | lr=1.25e-04
Epoch 153 | train_loss=3.9491e-04 | train_eval_loss=3.0266e-04 | val_loss=3.5503e-04 | | lr=1.25e-04
Epoch 154 | train_loss=3.9569e-04 | train_eval_loss=3.1999e-04 | val_loss=3.7438e-04 | | lr=1.25e-04
Epoch 155 | train_loss=3.9209e-04 | train_eval_loss=2.9320e-04 | val_loss=3.4913e-04 | | lr=1.25e-04
Epoch 156 | train_loss=3.9884e-04 | train_eval_loss=2.8958e-04 | val_loss=3.4320e-04 | | lr=1.25e-04
Saved best model to results/thesis_model_results/outputs/seed_robustness_shortlist/MTLGSH__mse__minmax__seed21/mtlgsh_state_dict_best.pt
Epoch 157 | train_loss=3.9292e-04 | train_eval_loss=2.9414e-04 | val_loss=3.5090e-04 | | lr=1.25e-04
Epoch 158 | train_loss=3.8918e-04 | train_eval_loss=2.9990e-04 | val_loss=3.5614e-04 | | lr=1.25e-04
Epoch 159 | train_loss=3.9494e-04 | train_eval_loss=2.8735e-04 | val_loss=3.4457e-04 | | lr=1.25e-04
Epoch 160 | train_loss=3.9491e-04 | train_eval_loss=2.8201e-04 | val_loss=3.3906e-04 | | lr=1.25e-04
Saved best model to results/thesis_model_results/outputs/seed_robustness_shortlist/MTLGSH__mse__minmax__seed21/mtlgsh_state_dict_best.pt
Epoch 161 | train_loss=3.9137e-04 | train_eval_loss=3.2482e-04 | val_loss=3.8429e-04 | | lr=1.25e-04
Epoch 162 | train_loss=3.8701e-04 | train_eval_loss=2.8101e-04 | val_loss=3.3985e-04 | | lr=1.25e-04
Epoch 163 | train_loss=3.8943e-04 | train_eval_loss=2.8745e-04 | val_loss=3.4515e-04 | | lr=1.25e-04
Epoch 164 | train_loss=3.9395e-04 | train_eval_loss=2.9030e-04 | val_loss=3.4834e-04 | | lr=1.25e-04
Epoch 165 | train_loss=3.9087e-04 | train_eval_loss=2.8276e-04 | val_loss=3.4299e-04 | | lr=1.25e-04
Epoch 166 | train_loss=3.8731e-04 | train_eval_loss=2.8740e-04 | val_loss=3.4676e-04 | | lr=1.25e-04
Epoch 167 | train_loss=3.8638e-04 | train_eval_loss=2.9000e-04 | val_loss=3.4781e-04 | | lr=1.25e-04
Epoch 168 | train_loss=3.9687e-04 | train_eval_loss=2.9616e-04 | val_loss=3.5286e-04 | | lr=1.25e-04
Epoch 169 | train_loss=3.8529e-04 | train_eval_loss=2.7541e-04 | val_loss=3.3602e-04 | | lr=1.25e-04
Saved best model to results/thesis_model_results/outputs/seed_robustness_shortlist/MTLGSH__mse__minmax__seed21/mtlgsh_state_dict_best.pt
Epoch 170 | train_loss=3.9036e-04 | train_eval_loss=2.9196e-04 | val_loss=3.4844e-04 | | lr=1.25e-04
Epoch 171 | train_loss=3.8568e-04 | train_eval_loss=2.8283e-04 | val_loss=3.4310e-04 | | lr=1.25e-04
Epoch 172 | train_loss=3.8971e-04 | train_eval_loss=2.8769e-04 | val_loss=3.5023e-04 | | lr=1.25e-04
Epoch 173 | train_loss=3.8882e-04 | train_eval_loss=3.3882e-04 | val_loss=3.9726e-04 | | lr=1.25e-04
Epoch 174 | train_loss=3.8786e-04 | train_eval_loss=2.9835e-04 | val_loss=3.5940e-04 | | lr=1.25e-04
Epoch 175 | train_loss=3.8745e-04 | train_eval_loss=2.8372e-04 | val_loss=3.4593e-04 | | lr=1.25e-04
Epoch 176 | train_loss=3.8381e-04 | train_eval_loss=2.7644e-04 | val_loss=3.4044e-04 | | lr=1.25e-04
Epoch 177 | train_loss=3.8025e-04 | train_eval_loss=2.9904e-04 | val_loss=3.5797e-04 | | lr=1.25e-04
Epoch 178 | train_loss=3.9018e-04 | train_eval_loss=2.9457e-04 | val_loss=3.5444e-04 | | lr=1.25e-04
Epoch 179 | train_loss=3.6999e-04 | train_eval_loss=2.7052e-04 | val_loss=3.3169e-04 | | lr=6.25e-05
Saved best model to results/thesis_model_results/outputs/seed_robustness_shortlist/MTLGSH__mse__minmax__seed21/mtlgsh_state_dict_best.pt
Epoch 180 | train_loss=3.6621e-04 | train_eval_loss=2.6643e-04 | val_loss=3.3023e-04 | | lr=6.25e-05
Saved best model to results/thesis_model_results/outputs/seed_robustness_shortlist/MTLGSH__mse__minmax__seed21/mtlgsh_state_dict_best.pt
Epoch 181 | train_loss=3.6615e-04 | train_eval_loss=2.6842e-04 | val_loss=3.3118e-04 | | lr=6.25e-05
Epoch 182 | train_loss=3.6622e-04 | train_eval_loss=2.7059e-04 | val_loss=3.3260e-04 | | lr=6.25e-05
Epoch 183 | train_loss=3.6515e-04 | train_eval_loss=2.6898e-04 | val_loss=3.3388e-04 | | lr=6.25e-05
Epoch 184 | train_loss=3.6526e-04 | train_eval_loss=2.6564e-04 | val_loss=3.3157e-04 | | lr=6.25e-05
Epoch 185 | train_loss=3.6822e-04 | train_eval_loss=2.6348e-04 | val_loss=3.3151e-04 | | lr=6.25e-05
Epoch 186 | train_loss=3.6423e-04 | train_eval_loss=2.7478e-04 | val_loss=3.3729e-04 | | lr=6.25e-05
Epoch 187 | train_loss=3.6787e-04 | train_eval_loss=2.6283e-04 | val_loss=3.3085e-04 | | lr=6.25e-05
Epoch 188 | train_loss=3.6600e-04 | train_eval_loss=2.6867e-04 | val_loss=3.3511e-04 | | lr=6.25e-05
Epoch 189 | train_loss=3.6487e-04 | train_eval_loss=2.6382e-04 | val_loss=3.3030e-04 | | lr=6.25e-05
Epoch 190 | train_loss=3.5691e-04 | train_eval_loss=2.6120e-04 | val_loss=3.2605e-04 | | lr=3.13e-05
Saved best model to results/thesis_model_results/outputs/seed_robustness_shortlist/MTLGSH__mse__minmax__seed21/mtlgsh_state_dict_best.pt
Epoch 191 | train_loss=3.5734e-04 | train_eval_loss=2.6142e-04 | val_loss=3.2791e-04 | | lr=3.13e-05
Epoch 192 | train_loss=3.5853e-04 | train_eval_loss=2.5944e-04 | val_loss=3.2599e-04 | | lr=3.13e-05
Saved best model to results/thesis_model_results/outputs/seed_robustness_shortlist/MTLGSH__mse__minmax__seed21/mtlgsh_state_dict_best.pt
Epoch 193 | train_loss=3.5692e-04 | train_eval_loss=2.5790e-04 | val_loss=3.2347e-04 | | lr=3.13e-05
Saved best model to results/thesis_model_results/outputs/seed_robustness_shortlist/MTLGSH__mse__minmax__seed21/mtlgsh_state_dict_best.pt
Epoch 194 | train_loss=3.5613e-04 | train_eval_loss=2.6077e-04 | val_loss=3.2759e-04 | | lr=3.13e-05
Epoch 195 | train_loss=3.5650e-04 | train_eval_loss=2.5914e-04 | val_loss=3.2531e-04 | | lr=3.13e-05
Epoch 196 | train_loss=3.5642e-04 | train_eval_loss=2.5820e-04 | val_loss=3.2460e-04 | | lr=3.13e-05
Epoch 197 | train_loss=3.5572e-04 | train_eval_loss=2.6088e-04 | val_loss=3.2480e-04 | | lr=3.13e-05
Epoch 198 | train_loss=3.5728e-04 | train_eval_loss=2.5854e-04 | val_loss=3.2513e-04 | | lr=3.13e-05
Epoch 199 | train_loss=3.5434e-04 | train_eval_loss=2.6085e-04 | val_loss=3.2891e-04 | | lr=3.13e-05
Epoch 200 | train_loss=3.5597e-04 | train_eval_loss=2.5741e-04 | val_loss=3.2365e-04 | | lr=3.13e-05
Saved training logs to results/thesis_model_results/outputs/seed_robustness_shortlist/MTLGSH__mse__minmax__seed21/training_summary.txt
Test RMSE(rocof_COI) = 0.0115 | norm: 0.0087 | real_diff: 0.0072
Test RMSE(dev_COI) = 0.0200 | norm: 0.0074 | real_diff: 0.0096
Test RMSE(Delta_P_IBR_1) = 0.1160 | norm: 0.0183 | real_diff: 0.0779
Test RMSE(Delta_P_IBR_2) = 0.1077 | norm: 0.0150 | real_diff: 0.0646
Test RMSE(Delta_P_IBR_3) = 0.1663 | norm: 0.0292 | real_diff: 0.0845
Test RMSE(Delta_P_IBR_4) = 0.1840 | norm: 0.0190 | real_diff: 0.1183
Saved RMSE results to results/thesis_model_results/outputs/seed_robustness_shortlist/MTLGSH__mse__minmax__seed21/rmse_results.txt
Saved detailed metrics to results/thesis_model_results/outputs/seed_robustness_shortlist/MTLGSH__mse__minmax__seed21/metrics_by_target.csv
Saved aggregate metrics to results/thesis_model_results/outputs/seed_robustness_shortlist/MTLGSH__mse__minmax__seed21/metrics_summary.json
Saved loss curves to results/thesis_model_results/outputs/seed_robustness_shortlist/MTLGSH__mse__minmax__seed21/loss_curve.png
Saved scatter plot results/thesis_model_results/outputs/seed_robustness_shortlist/MTLGSH__mse__minmax__seed21/scatter_rocof_COI.png
Saved scatter plot results/thesis_model_results/outputs/seed_robustness_shortlist/MTLGSH__mse__minmax__seed21/scatter_dev_COI.png
Saved scatter plot results/thesis_model_results/outputs/seed_robustness_shortlist/MTLGSH__mse__minmax__seed21/scatter_Delta_P_IBR_1.png
Saved scatter plot results/thesis_model_results/outputs/seed_robustness_shortlist/MTLGSH__mse__minmax__seed21/scatter_Delta_P_IBR_2.png
Saved scatter plot results/thesis_model_results/outputs/seed_robustness_shortlist/MTLGSH__mse__minmax__seed21/scatter_Delta_P_IBR_3.png
Saved scatter plot results/thesis_model_results/outputs/seed_robustness_shortlist/MTLGSH__mse__minmax__seed21/scatter_Delta_P_IBR_4.png
Saved model to results/thesis_model_results/outputs/seed_robustness_shortlist/MTLGSH__mse__minmax__seed21/mtlgsh_state_dict.pt
Loss type: mse | weights=[]
Target stats (scaled):
train mean=[0.549  0.589  0.492  0.4884 0.4785 0.4192]
train std=[0.1365 0.1371 0.1141 0.1063 0.1158 0.1138]
train q05=[0.3074 0.3979 0.3192 0.303  0.3347 0.2205]
train q95=[0.7933 0.8652 0.6719 0.6491 0.6927 0.6016]
val mean=[0.5473 0.5873 0.4922 0.4893 0.4798 0.4201]
val std=[0.1343 0.1348 0.1123 0.1072 0.1141 0.1112]
val q05=[0.3103 0.3982 0.3195 0.303  0.3376 0.2251]
val q95=[0.7886 0.8626 0.6731 0.6514 0.6918 0.5984]
val/train std ratio=[0.984  0.9828 0.9844 1.0084 0.9848 0.9772]
LR scheduler: ReduceLROnPlateau (factor=0.5, patience=8, min_lr=1e-07)
Epoch 001 | train_loss=4.0172e-02 | train_eval_loss=1.4413e-02 | val_loss=1.3999e-02 | | lr=1.00e-03
Saved best model to results/thesis_model_results/outputs/seed_robustness_shortlist/MTLGSH__mse__minmax__seed42/mtlgsh_state_dict_best.pt
Epoch 002 | train_loss=1.5401e-02 | train_eval_loss=1.0978e-02 | val_loss=1.0664e-02 | | lr=1.00e-03
Saved best model to results/thesis_model_results/outputs/seed_robustness_shortlist/MTLGSH__mse__minmax__seed42/mtlgsh_state_dict_best.pt
Epoch 003 | train_loss=7.1580e-03 | train_eval_loss=3.9524e-03 | val_loss=3.8898e-03 | | lr=1.00e-03
Saved best model to results/thesis_model_results/outputs/seed_robustness_shortlist/MTLGSH__mse__minmax__seed42/mtlgsh_state_dict_best.pt
Epoch 004 | train_loss=5.1304e-03 | train_eval_loss=3.4512e-03 | val_loss=3.3892e-03 | | lr=1.00e-03
Saved best model to results/thesis_model_results/outputs/seed_robustness_shortlist/MTLGSH__mse__minmax__seed42/mtlgsh_state_dict_best.pt
Epoch 005 | train_loss=4.7556e-03 | train_eval_loss=3.2813e-03 | val_loss=3.2194e-03 | | lr=1.00e-03
Saved best model to results/thesis_model_results/outputs/seed_robustness_shortlist/MTLGSH__mse__minmax__seed42/mtlgsh_state_dict_best.pt
Epoch 006 | train_loss=4.5944e-03 | train_eval_loss=2.9740e-03 | val_loss=2.9322e-03 | | lr=1.00e-03
Saved best model to results/thesis_model_results/outputs/seed_robustness_shortlist/MTLGSH__mse__minmax__seed42/mtlgsh_state_dict_best.pt
Epoch 007 | train_loss=3.9535e-03 | train_eval_loss=2.4804e-03 | val_loss=2.4650e-03 | | lr=1.00e-03
Saved best model to results/thesis_model_results/outputs/seed_robustness_shortlist/MTLGSH__mse__minmax__seed42/mtlgsh_state_dict_best.pt
Epoch 008 | train_loss=3.5549e-03 | train_eval_loss=1.9500e-03 | val_loss=1.9188e-03 | | lr=1.00e-03
Saved best model to results/thesis_model_results/outputs/seed_robustness_shortlist/MTLGSH__mse__minmax__seed42/mtlgsh_state_dict_best.pt
Epoch 009 | train_loss=3.1120e-03 | train_eval_loss=1.5906e-03 | val_loss=1.5612e-03 | | lr=1.00e-03
Saved best model to results/thesis_model_results/outputs/seed_robustness_shortlist/MTLGSH__mse__minmax__seed42/mtlgsh_state_dict_best.pt
Epoch 010 | train_loss=2.8724e-03 | train_eval_loss=1.4559e-03 | val_loss=1.4294e-03 | | lr=1.00e-03
Saved best model to results/thesis_model_results/outputs/seed_robustness_shortlist/MTLGSH__mse__minmax__seed42/mtlgsh_state_dict_best.pt
Epoch 011 | train_loss=2.7002e-03 | train_eval_loss=1.3865e-03 | val_loss=1.3674e-03 | | lr=1.00e-03
Saved best model to results/thesis_model_results/outputs/seed_robustness_shortlist/MTLGSH__mse__minmax__seed42/mtlgsh_state_dict_best.pt
Epoch 012 | train_loss=2.5584e-03 | train_eval_loss=1.3883e-03 | val_loss=1.3681e-03 | | lr=1.00e-03
Epoch 013 | train_loss=2.4678e-03 | train_eval_loss=1.2189e-03 | val_loss=1.1992e-03 | | lr=1.00e-03
Saved best model to results/thesis_model_results/outputs/seed_robustness_shortlist/MTLGSH__mse__minmax__seed42/mtlgsh_state_dict_best.pt
Epoch 014 | train_loss=2.3482e-03 | train_eval_loss=1.2989e-03 | val_loss=1.2725e-03 | | lr=1.00e-03
Epoch 015 | train_loss=2.3643e-03 | train_eval_loss=1.5314e-03 | val_loss=1.5025e-03 | | lr=1.00e-03
Epoch 016 | train_loss=2.2888e-03 | train_eval_loss=1.1244e-03 | val_loss=1.1045e-03 | | lr=1.00e-03
Saved best model to results/thesis_model_results/outputs/seed_robustness_shortlist/MTLGSH__mse__minmax__seed42/mtlgsh_state_dict_best.pt
Epoch 017 | train_loss=2.1720e-03 | train_eval_loss=1.1267e-03 | val_loss=1.1140e-03 | | lr=1.00e-03
Epoch 018 | train_loss=2.1115e-03 | train_eval_loss=1.1510e-03 | val_loss=1.1314e-03 | | lr=1.00e-03
Epoch 019 | train_loss=2.0930e-03 | train_eval_loss=1.0575e-03 | val_loss=1.0453e-03 | | lr=1.00e-03
Saved best model to results/thesis_model_results/outputs/seed_robustness_shortlist/MTLGSH__mse__minmax__seed42/mtlgsh_state_dict_best.pt
Epoch 020 | train_loss=2.0608e-03 | train_eval_loss=1.2745e-03 | val_loss=1.2723e-03 | | lr=1.00e-03
Epoch 021 | train_loss=1.9790e-03 | train_eval_loss=1.0890e-03 | val_loss=1.0669e-03 | | lr=1.00e-03
Epoch 022 | train_loss=1.9084e-03 | train_eval_loss=1.1041e-03 | val_loss=1.1012e-03 | | lr=1.00e-03
Epoch 023 | train_loss=1.8890e-03 | train_eval_loss=1.4322e-03 | val_loss=1.4298e-03 | | lr=1.00e-03
Epoch 024 | train_loss=1.8643e-03 | train_eval_loss=1.2667e-03 | val_loss=1.2574e-03 | | lr=1.00e-03
Epoch 025 | train_loss=1.8691e-03 | train_eval_loss=1.0145e-03 | val_loss=1.0042e-03 | | lr=1.00e-03
Saved best model to results/thesis_model_results/outputs/seed_robustness_shortlist/MTLGSH__mse__minmax__seed42/mtlgsh_state_dict_best.pt
Epoch 026 | train_loss=1.7338e-03 | train_eval_loss=9.1560e-04 | val_loss=9.0363e-04 | | lr=1.00e-03
Saved best model to results/thesis_model_results/outputs/seed_robustness_shortlist/MTLGSH__mse__minmax__seed42/mtlgsh_state_dict_best.pt
Epoch 027 | train_loss=1.6946e-03 | train_eval_loss=8.4764e-04 | val_loss=8.3999e-04 | | lr=1.00e-03
Saved best model to results/thesis_model_results/outputs/seed_robustness_shortlist/MTLGSH__mse__minmax__seed42/mtlgsh_state_dict_best.pt
Epoch 028 | train_loss=1.6396e-03 | train_eval_loss=1.0825e-03 | val_loss=1.0810e-03 | | lr=1.00e-03
Epoch 029 | train_loss=1.6825e-03 | train_eval_loss=8.2522e-04 | val_loss=8.2217e-04 | | lr=1.00e-03
Saved best model to results/thesis_model_results/outputs/seed_robustness_shortlist/MTLGSH__mse__minmax__seed42/mtlgsh_state_dict_best.pt
Epoch 030 | train_loss=1.6774e-03 | train_eval_loss=1.1674e-03 | val_loss=1.1537e-03 | | lr=1.00e-03
Epoch 031 | train_loss=1.5736e-03 | train_eval_loss=8.4393e-04 | val_loss=8.3899e-04 | | lr=1.00e-03
Epoch 032 | train_loss=1.5427e-03 | train_eval_loss=8.6365e-04 | val_loss=8.6462e-04 | | lr=1.00e-03
Epoch 033 | train_loss=1.4979e-03 | train_eval_loss=9.2686e-04 | val_loss=9.1503e-04 | | lr=1.00e-03
Epoch 034 | train_loss=1.4344e-03 | train_eval_loss=8.1864e-04 | val_loss=8.2033e-04 | | lr=1.00e-03
Saved best model to results/thesis_model_results/outputs/seed_robustness_shortlist/MTLGSH__mse__minmax__seed42/mtlgsh_state_dict_best.pt
Epoch 035 | train_loss=1.4438e-03 | train_eval_loss=9.4590e-04 | val_loss=9.6376e-04 | | lr=1.00e-03
Epoch 036 | train_loss=1.4455e-03 | train_eval_loss=8.2671e-04 | val_loss=8.3097e-04 | | lr=1.00e-03
Epoch 037 | train_loss=1.3461e-03 | train_eval_loss=7.7071e-04 | val_loss=7.7365e-04 | | lr=1.00e-03
Saved best model to results/thesis_model_results/outputs/seed_robustness_shortlist/MTLGSH__mse__minmax__seed42/mtlgsh_state_dict_best.pt
Epoch 038 | train_loss=1.3259e-03 | train_eval_loss=7.4886e-04 | val_loss=7.4813e-04 | | lr=1.00e-03
Saved best model to results/thesis_model_results/outputs/seed_robustness_shortlist/MTLGSH__mse__minmax__seed42/mtlgsh_state_dict_best.pt
Epoch 039 | train_loss=1.3051e-03 | train_eval_loss=7.5531e-04 | val_loss=7.6115e-04 | | lr=1.00e-03
Epoch 040 | train_loss=1.2471e-03 | train_eval_loss=7.6653e-04 | val_loss=7.6666e-04 | | lr=1.00e-03
Epoch 041 | train_loss=1.2225e-03 | train_eval_loss=6.8170e-04 | val_loss=6.8116e-04 | | lr=1.00e-03
Saved best model to results/thesis_model_results/outputs/seed_robustness_shortlist/MTLGSH__mse__minmax__seed42/mtlgsh_state_dict_best.pt
Epoch 042 | train_loss=1.1871e-03 | train_eval_loss=8.0730e-04 | val_loss=8.0792e-04 | | lr=1.00e-03
Epoch 043 | train_loss=1.2182e-03 | train_eval_loss=6.8169e-04 | val_loss=6.9018e-04 | | lr=1.00e-03
Epoch 044 | train_loss=1.1434e-03 | train_eval_loss=6.8578e-04 | val_loss=6.8932e-04 | | lr=1.00e-03
Epoch 045 | train_loss=1.1449e-03 | train_eval_loss=7.5953e-04 | val_loss=7.6331e-04 | | lr=1.00e-03
Epoch 046 | train_loss=1.1036e-03 | train_eval_loss=6.9612e-04 | val_loss=6.9787e-04 | | lr=1.00e-03
Epoch 047 | train_loss=1.0601e-03 | train_eval_loss=7.9023e-04 | val_loss=7.9958e-04 | | lr=1.00e-03
Epoch 048 | train_loss=1.0162e-03 | train_eval_loss=7.6625e-04 | val_loss=7.8347e-04 | | lr=1.00e-03
Epoch 049 | train_loss=1.0179e-03 | train_eval_loss=6.6853e-04 | val_loss=6.8168e-04 | | lr=1.00e-03
Epoch 050 | train_loss=9.9118e-04 | train_eval_loss=6.1215e-04 | val_loss=6.2202e-04 | | lr=1.00e-03
Saved best model to results/thesis_model_results/outputs/seed_robustness_shortlist/MTLGSH__mse__minmax__seed42/mtlgsh_state_dict_best.pt
Epoch 051 | train_loss=9.6987e-04 | train_eval_loss=8.1704e-04 | val_loss=8.3110e-04 | | lr=1.00e-03
Epoch 052 | train_loss=9.9643e-04 | train_eval_loss=6.6350e-04 | val_loss=6.7565e-04 | | lr=1.00e-03
Epoch 053 | train_loss=9.2358e-04 | train_eval_loss=5.9684e-04 | val_loss=6.0294e-04 | | lr=1.00e-03
Saved best model to results/thesis_model_results/outputs/seed_robustness_shortlist/MTLGSH__mse__minmax__seed42/mtlgsh_state_dict_best.pt
Epoch 054 | train_loss=9.0691e-04 | train_eval_loss=6.4435e-04 | val_loss=6.4481e-04 | | lr=1.00e-03
Epoch 055 | train_loss=8.9879e-04 | train_eval_loss=6.4803e-04 | val_loss=6.6026e-04 | | lr=1.00e-03
Epoch 056 | train_loss=8.6620e-04 | train_eval_loss=6.7295e-04 | val_loss=6.7926e-04 | | lr=1.00e-03
Epoch 057 | train_loss=8.3521e-04 | train_eval_loss=5.6302e-04 | val_loss=5.7736e-04 | | lr=1.00e-03
Saved best model to results/thesis_model_results/outputs/seed_robustness_shortlist/MTLGSH__mse__minmax__seed42/mtlgsh_state_dict_best.pt
Epoch 058 | train_loss=8.5717e-04 | train_eval_loss=5.7672e-04 | val_loss=5.8857e-04 | | lr=1.00e-03
Epoch 059 | train_loss=9.5151e-04 | train_eval_loss=5.6560e-04 | val_loss=5.6934e-04 | | lr=1.00e-03
Saved best model to results/thesis_model_results/outputs/seed_robustness_shortlist/MTLGSH__mse__minmax__seed42/mtlgsh_state_dict_best.pt
Epoch 060 | train_loss=8.2820e-04 | train_eval_loss=6.3297e-04 | val_loss=6.4321e-04 | | lr=1.00e-03
Epoch 061 | train_loss=7.6882e-04 | train_eval_loss=6.1137e-04 | val_loss=6.2076e-04 | | lr=1.00e-03
Epoch 062 | train_loss=7.7445e-04 | train_eval_loss=5.2213e-04 | val_loss=5.3531e-04 | | lr=1.00e-03
Saved best model to results/thesis_model_results/outputs/seed_robustness_shortlist/MTLGSH__mse__minmax__seed42/mtlgsh_state_dict_best.pt
Epoch 063 | train_loss=7.6653e-04 | train_eval_loss=5.7426e-04 | val_loss=5.7914e-04 | | lr=1.00e-03
Epoch 064 | train_loss=7.8019e-04 | train_eval_loss=6.1226e-04 | val_loss=6.3972e-04 | | lr=1.00e-03
Epoch 065 | train_loss=7.5174e-04 | train_eval_loss=5.8097e-04 | val_loss=5.8898e-04 | | lr=1.00e-03
Epoch 066 | train_loss=7.3749e-04 | train_eval_loss=5.9648e-04 | val_loss=6.0584e-04 | | lr=1.00e-03
Epoch 067 | train_loss=7.8643e-04 | train_eval_loss=6.3233e-04 | val_loss=6.4916e-04 | | lr=1.00e-03
Epoch 068 | train_loss=7.1577e-04 | train_eval_loss=4.9246e-04 | val_loss=5.0778e-04 | | lr=1.00e-03
Saved best model to results/thesis_model_results/outputs/seed_robustness_shortlist/MTLGSH__mse__minmax__seed42/mtlgsh_state_dict_best.pt
Epoch 069 | train_loss=7.5884e-04 | train_eval_loss=5.0839e-04 | val_loss=5.2779e-04 | | lr=1.00e-03
Epoch 070 | train_loss=6.7188e-04 | train_eval_loss=5.9225e-04 | val_loss=6.1722e-04 | | lr=1.00e-03
Epoch 071 | train_loss=7.0289e-04 | train_eval_loss=5.4183e-04 | val_loss=5.6457e-04 | | lr=1.00e-03
Epoch 072 | train_loss=6.9008e-04 | train_eval_loss=5.5495e-04 | val_loss=5.6474e-04 | | lr=1.00e-03
Epoch 073 | train_loss=7.2291e-04 | train_eval_loss=5.0033e-04 | val_loss=5.2897e-04 | | lr=1.00e-03
Epoch 074 | train_loss=6.5689e-04 | train_eval_loss=5.3741e-04 | val_loss=5.7134e-04 | | lr=1.00e-03
Epoch 075 | train_loss=6.5020e-04 | train_eval_loss=4.6626e-04 | val_loss=4.9447e-04 | | lr=1.00e-03
Saved best model to results/thesis_model_results/outputs/seed_robustness_shortlist/MTLGSH__mse__minmax__seed42/mtlgsh_state_dict_best.pt
Epoch 076 | train_loss=6.2887e-04 | train_eval_loss=5.1896e-04 | val_loss=5.4316e-04 | | lr=1.00e-03
Epoch 077 | train_loss=6.7915e-04 | train_eval_loss=5.5467e-04 | val_loss=5.7663e-04 | | lr=1.00e-03
Epoch 078 | train_loss=6.5999e-04 | train_eval_loss=4.7973e-04 | val_loss=5.0442e-04 | | lr=1.00e-03
Epoch 079 | train_loss=6.5442e-04 | train_eval_loss=8.5373e-04 | val_loss=8.8592e-04 | | lr=1.00e-03
Epoch 080 | train_loss=6.8136e-04 | train_eval_loss=4.6291e-04 | val_loss=4.9821e-04 | | lr=1.00e-03
Epoch 081 | train_loss=6.2867e-04 | train_eval_loss=5.7668e-04 | val_loss=6.1263e-04 | | lr=1.00e-03
Epoch 082 | train_loss=5.9137e-04 | train_eval_loss=5.4404e-04 | val_loss=5.7827e-04 | | lr=1.00e-03
Epoch 083 | train_loss=6.0514e-04 | train_eval_loss=4.7378e-04 | val_loss=4.9708e-04 | | lr=1.00e-03
Epoch 084 | train_loss=6.1739e-04 | train_eval_loss=4.8885e-04 | val_loss=5.2281e-04 | | lr=1.00e-03
Epoch 085 | train_loss=5.3816e-04 | train_eval_loss=4.1076e-04 | val_loss=4.4792e-04 | | lr=5.00e-04
Saved best model to results/thesis_model_results/outputs/seed_robustness_shortlist/MTLGSH__mse__minmax__seed42/mtlgsh_state_dict_best.pt
Epoch 086 | train_loss=5.1029e-04 | train_eval_loss=4.1655e-04 | val_loss=4.4135e-04 | | lr=5.00e-04
Saved best model to results/thesis_model_results/outputs/seed_robustness_shortlist/MTLGSH__mse__minmax__seed42/mtlgsh_state_dict_best.pt
Epoch 087 | train_loss=5.2044e-04 | train_eval_loss=3.8441e-04 | val_loss=4.2394e-04 | | lr=5.00e-04
Saved best model to results/thesis_model_results/outputs/seed_robustness_shortlist/MTLGSH__mse__minmax__seed42/mtlgsh_state_dict_best.pt
Epoch 088 | train_loss=5.2252e-04 | train_eval_loss=3.8728e-04 | val_loss=4.2176e-04 | | lr=5.00e-04
Saved best model to results/thesis_model_results/outputs/seed_robustness_shortlist/MTLGSH__mse__minmax__seed42/mtlgsh_state_dict_best.pt
Epoch 089 | train_loss=5.0662e-04 | train_eval_loss=4.3866e-04 | val_loss=4.8146e-04 | | lr=5.00e-04
Epoch 090 | train_loss=5.0625e-04 | train_eval_loss=3.7631e-04 | val_loss=4.1603e-04 | | lr=5.00e-04
Saved best model to results/thesis_model_results/outputs/seed_robustness_shortlist/MTLGSH__mse__minmax__seed42/mtlgsh_state_dict_best.pt
Epoch 091 | train_loss=4.9760e-04 | train_eval_loss=3.8010e-04 | val_loss=4.2130e-04 | | lr=5.00e-04
Epoch 092 | train_loss=5.0005e-04 | train_eval_loss=3.9299e-04 | val_loss=4.3330e-04 | | lr=5.00e-04
Epoch 093 | train_loss=4.9853e-04 | train_eval_loss=3.8833e-04 | val_loss=4.3194e-04 | | lr=5.00e-04
Epoch 094 | train_loss=5.1961e-04 | train_eval_loss=4.0932e-04 | val_loss=4.4179e-04 | | lr=5.00e-04
Epoch 095 | train_loss=5.1247e-04 | train_eval_loss=3.9413e-04 | val_loss=4.3862e-04 | | lr=5.00e-04
Epoch 096 | train_loss=5.4210e-04 | train_eval_loss=4.8577e-04 | val_loss=5.2483e-04 | | lr=5.00e-04
Epoch 097 | train_loss=5.2924e-04 | train_eval_loss=4.5585e-04 | val_loss=4.9371e-04 | | lr=5.00e-04
Epoch 098 | train_loss=4.8826e-04 | train_eval_loss=4.4064e-04 | val_loss=4.8283e-04 | | lr=5.00e-04
Epoch 099 | train_loss=4.9663e-04 | train_eval_loss=3.6303e-04 | val_loss=4.0701e-04 | | lr=5.00e-04
Saved best model to results/thesis_model_results/outputs/seed_robustness_shortlist/MTLGSH__mse__minmax__seed42/mtlgsh_state_dict_best.pt
Epoch 100 | train_loss=5.1674e-04 | train_eval_loss=4.3693e-04 | val_loss=4.7372e-04 | | lr=5.00e-04
Epoch 101 | train_loss=5.1947e-04 | train_eval_loss=4.2572e-04 | val_loss=4.7145e-04 | | lr=5.00e-04
Epoch 102 | train_loss=5.0072e-04 | train_eval_loss=3.8518e-04 | val_loss=4.3068e-04 | | lr=5.00e-04
Epoch 103 | train_loss=4.8352e-04 | train_eval_loss=4.8839e-04 | val_loss=5.4343e-04 | | lr=5.00e-04
Epoch 104 | train_loss=4.8328e-04 | train_eval_loss=3.8528e-04 | val_loss=4.3454e-04 | | lr=5.00e-04
Epoch 105 | train_loss=4.8745e-04 | train_eval_loss=3.5720e-04 | val_loss=4.0203e-04 | | lr=5.00e-04
Saved best model to results/thesis_model_results/outputs/seed_robustness_shortlist/MTLGSH__mse__minmax__seed42/mtlgsh_state_dict_best.pt
Epoch 106 | train_loss=5.0703e-04 | train_eval_loss=3.5930e-04 | val_loss=4.0647e-04 | | lr=5.00e-04
Epoch 107 | train_loss=4.5872e-04 | train_eval_loss=3.9612e-04 | val_loss=4.4162e-04 | | lr=5.00e-04
Epoch 108 | train_loss=4.6652e-04 | train_eval_loss=3.8755e-04 | val_loss=4.3195e-04 | | lr=5.00e-04
Epoch 109 | train_loss=4.8243e-04 | train_eval_loss=5.2786e-04 | val_loss=5.4436e-04 | | lr=5.00e-04
Epoch 110 | train_loss=4.9289e-04 | train_eval_loss=4.2167e-04 | val_loss=4.6651e-04 | | lr=5.00e-04
Epoch 111 | train_loss=4.7043e-04 | train_eval_loss=3.3078e-04 | val_loss=3.7527e-04 | | lr=5.00e-04
Saved best model to results/thesis_model_results/outputs/seed_robustness_shortlist/MTLGSH__mse__minmax__seed42/mtlgsh_state_dict_best.pt
Epoch 112 | train_loss=4.7769e-04 | train_eval_loss=3.5137e-04 | val_loss=4.0632e-04 | | lr=5.00e-04
Epoch 113 | train_loss=4.5833e-04 | train_eval_loss=3.5352e-04 | val_loss=4.0062e-04 | | lr=5.00e-04
Epoch 114 | train_loss=4.6021e-04 | train_eval_loss=3.7277e-04 | val_loss=4.2613e-04 | | lr=5.00e-04
Epoch 115 | train_loss=4.7827e-04 | train_eval_loss=3.4564e-04 | val_loss=4.0194e-04 | | lr=5.00e-04
Epoch 116 | train_loss=4.6129e-04 | train_eval_loss=3.9495e-04 | val_loss=4.5307e-04 | | lr=5.00e-04
Epoch 117 | train_loss=4.7270e-04 | train_eval_loss=4.3589e-04 | val_loss=4.7534e-04 | | lr=5.00e-04
Epoch 118 | train_loss=5.0934e-04 | train_eval_loss=4.1343e-04 | val_loss=4.7244e-04 | | lr=5.00e-04
Epoch 119 | train_loss=4.6443e-04 | train_eval_loss=3.3291e-04 | val_loss=3.8346e-04 | | lr=5.00e-04
Epoch 120 | train_loss=4.5063e-04 | train_eval_loss=3.4267e-04 | val_loss=3.9729e-04 | | lr=5.00e-04
Epoch 121 | train_loss=4.1105e-04 | train_eval_loss=2.9860e-04 | val_loss=3.5818e-04 | | lr=2.50e-04
Saved best model to results/thesis_model_results/outputs/seed_robustness_shortlist/MTLGSH__mse__minmax__seed42/mtlgsh_state_dict_best.pt
Epoch 122 | train_loss=4.0258e-04 | train_eval_loss=2.9987e-04 | val_loss=3.5937e-04 | | lr=2.50e-04
Epoch 123 | train_loss=4.0261e-04 | train_eval_loss=3.0340e-04 | val_loss=3.6179e-04 | | lr=2.50e-04
Epoch 124 | train_loss=3.9768e-04 | train_eval_loss=2.9758e-04 | val_loss=3.5159e-04 | | lr=2.50e-04
Saved best model to results/thesis_model_results/outputs/seed_robustness_shortlist/MTLGSH__mse__minmax__seed42/mtlgsh_state_dict_best.pt
Epoch 125 | train_loss=4.0763e-04 | train_eval_loss=2.9269e-04 | val_loss=3.5366e-04 | | lr=2.50e-04
Epoch 126 | train_loss=3.9837e-04 | train_eval_loss=3.0716e-04 | val_loss=3.6978e-04 | | lr=2.50e-04
Epoch 127 | train_loss=3.9956e-04 | train_eval_loss=3.0308e-04 | val_loss=3.6188e-04 | | lr=2.50e-04
Epoch 128 | train_loss=3.9861e-04 | train_eval_loss=3.1547e-04 | val_loss=3.7735e-04 | | lr=2.50e-04
Epoch 129 | train_loss=4.0318e-04 | train_eval_loss=2.9925e-04 | val_loss=3.5933e-04 | | lr=2.50e-04
Epoch 130 | train_loss=4.0455e-04 | train_eval_loss=2.9229e-04 | val_loss=3.5174e-04 | | lr=2.50e-04
Epoch 131 | train_loss=3.8958e-04 | train_eval_loss=2.8656e-04 | val_loss=3.4371e-04 | | lr=2.50e-04
Saved best model to results/thesis_model_results/outputs/seed_robustness_shortlist/MTLGSH__mse__minmax__seed42/mtlgsh_state_dict_best.pt
Epoch 132 | train_loss=3.8565e-04 | train_eval_loss=3.2190e-04 | val_loss=3.8809e-04 | | lr=2.50e-04
Epoch 133 | train_loss=3.9416e-04 | train_eval_loss=3.1913e-04 | val_loss=3.7981e-04 | | lr=2.50e-04
Epoch 134 | train_loss=3.9353e-04 | train_eval_loss=2.9459e-04 | val_loss=3.6113e-04 | | lr=2.50e-04
Epoch 135 | train_loss=3.8571e-04 | train_eval_loss=2.9804e-04 | val_loss=3.6634e-04 | | lr=2.50e-04
Epoch 136 | train_loss=4.0069e-04 | train_eval_loss=3.1204e-04 | val_loss=3.7892e-04 | | lr=2.50e-04
Epoch 137 | train_loss=4.0975e-04 | train_eval_loss=3.0740e-04 | val_loss=3.6766e-04 | | lr=2.50e-04
Epoch 138 | train_loss=3.9285e-04 | train_eval_loss=2.9704e-04 | val_loss=3.6246e-04 | | lr=2.50e-04
Epoch 139 | train_loss=3.8994e-04 | train_eval_loss=2.8885e-04 | val_loss=3.5035e-04 | | lr=2.50e-04
Epoch 140 | train_loss=3.7966e-04 | train_eval_loss=2.8668e-04 | val_loss=3.4479e-04 | | lr=2.50e-04
Epoch 141 | train_loss=3.6257e-04 | train_eval_loss=2.7365e-04 | val_loss=3.4537e-04 | | lr=1.25e-04
Epoch 142 | train_loss=3.6170e-04 | train_eval_loss=2.6426e-04 | val_loss=3.3647e-04 | | lr=1.25e-04
Saved best model to results/thesis_model_results/outputs/seed_robustness_shortlist/MTLGSH__mse__minmax__seed42/mtlgsh_state_dict_best.pt
Epoch 143 | train_loss=3.6487e-04 | train_eval_loss=2.6568e-04 | val_loss=3.4127e-04 | | lr=1.25e-04
Epoch 144 | train_loss=3.6225e-04 | train_eval_loss=2.6828e-04 | val_loss=3.4072e-04 | | lr=1.25e-04
Epoch 145 | train_loss=3.6150e-04 | train_eval_loss=2.5665e-04 | val_loss=3.2659e-04 | | lr=1.25e-04
Saved best model to results/thesis_model_results/outputs/seed_robustness_shortlist/MTLGSH__mse__minmax__seed42/mtlgsh_state_dict_best.pt
Epoch 146 | train_loss=3.6321e-04 | train_eval_loss=2.7049e-04 | val_loss=3.4036e-04 | | lr=1.25e-04
Epoch 147 | train_loss=3.5969e-04 | train_eval_loss=2.5558e-04 | val_loss=3.2585e-04 | | lr=1.25e-04
Saved best model to results/thesis_model_results/outputs/seed_robustness_shortlist/MTLGSH__mse__minmax__seed42/mtlgsh_state_dict_best.pt
Epoch 148 | train_loss=3.5918e-04 | train_eval_loss=2.5995e-04 | val_loss=3.2939e-04 | | lr=1.25e-04
Epoch 149 | train_loss=3.5981e-04 | train_eval_loss=2.5790e-04 | val_loss=3.2945e-04 | | lr=1.25e-04
Epoch 150 | train_loss=3.6304e-04 | train_eval_loss=2.5998e-04 | val_loss=3.3131e-04 | | lr=1.25e-04
Epoch 151 | train_loss=3.5463e-04 | train_eval_loss=2.5306e-04 | val_loss=3.3016e-04 | | lr=1.25e-04
Epoch 152 | train_loss=3.5640e-04 | train_eval_loss=2.5472e-04 | val_loss=3.2373e-04 | | lr=1.25e-04
Saved best model to results/thesis_model_results/outputs/seed_robustness_shortlist/MTLGSH__mse__minmax__seed42/mtlgsh_state_dict_best.pt
Epoch 153 | train_loss=3.5467e-04 | train_eval_loss=2.5996e-04 | val_loss=3.3535e-04 | | lr=1.25e-04
Epoch 154 | train_loss=3.5406e-04 | train_eval_loss=2.5642e-04 | val_loss=3.3116e-04 | | lr=1.25e-04
Epoch 155 | train_loss=3.5309e-04 | train_eval_loss=2.5708e-04 | val_loss=3.2845e-04 | | lr=1.25e-04
Epoch 156 | train_loss=3.6302e-04 | train_eval_loss=2.9693e-04 | val_loss=3.7445e-04 | | lr=1.25e-04
Epoch 157 | train_loss=3.5327e-04 | train_eval_loss=2.5334e-04 | val_loss=3.2533e-04 | | lr=1.25e-04
Epoch 158 | train_loss=3.5389e-04 | train_eval_loss=2.5526e-04 | val_loss=3.3281e-04 | | lr=1.25e-04
Epoch 159 | train_loss=3.5032e-04 | train_eval_loss=2.5637e-04 | val_loss=3.2965e-04 | | lr=1.25e-04
Epoch 160 | train_loss=3.6319e-04 | train_eval_loss=2.5232e-04 | val_loss=3.2511e-04 | | lr=1.25e-04
Epoch 161 | train_loss=3.5504e-04 | train_eval_loss=2.5154e-04 | val_loss=3.2054e-04 | | lr=1.25e-04
Saved best model to results/thesis_model_results/outputs/seed_robustness_shortlist/MTLGSH__mse__minmax__seed42/mtlgsh_state_dict_best.pt
Epoch 162 | train_loss=3.5785e-04 | train_eval_loss=2.5553e-04 | val_loss=3.2666e-04 | | lr=1.25e-04
Epoch 163 | train_loss=3.5282e-04 | train_eval_loss=2.5020e-04 | val_loss=3.2889e-04 | | lr=1.25e-04
Epoch 164 | train_loss=3.6701e-04 | train_eval_loss=2.7286e-04 | val_loss=3.4151e-04 | | lr=1.25e-04
Epoch 165 | train_loss=3.5755e-04 | train_eval_loss=2.4953e-04 | val_loss=3.2695e-04 | | lr=1.25e-04
Epoch 166 | train_loss=3.5143e-04 | train_eval_loss=2.4972e-04 | val_loss=3.2328e-04 | | lr=1.25e-04
Epoch 167 | train_loss=3.4766e-04 | train_eval_loss=2.5945e-04 | val_loss=3.3314e-04 | | lr=1.25e-04
Epoch 168 | train_loss=3.5200e-04 | train_eval_loss=2.4302e-04 | val_loss=3.1808e-04 | | lr=1.25e-04
Saved best model to results/thesis_model_results/outputs/seed_robustness_shortlist/MTLGSH__mse__minmax__seed42/mtlgsh_state_dict_best.pt
Epoch 169 | train_loss=3.4845e-04 | train_eval_loss=2.4444e-04 | val_loss=3.2005e-04 | | lr=1.25e-04
Epoch 170 | train_loss=3.4939e-04 | train_eval_loss=2.6264e-04 | val_loss=3.4201e-04 | | lr=1.25e-04
Epoch 171 | train_loss=3.4526e-04 | train_eval_loss=2.5539e-04 | val_loss=3.3393e-04 | | lr=1.25e-04
Epoch 172 | train_loss=3.4383e-04 | train_eval_loss=2.4554e-04 | val_loss=3.2495e-04 | | lr=1.25e-04
Epoch 173 | train_loss=3.5140e-04 | train_eval_loss=3.1486e-04 | val_loss=3.9139e-04 | | lr=1.25e-04
Epoch 174 | train_loss=3.4986e-04 | train_eval_loss=2.3985e-04 | val_loss=3.1862e-04 | | lr=1.25e-04
Epoch 175 | train_loss=3.4900e-04 | train_eval_loss=2.4463e-04 | val_loss=3.2093e-04 | | lr=1.25e-04
Epoch 176 | train_loss=3.4507e-04 | train_eval_loss=2.4518e-04 | val_loss=3.2133e-04 | | lr=1.25e-04
Epoch 177 | train_loss=3.4094e-04 | train_eval_loss=2.3795e-04 | val_loss=3.1227e-04 | | lr=1.25e-04
Saved best model to results/thesis_model_results/outputs/seed_robustness_shortlist/MTLGSH__mse__minmax__seed42/mtlgsh_state_dict_best.pt
Epoch 178 | train_loss=3.4746e-04 | train_eval_loss=2.4148e-04 | val_loss=3.1847e-04 | | lr=1.25e-04
Epoch 179 | train_loss=3.3344e-04 | train_eval_loss=2.3278e-04 | val_loss=3.0842e-04 | | lr=1.25e-04
Saved best model to results/thesis_model_results/outputs/seed_robustness_shortlist/MTLGSH__mse__minmax__seed42/mtlgsh_state_dict_best.pt
Epoch 180 | train_loss=3.3421e-04 | train_eval_loss=2.5775e-04 | val_loss=3.3562e-04 | | lr=1.25e-04
Epoch 181 | train_loss=3.3995e-04 | train_eval_loss=2.3773e-04 | val_loss=3.1385e-04 | | lr=1.25e-04
Epoch 182 | train_loss=3.3294e-04 | train_eval_loss=2.4430e-04 | val_loss=3.1994e-04 | | lr=1.25e-04
Epoch 183 | train_loss=3.3968e-04 | train_eval_loss=2.4072e-04 | val_loss=3.1551e-04 | | lr=1.25e-04
Epoch 184 | train_loss=3.4812e-04 | train_eval_loss=2.4870e-04 | val_loss=3.2864e-04 | | lr=1.25e-04
Epoch 185 | train_loss=3.4627e-04 | train_eval_loss=2.4036e-04 | val_loss=3.1731e-04 | | lr=1.25e-04
Epoch 186 | train_loss=3.3849e-04 | train_eval_loss=2.4842e-04 | val_loss=3.2971e-04 | | lr=1.25e-04
Epoch 187 | train_loss=3.3778e-04 | train_eval_loss=2.3387e-04 | val_loss=3.1158e-04 | | lr=1.25e-04
Epoch 188 | train_loss=3.3249e-04 | train_eval_loss=2.3408e-04 | val_loss=3.1250e-04 | | lr=1.25e-04
Epoch 189 | train_loss=3.2539e-04 | train_eval_loss=2.2079e-04 | val_loss=3.0245e-04 | | lr=6.25e-05
Saved best model to results/thesis_model_results/outputs/seed_robustness_shortlist/MTLGSH__mse__minmax__seed42/mtlgsh_state_dict_best.pt
Epoch 190 | train_loss=3.2036e-04 | train_eval_loss=2.2614e-04 | val_loss=3.0754e-04 | | lr=6.25e-05
Epoch 191 | train_loss=3.2363e-04 | train_eval_loss=2.2753e-04 | val_loss=3.0640e-04 | | lr=6.25e-05
Epoch 192 | train_loss=3.2152e-04 | train_eval_loss=2.2539e-04 | val_loss=3.0655e-04 | | lr=6.25e-05
Epoch 193 | train_loss=3.2005e-04 | train_eval_loss=2.1905e-04 | val_loss=3.0175e-04 | | lr=6.25e-05
Saved best model to results/thesis_model_results/outputs/seed_robustness_shortlist/MTLGSH__mse__minmax__seed42/mtlgsh_state_dict_best.pt
Epoch 194 | train_loss=3.2288e-04 | train_eval_loss=2.2690e-04 | val_loss=3.0605e-04 | | lr=6.25e-05
Epoch 195 | train_loss=3.1980e-04 | train_eval_loss=2.2143e-04 | val_loss=3.0355e-04 | | lr=6.25e-05
Epoch 196 | train_loss=3.1955e-04 | train_eval_loss=2.2306e-04 | val_loss=3.0510e-04 | | lr=6.25e-05
Epoch 197 | train_loss=3.1937e-04 | train_eval_loss=2.2008e-04 | val_loss=3.0124e-04 | | lr=6.25e-05
Saved best model to results/thesis_model_results/outputs/seed_robustness_shortlist/MTLGSH__mse__minmax__seed42/mtlgsh_state_dict_best.pt
Epoch 198 | train_loss=3.2004e-04 | train_eval_loss=2.3471e-04 | val_loss=3.1746e-04 | | lr=6.25e-05
Epoch 199 | train_loss=3.1909e-04 | train_eval_loss=2.2085e-04 | val_loss=3.0106e-04 | | lr=6.25e-05
Saved best model to results/thesis_model_results/outputs/seed_robustness_shortlist/MTLGSH__mse__minmax__seed42/mtlgsh_state_dict_best.pt
Epoch 200 | train_loss=3.1936e-04 | train_eval_loss=2.2727e-04 | val_loss=3.0676e-04 | | lr=6.25e-05
Saved training logs to results/thesis_model_results/outputs/seed_robustness_shortlist/MTLGSH__mse__minmax__seed42/training_summary.txt
Test RMSE(rocof_COI) = 0.0117 | norm: 0.0089 | real_diff: 0.0075
Test RMSE(dev_COI) = 0.0184 | norm: 0.0068 | real_diff: 0.0096
Test RMSE(Delta_P_IBR_1) = 0.1100 | norm: 0.0174 | real_diff: 0.0711
Test RMSE(Delta_P_IBR_2) = 0.1036 | norm: 0.0144 | real_diff: 0.0587
Test RMSE(Delta_P_IBR_3) = 0.1632 | norm: 0.0287 | real_diff: 0.0825
Test RMSE(Delta_P_IBR_4) = 0.1821 | norm: 0.0188 | real_diff: 0.1154
Saved RMSE results to results/thesis_model_results/outputs/seed_robustness_shortlist/MTLGSH__mse__minmax__seed42/rmse_results.txt
Saved detailed metrics to results/thesis_model_results/outputs/seed_robustness_shortlist/MTLGSH__mse__minmax__seed42/metrics_by_target.csv
Saved aggregate metrics to results/thesis_model_results/outputs/seed_robustness_shortlist/MTLGSH__mse__minmax__seed42/metrics_summary.json
Saved loss curves to results/thesis_model_results/outputs/seed_robustness_shortlist/MTLGSH__mse__minmax__seed42/loss_curve.png
Saved scatter plot results/thesis_model_results/outputs/seed_robustness_shortlist/MTLGSH__mse__minmax__seed42/scatter_rocof_COI.png
Saved scatter plot results/thesis_model_results/outputs/seed_robustness_shortlist/MTLGSH__mse__minmax__seed42/scatter_dev_COI.png
Saved scatter plot results/thesis_model_results/outputs/seed_robustness_shortlist/MTLGSH__mse__minmax__seed42/scatter_Delta_P_IBR_1.png
Saved scatter plot results/thesis_model_results/outputs/seed_robustness_shortlist/MTLGSH__mse__minmax__seed42/scatter_Delta_P_IBR_2.png
Saved scatter plot results/thesis_model_results/outputs/seed_robustness_shortlist/MTLGSH__mse__minmax__seed42/scatter_Delta_P_IBR_3.png
Saved scatter plot results/thesis_model_results/outputs/seed_robustness_shortlist/MTLGSH__mse__minmax__seed42/scatter_Delta_P_IBR_4.png
Saved model to results/thesis_model_results/outputs/seed_robustness_shortlist/MTLGSH__mse__minmax__seed42/mtlgsh_state_dict.pt
Loss type: mse | weights=[]
Target stats (scaled):
train mean=[0.549  0.589  0.492  0.4884 0.4785 0.4192]
train std=[0.1365 0.1371 0.1141 0.1063 0.1158 0.1138]
train q05=[0.3074 0.3979 0.3192 0.303  0.3347 0.2205]
train q95=[0.7933 0.8652 0.6719 0.6491 0.6927 0.6016]
val mean=[0.5473 0.5873 0.4922 0.4893 0.4798 0.4201]
val std=[0.1343 0.1348 0.1123 0.1072 0.1141 0.1112]
val q05=[0.3103 0.3982 0.3195 0.303  0.3376 0.2251]
val q95=[0.7886 0.8626 0.6731 0.6514 0.6918 0.5984]
val/train std ratio=[0.984  0.9828 0.9844 1.0084 0.9848 0.9772]
LR scheduler: ReduceLROnPlateau (factor=0.5, patience=8, min_lr=1e-07)
Epoch 001 | train_loss=3.8160e-02 | train_eval_loss=1.4534e-02 | val_loss=1.4125e-02 | | lr=1.00e-03
Saved best model to results/thesis_model_results/outputs/seed_robustness_shortlist/MTLGSH__mse__minmax__seed84/mtlgsh_state_dict_best.pt
Epoch 002 | train_loss=1.5554e-02 | train_eval_loss=1.0993e-02 | val_loss=1.0686e-02 | | lr=1.00e-03
Saved best model to results/thesis_model_results/outputs/seed_robustness_shortlist/MTLGSH__mse__minmax__seed84/mtlgsh_state_dict_best.pt
Epoch 003 | train_loss=6.9502e-03 | train_eval_loss=3.6397e-03 | val_loss=3.5746e-03 | | lr=1.00e-03
Saved best model to results/thesis_model_results/outputs/seed_robustness_shortlist/MTLGSH__mse__minmax__seed84/mtlgsh_state_dict_best.pt
Epoch 004 | train_loss=4.8855e-03 | train_eval_loss=3.3530e-03 | val_loss=3.2906e-03 | | lr=1.00e-03
Saved best model to results/thesis_model_results/outputs/seed_robustness_shortlist/MTLGSH__mse__minmax__seed84/mtlgsh_state_dict_best.pt
Epoch 005 | train_loss=4.5542e-03 | train_eval_loss=3.1150e-03 | val_loss=3.0602e-03 | | lr=1.00e-03
Saved best model to results/thesis_model_results/outputs/seed_robustness_shortlist/MTLGSH__mse__minmax__seed84/mtlgsh_state_dict_best.pt
Epoch 006 | train_loss=4.2178e-03 | train_eval_loss=2.8603e-03 | val_loss=2.8334e-03 | | lr=1.00e-03
Saved best model to results/thesis_model_results/outputs/seed_robustness_shortlist/MTLGSH__mse__minmax__seed84/mtlgsh_state_dict_best.pt
Epoch 007 | train_loss=3.8191e-03 | train_eval_loss=2.4174e-03 | val_loss=2.3988e-03 | | lr=1.00e-03
Saved best model to results/thesis_model_results/outputs/seed_robustness_shortlist/MTLGSH__mse__minmax__seed84/mtlgsh_state_dict_best.pt
Epoch 008 | train_loss=3.3581e-03 | train_eval_loss=1.9035e-03 | val_loss=1.8659e-03 | | lr=1.00e-03
Saved best model to results/thesis_model_results/outputs/seed_robustness_shortlist/MTLGSH__mse__minmax__seed84/mtlgsh_state_dict_best.pt
Epoch 009 | train_loss=3.0160e-03 | train_eval_loss=1.6349e-03 | val_loss=1.6046e-03 | | lr=1.00e-03
Saved best model to results/thesis_model_results/outputs/seed_robustness_shortlist/MTLGSH__mse__minmax__seed84/mtlgsh_state_dict_best.pt
Epoch 010 | train_loss=2.7100e-03 | train_eval_loss=1.4475e-03 | val_loss=1.4259e-03 | | lr=1.00e-03
Saved best model to results/thesis_model_results/outputs/seed_robustness_shortlist/MTLGSH__mse__minmax__seed84/mtlgsh_state_dict_best.pt
Epoch 011 | train_loss=2.5244e-03 | train_eval_loss=1.4646e-03 | val_loss=1.4467e-03 | | lr=1.00e-03
Epoch 012 | train_loss=2.4705e-03 | train_eval_loss=1.5856e-03 | val_loss=1.5692e-03 | | lr=1.00e-03
Epoch 013 | train_loss=2.3995e-03 | train_eval_loss=1.2497e-03 | val_loss=1.2297e-03 | | lr=1.00e-03
Saved best model to results/thesis_model_results/outputs/seed_robustness_shortlist/MTLGSH__mse__minmax__seed84/mtlgsh_state_dict_best.pt
Epoch 014 | train_loss=2.2990e-03 | train_eval_loss=1.3736e-03 | val_loss=1.3616e-03 | | lr=1.00e-03
Epoch 015 | train_loss=2.2889e-03 | train_eval_loss=1.4059e-03 | val_loss=1.3866e-03 | | lr=1.00e-03
Epoch 016 | train_loss=2.1978e-03 | train_eval_loss=1.3444e-03 | val_loss=1.3342e-03 | | lr=1.00e-03
Epoch 017 | train_loss=2.1245e-03 | train_eval_loss=1.1257e-03 | val_loss=1.1183e-03 | | lr=1.00e-03
Saved best model to results/thesis_model_results/outputs/seed_robustness_shortlist/MTLGSH__mse__minmax__seed84/mtlgsh_state_dict_best.pt
Epoch 018 | train_loss=2.0820e-03 | train_eval_loss=1.2919e-03 | val_loss=1.2799e-03 | | lr=1.00e-03
Epoch 019 | train_loss=2.1199e-03 | train_eval_loss=1.2135e-03 | val_loss=1.2078e-03 | | lr=1.00e-03
Epoch 020 | train_loss=2.0109e-03 | train_eval_loss=1.2116e-03 | val_loss=1.2082e-03 | | lr=1.00e-03
Epoch 021 | train_loss=1.9746e-03 | train_eval_loss=1.2848e-03 | val_loss=1.2794e-03 | | lr=1.00e-03
Epoch 022 | train_loss=1.9009e-03 | train_eval_loss=1.1582e-03 | val_loss=1.1489e-03 | | lr=1.00e-03
Epoch 023 | train_loss=1.8762e-03 | train_eval_loss=1.0165e-03 | val_loss=1.0069e-03 | | lr=1.00e-03
Saved best model to results/thesis_model_results/outputs/seed_robustness_shortlist/MTLGSH__mse__minmax__seed84/mtlgsh_state_dict_best.pt
Epoch 024 | train_loss=1.7984e-03 | train_eval_loss=1.0089e-03 | val_loss=1.0082e-03 | | lr=1.00e-03
Epoch 025 | train_loss=1.7583e-03 | train_eval_loss=9.8359e-04 | val_loss=9.7317e-04 | | lr=1.00e-03
Saved best model to results/thesis_model_results/outputs/seed_robustness_shortlist/MTLGSH__mse__minmax__seed84/mtlgsh_state_dict_best.pt
Epoch 026 | train_loss=1.7029e-03 | train_eval_loss=1.0520e-03 | val_loss=1.0490e-03 | | lr=1.00e-03
Epoch 027 | train_loss=1.6991e-03 | train_eval_loss=1.0462e-03 | val_loss=1.0495e-03 | | lr=1.00e-03
Epoch 028 | train_loss=1.6071e-03 | train_eval_loss=8.6828e-04 | val_loss=8.6286e-04 | | lr=1.00e-03
Saved best model to results/thesis_model_results/outputs/seed_robustness_shortlist/MTLGSH__mse__minmax__seed84/mtlgsh_state_dict_best.pt
Epoch 029 | train_loss=1.6279e-03 | train_eval_loss=8.5816e-04 | val_loss=8.5919e-04 | | lr=1.00e-03
Saved best model to results/thesis_model_results/outputs/seed_robustness_shortlist/MTLGSH__mse__minmax__seed84/mtlgsh_state_dict_best.pt
Epoch 030 | train_loss=1.5165e-03 | train_eval_loss=8.9951e-04 | val_loss=9.0346e-04 | | lr=1.00e-03
Epoch 031 | train_loss=1.5190e-03 | train_eval_loss=8.4569e-04 | val_loss=8.4634e-04 | | lr=1.00e-03
Saved best model to results/thesis_model_results/outputs/seed_robustness_shortlist/MTLGSH__mse__minmax__seed84/mtlgsh_state_dict_best.pt
Epoch 032 | train_loss=1.4454e-03 | train_eval_loss=8.7645e-04 | val_loss=8.7518e-04 | | lr=1.00e-03
Epoch 033 | train_loss=1.4418e-03 | train_eval_loss=9.0812e-04 | val_loss=9.0814e-04 | | lr=1.00e-03
Epoch 034 | train_loss=1.3850e-03 | train_eval_loss=9.8645e-04 | val_loss=1.0003e-03 | | lr=1.00e-03
Epoch 035 | train_loss=1.3464e-03 | train_eval_loss=7.1583e-04 | val_loss=7.1960e-04 | | lr=1.00e-03
Saved best model to results/thesis_model_results/outputs/seed_robustness_shortlist/MTLGSH__mse__minmax__seed84/mtlgsh_state_dict_best.pt
Epoch 036 | train_loss=1.2972e-03 | train_eval_loss=7.8884e-04 | val_loss=7.9512e-04 | | lr=1.00e-03
Epoch 037 | train_loss=1.3468e-03 | train_eval_loss=7.3215e-04 | val_loss=7.3262e-04 | | lr=1.00e-03
Epoch 038 | train_loss=1.2609e-03 | train_eval_loss=7.3437e-04 | val_loss=7.3058e-04 | | lr=1.00e-03
Epoch 039 | train_loss=1.2241e-03 | train_eval_loss=7.3689e-04 | val_loss=7.3998e-04 | | lr=1.00e-03
Epoch 040 | train_loss=1.2050e-03 | train_eval_loss=7.7982e-04 | val_loss=7.8030e-04 | | lr=1.00e-03
Epoch 041 | train_loss=1.2126e-03 | train_eval_loss=8.4034e-04 | val_loss=8.5335e-04 | | lr=1.00e-03
Epoch 042 | train_loss=1.2086e-03 | train_eval_loss=7.9262e-04 | val_loss=7.9252e-04 | | lr=1.00e-03
Epoch 043 | train_loss=1.1866e-03 | train_eval_loss=7.2225e-04 | val_loss=7.2795e-04 | | lr=1.00e-03
Epoch 044 | train_loss=1.1605e-03 | train_eval_loss=6.3630e-04 | val_loss=6.4129e-04 | | lr=1.00e-03
Saved best model to results/thesis_model_results/outputs/seed_robustness_shortlist/MTLGSH__mse__minmax__seed84/mtlgsh_state_dict_best.pt
Epoch 045 | train_loss=1.0385e-03 | train_eval_loss=6.8186e-04 | val_loss=6.7201e-04 | | lr=1.00e-03
Epoch 046 | train_loss=1.0151e-03 | train_eval_loss=7.5181e-04 | val_loss=7.4922e-04 | | lr=1.00e-03
Epoch 047 | train_loss=1.0021e-03 | train_eval_loss=6.6580e-04 | val_loss=6.7241e-04 | | lr=1.00e-03
Epoch 048 | train_loss=9.5799e-04 | train_eval_loss=5.9277e-04 | val_loss=6.0044e-04 | | lr=1.00e-03
Saved best model to results/thesis_model_results/outputs/seed_robustness_shortlist/MTLGSH__mse__minmax__seed84/mtlgsh_state_dict_best.pt
Epoch 049 | train_loss=9.8473e-04 | train_eval_loss=6.4599e-04 | val_loss=6.6219e-04 | | lr=1.00e-03
Epoch 050 | train_loss=9.2630e-04 | train_eval_loss=7.1191e-04 | val_loss=7.2356e-04 | | lr=1.00e-03
Epoch 051 | train_loss=9.3927e-04 | train_eval_loss=6.0984e-04 | val_loss=6.1326e-04 | | lr=1.00e-03
Epoch 052 | train_loss=9.0397e-04 | train_eval_loss=5.7714e-04 | val_loss=5.8051e-04 | | lr=1.00e-03
Saved best model to results/thesis_model_results/outputs/seed_robustness_shortlist/MTLGSH__mse__minmax__seed84/mtlgsh_state_dict_best.pt
Epoch 053 | train_loss=9.1787e-04 | train_eval_loss=6.1479e-04 | val_loss=6.2650e-04 | | lr=1.00e-03
Epoch 054 | train_loss=8.5279e-04 | train_eval_loss=7.8797e-04 | val_loss=7.9509e-04 | | lr=1.00e-03
Epoch 055 | train_loss=9.0037e-04 | train_eval_loss=8.2731e-04 | val_loss=8.4858e-04 | | lr=1.00e-03
Epoch 056 | train_loss=8.8966e-04 | train_eval_loss=6.5604e-04 | val_loss=6.7685e-04 | | lr=1.00e-03
Epoch 057 | train_loss=8.6502e-04 | train_eval_loss=5.3237e-04 | val_loss=5.5442e-04 | | lr=1.00e-03
Saved best model to results/thesis_model_results/outputs/seed_robustness_shortlist/MTLGSH__mse__minmax__seed84/mtlgsh_state_dict_best.pt
Epoch 058 | train_loss=8.0230e-04 | train_eval_loss=5.7900e-04 | val_loss=5.9734e-04 | | lr=1.00e-03
Epoch 059 | train_loss=8.2011e-04 | train_eval_loss=5.0314e-04 | val_loss=5.1666e-04 | | lr=1.00e-03
Saved best model to results/thesis_model_results/outputs/seed_robustness_shortlist/MTLGSH__mse__minmax__seed84/mtlgsh_state_dict_best.pt
Epoch 060 | train_loss=7.5055e-04 | train_eval_loss=5.7731e-04 | val_loss=5.9305e-04 | | lr=1.00e-03
Epoch 061 | train_loss=7.6979e-04 | train_eval_loss=7.7047e-04 | val_loss=7.6817e-04 | | lr=1.00e-03
Epoch 062 | train_loss=7.6988e-04 | train_eval_loss=5.7733e-04 | val_loss=5.9488e-04 | | lr=1.00e-03
Epoch 063 | train_loss=8.1642e-04 | train_eval_loss=8.7828e-04 | val_loss=8.9896e-04 | | lr=1.00e-03
Epoch 064 | train_loss=7.3621e-04 | train_eval_loss=4.9238e-04 | val_loss=5.1190e-04 | | lr=1.00e-03
Saved best model to results/thesis_model_results/outputs/seed_robustness_shortlist/MTLGSH__mse__minmax__seed84/mtlgsh_state_dict_best.pt
Epoch 065 | train_loss=7.3408e-04 | train_eval_loss=6.2046e-04 | val_loss=6.4007e-04 | | lr=1.00e-03
Epoch 066 | train_loss=7.3847e-04 | train_eval_loss=8.1498e-04 | val_loss=8.4179e-04 | | lr=1.00e-03
Epoch 067 | train_loss=8.0237e-04 | train_eval_loss=5.1542e-04 | val_loss=5.3705e-04 | | lr=1.00e-03
Epoch 068 | train_loss=6.7451e-04 | train_eval_loss=5.7938e-04 | val_loss=5.9774e-04 | | lr=1.00e-03
Epoch 069 | train_loss=6.5664e-04 | train_eval_loss=5.9141e-04 | val_loss=6.0398e-04 | | lr=1.00e-03
Epoch 070 | train_loss=6.8029e-04 | train_eval_loss=4.7218e-04 | val_loss=4.9728e-04 | | lr=1.00e-03
Saved best model to results/thesis_model_results/outputs/seed_robustness_shortlist/MTLGSH__mse__minmax__seed84/mtlgsh_state_dict_best.pt
Epoch 071 | train_loss=7.0796e-04 | train_eval_loss=4.7852e-04 | val_loss=4.9950e-04 | | lr=1.00e-03
Epoch 072 | train_loss=7.0783e-04 | train_eval_loss=7.1863e-04 | val_loss=7.4438e-04 | | lr=1.00e-03
Epoch 073 | train_loss=6.9361e-04 | train_eval_loss=5.5275e-04 | val_loss=5.5372e-04 | | lr=1.00e-03
Epoch 074 | train_loss=6.4175e-04 | train_eval_loss=4.5073e-04 | val_loss=4.7194e-04 | | lr=1.00e-03
Saved best model to results/thesis_model_results/outputs/seed_robustness_shortlist/MTLGSH__mse__minmax__seed84/mtlgsh_state_dict_best.pt
Epoch 075 | train_loss=6.5511e-04 | train_eval_loss=4.8740e-04 | val_loss=5.1381e-04 | | lr=1.00e-03
Epoch 076 | train_loss=6.8682e-04 | train_eval_loss=5.1796e-04 | val_loss=5.4817e-04 | | lr=1.00e-03
Epoch 077 | train_loss=7.0230e-04 | train_eval_loss=5.3741e-04 | val_loss=5.5825e-04 | | lr=1.00e-03
Epoch 078 | train_loss=6.2361e-04 | train_eval_loss=5.1598e-04 | val_loss=5.4388e-04 | | lr=1.00e-03
Epoch 079 | train_loss=6.7056e-04 | train_eval_loss=5.3735e-04 | val_loss=5.6577e-04 | | lr=1.00e-03
Epoch 080 | train_loss=6.2455e-04 | train_eval_loss=4.4435e-04 | val_loss=4.7108e-04 | | lr=1.00e-03
Saved best model to results/thesis_model_results/outputs/seed_robustness_shortlist/MTLGSH__mse__minmax__seed84/mtlgsh_state_dict_best.pt
Epoch 081 | train_loss=6.0585e-04 | train_eval_loss=4.8975e-04 | val_loss=5.1447e-04 | | lr=1.00e-03
Epoch 082 | train_loss=6.7321e-04 | train_eval_loss=5.1680e-04 | val_loss=5.4285e-04 | | lr=1.00e-03
Epoch 083 | train_loss=5.9023e-04 | train_eval_loss=5.0166e-04 | val_loss=5.2930e-04 | | lr=1.00e-03
Epoch 084 | train_loss=5.8211e-04 | train_eval_loss=5.1571e-04 | val_loss=5.5338e-04 | | lr=1.00e-03
Epoch 085 | train_loss=5.9186e-04 | train_eval_loss=4.2745e-04 | val_loss=4.6172e-04 | | lr=1.00e-03
Saved best model to results/thesis_model_results/outputs/seed_robustness_shortlist/MTLGSH__mse__minmax__seed84/mtlgsh_state_dict_best.pt
Epoch 086 | train_loss=6.4944e-04 | train_eval_loss=6.6824e-04 | val_loss=6.9745e-04 | | lr=1.00e-03
Epoch 087 | train_loss=5.9896e-04 | train_eval_loss=5.9914e-04 | val_loss=6.3640e-04 | | lr=1.00e-03
Epoch 088 | train_loss=5.5773e-04 | train_eval_loss=4.5903e-04 | val_loss=4.9298e-04 | | lr=1.00e-03
Epoch 089 | train_loss=5.5271e-04 | train_eval_loss=4.4325e-04 | val_loss=4.7793e-04 | | lr=1.00e-03
Epoch 090 | train_loss=5.8754e-04 | train_eval_loss=4.0867e-04 | val_loss=4.4036e-04 | | lr=1.00e-03
Saved best model to results/thesis_model_results/outputs/seed_robustness_shortlist/MTLGSH__mse__minmax__seed84/mtlgsh_state_dict_best.pt
Epoch 091 | train_loss=6.2448e-04 | train_eval_loss=6.1035e-04 | val_loss=6.3475e-04 | | lr=1.00e-03
Epoch 092 | train_loss=5.8463e-04 | train_eval_loss=4.9455e-04 | val_loss=5.3067e-04 | | lr=1.00e-03
Epoch 093 | train_loss=5.4192e-04 | train_eval_loss=3.9800e-04 | val_loss=4.4708e-04 | | lr=1.00e-03
Epoch 094 | train_loss=5.6066e-04 | train_eval_loss=6.2701e-04 | val_loss=6.6076e-04 | | lr=1.00e-03
Epoch 095 | train_loss=6.0662e-04 | train_eval_loss=3.9819e-04 | val_loss=4.3679e-04 | | lr=1.00e-03
Saved best model to results/thesis_model_results/outputs/seed_robustness_shortlist/MTLGSH__mse__minmax__seed84/mtlgsh_state_dict_best.pt
Epoch 096 | train_loss=5.7159e-04 | train_eval_loss=7.2927e-04 | val_loss=7.4041e-04 | | lr=1.00e-03
Epoch 097 | train_loss=5.5890e-04 | train_eval_loss=4.0210e-04 | val_loss=4.4380e-04 | | lr=1.00e-03
Epoch 098 | train_loss=5.5339e-04 | train_eval_loss=3.7255e-04 | val_loss=4.1958e-04 | | lr=1.00e-03
Saved best model to results/thesis_model_results/outputs/seed_robustness_shortlist/MTLGSH__mse__minmax__seed84/mtlgsh_state_dict_best.pt
Epoch 099 | train_loss=5.2049e-04 | train_eval_loss=4.3345e-04 | val_loss=4.7639e-04 | | lr=1.00e-03
Epoch 100 | train_loss=5.0710e-04 | train_eval_loss=4.6517e-04 | val_loss=5.1642e-04 | | lr=1.00e-03
Epoch 101 | train_loss=5.3726e-04 | train_eval_loss=7.4709e-04 | val_loss=7.8045e-04 | | lr=1.00e-03
Epoch 102 | train_loss=5.8464e-04 | train_eval_loss=8.3011e-04 | val_loss=8.8287e-04 | | lr=1.00e-03
Epoch 103 | train_loss=5.9796e-04 | train_eval_loss=4.2441e-04 | val_loss=4.5722e-04 | | lr=1.00e-03
Epoch 104 | train_loss=5.3656e-04 | train_eval_loss=5.0159e-04 | val_loss=5.4321e-04 | | lr=1.00e-03
Epoch 105 | train_loss=5.3685e-04 | train_eval_loss=3.9032e-04 | val_loss=4.3418e-04 | | lr=1.00e-03
Epoch 106 | train_loss=4.7995e-04 | train_eval_loss=4.5375e-04 | val_loss=4.9722e-04 | | lr=1.00e-03
Epoch 107 | train_loss=5.7255e-04 | train_eval_loss=3.8356e-04 | val_loss=4.2543e-04 | | lr=1.00e-03
Epoch 108 | train_loss=4.4270e-04 | train_eval_loss=4.1548e-04 | val_loss=4.7978e-04 | | lr=5.00e-04
Epoch 109 | train_loss=4.2852e-04 | train_eval_loss=3.1554e-04 | val_loss=3.7302e-04 | | lr=5.00e-04
Saved best model to results/thesis_model_results/outputs/seed_robustness_shortlist/MTLGSH__mse__minmax__seed84/mtlgsh_state_dict_best.pt
Epoch 110 | train_loss=4.0856e-04 | train_eval_loss=3.0196e-04 | val_loss=3.6200e-04 | | lr=5.00e-04
Saved best model to results/thesis_model_results/outputs/seed_robustness_shortlist/MTLGSH__mse__minmax__seed84/mtlgsh_state_dict_best.pt
Epoch 111 | train_loss=4.1513e-04 | train_eval_loss=3.0612e-04 | val_loss=3.6344e-04 | | lr=5.00e-04
Epoch 112 | train_loss=4.1852e-04 | train_eval_loss=2.9043e-04 | val_loss=3.5634e-04 | | lr=5.00e-04
Saved best model to results/thesis_model_results/outputs/seed_robustness_shortlist/MTLGSH__mse__minmax__seed84/mtlgsh_state_dict_best.pt
Epoch 113 | train_loss=4.2160e-04 | train_eval_loss=3.2008e-04 | val_loss=3.7975e-04 | | lr=5.00e-04
Epoch 114 | train_loss=4.2486e-04 | train_eval_loss=3.2089e-04 | val_loss=3.7536e-04 | | lr=5.00e-04
Epoch 115 | train_loss=4.3244e-04 | train_eval_loss=3.3938e-04 | val_loss=3.8990e-04 | | lr=5.00e-04
Epoch 116 | train_loss=4.3357e-04 | train_eval_loss=3.2965e-04 | val_loss=3.9162e-04 | | lr=5.00e-04
Epoch 117 | train_loss=4.1032e-04 | train_eval_loss=2.9379e-04 | val_loss=3.5988e-04 | | lr=5.00e-04
Epoch 118 | train_loss=4.2696e-04 | train_eval_loss=3.5774e-04 | val_loss=4.0886e-04 | | lr=5.00e-04
Epoch 119 | train_loss=4.1312e-04 | train_eval_loss=2.8871e-04 | val_loss=3.5240e-04 | | lr=5.00e-04
Saved best model to results/thesis_model_results/outputs/seed_robustness_shortlist/MTLGSH__mse__minmax__seed84/mtlgsh_state_dict_best.pt
Epoch 120 | train_loss=4.4592e-04 | train_eval_loss=3.0954e-04 | val_loss=3.8003e-04 | | lr=5.00e-04
Epoch 121 | train_loss=4.2298e-04 | train_eval_loss=3.0347e-04 | val_loss=3.6538e-04 | | lr=5.00e-04
Epoch 122 | train_loss=3.9857e-04 | train_eval_loss=3.3439e-04 | val_loss=3.9899e-04 | | lr=5.00e-04
Epoch 123 | train_loss=4.3815e-04 | train_eval_loss=4.2138e-04 | val_loss=4.8358e-04 | | lr=5.00e-04
Epoch 124 | train_loss=4.4171e-04 | train_eval_loss=2.8810e-04 | val_loss=3.4982e-04 | | lr=5.00e-04
Saved best model to results/thesis_model_results/outputs/seed_robustness_shortlist/MTLGSH__mse__minmax__seed84/mtlgsh_state_dict_best.pt
Epoch 125 | train_loss=4.2040e-04 | train_eval_loss=2.9316e-04 | val_loss=3.6412e-04 | | lr=5.00e-04
Epoch 126 | train_loss=4.0216e-04 | train_eval_loss=3.0700e-04 | val_loss=3.6380e-04 | | lr=5.00e-04
Epoch 127 | train_loss=4.0672e-04 | train_eval_loss=3.0653e-04 | val_loss=3.6998e-04 | | lr=5.00e-04
Epoch 128 | train_loss=4.0197e-04 | train_eval_loss=3.4627e-04 | val_loss=4.0849e-04 | | lr=5.00e-04
Epoch 129 | train_loss=4.0925e-04 | train_eval_loss=3.0466e-04 | val_loss=3.6882e-04 | | lr=5.00e-04
Epoch 130 | train_loss=4.2505e-04 | train_eval_loss=3.5612e-04 | val_loss=4.2123e-04 | | lr=5.00e-04
Epoch 131 | train_loss=4.0096e-04 | train_eval_loss=3.0957e-04 | val_loss=3.7955e-04 | | lr=5.00e-04
Epoch 132 | train_loss=3.9653e-04 | train_eval_loss=3.0145e-04 | val_loss=3.7585e-04 | | lr=5.00e-04
Epoch 133 | train_loss=4.1880e-04 | train_eval_loss=2.7261e-04 | val_loss=3.4264e-04 | | lr=5.00e-04
Saved best model to results/thesis_model_results/outputs/seed_robustness_shortlist/MTLGSH__mse__minmax__seed84/mtlgsh_state_dict_best.pt
Epoch 134 | train_loss=4.4340e-04 | train_eval_loss=3.7276e-04 | val_loss=4.4115e-04 | | lr=5.00e-04
Epoch 135 | train_loss=4.2350e-04 | train_eval_loss=2.9720e-04 | val_loss=3.7013e-04 | | lr=5.00e-04
Epoch 136 | train_loss=4.2983e-04 | train_eval_loss=2.8652e-04 | val_loss=3.6345e-04 | | lr=5.00e-04
Epoch 137 | train_loss=4.0618e-04 | train_eval_loss=3.6013e-04 | val_loss=4.3197e-04 | | lr=5.00e-04
Epoch 138 | train_loss=4.0689e-04 | train_eval_loss=3.0795e-04 | val_loss=3.8230e-04 | | lr=5.00e-04
Epoch 139 | train_loss=4.3123e-04 | train_eval_loss=3.7602e-04 | val_loss=4.4805e-04 | | lr=5.00e-04
Epoch 140 | train_loss=4.0875e-04 | train_eval_loss=2.6988e-04 | val_loss=3.5064e-04 | | lr=5.00e-04
Epoch 141 | train_loss=3.8634e-04 | train_eval_loss=2.9740e-04 | val_loss=3.6869e-04 | | lr=5.00e-04
Epoch 142 | train_loss=3.8679e-04 | train_eval_loss=3.1802e-04 | val_loss=4.0139e-04 | | lr=5.00e-04
Epoch 143 | train_loss=3.6052e-04 | train_eval_loss=2.4178e-04 | val_loss=3.2109e-04 | | lr=2.50e-04
Saved best model to results/thesis_model_results/outputs/seed_robustness_shortlist/MTLGSH__mse__minmax__seed84/mtlgsh_state_dict_best.pt
Epoch 144 | train_loss=3.5099e-04 | train_eval_loss=2.3640e-04 | val_loss=3.2652e-04 | | lr=2.50e-04
Epoch 145 | train_loss=3.4594e-04 | train_eval_loss=2.4218e-04 | val_loss=3.2772e-04 | | lr=2.50e-04
Epoch 146 | train_loss=3.4709e-04 | train_eval_loss=2.4500e-04 | val_loss=3.3086e-04 | | lr=2.50e-04
Epoch 147 | train_loss=3.4616e-04 | train_eval_loss=3.0297e-04 | val_loss=3.8939e-04 | | lr=2.50e-04
Epoch 148 | train_loss=3.4315e-04 | train_eval_loss=2.4776e-04 | val_loss=3.3184e-04 | | lr=2.50e-04
Epoch 149 | train_loss=3.4617e-04 | train_eval_loss=2.4622e-04 | val_loss=3.2979e-04 | | lr=2.50e-04
Epoch 150 | train_loss=3.4866e-04 | train_eval_loss=2.3693e-04 | val_loss=3.2472e-04 | | lr=2.50e-04
Epoch 151 | train_loss=3.5482e-04 | train_eval_loss=2.4901e-04 | val_loss=3.3482e-04 | | lr=2.50e-04
Epoch 152 | train_loss=3.3896e-04 | train_eval_loss=2.4617e-04 | val_loss=3.3472e-04 | | lr=2.50e-04
Epoch 153 | train_loss=3.2342e-04 | train_eval_loss=2.1765e-04 | val_loss=3.1018e-04 | | lr=1.25e-04
Saved best model to results/thesis_model_results/outputs/seed_robustness_shortlist/MTLGSH__mse__minmax__seed84/mtlgsh_state_dict_best.pt
Epoch 154 | train_loss=3.2477e-04 | train_eval_loss=2.3251e-04 | val_loss=3.2503e-04 | | lr=1.25e-04
Epoch 155 | train_loss=3.2089e-04 | train_eval_loss=2.2059e-04 | val_loss=3.1381e-04 | | lr=1.25e-04
Epoch 156 | train_loss=3.1526e-04 | train_eval_loss=2.1964e-04 | val_loss=3.0707e-04 | | lr=1.25e-04
Saved best model to results/thesis_model_results/outputs/seed_robustness_shortlist/MTLGSH__mse__minmax__seed84/mtlgsh_state_dict_best.pt
Epoch 157 | train_loss=3.1705e-04 | train_eval_loss=2.2160e-04 | val_loss=3.1697e-04 | | lr=1.25e-04
Epoch 158 | train_loss=3.1804e-04 | train_eval_loss=2.2018e-04 | val_loss=3.1705e-04 | | lr=1.25e-04
Epoch 159 | train_loss=3.3156e-04 | train_eval_loss=2.1779e-04 | val_loss=3.0828e-04 | | lr=1.25e-04
Epoch 160 | train_loss=3.2343e-04 | train_eval_loss=2.3877e-04 | val_loss=3.2876e-04 | | lr=1.25e-04
Epoch 161 | train_loss=3.2256e-04 | train_eval_loss=2.6535e-04 | val_loss=3.4881e-04 | | lr=1.25e-04
Epoch 162 | train_loss=3.1865e-04 | train_eval_loss=2.2201e-04 | val_loss=3.1431e-04 | | lr=1.25e-04
Epoch 163 | train_loss=3.1892e-04 | train_eval_loss=2.1399e-04 | val_loss=3.0648e-04 | | lr=1.25e-04
Saved best model to results/thesis_model_results/outputs/seed_robustness_shortlist/MTLGSH__mse__minmax__seed84/mtlgsh_state_dict_best.pt
Epoch 164 | train_loss=3.2081e-04 | train_eval_loss=2.3158e-04 | val_loss=3.2329e-04 | | lr=1.25e-04
Epoch 165 | train_loss=3.1982e-04 | train_eval_loss=2.1665e-04 | val_loss=3.1490e-04 | | lr=1.25e-04
Epoch 166 | train_loss=3.1672e-04 | train_eval_loss=2.2620e-04 | val_loss=3.1427e-04 | | lr=1.25e-04
Epoch 167 | train_loss=3.1882e-04 | train_eval_loss=2.1713e-04 | val_loss=3.1111e-04 | | lr=1.25e-04
Epoch 168 | train_loss=3.1673e-04 | train_eval_loss=2.3020e-04 | val_loss=3.2239e-04 | | lr=1.25e-04
Epoch 169 | train_loss=3.1608e-04 | train_eval_loss=2.1636e-04 | val_loss=3.1160e-04 | | lr=1.25e-04
Epoch 170 | train_loss=3.1707e-04 | train_eval_loss=2.1710e-04 | val_loss=3.0645e-04 | | lr=1.25e-04
Saved best model to results/thesis_model_results/outputs/seed_robustness_shortlist/MTLGSH__mse__minmax__seed84/mtlgsh_state_dict_best.pt
Epoch 171 | train_loss=3.1632e-04 | train_eval_loss=2.1316e-04 | val_loss=3.0611e-04 | | lr=1.25e-04
Saved best model to results/thesis_model_results/outputs/seed_robustness_shortlist/MTLGSH__mse__minmax__seed84/mtlgsh_state_dict_best.pt
Epoch 172 | train_loss=3.1212e-04 | train_eval_loss=2.1524e-04 | val_loss=3.1055e-04 | | lr=1.25e-04
Epoch 173 | train_loss=3.1228e-04 | train_eval_loss=2.1282e-04 | val_loss=3.0861e-04 | | lr=1.25e-04
Epoch 174 | train_loss=3.1230e-04 | train_eval_loss=2.2027e-04 | val_loss=3.1409e-04 | | lr=1.25e-04
Epoch 175 | train_loss=3.1329e-04 | train_eval_loss=2.1163e-04 | val_loss=3.0740e-04 | | lr=1.25e-04
Epoch 176 | train_loss=3.1170e-04 | train_eval_loss=2.4837e-04 | val_loss=3.4890e-04 | | lr=1.25e-04
Epoch 177 | train_loss=3.1222e-04 | train_eval_loss=2.0559e-04 | val_loss=3.0513e-04 | | lr=1.25e-04
Saved best model to results/thesis_model_results/outputs/seed_robustness_shortlist/MTLGSH__mse__minmax__seed84/mtlgsh_state_dict_best.pt
Epoch 178 | train_loss=3.0973e-04 | train_eval_loss=2.2397e-04 | val_loss=3.2075e-04 | | lr=1.25e-04
Epoch 179 | train_loss=3.1622e-04 | train_eval_loss=2.1464e-04 | val_loss=3.1690e-04 | | lr=1.25e-04
Epoch 180 | train_loss=3.1509e-04 | train_eval_loss=2.0852e-04 | val_loss=3.0357e-04 | | lr=1.25e-04
Saved best model to results/thesis_model_results/outputs/seed_robustness_shortlist/MTLGSH__mse__minmax__seed84/mtlgsh_state_dict_best.pt
Epoch 181 | train_loss=3.1571e-04 | train_eval_loss=2.0835e-04 | val_loss=3.0778e-04 | | lr=1.25e-04
Epoch 182 | train_loss=3.1205e-04 | train_eval_loss=2.2177e-04 | val_loss=3.1241e-04 | | lr=1.25e-04
Epoch 183 | train_loss=3.1904e-04 | train_eval_loss=2.1676e-04 | val_loss=3.1073e-04 | | lr=1.25e-04
Epoch 184 | train_loss=3.1246e-04 | train_eval_loss=2.0859e-04 | val_loss=3.0460e-04 | | lr=1.25e-04
Epoch 185 | train_loss=3.0895e-04 | train_eval_loss=2.0103e-04 | val_loss=3.0105e-04 | | lr=1.25e-04
Saved best model to results/thesis_model_results/outputs/seed_robustness_shortlist/MTLGSH__mse__minmax__seed84/mtlgsh_state_dict_best.pt
Epoch 186 | train_loss=3.0546e-04 | train_eval_loss=2.2360e-04 | val_loss=3.2337e-04 | | lr=1.25e-04
Epoch 187 | train_loss=3.2762e-04 | train_eval_loss=2.1781e-04 | val_loss=3.0929e-04 | | lr=1.25e-04
Epoch 188 | train_loss=3.0750e-04 | train_eval_loss=2.0826e-04 | val_loss=3.1074e-04 | | lr=1.25e-04
Epoch 189 | train_loss=3.0680e-04 | train_eval_loss=2.1026e-04 | val_loss=3.1504e-04 | | lr=1.25e-04
Epoch 190 | train_loss=3.0859e-04 | train_eval_loss=2.2734e-04 | val_loss=3.2827e-04 | | lr=1.25e-04
Epoch 191 | train_loss=3.0632e-04 | train_eval_loss=2.0914e-04 | val_loss=3.0520e-04 | | lr=1.25e-04
Epoch 192 | train_loss=3.0391e-04 | train_eval_loss=2.0043e-04 | val_loss=3.0203e-04 | | lr=1.25e-04
Epoch 193 | train_loss=3.0750e-04 | train_eval_loss=2.0674e-04 | val_loss=3.0500e-04 | | lr=1.25e-04
Epoch 194 | train_loss=3.0960e-04 | train_eval_loss=1.9969e-04 | val_loss=3.0274e-04 | | lr=1.25e-04
Epoch 195 | train_loss=2.9362e-04 | train_eval_loss=1.9321e-04 | val_loss=2.9489e-04 | | lr=6.25e-05
Saved best model to results/thesis_model_results/outputs/seed_robustness_shortlist/MTLGSH__mse__minmax__seed84/mtlgsh_state_dict_best.pt
Epoch 196 | train_loss=2.9472e-04 | train_eval_loss=1.9155e-04 | val_loss=2.9187e-04 | | lr=6.25e-05
Saved best model to results/thesis_model_results/outputs/seed_robustness_shortlist/MTLGSH__mse__minmax__seed84/mtlgsh_state_dict_best.pt
Epoch 197 | train_loss=2.9227e-04 | train_eval_loss=1.9456e-04 | val_loss=3.0045e-04 | | lr=6.25e-05
Epoch 198 | train_loss=2.9252e-04 | train_eval_loss=1.9341e-04 | val_loss=2.9697e-04 | | lr=6.25e-05
Epoch 199 | train_loss=2.9206e-04 | train_eval_loss=1.9656e-04 | val_loss=2.9665e-04 | | lr=6.25e-05
Epoch 200 | train_loss=2.9381e-04 | train_eval_loss=1.9143e-04 | val_loss=2.9324e-04 | | lr=6.25e-05
Saved training logs to results/thesis_model_results/outputs/seed_robustness_shortlist/MTLGSH__mse__minmax__seed84/training_summary.txt
Test RMSE(rocof_COI) = 0.0107 | norm: 0.0081 | real_diff: 0.0065
Test RMSE(dev_COI) = 0.0178 | norm: 0.0066 | real_diff: 0.0088
Test RMSE(Delta_P_IBR_1) = 0.1036 | norm: 0.0164 | real_diff: 0.0664
Test RMSE(Delta_P_IBR_2) = 0.1025 | norm: 0.0143 | real_diff: 0.0548
Test RMSE(Delta_P_IBR_3) = 0.1622 | norm: 0.0285 | real_diff: 0.0809
Test RMSE(Delta_P_IBR_4) = 0.1725 | norm: 0.0178 | real_diff: 0.1062
Saved RMSE results to results/thesis_model_results/outputs/seed_robustness_shortlist/MTLGSH__mse__minmax__seed84/rmse_results.txt
Saved detailed metrics to results/thesis_model_results/outputs/seed_robustness_shortlist/MTLGSH__mse__minmax__seed84/metrics_by_target.csv
Saved aggregate metrics to results/thesis_model_results/outputs/seed_robustness_shortlist/MTLGSH__mse__minmax__seed84/metrics_summary.json
Saved loss curves to results/thesis_model_results/outputs/seed_robustness_shortlist/MTLGSH__mse__minmax__seed84/loss_curve.png
Saved scatter plot results/thesis_model_results/outputs/seed_robustness_shortlist/MTLGSH__mse__minmax__seed84/scatter_rocof_COI.png
Saved scatter plot results/thesis_model_results/outputs/seed_robustness_shortlist/MTLGSH__mse__minmax__seed84/scatter_dev_COI.png
Saved scatter plot results/thesis_model_results/outputs/seed_robustness_shortlist/MTLGSH__mse__minmax__seed84/scatter_Delta_P_IBR_1.png
Saved scatter plot results/thesis_model_results/outputs/seed_robustness_shortlist/MTLGSH__mse__minmax__seed84/scatter_Delta_P_IBR_2.png
Saved scatter plot results/thesis_model_results/outputs/seed_robustness_shortlist/MTLGSH__mse__minmax__seed84/scatter_Delta_P_IBR_3.png
Saved scatter plot results/thesis_model_results/outputs/seed_robustness_shortlist/MTLGSH__mse__minmax__seed84/scatter_Delta_P_IBR_4.png
Saved model to results/thesis_model_results/outputs/seed_robustness_shortlist/MTLGSH__mse__minmax__seed84/mtlgsh_state_dict.pt
Loss type: mse | weights=[]
Target stats (scaled):
train mean=[0.549  0.589  0.492  0.4884 0.4785 0.4192]
train std=[0.1365 0.1371 0.1141 0.1063 0.1158 0.1138]
train q05=[0.3074 0.3979 0.3192 0.303  0.3347 0.2205]
train q95=[0.7933 0.8652 0.6719 0.6491 0.6927 0.6016]
val mean=[0.5473 0.5873 0.4922 0.4893 0.4798 0.4201]
val std=[0.1343 0.1348 0.1123 0.1072 0.1141 0.1112]
val q05=[0.3103 0.3982 0.3195 0.303  0.3376 0.2251]
val q95=[0.7886 0.8626 0.6731 0.6514 0.6918 0.5984]
val/train std ratio=[0.984  0.9828 0.9844 1.0084 0.9848 0.9772]
LR scheduler: ReduceLROnPlateau (factor=0.5, patience=8, min_lr=1e-07)
Epoch 001 | train_loss=5.2720e-02 | train_eval_loss=1.4680e-02 | val_loss=1.4279e-02 | | lr=1.00e-03
Saved best model to results/thesis_model_results/outputs/seed_robustness_shortlist/MTLGSH__mse__minmax__seed126/mtlgsh_state_dict_best.pt
Epoch 002 | train_loss=1.7010e-02 | train_eval_loss=1.3950e-02 | val_loss=1.3561e-02 | | lr=1.00e-03
Saved best model to results/thesis_model_results/outputs/seed_robustness_shortlist/MTLGSH__mse__minmax__seed126/mtlgsh_state_dict_best.pt
Epoch 003 | train_loss=1.2013e-02 | train_eval_loss=4.1607e-03 | val_loss=4.0915e-03 | | lr=1.00e-03
Saved best model to results/thesis_model_results/outputs/seed_robustness_shortlist/MTLGSH__mse__minmax__seed126/mtlgsh_state_dict_best.pt
Epoch 004 | train_loss=5.7000e-03 | train_eval_loss=3.5829e-03 | val_loss=3.5178e-03 | | lr=1.00e-03
Saved best model to results/thesis_model_results/outputs/seed_robustness_shortlist/MTLGSH__mse__minmax__seed126/mtlgsh_state_dict_best.pt
Epoch 005 | train_loss=5.2706e-03 | train_eval_loss=3.3711e-03 | val_loss=3.3020e-03 | | lr=1.00e-03
Saved best model to results/thesis_model_results/outputs/seed_robustness_shortlist/MTLGSH__mse__minmax__seed126/mtlgsh_state_dict_best.pt
Epoch 006 | train_loss=5.0553e-03 | train_eval_loss=3.3534e-03 | val_loss=3.2897e-03 | | lr=1.00e-03
Saved best model to results/thesis_model_results/outputs/seed_robustness_shortlist/MTLGSH__mse__minmax__seed126/mtlgsh_state_dict_best.pt
Epoch 007 | train_loss=4.8773e-03 | train_eval_loss=3.1487e-03 | val_loss=3.0982e-03 | | lr=1.00e-03
Saved best model to results/thesis_model_results/outputs/seed_robustness_shortlist/MTLGSH__mse__minmax__seed126/mtlgsh_state_dict_best.pt
Epoch 008 | train_loss=4.4272e-03 | train_eval_loss=2.6712e-03 | val_loss=2.6502e-03 | | lr=1.00e-03
Saved best model to results/thesis_model_results/outputs/seed_robustness_shortlist/MTLGSH__mse__minmax__seed126/mtlgsh_state_dict_best.pt
Epoch 009 | train_loss=4.0796e-03 | train_eval_loss=2.2116e-03 | val_loss=2.1919e-03 | | lr=1.00e-03
Saved best model to results/thesis_model_results/outputs/seed_robustness_shortlist/MTLGSH__mse__minmax__seed126/mtlgsh_state_dict_best.pt
Epoch 010 | train_loss=3.6025e-03 | train_eval_loss=2.0843e-03 | val_loss=2.0474e-03 | | lr=1.00e-03
Saved best model to results/thesis_model_results/outputs/seed_robustness_shortlist/MTLGSH__mse__minmax__seed126/mtlgsh_state_dict_best.pt
Epoch 011 | train_loss=3.3055e-03 | train_eval_loss=1.8070e-03 | val_loss=1.7704e-03 | | lr=1.00e-03
Saved best model to results/thesis_model_results/outputs/seed_robustness_shortlist/MTLGSH__mse__minmax__seed126/mtlgsh_state_dict_best.pt
Epoch 012 | train_loss=3.0080e-03 | train_eval_loss=1.4494e-03 | val_loss=1.4290e-03 | | lr=1.00e-03
Saved best model to results/thesis_model_results/outputs/seed_robustness_shortlist/MTLGSH__mse__minmax__seed126/mtlgsh_state_dict_best.pt
Epoch 013 | train_loss=2.8589e-03 | train_eval_loss=1.8823e-03 | val_loss=1.8600e-03 | | lr=1.00e-03
Epoch 014 | train_loss=2.8852e-03 | train_eval_loss=1.3385e-03 | val_loss=1.3167e-03 | | lr=1.00e-03
Saved best model to results/thesis_model_results/outputs/seed_robustness_shortlist/MTLGSH__mse__minmax__seed126/mtlgsh_state_dict_best.pt
Epoch 015 | train_loss=2.7079e-03 | train_eval_loss=1.5502e-03 | val_loss=1.5349e-03 | | lr=1.00e-03
Epoch 016 | train_loss=2.6203e-03 | train_eval_loss=1.2512e-03 | val_loss=1.2386e-03 | | lr=1.00e-03
Saved best model to results/thesis_model_results/outputs/seed_robustness_shortlist/MTLGSH__mse__minmax__seed126/mtlgsh_state_dict_best.pt
Epoch 017 | train_loss=2.5514e-03 | train_eval_loss=1.2592e-03 | val_loss=1.2406e-03 | | lr=1.00e-03
Epoch 018 | train_loss=2.5019e-03 | train_eval_loss=1.1772e-03 | val_loss=1.1703e-03 | | lr=1.00e-03
Saved best model to results/thesis_model_results/outputs/seed_robustness_shortlist/MTLGSH__mse__minmax__seed126/mtlgsh_state_dict_best.pt
Epoch 019 | train_loss=2.4497e-03 | train_eval_loss=1.2160e-03 | val_loss=1.2108e-03 | | lr=1.00e-03
Epoch 020 | train_loss=2.3515e-03 | train_eval_loss=1.1549e-03 | val_loss=1.1523e-03 | | lr=1.00e-03
Saved best model to results/thesis_model_results/outputs/seed_robustness_shortlist/MTLGSH__mse__minmax__seed126/mtlgsh_state_dict_best.pt
Epoch 021 | train_loss=2.3762e-03 | train_eval_loss=1.3494e-03 | val_loss=1.3429e-03 | | lr=1.00e-03
Epoch 022 | train_loss=2.2587e-03 | train_eval_loss=1.1128e-03 | val_loss=1.1067e-03 | | lr=1.00e-03
Saved best model to results/thesis_model_results/outputs/seed_robustness_shortlist/MTLGSH__mse__minmax__seed126/mtlgsh_state_dict_best.pt
Epoch 023 | train_loss=2.2159e-03 | train_eval_loss=1.0319e-03 | val_loss=1.0221e-03 | | lr=1.00e-03
Saved best model to results/thesis_model_results/outputs/seed_robustness_shortlist/MTLGSH__mse__minmax__seed126/mtlgsh_state_dict_best.pt
Epoch 024 | train_loss=2.1832e-03 | train_eval_loss=1.2715e-03 | val_loss=1.2683e-03 | | lr=1.00e-03
Epoch 025 | train_loss=2.1327e-03 | train_eval_loss=1.0146e-03 | val_loss=1.0088e-03 | | lr=1.00e-03
Saved best model to results/thesis_model_results/outputs/seed_robustness_shortlist/MTLGSH__mse__minmax__seed126/mtlgsh_state_dict_best.pt
Epoch 026 | train_loss=2.0716e-03 | train_eval_loss=9.5130e-04 | val_loss=9.4723e-04 | | lr=1.00e-03
Saved best model to results/thesis_model_results/outputs/seed_robustness_shortlist/MTLGSH__mse__minmax__seed126/mtlgsh_state_dict_best.pt
Epoch 027 | train_loss=2.0418e-03 | train_eval_loss=9.8008e-04 | val_loss=9.8912e-04 | | lr=1.00e-03
Epoch 028 | train_loss=1.9503e-03 | train_eval_loss=9.2579e-04 | val_loss=9.2043e-04 | | lr=1.00e-03
Saved best model to results/thesis_model_results/outputs/seed_robustness_shortlist/MTLGSH__mse__minmax__seed126/mtlgsh_state_dict_best.pt
Epoch 029 | train_loss=1.8897e-03 | train_eval_loss=9.5936e-04 | val_loss=9.6477e-04 | | lr=1.00e-03
Epoch 030 | train_loss=1.9156e-03 | train_eval_loss=8.6459e-04 | val_loss=8.6136e-04 | | lr=1.00e-03
Saved best model to results/thesis_model_results/outputs/seed_robustness_shortlist/MTLGSH__mse__minmax__seed126/mtlgsh_state_dict_best.pt
Epoch 031 | train_loss=1.8460e-03 | train_eval_loss=8.5565e-04 | val_loss=8.6092e-04 | | lr=1.00e-03
Saved best model to results/thesis_model_results/outputs/seed_robustness_shortlist/MTLGSH__mse__minmax__seed126/mtlgsh_state_dict_best.pt
Epoch 032 | train_loss=1.8002e-03 | train_eval_loss=9.9108e-04 | val_loss=9.9002e-04 | | lr=1.00e-03
Epoch 033 | train_loss=1.7321e-03 | train_eval_loss=9.9791e-04 | val_loss=9.9481e-04 | | lr=1.00e-03
Epoch 034 | train_loss=1.6950e-03 | train_eval_loss=8.4625e-04 | val_loss=8.5562e-04 | | lr=1.00e-03
Saved best model to results/thesis_model_results/outputs/seed_robustness_shortlist/MTLGSH__mse__minmax__seed126/mtlgsh_state_dict_best.pt
Epoch 035 | train_loss=1.6378e-03 | train_eval_loss=9.2727e-04 | val_loss=9.4278e-04 | | lr=1.00e-03
Epoch 036 | train_loss=1.6154e-03 | train_eval_loss=9.2552e-04 | val_loss=9.3507e-04 | | lr=1.00e-03
Epoch 037 | train_loss=1.5928e-03 | train_eval_loss=8.1955e-04 | val_loss=8.2343e-04 | | lr=1.00e-03
Saved best model to results/thesis_model_results/outputs/seed_robustness_shortlist/MTLGSH__mse__minmax__seed126/mtlgsh_state_dict_best.pt
Epoch 038 | train_loss=1.5164e-03 | train_eval_loss=7.4100e-04 | val_loss=7.4294e-04 | | lr=1.00e-03
Saved best model to results/thesis_model_results/outputs/seed_robustness_shortlist/MTLGSH__mse__minmax__seed126/mtlgsh_state_dict_best.pt
Epoch 039 | train_loss=1.5264e-03 | train_eval_loss=8.1994e-04 | val_loss=8.2090e-04 | | lr=1.00e-03
Epoch 040 | train_loss=1.4886e-03 | train_eval_loss=7.8139e-04 | val_loss=7.8669e-04 | | lr=1.00e-03
Epoch 041 | train_loss=1.3896e-03 | train_eval_loss=1.0933e-03 | val_loss=1.1052e-03 | | lr=1.00e-03
Epoch 042 | train_loss=1.3779e-03 | train_eval_loss=7.8688e-04 | val_loss=8.0226e-04 | | lr=1.00e-03
Epoch 043 | train_loss=1.3248e-03 | train_eval_loss=6.9906e-04 | val_loss=7.0219e-04 | | lr=1.00e-03
Saved best model to results/thesis_model_results/outputs/seed_robustness_shortlist/MTLGSH__mse__minmax__seed126/mtlgsh_state_dict_best.pt
Epoch 044 | train_loss=1.3570e-03 | train_eval_loss=9.1264e-04 | val_loss=9.1137e-04 | | lr=1.00e-03
Epoch 045 | train_loss=1.3052e-03 | train_eval_loss=7.5935e-04 | val_loss=7.7299e-04 | | lr=1.00e-03
Epoch 046 | train_loss=1.2784e-03 | train_eval_loss=7.2374e-04 | val_loss=7.2827e-04 | | lr=1.00e-03
Epoch 047 | train_loss=1.2122e-03 | train_eval_loss=7.0725e-04 | val_loss=7.1862e-04 | | lr=1.00e-03
Epoch 048 | train_loss=1.2160e-03 | train_eval_loss=7.6527e-04 | val_loss=7.5904e-04 | | lr=1.00e-03
Epoch 049 | train_loss=1.1757e-03 | train_eval_loss=5.9997e-04 | val_loss=6.0803e-04 | | lr=1.00e-03
Saved best model to results/thesis_model_results/outputs/seed_robustness_shortlist/MTLGSH__mse__minmax__seed126/mtlgsh_state_dict_best.pt
Epoch 050 | train_loss=1.1092e-03 | train_eval_loss=6.7337e-04 | val_loss=6.8395e-04 | | lr=1.00e-03
Epoch 051 | train_loss=1.1534e-03 | train_eval_loss=6.2823e-04 | val_loss=6.3206e-04 | | lr=1.00e-03
Epoch 052 | train_loss=1.0819e-03 | train_eval_loss=6.2303e-04 | val_loss=6.3267e-04 | | lr=1.00e-03
Epoch 053 | train_loss=1.0655e-03 | train_eval_loss=8.0418e-04 | val_loss=8.0660e-04 | | lr=1.00e-03
Epoch 054 | train_loss=1.1025e-03 | train_eval_loss=6.6440e-04 | val_loss=6.7847e-04 | | lr=1.00e-03
Epoch 055 | train_loss=9.8829e-04 | train_eval_loss=6.6298e-04 | val_loss=6.7941e-04 | | lr=1.00e-03
Epoch 056 | train_loss=9.7927e-04 | train_eval_loss=5.9899e-04 | val_loss=6.2175e-04 | | lr=1.00e-03
Epoch 057 | train_loss=1.0285e-03 | train_eval_loss=8.0334e-04 | val_loss=8.0829e-04 | | lr=1.00e-03
Epoch 058 | train_loss=9.7371e-04 | train_eval_loss=6.1231e-04 | val_loss=6.2152e-04 | | lr=1.00e-03
Epoch 059 | train_loss=8.6821e-04 | train_eval_loss=5.2397e-04 | val_loss=5.3836e-04 | | lr=5.00e-04
Saved best model to results/thesis_model_results/outputs/seed_robustness_shortlist/MTLGSH__mse__minmax__seed126/mtlgsh_state_dict_best.pt
Epoch 060 | train_loss=8.5422e-04 | train_eval_loss=5.1456e-04 | val_loss=5.3128e-04 | | lr=5.00e-04
Saved best model to results/thesis_model_results/outputs/seed_robustness_shortlist/MTLGSH__mse__minmax__seed126/mtlgsh_state_dict_best.pt
Epoch 061 | train_loss=8.3002e-04 | train_eval_loss=5.0316e-04 | val_loss=5.1698e-04 | | lr=5.00e-04
Saved best model to results/thesis_model_results/outputs/seed_robustness_shortlist/MTLGSH__mse__minmax__seed126/mtlgsh_state_dict_best.pt
Epoch 062 | train_loss=8.3290e-04 | train_eval_loss=5.1735e-04 | val_loss=5.3062e-04 | | lr=5.00e-04
Epoch 063 | train_loss=8.2161e-04 | train_eval_loss=5.3331e-04 | val_loss=5.4926e-04 | | lr=5.00e-04
Epoch 064 | train_loss=8.1625e-04 | train_eval_loss=5.0792e-04 | val_loss=5.2513e-04 | | lr=5.00e-04
Epoch 065 | train_loss=8.1792e-04 | train_eval_loss=5.1009e-04 | val_loss=5.2798e-04 | | lr=5.00e-04
Epoch 066 | train_loss=7.8826e-04 | train_eval_loss=5.2147e-04 | val_loss=5.3730e-04 | | lr=5.00e-04
Epoch 067 | train_loss=7.9108e-04 | train_eval_loss=5.4393e-04 | val_loss=5.6495e-04 | | lr=5.00e-04
Epoch 068 | train_loss=7.7258e-04 | train_eval_loss=4.9351e-04 | val_loss=5.1061e-04 | | lr=5.00e-04
Saved best model to results/thesis_model_results/outputs/seed_robustness_shortlist/MTLGSH__mse__minmax__seed126/mtlgsh_state_dict_best.pt
Epoch 069 | train_loss=7.7256e-04 | train_eval_loss=5.1640e-04 | val_loss=5.4013e-04 | | lr=5.00e-04
Epoch 070 | train_loss=7.9061e-04 | train_eval_loss=6.3898e-04 | val_loss=6.6071e-04 | | lr=5.00e-04
Epoch 071 | train_loss=7.6588e-04 | train_eval_loss=4.9156e-04 | val_loss=5.0816e-04 | | lr=5.00e-04
Saved best model to results/thesis_model_results/outputs/seed_robustness_shortlist/MTLGSH__mse__minmax__seed126/mtlgsh_state_dict_best.pt
Epoch 072 | train_loss=7.4526e-04 | train_eval_loss=4.9446e-04 | val_loss=5.1679e-04 | | lr=5.00e-04
Epoch 073 | train_loss=7.4643e-04 | train_eval_loss=4.6967e-04 | val_loss=4.8807e-04 | | lr=5.00e-04
Saved best model to results/thesis_model_results/outputs/seed_robustness_shortlist/MTLGSH__mse__minmax__seed126/mtlgsh_state_dict_best.pt
Epoch 074 | train_loss=7.3462e-04 | train_eval_loss=4.8238e-04 | val_loss=5.0064e-04 | | lr=5.00e-04
Epoch 075 | train_loss=7.2451e-04 | train_eval_loss=5.4461e-04 | val_loss=5.6678e-04 | | lr=5.00e-04
Epoch 076 | train_loss=7.1931e-04 | train_eval_loss=5.8078e-04 | val_loss=6.0090e-04 | | lr=5.00e-04
Epoch 077 | train_loss=7.3840e-04 | train_eval_loss=6.2105e-04 | val_loss=6.4873e-04 | | lr=5.00e-04
Epoch 078 | train_loss=7.4392e-04 | train_eval_loss=4.7274e-04 | val_loss=4.9296e-04 | | lr=5.00e-04
Epoch 079 | train_loss=7.0282e-04 | train_eval_loss=4.9188e-04 | val_loss=5.1391e-04 | | lr=5.00e-04
Epoch 080 | train_loss=6.7552e-04 | train_eval_loss=4.8540e-04 | val_loss=5.0874e-04 | | lr=5.00e-04
Epoch 081 | train_loss=7.0844e-04 | train_eval_loss=5.8940e-04 | val_loss=6.0452e-04 | | lr=5.00e-04
Epoch 082 | train_loss=6.8598e-04 | train_eval_loss=4.6154e-04 | val_loss=4.8494e-04 | | lr=5.00e-04
Saved best model to results/thesis_model_results/outputs/seed_robustness_shortlist/MTLGSH__mse__minmax__seed126/mtlgsh_state_dict_best.pt
Epoch 083 | train_loss=6.7105e-04 | train_eval_loss=5.0024e-04 | val_loss=5.2494e-04 | | lr=5.00e-04
Epoch 084 | train_loss=6.5435e-04 | train_eval_loss=4.5893e-04 | val_loss=4.8541e-04 | | lr=5.00e-04
Epoch 085 | train_loss=6.4668e-04 | train_eval_loss=4.4656e-04 | val_loss=4.7500e-04 | | lr=5.00e-04
Saved best model to results/thesis_model_results/outputs/seed_robustness_shortlist/MTLGSH__mse__minmax__seed126/mtlgsh_state_dict_best.pt
Epoch 086 | train_loss=6.4033e-04 | train_eval_loss=4.5883e-04 | val_loss=4.8027e-04 | | lr=5.00e-04
Epoch 087 | train_loss=6.6037e-04 | train_eval_loss=4.3605e-04 | val_loss=4.6325e-04 | | lr=5.00e-04
Saved best model to results/thesis_model_results/outputs/seed_robustness_shortlist/MTLGSH__mse__minmax__seed126/mtlgsh_state_dict_best.pt
Epoch 088 | train_loss=6.6159e-04 | train_eval_loss=4.5723e-04 | val_loss=4.7616e-04 | | lr=5.00e-04
Epoch 089 | train_loss=6.3636e-04 | train_eval_loss=5.1076e-04 | val_loss=5.4057e-04 | | lr=5.00e-04
Epoch 090 | train_loss=6.3552e-04 | train_eval_loss=4.3990e-04 | val_loss=4.6801e-04 | | lr=5.00e-04
Epoch 091 | train_loss=6.1426e-04 | train_eval_loss=5.6399e-04 | val_loss=5.9413e-04 | | lr=5.00e-04
Epoch 092 | train_loss=6.3369e-04 | train_eval_loss=4.4672e-04 | val_loss=4.7986e-04 | | lr=5.00e-04
Epoch 093 | train_loss=6.1373e-04 | train_eval_loss=4.6159e-04 | val_loss=4.8809e-04 | | lr=5.00e-04
Epoch 094 | train_loss=6.0232e-04 | train_eval_loss=4.4985e-04 | val_loss=4.7888e-04 | | lr=5.00e-04
Epoch 095 | train_loss=6.1025e-04 | train_eval_loss=4.4972e-04 | val_loss=4.7961e-04 | | lr=5.00e-04
Epoch 096 | train_loss=6.1703e-04 | train_eval_loss=4.4277e-04 | val_loss=4.7241e-04 | | lr=5.00e-04
Epoch 097 | train_loss=5.5160e-04 | train_eval_loss=3.8830e-04 | val_loss=4.2202e-04 | | lr=2.50e-04
Saved best model to results/thesis_model_results/outputs/seed_robustness_shortlist/MTLGSH__mse__minmax__seed126/mtlgsh_state_dict_best.pt
Epoch 098 | train_loss=5.4938e-04 | train_eval_loss=4.0604e-04 | val_loss=4.3966e-04 | | lr=2.50e-04
Epoch 099 | train_loss=5.3398e-04 | train_eval_loss=3.8993e-04 | val_loss=4.2538e-04 | | lr=2.50e-04
Epoch 100 | train_loss=5.4301e-04 | train_eval_loss=4.0814e-04 | val_loss=4.4439e-04 | | lr=2.50e-04
Epoch 101 | train_loss=5.4382e-04 | train_eval_loss=3.8245e-04 | val_loss=4.1715e-04 | | lr=2.50e-04
Saved best model to results/thesis_model_results/outputs/seed_robustness_shortlist/MTLGSH__mse__minmax__seed126/mtlgsh_state_dict_best.pt
Epoch 102 | train_loss=5.3122e-04 | train_eval_loss=3.8171e-04 | val_loss=4.1792e-04 | | lr=2.50e-04
Epoch 103 | train_loss=5.2632e-04 | train_eval_loss=4.0407e-04 | val_loss=4.3468e-04 | | lr=2.50e-04
Epoch 104 | train_loss=5.3725e-04 | train_eval_loss=3.8723e-04 | val_loss=4.2543e-04 | | lr=2.50e-04
Epoch 105 | train_loss=5.2292e-04 | train_eval_loss=3.8286e-04 | val_loss=4.1707e-04 | | lr=2.50e-04
Saved best model to results/thesis_model_results/outputs/seed_robustness_shortlist/MTLGSH__mse__minmax__seed126/mtlgsh_state_dict_best.pt
Epoch 106 | train_loss=5.2519e-04 | train_eval_loss=3.8445e-04 | val_loss=4.2423e-04 | | lr=2.50e-04
Epoch 107 | train_loss=5.2603e-04 | train_eval_loss=3.9677e-04 | val_loss=4.3742e-04 | | lr=2.50e-04
Epoch 108 | train_loss=5.2594e-04 | train_eval_loss=3.8738e-04 | val_loss=4.2067e-04 | | lr=2.50e-04
Epoch 109 | train_loss=5.3355e-04 | train_eval_loss=3.7667e-04 | val_loss=4.0990e-04 | | lr=2.50e-04
Saved best model to results/thesis_model_results/outputs/seed_robustness_shortlist/MTLGSH__mse__minmax__seed126/mtlgsh_state_dict_best.pt
Epoch 110 | train_loss=5.1490e-04 | train_eval_loss=3.7424e-04 | val_loss=4.1088e-04 | | lr=2.50e-04
Epoch 111 | train_loss=5.1787e-04 | train_eval_loss=4.2632e-04 | val_loss=4.6793e-04 | | lr=2.50e-04
Epoch 112 | train_loss=5.1884e-04 | train_eval_loss=3.8088e-04 | val_loss=4.1986e-04 | | lr=2.50e-04
Epoch 113 | train_loss=5.0940e-04 | train_eval_loss=4.5336e-04 | val_loss=4.9751e-04 | | lr=2.50e-04
Epoch 114 | train_loss=5.1743e-04 | train_eval_loss=3.8124e-04 | val_loss=4.1749e-04 | | lr=2.50e-04
Epoch 115 | train_loss=5.1066e-04 | train_eval_loss=3.7719e-04 | val_loss=4.1597e-04 | | lr=2.50e-04
Epoch 116 | train_loss=5.1168e-04 | train_eval_loss=3.8440e-04 | val_loss=4.2404e-04 | | lr=2.50e-04
Epoch 117 | train_loss=5.0769e-04 | train_eval_loss=3.6954e-04 | val_loss=4.1304e-04 | | lr=2.50e-04
Epoch 118 | train_loss=5.0075e-04 | train_eval_loss=3.9281e-04 | val_loss=4.2979e-04 | | lr=2.50e-04
Epoch 119 | train_loss=4.8390e-04 | train_eval_loss=3.5296e-04 | val_loss=3.9426e-04 | | lr=1.25e-04
Saved best model to results/thesis_model_results/outputs/seed_robustness_shortlist/MTLGSH__mse__minmax__seed126/mtlgsh_state_dict_best.pt
Epoch 120 | train_loss=4.7793e-04 | train_eval_loss=3.5045e-04 | val_loss=3.9443e-04 | | lr=1.25e-04
Epoch 121 | train_loss=4.9397e-04 | train_eval_loss=3.6415e-04 | val_loss=4.0589e-04 | | lr=1.25e-04
Epoch 122 | train_loss=4.7913e-04 | train_eval_loss=3.4332e-04 | val_loss=3.8462e-04 | | lr=1.25e-04
Saved best model to results/thesis_model_results/outputs/seed_robustness_shortlist/MTLGSH__mse__minmax__seed126/mtlgsh_state_dict_best.pt
Epoch 123 | train_loss=4.7480e-04 | train_eval_loss=3.4686e-04 | val_loss=3.8753e-04 | | lr=1.25e-04
Epoch 124 | train_loss=4.6999e-04 | train_eval_loss=3.6579e-04 | val_loss=4.1093e-04 | | lr=1.25e-04
Epoch 125 | train_loss=4.7525e-04 | train_eval_loss=3.5068e-04 | val_loss=3.9208e-04 | | lr=1.25e-04
Epoch 126 | train_loss=4.7082e-04 | train_eval_loss=3.6226e-04 | val_loss=4.0418e-04 | | lr=1.25e-04
Epoch 127 | train_loss=4.6938e-04 | train_eval_loss=3.4893e-04 | val_loss=3.9254e-04 | | lr=1.25e-04
Epoch 128 | train_loss=4.7253e-04 | train_eval_loss=3.5405e-04 | val_loss=3.9992e-04 | | lr=1.25e-04
Epoch 129 | train_loss=4.6725e-04 | train_eval_loss=3.4320e-04 | val_loss=3.8887e-04 | | lr=1.25e-04
Epoch 130 | train_loss=4.6767e-04 | train_eval_loss=3.4339e-04 | val_loss=3.8882e-04 | | lr=1.25e-04
Epoch 131 | train_loss=4.6051e-04 | train_eval_loss=3.5154e-04 | val_loss=3.9378e-04 | | lr=1.25e-04
Epoch 132 | train_loss=4.5628e-04 | train_eval_loss=3.3625e-04 | val_loss=3.8121e-04 | | lr=6.25e-05
Saved best model to results/thesis_model_results/outputs/seed_robustness_shortlist/MTLGSH__mse__minmax__seed126/mtlgsh_state_dict_best.pt
Epoch 133 | train_loss=4.5525e-04 | train_eval_loss=3.3364e-04 | val_loss=3.7956e-04 | | lr=6.25e-05
Saved best model to results/thesis_model_results/outputs/seed_robustness_shortlist/MTLGSH__mse__minmax__seed126/mtlgsh_state_dict_best.pt
Epoch 134 | train_loss=4.5110e-04 | train_eval_loss=3.3235e-04 | val_loss=3.7954e-04 | | lr=6.25e-05
Saved best model to results/thesis_model_results/outputs/seed_robustness_shortlist/MTLGSH__mse__minmax__seed126/mtlgsh_state_dict_best.pt
Epoch 135 | train_loss=4.5174e-04 | train_eval_loss=3.3228e-04 | val_loss=3.7931e-04 | | lr=6.25e-05
Saved best model to results/thesis_model_results/outputs/seed_robustness_shortlist/MTLGSH__mse__minmax__seed126/mtlgsh_state_dict_best.pt
Epoch 136 | train_loss=4.5152e-04 | train_eval_loss=3.2968e-04 | val_loss=3.7426e-04 | | lr=6.25e-05
Saved best model to results/thesis_model_results/outputs/seed_robustness_shortlist/MTLGSH__mse__minmax__seed126/mtlgsh_state_dict_best.pt
Epoch 137 | train_loss=4.5192e-04 | train_eval_loss=3.3146e-04 | val_loss=3.7891e-04 | | lr=6.25e-05
Epoch 138 | train_loss=4.4637e-04 | train_eval_loss=3.3247e-04 | val_loss=3.7807e-04 | | lr=6.25e-05
Epoch 139 | train_loss=4.4807e-04 | train_eval_loss=3.4397e-04 | val_loss=3.9099e-04 | | lr=6.25e-05
Epoch 140 | train_loss=4.4606e-04 | train_eval_loss=3.3521e-04 | val_loss=3.8028e-04 | | lr=6.25e-05
Epoch 141 | train_loss=4.4631e-04 | train_eval_loss=3.3457e-04 | val_loss=3.8161e-04 | | lr=6.25e-05
Epoch 142 | train_loss=4.4975e-04 | train_eval_loss=3.2632e-04 | val_loss=3.7131e-04 | | lr=6.25e-05
Saved best model to results/thesis_model_results/outputs/seed_robustness_shortlist/MTLGSH__mse__minmax__seed126/mtlgsh_state_dict_best.pt
Epoch 143 | train_loss=4.4897e-04 | train_eval_loss=3.2682e-04 | val_loss=3.7199e-04 | | lr=6.25e-05
Epoch 144 | train_loss=4.4805e-04 | train_eval_loss=3.2741e-04 | val_loss=3.7502e-04 | | lr=6.25e-05
Epoch 145 | train_loss=4.4387e-04 | train_eval_loss=3.2341e-04 | val_loss=3.7041e-04 | | lr=6.25e-05
Saved best model to results/thesis_model_results/outputs/seed_robustness_shortlist/MTLGSH__mse__minmax__seed126/mtlgsh_state_dict_best.pt
Epoch 146 | train_loss=4.4335e-04 | train_eval_loss=3.2431e-04 | val_loss=3.7077e-04 | | lr=6.25e-05
Epoch 147 | train_loss=4.4480e-04 | train_eval_loss=3.2585e-04 | val_loss=3.7287e-04 | | lr=6.25e-05
Epoch 148 | train_loss=4.4423e-04 | train_eval_loss=3.2575e-04 | val_loss=3.7342e-04 | | lr=6.25e-05
Epoch 149 | train_loss=4.4530e-04 | train_eval_loss=3.3374e-04 | val_loss=3.8202e-04 | | lr=6.25e-05
Epoch 150 | train_loss=4.4306e-04 | train_eval_loss=3.2345e-04 | val_loss=3.7312e-04 | | lr=6.25e-05
Epoch 151 | train_loss=4.4324e-04 | train_eval_loss=3.2200e-04 | val_loss=3.7023e-04 | | lr=6.25e-05
Saved best model to results/thesis_model_results/outputs/seed_robustness_shortlist/MTLGSH__mse__minmax__seed126/mtlgsh_state_dict_best.pt
Epoch 152 | train_loss=4.4201e-04 | train_eval_loss=3.2318e-04 | val_loss=3.7085e-04 | | lr=6.25e-05
Epoch 153 | train_loss=4.3857e-04 | train_eval_loss=3.2581e-04 | val_loss=3.7746e-04 | | lr=6.25e-05
Epoch 154 | train_loss=4.3774e-04 | train_eval_loss=3.4136e-04 | val_loss=3.9221e-04 | | lr=6.25e-05
Epoch 155 | train_loss=4.3794e-04 | train_eval_loss=3.3201e-04 | val_loss=3.8185e-04 | | lr=6.25e-05
Epoch 156 | train_loss=4.4261e-04 | train_eval_loss=3.2532e-04 | val_loss=3.7340e-04 | | lr=6.25e-05
Epoch 157 | train_loss=4.4254e-04 | train_eval_loss=3.2275e-04 | val_loss=3.7294e-04 | | lr=6.25e-05
Epoch 158 | train_loss=4.4265e-04 | train_eval_loss=3.3489e-04 | val_loss=3.8071e-04 | | lr=6.25e-05
Epoch 159 | train_loss=4.3787e-04 | train_eval_loss=3.1776e-04 | val_loss=3.6439e-04 | | lr=6.25e-05
Saved best model to results/thesis_model_results/outputs/seed_robustness_shortlist/MTLGSH__mse__minmax__seed126/mtlgsh_state_dict_best.pt
Epoch 160 | train_loss=4.4096e-04 | train_eval_loss=3.2181e-04 | val_loss=3.6854e-04 | | lr=6.25e-05
Epoch 161 | train_loss=4.3752e-04 | train_eval_loss=3.6574e-04 | val_loss=4.1461e-04 | | lr=6.25e-05
Epoch 162 | train_loss=4.4486e-04 | train_eval_loss=3.3241e-04 | val_loss=3.8358e-04 | | lr=6.25e-05
Epoch 163 | train_loss=4.3321e-04 | train_eval_loss=3.1948e-04 | val_loss=3.6782e-04 | | lr=6.25e-05
Epoch 164 | train_loss=4.3632e-04 | train_eval_loss=3.2382e-04 | val_loss=3.7355e-04 | | lr=6.25e-05
Epoch 165 | train_loss=4.3429e-04 | train_eval_loss=3.1743e-04 | val_loss=3.6562e-04 | | lr=6.25e-05
Epoch 166 | train_loss=4.3447e-04 | train_eval_loss=3.2134e-04 | val_loss=3.6971e-04 | | lr=6.25e-05
Epoch 167 | train_loss=4.3141e-04 | train_eval_loss=3.1910e-04 | val_loss=3.6748e-04 | | lr=6.25e-05
Epoch 168 | train_loss=4.3530e-04 | train_eval_loss=3.1977e-04 | val_loss=3.6898e-04 | | lr=6.25e-05
Epoch 169 | train_loss=4.2405e-04 | train_eval_loss=3.1526e-04 | val_loss=3.6529e-04 | | lr=3.13e-05
Epoch 170 | train_loss=4.2643e-04 | train_eval_loss=3.0812e-04 | val_loss=3.5950e-04 | | lr=3.13e-05
Saved best model to results/thesis_model_results/outputs/seed_robustness_shortlist/MTLGSH__mse__minmax__seed126/mtlgsh_state_dict_best.pt
Epoch 171 | train_loss=4.2383e-04 | train_eval_loss=3.1218e-04 | val_loss=3.6281e-04 | | lr=3.13e-05
Epoch 172 | train_loss=4.2521e-04 | train_eval_loss=3.1219e-04 | val_loss=3.6271e-04 | | lr=3.13e-05
Epoch 173 | train_loss=4.2411e-04 | train_eval_loss=3.1365e-04 | val_loss=3.6454e-04 | | lr=3.13e-05
Epoch 174 | train_loss=4.2176e-04 | train_eval_loss=3.1297e-04 | val_loss=3.6413e-04 | | lr=3.13e-05
Epoch 175 | train_loss=4.2216e-04 | train_eval_loss=3.1106e-04 | val_loss=3.6383e-04 | | lr=3.13e-05
Epoch 176 | train_loss=4.2209e-04 | train_eval_loss=3.1046e-04 | val_loss=3.6275e-04 | | lr=3.13e-05
Epoch 177 | train_loss=4.2163e-04 | train_eval_loss=3.1111e-04 | val_loss=3.6233e-04 | | lr=3.13e-05
Epoch 178 | train_loss=4.1896e-04 | train_eval_loss=3.0759e-04 | val_loss=3.5880e-04 | | lr=3.13e-05
Saved best model to results/thesis_model_results/outputs/seed_robustness_shortlist/MTLGSH__mse__minmax__seed126/mtlgsh_state_dict_best.pt
Epoch 179 | train_loss=4.1979e-04 | train_eval_loss=3.0807e-04 | val_loss=3.6019e-04 | | lr=3.13e-05
Epoch 180 | train_loss=4.2270e-04 | train_eval_loss=3.0826e-04 | val_loss=3.6054e-04 | | lr=3.13e-05
Epoch 181 | train_loss=4.2094e-04 | train_eval_loss=3.1099e-04 | val_loss=3.6298e-04 | | lr=3.13e-05
Epoch 182 | train_loss=4.1915e-04 | train_eval_loss=3.0687e-04 | val_loss=3.5864e-04 | | lr=3.13e-05
Saved best model to results/thesis_model_results/outputs/seed_robustness_shortlist/MTLGSH__mse__minmax__seed126/mtlgsh_state_dict_best.pt
Epoch 183 | train_loss=4.2114e-04 | train_eval_loss=3.1149e-04 | val_loss=3.6344e-04 | | lr=3.13e-05
Epoch 184 | train_loss=4.2018e-04 | train_eval_loss=3.0725e-04 | val_loss=3.6116e-04 | | lr=3.13e-05
Epoch 185 | train_loss=4.1867e-04 | train_eval_loss=3.1081e-04 | val_loss=3.6347e-04 | | lr=3.13e-05
Epoch 186 | train_loss=4.1908e-04 | train_eval_loss=3.0696e-04 | val_loss=3.5944e-04 | | lr=3.13e-05
Epoch 187 | train_loss=4.1798e-04 | train_eval_loss=3.1062e-04 | val_loss=3.6196e-04 | | lr=3.13e-05
Epoch 188 | train_loss=4.2004e-04 | train_eval_loss=3.1329e-04 | val_loss=3.6667e-04 | | lr=3.13e-05
Epoch 189 | train_loss=4.1659e-04 | train_eval_loss=3.0531e-04 | val_loss=3.5754e-04 | | lr=3.13e-05
Saved best model to results/thesis_model_results/outputs/seed_robustness_shortlist/MTLGSH__mse__minmax__seed126/mtlgsh_state_dict_best.pt
Epoch 190 | train_loss=4.1746e-04 | train_eval_loss=3.0964e-04 | val_loss=3.6076e-04 | | lr=3.13e-05
Epoch 191 | train_loss=4.1542e-04 | train_eval_loss=3.0933e-04 | val_loss=3.6019e-04 | | lr=3.13e-05
Epoch 192 | train_loss=4.2088e-04 | train_eval_loss=3.0848e-04 | val_loss=3.6260e-04 | | lr=3.13e-05
Epoch 193 | train_loss=4.1782e-04 | train_eval_loss=3.0782e-04 | val_loss=3.5962e-04 | | lr=3.13e-05
Epoch 194 | train_loss=4.1809e-04 | train_eval_loss=3.0636e-04 | val_loss=3.5957e-04 | | lr=3.13e-05
Epoch 195 | train_loss=4.1648e-04 | train_eval_loss=3.0472e-04 | val_loss=3.5823e-04 | | lr=3.13e-05
Epoch 196 | train_loss=4.1623e-04 | train_eval_loss=3.0466e-04 | val_loss=3.5591e-04 | | lr=3.13e-05
Saved best model to results/thesis_model_results/outputs/seed_robustness_shortlist/MTLGSH__mse__minmax__seed126/mtlgsh_state_dict_best.pt
Epoch 197 | train_loss=4.1738e-04 | train_eval_loss=3.0546e-04 | val_loss=3.5906e-04 | | lr=3.13e-05
Epoch 198 | train_loss=4.1707e-04 | train_eval_loss=3.0586e-04 | val_loss=3.5967e-04 | | lr=3.13e-05
Epoch 199 | train_loss=4.1539e-04 | train_eval_loss=3.0497e-04 | val_loss=3.5975e-04 | | lr=3.13e-05
Epoch 200 | train_loss=4.1651e-04 | train_eval_loss=3.0414e-04 | val_loss=3.5808e-04 | | lr=3.13e-05
Saved training logs to results/thesis_model_results/outputs/seed_robustness_shortlist/MTLGSH__mse__minmax__seed126/training_summary.txt
Test RMSE(rocof_COI) = 0.0127 | norm: 0.0096 | real_diff: 0.0084
Test RMSE(dev_COI) = 0.0184 | norm: 0.0068 | real_diff: 0.0095
Test RMSE(Delta_P_IBR_1) = 0.1224 | norm: 0.0193 | real_diff: 0.0835
Test RMSE(Delta_P_IBR_2) = 0.1141 | norm: 0.0159 | real_diff: 0.0674
Test RMSE(Delta_P_IBR_3) = 0.1718 | norm: 0.0302 | real_diff: 0.0916
Test RMSE(Delta_P_IBR_4) = 0.1938 | norm: 0.0200 | real_diff: 0.1213
Saved RMSE results to results/thesis_model_results/outputs/seed_robustness_shortlist/MTLGSH__mse__minmax__seed126/rmse_results.txt
Saved detailed metrics to results/thesis_model_results/outputs/seed_robustness_shortlist/MTLGSH__mse__minmax__seed126/metrics_by_target.csv
Saved aggregate metrics to results/thesis_model_results/outputs/seed_robustness_shortlist/MTLGSH__mse__minmax__seed126/metrics_summary.json
Saved loss curves to results/thesis_model_results/outputs/seed_robustness_shortlist/MTLGSH__mse__minmax__seed126/loss_curve.png
Saved scatter plot results/thesis_model_results/outputs/seed_robustness_shortlist/MTLGSH__mse__minmax__seed126/scatter_rocof_COI.png
Saved scatter plot results/thesis_model_results/outputs/seed_robustness_shortlist/MTLGSH__mse__minmax__seed126/scatter_dev_COI.png
Saved scatter plot results/thesis_model_results/outputs/seed_robustness_shortlist/MTLGSH__mse__minmax__seed126/scatter_Delta_P_IBR_1.png
Saved scatter plot results/thesis_model_results/outputs/seed_robustness_shortlist/MTLGSH__mse__minmax__seed126/scatter_Delta_P_IBR_2.png
Saved scatter plot results/thesis_model_results/outputs/seed_robustness_shortlist/MTLGSH__mse__minmax__seed126/scatter_Delta_P_IBR_3.png
Saved scatter plot results/thesis_model_results/outputs/seed_robustness_shortlist/MTLGSH__mse__minmax__seed126/scatter_Delta_P_IBR_4.png
Saved model to results/thesis_model_results/outputs/seed_robustness_shortlist/MTLGSH__mse__minmax__seed126/mtlgsh_state_dict.pt
Loss type: mse | weights=[]
Target stats (scaled):
train mean=[0.549  0.589  0.492  0.4884 0.4785 0.4192]
train std=[0.1365 0.1371 0.1141 0.1063 0.1158 0.1138]
train q05=[0.3074 0.3979 0.3192 0.303  0.3347 0.2205]
train q95=[0.7933 0.8652 0.6719 0.6491 0.6927 0.6016]
val mean=[0.5473 0.5873 0.4922 0.4893 0.4798 0.4201]
val std=[0.1343 0.1348 0.1123 0.1072 0.1141 0.1112]
val q05=[0.3103 0.3982 0.3195 0.303  0.3376 0.2251]
val q95=[0.7886 0.8626 0.6731 0.6514 0.6918 0.5984]
val/train std ratio=[0.984  0.9828 0.9844 1.0084 0.9848 0.9772]
LR scheduler: ReduceLROnPlateau (factor=0.5, patience=8, min_lr=1e-07)
Epoch 001 | train_loss=3.6562e-02 | train_eval_loss=1.4550e-02 | val_loss=1.4139e-02 | | lr=1.00e-03
Saved best model to results/thesis_model_results/outputs/seed_robustness_shortlist/MTLGSH__mse__minmax__seed168/mtlgsh_state_dict_best.pt
Epoch 002 | train_loss=1.5308e-02 | train_eval_loss=9.4054e-03 | val_loss=9.1645e-03 | | lr=1.00e-03
Saved best model to results/thesis_model_results/outputs/seed_robustness_shortlist/MTLGSH__mse__minmax__seed168/mtlgsh_state_dict_best.pt
Epoch 003 | train_loss=6.0739e-03 | train_eval_loss=3.6543e-03 | val_loss=3.5947e-03 | | lr=1.00e-03
Saved best model to results/thesis_model_results/outputs/seed_robustness_shortlist/MTLGSH__mse__minmax__seed168/mtlgsh_state_dict_best.pt
Epoch 004 | train_loss=4.7343e-03 | train_eval_loss=3.4108e-03 | val_loss=3.3574e-03 | | lr=1.00e-03
Saved best model to results/thesis_model_results/outputs/seed_robustness_shortlist/MTLGSH__mse__minmax__seed168/mtlgsh_state_dict_best.pt
Epoch 005 | train_loss=4.3635e-03 | train_eval_loss=3.0671e-03 | val_loss=3.0225e-03 | | lr=1.00e-03
Saved best model to results/thesis_model_results/outputs/seed_robustness_shortlist/MTLGSH__mse__minmax__seed168/mtlgsh_state_dict_best.pt
Epoch 006 | train_loss=3.9542e-03 | train_eval_loss=2.5675e-03 | val_loss=2.5606e-03 | | lr=1.00e-03
Saved best model to results/thesis_model_results/outputs/seed_robustness_shortlist/MTLGSH__mse__minmax__seed168/mtlgsh_state_dict_best.pt
Epoch 007 | train_loss=3.6329e-03 | train_eval_loss=2.4827e-03 | val_loss=2.4854e-03 | | lr=1.00e-03
Saved best model to results/thesis_model_results/outputs/seed_robustness_shortlist/MTLGSH__mse__minmax__seed168/mtlgsh_state_dict_best.pt
Epoch 008 | train_loss=3.2615e-03 | train_eval_loss=1.9987e-03 | val_loss=2.0027e-03 | | lr=1.00e-03
Saved best model to results/thesis_model_results/outputs/seed_robustness_shortlist/MTLGSH__mse__minmax__seed168/mtlgsh_state_dict_best.pt
Epoch 009 | train_loss=2.7654e-03 | train_eval_loss=1.7860e-03 | val_loss=1.7715e-03 | | lr=1.00e-03
Saved best model to results/thesis_model_results/outputs/seed_robustness_shortlist/MTLGSH__mse__minmax__seed168/mtlgsh_state_dict_best.pt
Epoch 010 | train_loss=2.4261e-03 | train_eval_loss=1.5892e-03 | val_loss=1.5876e-03 | | lr=1.00e-03
Saved best model to results/thesis_model_results/outputs/seed_robustness_shortlist/MTLGSH__mse__minmax__seed168/mtlgsh_state_dict_best.pt
Epoch 011 | train_loss=2.3578e-03 | train_eval_loss=1.4558e-03 | val_loss=1.4450e-03 | | lr=1.00e-03
Saved best model to results/thesis_model_results/outputs/seed_robustness_shortlist/MTLGSH__mse__minmax__seed168/mtlgsh_state_dict_best.pt
Epoch 012 | train_loss=2.2581e-03 | train_eval_loss=1.2862e-03 | val_loss=1.2742e-03 | | lr=1.00e-03
Saved best model to results/thesis_model_results/outputs/seed_robustness_shortlist/MTLGSH__mse__minmax__seed168/mtlgsh_state_dict_best.pt
Epoch 013 | train_loss=2.2227e-03 | train_eval_loss=1.4051e-03 | val_loss=1.3874e-03 | | lr=1.00e-03
Epoch 014 | train_loss=2.1473e-03 | train_eval_loss=1.4381e-03 | val_loss=1.4285e-03 | | lr=1.00e-03
Epoch 015 | train_loss=2.1396e-03 | train_eval_loss=1.3583e-03 | val_loss=1.3422e-03 | | lr=1.00e-03
Epoch 016 | train_loss=1.9994e-03 | train_eval_loss=1.0871e-03 | val_loss=1.0763e-03 | | lr=1.00e-03
Saved best model to results/thesis_model_results/outputs/seed_robustness_shortlist/MTLGSH__mse__minmax__seed168/mtlgsh_state_dict_best.pt
Epoch 017 | train_loss=1.9705e-03 | train_eval_loss=1.0732e-03 | val_loss=1.0688e-03 | | lr=1.00e-03
Saved best model to results/thesis_model_results/outputs/seed_robustness_shortlist/MTLGSH__mse__minmax__seed168/mtlgsh_state_dict_best.pt
Epoch 018 | train_loss=1.9207e-03 | train_eval_loss=1.0912e-03 | val_loss=1.0796e-03 | | lr=1.00e-03
Epoch 019 | train_loss=1.8999e-03 | train_eval_loss=9.9101e-04 | val_loss=9.8558e-04 | | lr=1.00e-03
Saved best model to results/thesis_model_results/outputs/seed_robustness_shortlist/MTLGSH__mse__minmax__seed168/mtlgsh_state_dict_best.pt
Epoch 020 | train_loss=1.8491e-03 | train_eval_loss=1.0223e-03 | val_loss=1.0155e-03 | | lr=1.00e-03
Epoch 021 | train_loss=1.8287e-03 | train_eval_loss=9.4855e-04 | val_loss=9.4036e-04 | | lr=1.00e-03
Saved best model to results/thesis_model_results/outputs/seed_robustness_shortlist/MTLGSH__mse__minmax__seed168/mtlgsh_state_dict_best.pt
Epoch 022 | train_loss=1.8084e-03 | train_eval_loss=9.2060e-04 | val_loss=9.1924e-04 | | lr=1.00e-03
Saved best model to results/thesis_model_results/outputs/seed_robustness_shortlist/MTLGSH__mse__minmax__seed168/mtlgsh_state_dict_best.pt
Epoch 023 | train_loss=1.6439e-03 | train_eval_loss=1.1141e-03 | val_loss=1.1077e-03 | | lr=1.00e-03
Epoch 024 | train_loss=1.6882e-03 | train_eval_loss=9.1828e-04 | val_loss=9.1620e-04 | | lr=1.00e-03
Saved best model to results/thesis_model_results/outputs/seed_robustness_shortlist/MTLGSH__mse__minmax__seed168/mtlgsh_state_dict_best.pt
Epoch 025 | train_loss=1.6077e-03 | train_eval_loss=9.4136e-04 | val_loss=9.3710e-04 | | lr=1.00e-03
Epoch 026 | train_loss=1.5534e-03 | train_eval_loss=8.8898e-04 | val_loss=8.9267e-04 | | lr=1.00e-03
Saved best model to results/thesis_model_results/outputs/seed_robustness_shortlist/MTLGSH__mse__minmax__seed168/mtlgsh_state_dict_best.pt
Epoch 027 | train_loss=1.5579e-03 | train_eval_loss=7.9696e-04 | val_loss=7.9950e-04 | | lr=1.00e-03
Saved best model to results/thesis_model_results/outputs/seed_robustness_shortlist/MTLGSH__mse__minmax__seed168/mtlgsh_state_dict_best.pt
Epoch 028 | train_loss=1.4859e-03 | train_eval_loss=8.5252e-04 | val_loss=8.4928e-04 | | lr=1.00e-03
Epoch 029 | train_loss=1.4780e-03 | train_eval_loss=7.9839e-04 | val_loss=8.0070e-04 | | lr=1.00e-03
Epoch 030 | train_loss=1.4231e-03 | train_eval_loss=9.9200e-04 | val_loss=1.0006e-03 | | lr=1.00e-03
Epoch 031 | train_loss=1.3780e-03 | train_eval_loss=8.6946e-04 | val_loss=8.7335e-04 | | lr=1.00e-03
Epoch 032 | train_loss=1.4537e-03 | train_eval_loss=8.4604e-04 | val_loss=8.4927e-04 | | lr=1.00e-03
Epoch 033 | train_loss=1.3007e-03 | train_eval_loss=8.3940e-04 | val_loss=8.3836e-04 | | lr=1.00e-03
Epoch 034 | train_loss=1.3501e-03 | train_eval_loss=7.8623e-04 | val_loss=7.9027e-04 | | lr=1.00e-03
Saved best model to results/thesis_model_results/outputs/seed_robustness_shortlist/MTLGSH__mse__minmax__seed168/mtlgsh_state_dict_best.pt
Epoch 035 | train_loss=1.2664e-03 | train_eval_loss=7.0775e-04 | val_loss=7.1366e-04 | | lr=1.00e-03
Saved best model to results/thesis_model_results/outputs/seed_robustness_shortlist/MTLGSH__mse__minmax__seed168/mtlgsh_state_dict_best.pt
Epoch 036 | train_loss=1.2026e-03 | train_eval_loss=6.6455e-04 | val_loss=6.6742e-04 | | lr=1.00e-03
Saved best model to results/thesis_model_results/outputs/seed_robustness_shortlist/MTLGSH__mse__minmax__seed168/mtlgsh_state_dict_best.pt
Epoch 037 | train_loss=1.1807e-03 | train_eval_loss=7.2662e-04 | val_loss=7.2334e-04 | | lr=1.00e-03
Epoch 038 | train_loss=1.1686e-03 | train_eval_loss=7.1649e-04 | val_loss=7.1432e-04 | | lr=1.00e-03
Epoch 039 | train_loss=1.1306e-03 | train_eval_loss=7.0479e-04 | val_loss=7.1535e-04 | | lr=1.00e-03
Epoch 040 | train_loss=1.1223e-03 | train_eval_loss=6.8994e-04 | val_loss=6.9465e-04 | | lr=1.00e-03
Epoch 041 | train_loss=1.1028e-03 | train_eval_loss=6.5071e-04 | val_loss=6.5952e-04 | | lr=1.00e-03
Saved best model to results/thesis_model_results/outputs/seed_robustness_shortlist/MTLGSH__mse__minmax__seed168/mtlgsh_state_dict_best.pt
Epoch 042 | train_loss=1.0688e-03 | train_eval_loss=6.6021e-04 | val_loss=6.6035e-04 | | lr=1.00e-03
Epoch 043 | train_loss=1.0372e-03 | train_eval_loss=6.2798e-04 | val_loss=6.3531e-04 | | lr=1.00e-03
Saved best model to results/thesis_model_results/outputs/seed_robustness_shortlist/MTLGSH__mse__minmax__seed168/mtlgsh_state_dict_best.pt
Epoch 044 | train_loss=1.0102e-03 | train_eval_loss=1.0399e-03 | val_loss=1.0371e-03 | | lr=1.00e-03
Epoch 045 | train_loss=1.0501e-03 | train_eval_loss=6.7635e-04 | val_loss=6.7750e-04 | | lr=1.00e-03
Epoch 046 | train_loss=1.0315e-03 | train_eval_loss=6.9001e-04 | val_loss=6.9583e-04 | | lr=1.00e-03
Epoch 047 | train_loss=9.4774e-04 | train_eval_loss=8.4355e-04 | val_loss=8.4878e-04 | | lr=1.00e-03
Epoch 048 | train_loss=9.2419e-04 | train_eval_loss=5.7692e-04 | val_loss=5.9323e-04 | | lr=1.00e-03
Saved best model to results/thesis_model_results/outputs/seed_robustness_shortlist/MTLGSH__mse__minmax__seed168/mtlgsh_state_dict_best.pt
Epoch 049 | train_loss=9.2194e-04 | train_eval_loss=8.9550e-04 | val_loss=9.0444e-04 | | lr=1.00e-03
Epoch 050 | train_loss=9.1499e-04 | train_eval_loss=5.8646e-04 | val_loss=5.9659e-04 | | lr=1.00e-03
Epoch 051 | train_loss=8.6539e-04 | train_eval_loss=7.4204e-04 | val_loss=7.4943e-04 | | lr=1.00e-03
Epoch 052 | train_loss=8.8066e-04 | train_eval_loss=5.3643e-04 | val_loss=5.4834e-04 | | lr=1.00e-03
Saved best model to results/thesis_model_results/outputs/seed_robustness_shortlist/MTLGSH__mse__minmax__seed168/mtlgsh_state_dict_best.pt
Epoch 053 | train_loss=9.0400e-04 | train_eval_loss=5.0933e-04 | val_loss=5.2051e-04 | | lr=1.00e-03
Saved best model to results/thesis_model_results/outputs/seed_robustness_shortlist/MTLGSH__mse__minmax__seed168/mtlgsh_state_dict_best.pt
Epoch 054 | train_loss=8.5417e-04 | train_eval_loss=5.9441e-04 | val_loss=5.9646e-04 | | lr=1.00e-03
Epoch 055 | train_loss=8.2469e-04 | train_eval_loss=6.2576e-04 | val_loss=6.3894e-04 | | lr=1.00e-03
Epoch 056 | train_loss=7.9586e-04 | train_eval_loss=4.8744e-04 | val_loss=5.0504e-04 | | lr=1.00e-03
Saved best model to results/thesis_model_results/outputs/seed_robustness_shortlist/MTLGSH__mse__minmax__seed168/mtlgsh_state_dict_best.pt
Epoch 057 | train_loss=8.1603e-04 | train_eval_loss=4.7975e-04 | val_loss=5.0133e-04 | | lr=1.00e-03
Saved best model to results/thesis_model_results/outputs/seed_robustness_shortlist/MTLGSH__mse__minmax__seed168/mtlgsh_state_dict_best.pt
Epoch 058 | train_loss=7.3266e-04 | train_eval_loss=7.0311e-04 | val_loss=7.2649e-04 | | lr=1.00e-03
Epoch 059 | train_loss=7.6822e-04 | train_eval_loss=6.2480e-04 | val_loss=6.4030e-04 | | lr=1.00e-03
Epoch 060 | train_loss=8.1802e-04 | train_eval_loss=5.1586e-04 | val_loss=5.3676e-04 | | lr=1.00e-03
Epoch 061 | train_loss=7.0504e-04 | train_eval_loss=4.8568e-04 | val_loss=5.0637e-04 | | lr=1.00e-03
Epoch 062 | train_loss=7.2294e-04 | train_eval_loss=4.9877e-04 | val_loss=5.2217e-04 | | lr=1.00e-03
Epoch 063 | train_loss=6.8238e-04 | train_eval_loss=5.3239e-04 | val_loss=5.4765e-04 | | lr=1.00e-03
Epoch 064 | train_loss=7.2004e-04 | train_eval_loss=4.4685e-04 | val_loss=4.7383e-04 | | lr=1.00e-03
Saved best model to results/thesis_model_results/outputs/seed_robustness_shortlist/MTLGSH__mse__minmax__seed168/mtlgsh_state_dict_best.pt
Epoch 065 | train_loss=7.2153e-04 | train_eval_loss=4.8670e-04 | val_loss=5.2094e-04 | | lr=1.00e-03
Epoch 066 | train_loss=6.7852e-04 | train_eval_loss=5.1300e-04 | val_loss=5.4097e-04 | | lr=1.00e-03
Epoch 067 | train_loss=6.6991e-04 | train_eval_loss=4.5857e-04 | val_loss=4.7348e-04 | | lr=1.00e-03
Saved best model to results/thesis_model_results/outputs/seed_robustness_shortlist/MTLGSH__mse__minmax__seed168/mtlgsh_state_dict_best.pt
Epoch 068 | train_loss=7.6311e-04 | train_eval_loss=5.2484e-04 | val_loss=5.4791e-04 | | lr=1.00e-03
Epoch 069 | train_loss=6.7742e-04 | train_eval_loss=5.1166e-04 | val_loss=5.3383e-04 | | lr=1.00e-03
Epoch 070 | train_loss=6.7624e-04 | train_eval_loss=6.2224e-04 | val_loss=6.5025e-04 | | lr=1.00e-03
Epoch 071 | train_loss=6.7567e-04 | train_eval_loss=4.8004e-04 | val_loss=5.0099e-04 | | lr=1.00e-03
Epoch 072 | train_loss=5.9550e-04 | train_eval_loss=4.2799e-04 | val_loss=4.6204e-04 | | lr=1.00e-03
Saved best model to results/thesis_model_results/outputs/seed_robustness_shortlist/MTLGSH__mse__minmax__seed168/mtlgsh_state_dict_best.pt
Epoch 073 | train_loss=6.3931e-04 | train_eval_loss=6.5718e-04 | val_loss=6.8193e-04 | | lr=1.00e-03
Epoch 074 | train_loss=6.3944e-04 | train_eval_loss=4.6468e-04 | val_loss=4.9846e-04 | | lr=1.00e-03
Epoch 075 | train_loss=6.0459e-04 | train_eval_loss=4.6180e-04 | val_loss=4.9395e-04 | | lr=1.00e-03
Epoch 076 | train_loss=5.9536e-04 | train_eval_loss=4.6718e-04 | val_loss=4.9747e-04 | | lr=1.00e-03
Epoch 077 | train_loss=6.4054e-04 | train_eval_loss=4.7070e-04 | val_loss=4.9309e-04 | | lr=1.00e-03
Epoch 078 | train_loss=5.9341e-04 | train_eval_loss=5.7120e-04 | val_loss=5.9339e-04 | | lr=1.00e-03
Epoch 079 | train_loss=5.8005e-04 | train_eval_loss=4.2863e-04 | val_loss=4.6061e-04 | | lr=1.00e-03
Saved best model to results/thesis_model_results/outputs/seed_robustness_shortlist/MTLGSH__mse__minmax__seed168/mtlgsh_state_dict_best.pt
Epoch 080 | train_loss=5.7179e-04 | train_eval_loss=4.1057e-04 | val_loss=4.5238e-04 | | lr=1.00e-03
Saved best model to results/thesis_model_results/outputs/seed_robustness_shortlist/MTLGSH__mse__minmax__seed168/mtlgsh_state_dict_best.pt
Epoch 081 | train_loss=5.8169e-04 | train_eval_loss=4.0710e-04 | val_loss=4.4472e-04 | | lr=1.00e-03
Saved best model to results/thesis_model_results/outputs/seed_robustness_shortlist/MTLGSH__mse__minmax__seed168/mtlgsh_state_dict_best.pt
Epoch 082 | train_loss=6.3090e-04 | train_eval_loss=4.7272e-04 | val_loss=5.0842e-04 | | lr=1.00e-03
Epoch 083 | train_loss=5.6723e-04 | train_eval_loss=5.6646e-04 | val_loss=6.0201e-04 | | lr=1.00e-03
Epoch 084 | train_loss=5.7141e-04 | train_eval_loss=4.3374e-04 | val_loss=4.6747e-04 | | lr=1.00e-03
Epoch 085 | train_loss=6.1072e-04 | train_eval_loss=4.3598e-04 | val_loss=4.8214e-04 | | lr=1.00e-03
Epoch 086 | train_loss=5.4530e-04 | train_eval_loss=5.8709e-04 | val_loss=6.4162e-04 | | lr=1.00e-03
Epoch 087 | train_loss=5.5406e-04 | train_eval_loss=4.1049e-04 | val_loss=4.4446e-04 | | lr=1.00e-03
Saved best model to results/thesis_model_results/outputs/seed_robustness_shortlist/MTLGSH__mse__minmax__seed168/mtlgsh_state_dict_best.pt
Epoch 088 | train_loss=5.6500e-04 | train_eval_loss=4.3770e-04 | val_loss=4.7727e-04 | | lr=1.00e-03
Epoch 089 | train_loss=5.5493e-04 | train_eval_loss=4.0881e-04 | val_loss=4.4785e-04 | | lr=1.00e-03
Epoch 090 | train_loss=6.0393e-04 | train_eval_loss=5.9133e-04 | val_loss=6.3516e-04 | | lr=1.00e-03
Epoch 091 | train_loss=5.4758e-04 | train_eval_loss=4.5073e-04 | val_loss=4.8862e-04 | | lr=1.00e-03
Epoch 092 | train_loss=5.3554e-04 | train_eval_loss=4.7329e-04 | val_loss=5.1767e-04 | | lr=1.00e-03
Epoch 093 | train_loss=5.9464e-04 | train_eval_loss=4.1615e-04 | val_loss=4.6149e-04 | | lr=1.00e-03
Epoch 094 | train_loss=5.3442e-04 | train_eval_loss=3.9331e-04 | val_loss=4.4359e-04 | | lr=1.00e-03
Saved best model to results/thesis_model_results/outputs/seed_robustness_shortlist/MTLGSH__mse__minmax__seed168/mtlgsh_state_dict_best.pt
Epoch 095 | train_loss=5.5182e-04 | train_eval_loss=4.0228e-04 | val_loss=4.4613e-04 | | lr=1.00e-03
Epoch 096 | train_loss=5.3284e-04 | train_eval_loss=4.3798e-04 | val_loss=4.8641e-04 | | lr=1.00e-03
Epoch 097 | train_loss=5.5574e-04 | train_eval_loss=4.9234e-04 | val_loss=5.2632e-04 | | lr=1.00e-03
Epoch 098 | train_loss=5.2542e-04 | train_eval_loss=5.5643e-04 | val_loss=6.1344e-04 | | lr=1.00e-03
Epoch 099 | train_loss=5.9518e-04 | train_eval_loss=4.3349e-04 | val_loss=4.7353e-04 | | lr=1.00e-03
Epoch 100 | train_loss=5.3356e-04 | train_eval_loss=4.2241e-04 | val_loss=4.7637e-04 | | lr=1.00e-03
Epoch 101 | train_loss=5.4658e-04 | train_eval_loss=4.3925e-04 | val_loss=4.9380e-04 | | lr=1.00e-03
Epoch 102 | train_loss=4.9931e-04 | train_eval_loss=3.6502e-04 | val_loss=4.1096e-04 | | lr=1.00e-03
Saved best model to results/thesis_model_results/outputs/seed_robustness_shortlist/MTLGSH__mse__minmax__seed168/mtlgsh_state_dict_best.pt
Epoch 103 | train_loss=5.4314e-04 | train_eval_loss=4.3160e-04 | val_loss=4.8968e-04 | | lr=1.00e-03
Epoch 104 | train_loss=5.3715e-04 | train_eval_loss=6.7929e-04 | val_loss=7.3175e-04 | | lr=1.00e-03
Epoch 105 | train_loss=6.4679e-04 | train_eval_loss=4.3009e-04 | val_loss=4.7482e-04 | | lr=1.00e-03
Epoch 106 | train_loss=4.9477e-04 | train_eval_loss=4.0186e-04 | val_loss=4.4794e-04 | | lr=1.00e-03
Epoch 107 | train_loss=5.6124e-04 | train_eval_loss=4.1144e-04 | val_loss=4.6283e-04 | | lr=1.00e-03
Epoch 108 | train_loss=5.0331e-04 | train_eval_loss=3.5629e-04 | val_loss=4.1178e-04 | | lr=1.00e-03
Epoch 109 | train_loss=5.0763e-04 | train_eval_loss=5.2117e-04 | val_loss=5.5590e-04 | | lr=1.00e-03
Epoch 110 | train_loss=4.9554e-04 | train_eval_loss=5.4436e-04 | val_loss=5.8208e-04 | | lr=1.00e-03
Epoch 111 | train_loss=4.9978e-04 | train_eval_loss=3.6589e-04 | val_loss=4.1130e-04 | | lr=1.00e-03
Epoch 112 | train_loss=4.0451e-04 | train_eval_loss=2.9571e-04 | val_loss=3.5641e-04 | | lr=5.00e-04
Saved best model to results/thesis_model_results/outputs/seed_robustness_shortlist/MTLGSH__mse__minmax__seed168/mtlgsh_state_dict_best.pt
Epoch 113 | train_loss=3.8454e-04 | train_eval_loss=2.8547e-04 | val_loss=3.5119e-04 | | lr=5.00e-04
Saved best model to results/thesis_model_results/outputs/seed_robustness_shortlist/MTLGSH__mse__minmax__seed168/mtlgsh_state_dict_best.pt
Epoch 114 | train_loss=3.9469e-04 | train_eval_loss=2.8981e-04 | val_loss=3.5672e-04 | | lr=5.00e-04
Epoch 115 | train_loss=4.0044e-04 | train_eval_loss=3.1548e-04 | val_loss=3.7236e-04 | | lr=5.00e-04
Epoch 116 | train_loss=3.9967e-04 | train_eval_loss=2.7602e-04 | val_loss=3.5035e-04 | | lr=5.00e-04
Saved best model to results/thesis_model_results/outputs/seed_robustness_shortlist/MTLGSH__mse__minmax__seed168/mtlgsh_state_dict_best.pt
Epoch 117 | train_loss=3.8554e-04 | train_eval_loss=2.8677e-04 | val_loss=3.5131e-04 | | lr=5.00e-04
Epoch 118 | train_loss=3.8820e-04 | train_eval_loss=2.6876e-04 | val_loss=3.4212e-04 | | lr=5.00e-04
Saved best model to results/thesis_model_results/outputs/seed_robustness_shortlist/MTLGSH__mse__minmax__seed168/mtlgsh_state_dict_best.pt
Epoch 119 | train_loss=3.8083e-04 | train_eval_loss=2.7993e-04 | val_loss=3.4778e-04 | | lr=5.00e-04
Epoch 120 | train_loss=3.7670e-04 | train_eval_loss=2.8793e-04 | val_loss=3.6107e-04 | | lr=5.00e-04
Epoch 121 | train_loss=3.9726e-04 | train_eval_loss=4.9759e-04 | val_loss=5.4213e-04 | | lr=5.00e-04
Epoch 122 | train_loss=3.9456e-04 | train_eval_loss=2.8330e-04 | val_loss=3.4755e-04 | | lr=5.00e-04
Epoch 123 | train_loss=4.1104e-04 | train_eval_loss=2.9358e-04 | val_loss=3.6768e-04 | | lr=5.00e-04
Epoch 124 | train_loss=4.2503e-04 | train_eval_loss=2.8857e-04 | val_loss=3.6024e-04 | | lr=5.00e-04
Epoch 125 | train_loss=3.9308e-04 | train_eval_loss=2.7547e-04 | val_loss=3.4707e-04 | | lr=5.00e-04
Epoch 126 | train_loss=3.8928e-04 | train_eval_loss=2.7389e-04 | val_loss=3.5622e-04 | | lr=5.00e-04
Epoch 127 | train_loss=3.6715e-04 | train_eval_loss=2.7695e-04 | val_loss=3.5591e-04 | | lr=5.00e-04
Epoch 128 | train_loss=3.4027e-04 | train_eval_loss=2.5628e-04 | val_loss=3.3658e-04 | | lr=2.50e-04
Saved best model to results/thesis_model_results/outputs/seed_robustness_shortlist/MTLGSH__mse__minmax__seed168/mtlgsh_state_dict_best.pt
Epoch 129 | train_loss=3.4249e-04 | train_eval_loss=2.4404e-04 | val_loss=3.2834e-04 | | lr=2.50e-04
Saved best model to results/thesis_model_results/outputs/seed_robustness_shortlist/MTLGSH__mse__minmax__seed168/mtlgsh_state_dict_best.pt
Epoch 130 | train_loss=3.3519e-04 | train_eval_loss=2.4319e-04 | val_loss=3.3261e-04 | | lr=2.50e-04
Epoch 131 | train_loss=3.3285e-04 | train_eval_loss=2.4040e-04 | val_loss=3.2320e-04 | | lr=2.50e-04
Saved best model to results/thesis_model_results/outputs/seed_robustness_shortlist/MTLGSH__mse__minmax__seed168/mtlgsh_state_dict_best.pt
Epoch 132 | train_loss=3.3599e-04 | train_eval_loss=2.5172e-04 | val_loss=3.3868e-04 | | lr=2.50e-04
Epoch 133 | train_loss=3.3737e-04 | train_eval_loss=2.3504e-04 | val_loss=3.2595e-04 | | lr=2.50e-04
Epoch 134 | train_loss=3.3714e-04 | train_eval_loss=2.7960e-04 | val_loss=3.6838e-04 | | lr=2.50e-04
Epoch 135 | train_loss=3.3535e-04 | train_eval_loss=2.5059e-04 | val_loss=3.3855e-04 | | lr=2.50e-04
Epoch 136 | train_loss=3.3979e-04 | train_eval_loss=2.3943e-04 | val_loss=3.2355e-04 | | lr=2.50e-04
Epoch 137 | train_loss=3.3187e-04 | train_eval_loss=2.2425e-04 | val_loss=3.1380e-04 | | lr=2.50e-04
Saved best model to results/thesis_model_results/outputs/seed_robustness_shortlist/MTLGSH__mse__minmax__seed168/mtlgsh_state_dict_best.pt
Epoch 138 | train_loss=3.2938e-04 | train_eval_loss=2.4580e-04 | val_loss=3.3252e-04 | | lr=2.50e-04
Epoch 139 | train_loss=3.4114e-04 | train_eval_loss=2.2784e-04 | val_loss=3.1558e-04 | | lr=2.50e-04
Epoch 140 | train_loss=3.3609e-04 | train_eval_loss=2.3668e-04 | val_loss=3.2721e-04 | | lr=2.50e-04
Epoch 141 | train_loss=3.4821e-04 | train_eval_loss=2.2941e-04 | val_loss=3.2110e-04 | | lr=2.50e-04
Epoch 142 | train_loss=3.3330e-04 | train_eval_loss=2.5441e-04 | val_loss=3.4019e-04 | | lr=2.50e-04
Epoch 143 | train_loss=3.3266e-04 | train_eval_loss=2.2748e-04 | val_loss=3.1809e-04 | | lr=2.50e-04
Epoch 144 | train_loss=3.3175e-04 | train_eval_loss=2.3401e-04 | val_loss=3.3281e-04 | | lr=2.50e-04
Epoch 145 | train_loss=3.3421e-04 | train_eval_loss=2.2648e-04 | val_loss=3.1318e-04 | | lr=2.50e-04
Saved best model to results/thesis_model_results/outputs/seed_robustness_shortlist/MTLGSH__mse__minmax__seed168/mtlgsh_state_dict_best.pt
Epoch 146 | train_loss=3.2217e-04 | train_eval_loss=2.2158e-04 | val_loss=3.1729e-04 | | lr=2.50e-04
Epoch 147 | train_loss=3.4184e-04 | train_eval_loss=2.3377e-04 | val_loss=3.2954e-04 | | lr=2.50e-04
Epoch 148 | train_loss=3.3459e-04 | train_eval_loss=2.2514e-04 | val_loss=3.1592e-04 | | lr=2.50e-04
Epoch 149 | train_loss=3.1747e-04 | train_eval_loss=2.1676e-04 | val_loss=3.0906e-04 | | lr=2.50e-04
Saved best model to results/thesis_model_results/outputs/seed_robustness_shortlist/MTLGSH__mse__minmax__seed168/mtlgsh_state_dict_best.pt
Epoch 150 | train_loss=3.2330e-04 | train_eval_loss=2.1273e-04 | val_loss=3.0901e-04 | | lr=2.50e-04
Saved best model to results/thesis_model_results/outputs/seed_robustness_shortlist/MTLGSH__mse__minmax__seed168/mtlgsh_state_dict_best.pt
Epoch 151 | train_loss=3.3125e-04 | train_eval_loss=3.0789e-04 | val_loss=4.0795e-04 | | lr=2.50e-04
Epoch 152 | train_loss=3.4056e-04 | train_eval_loss=2.6364e-04 | val_loss=3.5973e-04 | | lr=2.50e-04
Epoch 153 | train_loss=3.7236e-04 | train_eval_loss=3.1539e-04 | val_loss=4.0199e-04 | | lr=2.50e-04
Epoch 154 | train_loss=3.4070e-04 | train_eval_loss=2.2465e-04 | val_loss=3.1219e-04 | | lr=2.50e-04
Epoch 155 | train_loss=3.1873e-04 | train_eval_loss=2.3790e-04 | val_loss=3.3420e-04 | | lr=2.50e-04
Epoch 156 | train_loss=3.4849e-04 | train_eval_loss=2.5880e-04 | val_loss=3.4656e-04 | | lr=2.50e-04
Epoch 157 | train_loss=3.1670e-04 | train_eval_loss=2.2382e-04 | val_loss=3.2264e-04 | | lr=2.50e-04
Epoch 158 | train_loss=3.3289e-04 | train_eval_loss=2.1957e-04 | val_loss=3.1676e-04 | | lr=2.50e-04
Epoch 159 | train_loss=3.1933e-04 | train_eval_loss=2.2169e-04 | val_loss=3.1215e-04 | | lr=2.50e-04
Epoch 160 | train_loss=3.0195e-04 | train_eval_loss=1.9468e-04 | val_loss=2.9266e-04 | | lr=1.25e-04
Saved best model to results/thesis_model_results/outputs/seed_robustness_shortlist/MTLGSH__mse__minmax__seed168/mtlgsh_state_dict_best.pt
Epoch 161 | train_loss=2.9187e-04 | train_eval_loss=1.9596e-04 | val_loss=2.9710e-04 | | lr=1.25e-04
Epoch 162 | train_loss=2.9111e-04 | train_eval_loss=1.9382e-04 | val_loss=3.0042e-04 | | lr=1.25e-04
Epoch 163 | train_loss=2.9368e-04 | train_eval_loss=2.0191e-04 | val_loss=3.0687e-04 | | lr=1.25e-04
Epoch 164 | train_loss=2.9226e-04 | train_eval_loss=2.0155e-04 | val_loss=3.1069e-04 | | lr=1.25e-04
Epoch 165 | train_loss=2.9032e-04 | train_eval_loss=1.9685e-04 | val_loss=3.0500e-04 | | lr=1.25e-04
Epoch 166 | train_loss=2.8963e-04 | train_eval_loss=1.9251e-04 | val_loss=2.9799e-04 | | lr=1.25e-04
Epoch 167 | train_loss=2.9307e-04 | train_eval_loss=2.0155e-04 | val_loss=3.0473e-04 | | lr=1.25e-04
Epoch 168 | train_loss=2.9063e-04 | train_eval_loss=2.0499e-04 | val_loss=3.1785e-04 | | lr=1.25e-04
Epoch 169 | train_loss=2.9558e-04 | train_eval_loss=1.9279e-04 | val_loss=2.9814e-04 | | lr=1.25e-04
Epoch 170 | train_loss=2.8240e-04 | train_eval_loss=1.8164e-04 | val_loss=2.9080e-04 | | lr=6.25e-05
Saved best model to results/thesis_model_results/outputs/seed_robustness_shortlist/MTLGSH__mse__minmax__seed168/mtlgsh_state_dict_best.pt
Epoch 171 | train_loss=2.7967e-04 | train_eval_loss=1.8770e-04 | val_loss=2.9749e-04 | | lr=6.25e-05
Epoch 172 | train_loss=2.7869e-04 | train_eval_loss=1.8211e-04 | val_loss=2.9002e-04 | | lr=6.25e-05
Saved best model to results/thesis_model_results/outputs/seed_robustness_shortlist/MTLGSH__mse__minmax__seed168/mtlgsh_state_dict_best.pt
Epoch 173 | train_loss=2.7822e-04 | train_eval_loss=1.8286e-04 | val_loss=2.9344e-04 | | lr=6.25e-05
Epoch 174 | train_loss=2.7738e-04 | train_eval_loss=1.8309e-04 | val_loss=2.9200e-04 | | lr=6.25e-05
Epoch 175 | train_loss=2.7902e-04 | train_eval_loss=1.8448e-04 | val_loss=2.9446e-04 | | lr=6.25e-05
Epoch 176 | train_loss=2.7807e-04 | train_eval_loss=1.8106e-04 | val_loss=2.9110e-04 | | lr=6.25e-05
Epoch 177 | train_loss=2.7792e-04 | train_eval_loss=1.8229e-04 | val_loss=2.9134e-04 | | lr=6.25e-05
Epoch 178 | train_loss=2.7810e-04 | train_eval_loss=1.9155e-04 | val_loss=3.0186e-04 | | lr=6.25e-05
Epoch 179 | train_loss=2.8083e-04 | train_eval_loss=1.8240e-04 | val_loss=2.9294e-04 | | lr=6.25e-05
Epoch 180 | train_loss=2.7908e-04 | train_eval_loss=1.8124e-04 | val_loss=2.9383e-04 | | lr=6.25e-05
Epoch 181 | train_loss=2.7799e-04 | train_eval_loss=1.8002e-04 | val_loss=2.9370e-04 | | lr=6.25e-05
Epoch 182 | train_loss=2.7267e-04 | train_eval_loss=1.7762e-04 | val_loss=2.8961e-04 | | lr=3.13e-05
Saved best model to results/thesis_model_results/outputs/seed_robustness_shortlist/MTLGSH__mse__minmax__seed168/mtlgsh_state_dict_best.pt
Epoch 183 | train_loss=2.7381e-04 | train_eval_loss=1.7636e-04 | val_loss=2.8807e-04 | | lr=3.13e-05
Saved best model to results/thesis_model_results/outputs/seed_robustness_shortlist/MTLGSH__mse__minmax__seed168/mtlgsh_state_dict_best.pt
Epoch 184 | train_loss=2.7389e-04 | train_eval_loss=1.7905e-04 | val_loss=2.9262e-04 | | lr=3.13e-05
Epoch 185 | train_loss=2.7123e-04 | train_eval_loss=1.7850e-04 | val_loss=2.9173e-04 | | lr=3.13e-05
Epoch 186 | train_loss=2.7213e-04 | train_eval_loss=1.7691e-04 | val_loss=2.8869e-04 | | lr=3.13e-05
Epoch 187 | train_loss=2.7282e-04 | train_eval_loss=1.7603e-04 | val_loss=2.8894e-04 | | lr=3.13e-05
Epoch 188 | train_loss=2.7114e-04 | train_eval_loss=1.7636e-04 | val_loss=2.8754e-04 | | lr=3.13e-05
Saved best model to results/thesis_model_results/outputs/seed_robustness_shortlist/MTLGSH__mse__minmax__seed168/mtlgsh_state_dict_best.pt
Epoch 189 | train_loss=2.7016e-04 | train_eval_loss=1.7786e-04 | val_loss=2.9220e-04 | | lr=3.13e-05
Epoch 190 | train_loss=2.7297e-04 | train_eval_loss=1.7555e-04 | val_loss=2.8825e-04 | | lr=3.13e-05
Epoch 191 | train_loss=2.7163e-04 | train_eval_loss=1.7462e-04 | val_loss=2.8943e-04 | | lr=3.13e-05
Epoch 192 | train_loss=2.7099e-04 | train_eval_loss=1.7711e-04 | val_loss=2.9095e-04 | | lr=3.13e-05
Epoch 193 | train_loss=2.7195e-04 | train_eval_loss=1.7784e-04 | val_loss=2.9027e-04 | | lr=3.13e-05
Epoch 194 | train_loss=2.7177e-04 | train_eval_loss=1.7853e-04 | val_loss=2.9284e-04 | | lr=3.13e-05
Epoch 195 | train_loss=2.7190e-04 | train_eval_loss=1.7545e-04 | val_loss=2.9050e-04 | | lr=3.13e-05
Epoch 196 | train_loss=2.6736e-04 | train_eval_loss=1.7463e-04 | val_loss=2.8797e-04 | | lr=3.13e-05
Epoch 197 | train_loss=2.6905e-04 | train_eval_loss=1.7350e-04 | val_loss=2.8751e-04 | | lr=3.13e-05
Saved best model to results/thesis_model_results/outputs/seed_robustness_shortlist/MTLGSH__mse__minmax__seed168/mtlgsh_state_dict_best.pt
Epoch 198 | train_loss=2.7026e-04 | train_eval_loss=1.7789e-04 | val_loss=2.8996e-04 | | lr=3.13e-05
Epoch 199 | train_loss=2.7032e-04 | train_eval_loss=1.7481e-04 | val_loss=2.8954e-04 | | lr=3.13e-05
Epoch 200 | train_loss=2.7085e-04 | train_eval_loss=1.7502e-04 | val_loss=2.8870e-04 | | lr=3.13e-05
Saved training logs to results/thesis_model_results/outputs/seed_robustness_shortlist/MTLGSH__mse__minmax__seed168/training_summary.txt
Test RMSE(rocof_COI) = 0.0115 | norm: 0.0087 | real_diff: 0.0072
Test RMSE(dev_COI) = 0.0186 | norm: 0.0069 | real_diff: 0.0093
Test RMSE(Delta_P_IBR_1) = 0.1028 | norm: 0.0162 | real_diff: 0.0640
Test RMSE(Delta_P_IBR_2) = 0.0991 | norm: 0.0138 | real_diff: 0.0553
Test RMSE(Delta_P_IBR_3) = 0.1616 | norm: 0.0284 | real_diff: 0.0767
Test RMSE(Delta_P_IBR_4) = 0.1725 | norm: 0.0178 | real_diff: 0.1067
Saved RMSE results to results/thesis_model_results/outputs/seed_robustness_shortlist/MTLGSH__mse__minmax__seed168/rmse_results.txt
Saved detailed metrics to results/thesis_model_results/outputs/seed_robustness_shortlist/MTLGSH__mse__minmax__seed168/metrics_by_target.csv
Saved aggregate metrics to results/thesis_model_results/outputs/seed_robustness_shortlist/MTLGSH__mse__minmax__seed168/metrics_summary.json
Saved loss curves to results/thesis_model_results/outputs/seed_robustness_shortlist/MTLGSH__mse__minmax__seed168/loss_curve.png
Saved scatter plot results/thesis_model_results/outputs/seed_robustness_shortlist/MTLGSH__mse__minmax__seed168/scatter_rocof_COI.png
Saved scatter plot results/thesis_model_results/outputs/seed_robustness_shortlist/MTLGSH__mse__minmax__seed168/scatter_dev_COI.png
Saved scatter plot results/thesis_model_results/outputs/seed_robustness_shortlist/MTLGSH__mse__minmax__seed168/scatter_Delta_P_IBR_1.png
Saved scatter plot results/thesis_model_results/outputs/seed_robustness_shortlist/MTLGSH__mse__minmax__seed168/scatter_Delta_P_IBR_2.png
Saved scatter plot results/thesis_model_results/outputs/seed_robustness_shortlist/MTLGSH__mse__minmax__seed168/scatter_Delta_P_IBR_3.png
Saved scatter plot results/thesis_model_results/outputs/seed_robustness_shortlist/MTLGSH__mse__minmax__seed168/scatter_Delta_P_IBR_4.png
Saved model to results/thesis_model_results/outputs/seed_robustness_shortlist/MTLGSH__mse__minmax__seed168/mtlgsh_state_dict.pt
Loss type: mse | weights=[]
Target stats (scaled):
train mean=[0.549  0.589  0.492  0.4884 0.4785 0.4192]
train std=[0.1365 0.1371 0.1141 0.1063 0.1158 0.1138]
train q05=[0.3074 0.3979 0.3192 0.303  0.3347 0.2205]
train q95=[0.7933 0.8652 0.6719 0.6491 0.6927 0.6016]
val mean=[0.5473 0.5873 0.4922 0.4893 0.4798 0.4201]
val std=[0.1343 0.1348 0.1123 0.1072 0.1141 0.1112]
val q05=[0.3103 0.3982 0.3195 0.303  0.3376 0.2251]
val q95=[0.7886 0.8626 0.6731 0.6514 0.6918 0.5984]
val/train std ratio=[0.984  0.9828 0.9844 1.0084 0.9848 0.9772]
LR scheduler: ReduceLROnPlateau (factor=0.5, patience=8, min_lr=1e-07)
Epoch 001 | train_loss=2.6634e+08 | train_eval_loss=8.0719e+00 | val_loss=8.0755e+00 | | lr=1.00e-03
Saved best model to results/thesis_model_results/outputs/seed_robustness_shortlist/PICNN_MTLSH__mse__minmax__seed21/picnn_mtlsh_state_dict_best.pt
Epoch 002 | train_loss=8.0733e+00 | train_eval_loss=8.0629e+00 | val_loss=8.0665e+00 | | lr=1.00e-03
Saved best model to results/thesis_model_results/outputs/seed_robustness_shortlist/PICNN_MTLSH__mse__minmax__seed21/picnn_mtlsh_state_dict_best.pt
Epoch 003 | train_loss=8.0486e+00 | train_eval_loss=8.0326e+00 | val_loss=8.0362e+00 | | lr=1.00e-03
Saved best model to results/thesis_model_results/outputs/seed_robustness_shortlist/PICNN_MTLSH__mse__minmax__seed21/picnn_mtlsh_state_dict_best.pt
Epoch 004 | train_loss=8.0153e+00 | train_eval_loss=7.9962e+00 | val_loss=7.9998e+00 | | lr=1.00e-03
Saved best model to results/thesis_model_results/outputs/seed_robustness_shortlist/PICNN_MTLSH__mse__minmax__seed21/picnn_mtlsh_state_dict_best.pt
Epoch 005 | train_loss=7.9762e+00 | train_eval_loss=7.9544e+00 | val_loss=7.9580e+00 | | lr=1.00e-03
Saved best model to results/thesis_model_results/outputs/seed_robustness_shortlist/PICNN_MTLSH__mse__minmax__seed21/picnn_mtlsh_state_dict_best.pt
Epoch 006 | train_loss=7.9319e+00 | train_eval_loss=7.9076e+00 | val_loss=7.9112e+00 | | lr=1.00e-03
Saved best model to results/thesis_model_results/outputs/seed_robustness_shortlist/PICNN_MTLSH__mse__minmax__seed21/picnn_mtlsh_state_dict_best.pt
Epoch 007 | train_loss=7.8828e+00 | train_eval_loss=7.8561e+00 | val_loss=7.8597e+00 | | lr=1.00e-03
Saved best model to results/thesis_model_results/outputs/seed_robustness_shortlist/PICNN_MTLSH__mse__minmax__seed21/picnn_mtlsh_state_dict_best.pt
Epoch 008 | train_loss=7.8291e+00 | train_eval_loss=7.8001e+00 | val_loss=7.8036e+00 | | lr=1.00e-03
Saved best model to results/thesis_model_results/outputs/seed_robustness_shortlist/PICNN_MTLSH__mse__minmax__seed21/picnn_mtlsh_state_dict_best.pt
Epoch 009 | train_loss=7.7711e+00 | train_eval_loss=7.7399e+00 | val_loss=7.7434e+00 | | lr=1.00e-03
Saved best model to results/thesis_model_results/outputs/seed_robustness_shortlist/PICNN_MTLSH__mse__minmax__seed21/picnn_mtlsh_state_dict_best.pt
Epoch 010 | train_loss=7.7088e+00 | train_eval_loss=7.6755e+00 | val_loss=7.6790e+00 | | lr=1.00e-03
Saved best model to results/thesis_model_results/outputs/seed_robustness_shortlist/PICNN_MTLSH__mse__minmax__seed21/picnn_mtlsh_state_dict_best.pt
Epoch 011 | train_loss=7.6425e+00 | train_eval_loss=7.6072e+00 | val_loss=7.6106e+00 | | lr=1.00e-03
Saved best model to results/thesis_model_results/outputs/seed_robustness_shortlist/PICNN_MTLSH__mse__minmax__seed21/picnn_mtlsh_state_dict_best.pt
Epoch 012 | train_loss=7.5722e+00 | train_eval_loss=7.5349e+00 | val_loss=7.5383e+00 | | lr=1.00e-03
Saved best model to results/thesis_model_results/outputs/seed_robustness_shortlist/PICNN_MTLSH__mse__minmax__seed21/picnn_mtlsh_state_dict_best.pt
Epoch 013 | train_loss=7.4981e+00 | train_eval_loss=7.4588e+00 | val_loss=7.4622e+00 | | lr=1.00e-03
Saved best model to results/thesis_model_results/outputs/seed_robustness_shortlist/PICNN_MTLSH__mse__minmax__seed21/picnn_mtlsh_state_dict_best.pt
Epoch 014 | train_loss=7.4202e+00 | train_eval_loss=7.3790e+00 | val_loss=7.3824e+00 | | lr=1.00e-03
Saved best model to results/thesis_model_results/outputs/seed_robustness_shortlist/PICNN_MTLSH__mse__minmax__seed21/picnn_mtlsh_state_dict_best.pt
Epoch 015 | train_loss=7.3386e+00 | train_eval_loss=7.2956e+00 | val_loss=7.2989e+00 | | lr=1.00e-03
Saved best model to results/thesis_model_results/outputs/seed_robustness_shortlist/PICNN_MTLSH__mse__minmax__seed21/picnn_mtlsh_state_dict_best.pt
Epoch 016 | train_loss=7.2534e+00 | train_eval_loss=7.2086e+00 | val_loss=7.2119e+00 | | lr=1.00e-03
Saved best model to results/thesis_model_results/outputs/seed_robustness_shortlist/PICNN_MTLSH__mse__minmax__seed21/picnn_mtlsh_state_dict_best.pt
Epoch 017 | train_loss=7.1648e+00 | train_eval_loss=7.1182e+00 | val_loss=7.1214e+00 | | lr=1.00e-03
Saved best model to results/thesis_model_results/outputs/seed_robustness_shortlist/PICNN_MTLSH__mse__minmax__seed21/picnn_mtlsh_state_dict_best.pt
Epoch 018 | train_loss=7.0727e+00 | train_eval_loss=7.0244e+00 | val_loss=7.0276e+00 | | lr=1.00e-03
Saved best model to results/thesis_model_results/outputs/seed_robustness_shortlist/PICNN_MTLSH__mse__minmax__seed21/picnn_mtlsh_state_dict_best.pt
Epoch 019 | train_loss=6.9772e+00 | train_eval_loss=6.9272e+00 | val_loss=6.9304e+00 | | lr=1.00e-03
Saved best model to results/thesis_model_results/outputs/seed_robustness_shortlist/PICNN_MTLSH__mse__minmax__seed21/picnn_mtlsh_state_dict_best.pt
Epoch 020 | train_loss=6.8785e+00 | train_eval_loss=6.8268e+00 | val_loss=6.8299e+00 | | lr=1.00e-03
Saved best model to results/thesis_model_results/outputs/seed_robustness_shortlist/PICNN_MTLSH__mse__minmax__seed21/picnn_mtlsh_state_dict_best.pt
Epoch 021 | train_loss=6.7766e+00 | train_eval_loss=6.7233e+00 | val_loss=6.7263e+00 | | lr=1.00e-03
Saved best model to results/thesis_model_results/outputs/seed_robustness_shortlist/PICNN_MTLSH__mse__minmax__seed21/picnn_mtlsh_state_dict_best.pt
Epoch 022 | train_loss=6.6715e+00 | train_eval_loss=6.6167e+00 | val_loss=6.6197e+00 | | lr=1.00e-03
Saved best model to results/thesis_model_results/outputs/seed_robustness_shortlist/PICNN_MTLSH__mse__minmax__seed21/picnn_mtlsh_state_dict_best.pt
Epoch 023 | train_loss=6.5634e+00 | train_eval_loss=6.5071e+00 | val_loss=6.5100e+00 | | lr=1.00e-03
Saved best model to results/thesis_model_results/outputs/seed_robustness_shortlist/PICNN_MTLSH__mse__minmax__seed21/picnn_mtlsh_state_dict_best.pt
Epoch 024 | train_loss=6.4524e+00 | train_eval_loss=6.3946e+00 | val_loss=6.3974e+00 | | lr=1.00e-03
Saved best model to results/thesis_model_results/outputs/seed_robustness_shortlist/PICNN_MTLSH__mse__minmax__seed21/picnn_mtlsh_state_dict_best.pt
Epoch 025 | train_loss=6.3385e+00 | train_eval_loss=6.2793e+00 | val_loss=6.2821e+00 | | lr=1.00e-03
Saved best model to results/thesis_model_results/outputs/seed_robustness_shortlist/PICNN_MTLSH__mse__minmax__seed21/picnn_mtlsh_state_dict_best.pt
Epoch 026 | train_loss=6.2219e+00 | train_eval_loss=6.1612e+00 | val_loss=6.1640e+00 | | lr=1.00e-03
Saved best model to results/thesis_model_results/outputs/seed_robustness_shortlist/PICNN_MTLSH__mse__minmax__seed21/picnn_mtlsh_state_dict_best.pt
Epoch 027 | train_loss=6.1026e+00 | train_eval_loss=6.0406e+00 | val_loss=6.0433e+00 | | lr=1.00e-03
Saved best model to results/thesis_model_results/outputs/seed_robustness_shortlist/PICNN_MTLSH__mse__minmax__seed21/picnn_mtlsh_state_dict_best.pt
Epoch 028 | train_loss=5.9808e+00 | train_eval_loss=5.9176e+00 | val_loss=5.9202e+00 | | lr=1.00e-03
Saved best model to results/thesis_model_results/outputs/seed_robustness_shortlist/PICNN_MTLSH__mse__minmax__seed21/picnn_mtlsh_state_dict_best.pt
Epoch 029 | train_loss=5.8565e+00 | train_eval_loss=5.7920e+00 | val_loss=5.7947e+00 | | lr=1.00e-03
Saved best model to results/thesis_model_results/outputs/seed_robustness_shortlist/PICNN_MTLSH__mse__minmax__seed21/picnn_mtlsh_state_dict_best.pt
Epoch 030 | train_loss=5.7300e+00 | train_eval_loss=5.6644e+00 | val_loss=5.6670e+00 | | lr=1.00e-03
Saved best model to results/thesis_model_results/outputs/seed_robustness_shortlist/PICNN_MTLSH__mse__minmax__seed21/picnn_mtlsh_state_dict_best.pt
Epoch 031 | train_loss=5.6012e+00 | train_eval_loss=5.5346e+00 | val_loss=5.5371e+00 | | lr=1.00e-03
Saved best model to results/thesis_model_results/outputs/seed_robustness_shortlist/PICNN_MTLSH__mse__minmax__seed21/picnn_mtlsh_state_dict_best.pt
Epoch 032 | train_loss=5.4704e+00 | train_eval_loss=5.4028e+00 | val_loss=5.4052e+00 | | lr=1.00e-03
Saved best model to results/thesis_model_results/outputs/seed_robustness_shortlist/PICNN_MTLSH__mse__minmax__seed21/picnn_mtlsh_state_dict_best.pt
Epoch 033 | train_loss=5.3377e+00 | train_eval_loss=5.2691e+00 | val_loss=5.2715e+00 | | lr=1.00e-03
Saved best model to results/thesis_model_results/outputs/seed_robustness_shortlist/PICNN_MTLSH__mse__minmax__seed21/picnn_mtlsh_state_dict_best.pt
Epoch 034 | train_loss=5.2032e+00 | train_eval_loss=5.1338e+00 | val_loss=5.1361e+00 | | lr=1.00e-03
Saved best model to results/thesis_model_results/outputs/seed_robustness_shortlist/PICNN_MTLSH__mse__minmax__seed21/picnn_mtlsh_state_dict_best.pt
Epoch 035 | train_loss=5.0671e+00 | train_eval_loss=4.9969e+00 | val_loss=4.9991e+00 | | lr=1.00e-03
Saved best model to results/thesis_model_results/outputs/seed_robustness_shortlist/PICNN_MTLSH__mse__minmax__seed21/picnn_mtlsh_state_dict_best.pt
Epoch 036 | train_loss=4.9295e+00 | train_eval_loss=4.8587e+00 | val_loss=4.8609e+00 | | lr=1.00e-03
Saved best model to results/thesis_model_results/outputs/seed_robustness_shortlist/PICNN_MTLSH__mse__minmax__seed21/picnn_mtlsh_state_dict_best.pt
Epoch 037 | train_loss=4.7907e+00 | train_eval_loss=4.7192e+00 | val_loss=4.7213e+00 | | lr=1.00e-03
Saved best model to results/thesis_model_results/outputs/seed_robustness_shortlist/PICNN_MTLSH__mse__minmax__seed21/picnn_mtlsh_state_dict_best.pt
Epoch 038 | train_loss=4.6508e+00 | train_eval_loss=4.5788e+00 | val_loss=4.5808e+00 | | lr=1.00e-03
Saved best model to results/thesis_model_results/outputs/seed_robustness_shortlist/PICNN_MTLSH__mse__minmax__seed21/picnn_mtlsh_state_dict_best.pt
Epoch 039 | train_loss=4.5099e+00 | train_eval_loss=4.4375e+00 | val_loss=4.4395e+00 | | lr=1.00e-03
Saved best model to results/thesis_model_results/outputs/seed_robustness_shortlist/PICNN_MTLSH__mse__minmax__seed21/picnn_mtlsh_state_dict_best.pt
Epoch 040 | train_loss=4.3683e+00 | train_eval_loss=4.2956e+00 | val_loss=4.2975e+00 | | lr=1.00e-03
Saved best model to results/thesis_model_results/outputs/seed_robustness_shortlist/PICNN_MTLSH__mse__minmax__seed21/picnn_mtlsh_state_dict_best.pt
Epoch 041 | train_loss=4.2262e+00 | train_eval_loss=4.1532e+00 | val_loss=4.1550e+00 | | lr=1.00e-03
Saved best model to results/thesis_model_results/outputs/seed_robustness_shortlist/PICNN_MTLSH__mse__minmax__seed21/picnn_mtlsh_state_dict_best.pt
Epoch 042 | train_loss=4.0837e+00 | train_eval_loss=4.0107e+00 | val_loss=4.0124e+00 | | lr=1.00e-03
Saved best model to results/thesis_model_results/outputs/seed_robustness_shortlist/PICNN_MTLSH__mse__minmax__seed21/picnn_mtlsh_state_dict_best.pt
Epoch 043 | train_loss=3.9410e+00 | train_eval_loss=3.8681e+00 | val_loss=3.8698e+00 | | lr=1.00e-03
Saved best model to results/thesis_model_results/outputs/seed_robustness_shortlist/PICNN_MTLSH__mse__minmax__seed21/picnn_mtlsh_state_dict_best.pt
Epoch 044 | train_loss=3.7985e+00 | train_eval_loss=3.7256e+00 | val_loss=3.7272e+00 | | lr=1.00e-03
Saved best model to results/thesis_model_results/outputs/seed_robustness_shortlist/PICNN_MTLSH__mse__minmax__seed21/picnn_mtlsh_state_dict_best.pt
Epoch 045 | train_loss=3.6562e+00 | train_eval_loss=3.5835e+00 | val_loss=3.5851e+00 | | lr=1.00e-03
Saved best model to results/thesis_model_results/outputs/seed_robustness_shortlist/PICNN_MTLSH__mse__minmax__seed21/picnn_mtlsh_state_dict_best.pt
Epoch 046 | train_loss=3.5144e+00 | train_eval_loss=3.4420e+00 | val_loss=3.4435e+00 | | lr=1.00e-03
Saved best model to results/thesis_model_results/outputs/seed_robustness_shortlist/PICNN_MTLSH__mse__minmax__seed21/picnn_mtlsh_state_dict_best.pt
Epoch 047 | train_loss=3.3733e+00 | train_eval_loss=3.3014e+00 | val_loss=3.3029e+00 | | lr=1.00e-03
Saved best model to results/thesis_model_results/outputs/seed_robustness_shortlist/PICNN_MTLSH__mse__minmax__seed21/picnn_mtlsh_state_dict_best.pt
Epoch 048 | train_loss=3.2332e+00 | train_eval_loss=3.1620e+00 | val_loss=3.1633e+00 | | lr=1.00e-03
Saved best model to results/thesis_model_results/outputs/seed_robustness_shortlist/PICNN_MTLSH__mse__minmax__seed21/picnn_mtlsh_state_dict_best.pt
Epoch 049 | train_loss=3.0942e+00 | train_eval_loss=3.0236e+00 | val_loss=3.0249e+00 | | lr=1.00e-03
Saved best model to results/thesis_model_results/outputs/seed_robustness_shortlist/PICNN_MTLSH__mse__minmax__seed21/picnn_mtlsh_state_dict_best.pt
Epoch 050 | train_loss=2.9566e+00 | train_eval_loss=2.8868e+00 | val_loss=2.8880e+00 | | lr=1.00e-03
Saved best model to results/thesis_model_results/outputs/seed_robustness_shortlist/PICNN_MTLSH__mse__minmax__seed21/picnn_mtlsh_state_dict_best.pt
Epoch 051 | train_loss=2.8207e+00 | train_eval_loss=2.7516e+00 | val_loss=2.7528e+00 | | lr=1.00e-03
Saved best model to results/thesis_model_results/outputs/seed_robustness_shortlist/PICNN_MTLSH__mse__minmax__seed21/picnn_mtlsh_state_dict_best.pt
Epoch 052 | train_loss=2.6865e+00 | train_eval_loss=2.6186e+00 | val_loss=2.6197e+00 | | lr=1.00e-03
Saved best model to results/thesis_model_results/outputs/seed_robustness_shortlist/PICNN_MTLSH__mse__minmax__seed21/picnn_mtlsh_state_dict_best.pt
Epoch 053 | train_loss=2.5545e+00 | train_eval_loss=2.4877e+00 | val_loss=2.4887e+00 | | lr=1.00e-03
Saved best model to results/thesis_model_results/outputs/seed_robustness_shortlist/PICNN_MTLSH__mse__minmax__seed21/picnn_mtlsh_state_dict_best.pt
Epoch 054 | train_loss=2.4247e+00 | train_eval_loss=2.3591e+00 | val_loss=2.3601e+00 | | lr=1.00e-03
Saved best model to results/thesis_model_results/outputs/seed_robustness_shortlist/PICNN_MTLSH__mse__minmax__seed21/picnn_mtlsh_state_dict_best.pt
Epoch 055 | train_loss=2.2974e+00 | train_eval_loss=2.2332e+00 | val_loss=2.2341e+00 | | lr=1.00e-03
Saved best model to results/thesis_model_results/outputs/seed_robustness_shortlist/PICNN_MTLSH__mse__minmax__seed21/picnn_mtlsh_state_dict_best.pt
Epoch 056 | train_loss=2.1729e+00 | train_eval_loss=2.1101e+00 | val_loss=2.1109e+00 | | lr=1.00e-03
Saved best model to results/thesis_model_results/outputs/seed_robustness_shortlist/PICNN_MTLSH__mse__minmax__seed21/picnn_mtlsh_state_dict_best.pt
Epoch 057 | train_loss=2.0512e+00 | train_eval_loss=1.9899e+00 | val_loss=1.9907e+00 | | lr=1.00e-03
Saved best model to results/thesis_model_results/outputs/seed_robustness_shortlist/PICNN_MTLSH__mse__minmax__seed21/picnn_mtlsh_state_dict_best.pt
Epoch 058 | train_loss=1.9326e+00 | train_eval_loss=1.8729e+00 | val_loss=1.8736e+00 | | lr=1.00e-03
Saved best model to results/thesis_model_results/outputs/seed_robustness_shortlist/PICNN_MTLSH__mse__minmax__seed21/picnn_mtlsh_state_dict_best.pt
Epoch 059 | train_loss=1.8172e+00 | train_eval_loss=1.7593e+00 | val_loss=1.7599e+00 | | lr=1.00e-03
Saved best model to results/thesis_model_results/outputs/seed_robustness_shortlist/PICNN_MTLSH__mse__minmax__seed21/picnn_mtlsh_state_dict_best.pt
Epoch 060 | train_loss=1.7053e+00 | train_eval_loss=1.6492e+00 | val_loss=1.6498e+00 | | lr=1.00e-03
Saved best model to results/thesis_model_results/outputs/seed_robustness_shortlist/PICNN_MTLSH__mse__minmax__seed21/picnn_mtlsh_state_dict_best.pt
Epoch 061 | train_loss=1.5969e+00 | train_eval_loss=1.5427e+00 | val_loss=1.5432e+00 | | lr=1.00e-03
Saved best model to results/thesis_model_results/outputs/seed_robustness_shortlist/PICNN_MTLSH__mse__minmax__seed21/picnn_mtlsh_state_dict_best.pt
Epoch 062 | train_loss=1.4922e+00 | train_eval_loss=1.4400e+00 | val_loss=1.4404e+00 | | lr=1.00e-03
Saved best model to results/thesis_model_results/outputs/seed_robustness_shortlist/PICNN_MTLSH__mse__minmax__seed21/picnn_mtlsh_state_dict_best.pt
Epoch 063 | train_loss=1.3914e+00 | train_eval_loss=1.3412e+00 | val_loss=1.3415e+00 | | lr=1.00e-03
Saved best model to results/thesis_model_results/outputs/seed_robustness_shortlist/PICNN_MTLSH__mse__minmax__seed21/picnn_mtlsh_state_dict_best.pt
Epoch 064 | train_loss=1.2945e+00 | train_eval_loss=1.2463e+00 | val_loss=1.2466e+00 | | lr=1.00e-03
Saved best model to results/thesis_model_results/outputs/seed_robustness_shortlist/PICNN_MTLSH__mse__minmax__seed21/picnn_mtlsh_state_dict_best.pt
Epoch 065 | train_loss=1.2017e+00 | train_eval_loss=1.1556e+00 | val_loss=1.1559e+00 | | lr=1.00e-03
Saved best model to results/thesis_model_results/outputs/seed_robustness_shortlist/PICNN_MTLSH__mse__minmax__seed21/picnn_mtlsh_state_dict_best.pt
Epoch 066 | train_loss=1.1130e+00 | train_eval_loss=1.0691e+00 | val_loss=1.0693e+00 | | lr=1.00e-03
Saved best model to results/thesis_model_results/outputs/seed_robustness_shortlist/PICNN_MTLSH__mse__minmax__seed21/picnn_mtlsh_state_dict_best.pt
Epoch 067 | train_loss=1.0285e+00 | train_eval_loss=9.8673e-01 | val_loss=9.8690e-01 | | lr=1.00e-03
Saved best model to results/thesis_model_results/outputs/seed_robustness_shortlist/PICNN_MTLSH__mse__minmax__seed21/picnn_mtlsh_state_dict_best.pt
Epoch 068 | train_loss=9.4822e-01 | train_eval_loss=9.0859e-01 | val_loss=9.0872e-01 | | lr=1.00e-03
Saved best model to results/thesis_model_results/outputs/seed_robustness_shortlist/PICNN_MTLSH__mse__minmax__seed21/picnn_mtlsh_state_dict_best.pt
Epoch 069 | train_loss=8.7216e-01 | train_eval_loss=8.3468e-01 | val_loss=8.3476e-01 | | lr=1.00e-03
Saved best model to results/thesis_model_results/outputs/seed_robustness_shortlist/PICNN_MTLSH__mse__minmax__seed21/picnn_mtlsh_state_dict_best.pt
Epoch 070 | train_loss=8.0035e-01 | train_eval_loss=7.6506e-01 | val_loss=7.6509e-01 | | lr=1.00e-03
Saved best model to results/thesis_model_results/outputs/seed_robustness_shortlist/PICNN_MTLSH__mse__minmax__seed21/picnn_mtlsh_state_dict_best.pt
Epoch 071 | train_loss=7.3276e-01 | train_eval_loss=6.9960e-01 | val_loss=6.9960e-01 | | lr=1.00e-03
Saved best model to results/thesis_model_results/outputs/seed_robustness_shortlist/PICNN_MTLSH__mse__minmax__seed21/picnn_mtlsh_state_dict_best.pt
Epoch 072 | train_loss=6.6936e-01 | train_eval_loss=6.3834e-01 | val_loss=6.3829e-01 | | lr=1.00e-03
Saved best model to results/thesis_model_results/outputs/seed_robustness_shortlist/PICNN_MTLSH__mse__minmax__seed21/picnn_mtlsh_state_dict_best.pt
Epoch 073 | train_loss=6.1009e-01 | train_eval_loss=5.8117e-01 | val_loss=5.8109e-01 | | lr=1.00e-03
Saved best model to results/thesis_model_results/outputs/seed_robustness_shortlist/PICNN_MTLSH__mse__minmax__seed21/picnn_mtlsh_state_dict_best.pt
Epoch 074 | train_loss=5.5486e-01 | train_eval_loss=5.2799e-01 | val_loss=5.2787e-01 | | lr=1.00e-03
Saved best model to results/thesis_model_results/outputs/seed_robustness_shortlist/PICNN_MTLSH__mse__minmax__seed21/picnn_mtlsh_state_dict_best.pt
Epoch 075 | train_loss=5.0361e-01 | train_eval_loss=4.7872e-01 | val_loss=4.7857e-01 | | lr=1.00e-03
Saved best model to results/thesis_model_results/outputs/seed_robustness_shortlist/PICNN_MTLSH__mse__minmax__seed21/picnn_mtlsh_state_dict_best.pt
Epoch 076 | train_loss=4.5621e-01 | train_eval_loss=4.3326e-01 | val_loss=4.3308e-01 | | lr=1.00e-03
Saved best model to results/thesis_model_results/outputs/seed_robustness_shortlist/PICNN_MTLSH__mse__minmax__seed21/picnn_mtlsh_state_dict_best.pt
Epoch 077 | train_loss=4.1255e-01 | train_eval_loss=3.9145e-01 | val_loss=3.9124e-01 | | lr=1.00e-03
Saved best model to results/thesis_model_results/outputs/seed_robustness_shortlist/PICNN_MTLSH__mse__minmax__seed21/picnn_mtlsh_state_dict_best.pt
Epoch 078 | train_loss=3.7248e-01 | train_eval_loss=3.5317e-01 | val_loss=3.5294e-01 | | lr=1.00e-03
Saved best model to results/thesis_model_results/outputs/seed_robustness_shortlist/PICNN_MTLSH__mse__minmax__seed21/picnn_mtlsh_state_dict_best.pt
Epoch 079 | train_loss=3.3586e-01 | train_eval_loss=3.1826e-01 | val_loss=3.1800e-01 | | lr=1.00e-03
Saved best model to results/thesis_model_results/outputs/seed_robustness_shortlist/PICNN_MTLSH__mse__minmax__seed21/picnn_mtlsh_state_dict_best.pt
Epoch 080 | train_loss=3.0253e-01 | train_eval_loss=2.8656e-01 | val_loss=2.8628e-01 | | lr=1.00e-03
Saved best model to results/thesis_model_results/outputs/seed_robustness_shortlist/PICNN_MTLSH__mse__minmax__seed21/picnn_mtlsh_state_dict_best.pt
Epoch 081 | train_loss=2.7231e-01 | train_eval_loss=2.5788e-01 | val_loss=2.5758e-01 | | lr=1.00e-03
Saved best model to results/thesis_model_results/outputs/seed_robustness_shortlist/PICNN_MTLSH__mse__minmax__seed21/picnn_mtlsh_state_dict_best.pt
Epoch 082 | train_loss=2.4505e-01 | train_eval_loss=2.3205e-01 | val_loss=2.3173e-01 | | lr=1.00e-03
Saved best model to results/thesis_model_results/outputs/seed_robustness_shortlist/PICNN_MTLSH__mse__minmax__seed21/picnn_mtlsh_state_dict_best.pt
Epoch 083 | train_loss=2.2054e-01 | train_eval_loss=2.0890e-01 | val_loss=2.0856e-01 | | lr=1.00e-03
Saved best model to results/thesis_model_results/outputs/seed_robustness_shortlist/PICNN_MTLSH__mse__minmax__seed21/picnn_mtlsh_state_dict_best.pt
Epoch 084 | train_loss=1.9862e-01 | train_eval_loss=1.8823e-01 | val_loss=1.8788e-01 | | lr=1.00e-03
Saved best model to results/thesis_model_results/outputs/seed_robustness_shortlist/PICNN_MTLSH__mse__minmax__seed21/picnn_mtlsh_state_dict_best.pt
Epoch 085 | train_loss=1.7909e-01 | train_eval_loss=1.6987e-01 | val_loss=1.6950e-01 | | lr=1.00e-03
Saved best model to results/thesis_model_results/outputs/seed_robustness_shortlist/PICNN_MTLSH__mse__minmax__seed21/picnn_mtlsh_state_dict_best.pt
Epoch 086 | train_loss=1.6177e-01 | train_eval_loss=1.5362e-01 | val_loss=1.5324e-01 | | lr=1.00e-03
Saved best model to results/thesis_model_results/outputs/seed_robustness_shortlist/PICNN_MTLSH__mse__minmax__seed21/picnn_mtlsh_state_dict_best.pt
Epoch 087 | train_loss=1.4647e-01 | train_eval_loss=1.3929e-01 | val_loss=1.3890e-01 | | lr=1.00e-03
Saved best model to results/thesis_model_results/outputs/seed_robustness_shortlist/PICNN_MTLSH__mse__minmax__seed21/picnn_mtlsh_state_dict_best.pt
Epoch 088 | train_loss=1.3301e-01 | train_eval_loss=1.2671e-01 | val_loss=1.2631e-01 | | lr=1.00e-03
Saved best model to results/thesis_model_results/outputs/seed_robustness_shortlist/PICNN_MTLSH__mse__minmax__seed21/picnn_mtlsh_state_dict_best.pt
Epoch 089 | train_loss=1.2122e-01 | train_eval_loss=1.1572e-01 | val_loss=1.1532e-01 | | lr=1.00e-03
Saved best model to results/thesis_model_results/outputs/seed_robustness_shortlist/PICNN_MTLSH__mse__minmax__seed21/picnn_mtlsh_state_dict_best.pt
Epoch 090 | train_loss=1.1095e-01 | train_eval_loss=1.0616e-01 | val_loss=1.0574e-01 | | lr=1.00e-03
Saved best model to results/thesis_model_results/outputs/seed_robustness_shortlist/PICNN_MTLSH__mse__minmax__seed21/picnn_mtlsh_state_dict_best.pt
Epoch 091 | train_loss=1.0201e-01 | train_eval_loss=9.7864e-02 | val_loss=9.7444e-02 | | lr=1.00e-03
Saved best model to results/thesis_model_results/outputs/seed_robustness_shortlist/PICNN_MTLSH__mse__minmax__seed21/picnn_mtlsh_state_dict_best.pt
Epoch 092 | train_loss=9.4272e-02 | train_eval_loss=9.0687e-02 | val_loss=9.0264e-02 | | lr=1.00e-03
Saved best model to results/thesis_model_results/outputs/seed_robustness_shortlist/PICNN_MTLSH__mse__minmax__seed21/picnn_mtlsh_state_dict_best.pt
Epoch 093 | train_loss=8.7590e-02 | train_eval_loss=8.4498e-02 | val_loss=8.4071e-02 | | lr=1.00e-03
Saved best model to results/thesis_model_results/outputs/seed_robustness_shortlist/PICNN_MTLSH__mse__minmax__seed21/picnn_mtlsh_state_dict_best.pt
Epoch 094 | train_loss=8.1825e-02 | train_eval_loss=7.9156e-02 | val_loss=7.8728e-02 | | lr=1.00e-03
Saved best model to results/thesis_model_results/outputs/seed_robustness_shortlist/PICNN_MTLSH__mse__minmax__seed21/picnn_mtlsh_state_dict_best.pt
Epoch 095 | train_loss=7.6856e-02 | train_eval_loss=7.4563e-02 | val_loss=7.4134e-02 | | lr=1.00e-03
Saved best model to results/thesis_model_results/outputs/seed_robustness_shortlist/PICNN_MTLSH__mse__minmax__seed21/picnn_mtlsh_state_dict_best.pt
Epoch 096 | train_loss=7.2587e-02 | train_eval_loss=7.0619e-02 | val_loss=7.0190e-02 | | lr=1.00e-03
Saved best model to results/thesis_model_results/outputs/seed_robustness_shortlist/PICNN_MTLSH__mse__minmax__seed21/picnn_mtlsh_state_dict_best.pt
Epoch 097 | train_loss=6.8913e-02 | train_eval_loss=6.7200e-02 | val_loss=6.6772e-02 | | lr=1.00e-03
Saved best model to results/thesis_model_results/outputs/seed_robustness_shortlist/PICNN_MTLSH__mse__minmax__seed21/picnn_mtlsh_state_dict_best.pt
Epoch 098 | train_loss=6.5744e-02 | train_eval_loss=6.4276e-02 | val_loss=6.3849e-02 | | lr=1.00e-03
Saved best model to results/thesis_model_results/outputs/seed_robustness_shortlist/PICNN_MTLSH__mse__minmax__seed21/picnn_mtlsh_state_dict_best.pt
Epoch 099 | train_loss=6.3000e-02 | train_eval_loss=6.1722e-02 | val_loss=6.1297e-02 | | lr=1.00e-03
Saved best model to results/thesis_model_results/outputs/seed_robustness_shortlist/PICNN_MTLSH__mse__minmax__seed21/picnn_mtlsh_state_dict_best.pt
Epoch 100 | train_loss=6.0614e-02 | train_eval_loss=5.9500e-02 | val_loss=5.9078e-02 | | lr=1.00e-03
Saved best model to results/thesis_model_results/outputs/seed_robustness_shortlist/PICNN_MTLSH__mse__minmax__seed21/picnn_mtlsh_state_dict_best.pt
Epoch 101 | train_loss=5.8529e-02 | train_eval_loss=5.7545e-02 | val_loss=5.7126e-02 | | lr=1.00e-03
Saved best model to results/thesis_model_results/outputs/seed_robustness_shortlist/PICNN_MTLSH__mse__minmax__seed21/picnn_mtlsh_state_dict_best.pt
Epoch 102 | train_loss=5.6693e-02 | train_eval_loss=5.5830e-02 | val_loss=5.5414e-02 | | lr=1.00e-03
Saved best model to results/thesis_model_results/outputs/seed_robustness_shortlist/PICNN_MTLSH__mse__minmax__seed21/picnn_mtlsh_state_dict_best.pt
Epoch 103 | train_loss=5.5063e-02 | train_eval_loss=5.4291e-02 | val_loss=5.3880e-02 | | lr=1.00e-03
Saved best model to results/thesis_model_results/outputs/seed_robustness_shortlist/PICNN_MTLSH__mse__minmax__seed21/picnn_mtlsh_state_dict_best.pt
Epoch 104 | train_loss=5.3604e-02 | train_eval_loss=5.2909e-02 | val_loss=5.2502e-02 | | lr=1.00e-03
Saved best model to results/thesis_model_results/outputs/seed_robustness_shortlist/PICNN_MTLSH__mse__minmax__seed21/picnn_mtlsh_state_dict_best.pt
Epoch 105 | train_loss=5.2286e-02 | train_eval_loss=5.1655e-02 | val_loss=5.1252e-02 | | lr=1.00e-03
Saved best model to results/thesis_model_results/outputs/seed_robustness_shortlist/PICNN_MTLSH__mse__minmax__seed21/picnn_mtlsh_state_dict_best.pt
Epoch 106 | train_loss=5.1085e-02 | train_eval_loss=5.0504e-02 | val_loss=5.0105e-02 | | lr=1.00e-03
Saved best model to results/thesis_model_results/outputs/seed_robustness_shortlist/PICNN_MTLSH__mse__minmax__seed21/picnn_mtlsh_state_dict_best.pt
Epoch 107 | train_loss=4.9982e-02 | train_eval_loss=4.9447e-02 | val_loss=4.9053e-02 | | lr=1.00e-03
Saved best model to results/thesis_model_results/outputs/seed_robustness_shortlist/PICNN_MTLSH__mse__minmax__seed21/picnn_mtlsh_state_dict_best.pt
Epoch 108 | train_loss=4.8960e-02 | train_eval_loss=4.8460e-02 | val_loss=4.8071e-02 | | lr=1.00e-03
Saved best model to results/thesis_model_results/outputs/seed_robustness_shortlist/PICNN_MTLSH__mse__minmax__seed21/picnn_mtlsh_state_dict_best.pt
Epoch 109 | train_loss=4.8009e-02 | train_eval_loss=4.7541e-02 | val_loss=4.7157e-02 | | lr=1.00e-03
Saved best model to results/thesis_model_results/outputs/seed_robustness_shortlist/PICNN_MTLSH__mse__minmax__seed21/picnn_mtlsh_state_dict_best.pt
Epoch 110 | train_loss=4.7116e-02 | train_eval_loss=4.6678e-02 | val_loss=4.6299e-02 | | lr=1.00e-03
Saved best model to results/thesis_model_results/outputs/seed_robustness_shortlist/PICNN_MTLSH__mse__minmax__seed21/picnn_mtlsh_state_dict_best.pt
Epoch 111 | train_loss=4.6277e-02 | train_eval_loss=4.5864e-02 | val_loss=4.5489e-02 | | lr=1.00e-03
Saved best model to results/thesis_model_results/outputs/seed_robustness_shortlist/PICNN_MTLSH__mse__minmax__seed21/picnn_mtlsh_state_dict_best.pt
Epoch 112 | train_loss=4.5483e-02 | train_eval_loss=4.5092e-02 | val_loss=4.4721e-02 | | lr=1.00e-03
Saved best model to results/thesis_model_results/outputs/seed_robustness_shortlist/PICNN_MTLSH__mse__minmax__seed21/picnn_mtlsh_state_dict_best.pt
Epoch 113 | train_loss=4.4732e-02 | train_eval_loss=4.4360e-02 | val_loss=4.3994e-02 | | lr=1.00e-03
Saved best model to results/thesis_model_results/outputs/seed_robustness_shortlist/PICNN_MTLSH__mse__minmax__seed21/picnn_mtlsh_state_dict_best.pt
Epoch 114 | train_loss=4.4021e-02 | train_eval_loss=4.3670e-02 | val_loss=4.3308e-02 | | lr=1.00e-03
Saved best model to results/thesis_model_results/outputs/seed_robustness_shortlist/PICNN_MTLSH__mse__minmax__seed21/picnn_mtlsh_state_dict_best.pt
Epoch 115 | train_loss=4.3346e-02 | train_eval_loss=4.3013e-02 | val_loss=4.2655e-02 | | lr=1.00e-03
Saved best model to results/thesis_model_results/outputs/seed_robustness_shortlist/PICNN_MTLSH__mse__minmax__seed21/picnn_mtlsh_state_dict_best.pt
Epoch 116 | train_loss=4.2707e-02 | train_eval_loss=4.2390e-02 | val_loss=4.2035e-02 | | lr=1.00e-03
Saved best model to results/thesis_model_results/outputs/seed_robustness_shortlist/PICNN_MTLSH__mse__minmax__seed21/picnn_mtlsh_state_dict_best.pt
Epoch 117 | train_loss=4.2102e-02 | train_eval_loss=4.1802e-02 | val_loss=4.1452e-02 | | lr=1.00e-03
Saved best model to results/thesis_model_results/outputs/seed_robustness_shortlist/PICNN_MTLSH__mse__minmax__seed21/picnn_mtlsh_state_dict_best.pt
Epoch 118 | train_loss=4.1529e-02 | train_eval_loss=4.1245e-02 | val_loss=4.0898e-02 | | lr=1.00e-03
Saved best model to results/thesis_model_results/outputs/seed_robustness_shortlist/PICNN_MTLSH__mse__minmax__seed21/picnn_mtlsh_state_dict_best.pt
Epoch 119 | train_loss=4.0987e-02 | train_eval_loss=4.0721e-02 | val_loss=4.0377e-02 | | lr=1.00e-03
Saved best model to results/thesis_model_results/outputs/seed_robustness_shortlist/PICNN_MTLSH__mse__minmax__seed21/picnn_mtlsh_state_dict_best.pt
Epoch 120 | train_loss=4.0476e-02 | train_eval_loss=4.0223e-02 | val_loss=3.9882e-02 | | lr=1.00e-03
Saved best model to results/thesis_model_results/outputs/seed_robustness_shortlist/PICNN_MTLSH__mse__minmax__seed21/picnn_mtlsh_state_dict_best.pt
Epoch 121 | train_loss=3.9994e-02 | train_eval_loss=3.9757e-02 | val_loss=3.9419e-02 | | lr=1.00e-03
Saved best model to results/thesis_model_results/outputs/seed_robustness_shortlist/PICNN_MTLSH__mse__minmax__seed21/picnn_mtlsh_state_dict_best.pt
Epoch 122 | train_loss=3.9538e-02 | train_eval_loss=3.9313e-02 | val_loss=3.8977e-02 | | lr=1.00e-03
Saved best model to results/thesis_model_results/outputs/seed_robustness_shortlist/PICNN_MTLSH__mse__minmax__seed21/picnn_mtlsh_state_dict_best.pt
Epoch 123 | train_loss=3.9109e-02 | train_eval_loss=3.8899e-02 | val_loss=3.8565e-02 | | lr=1.00e-03
Saved best model to results/thesis_model_results/outputs/seed_robustness_shortlist/PICNN_MTLSH__mse__minmax__seed21/picnn_mtlsh_state_dict_best.pt
Epoch 124 | train_loss=3.8707e-02 | train_eval_loss=3.8509e-02 | val_loss=3.8178e-02 | | lr=1.00e-03
Saved best model to results/thesis_model_results/outputs/seed_robustness_shortlist/PICNN_MTLSH__mse__minmax__seed21/picnn_mtlsh_state_dict_best.pt
Epoch 125 | train_loss=3.8328e-02 | train_eval_loss=3.8141e-02 | val_loss=3.7812e-02 | | lr=1.00e-03
Saved best model to results/thesis_model_results/outputs/seed_robustness_shortlist/PICNN_MTLSH__mse__minmax__seed21/picnn_mtlsh_state_dict_best.pt
Epoch 126 | train_loss=3.7973e-02 | train_eval_loss=3.7799e-02 | val_loss=3.7471e-02 | | lr=1.00e-03
Saved best model to results/thesis_model_results/outputs/seed_robustness_shortlist/PICNN_MTLSH__mse__minmax__seed21/picnn_mtlsh_state_dict_best.pt
Epoch 127 | train_loss=3.7640e-02 | train_eval_loss=3.7475e-02 | val_loss=3.7150e-02 | | lr=1.00e-03
Saved best model to results/thesis_model_results/outputs/seed_robustness_shortlist/PICNN_MTLSH__mse__minmax__seed21/picnn_mtlsh_state_dict_best.pt
Epoch 128 | train_loss=3.7326e-02 | train_eval_loss=3.7172e-02 | val_loss=3.6847e-02 | | lr=1.00e-03
Saved best model to results/thesis_model_results/outputs/seed_robustness_shortlist/PICNN_MTLSH__mse__minmax__seed21/picnn_mtlsh_state_dict_best.pt
Epoch 129 | train_loss=3.7031e-02 | train_eval_loss=3.6886e-02 | val_loss=3.6564e-02 | | lr=1.00e-03
Saved best model to results/thesis_model_results/outputs/seed_robustness_shortlist/PICNN_MTLSH__mse__minmax__seed21/picnn_mtlsh_state_dict_best.pt
Epoch 130 | train_loss=3.6754e-02 | train_eval_loss=3.6617e-02 | val_loss=3.6295e-02 | | lr=1.00e-03
Saved best model to results/thesis_model_results/outputs/seed_robustness_shortlist/PICNN_MTLSH__mse__minmax__seed21/picnn_mtlsh_state_dict_best.pt
Epoch 131 | train_loss=3.6491e-02 | train_eval_loss=3.6363e-02 | val_loss=3.6042e-02 | | lr=1.00e-03
Saved best model to results/thesis_model_results/outputs/seed_robustness_shortlist/PICNN_MTLSH__mse__minmax__seed21/picnn_mtlsh_state_dict_best.pt
Epoch 132 | train_loss=3.6245e-02 | train_eval_loss=3.6123e-02 | val_loss=3.5803e-02 | | lr=1.00e-03
Saved best model to results/thesis_model_results/outputs/seed_robustness_shortlist/PICNN_MTLSH__mse__minmax__seed21/picnn_mtlsh_state_dict_best.pt
Epoch 133 | train_loss=3.6011e-02 | train_eval_loss=3.5896e-02 | val_loss=3.5576e-02 | | lr=1.00e-03
Saved best model to results/thesis_model_results/outputs/seed_robustness_shortlist/PICNN_MTLSH__mse__minmax__seed21/picnn_mtlsh_state_dict_best.pt
Epoch 134 | train_loss=3.5790e-02 | train_eval_loss=3.5680e-02 | val_loss=3.5361e-02 | | lr=1.00e-03
Saved best model to results/thesis_model_results/outputs/seed_robustness_shortlist/PICNN_MTLSH__mse__minmax__seed21/picnn_mtlsh_state_dict_best.pt
Epoch 135 | train_loss=3.5579e-02 | train_eval_loss=3.5475e-02 | val_loss=3.5157e-02 | | lr=1.00e-03
Saved best model to results/thesis_model_results/outputs/seed_robustness_shortlist/PICNN_MTLSH__mse__minmax__seed21/picnn_mtlsh_state_dict_best.pt
Epoch 136 | train_loss=3.5379e-02 | train_eval_loss=3.5278e-02 | val_loss=3.4961e-02 | | lr=1.00e-03
Saved best model to results/thesis_model_results/outputs/seed_robustness_shortlist/PICNN_MTLSH__mse__minmax__seed21/picnn_mtlsh_state_dict_best.pt
Epoch 137 | train_loss=3.5186e-02 | train_eval_loss=3.5089e-02 | val_loss=3.4772e-02 | | lr=1.00e-03
Saved best model to results/thesis_model_results/outputs/seed_robustness_shortlist/PICNN_MTLSH__mse__minmax__seed21/picnn_mtlsh_state_dict_best.pt
Epoch 138 | train_loss=3.5001e-02 | train_eval_loss=3.4908e-02 | val_loss=3.4591e-02 | | lr=1.00e-03
Saved best model to results/thesis_model_results/outputs/seed_robustness_shortlist/PICNN_MTLSH__mse__minmax__seed21/picnn_mtlsh_state_dict_best.pt
Epoch 139 | train_loss=3.4822e-02 | train_eval_loss=3.4731e-02 | val_loss=3.4415e-02 | | lr=1.00e-03
Saved best model to results/thesis_model_results/outputs/seed_robustness_shortlist/PICNN_MTLSH__mse__minmax__seed21/picnn_mtlsh_state_dict_best.pt
Epoch 140 | train_loss=3.4648e-02 | train_eval_loss=3.4561e-02 | val_loss=3.4245e-02 | | lr=1.00e-03
Saved best model to results/thesis_model_results/outputs/seed_robustness_shortlist/PICNN_MTLSH__mse__minmax__seed21/picnn_mtlsh_state_dict_best.pt
Epoch 141 | train_loss=3.4480e-02 | train_eval_loss=3.4394e-02 | val_loss=3.4078e-02 | | lr=1.00e-03
Saved best model to results/thesis_model_results/outputs/seed_robustness_shortlist/PICNN_MTLSH__mse__minmax__seed21/picnn_mtlsh_state_dict_best.pt
Epoch 142 | train_loss=3.4316e-02 | train_eval_loss=3.4232e-02 | val_loss=3.3916e-02 | | lr=1.00e-03
Saved best model to results/thesis_model_results/outputs/seed_robustness_shortlist/PICNN_MTLSH__mse__minmax__seed21/picnn_mtlsh_state_dict_best.pt
Epoch 143 | train_loss=3.4155e-02 | train_eval_loss=3.4073e-02 | val_loss=3.3757e-02 | | lr=1.00e-03
Saved best model to results/thesis_model_results/outputs/seed_robustness_shortlist/PICNN_MTLSH__mse__minmax__seed21/picnn_mtlsh_state_dict_best.pt
Epoch 144 | train_loss=3.3997e-02 | train_eval_loss=3.3916e-02 | val_loss=3.3601e-02 | | lr=1.00e-03
Saved best model to results/thesis_model_results/outputs/seed_robustness_shortlist/PICNN_MTLSH__mse__minmax__seed21/picnn_mtlsh_state_dict_best.pt
Epoch 145 | train_loss=3.3842e-02 | train_eval_loss=3.3762e-02 | val_loss=3.3447e-02 | | lr=1.00e-03
Saved best model to results/thesis_model_results/outputs/seed_robustness_shortlist/PICNN_MTLSH__mse__minmax__seed21/picnn_mtlsh_state_dict_best.pt
Epoch 146 | train_loss=3.3688e-02 | train_eval_loss=3.3610e-02 | val_loss=3.3295e-02 | | lr=1.00e-03
Saved best model to results/thesis_model_results/outputs/seed_robustness_shortlist/PICNN_MTLSH__mse__minmax__seed21/picnn_mtlsh_state_dict_best.pt
Epoch 147 | train_loss=3.3537e-02 | train_eval_loss=3.3459e-02 | val_loss=3.3144e-02 | | lr=1.00e-03
Saved best model to results/thesis_model_results/outputs/seed_robustness_shortlist/PICNN_MTLSH__mse__minmax__seed21/picnn_mtlsh_state_dict_best.pt
Epoch 148 | train_loss=3.3386e-02 | train_eval_loss=3.3309e-02 | val_loss=3.2995e-02 | | lr=1.00e-03
Saved best model to results/thesis_model_results/outputs/seed_robustness_shortlist/PICNN_MTLSH__mse__minmax__seed21/picnn_mtlsh_state_dict_best.pt
Epoch 149 | train_loss=3.3237e-02 | train_eval_loss=3.3161e-02 | val_loss=3.2848e-02 | | lr=1.00e-03
Saved best model to results/thesis_model_results/outputs/seed_robustness_shortlist/PICNN_MTLSH__mse__minmax__seed21/picnn_mtlsh_state_dict_best.pt
Epoch 150 | train_loss=3.3089e-02 | train_eval_loss=3.3013e-02 | val_loss=3.2700e-02 | | lr=1.00e-03
Saved best model to results/thesis_model_results/outputs/seed_robustness_shortlist/PICNN_MTLSH__mse__minmax__seed21/picnn_mtlsh_state_dict_best.pt
Epoch 151 | train_loss=3.2942e-02 | train_eval_loss=3.2866e-02 | val_loss=3.2554e-02 | | lr=1.00e-03
Saved best model to results/thesis_model_results/outputs/seed_robustness_shortlist/PICNN_MTLSH__mse__minmax__seed21/picnn_mtlsh_state_dict_best.pt
Epoch 152 | train_loss=3.2796e-02 | train_eval_loss=3.2720e-02 | val_loss=3.2408e-02 | | lr=1.00e-03
Saved best model to results/thesis_model_results/outputs/seed_robustness_shortlist/PICNN_MTLSH__mse__minmax__seed21/picnn_mtlsh_state_dict_best.pt
Epoch 153 | train_loss=3.2650e-02 | train_eval_loss=3.2575e-02 | val_loss=3.2263e-02 | | lr=1.00e-03
Saved best model to results/thesis_model_results/outputs/seed_robustness_shortlist/PICNN_MTLSH__mse__minmax__seed21/picnn_mtlsh_state_dict_best.pt
Epoch 154 | train_loss=3.2505e-02 | train_eval_loss=3.2431e-02 | val_loss=3.2120e-02 | | lr=1.00e-03
Saved best model to results/thesis_model_results/outputs/seed_robustness_shortlist/PICNN_MTLSH__mse__minmax__seed21/picnn_mtlsh_state_dict_best.pt
Epoch 155 | train_loss=3.2360e-02 | train_eval_loss=3.2286e-02 | val_loss=3.1975e-02 | | lr=1.00e-03
Saved best model to results/thesis_model_results/outputs/seed_robustness_shortlist/PICNN_MTLSH__mse__minmax__seed21/picnn_mtlsh_state_dict_best.pt
Epoch 156 | train_loss=3.2216e-02 | train_eval_loss=3.2142e-02 | val_loss=3.1832e-02 | | lr=1.00e-03
Saved best model to results/thesis_model_results/outputs/seed_robustness_shortlist/PICNN_MTLSH__mse__minmax__seed21/picnn_mtlsh_state_dict_best.pt
Epoch 157 | train_loss=3.2072e-02 | train_eval_loss=3.1998e-02 | val_loss=3.1689e-02 | | lr=1.00e-03
Saved best model to results/thesis_model_results/outputs/seed_robustness_shortlist/PICNN_MTLSH__mse__minmax__seed21/picnn_mtlsh_state_dict_best.pt
Epoch 158 | train_loss=3.1929e-02 | train_eval_loss=3.1855e-02 | val_loss=3.1547e-02 | | lr=1.00e-03
Saved best model to results/thesis_model_results/outputs/seed_robustness_shortlist/PICNN_MTLSH__mse__minmax__seed21/picnn_mtlsh_state_dict_best.pt
Epoch 159 | train_loss=3.1786e-02 | train_eval_loss=3.1712e-02 | val_loss=3.1405e-02 | | lr=1.00e-03
Saved best model to results/thesis_model_results/outputs/seed_robustness_shortlist/PICNN_MTLSH__mse__minmax__seed21/picnn_mtlsh_state_dict_best.pt
Epoch 160 | train_loss=3.1644e-02 | train_eval_loss=3.1570e-02 | val_loss=3.1264e-02 | | lr=1.00e-03
Saved best model to results/thesis_model_results/outputs/seed_robustness_shortlist/PICNN_MTLSH__mse__minmax__seed21/picnn_mtlsh_state_dict_best.pt
Epoch 161 | train_loss=3.1501e-02 | train_eval_loss=3.1427e-02 | val_loss=3.1121e-02 | | lr=1.00e-03
Saved best model to results/thesis_model_results/outputs/seed_robustness_shortlist/PICNN_MTLSH__mse__minmax__seed21/picnn_mtlsh_state_dict_best.pt
Epoch 162 | train_loss=3.1359e-02 | train_eval_loss=3.1284e-02 | val_loss=3.0980e-02 | | lr=1.00e-03
Saved best model to results/thesis_model_results/outputs/seed_robustness_shortlist/PICNN_MTLSH__mse__minmax__seed21/picnn_mtlsh_state_dict_best.pt
Epoch 163 | train_loss=3.1216e-02 | train_eval_loss=3.1142e-02 | val_loss=3.0839e-02 | | lr=1.00e-03
Saved best model to results/thesis_model_results/outputs/seed_robustness_shortlist/PICNN_MTLSH__mse__minmax__seed21/picnn_mtlsh_state_dict_best.pt
Epoch 164 | train_loss=3.1073e-02 | train_eval_loss=3.1000e-02 | val_loss=3.0698e-02 | | lr=1.00e-03
Saved best model to results/thesis_model_results/outputs/seed_robustness_shortlist/PICNN_MTLSH__mse__minmax__seed21/picnn_mtlsh_state_dict_best.pt
Epoch 165 | train_loss=3.0931e-02 | train_eval_loss=3.0857e-02 | val_loss=3.0556e-02 | | lr=1.00e-03
Saved best model to results/thesis_model_results/outputs/seed_robustness_shortlist/PICNN_MTLSH__mse__minmax__seed21/picnn_mtlsh_state_dict_best.pt
Epoch 166 | train_loss=3.0789e-02 | train_eval_loss=3.0714e-02 | val_loss=3.0414e-02 | | lr=1.00e-03
Saved best model to results/thesis_model_results/outputs/seed_robustness_shortlist/PICNN_MTLSH__mse__minmax__seed21/picnn_mtlsh_state_dict_best.pt
Epoch 167 | train_loss=3.0645e-02 | train_eval_loss=3.0570e-02 | val_loss=3.0273e-02 | | lr=1.00e-03
Saved best model to results/thesis_model_results/outputs/seed_robustness_shortlist/PICNN_MTLSH__mse__minmax__seed21/picnn_mtlsh_state_dict_best.pt
Epoch 168 | train_loss=3.0501e-02 | train_eval_loss=3.0426e-02 | val_loss=3.0130e-02 | | lr=1.00e-03
Saved best model to results/thesis_model_results/outputs/seed_robustness_shortlist/PICNN_MTLSH__mse__minmax__seed21/picnn_mtlsh_state_dict_best.pt
Epoch 169 | train_loss=3.0357e-02 | train_eval_loss=3.0282e-02 | val_loss=2.9986e-02 | | lr=1.00e-03
Saved best model to results/thesis_model_results/outputs/seed_robustness_shortlist/PICNN_MTLSH__mse__minmax__seed21/picnn_mtlsh_state_dict_best.pt
Epoch 170 | train_loss=3.0212e-02 | train_eval_loss=3.0137e-02 | val_loss=2.9845e-02 | | lr=1.00e-03
Saved best model to results/thesis_model_results/outputs/seed_robustness_shortlist/PICNN_MTLSH__mse__minmax__seed21/picnn_mtlsh_state_dict_best.pt
Epoch 171 | train_loss=3.0067e-02 | train_eval_loss=2.9990e-02 | val_loss=2.9700e-02 | | lr=1.00e-03
Saved best model to results/thesis_model_results/outputs/seed_robustness_shortlist/PICNN_MTLSH__mse__minmax__seed21/picnn_mtlsh_state_dict_best.pt
Epoch 172 | train_loss=2.9919e-02 | train_eval_loss=2.9843e-02 | val_loss=2.9554e-02 | | lr=1.00e-03
Saved best model to results/thesis_model_results/outputs/seed_robustness_shortlist/PICNN_MTLSH__mse__minmax__seed21/picnn_mtlsh_state_dict_best.pt
Epoch 173 | train_loss=2.9771e-02 | train_eval_loss=2.9693e-02 | val_loss=2.9407e-02 | | lr=1.00e-03
Saved best model to results/thesis_model_results/outputs/seed_robustness_shortlist/PICNN_MTLSH__mse__minmax__seed21/picnn_mtlsh_state_dict_best.pt
Epoch 174 | train_loss=2.9622e-02 | train_eval_loss=2.9543e-02 | val_loss=2.9259e-02 | | lr=1.00e-03
Saved best model to results/thesis_model_results/outputs/seed_robustness_shortlist/PICNN_MTLSH__mse__minmax__seed21/picnn_mtlsh_state_dict_best.pt
Epoch 175 | train_loss=2.9471e-02 | train_eval_loss=2.9391e-02 | val_loss=2.9109e-02 | | lr=1.00e-03
Saved best model to results/thesis_model_results/outputs/seed_robustness_shortlist/PICNN_MTLSH__mse__minmax__seed21/picnn_mtlsh_state_dict_best.pt
Epoch 176 | train_loss=2.9318e-02 | train_eval_loss=2.9238e-02 | val_loss=2.8959e-02 | | lr=1.00e-03
Saved best model to results/thesis_model_results/outputs/seed_robustness_shortlist/PICNN_MTLSH__mse__minmax__seed21/picnn_mtlsh_state_dict_best.pt
Epoch 177 | train_loss=2.9164e-02 | train_eval_loss=2.9082e-02 | val_loss=2.8804e-02 | | lr=1.00e-03
Saved best model to results/thesis_model_results/outputs/seed_robustness_shortlist/PICNN_MTLSH__mse__minmax__seed21/picnn_mtlsh_state_dict_best.pt
Epoch 178 | train_loss=2.9007e-02 | train_eval_loss=2.8924e-02 | val_loss=2.8650e-02 | | lr=1.00e-03
Saved best model to results/thesis_model_results/outputs/seed_robustness_shortlist/PICNN_MTLSH__mse__minmax__seed21/picnn_mtlsh_state_dict_best.pt
Epoch 179 | train_loss=2.8848e-02 | train_eval_loss=2.8763e-02 | val_loss=2.8491e-02 | | lr=1.00e-03
Saved best model to results/thesis_model_results/outputs/seed_robustness_shortlist/PICNN_MTLSH__mse__minmax__seed21/picnn_mtlsh_state_dict_best.pt
Epoch 180 | train_loss=2.8686e-02 | train_eval_loss=2.8601e-02 | val_loss=2.8333e-02 | | lr=1.00e-03
Saved best model to results/thesis_model_results/outputs/seed_robustness_shortlist/PICNN_MTLSH__mse__minmax__seed21/picnn_mtlsh_state_dict_best.pt
Epoch 181 | train_loss=2.8522e-02 | train_eval_loss=2.8435e-02 | val_loss=2.8169e-02 | | lr=1.00e-03
Saved best model to results/thesis_model_results/outputs/seed_robustness_shortlist/PICNN_MTLSH__mse__minmax__seed21/picnn_mtlsh_state_dict_best.pt
Epoch 182 | train_loss=2.8356e-02 | train_eval_loss=2.8267e-02 | val_loss=2.8004e-02 | | lr=1.00e-03
Saved best model to results/thesis_model_results/outputs/seed_robustness_shortlist/PICNN_MTLSH__mse__minmax__seed21/picnn_mtlsh_state_dict_best.pt
Epoch 183 | train_loss=2.8186e-02 | train_eval_loss=2.8097e-02 | val_loss=2.7838e-02 | | lr=1.00e-03
Saved best model to results/thesis_model_results/outputs/seed_robustness_shortlist/PICNN_MTLSH__mse__minmax__seed21/picnn_mtlsh_state_dict_best.pt
Epoch 184 | train_loss=2.8013e-02 | train_eval_loss=2.7922e-02 | val_loss=2.7665e-02 | | lr=1.00e-03
Saved best model to results/thesis_model_results/outputs/seed_robustness_shortlist/PICNN_MTLSH__mse__minmax__seed21/picnn_mtlsh_state_dict_best.pt
Epoch 185 | train_loss=2.7838e-02 | train_eval_loss=2.7746e-02 | val_loss=2.7494e-02 | | lr=1.00e-03
Saved best model to results/thesis_model_results/outputs/seed_robustness_shortlist/PICNN_MTLSH__mse__minmax__seed21/picnn_mtlsh_state_dict_best.pt
Epoch 186 | train_loss=2.7659e-02 | train_eval_loss=2.7565e-02 | val_loss=2.7315e-02 | | lr=1.00e-03
Saved best model to results/thesis_model_results/outputs/seed_robustness_shortlist/PICNN_MTLSH__mse__minmax__seed21/picnn_mtlsh_state_dict_best.pt
Epoch 187 | train_loss=2.7478e-02 | train_eval_loss=2.7381e-02 | val_loss=2.7136e-02 | | lr=1.00e-03
Saved best model to results/thesis_model_results/outputs/seed_robustness_shortlist/PICNN_MTLSH__mse__minmax__seed21/picnn_mtlsh_state_dict_best.pt
Epoch 188 | train_loss=2.7293e-02 | train_eval_loss=2.7194e-02 | val_loss=2.6951e-02 | | lr=1.00e-03
Saved best model to results/thesis_model_results/outputs/seed_robustness_shortlist/PICNN_MTLSH__mse__minmax__seed21/picnn_mtlsh_state_dict_best.pt
Epoch 189 | train_loss=2.7103e-02 | train_eval_loss=2.7004e-02 | val_loss=2.6767e-02 | | lr=1.00e-03
Saved best model to results/thesis_model_results/outputs/seed_robustness_shortlist/PICNN_MTLSH__mse__minmax__seed21/picnn_mtlsh_state_dict_best.pt
Epoch 190 | train_loss=2.6911e-02 | train_eval_loss=2.6809e-02 | val_loss=2.6573e-02 | | lr=1.00e-03
Saved best model to results/thesis_model_results/outputs/seed_robustness_shortlist/PICNN_MTLSH__mse__minmax__seed21/picnn_mtlsh_state_dict_best.pt
Epoch 191 | train_loss=2.6714e-02 | train_eval_loss=2.6611e-02 | val_loss=2.6380e-02 | | lr=1.00e-03
Saved best model to results/thesis_model_results/outputs/seed_robustness_shortlist/PICNN_MTLSH__mse__minmax__seed21/picnn_mtlsh_state_dict_best.pt
Epoch 192 | train_loss=2.6513e-02 | train_eval_loss=2.6408e-02 | val_loss=2.6180e-02 | | lr=1.00e-03
Saved best model to results/thesis_model_results/outputs/seed_robustness_shortlist/PICNN_MTLSH__mse__minmax__seed21/picnn_mtlsh_state_dict_best.pt
Epoch 193 | train_loss=2.6309e-02 | train_eval_loss=2.6201e-02 | val_loss=2.5979e-02 | | lr=1.00e-03
Saved best model to results/thesis_model_results/outputs/seed_robustness_shortlist/PICNN_MTLSH__mse__minmax__seed21/picnn_mtlsh_state_dict_best.pt
Epoch 194 | train_loss=2.6102e-02 | train_eval_loss=2.5992e-02 | val_loss=2.5773e-02 | | lr=1.00e-03
Saved best model to results/thesis_model_results/outputs/seed_robustness_shortlist/PICNN_MTLSH__mse__minmax__seed21/picnn_mtlsh_state_dict_best.pt
Epoch 195 | train_loss=2.5890e-02 | train_eval_loss=2.5778e-02 | val_loss=2.5562e-02 | | lr=1.00e-03
Saved best model to results/thesis_model_results/outputs/seed_robustness_shortlist/PICNN_MTLSH__mse__minmax__seed21/picnn_mtlsh_state_dict_best.pt
Epoch 196 | train_loss=2.5674e-02 | train_eval_loss=2.5560e-02 | val_loss=2.5349e-02 | | lr=1.00e-03
Saved best model to results/thesis_model_results/outputs/seed_robustness_shortlist/PICNN_MTLSH__mse__minmax__seed21/picnn_mtlsh_state_dict_best.pt
Epoch 197 | train_loss=2.5453e-02 | train_eval_loss=2.5338e-02 | val_loss=2.5131e-02 | | lr=1.00e-03
Saved best model to results/thesis_model_results/outputs/seed_robustness_shortlist/PICNN_MTLSH__mse__minmax__seed21/picnn_mtlsh_state_dict_best.pt
Epoch 198 | train_loss=2.5229e-02 | train_eval_loss=2.5111e-02 | val_loss=2.4909e-02 | | lr=1.00e-03
Saved best model to results/thesis_model_results/outputs/seed_robustness_shortlist/PICNN_MTLSH__mse__minmax__seed21/picnn_mtlsh_state_dict_best.pt
Epoch 199 | train_loss=2.5001e-02 | train_eval_loss=2.4880e-02 | val_loss=2.4683e-02 | | lr=1.00e-03
Saved best model to results/thesis_model_results/outputs/seed_robustness_shortlist/PICNN_MTLSH__mse__minmax__seed21/picnn_mtlsh_state_dict_best.pt
Epoch 200 | train_loss=2.4770e-02 | train_eval_loss=2.4646e-02 | val_loss=2.4451e-02 | | lr=1.00e-03
Saved best model to results/thesis_model_results/outputs/seed_robustness_shortlist/PICNN_MTLSH__mse__minmax__seed21/picnn_mtlsh_state_dict_best.pt
Saved training logs to results/thesis_model_results/outputs/seed_robustness_shortlist/PICNN_MTLSH__mse__minmax__seed21/training_summary.txt
Test RMSE(rocof_COI) = 0.2302 | norm: 0.1747 | real_diff: 0.1822
Test RMSE(dev_COI) = 0.4928 | norm: 0.1827 | real_diff: 0.3900
Test RMSE(Delta_P_IBR_1) = 0.7947 | norm: 0.1255 | real_diff: 0.6399
Test RMSE(Delta_P_IBR_2) = 0.8989 | norm: 0.1251 | real_diff: 0.7096
Test RMSE(Delta_P_IBR_3) = 0.9505 | norm: 0.1669 | real_diff: 0.7581
Test RMSE(Delta_P_IBR_4) = 1.5243 | norm: 0.1575 | real_diff: 1.2199
Saved RMSE results to results/thesis_model_results/outputs/seed_robustness_shortlist/PICNN_MTLSH__mse__minmax__seed21/rmse_results.txt
Saved detailed metrics to results/thesis_model_results/outputs/seed_robustness_shortlist/PICNN_MTLSH__mse__minmax__seed21/metrics_by_target.csv
Saved aggregate metrics to results/thesis_model_results/outputs/seed_robustness_shortlist/PICNN_MTLSH__mse__minmax__seed21/metrics_summary.json
Saved loss curves to results/thesis_model_results/outputs/seed_robustness_shortlist/PICNN_MTLSH__mse__minmax__seed21/loss_curve.png
Saved scatter plot results/thesis_model_results/outputs/seed_robustness_shortlist/PICNN_MTLSH__mse__minmax__seed21/scatter_rocof_COI.png
Saved scatter plot results/thesis_model_results/outputs/seed_robustness_shortlist/PICNN_MTLSH__mse__minmax__seed21/scatter_dev_COI.png
Saved scatter plot results/thesis_model_results/outputs/seed_robustness_shortlist/PICNN_MTLSH__mse__minmax__seed21/scatter_Delta_P_IBR_1.png
Saved scatter plot results/thesis_model_results/outputs/seed_robustness_shortlist/PICNN_MTLSH__mse__minmax__seed21/scatter_Delta_P_IBR_2.png
Saved scatter plot results/thesis_model_results/outputs/seed_robustness_shortlist/PICNN_MTLSH__mse__minmax__seed21/scatter_Delta_P_IBR_3.png
Saved scatter plot results/thesis_model_results/outputs/seed_robustness_shortlist/PICNN_MTLSH__mse__minmax__seed21/scatter_Delta_P_IBR_4.png
Saved model to results/thesis_model_results/outputs/seed_robustness_shortlist/PICNN_MTLSH__mse__minmax__seed21/picnn_mtlsh_state_dict.pt
Loss type: mse | weights=[]
Target stats (scaled):
train mean=[0.549  0.589  0.492  0.4884 0.4785 0.4192]
train std=[0.1365 0.1371 0.1141 0.1063 0.1158 0.1138]
train q05=[0.3074 0.3979 0.3192 0.303  0.3347 0.2205]
train q95=[0.7933 0.8652 0.6719 0.6491 0.6927 0.6016]
val mean=[0.5473 0.5873 0.4922 0.4893 0.4798 0.4201]
val std=[0.1343 0.1348 0.1123 0.1072 0.1141 0.1112]
val q05=[0.3103 0.3982 0.3195 0.303  0.3376 0.2251]
val q95=[0.7886 0.8626 0.6731 0.6514 0.6918 0.5984]
val/train std ratio=[0.984  0.9828 0.9844 1.0084 0.9848 0.9772]
LR scheduler: ReduceLROnPlateau (factor=0.5, patience=8, min_lr=1e-07)
Epoch 001 | train_loss=2.2294e+08 | train_eval_loss=6.9569e+00 | val_loss=6.9550e+00 | | lr=1.00e-03
Saved best model to results/thesis_model_results/outputs/seed_robustness_shortlist/PICNN_MTLSH__mse__minmax__seed42/picnn_mtlsh_state_dict_best.pt
Epoch 002 | train_loss=6.9582e+00 | train_eval_loss=6.9487e+00 | val_loss=6.9468e+00 | | lr=1.00e-03
Saved best model to results/thesis_model_results/outputs/seed_robustness_shortlist/PICNN_MTLSH__mse__minmax__seed42/picnn_mtlsh_state_dict_best.pt
Epoch 003 | train_loss=6.9356e+00 | train_eval_loss=6.9208e+00 | val_loss=6.9189e+00 | | lr=1.00e-03
Saved best model to results/thesis_model_results/outputs/seed_robustness_shortlist/PICNN_MTLSH__mse__minmax__seed42/picnn_mtlsh_state_dict_best.pt
Epoch 004 | train_loss=6.9049e+00 | train_eval_loss=6.8873e+00 | val_loss=6.8854e+00 | | lr=1.00e-03
Saved best model to results/thesis_model_results/outputs/seed_robustness_shortlist/PICNN_MTLSH__mse__minmax__seed42/picnn_mtlsh_state_dict_best.pt
Epoch 005 | train_loss=6.8689e+00 | train_eval_loss=6.8489e+00 | val_loss=6.8470e+00 | | lr=1.00e-03
Saved best model to results/thesis_model_results/outputs/seed_robustness_shortlist/PICNN_MTLSH__mse__minmax__seed42/picnn_mtlsh_state_dict_best.pt
Epoch 006 | train_loss=6.8282e+00 | train_eval_loss=6.8058e+00 | val_loss=6.8040e+00 | | lr=1.00e-03
Saved best model to results/thesis_model_results/outputs/seed_robustness_shortlist/PICNN_MTLSH__mse__minmax__seed42/picnn_mtlsh_state_dict_best.pt
Epoch 007 | train_loss=6.7831e+00 | train_eval_loss=6.7585e+00 | val_loss=6.7566e+00 | | lr=1.00e-03
Saved best model to results/thesis_model_results/outputs/seed_robustness_shortlist/PICNN_MTLSH__mse__minmax__seed42/picnn_mtlsh_state_dict_best.pt
Epoch 008 | train_loss=6.7338e+00 | train_eval_loss=6.7071e+00 | val_loss=6.7053e+00 | | lr=1.00e-03
Saved best model to results/thesis_model_results/outputs/seed_robustness_shortlist/PICNN_MTLSH__mse__minmax__seed42/picnn_mtlsh_state_dict_best.pt
Epoch 009 | train_loss=6.6805e+00 | train_eval_loss=6.6518e+00 | val_loss=6.6499e+00 | | lr=1.00e-03
Saved best model to results/thesis_model_results/outputs/seed_robustness_shortlist/PICNN_MTLSH__mse__minmax__seed42/picnn_mtlsh_state_dict_best.pt
Epoch 010 | train_loss=6.6233e+00 | train_eval_loss=6.5928e+00 | val_loss=6.5909e+00 | | lr=1.00e-03
Saved best model to results/thesis_model_results/outputs/seed_robustness_shortlist/PICNN_MTLSH__mse__minmax__seed42/picnn_mtlsh_state_dict_best.pt
Epoch 011 | train_loss=6.5625e+00 | train_eval_loss=6.5301e+00 | val_loss=6.5282e+00 | | lr=1.00e-03
Saved best model to results/thesis_model_results/outputs/seed_robustness_shortlist/PICNN_MTLSH__mse__minmax__seed42/picnn_mtlsh_state_dict_best.pt
Epoch 012 | train_loss=6.4981e+00 | train_eval_loss=6.4639e+00 | val_loss=6.4619e+00 | | lr=1.00e-03
Saved best model to results/thesis_model_results/outputs/seed_robustness_shortlist/PICNN_MTLSH__mse__minmax__seed42/picnn_mtlsh_state_dict_best.pt
Epoch 013 | train_loss=6.4301e+00 | train_eval_loss=6.3942e+00 | val_loss=6.3923e+00 | | lr=1.00e-03
Saved best model to results/thesis_model_results/outputs/seed_robustness_shortlist/PICNN_MTLSH__mse__minmax__seed42/picnn_mtlsh_state_dict_best.pt
Epoch 014 | train_loss=6.3588e+00 | train_eval_loss=6.3212e+00 | val_loss=6.3192e+00 | | lr=1.00e-03
Saved best model to results/thesis_model_results/outputs/seed_robustness_shortlist/PICNN_MTLSH__mse__minmax__seed42/picnn_mtlsh_state_dict_best.pt
Epoch 015 | train_loss=6.2842e+00 | train_eval_loss=6.2449e+00 | val_loss=6.2430e+00 | | lr=1.00e-03
Saved best model to results/thesis_model_results/outputs/seed_robustness_shortlist/PICNN_MTLSH__mse__minmax__seed42/picnn_mtlsh_state_dict_best.pt
Epoch 016 | train_loss=6.2064e+00 | train_eval_loss=6.1655e+00 | val_loss=6.1635e+00 | | lr=1.00e-03
Saved best model to results/thesis_model_results/outputs/seed_robustness_shortlist/PICNN_MTLSH__mse__minmax__seed42/picnn_mtlsh_state_dict_best.pt
Epoch 017 | train_loss=6.1254e+00 | train_eval_loss=6.0829e+00 | val_loss=6.0809e+00 | | lr=1.00e-03
Saved best model to results/thesis_model_results/outputs/seed_robustness_shortlist/PICNN_MTLSH__mse__minmax__seed42/picnn_mtlsh_state_dict_best.pt
Epoch 018 | train_loss=6.0414e+00 | train_eval_loss=5.9973e+00 | val_loss=5.9953e+00 | | lr=1.00e-03
Saved best model to results/thesis_model_results/outputs/seed_robustness_shortlist/PICNN_MTLSH__mse__minmax__seed42/picnn_mtlsh_state_dict_best.pt
Epoch 019 | train_loss=5.9543e+00 | train_eval_loss=5.9087e+00 | val_loss=5.9068e+00 | | lr=1.00e-03
Saved best model to results/thesis_model_results/outputs/seed_robustness_shortlist/PICNN_MTLSH__mse__minmax__seed42/picnn_mtlsh_state_dict_best.pt
Epoch 020 | train_loss=5.8644e+00 | train_eval_loss=5.8173e+00 | val_loss=5.8153e+00 | | lr=1.00e-03
Saved best model to results/thesis_model_results/outputs/seed_robustness_shortlist/PICNN_MTLSH__mse__minmax__seed42/picnn_mtlsh_state_dict_best.pt
Epoch 021 | train_loss=5.7716e+00 | train_eval_loss=5.7232e+00 | val_loss=5.7212e+00 | | lr=1.00e-03
Saved best model to results/thesis_model_results/outputs/seed_robustness_shortlist/PICNN_MTLSH__mse__minmax__seed42/picnn_mtlsh_state_dict_best.pt
Epoch 022 | train_loss=5.6761e+00 | train_eval_loss=5.6262e+00 | val_loss=5.6242e+00 | | lr=1.00e-03
Saved best model to results/thesis_model_results/outputs/seed_robustness_shortlist/PICNN_MTLSH__mse__minmax__seed42/picnn_mtlsh_state_dict_best.pt
Epoch 023 | train_loss=5.5779e+00 | train_eval_loss=5.5268e+00 | val_loss=5.5248e+00 | | lr=1.00e-03
Saved best model to results/thesis_model_results/outputs/seed_robustness_shortlist/PICNN_MTLSH__mse__minmax__seed42/picnn_mtlsh_state_dict_best.pt
Epoch 024 | train_loss=5.4772e+00 | train_eval_loss=5.4248e+00 | val_loss=5.4228e+00 | | lr=1.00e-03
Saved best model to results/thesis_model_results/outputs/seed_robustness_shortlist/PICNN_MTLSH__mse__minmax__seed42/picnn_mtlsh_state_dict_best.pt
Epoch 025 | train_loss=5.3740e+00 | train_eval_loss=5.3204e+00 | val_loss=5.3183e+00 | | lr=1.00e-03
Saved best model to results/thesis_model_results/outputs/seed_robustness_shortlist/PICNN_MTLSH__mse__minmax__seed42/picnn_mtlsh_state_dict_best.pt
Epoch 026 | train_loss=5.2685e+00 | train_eval_loss=5.2137e+00 | val_loss=5.2116e+00 | | lr=1.00e-03
Saved best model to results/thesis_model_results/outputs/seed_robustness_shortlist/PICNN_MTLSH__mse__minmax__seed42/picnn_mtlsh_state_dict_best.pt
Epoch 027 | train_loss=5.1607e+00 | train_eval_loss=5.1047e+00 | val_loss=5.1026e+00 | | lr=1.00e-03
Saved best model to results/thesis_model_results/outputs/seed_robustness_shortlist/PICNN_MTLSH__mse__minmax__seed42/picnn_mtlsh_state_dict_best.pt
Epoch 028 | train_loss=5.0507e+00 | train_eval_loss=4.9937e+00 | val_loss=4.9916e+00 | | lr=1.00e-03
Saved best model to results/thesis_model_results/outputs/seed_robustness_shortlist/PICNN_MTLSH__mse__minmax__seed42/picnn_mtlsh_state_dict_best.pt
Epoch 029 | train_loss=4.9387e+00 | train_eval_loss=4.8807e+00 | val_loss=4.8786e+00 | | lr=1.00e-03
Saved best model to results/thesis_model_results/outputs/seed_robustness_shortlist/PICNN_MTLSH__mse__minmax__seed42/picnn_mtlsh_state_dict_best.pt
Epoch 030 | train_loss=4.8248e+00 | train_eval_loss=4.7658e+00 | val_loss=4.7637e+00 | | lr=1.00e-03
Saved best model to results/thesis_model_results/outputs/seed_robustness_shortlist/PICNN_MTLSH__mse__minmax__seed42/picnn_mtlsh_state_dict_best.pt
Epoch 031 | train_loss=4.7090e+00 | train_eval_loss=4.6492e+00 | val_loss=4.6471e+00 | | lr=1.00e-03
Saved best model to results/thesis_model_results/outputs/seed_robustness_shortlist/PICNN_MTLSH__mse__minmax__seed42/picnn_mtlsh_state_dict_best.pt
Epoch 032 | train_loss=4.5917e+00 | train_eval_loss=4.5310e+00 | val_loss=4.5289e+00 | | lr=1.00e-03
Saved best model to results/thesis_model_results/outputs/seed_robustness_shortlist/PICNN_MTLSH__mse__minmax__seed42/picnn_mtlsh_state_dict_best.pt
Epoch 033 | train_loss=4.4727e+00 | train_eval_loss=4.4114e+00 | val_loss=4.4093e+00 | | lr=1.00e-03
Saved best model to results/thesis_model_results/outputs/seed_robustness_shortlist/PICNN_MTLSH__mse__minmax__seed42/picnn_mtlsh_state_dict_best.pt
Epoch 034 | train_loss=4.3525e+00 | train_eval_loss=4.2905e+00 | val_loss=4.2883e+00 | | lr=1.00e-03
Saved best model to results/thesis_model_results/outputs/seed_robustness_shortlist/PICNN_MTLSH__mse__minmax__seed42/picnn_mtlsh_state_dict_best.pt
Epoch 035 | train_loss=4.2310e+00 | train_eval_loss=4.1684e+00 | val_loss=4.1663e+00 | | lr=1.00e-03
Saved best model to results/thesis_model_results/outputs/seed_robustness_shortlist/PICNN_MTLSH__mse__minmax__seed42/picnn_mtlsh_state_dict_best.pt
Epoch 036 | train_loss=4.1084e+00 | train_eval_loss=4.0454e+00 | val_loss=4.0432e+00 | | lr=1.00e-03
Saved best model to results/thesis_model_results/outputs/seed_robustness_shortlist/PICNN_MTLSH__mse__minmax__seed42/picnn_mtlsh_state_dict_best.pt
Epoch 037 | train_loss=3.9850e+00 | train_eval_loss=3.9215e+00 | val_loss=3.9193e+00 | | lr=1.00e-03
Saved best model to results/thesis_model_results/outputs/seed_robustness_shortlist/PICNN_MTLSH__mse__minmax__seed42/picnn_mtlsh_state_dict_best.pt
Epoch 038 | train_loss=3.8608e+00 | train_eval_loss=3.7970e+00 | val_loss=3.7948e+00 | | lr=1.00e-03
Saved best model to results/thesis_model_results/outputs/seed_robustness_shortlist/PICNN_MTLSH__mse__minmax__seed42/picnn_mtlsh_state_dict_best.pt
Epoch 039 | train_loss=3.7360e+00 | train_eval_loss=3.6720e+00 | val_loss=3.6698e+00 | | lr=1.00e-03
Saved best model to results/thesis_model_results/outputs/seed_robustness_shortlist/PICNN_MTLSH__mse__minmax__seed42/picnn_mtlsh_state_dict_best.pt
Epoch 040 | train_loss=3.6109e+00 | train_eval_loss=3.5467e+00 | val_loss=3.5445e+00 | | lr=1.00e-03
Saved best model to results/thesis_model_results/outputs/seed_robustness_shortlist/PICNN_MTLSH__mse__minmax__seed42/picnn_mtlsh_state_dict_best.pt
Epoch 041 | train_loss=3.4856e+00 | train_eval_loss=3.4214e+00 | val_loss=3.4192e+00 | | lr=1.00e-03
Saved best model to results/thesis_model_results/outputs/seed_robustness_shortlist/PICNN_MTLSH__mse__minmax__seed42/picnn_mtlsh_state_dict_best.pt
Epoch 042 | train_loss=3.3602e+00 | train_eval_loss=3.2960e+00 | val_loss=3.2938e+00 | | lr=1.00e-03
Saved best model to results/thesis_model_results/outputs/seed_robustness_shortlist/PICNN_MTLSH__mse__minmax__seed42/picnn_mtlsh_state_dict_best.pt
Epoch 043 | train_loss=3.2350e+00 | train_eval_loss=3.1710e+00 | val_loss=3.1688e+00 | | lr=1.00e-03
Saved best model to results/thesis_model_results/outputs/seed_robustness_shortlist/PICNN_MTLSH__mse__minmax__seed42/picnn_mtlsh_state_dict_best.pt
Epoch 044 | train_loss=3.1101e+00 | train_eval_loss=3.0464e+00 | val_loss=3.0442e+00 | | lr=1.00e-03
Saved best model to results/thesis_model_results/outputs/seed_robustness_shortlist/PICNN_MTLSH__mse__minmax__seed42/picnn_mtlsh_state_dict_best.pt
Epoch 045 | train_loss=2.9858e+00 | train_eval_loss=2.9225e+00 | val_loss=2.9203e+00 | | lr=1.00e-03
Saved best model to results/thesis_model_results/outputs/seed_robustness_shortlist/PICNN_MTLSH__mse__minmax__seed42/picnn_mtlsh_state_dict_best.pt
Epoch 046 | train_loss=2.8623e+00 | train_eval_loss=2.7994e+00 | val_loss=2.7972e+00 | | lr=1.00e-03
Saved best model to results/thesis_model_results/outputs/seed_robustness_shortlist/PICNN_MTLSH__mse__minmax__seed42/picnn_mtlsh_state_dict_best.pt
Epoch 047 | train_loss=2.7397e+00 | train_eval_loss=2.6774e+00 | val_loss=2.6752e+00 | | lr=1.00e-03
Saved best model to results/thesis_model_results/outputs/seed_robustness_shortlist/PICNN_MTLSH__mse__minmax__seed42/picnn_mtlsh_state_dict_best.pt
Epoch 048 | train_loss=2.6183e+00 | train_eval_loss=2.5567e+00 | val_loss=2.5545e+00 | | lr=1.00e-03
Saved best model to results/thesis_model_results/outputs/seed_robustness_shortlist/PICNN_MTLSH__mse__minmax__seed42/picnn_mtlsh_state_dict_best.pt
Epoch 049 | train_loss=2.4984e+00 | train_eval_loss=2.4375e+00 | val_loss=2.4353e+00 | | lr=1.00e-03
Saved best model to results/thesis_model_results/outputs/seed_robustness_shortlist/PICNN_MTLSH__mse__minmax__seed42/picnn_mtlsh_state_dict_best.pt
Epoch 050 | train_loss=2.3799e+00 | train_eval_loss=2.3199e+00 | val_loss=2.3177e+00 | | lr=1.00e-03
Saved best model to results/thesis_model_results/outputs/seed_robustness_shortlist/PICNN_MTLSH__mse__minmax__seed42/picnn_mtlsh_state_dict_best.pt
Epoch 051 | train_loss=2.2632e+00 | train_eval_loss=2.2041e+00 | val_loss=2.2019e+00 | | lr=1.00e-03
Saved best model to results/thesis_model_results/outputs/seed_robustness_shortlist/PICNN_MTLSH__mse__minmax__seed42/picnn_mtlsh_state_dict_best.pt
Epoch 052 | train_loss=2.1485e+00 | train_eval_loss=2.0904e+00 | val_loss=2.0883e+00 | | lr=1.00e-03
Saved best model to results/thesis_model_results/outputs/seed_robustness_shortlist/PICNN_MTLSH__mse__minmax__seed42/picnn_mtlsh_state_dict_best.pt
Epoch 053 | train_loss=2.0359e+00 | train_eval_loss=1.9791e+00 | val_loss=1.9769e+00 | | lr=1.00e-03
Saved best model to results/thesis_model_results/outputs/seed_robustness_shortlist/PICNN_MTLSH__mse__minmax__seed42/picnn_mtlsh_state_dict_best.pt
Epoch 054 | train_loss=1.9256e+00 | train_eval_loss=1.8701e+00 | val_loss=1.8680e+00 | | lr=1.00e-03
Saved best model to results/thesis_model_results/outputs/seed_robustness_shortlist/PICNN_MTLSH__mse__minmax__seed42/picnn_mtlsh_state_dict_best.pt
Epoch 055 | train_loss=1.8179e+00 | train_eval_loss=1.7636e+00 | val_loss=1.7615e+00 | | lr=1.00e-03
Saved best model to results/thesis_model_results/outputs/seed_robustness_shortlist/PICNN_MTLSH__mse__minmax__seed42/picnn_mtlsh_state_dict_best.pt
Epoch 056 | train_loss=1.7128e+00 | train_eval_loss=1.6600e+00 | val_loss=1.6580e+00 | | lr=1.00e-03
Saved best model to results/thesis_model_results/outputs/seed_robustness_shortlist/PICNN_MTLSH__mse__minmax__seed42/picnn_mtlsh_state_dict_best.pt
Epoch 057 | train_loss=1.6106e+00 | train_eval_loss=1.5593e+00 | val_loss=1.5573e+00 | | lr=1.00e-03
Saved best model to results/thesis_model_results/outputs/seed_robustness_shortlist/PICNN_MTLSH__mse__minmax__seed42/picnn_mtlsh_state_dict_best.pt
Epoch 058 | train_loss=1.5114e+00 | train_eval_loss=1.4617e+00 | val_loss=1.4596e+00 | | lr=1.00e-03
Saved best model to results/thesis_model_results/outputs/seed_robustness_shortlist/PICNN_MTLSH__mse__minmax__seed42/picnn_mtlsh_state_dict_best.pt
Epoch 059 | train_loss=1.4153e+00 | train_eval_loss=1.3672e+00 | val_loss=1.3652e+00 | | lr=1.00e-03
Saved best model to results/thesis_model_results/outputs/seed_robustness_shortlist/PICNN_MTLSH__mse__minmax__seed42/picnn_mtlsh_state_dict_best.pt
Epoch 060 | train_loss=1.3224e+00 | train_eval_loss=1.2760e+00 | val_loss=1.2741e+00 | | lr=1.00e-03
Saved best model to results/thesis_model_results/outputs/seed_robustness_shortlist/PICNN_MTLSH__mse__minmax__seed42/picnn_mtlsh_state_dict_best.pt
Epoch 061 | train_loss=1.2329e+00 | train_eval_loss=1.1884e+00 | val_loss=1.1864e+00 | | lr=1.00e-03
Saved best model to results/thesis_model_results/outputs/seed_robustness_shortlist/PICNN_MTLSH__mse__minmax__seed42/picnn_mtlsh_state_dict_best.pt
Epoch 062 | train_loss=1.1470e+00 | train_eval_loss=1.1042e+00 | val_loss=1.1023e+00 | | lr=1.00e-03
Saved best model to results/thesis_model_results/outputs/seed_robustness_shortlist/PICNN_MTLSH__mse__minmax__seed42/picnn_mtlsh_state_dict_best.pt
Epoch 063 | train_loss=1.0645e+00 | train_eval_loss=1.0236e+00 | val_loss=1.0217e+00 | | lr=1.00e-03
Saved best model to results/thesis_model_results/outputs/seed_robustness_shortlist/PICNN_MTLSH__mse__minmax__seed42/picnn_mtlsh_state_dict_best.pt
Epoch 064 | train_loss=9.8575e-01 | train_eval_loss=9.4673e-01 | val_loss=9.4486e-01 | | lr=1.00e-03
Saved best model to results/thesis_model_results/outputs/seed_robustness_shortlist/PICNN_MTLSH__mse__minmax__seed42/picnn_mtlsh_state_dict_best.pt
Epoch 065 | train_loss=9.1064e-01 | train_eval_loss=8.7348e-01 | val_loss=8.7164e-01 | | lr=1.00e-03
Saved best model to results/thesis_model_results/outputs/seed_robustness_shortlist/PICNN_MTLSH__mse__minmax__seed42/picnn_mtlsh_state_dict_best.pt
Epoch 066 | train_loss=8.3927e-01 | train_eval_loss=8.0403e-01 | val_loss=8.0222e-01 | | lr=1.00e-03
Saved best model to results/thesis_model_results/outputs/seed_robustness_shortlist/PICNN_MTLSH__mse__minmax__seed42/picnn_mtlsh_state_dict_best.pt
Epoch 067 | train_loss=7.7165e-01 | train_eval_loss=7.3832e-01 | val_loss=7.3655e-01 | | lr=1.00e-03
Saved best model to results/thesis_model_results/outputs/seed_robustness_shortlist/PICNN_MTLSH__mse__minmax__seed42/picnn_mtlsh_state_dict_best.pt
Epoch 068 | train_loss=7.0778e-01 | train_eval_loss=6.7637e-01 | val_loss=6.7464e-01 | | lr=1.00e-03
Saved best model to results/thesis_model_results/outputs/seed_robustness_shortlist/PICNN_MTLSH__mse__minmax__seed42/picnn_mtlsh_state_dict_best.pt
Epoch 069 | train_loss=6.4765e-01 | train_eval_loss=6.1817e-01 | val_loss=6.1648e-01 | | lr=1.00e-03
Saved best model to results/thesis_model_results/outputs/seed_robustness_shortlist/PICNN_MTLSH__mse__minmax__seed42/picnn_mtlsh_state_dict_best.pt
Epoch 070 | train_loss=5.9123e-01 | train_eval_loss=5.6363e-01 | val_loss=5.6197e-01 | | lr=1.00e-03
Saved best model to results/thesis_model_results/outputs/seed_robustness_shortlist/PICNN_MTLSH__mse__minmax__seed42/picnn_mtlsh_state_dict_best.pt
Epoch 071 | train_loss=5.3848e-01 | train_eval_loss=5.1273e-01 | val_loss=5.1110e-01 | | lr=1.00e-03
Saved best model to results/thesis_model_results/outputs/seed_robustness_shortlist/PICNN_MTLSH__mse__minmax__seed42/picnn_mtlsh_state_dict_best.pt
Epoch 072 | train_loss=4.8934e-01 | train_eval_loss=4.6541e-01 | val_loss=4.6382e-01 | | lr=1.00e-03
Saved best model to results/thesis_model_results/outputs/seed_robustness_shortlist/PICNN_MTLSH__mse__minmax__seed42/picnn_mtlsh_state_dict_best.pt
Epoch 073 | train_loss=4.4372e-01 | train_eval_loss=4.2157e-01 | val_loss=4.2002e-01 | | lr=1.00e-03
Saved best model to results/thesis_model_results/outputs/seed_robustness_shortlist/PICNN_MTLSH__mse__minmax__seed42/picnn_mtlsh_state_dict_best.pt
Epoch 074 | train_loss=4.0154e-01 | train_eval_loss=3.8110e-01 | val_loss=3.7959e-01 | | lr=1.00e-03
Saved best model to results/thesis_model_results/outputs/seed_robustness_shortlist/PICNN_MTLSH__mse__minmax__seed42/picnn_mtlsh_state_dict_best.pt
Epoch 075 | train_loss=3.6267e-01 | train_eval_loss=3.4390e-01 | val_loss=3.4243e-01 | | lr=1.00e-03
Saved best model to results/thesis_model_results/outputs/seed_robustness_shortlist/PICNN_MTLSH__mse__minmax__seed42/picnn_mtlsh_state_dict_best.pt
Epoch 076 | train_loss=3.2701e-01 | train_eval_loss=3.0984e-01 | val_loss=3.0841e-01 | | lr=1.00e-03
Saved best model to results/thesis_model_results/outputs/seed_robustness_shortlist/PICNN_MTLSH__mse__minmax__seed42/picnn_mtlsh_state_dict_best.pt
Epoch 077 | train_loss=2.9443e-01 | train_eval_loss=2.7878e-01 | val_loss=2.7739e-01 | | lr=1.00e-03
Saved best model to results/thesis_model_results/outputs/seed_robustness_shortlist/PICNN_MTLSH__mse__minmax__seed42/picnn_mtlsh_state_dict_best.pt
Epoch 078 | train_loss=2.6478e-01 | train_eval_loss=2.5058e-01 | val_loss=2.4923e-01 | | lr=1.00e-03
Saved best model to results/thesis_model_results/outputs/seed_robustness_shortlist/PICNN_MTLSH__mse__minmax__seed42/picnn_mtlsh_state_dict_best.pt
Epoch 079 | train_loss=2.3792e-01 | train_eval_loss=2.2510e-01 | val_loss=2.2378e-01 | | lr=1.00e-03
Saved best model to results/thesis_model_results/outputs/seed_robustness_shortlist/PICNN_MTLSH__mse__minmax__seed42/picnn_mtlsh_state_dict_best.pt
Epoch 080 | train_loss=2.1370e-01 | train_eval_loss=2.0216e-01 | val_loss=2.0088e-01 | | lr=1.00e-03
Saved best model to results/thesis_model_results/outputs/seed_robustness_shortlist/PICNN_MTLSH__mse__minmax__seed42/picnn_mtlsh_state_dict_best.pt
Epoch 081 | train_loss=1.9195e-01 | train_eval_loss=1.8163e-01 | val_loss=1.8039e-01 | | lr=1.00e-03
Saved best model to results/thesis_model_results/outputs/seed_robustness_shortlist/PICNN_MTLSH__mse__minmax__seed42/picnn_mtlsh_state_dict_best.pt
Epoch 082 | train_loss=1.7251e-01 | train_eval_loss=1.6332e-01 | val_loss=1.6211e-01 | | lr=1.00e-03
Saved best model to results/thesis_model_results/outputs/seed_robustness_shortlist/PICNN_MTLSH__mse__minmax__seed42/picnn_mtlsh_state_dict_best.pt
Epoch 083 | train_loss=1.5522e-01 | train_eval_loss=1.4705e-01 | val_loss=1.4588e-01 | | lr=1.00e-03
Saved best model to results/thesis_model_results/outputs/seed_robustness_shortlist/PICNN_MTLSH__mse__minmax__seed42/picnn_mtlsh_state_dict_best.pt
Epoch 084 | train_loss=1.3990e-01 | train_eval_loss=1.3272e-01 | val_loss=1.3158e-01 | | lr=1.00e-03
Saved best model to results/thesis_model_results/outputs/seed_robustness_shortlist/PICNN_MTLSH__mse__minmax__seed42/picnn_mtlsh_state_dict_best.pt
Epoch 085 | train_loss=1.2641e-01 | train_eval_loss=1.2010e-01 | val_loss=1.1899e-01 | | lr=1.00e-03
Saved best model to results/thesis_model_results/outputs/seed_robustness_shortlist/PICNN_MTLSH__mse__minmax__seed42/picnn_mtlsh_state_dict_best.pt
Epoch 086 | train_loss=1.1458e-01 | train_eval_loss=1.0906e-01 | val_loss=1.0799e-01 | | lr=1.00e-03
Saved best model to results/thesis_model_results/outputs/seed_robustness_shortlist/PICNN_MTLSH__mse__minmax__seed42/picnn_mtlsh_state_dict_best.pt
Epoch 087 | train_loss=1.0425e-01 | train_eval_loss=9.9452e-02 | val_loss=9.8405e-02 | | lr=1.00e-03
Saved best model to results/thesis_model_results/outputs/seed_robustness_shortlist/PICNN_MTLSH__mse__minmax__seed42/picnn_mtlsh_state_dict_best.pt
Epoch 088 | train_loss=9.5280e-02 | train_eval_loss=9.1123e-02 | val_loss=9.0105e-02 | | lr=1.00e-03
Saved best model to results/thesis_model_results/outputs/seed_robustness_shortlist/PICNN_MTLSH__mse__minmax__seed42/picnn_mtlsh_state_dict_best.pt
Epoch 089 | train_loss=8.7522e-02 | train_eval_loss=8.3930e-02 | val_loss=8.2938e-02 | | lr=1.00e-03
Saved best model to results/thesis_model_results/outputs/seed_robustness_shortlist/PICNN_MTLSH__mse__minmax__seed42/picnn_mtlsh_state_dict_best.pt
Epoch 090 | train_loss=8.0836e-02 | train_eval_loss=7.7756e-02 | val_loss=7.6789e-02 | | lr=1.00e-03
Saved best model to results/thesis_model_results/outputs/seed_robustness_shortlist/PICNN_MTLSH__mse__minmax__seed42/picnn_mtlsh_state_dict_best.pt
Epoch 091 | train_loss=7.5104e-02 | train_eval_loss=7.2467e-02 | val_loss=7.1524e-02 | | lr=1.00e-03
Saved best model to results/thesis_model_results/outputs/seed_robustness_shortlist/PICNN_MTLSH__mse__minmax__seed42/picnn_mtlsh_state_dict_best.pt
Epoch 092 | train_loss=7.0199e-02 | train_eval_loss=6.7949e-02 | val_loss=6.7028e-02 | | lr=1.00e-03
Saved best model to results/thesis_model_results/outputs/seed_robustness_shortlist/PICNN_MTLSH__mse__minmax__seed42/picnn_mtlsh_state_dict_best.pt
Epoch 093 | train_loss=6.6020e-02 | train_eval_loss=6.4105e-02 | val_loss=6.3204e-02 | | lr=1.00e-03
Saved best model to results/thesis_model_results/outputs/seed_robustness_shortlist/PICNN_MTLSH__mse__minmax__seed42/picnn_mtlsh_state_dict_best.pt
Epoch 094 | train_loss=6.2463e-02 | train_eval_loss=6.0836e-02 | val_loss=5.9953e-02 | | lr=1.00e-03
Saved best model to results/thesis_model_results/outputs/seed_robustness_shortlist/PICNN_MTLSH__mse__minmax__seed42/picnn_mtlsh_state_dict_best.pt
Epoch 095 | train_loss=5.9444e-02 | train_eval_loss=5.8066e-02 | val_loss=5.7201e-02 | | lr=1.00e-03
Saved best model to results/thesis_model_results/outputs/seed_robustness_shortlist/PICNN_MTLSH__mse__minmax__seed42/picnn_mtlsh_state_dict_best.pt
Epoch 096 | train_loss=5.6877e-02 | train_eval_loss=5.5703e-02 | val_loss=5.4853e-02 | | lr=1.00e-03
Saved best model to results/thesis_model_results/outputs/seed_robustness_shortlist/PICNN_MTLSH__mse__minmax__seed42/picnn_mtlsh_state_dict_best.pt
Epoch 097 | train_loss=5.4697e-02 | train_eval_loss=5.3697e-02 | val_loss=5.2861e-02 | | lr=1.00e-03
Saved best model to results/thesis_model_results/outputs/seed_robustness_shortlist/PICNN_MTLSH__mse__minmax__seed42/picnn_mtlsh_state_dict_best.pt
Epoch 098 | train_loss=5.2840e-02 | train_eval_loss=5.1986e-02 | val_loss=5.1162e-02 | | lr=1.00e-03
Saved best model to results/thesis_model_results/outputs/seed_robustness_shortlist/PICNN_MTLSH__mse__minmax__seed42/picnn_mtlsh_state_dict_best.pt
Epoch 099 | train_loss=5.1249e-02 | train_eval_loss=5.0518e-02 | val_loss=4.9705e-02 | | lr=1.00e-03
Saved best model to results/thesis_model_results/outputs/seed_robustness_shortlist/PICNN_MTLSH__mse__minmax__seed42/picnn_mtlsh_state_dict_best.pt
Epoch 100 | train_loss=4.9881e-02 | train_eval_loss=4.9251e-02 | val_loss=4.8448e-02 | | lr=1.00e-03
Saved best model to results/thesis_model_results/outputs/seed_robustness_shortlist/PICNN_MTLSH__mse__minmax__seed42/picnn_mtlsh_state_dict_best.pt
Epoch 101 | train_loss=4.8695e-02 | train_eval_loss=4.8144e-02 | val_loss=4.7350e-02 | | lr=1.00e-03
Saved best model to results/thesis_model_results/outputs/seed_robustness_shortlist/PICNN_MTLSH__mse__minmax__seed42/picnn_mtlsh_state_dict_best.pt
Epoch 102 | train_loss=4.7657e-02 | train_eval_loss=4.7170e-02 | val_loss=4.6383e-02 | | lr=1.00e-03
Saved best model to results/thesis_model_results/outputs/seed_robustness_shortlist/PICNN_MTLSH__mse__minmax__seed42/picnn_mtlsh_state_dict_best.pt
Epoch 103 | train_loss=4.6742e-02 | train_eval_loss=4.6308e-02 | val_loss=4.5527e-02 | | lr=1.00e-03
Saved best model to results/thesis_model_results/outputs/seed_robustness_shortlist/PICNN_MTLSH__mse__minmax__seed42/picnn_mtlsh_state_dict_best.pt
Epoch 104 | train_loss=4.5927e-02 | train_eval_loss=4.5539e-02 | val_loss=4.4763e-02 | | lr=1.00e-03
Saved best model to results/thesis_model_results/outputs/seed_robustness_shortlist/PICNN_MTLSH__mse__minmax__seed42/picnn_mtlsh_state_dict_best.pt
Epoch 105 | train_loss=4.5193e-02 | train_eval_loss=4.4840e-02 | val_loss=4.4068e-02 | | lr=1.00e-03
Saved best model to results/thesis_model_results/outputs/seed_robustness_shortlist/PICNN_MTLSH__mse__minmax__seed42/picnn_mtlsh_state_dict_best.pt
Epoch 106 | train_loss=4.4525e-02 | train_eval_loss=4.4203e-02 | val_loss=4.3435e-02 | | lr=1.00e-03
Saved best model to results/thesis_model_results/outputs/seed_robustness_shortlist/PICNN_MTLSH__mse__minmax__seed42/picnn_mtlsh_state_dict_best.pt
Epoch 107 | train_loss=4.3910e-02 | train_eval_loss=4.3612e-02 | val_loss=4.2845e-02 | | lr=1.00e-03
Saved best model to results/thesis_model_results/outputs/seed_robustness_shortlist/PICNN_MTLSH__mse__minmax__seed42/picnn_mtlsh_state_dict_best.pt
Epoch 108 | train_loss=4.3341e-02 | train_eval_loss=4.3064e-02 | val_loss=4.2300e-02 | | lr=1.00e-03
Saved best model to results/thesis_model_results/outputs/seed_robustness_shortlist/PICNN_MTLSH__mse__minmax__seed42/picnn_mtlsh_state_dict_best.pt
Epoch 109 | train_loss=4.2812e-02 | train_eval_loss=4.2552e-02 | val_loss=4.1789e-02 | | lr=1.00e-03
Saved best model to results/thesis_model_results/outputs/seed_robustness_shortlist/PICNN_MTLSH__mse__minmax__seed42/picnn_mtlsh_state_dict_best.pt
Epoch 110 | train_loss=4.2315e-02 | train_eval_loss=4.2070e-02 | val_loss=4.1307e-02 | | lr=1.00e-03
Saved best model to results/thesis_model_results/outputs/seed_robustness_shortlist/PICNN_MTLSH__mse__minmax__seed42/picnn_mtlsh_state_dict_best.pt
Epoch 111 | train_loss=4.1847e-02 | train_eval_loss=4.1616e-02 | val_loss=4.0853e-02 | | lr=1.00e-03
Saved best model to results/thesis_model_results/outputs/seed_robustness_shortlist/PICNN_MTLSH__mse__minmax__seed42/picnn_mtlsh_state_dict_best.pt
Epoch 112 | train_loss=4.1405e-02 | train_eval_loss=4.1187e-02 | val_loss=4.0424e-02 | | lr=1.00e-03
Saved best model to results/thesis_model_results/outputs/seed_robustness_shortlist/PICNN_MTLSH__mse__minmax__seed42/picnn_mtlsh_state_dict_best.pt
Epoch 113 | train_loss=4.0988e-02 | train_eval_loss=4.0781e-02 | val_loss=4.0017e-02 | | lr=1.00e-03
Saved best model to results/thesis_model_results/outputs/seed_robustness_shortlist/PICNN_MTLSH__mse__minmax__seed42/picnn_mtlsh_state_dict_best.pt
Epoch 114 | train_loss=4.0592e-02 | train_eval_loss=4.0397e-02 | val_loss=3.9632e-02 | | lr=1.00e-03
Saved best model to results/thesis_model_results/outputs/seed_robustness_shortlist/PICNN_MTLSH__mse__minmax__seed42/picnn_mtlsh_state_dict_best.pt
Epoch 115 | train_loss=4.0218e-02 | train_eval_loss=4.0032e-02 | val_loss=3.9265e-02 | | lr=1.00e-03
Saved best model to results/thesis_model_results/outputs/seed_robustness_shortlist/PICNN_MTLSH__mse__minmax__seed42/picnn_mtlsh_state_dict_best.pt
Epoch 116 | train_loss=3.9862e-02 | train_eval_loss=3.9687e-02 | val_loss=3.8918e-02 | | lr=1.00e-03
Saved best model to results/thesis_model_results/outputs/seed_robustness_shortlist/PICNN_MTLSH__mse__minmax__seed42/picnn_mtlsh_state_dict_best.pt
Epoch 117 | train_loss=3.9526e-02 | train_eval_loss=3.9360e-02 | val_loss=3.8589e-02 | | lr=1.00e-03
Saved best model to results/thesis_model_results/outputs/seed_robustness_shortlist/PICNN_MTLSH__mse__minmax__seed42/picnn_mtlsh_state_dict_best.pt
Epoch 118 | train_loss=3.9207e-02 | train_eval_loss=3.9050e-02 | val_loss=3.8277e-02 | | lr=1.00e-03
Saved best model to results/thesis_model_results/outputs/seed_robustness_shortlist/PICNN_MTLSH__mse__minmax__seed42/picnn_mtlsh_state_dict_best.pt
Epoch 119 | train_loss=3.8906e-02 | train_eval_loss=3.8757e-02 | val_loss=3.7982e-02 | | lr=1.00e-03
Saved best model to results/thesis_model_results/outputs/seed_robustness_shortlist/PICNN_MTLSH__mse__minmax__seed42/picnn_mtlsh_state_dict_best.pt
Epoch 120 | train_loss=3.8620e-02 | train_eval_loss=3.8479e-02 | val_loss=3.7702e-02 | | lr=1.00e-03
Saved best model to results/thesis_model_results/outputs/seed_robustness_shortlist/PICNN_MTLSH__mse__minmax__seed42/picnn_mtlsh_state_dict_best.pt
Epoch 121 | train_loss=3.8350e-02 | train_eval_loss=3.8217e-02 | val_loss=3.7437e-02 | | lr=1.00e-03
Saved best model to results/thesis_model_results/outputs/seed_robustness_shortlist/PICNN_MTLSH__mse__minmax__seed42/picnn_mtlsh_state_dict_best.pt
Epoch 122 | train_loss=3.8094e-02 | train_eval_loss=3.7968e-02 | val_loss=3.7187e-02 | | lr=1.00e-03
Saved best model to results/thesis_model_results/outputs/seed_robustness_shortlist/PICNN_MTLSH__mse__minmax__seed42/picnn_mtlsh_state_dict_best.pt
Epoch 123 | train_loss=3.7852e-02 | train_eval_loss=3.7732e-02 | val_loss=3.6948e-02 | | lr=1.00e-03
Saved best model to results/thesis_model_results/outputs/seed_robustness_shortlist/PICNN_MTLSH__mse__minmax__seed42/picnn_mtlsh_state_dict_best.pt
Epoch 124 | train_loss=3.7624e-02 | train_eval_loss=3.7510e-02 | val_loss=3.6724e-02 | | lr=1.00e-03
Saved best model to results/thesis_model_results/outputs/seed_robustness_shortlist/PICNN_MTLSH__mse__minmax__seed42/picnn_mtlsh_state_dict_best.pt
Epoch 125 | train_loss=3.7407e-02 | train_eval_loss=3.7299e-02 | val_loss=3.6511e-02 | | lr=1.00e-03
Saved best model to results/thesis_model_results/outputs/seed_robustness_shortlist/PICNN_MTLSH__mse__minmax__seed42/picnn_mtlsh_state_dict_best.pt
Epoch 126 | train_loss=3.7202e-02 | train_eval_loss=3.7100e-02 | val_loss=3.6310e-02 | | lr=1.00e-03
Saved best model to results/thesis_model_results/outputs/seed_robustness_shortlist/PICNN_MTLSH__mse__minmax__seed42/picnn_mtlsh_state_dict_best.pt
Epoch 127 | train_loss=3.7007e-02 | train_eval_loss=3.6910e-02 | val_loss=3.6118e-02 | | lr=1.00e-03
Saved best model to results/thesis_model_results/outputs/seed_robustness_shortlist/PICNN_MTLSH__mse__minmax__seed42/picnn_mtlsh_state_dict_best.pt
Epoch 128 | train_loss=3.6821e-02 | train_eval_loss=3.6729e-02 | val_loss=3.5935e-02 | | lr=1.00e-03
Saved best model to results/thesis_model_results/outputs/seed_robustness_shortlist/PICNN_MTLSH__mse__minmax__seed42/picnn_mtlsh_state_dict_best.pt
Epoch 129 | train_loss=3.6644e-02 | train_eval_loss=3.6555e-02 | val_loss=3.5760e-02 | | lr=1.00e-03
Saved best model to results/thesis_model_results/outputs/seed_robustness_shortlist/PICNN_MTLSH__mse__minmax__seed42/picnn_mtlsh_state_dict_best.pt
Epoch 130 | train_loss=3.6475e-02 | train_eval_loss=3.6391e-02 | val_loss=3.5594e-02 | | lr=1.00e-03
Saved best model to results/thesis_model_results/outputs/seed_robustness_shortlist/PICNN_MTLSH__mse__minmax__seed42/picnn_mtlsh_state_dict_best.pt
Epoch 131 | train_loss=3.6313e-02 | train_eval_loss=3.6231e-02 | val_loss=3.5433e-02 | | lr=1.00e-03
Saved best model to results/thesis_model_results/outputs/seed_robustness_shortlist/PICNN_MTLSH__mse__minmax__seed42/picnn_mtlsh_state_dict_best.pt
Epoch 132 | train_loss=3.6157e-02 | train_eval_loss=3.6078e-02 | val_loss=3.5279e-02 | | lr=1.00e-03
Saved best model to results/thesis_model_results/outputs/seed_robustness_shortlist/PICNN_MTLSH__mse__minmax__seed42/picnn_mtlsh_state_dict_best.pt
Epoch 133 | train_loss=3.6007e-02 | train_eval_loss=3.5930e-02 | val_loss=3.5131e-02 | | lr=1.00e-03
Saved best model to results/thesis_model_results/outputs/seed_robustness_shortlist/PICNN_MTLSH__mse__minmax__seed42/picnn_mtlsh_state_dict_best.pt
Epoch 134 | train_loss=3.5861e-02 | train_eval_loss=3.5787e-02 | val_loss=3.4987e-02 | | lr=1.00e-03
Saved best model to results/thesis_model_results/outputs/seed_robustness_shortlist/PICNN_MTLSH__mse__minmax__seed42/picnn_mtlsh_state_dict_best.pt
Epoch 135 | train_loss=3.5719e-02 | train_eval_loss=3.5648e-02 | val_loss=3.4847e-02 | | lr=1.00e-03
Saved best model to results/thesis_model_results/outputs/seed_robustness_shortlist/PICNN_MTLSH__mse__minmax__seed42/picnn_mtlsh_state_dict_best.pt
Epoch 136 | train_loss=3.5581e-02 | train_eval_loss=3.5511e-02 | val_loss=3.4709e-02 | | lr=1.00e-03
Saved best model to results/thesis_model_results/outputs/seed_robustness_shortlist/PICNN_MTLSH__mse__minmax__seed42/picnn_mtlsh_state_dict_best.pt
Epoch 137 | train_loss=3.5446e-02 | train_eval_loss=3.5377e-02 | val_loss=3.4575e-02 | | lr=1.00e-03
Saved best model to results/thesis_model_results/outputs/seed_robustness_shortlist/PICNN_MTLSH__mse__minmax__seed42/picnn_mtlsh_state_dict_best.pt
Epoch 138 | train_loss=3.5313e-02 | train_eval_loss=3.5246e-02 | val_loss=3.4444e-02 | | lr=1.00e-03
Saved best model to results/thesis_model_results/outputs/seed_robustness_shortlist/PICNN_MTLSH__mse__minmax__seed42/picnn_mtlsh_state_dict_best.pt
Epoch 139 | train_loss=3.5183e-02 | train_eval_loss=3.5116e-02 | val_loss=3.4314e-02 | | lr=1.00e-03
Saved best model to results/thesis_model_results/outputs/seed_robustness_shortlist/PICNN_MTLSH__mse__minmax__seed42/picnn_mtlsh_state_dict_best.pt
Epoch 140 | train_loss=3.5053e-02 | train_eval_loss=3.4987e-02 | val_loss=3.4186e-02 | | lr=1.00e-03
Saved best model to results/thesis_model_results/outputs/seed_robustness_shortlist/PICNN_MTLSH__mse__minmax__seed42/picnn_mtlsh_state_dict_best.pt
Epoch 141 | train_loss=3.4926e-02 | train_eval_loss=3.4861e-02 | val_loss=3.4060e-02 | | lr=1.00e-03
Saved best model to results/thesis_model_results/outputs/seed_robustness_shortlist/PICNN_MTLSH__mse__minmax__seed42/picnn_mtlsh_state_dict_best.pt
Epoch 142 | train_loss=3.4799e-02 | train_eval_loss=3.4734e-02 | val_loss=3.3933e-02 | | lr=1.00e-03
Saved best model to results/thesis_model_results/outputs/seed_robustness_shortlist/PICNN_MTLSH__mse__minmax__seed42/picnn_mtlsh_state_dict_best.pt
Epoch 143 | train_loss=3.4673e-02 | train_eval_loss=3.4608e-02 | val_loss=3.3809e-02 | | lr=1.00e-03
Saved best model to results/thesis_model_results/outputs/seed_robustness_shortlist/PICNN_MTLSH__mse__minmax__seed42/picnn_mtlsh_state_dict_best.pt
Epoch 144 | train_loss=3.4548e-02 | train_eval_loss=3.4483e-02 | val_loss=3.3684e-02 | | lr=1.00e-03
Saved best model to results/thesis_model_results/outputs/seed_robustness_shortlist/PICNN_MTLSH__mse__minmax__seed42/picnn_mtlsh_state_dict_best.pt
Epoch 145 | train_loss=3.4423e-02 | train_eval_loss=3.4358e-02 | val_loss=3.3560e-02 | | lr=1.00e-03
Saved best model to results/thesis_model_results/outputs/seed_robustness_shortlist/PICNN_MTLSH__mse__minmax__seed42/picnn_mtlsh_state_dict_best.pt
Epoch 146 | train_loss=3.4298e-02 | train_eval_loss=3.4233e-02 | val_loss=3.3436e-02 | | lr=1.00e-03
Saved best model to results/thesis_model_results/outputs/seed_robustness_shortlist/PICNN_MTLSH__mse__minmax__seed42/picnn_mtlsh_state_dict_best.pt
Epoch 147 | train_loss=3.4173e-02 | train_eval_loss=3.4108e-02 | val_loss=3.3313e-02 | | lr=1.00e-03
Saved best model to results/thesis_model_results/outputs/seed_robustness_shortlist/PICNN_MTLSH__mse__minmax__seed42/picnn_mtlsh_state_dict_best.pt
Epoch 148 | train_loss=3.4047e-02 | train_eval_loss=3.3983e-02 | val_loss=3.3190e-02 | | lr=1.00e-03
Saved best model to results/thesis_model_results/outputs/seed_robustness_shortlist/PICNN_MTLSH__mse__minmax__seed42/picnn_mtlsh_state_dict_best.pt
Epoch 149 | train_loss=3.3922e-02 | train_eval_loss=3.3857e-02 | val_loss=3.3066e-02 | | lr=1.00e-03
Saved best model to results/thesis_model_results/outputs/seed_robustness_shortlist/PICNN_MTLSH__mse__minmax__seed42/picnn_mtlsh_state_dict_best.pt
Epoch 150 | train_loss=3.3796e-02 | train_eval_loss=3.3732e-02 | val_loss=3.2942e-02 | | lr=1.00e-03
Saved best model to results/thesis_model_results/outputs/seed_robustness_shortlist/PICNN_MTLSH__mse__minmax__seed42/picnn_mtlsh_state_dict_best.pt
Epoch 151 | train_loss=3.3671e-02 | train_eval_loss=3.3605e-02 | val_loss=3.2818e-02 | | lr=1.00e-03
Saved best model to results/thesis_model_results/outputs/seed_robustness_shortlist/PICNN_MTLSH__mse__minmax__seed42/picnn_mtlsh_state_dict_best.pt
Epoch 152 | train_loss=3.3545e-02 | train_eval_loss=3.3479e-02 | val_loss=3.2694e-02 | | lr=1.00e-03
Saved best model to results/thesis_model_results/outputs/seed_robustness_shortlist/PICNN_MTLSH__mse__minmax__seed42/picnn_mtlsh_state_dict_best.pt
Epoch 153 | train_loss=3.3418e-02 | train_eval_loss=3.3352e-02 | val_loss=3.2569e-02 | | lr=1.00e-03
Saved best model to results/thesis_model_results/outputs/seed_robustness_shortlist/PICNN_MTLSH__mse__minmax__seed42/picnn_mtlsh_state_dict_best.pt
Epoch 154 | train_loss=3.3291e-02 | train_eval_loss=3.3225e-02 | val_loss=3.2444e-02 | | lr=1.00e-03
Saved best model to results/thesis_model_results/outputs/seed_robustness_shortlist/PICNN_MTLSH__mse__minmax__seed42/picnn_mtlsh_state_dict_best.pt
Epoch 155 | train_loss=3.3164e-02 | train_eval_loss=3.3098e-02 | val_loss=3.2319e-02 | | lr=1.00e-03
Saved best model to results/thesis_model_results/outputs/seed_robustness_shortlist/PICNN_MTLSH__mse__minmax__seed42/picnn_mtlsh_state_dict_best.pt
Epoch 156 | train_loss=3.3036e-02 | train_eval_loss=3.2970e-02 | val_loss=3.2194e-02 | | lr=1.00e-03
Saved best model to results/thesis_model_results/outputs/seed_robustness_shortlist/PICNN_MTLSH__mse__minmax__seed42/picnn_mtlsh_state_dict_best.pt
Epoch 157 | train_loss=3.2908e-02 | train_eval_loss=3.2841e-02 | val_loss=3.2068e-02 | | lr=1.00e-03
Saved best model to results/thesis_model_results/outputs/seed_robustness_shortlist/PICNN_MTLSH__mse__minmax__seed42/picnn_mtlsh_state_dict_best.pt
Epoch 158 | train_loss=3.2779e-02 | train_eval_loss=3.2712e-02 | val_loss=3.1941e-02 | | lr=1.00e-03
Saved best model to results/thesis_model_results/outputs/seed_robustness_shortlist/PICNN_MTLSH__mse__minmax__seed42/picnn_mtlsh_state_dict_best.pt
Epoch 159 | train_loss=3.2650e-02 | train_eval_loss=3.2583e-02 | val_loss=3.1814e-02 | | lr=1.00e-03
Saved best model to results/thesis_model_results/outputs/seed_robustness_shortlist/PICNN_MTLSH__mse__minmax__seed42/picnn_mtlsh_state_dict_best.pt
Epoch 160 | train_loss=3.2520e-02 | train_eval_loss=3.2452e-02 | val_loss=3.1687e-02 | | lr=1.00e-03
Saved best model to results/thesis_model_results/outputs/seed_robustness_shortlist/PICNN_MTLSH__mse__minmax__seed42/picnn_mtlsh_state_dict_best.pt
Epoch 161 | train_loss=3.2389e-02 | train_eval_loss=3.2321e-02 | val_loss=3.1559e-02 | | lr=1.00e-03
Saved best model to results/thesis_model_results/outputs/seed_robustness_shortlist/PICNN_MTLSH__mse__minmax__seed42/picnn_mtlsh_state_dict_best.pt
Epoch 162 | train_loss=3.2258e-02 | train_eval_loss=3.2189e-02 | val_loss=3.1429e-02 | | lr=1.00e-03
Saved best model to results/thesis_model_results/outputs/seed_robustness_shortlist/PICNN_MTLSH__mse__minmax__seed42/picnn_mtlsh_state_dict_best.pt
Epoch 163 | train_loss=3.2125e-02 | train_eval_loss=3.2056e-02 | val_loss=3.1299e-02 | | lr=1.00e-03
Saved best model to results/thesis_model_results/outputs/seed_robustness_shortlist/PICNN_MTLSH__mse__minmax__seed42/picnn_mtlsh_state_dict_best.pt
Epoch 164 | train_loss=3.1992e-02 | train_eval_loss=3.1922e-02 | val_loss=3.1169e-02 | | lr=1.00e-03
Saved best model to results/thesis_model_results/outputs/seed_robustness_shortlist/PICNN_MTLSH__mse__minmax__seed42/picnn_mtlsh_state_dict_best.pt
Epoch 165 | train_loss=3.1857e-02 | train_eval_loss=3.1787e-02 | val_loss=3.1036e-02 | | lr=1.00e-03
Saved best model to results/thesis_model_results/outputs/seed_robustness_shortlist/PICNN_MTLSH__mse__minmax__seed42/picnn_mtlsh_state_dict_best.pt
Epoch 166 | train_loss=3.1722e-02 | train_eval_loss=3.1650e-02 | val_loss=3.0904e-02 | | lr=1.00e-03
Saved best model to results/thesis_model_results/outputs/seed_robustness_shortlist/PICNN_MTLSH__mse__minmax__seed42/picnn_mtlsh_state_dict_best.pt
Epoch 167 | train_loss=3.1584e-02 | train_eval_loss=3.1513e-02 | val_loss=3.0769e-02 | | lr=1.00e-03
Saved best model to results/thesis_model_results/outputs/seed_robustness_shortlist/PICNN_MTLSH__mse__minmax__seed42/picnn_mtlsh_state_dict_best.pt
Epoch 168 | train_loss=3.1446e-02 | train_eval_loss=3.1373e-02 | val_loss=3.0633e-02 | | lr=1.00e-03
Saved best model to results/thesis_model_results/outputs/seed_robustness_shortlist/PICNN_MTLSH__mse__minmax__seed42/picnn_mtlsh_state_dict_best.pt
Epoch 169 | train_loss=3.1307e-02 | train_eval_loss=3.1233e-02 | val_loss=3.0497e-02 | | lr=1.00e-03
Saved best model to results/thesis_model_results/outputs/seed_robustness_shortlist/PICNN_MTLSH__mse__minmax__seed42/picnn_mtlsh_state_dict_best.pt
Epoch 170 | train_loss=3.1164e-02 | train_eval_loss=3.1090e-02 | val_loss=3.0357e-02 | | lr=1.00e-03
Saved best model to results/thesis_model_results/outputs/seed_robustness_shortlist/PICNN_MTLSH__mse__minmax__seed42/picnn_mtlsh_state_dict_best.pt
Epoch 171 | train_loss=3.1021e-02 | train_eval_loss=3.0945e-02 | val_loss=3.0216e-02 | | lr=1.00e-03
Saved best model to results/thesis_model_results/outputs/seed_robustness_shortlist/PICNN_MTLSH__mse__minmax__seed42/picnn_mtlsh_state_dict_best.pt
Epoch 172 | train_loss=3.0875e-02 | train_eval_loss=3.0799e-02 | val_loss=3.0073e-02 | | lr=1.00e-03
Saved best model to results/thesis_model_results/outputs/seed_robustness_shortlist/PICNN_MTLSH__mse__minmax__seed42/picnn_mtlsh_state_dict_best.pt
Epoch 173 | train_loss=3.0728e-02 | train_eval_loss=3.0650e-02 | val_loss=2.9928e-02 | | lr=1.00e-03
Saved best model to results/thesis_model_results/outputs/seed_robustness_shortlist/PICNN_MTLSH__mse__minmax__seed42/picnn_mtlsh_state_dict_best.pt
Epoch 174 | train_loss=3.0579e-02 | train_eval_loss=3.0498e-02 | val_loss=2.9780e-02 | | lr=1.00e-03
Saved best model to results/thesis_model_results/outputs/seed_robustness_shortlist/PICNN_MTLSH__mse__minmax__seed42/picnn_mtlsh_state_dict_best.pt
Epoch 175 | train_loss=3.0425e-02 | train_eval_loss=3.0345e-02 | val_loss=2.9630e-02 | | lr=1.00e-03
Saved best model to results/thesis_model_results/outputs/seed_robustness_shortlist/PICNN_MTLSH__mse__minmax__seed42/picnn_mtlsh_state_dict_best.pt
Epoch 176 | train_loss=3.0271e-02 | train_eval_loss=3.0189e-02 | val_loss=2.9478e-02 | | lr=1.00e-03
Saved best model to results/thesis_model_results/outputs/seed_robustness_shortlist/PICNN_MTLSH__mse__minmax__seed42/picnn_mtlsh_state_dict_best.pt
Epoch 177 | train_loss=3.0113e-02 | train_eval_loss=3.0029e-02 | val_loss=2.9324e-02 | | lr=1.00e-03
Saved best model to results/thesis_model_results/outputs/seed_robustness_shortlist/PICNN_MTLSH__mse__minmax__seed42/picnn_mtlsh_state_dict_best.pt
Epoch 178 | train_loss=2.9952e-02 | train_eval_loss=2.9867e-02 | val_loss=2.9166e-02 | | lr=1.00e-03
Saved best model to results/thesis_model_results/outputs/seed_robustness_shortlist/PICNN_MTLSH__mse__minmax__seed42/picnn_mtlsh_state_dict_best.pt
Epoch 179 | train_loss=2.9788e-02 | train_eval_loss=2.9702e-02 | val_loss=2.9006e-02 | | lr=1.00e-03
Saved best model to results/thesis_model_results/outputs/seed_robustness_shortlist/PICNN_MTLSH__mse__minmax__seed42/picnn_mtlsh_state_dict_best.pt
Epoch 180 | train_loss=2.9621e-02 | train_eval_loss=2.9533e-02 | val_loss=2.8840e-02 | | lr=1.00e-03
Saved best model to results/thesis_model_results/outputs/seed_robustness_shortlist/PICNN_MTLSH__mse__minmax__seed42/picnn_mtlsh_state_dict_best.pt
Epoch 181 | train_loss=2.9452e-02 | train_eval_loss=2.9362e-02 | val_loss=2.8674e-02 | | lr=1.00e-03
Saved best model to results/thesis_model_results/outputs/seed_robustness_shortlist/PICNN_MTLSH__mse__minmax__seed42/picnn_mtlsh_state_dict_best.pt
Epoch 182 | train_loss=2.9278e-02 | train_eval_loss=2.9187e-02 | val_loss=2.8502e-02 | | lr=1.00e-03
Saved best model to results/thesis_model_results/outputs/seed_robustness_shortlist/PICNN_MTLSH__mse__minmax__seed42/picnn_mtlsh_state_dict_best.pt
Epoch 183 | train_loss=2.9101e-02 | train_eval_loss=2.9008e-02 | val_loss=2.8329e-02 | | lr=1.00e-03
Saved best model to results/thesis_model_results/outputs/seed_robustness_shortlist/PICNN_MTLSH__mse__minmax__seed42/picnn_mtlsh_state_dict_best.pt
Epoch 184 | train_loss=2.8922e-02 | train_eval_loss=2.8826e-02 | val_loss=2.8151e-02 | | lr=1.00e-03
Saved best model to results/thesis_model_results/outputs/seed_robustness_shortlist/PICNN_MTLSH__mse__minmax__seed42/picnn_mtlsh_state_dict_best.pt
Epoch 185 | train_loss=2.8737e-02 | train_eval_loss=2.8639e-02 | val_loss=2.7970e-02 | | lr=1.00e-03
Saved best model to results/thesis_model_results/outputs/seed_robustness_shortlist/PICNN_MTLSH__mse__minmax__seed42/picnn_mtlsh_state_dict_best.pt
Epoch 186 | train_loss=2.8549e-02 | train_eval_loss=2.8449e-02 | val_loss=2.7786e-02 | | lr=1.00e-03
Saved best model to results/thesis_model_results/outputs/seed_robustness_shortlist/PICNN_MTLSH__mse__minmax__seed42/picnn_mtlsh_state_dict_best.pt
Epoch 187 | train_loss=2.8357e-02 | train_eval_loss=2.8256e-02 | val_loss=2.7596e-02 | | lr=1.00e-03
Saved best model to results/thesis_model_results/outputs/seed_robustness_shortlist/PICNN_MTLSH__mse__minmax__seed42/picnn_mtlsh_state_dict_best.pt
Epoch 188 | train_loss=2.8161e-02 | train_eval_loss=2.8057e-02 | val_loss=2.7404e-02 | | lr=1.00e-03
Saved best model to results/thesis_model_results/outputs/seed_robustness_shortlist/PICNN_MTLSH__mse__minmax__seed42/picnn_mtlsh_state_dict_best.pt
Epoch 189 | train_loss=2.7961e-02 | train_eval_loss=2.7856e-02 | val_loss=2.7206e-02 | | lr=1.00e-03
Saved best model to results/thesis_model_results/outputs/seed_robustness_shortlist/PICNN_MTLSH__mse__minmax__seed42/picnn_mtlsh_state_dict_best.pt
Epoch 190 | train_loss=2.7757e-02 | train_eval_loss=2.7649e-02 | val_loss=2.7005e-02 | | lr=1.00e-03
Saved best model to results/thesis_model_results/outputs/seed_robustness_shortlist/PICNN_MTLSH__mse__minmax__seed42/picnn_mtlsh_state_dict_best.pt
Epoch 191 | train_loss=2.7549e-02 | train_eval_loss=2.7438e-02 | val_loss=2.6800e-02 | | lr=1.00e-03
Saved best model to results/thesis_model_results/outputs/seed_robustness_shortlist/PICNN_MTLSH__mse__minmax__seed42/picnn_mtlsh_state_dict_best.pt
Epoch 192 | train_loss=2.7336e-02 | train_eval_loss=2.7223e-02 | val_loss=2.6592e-02 | | lr=1.00e-03
Saved best model to results/thesis_model_results/outputs/seed_robustness_shortlist/PICNN_MTLSH__mse__minmax__seed42/picnn_mtlsh_state_dict_best.pt
Epoch 193 | train_loss=2.7119e-02 | train_eval_loss=2.7004e-02 | val_loss=2.6378e-02 | | lr=1.00e-03
Saved best model to results/thesis_model_results/outputs/seed_robustness_shortlist/PICNN_MTLSH__mse__minmax__seed42/picnn_mtlsh_state_dict_best.pt
Epoch 194 | train_loss=2.6896e-02 | train_eval_loss=2.6780e-02 | val_loss=2.6161e-02 | | lr=1.00e-03
Saved best model to results/thesis_model_results/outputs/seed_robustness_shortlist/PICNN_MTLSH__mse__minmax__seed42/picnn_mtlsh_state_dict_best.pt
Epoch 195 | train_loss=2.6671e-02 | train_eval_loss=2.6552e-02 | val_loss=2.5940e-02 | | lr=1.00e-03
Saved best model to results/thesis_model_results/outputs/seed_robustness_shortlist/PICNN_MTLSH__mse__minmax__seed42/picnn_mtlsh_state_dict_best.pt
Epoch 196 | train_loss=2.6441e-02 | train_eval_loss=2.6319e-02 | val_loss=2.5713e-02 | | lr=1.00e-03
Saved best model to results/thesis_model_results/outputs/seed_robustness_shortlist/PICNN_MTLSH__mse__minmax__seed42/picnn_mtlsh_state_dict_best.pt
Epoch 197 | train_loss=2.6206e-02 | train_eval_loss=2.6083e-02 | val_loss=2.5484e-02 | | lr=1.00e-03
Saved best model to results/thesis_model_results/outputs/seed_robustness_shortlist/PICNN_MTLSH__mse__minmax__seed42/picnn_mtlsh_state_dict_best.pt
Epoch 198 | train_loss=2.5968e-02 | train_eval_loss=2.5841e-02 | val_loss=2.5246e-02 | | lr=1.00e-03
Saved best model to results/thesis_model_results/outputs/seed_robustness_shortlist/PICNN_MTLSH__mse__minmax__seed42/picnn_mtlsh_state_dict_best.pt
Epoch 199 | train_loss=2.5724e-02 | train_eval_loss=2.5595e-02 | val_loss=2.5007e-02 | | lr=1.00e-03
Saved best model to results/thesis_model_results/outputs/seed_robustness_shortlist/PICNN_MTLSH__mse__minmax__seed42/picnn_mtlsh_state_dict_best.pt
Epoch 200 | train_loss=2.5475e-02 | train_eval_loss=2.5346e-02 | val_loss=2.4766e-02 | | lr=1.00e-03
Saved best model to results/thesis_model_results/outputs/seed_robustness_shortlist/PICNN_MTLSH__mse__minmax__seed42/picnn_mtlsh_state_dict_best.pt
Saved training logs to results/thesis_model_results/outputs/seed_robustness_shortlist/PICNN_MTLSH__mse__minmax__seed42/training_summary.txt
Test RMSE(rocof_COI) = 0.2297 | norm: 0.1743 | real_diff: 0.1825
Test RMSE(dev_COI) = 0.4758 | norm: 0.1764 | real_diff: 0.3785
Test RMSE(Delta_P_IBR_1) = 1.0371 | norm: 0.1637 | real_diff: 0.8328
Test RMSE(Delta_P_IBR_2) = 1.2361 | norm: 0.1720 | real_diff: 0.9849
Test RMSE(Delta_P_IBR_3) = 0.7552 | norm: 0.1326 | real_diff: 0.5996
Test RMSE(Delta_P_IBR_4) = 1.2211 | norm: 0.1262 | real_diff: 0.9742
Saved RMSE results to results/thesis_model_results/outputs/seed_robustness_shortlist/PICNN_MTLSH__mse__minmax__seed42/rmse_results.txt
Saved detailed metrics to results/thesis_model_results/outputs/seed_robustness_shortlist/PICNN_MTLSH__mse__minmax__seed42/metrics_by_target.csv
Saved aggregate metrics to results/thesis_model_results/outputs/seed_robustness_shortlist/PICNN_MTLSH__mse__minmax__seed42/metrics_summary.json
Saved loss curves to results/thesis_model_results/outputs/seed_robustness_shortlist/PICNN_MTLSH__mse__minmax__seed42/loss_curve.png
Saved scatter plot results/thesis_model_results/outputs/seed_robustness_shortlist/PICNN_MTLSH__mse__minmax__seed42/scatter_rocof_COI.png
Saved scatter plot results/thesis_model_results/outputs/seed_robustness_shortlist/PICNN_MTLSH__mse__minmax__seed42/scatter_dev_COI.png
Saved scatter plot results/thesis_model_results/outputs/seed_robustness_shortlist/PICNN_MTLSH__mse__minmax__seed42/scatter_Delta_P_IBR_1.png
Saved scatter plot results/thesis_model_results/outputs/seed_robustness_shortlist/PICNN_MTLSH__mse__minmax__seed42/scatter_Delta_P_IBR_2.png
Saved scatter plot results/thesis_model_results/outputs/seed_robustness_shortlist/PICNN_MTLSH__mse__minmax__seed42/scatter_Delta_P_IBR_3.png
Saved scatter plot results/thesis_model_results/outputs/seed_robustness_shortlist/PICNN_MTLSH__mse__minmax__seed42/scatter_Delta_P_IBR_4.png
Saved model to results/thesis_model_results/outputs/seed_robustness_shortlist/PICNN_MTLSH__mse__minmax__seed42/picnn_mtlsh_state_dict.pt
Loss type: mse | weights=[]
Target stats (scaled):
train mean=[0.549  0.589  0.492  0.4884 0.4785 0.4192]
train std=[0.1365 0.1371 0.1141 0.1063 0.1158 0.1138]
train q05=[0.3074 0.3979 0.3192 0.303  0.3347 0.2205]
train q95=[0.7933 0.8652 0.6719 0.6491 0.6927 0.6016]
val mean=[0.5473 0.5873 0.4922 0.4893 0.4798 0.4201]
val std=[0.1343 0.1348 0.1123 0.1072 0.1141 0.1112]
val q05=[0.3103 0.3982 0.3195 0.303  0.3376 0.2251]
val q95=[0.7886 0.8626 0.6731 0.6514 0.6918 0.5984]
val/train std ratio=[0.984  0.9828 0.9844 1.0084 0.9848 0.9772]
LR scheduler: ReduceLROnPlateau (factor=0.5, patience=8, min_lr=1e-07)
Epoch 001 | train_loss=2.9747e+08 | train_eval_loss=8.7795e+00 | val_loss=8.7878e+00 | | lr=1.00e-03
Saved best model to results/thesis_model_results/outputs/seed_robustness_shortlist/PICNN_MTLSH__mse__minmax__seed84/picnn_mtlsh_state_dict_best.pt
Epoch 002 | train_loss=8.7813e+00 | train_eval_loss=8.7709e+00 | val_loss=8.7792e+00 | | lr=1.00e-03
Saved best model to results/thesis_model_results/outputs/seed_robustness_shortlist/PICNN_MTLSH__mse__minmax__seed84/picnn_mtlsh_state_dict_best.pt
Epoch 003 | train_loss=8.7564e+00 | train_eval_loss=8.7400e+00 | val_loss=8.7483e+00 | | lr=1.00e-03
Saved best model to results/thesis_model_results/outputs/seed_robustness_shortlist/PICNN_MTLSH__mse__minmax__seed84/picnn_mtlsh_state_dict_best.pt
Epoch 004 | train_loss=8.7225e+00 | train_eval_loss=8.7030e+00 | val_loss=8.7113e+00 | | lr=1.00e-03
Saved best model to results/thesis_model_results/outputs/seed_robustness_shortlist/PICNN_MTLSH__mse__minmax__seed84/picnn_mtlsh_state_dict_best.pt
Epoch 005 | train_loss=8.6827e+00 | train_eval_loss=8.6605e+00 | val_loss=8.6687e+00 | | lr=1.00e-03
Saved best model to results/thesis_model_results/outputs/seed_robustness_shortlist/PICNN_MTLSH__mse__minmax__seed84/picnn_mtlsh_state_dict_best.pt
Epoch 006 | train_loss=8.6377e+00 | train_eval_loss=8.6129e+00 | val_loss=8.6211e+00 | | lr=1.00e-03
Saved best model to results/thesis_model_results/outputs/seed_robustness_shortlist/PICNN_MTLSH__mse__minmax__seed84/picnn_mtlsh_state_dict_best.pt
Epoch 007 | train_loss=8.5877e+00 | train_eval_loss=8.5605e+00 | val_loss=8.5686e+00 | | lr=1.00e-03
Saved best model to results/thesis_model_results/outputs/seed_robustness_shortlist/PICNN_MTLSH__mse__minmax__seed84/picnn_mtlsh_state_dict_best.pt
Epoch 008 | train_loss=8.5330e+00 | train_eval_loss=8.5034e+00 | val_loss=8.5116e+00 | | lr=1.00e-03
Saved best model to results/thesis_model_results/outputs/seed_robustness_shortlist/PICNN_MTLSH__mse__minmax__seed84/picnn_mtlsh_state_dict_best.pt
Epoch 009 | train_loss=8.4739e+00 | train_eval_loss=8.4421e+00 | val_loss=8.4502e+00 | | lr=1.00e-03
Saved best model to results/thesis_model_results/outputs/seed_robustness_shortlist/PICNN_MTLSH__mse__minmax__seed84/picnn_mtlsh_state_dict_best.pt
Epoch 010 | train_loss=8.4104e+00 | train_eval_loss=8.3765e+00 | val_loss=8.3845e+00 | | lr=1.00e-03
Saved best model to results/thesis_model_results/outputs/seed_robustness_shortlist/PICNN_MTLSH__mse__minmax__seed84/picnn_mtlsh_state_dict_best.pt
Epoch 011 | train_loss=8.3427e+00 | train_eval_loss=8.3068e+00 | val_loss=8.3148e+00 | | lr=1.00e-03
Saved best model to results/thesis_model_results/outputs/seed_robustness_shortlist/PICNN_MTLSH__mse__minmax__seed84/picnn_mtlsh_state_dict_best.pt
Epoch 012 | train_loss=8.2710e+00 | train_eval_loss=8.2329e+00 | val_loss=8.2408e+00 | | lr=1.00e-03
Saved best model to results/thesis_model_results/outputs/seed_robustness_shortlist/PICNN_MTLSH__mse__minmax__seed84/picnn_mtlsh_state_dict_best.pt
Epoch 013 | train_loss=8.1953e+00 | train_eval_loss=8.1552e+00 | val_loss=8.1631e+00 | | lr=1.00e-03
Saved best model to results/thesis_model_results/outputs/seed_robustness_shortlist/PICNN_MTLSH__mse__minmax__seed84/picnn_mtlsh_state_dict_best.pt
Epoch 014 | train_loss=8.1157e+00 | train_eval_loss=8.0736e+00 | val_loss=8.0815e+00 | | lr=1.00e-03
Saved best model to results/thesis_model_results/outputs/seed_robustness_shortlist/PICNN_MTLSH__mse__minmax__seed84/picnn_mtlsh_state_dict_best.pt
Epoch 015 | train_loss=8.0323e+00 | train_eval_loss=7.9882e+00 | val_loss=7.9961e+00 | | lr=1.00e-03
Saved best model to results/thesis_model_results/outputs/seed_robustness_shortlist/PICNN_MTLSH__mse__minmax__seed84/picnn_mtlsh_state_dict_best.pt
Epoch 016 | train_loss=7.9451e+00 | train_eval_loss=7.8992e+00 | val_loss=7.9070e+00 | | lr=1.00e-03
Saved best model to results/thesis_model_results/outputs/seed_robustness_shortlist/PICNN_MTLSH__mse__minmax__seed84/picnn_mtlsh_state_dict_best.pt
Epoch 017 | train_loss=7.8543e+00 | train_eval_loss=7.8065e+00 | val_loss=7.8142e+00 | | lr=1.00e-03
Saved best model to results/thesis_model_results/outputs/seed_robustness_shortlist/PICNN_MTLSH__mse__minmax__seed84/picnn_mtlsh_state_dict_best.pt
Epoch 018 | train_loss=7.7599e+00 | train_eval_loss=7.7103e+00 | val_loss=7.7179e+00 | | lr=1.00e-03
Saved best model to results/thesis_model_results/outputs/seed_robustness_shortlist/PICNN_MTLSH__mse__minmax__seed84/picnn_mtlsh_state_dict_best.pt
Epoch 019 | train_loss=7.6619e+00 | train_eval_loss=7.6106e+00 | val_loss=7.6182e+00 | | lr=1.00e-03
Saved best model to results/thesis_model_results/outputs/seed_robustness_shortlist/PICNN_MTLSH__mse__minmax__seed84/picnn_mtlsh_state_dict_best.pt
Epoch 020 | train_loss=7.5605e+00 | train_eval_loss=7.5074e+00 | val_loss=7.5149e+00 | | lr=1.00e-03
Saved best model to results/thesis_model_results/outputs/seed_robustness_shortlist/PICNN_MTLSH__mse__minmax__seed84/picnn_mtlsh_state_dict_best.pt
Epoch 021 | train_loss=7.4557e+00 | train_eval_loss=7.4008e+00 | val_loss=7.4083e+00 | | lr=1.00e-03
Saved best model to results/thesis_model_results/outputs/seed_robustness_shortlist/PICNN_MTLSH__mse__minmax__seed84/picnn_mtlsh_state_dict_best.pt
Epoch 022 | train_loss=7.3476e+00 | train_eval_loss=7.2910e+00 | val_loss=7.2984e+00 | | lr=1.00e-03
Saved best model to results/thesis_model_results/outputs/seed_robustness_shortlist/PICNN_MTLSH__mse__minmax__seed84/picnn_mtlsh_state_dict_best.pt
Epoch 023 | train_loss=7.2361e+00 | train_eval_loss=7.1781e+00 | val_loss=7.1853e+00 | | lr=1.00e-03
Saved best model to results/thesis_model_results/outputs/seed_robustness_shortlist/PICNN_MTLSH__mse__minmax__seed84/picnn_mtlsh_state_dict_best.pt
Epoch 024 | train_loss=7.1216e+00 | train_eval_loss=7.0619e+00 | val_loss=7.0691e+00 | | lr=1.00e-03
Saved best model to results/thesis_model_results/outputs/seed_robustness_shortlist/PICNN_MTLSH__mse__minmax__seed84/picnn_mtlsh_state_dict_best.pt
Epoch 025 | train_loss=7.0040e+00 | train_eval_loss=6.9427e+00 | val_loss=6.9498e+00 | | lr=1.00e-03
Saved best model to results/thesis_model_results/outputs/seed_robustness_shortlist/PICNN_MTLSH__mse__minmax__seed84/picnn_mtlsh_state_dict_best.pt
Epoch 026 | train_loss=6.8833e+00 | train_eval_loss=6.8206e+00 | val_loss=6.8277e+00 | | lr=1.00e-03
Saved best model to results/thesis_model_results/outputs/seed_robustness_shortlist/PICNN_MTLSH__mse__minmax__seed84/picnn_mtlsh_state_dict_best.pt
Epoch 027 | train_loss=6.7598e+00 | train_eval_loss=6.6956e+00 | val_loss=6.7026e+00 | | lr=1.00e-03
Saved best model to results/thesis_model_results/outputs/seed_robustness_shortlist/PICNN_MTLSH__mse__minmax__seed84/picnn_mtlsh_state_dict_best.pt
Epoch 028 | train_loss=6.6335e+00 | train_eval_loss=6.5679e+00 | val_loss=6.5748e+00 | | lr=1.00e-03
Saved best model to results/thesis_model_results/outputs/seed_robustness_shortlist/PICNN_MTLSH__mse__minmax__seed84/picnn_mtlsh_state_dict_best.pt
Epoch 029 | train_loss=6.5045e+00 | train_eval_loss=6.4375e+00 | val_loss=6.4443e+00 | | lr=1.00e-03
Saved best model to results/thesis_model_results/outputs/seed_robustness_shortlist/PICNN_MTLSH__mse__minmax__seed84/picnn_mtlsh_state_dict_best.pt
Epoch 030 | train_loss=6.3729e+00 | train_eval_loss=6.3047e+00 | val_loss=6.3114e+00 | | lr=1.00e-03
Saved best model to results/thesis_model_results/outputs/seed_robustness_shortlist/PICNN_MTLSH__mse__minmax__seed84/picnn_mtlsh_state_dict_best.pt
Epoch 031 | train_loss=6.2388e+00 | train_eval_loss=6.1693e+00 | val_loss=6.1759e+00 | | lr=1.00e-03
Saved best model to results/thesis_model_results/outputs/seed_robustness_shortlist/PICNN_MTLSH__mse__minmax__seed84/picnn_mtlsh_state_dict_best.pt
Epoch 032 | train_loss=6.1023e+00 | train_eval_loss=6.0317e+00 | val_loss=6.0382e+00 | | lr=1.00e-03
Saved best model to results/thesis_model_results/outputs/seed_robustness_shortlist/PICNN_MTLSH__mse__minmax__seed84/picnn_mtlsh_state_dict_best.pt
Epoch 033 | train_loss=5.9636e+00 | train_eval_loss=5.8918e+00 | val_loss=5.8982e+00 | | lr=1.00e-03
Saved best model to results/thesis_model_results/outputs/seed_robustness_shortlist/PICNN_MTLSH__mse__minmax__seed84/picnn_mtlsh_state_dict_best.pt
Epoch 034 | train_loss=5.8228e+00 | train_eval_loss=5.7501e+00 | val_loss=5.7564e+00 | | lr=1.00e-03
Saved best model to results/thesis_model_results/outputs/seed_robustness_shortlist/PICNN_MTLSH__mse__minmax__seed84/picnn_mtlsh_state_dict_best.pt
Epoch 035 | train_loss=5.6800e+00 | train_eval_loss=5.6064e+00 | val_loss=5.6126e+00 | | lr=1.00e-03
Saved best model to results/thesis_model_results/outputs/seed_robustness_shortlist/PICNN_MTLSH__mse__minmax__seed84/picnn_mtlsh_state_dict_best.pt
Epoch 036 | train_loss=5.5355e+00 | train_eval_loss=5.4610e+00 | val_loss=5.4671e+00 | | lr=1.00e-03
Saved best model to results/thesis_model_results/outputs/seed_robustness_shortlist/PICNN_MTLSH__mse__minmax__seed84/picnn_mtlsh_state_dict_best.pt
Epoch 037 | train_loss=5.3894e+00 | train_eval_loss=5.3141e+00 | val_loss=5.3201e+00 | | lr=1.00e-03
Saved best model to results/thesis_model_results/outputs/seed_robustness_shortlist/PICNN_MTLSH__mse__minmax__seed84/picnn_mtlsh_state_dict_best.pt
Epoch 038 | train_loss=5.2417e+00 | train_eval_loss=5.1657e+00 | val_loss=5.1716e+00 | | lr=1.00e-03
Saved best model to results/thesis_model_results/outputs/seed_robustness_shortlist/PICNN_MTLSH__mse__minmax__seed84/picnn_mtlsh_state_dict_best.pt
Epoch 039 | train_loss=5.0928e+00 | train_eval_loss=5.0162e+00 | val_loss=5.0220e+00 | | lr=1.00e-03
Saved best model to results/thesis_model_results/outputs/seed_robustness_shortlist/PICNN_MTLSH__mse__minmax__seed84/picnn_mtlsh_state_dict_best.pt
Epoch 040 | train_loss=4.9428e+00 | train_eval_loss=4.8657e+00 | val_loss=4.8714e+00 | | lr=1.00e-03
Saved best model to results/thesis_model_results/outputs/seed_robustness_shortlist/PICNN_MTLSH__mse__minmax__seed84/picnn_mtlsh_state_dict_best.pt
Epoch 041 | train_loss=4.7919e+00 | train_eval_loss=4.7143e+00 | val_loss=4.7198e+00 | | lr=1.00e-03
Saved best model to results/thesis_model_results/outputs/seed_robustness_shortlist/PICNN_MTLSH__mse__minmax__seed84/picnn_mtlsh_state_dict_best.pt
Epoch 042 | train_loss=4.6402e+00 | train_eval_loss=4.5624e+00 | val_loss=4.5678e+00 | | lr=1.00e-03
Saved best model to results/thesis_model_results/outputs/seed_robustness_shortlist/PICNN_MTLSH__mse__minmax__seed84/picnn_mtlsh_state_dict_best.pt
Epoch 043 | train_loss=4.4880e+00 | train_eval_loss=4.4099e+00 | val_loss=4.4153e+00 | | lr=1.00e-03
Saved best model to results/thesis_model_results/outputs/seed_robustness_shortlist/PICNN_MTLSH__mse__minmax__seed84/picnn_mtlsh_state_dict_best.pt
Epoch 044 | train_loss=4.3355e+00 | train_eval_loss=4.2574e+00 | val_loss=4.2626e+00 | | lr=1.00e-03
Saved best model to results/thesis_model_results/outputs/seed_robustness_shortlist/PICNN_MTLSH__mse__minmax__seed84/picnn_mtlsh_state_dict_best.pt
Epoch 045 | train_loss=4.1830e+00 | train_eval_loss=4.1048e+00 | val_loss=4.1099e+00 | | lr=1.00e-03
Saved best model to results/thesis_model_results/outputs/seed_robustness_shortlist/PICNN_MTLSH__mse__minmax__seed84/picnn_mtlsh_state_dict_best.pt
Epoch 046 | train_loss=4.0305e+00 | train_eval_loss=3.9527e+00 | val_loss=3.9576e+00 | | lr=1.00e-03
Saved best model to results/thesis_model_results/outputs/seed_robustness_shortlist/PICNN_MTLSH__mse__minmax__seed84/picnn_mtlsh_state_dict_best.pt
Epoch 047 | train_loss=3.8784e+00 | train_eval_loss=3.8008e+00 | val_loss=3.8056e+00 | | lr=1.00e-03
Saved best model to results/thesis_model_results/outputs/seed_robustness_shortlist/PICNN_MTLSH__mse__minmax__seed84/picnn_mtlsh_state_dict_best.pt
Epoch 048 | train_loss=3.7269e+00 | train_eval_loss=3.6496e+00 | val_loss=3.6543e+00 | | lr=1.00e-03
Saved best model to results/thesis_model_results/outputs/seed_robustness_shortlist/PICNN_MTLSH__mse__minmax__seed84/picnn_mtlsh_state_dict_best.pt
Epoch 049 | train_loss=3.5762e+00 | train_eval_loss=3.4993e+00 | val_loss=3.5039e+00 | | lr=1.00e-03
Saved best model to results/thesis_model_results/outputs/seed_robustness_shortlist/PICNN_MTLSH__mse__minmax__seed84/picnn_mtlsh_state_dict_best.pt
Epoch 050 | train_loss=3.4265e+00 | train_eval_loss=3.3503e+00 | val_loss=3.3548e+00 | | lr=1.00e-03
Saved best model to results/thesis_model_results/outputs/seed_robustness_shortlist/PICNN_MTLSH__mse__minmax__seed84/picnn_mtlsh_state_dict_best.pt
Epoch 051 | train_loss=3.2781e+00 | train_eval_loss=3.2027e+00 | val_loss=3.2070e+00 | | lr=1.00e-03
Saved best model to results/thesis_model_results/outputs/seed_robustness_shortlist/PICNN_MTLSH__mse__minmax__seed84/picnn_mtlsh_state_dict_best.pt
Epoch 052 | train_loss=3.1312e+00 | train_eval_loss=3.0566e+00 | val_loss=3.0608e+00 | | lr=1.00e-03
Saved best model to results/thesis_model_results/outputs/seed_robustness_shortlist/PICNN_MTLSH__mse__minmax__seed84/picnn_mtlsh_state_dict_best.pt
Epoch 053 | train_loss=2.9861e+00 | train_eval_loss=2.9123e+00 | val_loss=2.9164e+00 | | lr=1.00e-03
Saved best model to results/thesis_model_results/outputs/seed_robustness_shortlist/PICNN_MTLSH__mse__minmax__seed84/picnn_mtlsh_state_dict_best.pt
Epoch 054 | train_loss=2.8429e+00 | train_eval_loss=2.7704e+00 | val_loss=2.7743e+00 | | lr=1.00e-03
Saved best model to results/thesis_model_results/outputs/seed_robustness_shortlist/PICNN_MTLSH__mse__minmax__seed84/picnn_mtlsh_state_dict_best.pt
Epoch 055 | train_loss=2.7020e+00 | train_eval_loss=2.6307e+00 | val_loss=2.6346e+00 | | lr=1.00e-03
Saved best model to results/thesis_model_results/outputs/seed_robustness_shortlist/PICNN_MTLSH__mse__minmax__seed84/picnn_mtlsh_state_dict_best.pt
Epoch 056 | train_loss=2.5635e+00 | train_eval_loss=2.4936e+00 | val_loss=2.4973e+00 | | lr=1.00e-03
Saved best model to results/thesis_model_results/outputs/seed_robustness_shortlist/PICNN_MTLSH__mse__minmax__seed84/picnn_mtlsh_state_dict_best.pt
Epoch 057 | train_loss=2.4277e+00 | train_eval_loss=2.3592e+00 | val_loss=2.3628e+00 | | lr=1.00e-03
Saved best model to results/thesis_model_results/outputs/seed_robustness_shortlist/PICNN_MTLSH__mse__minmax__seed84/picnn_mtlsh_state_dict_best.pt
Epoch 058 | train_loss=2.2948e+00 | train_eval_loss=2.2278e+00 | val_loss=2.2312e+00 | | lr=1.00e-03
Saved best model to results/thesis_model_results/outputs/seed_robustness_shortlist/PICNN_MTLSH__mse__minmax__seed84/picnn_mtlsh_state_dict_best.pt
Epoch 059 | train_loss=2.1650e+00 | train_eval_loss=2.0996e+00 | val_loss=2.1030e+00 | | lr=1.00e-03
Saved best model to results/thesis_model_results/outputs/seed_robustness_shortlist/PICNN_MTLSH__mse__minmax__seed84/picnn_mtlsh_state_dict_best.pt
Epoch 060 | train_loss=2.0384e+00 | train_eval_loss=1.9749e+00 | val_loss=1.9781e+00 | | lr=1.00e-03
Saved best model to results/thesis_model_results/outputs/seed_robustness_shortlist/PICNN_MTLSH__mse__minmax__seed84/picnn_mtlsh_state_dict_best.pt
Epoch 061 | train_loss=1.9154e+00 | train_eval_loss=1.8537e+00 | val_loss=1.8568e+00 | | lr=1.00e-03
Saved best model to results/thesis_model_results/outputs/seed_robustness_shortlist/PICNN_MTLSH__mse__minmax__seed84/picnn_mtlsh_state_dict_best.pt
Epoch 062 | train_loss=1.7960e+00 | train_eval_loss=1.7362e+00 | val_loss=1.7392e+00 | | lr=1.00e-03
Saved best model to results/thesis_model_results/outputs/seed_robustness_shortlist/PICNN_MTLSH__mse__minmax__seed84/picnn_mtlsh_state_dict_best.pt
Epoch 063 | train_loss=1.6805e+00 | train_eval_loss=1.6227e+00 | val_loss=1.6255e+00 | | lr=1.00e-03
Saved best model to results/thesis_model_results/outputs/seed_robustness_shortlist/PICNN_MTLSH__mse__minmax__seed84/picnn_mtlsh_state_dict_best.pt
Epoch 064 | train_loss=1.5689e+00 | train_eval_loss=1.5132e+00 | val_loss=1.5159e+00 | | lr=1.00e-03
Saved best model to results/thesis_model_results/outputs/seed_robustness_shortlist/PICNN_MTLSH__mse__minmax__seed84/picnn_mtlsh_state_dict_best.pt
Epoch 065 | train_loss=1.4615e+00 | train_eval_loss=1.4080e+00 | val_loss=1.4105e+00 | | lr=1.00e-03
Saved best model to results/thesis_model_results/outputs/seed_robustness_shortlist/PICNN_MTLSH__mse__minmax__seed84/picnn_mtlsh_state_dict_best.pt
Epoch 066 | train_loss=1.3583e+00 | train_eval_loss=1.3070e+00 | val_loss=1.3094e+00 | | lr=1.00e-03
Saved best model to results/thesis_model_results/outputs/seed_robustness_shortlist/PICNN_MTLSH__mse__minmax__seed84/picnn_mtlsh_state_dict_best.pt
Epoch 067 | train_loss=1.2594e+00 | train_eval_loss=1.2103e+00 | val_loss=1.2127e+00 | | lr=1.00e-03
Saved best model to results/thesis_model_results/outputs/seed_robustness_shortlist/PICNN_MTLSH__mse__minmax__seed84/picnn_mtlsh_state_dict_best.pt
Epoch 068 | train_loss=1.1649e+00 | train_eval_loss=1.1181e+00 | val_loss=1.1204e+00 | | lr=1.00e-03
Saved best model to results/thesis_model_results/outputs/seed_robustness_shortlist/PICNN_MTLSH__mse__minmax__seed84/picnn_mtlsh_state_dict_best.pt
Epoch 069 | train_loss=1.0749e+00 | train_eval_loss=1.0304e+00 | val_loss=1.0326e+00 | | lr=1.00e-03
Saved best model to results/thesis_model_results/outputs/seed_robustness_shortlist/PICNN_MTLSH__mse__minmax__seed84/picnn_mtlsh_state_dict_best.pt
Epoch 070 | train_loss=9.8942e-01 | train_eval_loss=9.4722e-01 | val_loss=9.4925e-01 | | lr=1.00e-03
Saved best model to results/thesis_model_results/outputs/seed_robustness_shortlist/PICNN_MTLSH__mse__minmax__seed84/picnn_mtlsh_state_dict_best.pt
Epoch 071 | train_loss=9.0847e-01 | train_eval_loss=8.6861e-01 | val_loss=8.7053e-01 | | lr=1.00e-03
Saved best model to results/thesis_model_results/outputs/seed_robustness_shortlist/PICNN_MTLSH__mse__minmax__seed84/picnn_mtlsh_state_dict_best.pt
Epoch 072 | train_loss=8.3207e-01 | train_eval_loss=7.9452e-01 | val_loss=7.9634e-01 | | lr=1.00e-03
Saved best model to results/thesis_model_results/outputs/seed_robustness_shortlist/PICNN_MTLSH__mse__minmax__seed84/picnn_mtlsh_state_dict_best.pt
Epoch 073 | train_loss=7.6017e-01 | train_eval_loss=7.2491e-01 | val_loss=7.2662e-01 | | lr=1.00e-03
Saved best model to results/thesis_model_results/outputs/seed_robustness_shortlist/PICNN_MTLSH__mse__minmax__seed84/picnn_mtlsh_state_dict_best.pt
Epoch 074 | train_loss=6.9274e-01 | train_eval_loss=6.5977e-01 | val_loss=6.6138e-01 | | lr=1.00e-03
Saved best model to results/thesis_model_results/outputs/seed_robustness_shortlist/PICNN_MTLSH__mse__minmax__seed84/picnn_mtlsh_state_dict_best.pt
Epoch 075 | train_loss=6.2974e-01 | train_eval_loss=5.9901e-01 | val_loss=6.0053e-01 | | lr=1.00e-03
Saved best model to results/thesis_model_results/outputs/seed_robustness_shortlist/PICNN_MTLSH__mse__minmax__seed84/picnn_mtlsh_state_dict_best.pt
Epoch 076 | train_loss=5.7109e-01 | train_eval_loss=5.4255e-01 | val_loss=5.4397e-01 | | lr=1.00e-03
Saved best model to results/thesis_model_results/outputs/seed_robustness_shortlist/PICNN_MTLSH__mse__minmax__seed84/picnn_mtlsh_state_dict_best.pt
Epoch 077 | train_loss=5.1667e-01 | train_eval_loss=4.9025e-01 | val_loss=4.9158e-01 | | lr=1.00e-03
Saved best model to results/thesis_model_results/outputs/seed_robustness_shortlist/PICNN_MTLSH__mse__minmax__seed84/picnn_mtlsh_state_dict_best.pt
Epoch 078 | train_loss=4.6638e-01 | train_eval_loss=4.4203e-01 | val_loss=4.4327e-01 | | lr=1.00e-03
Saved best model to results/thesis_model_results/outputs/seed_robustness_shortlist/PICNN_MTLSH__mse__minmax__seed84/picnn_mtlsh_state_dict_best.pt
Epoch 079 | train_loss=4.2009e-01 | train_eval_loss=3.9775e-01 | val_loss=3.9891e-01 | | lr=1.00e-03
Saved best model to results/thesis_model_results/outputs/seed_robustness_shortlist/PICNN_MTLSH__mse__minmax__seed84/picnn_mtlsh_state_dict_best.pt
Epoch 080 | train_loss=3.7765e-01 | train_eval_loss=3.5722e-01 | val_loss=3.5830e-01 | | lr=1.00e-03
Saved best model to results/thesis_model_results/outputs/seed_robustness_shortlist/PICNN_MTLSH__mse__minmax__seed84/picnn_mtlsh_state_dict_best.pt
Epoch 081 | train_loss=3.3891e-01 | train_eval_loss=3.2031e-01 | val_loss=3.2130e-01 | | lr=1.00e-03
Saved best model to results/thesis_model_results/outputs/seed_robustness_shortlist/PICNN_MTLSH__mse__minmax__seed84/picnn_mtlsh_state_dict_best.pt
Epoch 082 | train_loss=3.0369e-01 | train_eval_loss=2.8683e-01 | val_loss=2.8776e-01 | | lr=1.00e-03
Saved best model to results/thesis_model_results/outputs/seed_robustness_shortlist/PICNN_MTLSH__mse__minmax__seed84/picnn_mtlsh_state_dict_best.pt
Epoch 083 | train_loss=2.7182e-01 | train_eval_loss=2.5660e-01 | val_loss=2.5746e-01 | | lr=1.00e-03
Saved best model to results/thesis_model_results/outputs/seed_robustness_shortlist/PICNN_MTLSH__mse__minmax__seed84/picnn_mtlsh_state_dict_best.pt
Epoch 084 | train_loss=2.4310e-01 | train_eval_loss=2.2944e-01 | val_loss=2.3023e-01 | | lr=1.00e-03
Saved best model to results/thesis_model_results/outputs/seed_robustness_shortlist/PICNN_MTLSH__mse__minmax__seed84/picnn_mtlsh_state_dict_best.pt
Epoch 085 | train_loss=2.1735e-01 | train_eval_loss=2.0513e-01 | val_loss=2.0585e-01 | | lr=1.00e-03
Saved best model to results/thesis_model_results/outputs/seed_robustness_shortlist/PICNN_MTLSH__mse__minmax__seed84/picnn_mtlsh_state_dict_best.pt
Epoch 086 | train_loss=1.9436e-01 | train_eval_loss=1.8349e-01 | val_loss=1.8415e-01 | | lr=1.00e-03
Saved best model to results/thesis_model_results/outputs/seed_robustness_shortlist/PICNN_MTLSH__mse__minmax__seed84/picnn_mtlsh_state_dict_best.pt
Epoch 087 | train_loss=1.7394e-01 | train_eval_loss=1.6432e-01 | val_loss=1.6493e-01 | | lr=1.00e-03
Saved best model to results/thesis_model_results/outputs/seed_robustness_shortlist/PICNN_MTLSH__mse__minmax__seed84/picnn_mtlsh_state_dict_best.pt
Epoch 088 | train_loss=1.5589e-01 | train_eval_loss=1.4741e-01 | val_loss=1.4796e-01 | | lr=1.00e-03
Saved best model to results/thesis_model_results/outputs/seed_robustness_shortlist/PICNN_MTLSH__mse__minmax__seed84/picnn_mtlsh_state_dict_best.pt
Epoch 089 | train_loss=1.4002e-01 | train_eval_loss=1.3259e-01 | val_loss=1.3309e-01 | | lr=1.00e-03
Saved best model to results/thesis_model_results/outputs/seed_robustness_shortlist/PICNN_MTLSH__mse__minmax__seed84/picnn_mtlsh_state_dict_best.pt
Epoch 090 | train_loss=1.2612e-01 | train_eval_loss=1.1966e-01 | val_loss=1.2010e-01 | | lr=1.00e-03
Saved best model to results/thesis_model_results/outputs/seed_robustness_shortlist/PICNN_MTLSH__mse__minmax__seed84/picnn_mtlsh_state_dict_best.pt
Epoch 091 | train_loss=1.1402e-01 | train_eval_loss=1.0840e-01 | val_loss=1.0880e-01 | | lr=1.00e-03
Saved best model to results/thesis_model_results/outputs/seed_robustness_shortlist/PICNN_MTLSH__mse__minmax__seed84/picnn_mtlsh_state_dict_best.pt
Epoch 092 | train_loss=1.0353e-01 | train_eval_loss=9.8679e-02 | val_loss=9.9043e-02 | | lr=1.00e-03
Saved best model to results/thesis_model_results/outputs/seed_robustness_shortlist/PICNN_MTLSH__mse__minmax__seed84/picnn_mtlsh_state_dict_best.pt
Epoch 093 | train_loss=9.4485e-02 | train_eval_loss=9.0317e-02 | val_loss=9.0643e-02 | | lr=1.00e-03
Saved best model to results/thesis_model_results/outputs/seed_robustness_shortlist/PICNN_MTLSH__mse__minmax__seed84/picnn_mtlsh_state_dict_best.pt
Epoch 094 | train_loss=8.6718e-02 | train_eval_loss=8.3151e-02 | val_loss=8.3441e-02 | | lr=1.00e-03
Saved best model to results/thesis_model_results/outputs/seed_robustness_shortlist/PICNN_MTLSH__mse__minmax__seed84/picnn_mtlsh_state_dict_best.pt
Epoch 095 | train_loss=8.0083e-02 | train_eval_loss=7.7038e-02 | val_loss=7.7295e-02 | | lr=1.00e-03
Saved best model to results/thesis_model_results/outputs/seed_robustness_shortlist/PICNN_MTLSH__mse__minmax__seed84/picnn_mtlsh_state_dict_best.pt
Epoch 096 | train_loss=7.4434e-02 | train_eval_loss=7.1855e-02 | val_loss=7.2083e-02 | | lr=1.00e-03
Saved best model to results/thesis_model_results/outputs/seed_robustness_shortlist/PICNN_MTLSH__mse__minmax__seed84/picnn_mtlsh_state_dict_best.pt
Epoch 097 | train_loss=6.9648e-02 | train_eval_loss=6.7460e-02 | val_loss=6.7662e-02 | | lr=1.00e-03
Saved best model to results/thesis_model_results/outputs/seed_robustness_shortlist/PICNN_MTLSH__mse__minmax__seed84/picnn_mtlsh_state_dict_best.pt
Epoch 098 | train_loss=6.5599e-02 | train_eval_loss=6.3755e-02 | val_loss=6.3932e-02 | | lr=1.00e-03
Saved best model to results/thesis_model_results/outputs/seed_robustness_shortlist/PICNN_MTLSH__mse__minmax__seed84/picnn_mtlsh_state_dict_best.pt
Epoch 099 | train_loss=6.2181e-02 | train_eval_loss=6.0623e-02 | val_loss=6.0778e-02 | | lr=1.00e-03
Saved best model to results/thesis_model_results/outputs/seed_robustness_shortlist/PICNN_MTLSH__mse__minmax__seed84/picnn_mtlsh_state_dict_best.pt
Epoch 100 | train_loss=5.9300e-02 | train_eval_loss=5.7988e-02 | val_loss=5.8124e-02 | | lr=1.00e-03
Saved best model to results/thesis_model_results/outputs/seed_robustness_shortlist/PICNN_MTLSH__mse__minmax__seed84/picnn_mtlsh_state_dict_best.pt
Epoch 101 | train_loss=5.6873e-02 | train_eval_loss=5.5767e-02 | val_loss=5.5885e-02 | | lr=1.00e-03
Saved best model to results/thesis_model_results/outputs/seed_robustness_shortlist/PICNN_MTLSH__mse__minmax__seed84/picnn_mtlsh_state_dict_best.pt
Epoch 102 | train_loss=5.4822e-02 | train_eval_loss=5.3885e-02 | val_loss=5.3987e-02 | | lr=1.00e-03
Saved best model to results/thesis_model_results/outputs/seed_robustness_shortlist/PICNN_MTLSH__mse__minmax__seed84/picnn_mtlsh_state_dict_best.pt
Epoch 103 | train_loss=5.3084e-02 | train_eval_loss=5.2289e-02 | val_loss=5.2377e-02 | | lr=1.00e-03
Saved best model to results/thesis_model_results/outputs/seed_robustness_shortlist/PICNN_MTLSH__mse__minmax__seed84/picnn_mtlsh_state_dict_best.pt
Epoch 104 | train_loss=5.1601e-02 | train_eval_loss=5.0920e-02 | val_loss=5.0997e-02 | | lr=1.00e-03
Saved best model to results/thesis_model_results/outputs/seed_robustness_shortlist/PICNN_MTLSH__mse__minmax__seed84/picnn_mtlsh_state_dict_best.pt
Epoch 105 | train_loss=5.0332e-02 | train_eval_loss=4.9739e-02 | val_loss=4.9805e-02 | | lr=1.00e-03
Saved best model to results/thesis_model_results/outputs/seed_robustness_shortlist/PICNN_MTLSH__mse__minmax__seed84/picnn_mtlsh_state_dict_best.pt
Epoch 106 | train_loss=4.9230e-02 | train_eval_loss=4.8718e-02 | val_loss=4.8775e-02 | | lr=1.00e-03
Saved best model to results/thesis_model_results/outputs/seed_robustness_shortlist/PICNN_MTLSH__mse__minmax__seed84/picnn_mtlsh_state_dict_best.pt
Epoch 107 | train_loss=4.8267e-02 | train_eval_loss=4.7815e-02 | val_loss=4.7864e-02 | | lr=1.00e-03
Saved best model to results/thesis_model_results/outputs/seed_robustness_shortlist/PICNN_MTLSH__mse__minmax__seed84/picnn_mtlsh_state_dict_best.pt
Epoch 108 | train_loss=4.7417e-02 | train_eval_loss=4.7014e-02 | val_loss=4.7057e-02 | | lr=1.00e-03
Saved best model to results/thesis_model_results/outputs/seed_robustness_shortlist/PICNN_MTLSH__mse__minmax__seed84/picnn_mtlsh_state_dict_best.pt
Epoch 109 | train_loss=4.6655e-02 | train_eval_loss=4.6290e-02 | val_loss=4.6326e-02 | | lr=1.00e-03
Saved best model to results/thesis_model_results/outputs/seed_robustness_shortlist/PICNN_MTLSH__mse__minmax__seed84/picnn_mtlsh_state_dict_best.pt
Epoch 110 | train_loss=4.5966e-02 | train_eval_loss=4.5632e-02 | val_loss=4.5664e-02 | | lr=1.00e-03
Saved best model to results/thesis_model_results/outputs/seed_robustness_shortlist/PICNN_MTLSH__mse__minmax__seed84/picnn_mtlsh_state_dict_best.pt
Epoch 111 | train_loss=4.5334e-02 | train_eval_loss=4.5031e-02 | val_loss=4.5059e-02 | | lr=1.00e-03
Saved best model to results/thesis_model_results/outputs/seed_robustness_shortlist/PICNN_MTLSH__mse__minmax__seed84/picnn_mtlsh_state_dict_best.pt
Epoch 112 | train_loss=4.4750e-02 | train_eval_loss=4.4466e-02 | val_loss=4.4491e-02 | | lr=1.00e-03
Saved best model to results/thesis_model_results/outputs/seed_robustness_shortlist/PICNN_MTLSH__mse__minmax__seed84/picnn_mtlsh_state_dict_best.pt
Epoch 113 | train_loss=4.4205e-02 | train_eval_loss=4.3937e-02 | val_loss=4.3959e-02 | | lr=1.00e-03
Saved best model to results/thesis_model_results/outputs/seed_robustness_shortlist/PICNN_MTLSH__mse__minmax__seed84/picnn_mtlsh_state_dict_best.pt
Epoch 114 | train_loss=4.3693e-02 | train_eval_loss=4.3440e-02 | val_loss=4.3460e-02 | | lr=1.00e-03
Saved best model to results/thesis_model_results/outputs/seed_robustness_shortlist/PICNN_MTLSH__mse__minmax__seed84/picnn_mtlsh_state_dict_best.pt
Epoch 115 | train_loss=4.3209e-02 | train_eval_loss=4.2969e-02 | val_loss=4.2987e-02 | | lr=1.00e-03
Saved best model to results/thesis_model_results/outputs/seed_robustness_shortlist/PICNN_MTLSH__mse__minmax__seed84/picnn_mtlsh_state_dict_best.pt
Epoch 116 | train_loss=4.2750e-02 | train_eval_loss=4.2524e-02 | val_loss=4.2540e-02 | | lr=1.00e-03
Saved best model to results/thesis_model_results/outputs/seed_robustness_shortlist/PICNN_MTLSH__mse__minmax__seed84/picnn_mtlsh_state_dict_best.pt
Epoch 117 | train_loss=4.2313e-02 | train_eval_loss=4.2096e-02 | val_loss=4.2112e-02 | | lr=1.00e-03
Saved best model to results/thesis_model_results/outputs/seed_robustness_shortlist/PICNN_MTLSH__mse__minmax__seed84/picnn_mtlsh_state_dict_best.pt
Epoch 118 | train_loss=4.1896e-02 | train_eval_loss=4.1687e-02 | val_loss=4.1701e-02 | | lr=1.00e-03
Saved best model to results/thesis_model_results/outputs/seed_robustness_shortlist/PICNN_MTLSH__mse__minmax__seed84/picnn_mtlsh_state_dict_best.pt
Epoch 119 | train_loss=4.1496e-02 | train_eval_loss=4.1297e-02 | val_loss=4.1310e-02 | | lr=1.00e-03
Saved best model to results/thesis_model_results/outputs/seed_robustness_shortlist/PICNN_MTLSH__mse__minmax__seed84/picnn_mtlsh_state_dict_best.pt
Epoch 120 | train_loss=4.1113e-02 | train_eval_loss=4.0923e-02 | val_loss=4.0936e-02 | | lr=1.00e-03
Saved best model to results/thesis_model_results/outputs/seed_robustness_shortlist/PICNN_MTLSH__mse__minmax__seed84/picnn_mtlsh_state_dict_best.pt
Epoch 121 | train_loss=4.0747e-02 | train_eval_loss=4.0565e-02 | val_loss=4.0577e-02 | | lr=1.00e-03
Saved best model to results/thesis_model_results/outputs/seed_robustness_shortlist/PICNN_MTLSH__mse__minmax__seed84/picnn_mtlsh_state_dict_best.pt
Epoch 122 | train_loss=4.0397e-02 | train_eval_loss=4.0221e-02 | val_loss=4.0233e-02 | | lr=1.00e-03
Saved best model to results/thesis_model_results/outputs/seed_robustness_shortlist/PICNN_MTLSH__mse__minmax__seed84/picnn_mtlsh_state_dict_best.pt
Epoch 123 | train_loss=4.0061e-02 | train_eval_loss=3.9893e-02 | val_loss=3.9905e-02 | | lr=1.00e-03
Saved best model to results/thesis_model_results/outputs/seed_robustness_shortlist/PICNN_MTLSH__mse__minmax__seed84/picnn_mtlsh_state_dict_best.pt
Epoch 124 | train_loss=3.9740e-02 | train_eval_loss=3.9580e-02 | val_loss=3.9590e-02 | | lr=1.00e-03
Saved best model to results/thesis_model_results/outputs/seed_robustness_shortlist/PICNN_MTLSH__mse__minmax__seed84/picnn_mtlsh_state_dict_best.pt
Epoch 125 | train_loss=3.9432e-02 | train_eval_loss=3.9278e-02 | val_loss=3.9288e-02 | | lr=1.00e-03
Saved best model to results/thesis_model_results/outputs/seed_robustness_shortlist/PICNN_MTLSH__mse__minmax__seed84/picnn_mtlsh_state_dict_best.pt
Epoch 126 | train_loss=3.9136e-02 | train_eval_loss=3.8990e-02 | val_loss=3.9000e-02 | | lr=1.00e-03
Saved best model to results/thesis_model_results/outputs/seed_robustness_shortlist/PICNN_MTLSH__mse__minmax__seed84/picnn_mtlsh_state_dict_best.pt
Epoch 127 | train_loss=3.8853e-02 | train_eval_loss=3.8711e-02 | val_loss=3.8720e-02 | | lr=1.00e-03
Saved best model to results/thesis_model_results/outputs/seed_robustness_shortlist/PICNN_MTLSH__mse__minmax__seed84/picnn_mtlsh_state_dict_best.pt
Epoch 128 | train_loss=3.8581e-02 | train_eval_loss=3.8445e-02 | val_loss=3.8453e-02 | | lr=1.00e-03
Saved best model to results/thesis_model_results/outputs/seed_robustness_shortlist/PICNN_MTLSH__mse__minmax__seed84/picnn_mtlsh_state_dict_best.pt
Epoch 129 | train_loss=3.8319e-02 | train_eval_loss=3.8188e-02 | val_loss=3.8195e-02 | | lr=1.00e-03
Saved best model to results/thesis_model_results/outputs/seed_robustness_shortlist/PICNN_MTLSH__mse__minmax__seed84/picnn_mtlsh_state_dict_best.pt
Epoch 130 | train_loss=3.8066e-02 | train_eval_loss=3.7942e-02 | val_loss=3.7949e-02 | | lr=1.00e-03
Saved best model to results/thesis_model_results/outputs/seed_robustness_shortlist/PICNN_MTLSH__mse__minmax__seed84/picnn_mtlsh_state_dict_best.pt
Epoch 131 | train_loss=3.7824e-02 | train_eval_loss=3.7701e-02 | val_loss=3.7708e-02 | | lr=1.00e-03
Saved best model to results/thesis_model_results/outputs/seed_robustness_shortlist/PICNN_MTLSH__mse__minmax__seed84/picnn_mtlsh_state_dict_best.pt
Epoch 132 | train_loss=3.7589e-02 | train_eval_loss=3.7472e-02 | val_loss=3.7478e-02 | | lr=1.00e-03
Saved best model to results/thesis_model_results/outputs/seed_robustness_shortlist/PICNN_MTLSH__mse__minmax__seed84/picnn_mtlsh_state_dict_best.pt
Epoch 133 | train_loss=3.7363e-02 | train_eval_loss=3.7249e-02 | val_loss=3.7254e-02 | | lr=1.00e-03
Saved best model to results/thesis_model_results/outputs/seed_robustness_shortlist/PICNN_MTLSH__mse__minmax__seed84/picnn_mtlsh_state_dict_best.pt
Epoch 134 | train_loss=3.7144e-02 | train_eval_loss=3.7033e-02 | val_loss=3.7038e-02 | | lr=1.00e-03
Saved best model to results/thesis_model_results/outputs/seed_robustness_shortlist/PICNN_MTLSH__mse__minmax__seed84/picnn_mtlsh_state_dict_best.pt
Epoch 135 | train_loss=3.6931e-02 | train_eval_loss=3.6824e-02 | val_loss=3.6828e-02 | | lr=1.00e-03
Saved best model to results/thesis_model_results/outputs/seed_robustness_shortlist/PICNN_MTLSH__mse__minmax__seed84/picnn_mtlsh_state_dict_best.pt
Epoch 136 | train_loss=3.6724e-02 | train_eval_loss=3.6619e-02 | val_loss=3.6623e-02 | | lr=1.00e-03
Saved best model to results/thesis_model_results/outputs/seed_robustness_shortlist/PICNN_MTLSH__mse__minmax__seed84/picnn_mtlsh_state_dict_best.pt
Epoch 137 | train_loss=3.6522e-02 | train_eval_loss=3.6419e-02 | val_loss=3.6422e-02 | | lr=1.00e-03
Saved best model to results/thesis_model_results/outputs/seed_robustness_shortlist/PICNN_MTLSH__mse__minmax__seed84/picnn_mtlsh_state_dict_best.pt
Epoch 138 | train_loss=3.6324e-02 | train_eval_loss=3.6224e-02 | val_loss=3.6227e-02 | | lr=1.00e-03
Saved best model to results/thesis_model_results/outputs/seed_robustness_shortlist/PICNN_MTLSH__mse__minmax__seed84/picnn_mtlsh_state_dict_best.pt
Epoch 139 | train_loss=3.6130e-02 | train_eval_loss=3.6031e-02 | val_loss=3.6033e-02 | | lr=1.00e-03
Saved best model to results/thesis_model_results/outputs/seed_robustness_shortlist/PICNN_MTLSH__mse__minmax__seed84/picnn_mtlsh_state_dict_best.pt
Epoch 140 | train_loss=3.5940e-02 | train_eval_loss=3.5843e-02 | val_loss=3.5845e-02 | | lr=1.00e-03
Saved best model to results/thesis_model_results/outputs/seed_robustness_shortlist/PICNN_MTLSH__mse__minmax__seed84/picnn_mtlsh_state_dict_best.pt
Epoch 141 | train_loss=3.5753e-02 | train_eval_loss=3.5657e-02 | val_loss=3.5659e-02 | | lr=1.00e-03
Saved best model to results/thesis_model_results/outputs/seed_robustness_shortlist/PICNN_MTLSH__mse__minmax__seed84/picnn_mtlsh_state_dict_best.pt
Epoch 142 | train_loss=3.5568e-02 | train_eval_loss=3.5474e-02 | val_loss=3.5475e-02 | | lr=1.00e-03
Saved best model to results/thesis_model_results/outputs/seed_robustness_shortlist/PICNN_MTLSH__mse__minmax__seed84/picnn_mtlsh_state_dict_best.pt
Epoch 143 | train_loss=3.5386e-02 | train_eval_loss=3.5293e-02 | val_loss=3.5295e-02 | | lr=1.00e-03
Saved best model to results/thesis_model_results/outputs/seed_robustness_shortlist/PICNN_MTLSH__mse__minmax__seed84/picnn_mtlsh_state_dict_best.pt
Epoch 144 | train_loss=3.5206e-02 | train_eval_loss=3.5114e-02 | val_loss=3.5116e-02 | | lr=1.00e-03
Saved best model to results/thesis_model_results/outputs/seed_robustness_shortlist/PICNN_MTLSH__mse__minmax__seed84/picnn_mtlsh_state_dict_best.pt
Epoch 145 | train_loss=3.5027e-02 | train_eval_loss=3.4936e-02 | val_loss=3.4935e-02 | | lr=1.00e-03
Saved best model to results/thesis_model_results/outputs/seed_robustness_shortlist/PICNN_MTLSH__mse__minmax__seed84/picnn_mtlsh_state_dict_best.pt
Epoch 146 | train_loss=3.4850e-02 | train_eval_loss=3.4759e-02 | val_loss=3.4760e-02 | | lr=1.00e-03
Saved best model to results/thesis_model_results/outputs/seed_robustness_shortlist/PICNN_MTLSH__mse__minmax__seed84/picnn_mtlsh_state_dict_best.pt
Epoch 147 | train_loss=3.4674e-02 | train_eval_loss=3.4584e-02 | val_loss=3.4585e-02 | | lr=1.00e-03
Saved best model to results/thesis_model_results/outputs/seed_robustness_shortlist/PICNN_MTLSH__mse__minmax__seed84/picnn_mtlsh_state_dict_best.pt
Epoch 148 | train_loss=3.4500e-02 | train_eval_loss=3.4410e-02 | val_loss=3.4412e-02 | | lr=1.00e-03
Saved best model to results/thesis_model_results/outputs/seed_robustness_shortlist/PICNN_MTLSH__mse__minmax__seed84/picnn_mtlsh_state_dict_best.pt
Epoch 149 | train_loss=3.4327e-02 | train_eval_loss=3.4237e-02 | val_loss=3.4239e-02 | | lr=1.00e-03
Saved best model to results/thesis_model_results/outputs/seed_robustness_shortlist/PICNN_MTLSH__mse__minmax__seed84/picnn_mtlsh_state_dict_best.pt
Epoch 150 | train_loss=3.4154e-02 | train_eval_loss=3.4065e-02 | val_loss=3.4067e-02 | | lr=1.00e-03
Saved best model to results/thesis_model_results/outputs/seed_robustness_shortlist/PICNN_MTLSH__mse__minmax__seed84/picnn_mtlsh_state_dict_best.pt
Epoch 151 | train_loss=3.3983e-02 | train_eval_loss=3.3895e-02 | val_loss=3.3897e-02 | | lr=1.00e-03
Saved best model to results/thesis_model_results/outputs/seed_robustness_shortlist/PICNN_MTLSH__mse__minmax__seed84/picnn_mtlsh_state_dict_best.pt
Epoch 152 | train_loss=3.3813e-02 | train_eval_loss=3.3725e-02 | val_loss=3.3730e-02 | | lr=1.00e-03
Saved best model to results/thesis_model_results/outputs/seed_robustness_shortlist/PICNN_MTLSH__mse__minmax__seed84/picnn_mtlsh_state_dict_best.pt
Epoch 153 | train_loss=3.3643e-02 | train_eval_loss=3.3557e-02 | val_loss=3.3560e-02 | | lr=1.00e-03
Saved best model to results/thesis_model_results/outputs/seed_robustness_shortlist/PICNN_MTLSH__mse__minmax__seed84/picnn_mtlsh_state_dict_best.pt
Epoch 154 | train_loss=3.3475e-02 | train_eval_loss=3.3388e-02 | val_loss=3.3394e-02 | | lr=1.00e-03
Saved best model to results/thesis_model_results/outputs/seed_robustness_shortlist/PICNN_MTLSH__mse__minmax__seed84/picnn_mtlsh_state_dict_best.pt
Epoch 155 | train_loss=3.3308e-02 | train_eval_loss=3.3222e-02 | val_loss=3.3226e-02 | | lr=1.00e-03
Saved best model to results/thesis_model_results/outputs/seed_robustness_shortlist/PICNN_MTLSH__mse__minmax__seed84/picnn_mtlsh_state_dict_best.pt
Epoch 156 | train_loss=3.3141e-02 | train_eval_loss=3.3055e-02 | val_loss=3.3060e-02 | | lr=1.00e-03
Saved best model to results/thesis_model_results/outputs/seed_robustness_shortlist/PICNN_MTLSH__mse__minmax__seed84/picnn_mtlsh_state_dict_best.pt
Epoch 157 | train_loss=3.2976e-02 | train_eval_loss=3.2891e-02 | val_loss=3.2897e-02 | | lr=1.00e-03
Saved best model to results/thesis_model_results/outputs/seed_robustness_shortlist/PICNN_MTLSH__mse__minmax__seed84/picnn_mtlsh_state_dict_best.pt
Epoch 158 | train_loss=3.2812e-02 | train_eval_loss=3.2727e-02 | val_loss=3.2735e-02 | | lr=1.00e-03
Saved best model to results/thesis_model_results/outputs/seed_robustness_shortlist/PICNN_MTLSH__mse__minmax__seed84/picnn_mtlsh_state_dict_best.pt
Epoch 159 | train_loss=3.2649e-02 | train_eval_loss=3.2564e-02 | val_loss=3.2573e-02 | | lr=1.00e-03
Saved best model to results/thesis_model_results/outputs/seed_robustness_shortlist/PICNN_MTLSH__mse__minmax__seed84/picnn_mtlsh_state_dict_best.pt
Epoch 160 | train_loss=3.2487e-02 | train_eval_loss=3.2404e-02 | val_loss=3.2414e-02 | | lr=1.00e-03
Saved best model to results/thesis_model_results/outputs/seed_robustness_shortlist/PICNN_MTLSH__mse__minmax__seed84/picnn_mtlsh_state_dict_best.pt
Epoch 161 | train_loss=3.2326e-02 | train_eval_loss=3.2242e-02 | val_loss=3.2252e-02 | | lr=1.00e-03
Saved best model to results/thesis_model_results/outputs/seed_robustness_shortlist/PICNN_MTLSH__mse__minmax__seed84/picnn_mtlsh_state_dict_best.pt
Epoch 162 | train_loss=3.2166e-02 | train_eval_loss=3.2083e-02 | val_loss=3.2093e-02 | | lr=1.00e-03
Saved best model to results/thesis_model_results/outputs/seed_robustness_shortlist/PICNN_MTLSH__mse__minmax__seed84/picnn_mtlsh_state_dict_best.pt
Epoch 163 | train_loss=3.2006e-02 | train_eval_loss=3.1924e-02 | val_loss=3.1936e-02 | | lr=1.00e-03
Saved best model to results/thesis_model_results/outputs/seed_robustness_shortlist/PICNN_MTLSH__mse__minmax__seed84/picnn_mtlsh_state_dict_best.pt
Epoch 164 | train_loss=3.1848e-02 | train_eval_loss=3.1766e-02 | val_loss=3.1780e-02 | | lr=1.00e-03
Saved best model to results/thesis_model_results/outputs/seed_robustness_shortlist/PICNN_MTLSH__mse__minmax__seed84/picnn_mtlsh_state_dict_best.pt
Epoch 165 | train_loss=3.1691e-02 | train_eval_loss=3.1610e-02 | val_loss=3.1625e-02 | | lr=1.00e-03
Saved best model to results/thesis_model_results/outputs/seed_robustness_shortlist/PICNN_MTLSH__mse__minmax__seed84/picnn_mtlsh_state_dict_best.pt
Epoch 166 | train_loss=3.1534e-02 | train_eval_loss=3.1453e-02 | val_loss=3.1469e-02 | | lr=1.00e-03
Saved best model to results/thesis_model_results/outputs/seed_robustness_shortlist/PICNN_MTLSH__mse__minmax__seed84/picnn_mtlsh_state_dict_best.pt
Epoch 167 | train_loss=3.1379e-02 | train_eval_loss=3.1298e-02 | val_loss=3.1316e-02 | | lr=1.00e-03
Saved best model to results/thesis_model_results/outputs/seed_robustness_shortlist/PICNN_MTLSH__mse__minmax__seed84/picnn_mtlsh_state_dict_best.pt
Epoch 168 | train_loss=3.1223e-02 | train_eval_loss=3.1143e-02 | val_loss=3.1163e-02 | | lr=1.00e-03
Saved best model to results/thesis_model_results/outputs/seed_robustness_shortlist/PICNN_MTLSH__mse__minmax__seed84/picnn_mtlsh_state_dict_best.pt
Epoch 169 | train_loss=3.1069e-02 | train_eval_loss=3.0989e-02 | val_loss=3.1009e-02 | | lr=1.00e-03
Saved best model to results/thesis_model_results/outputs/seed_robustness_shortlist/PICNN_MTLSH__mse__minmax__seed84/picnn_mtlsh_state_dict_best.pt
Epoch 170 | train_loss=3.0915e-02 | train_eval_loss=3.0835e-02 | val_loss=3.0856e-02 | | lr=1.00e-03
Saved best model to results/thesis_model_results/outputs/seed_robustness_shortlist/PICNN_MTLSH__mse__minmax__seed84/picnn_mtlsh_state_dict_best.pt
Epoch 171 | train_loss=3.0762e-02 | train_eval_loss=3.0681e-02 | val_loss=3.0703e-02 | | lr=1.00e-03
Saved best model to results/thesis_model_results/outputs/seed_robustness_shortlist/PICNN_MTLSH__mse__minmax__seed84/picnn_mtlsh_state_dict_best.pt
Epoch 172 | train_loss=3.0607e-02 | train_eval_loss=3.0527e-02 | val_loss=3.0553e-02 | | lr=1.00e-03
Saved best model to results/thesis_model_results/outputs/seed_robustness_shortlist/PICNN_MTLSH__mse__minmax__seed84/picnn_mtlsh_state_dict_best.pt
Epoch 173 | train_loss=3.0453e-02 | train_eval_loss=3.0373e-02 | val_loss=3.0399e-02 | | lr=1.00e-03
Saved best model to results/thesis_model_results/outputs/seed_robustness_shortlist/PICNN_MTLSH__mse__minmax__seed84/picnn_mtlsh_state_dict_best.pt
Epoch 174 | train_loss=3.0300e-02 | train_eval_loss=3.0219e-02 | val_loss=3.0245e-02 | | lr=1.00e-03
Saved best model to results/thesis_model_results/outputs/seed_robustness_shortlist/PICNN_MTLSH__mse__minmax__seed84/picnn_mtlsh_state_dict_best.pt
Epoch 175 | train_loss=3.0145e-02 | train_eval_loss=3.0064e-02 | val_loss=3.0093e-02 | | lr=1.00e-03
Saved best model to results/thesis_model_results/outputs/seed_robustness_shortlist/PICNN_MTLSH__mse__minmax__seed84/picnn_mtlsh_state_dict_best.pt
Epoch 176 | train_loss=2.9990e-02 | train_eval_loss=2.9909e-02 | val_loss=2.9940e-02 | | lr=1.00e-03
Saved best model to results/thesis_model_results/outputs/seed_robustness_shortlist/PICNN_MTLSH__mse__minmax__seed84/picnn_mtlsh_state_dict_best.pt
Epoch 177 | train_loss=2.9834e-02 | train_eval_loss=2.9752e-02 | val_loss=2.9787e-02 | | lr=1.00e-03
Saved best model to results/thesis_model_results/outputs/seed_robustness_shortlist/PICNN_MTLSH__mse__minmax__seed84/picnn_mtlsh_state_dict_best.pt
Epoch 178 | train_loss=2.9677e-02 | train_eval_loss=2.9595e-02 | val_loss=2.9630e-02 | | lr=1.00e-03
Saved best model to results/thesis_model_results/outputs/seed_robustness_shortlist/PICNN_MTLSH__mse__minmax__seed84/picnn_mtlsh_state_dict_best.pt
Epoch 179 | train_loss=2.9520e-02 | train_eval_loss=2.9436e-02 | val_loss=2.9474e-02 | | lr=1.00e-03
Saved best model to results/thesis_model_results/outputs/seed_robustness_shortlist/PICNN_MTLSH__mse__minmax__seed84/picnn_mtlsh_state_dict_best.pt
Epoch 180 | train_loss=2.9360e-02 | train_eval_loss=2.9277e-02 | val_loss=2.9316e-02 | | lr=1.00e-03
Saved best model to results/thesis_model_results/outputs/seed_robustness_shortlist/PICNN_MTLSH__mse__minmax__seed84/picnn_mtlsh_state_dict_best.pt
Epoch 181 | train_loss=2.9199e-02 | train_eval_loss=2.9114e-02 | val_loss=2.9158e-02 | | lr=1.00e-03
Saved best model to results/thesis_model_results/outputs/seed_robustness_shortlist/PICNN_MTLSH__mse__minmax__seed84/picnn_mtlsh_state_dict_best.pt
Epoch 182 | train_loss=2.9036e-02 | train_eval_loss=2.8951e-02 | val_loss=2.8995e-02 | | lr=1.00e-03
Saved best model to results/thesis_model_results/outputs/seed_robustness_shortlist/PICNN_MTLSH__mse__minmax__seed84/picnn_mtlsh_state_dict_best.pt
Epoch 183 | train_loss=2.8872e-02 | train_eval_loss=2.8785e-02 | val_loss=2.8830e-02 | | lr=1.00e-03
Saved best model to results/thesis_model_results/outputs/seed_robustness_shortlist/PICNN_MTLSH__mse__minmax__seed84/picnn_mtlsh_state_dict_best.pt
Epoch 184 | train_loss=2.8705e-02 | train_eval_loss=2.8617e-02 | val_loss=2.8667e-02 | | lr=1.00e-03
Saved best model to results/thesis_model_results/outputs/seed_robustness_shortlist/PICNN_MTLSH__mse__minmax__seed84/picnn_mtlsh_state_dict_best.pt
Epoch 185 | train_loss=2.8536e-02 | train_eval_loss=2.8447e-02 | val_loss=2.8500e-02 | | lr=1.00e-03
Saved best model to results/thesis_model_results/outputs/seed_robustness_shortlist/PICNN_MTLSH__mse__minmax__seed84/picnn_mtlsh_state_dict_best.pt
Epoch 186 | train_loss=2.8364e-02 | train_eval_loss=2.8274e-02 | val_loss=2.8327e-02 | | lr=1.00e-03
Saved best model to results/thesis_model_results/outputs/seed_robustness_shortlist/PICNN_MTLSH__mse__minmax__seed84/picnn_mtlsh_state_dict_best.pt
Epoch 187 | train_loss=2.8190e-02 | train_eval_loss=2.8099e-02 | val_loss=2.8158e-02 | | lr=1.00e-03
Saved best model to results/thesis_model_results/outputs/seed_robustness_shortlist/PICNN_MTLSH__mse__minmax__seed84/picnn_mtlsh_state_dict_best.pt
Epoch 188 | train_loss=2.8014e-02 | train_eval_loss=2.7920e-02 | val_loss=2.7978e-02 | | lr=1.00e-03
Saved best model to results/thesis_model_results/outputs/seed_robustness_shortlist/PICNN_MTLSH__mse__minmax__seed84/picnn_mtlsh_state_dict_best.pt
Epoch 189 | train_loss=2.7834e-02 | train_eval_loss=2.7739e-02 | val_loss=2.7805e-02 | | lr=1.00e-03
Saved best model to results/thesis_model_results/outputs/seed_robustness_shortlist/PICNN_MTLSH__mse__minmax__seed84/picnn_mtlsh_state_dict_best.pt
Epoch 190 | train_loss=2.7651e-02 | train_eval_loss=2.7553e-02 | val_loss=2.7617e-02 | | lr=1.00e-03
Saved best model to results/thesis_model_results/outputs/seed_robustness_shortlist/PICNN_MTLSH__mse__minmax__seed84/picnn_mtlsh_state_dict_best.pt
Epoch 191 | train_loss=2.7464e-02 | train_eval_loss=2.7366e-02 | val_loss=2.7431e-02 | | lr=1.00e-03
Saved best model to results/thesis_model_results/outputs/seed_robustness_shortlist/PICNN_MTLSH__mse__minmax__seed84/picnn_mtlsh_state_dict_best.pt
Epoch 192 | train_loss=2.7275e-02 | train_eval_loss=2.7174e-02 | val_loss=2.7246e-02 | | lr=1.00e-03
Saved best model to results/thesis_model_results/outputs/seed_robustness_shortlist/PICNN_MTLSH__mse__minmax__seed84/picnn_mtlsh_state_dict_best.pt
Epoch 193 | train_loss=2.7082e-02 | train_eval_loss=2.6980e-02 | val_loss=2.7047e-02 | | lr=1.00e-03
Saved best model to results/thesis_model_results/outputs/seed_robustness_shortlist/PICNN_MTLSH__mse__minmax__seed84/picnn_mtlsh_state_dict_best.pt
Epoch 194 | train_loss=2.6885e-02 | train_eval_loss=2.6781e-02 | val_loss=2.6853e-02 | | lr=1.00e-03
Saved best model to results/thesis_model_results/outputs/seed_robustness_shortlist/PICNN_MTLSH__mse__minmax__seed84/picnn_mtlsh_state_dict_best.pt
Epoch 195 | train_loss=2.6687e-02 | train_eval_loss=2.6579e-02 | val_loss=2.6658e-02 | | lr=1.00e-03
Saved best model to results/thesis_model_results/outputs/seed_robustness_shortlist/PICNN_MTLSH__mse__minmax__seed84/picnn_mtlsh_state_dict_best.pt
Epoch 196 | train_loss=2.6481e-02 | train_eval_loss=2.6374e-02 | val_loss=2.6455e-02 | | lr=1.00e-03
Saved best model to results/thesis_model_results/outputs/seed_robustness_shortlist/PICNN_MTLSH__mse__minmax__seed84/picnn_mtlsh_state_dict_best.pt
Epoch 197 | train_loss=2.6274e-02 | train_eval_loss=2.6164e-02 | val_loss=2.6244e-02 | | lr=1.00e-03
Saved best model to results/thesis_model_results/outputs/seed_robustness_shortlist/PICNN_MTLSH__mse__minmax__seed84/picnn_mtlsh_state_dict_best.pt
Epoch 198 | train_loss=2.6064e-02 | train_eval_loss=2.5951e-02 | val_loss=2.6033e-02 | | lr=1.00e-03
Saved best model to results/thesis_model_results/outputs/seed_robustness_shortlist/PICNN_MTLSH__mse__minmax__seed84/picnn_mtlsh_state_dict_best.pt
Epoch 199 | train_loss=2.5849e-02 | train_eval_loss=2.5733e-02 | val_loss=2.5821e-02 | | lr=1.00e-03
Saved best model to results/thesis_model_results/outputs/seed_robustness_shortlist/PICNN_MTLSH__mse__minmax__seed84/picnn_mtlsh_state_dict_best.pt
Epoch 200 | train_loss=2.5629e-02 | train_eval_loss=2.5513e-02 | val_loss=2.5606e-02 | | lr=1.00e-03
Saved best model to results/thesis_model_results/outputs/seed_robustness_shortlist/PICNN_MTLSH__mse__minmax__seed84/picnn_mtlsh_state_dict_best.pt
Saved training logs to results/thesis_model_results/outputs/seed_robustness_shortlist/PICNN_MTLSH__mse__minmax__seed84/training_summary.txt
Test RMSE(rocof_COI) = 0.2252 | norm: 0.1709 | real_diff: 0.1804
Test RMSE(dev_COI) = 0.4933 | norm: 0.1829 | real_diff: 0.3948
Test RMSE(Delta_P_IBR_1) = 0.8792 | norm: 0.1388 | real_diff: 0.6975
Test RMSE(Delta_P_IBR_2) = 1.0283 | norm: 0.1431 | real_diff: 0.8203
Test RMSE(Delta_P_IBR_3) = 0.8594 | norm: 0.1509 | real_diff: 0.6858
Test RMSE(Delta_P_IBR_4) = 1.5875 | norm: 0.1641 | real_diff: 1.2702
Saved RMSE results to results/thesis_model_results/outputs/seed_robustness_shortlist/PICNN_MTLSH__mse__minmax__seed84/rmse_results.txt
Saved detailed metrics to results/thesis_model_results/outputs/seed_robustness_shortlist/PICNN_MTLSH__mse__minmax__seed84/metrics_by_target.csv
Saved aggregate metrics to results/thesis_model_results/outputs/seed_robustness_shortlist/PICNN_MTLSH__mse__minmax__seed84/metrics_summary.json
Saved loss curves to results/thesis_model_results/outputs/seed_robustness_shortlist/PICNN_MTLSH__mse__minmax__seed84/loss_curve.png
Saved scatter plot results/thesis_model_results/outputs/seed_robustness_shortlist/PICNN_MTLSH__mse__minmax__seed84/scatter_rocof_COI.png
Saved scatter plot results/thesis_model_results/outputs/seed_robustness_shortlist/PICNN_MTLSH__mse__minmax__seed84/scatter_dev_COI.png
Saved scatter plot results/thesis_model_results/outputs/seed_robustness_shortlist/PICNN_MTLSH__mse__minmax__seed84/scatter_Delta_P_IBR_1.png
Saved scatter plot results/thesis_model_results/outputs/seed_robustness_shortlist/PICNN_MTLSH__mse__minmax__seed84/scatter_Delta_P_IBR_2.png
Saved scatter plot results/thesis_model_results/outputs/seed_robustness_shortlist/PICNN_MTLSH__mse__minmax__seed84/scatter_Delta_P_IBR_3.png
Saved scatter plot results/thesis_model_results/outputs/seed_robustness_shortlist/PICNN_MTLSH__mse__minmax__seed84/scatter_Delta_P_IBR_4.png
Saved model to results/thesis_model_results/outputs/seed_robustness_shortlist/PICNN_MTLSH__mse__minmax__seed84/picnn_mtlsh_state_dict.pt
Loss type: mse | weights=[]
Target stats (scaled):
train mean=[0.549  0.589  0.492  0.4884 0.4785 0.4192]
train std=[0.1365 0.1371 0.1141 0.1063 0.1158 0.1138]
train q05=[0.3074 0.3979 0.3192 0.303  0.3347 0.2205]
train q95=[0.7933 0.8652 0.6719 0.6491 0.6927 0.6016]
val mean=[0.5473 0.5873 0.4922 0.4893 0.4798 0.4201]
val std=[0.1343 0.1348 0.1123 0.1072 0.1141 0.1112]
val q05=[0.3103 0.3982 0.3195 0.303  0.3376 0.2251]
val q95=[0.7886 0.8626 0.6731 0.6514 0.6918 0.5984]
val/train std ratio=[0.984  0.9828 0.9844 1.0084 0.9848 0.9772]
LR scheduler: ReduceLROnPlateau (factor=0.5, patience=8, min_lr=1e-07)
Epoch 001 | train_loss=3.4329e+08 | train_eval_loss=7.4626e+00 | val_loss=7.4634e+00 | | lr=1.00e-03
Saved best model to results/thesis_model_results/outputs/seed_robustness_shortlist/PICNN_MTLSH__mse__minmax__seed126/picnn_mtlsh_state_dict_best.pt
Epoch 002 | train_loss=7.4664e+00 | train_eval_loss=7.4586e+00 | val_loss=7.4594e+00 | | lr=1.00e-03
Saved best model to results/thesis_model_results/outputs/seed_robustness_shortlist/PICNN_MTLSH__mse__minmax__seed126/picnn_mtlsh_state_dict_best.pt
Epoch 003 | train_loss=7.4470e+00 | train_eval_loss=7.4341e+00 | val_loss=7.4348e+00 | | lr=1.00e-03
Saved best model to results/thesis_model_results/outputs/seed_robustness_shortlist/PICNN_MTLSH__mse__minmax__seed126/picnn_mtlsh_state_dict_best.pt
Epoch 004 | train_loss=7.4201e+00 | train_eval_loss=7.4046e+00 | val_loss=7.4054e+00 | | lr=1.00e-03
Saved best model to results/thesis_model_results/outputs/seed_robustness_shortlist/PICNN_MTLSH__mse__minmax__seed126/picnn_mtlsh_state_dict_best.pt
Epoch 005 | train_loss=7.3885e+00 | train_eval_loss=7.3709e+00 | val_loss=7.3716e+00 | | lr=1.00e-03
Saved best model to results/thesis_model_results/outputs/seed_robustness_shortlist/PICNN_MTLSH__mse__minmax__seed126/picnn_mtlsh_state_dict_best.pt
Epoch 006 | train_loss=7.3527e+00 | train_eval_loss=7.3329e+00 | val_loss=7.3337e+00 | | lr=1.00e-03
Saved best model to results/thesis_model_results/outputs/seed_robustness_shortlist/PICNN_MTLSH__mse__minmax__seed126/picnn_mtlsh_state_dict_best.pt
Epoch 007 | train_loss=7.3129e+00 | train_eval_loss=7.2913e+00 | val_loss=7.2920e+00 | | lr=1.00e-03
Saved best model to results/thesis_model_results/outputs/seed_robustness_shortlist/PICNN_MTLSH__mse__minmax__seed126/picnn_mtlsh_state_dict_best.pt
Epoch 008 | train_loss=7.2695e+00 | train_eval_loss=7.2460e+00 | val_loss=7.2467e+00 | | lr=1.00e-03
Saved best model to results/thesis_model_results/outputs/seed_robustness_shortlist/PICNN_MTLSH__mse__minmax__seed126/picnn_mtlsh_state_dict_best.pt
Epoch 009 | train_loss=7.2224e+00 | train_eval_loss=7.1971e+00 | val_loss=7.1978e+00 | | lr=1.00e-03
Saved best model to results/thesis_model_results/outputs/seed_robustness_shortlist/PICNN_MTLSH__mse__minmax__seed126/picnn_mtlsh_state_dict_best.pt
Epoch 010 | train_loss=7.1719e+00 | train_eval_loss=7.1448e+00 | val_loss=7.1455e+00 | | lr=1.00e-03
Saved best model to results/thesis_model_results/outputs/seed_robustness_shortlist/PICNN_MTLSH__mse__minmax__seed126/picnn_mtlsh_state_dict_best.pt
Epoch 011 | train_loss=7.1180e+00 | train_eval_loss=7.0892e+00 | val_loss=7.0899e+00 | | lr=1.00e-03
Saved best model to results/thesis_model_results/outputs/seed_robustness_shortlist/PICNN_MTLSH__mse__minmax__seed126/picnn_mtlsh_state_dict_best.pt
Epoch 012 | train_loss=7.0608e+00 | train_eval_loss=7.0304e+00 | val_loss=7.0311e+00 | | lr=1.00e-03
Saved best model to results/thesis_model_results/outputs/seed_robustness_shortlist/PICNN_MTLSH__mse__minmax__seed126/picnn_mtlsh_state_dict_best.pt
Epoch 013 | train_loss=7.0004e+00 | train_eval_loss=6.9684e+00 | val_loss=6.9691e+00 | | lr=1.00e-03
Saved best model to results/thesis_model_results/outputs/seed_robustness_shortlist/PICNN_MTLSH__mse__minmax__seed126/picnn_mtlsh_state_dict_best.pt
Epoch 014 | train_loss=6.9369e+00 | train_eval_loss=6.9033e+00 | val_loss=6.9039e+00 | | lr=1.00e-03
Saved best model to results/thesis_model_results/outputs/seed_robustness_shortlist/PICNN_MTLSH__mse__minmax__seed126/picnn_mtlsh_state_dict_best.pt
Epoch 015 | train_loss=6.8703e+00 | train_eval_loss=6.8351e+00 | val_loss=6.8358e+00 | | lr=1.00e-03
Saved best model to results/thesis_model_results/outputs/seed_robustness_shortlist/PICNN_MTLSH__mse__minmax__seed126/picnn_mtlsh_state_dict_best.pt
Epoch 016 | train_loss=6.8007e+00 | train_eval_loss=6.7640e+00 | val_loss=6.7646e+00 | | lr=1.00e-03
Saved best model to results/thesis_model_results/outputs/seed_robustness_shortlist/PICNN_MTLSH__mse__minmax__seed126/picnn_mtlsh_state_dict_best.pt
Epoch 017 | train_loss=6.7280e+00 | train_eval_loss=6.6898e+00 | val_loss=6.6904e+00 | | lr=1.00e-03
Saved best model to results/thesis_model_results/outputs/seed_robustness_shortlist/PICNN_MTLSH__mse__minmax__seed126/picnn_mtlsh_state_dict_best.pt
Epoch 018 | train_loss=6.6524e+00 | train_eval_loss=6.6128e+00 | val_loss=6.6133e+00 | | lr=1.00e-03
Saved best model to results/thesis_model_results/outputs/seed_robustness_shortlist/PICNN_MTLSH__mse__minmax__seed126/picnn_mtlsh_state_dict_best.pt
Epoch 019 | train_loss=6.5740e+00 | train_eval_loss=6.5328e+00 | val_loss=6.5334e+00 | | lr=1.00e-03
Saved best model to results/thesis_model_results/outputs/seed_robustness_shortlist/PICNN_MTLSH__mse__minmax__seed126/picnn_mtlsh_state_dict_best.pt
Epoch 020 | train_loss=6.4927e+00 | train_eval_loss=6.4500e+00 | val_loss=6.4505e+00 | | lr=1.00e-03
Saved best model to results/thesis_model_results/outputs/seed_robustness_shortlist/PICNN_MTLSH__mse__minmax__seed126/picnn_mtlsh_state_dict_best.pt
Epoch 021 | train_loss=6.4086e+00 | train_eval_loss=6.3646e+00 | val_loss=6.3651e+00 | | lr=1.00e-03
Saved best model to results/thesis_model_results/outputs/seed_robustness_shortlist/PICNN_MTLSH__mse__minmax__seed126/picnn_mtlsh_state_dict_best.pt
Epoch 022 | train_loss=6.3217e+00 | train_eval_loss=6.2763e+00 | val_loss=6.2768e+00 | | lr=1.00e-03
Saved best model to results/thesis_model_results/outputs/seed_robustness_shortlist/PICNN_MTLSH__mse__minmax__seed126/picnn_mtlsh_state_dict_best.pt
Epoch 023 | train_loss=6.2322e+00 | train_eval_loss=6.1854e+00 | val_loss=6.1859e+00 | | lr=1.00e-03
Saved best model to results/thesis_model_results/outputs/seed_robustness_shortlist/PICNN_MTLSH__mse__minmax__seed126/picnn_mtlsh_state_dict_best.pt
Epoch 024 | train_loss=6.1400e+00 | train_eval_loss=6.0919e+00 | val_loss=6.0923e+00 | | lr=1.00e-03
Saved best model to results/thesis_model_results/outputs/seed_robustness_shortlist/PICNN_MTLSH__mse__minmax__seed126/picnn_mtlsh_state_dict_best.pt
Epoch 025 | train_loss=6.0452e+00 | train_eval_loss=5.9957e+00 | val_loss=5.9961e+00 | | lr=1.00e-03
Saved best model to results/thesis_model_results/outputs/seed_robustness_shortlist/PICNN_MTLSH__mse__minmax__seed126/picnn_mtlsh_state_dict_best.pt
Epoch 026 | train_loss=5.9478e+00 | train_eval_loss=5.8971e+00 | val_loss=5.8975e+00 | | lr=1.00e-03
Saved best model to results/thesis_model_results/outputs/seed_robustness_shortlist/PICNN_MTLSH__mse__minmax__seed126/picnn_mtlsh_state_dict_best.pt
Epoch 027 | train_loss=5.8481e+00 | train_eval_loss=5.7961e+00 | val_loss=5.7965e+00 | | lr=1.00e-03
Saved best model to results/thesis_model_results/outputs/seed_robustness_shortlist/PICNN_MTLSH__mse__minmax__seed126/picnn_mtlsh_state_dict_best.pt
Epoch 028 | train_loss=5.7459e+00 | train_eval_loss=5.6929e+00 | val_loss=5.6932e+00 | | lr=1.00e-03
Saved best model to results/thesis_model_results/outputs/seed_robustness_shortlist/PICNN_MTLSH__mse__minmax__seed126/picnn_mtlsh_state_dict_best.pt
Epoch 029 | train_loss=5.6414e+00 | train_eval_loss=5.5871e+00 | val_loss=5.5874e+00 | | lr=1.00e-03
Saved best model to results/thesis_model_results/outputs/seed_robustness_shortlist/PICNN_MTLSH__mse__minmax__seed126/picnn_mtlsh_state_dict_best.pt
Epoch 030 | train_loss=5.5347e+00 | train_eval_loss=5.4793e+00 | val_loss=5.4795e+00 | | lr=1.00e-03
Saved best model to results/thesis_model_results/outputs/seed_robustness_shortlist/PICNN_MTLSH__mse__minmax__seed126/picnn_mtlsh_state_dict_best.pt
Epoch 031 | train_loss=5.4258e+00 | train_eval_loss=5.3694e+00 | val_loss=5.3696e+00 | | lr=1.00e-03
Saved best model to results/thesis_model_results/outputs/seed_robustness_shortlist/PICNN_MTLSH__mse__minmax__seed126/picnn_mtlsh_state_dict_best.pt
Epoch 032 | train_loss=5.3149e+00 | train_eval_loss=5.2574e+00 | val_loss=5.2577e+00 | | lr=1.00e-03
Saved best model to results/thesis_model_results/outputs/seed_robustness_shortlist/PICNN_MTLSH__mse__minmax__seed126/picnn_mtlsh_state_dict_best.pt
Epoch 033 | train_loss=5.2020e+00 | train_eval_loss=5.1435e+00 | val_loss=5.1437e+00 | | lr=1.00e-03
Saved best model to results/thesis_model_results/outputs/seed_robustness_shortlist/PICNN_MTLSH__mse__minmax__seed126/picnn_mtlsh_state_dict_best.pt
Epoch 034 | train_loss=5.0872e+00 | train_eval_loss=5.0277e+00 | val_loss=5.0279e+00 | | lr=1.00e-03
Saved best model to results/thesis_model_results/outputs/seed_robustness_shortlist/PICNN_MTLSH__mse__minmax__seed126/picnn_mtlsh_state_dict_best.pt
Epoch 035 | train_loss=4.9706e+00 | train_eval_loss=4.9103e+00 | val_loss=4.9104e+00 | | lr=1.00e-03
Saved best model to results/thesis_model_results/outputs/seed_robustness_shortlist/PICNN_MTLSH__mse__minmax__seed126/picnn_mtlsh_state_dict_best.pt
Epoch 036 | train_loss=4.8523e+00 | train_eval_loss=4.7913e+00 | val_loss=4.7914e+00 | | lr=1.00e-03
Saved best model to results/thesis_model_results/outputs/seed_robustness_shortlist/PICNN_MTLSH__mse__minmax__seed126/picnn_mtlsh_state_dict_best.pt
Epoch 037 | train_loss=4.7325e+00 | train_eval_loss=4.6706e+00 | val_loss=4.6707e+00 | | lr=1.00e-03
Saved best model to results/thesis_model_results/outputs/seed_robustness_shortlist/PICNN_MTLSH__mse__minmax__seed126/picnn_mtlsh_state_dict_best.pt
Epoch 038 | train_loss=4.6113e+00 | train_eval_loss=4.5487e+00 | val_loss=4.5487e+00 | | lr=1.00e-03
Saved best model to results/thesis_model_results/outputs/seed_robustness_shortlist/PICNN_MTLSH__mse__minmax__seed126/picnn_mtlsh_state_dict_best.pt
Epoch 039 | train_loss=4.4887e+00 | train_eval_loss=4.4257e+00 | val_loss=4.4257e+00 | | lr=1.00e-03
Saved best model to results/thesis_model_results/outputs/seed_robustness_shortlist/PICNN_MTLSH__mse__minmax__seed126/picnn_mtlsh_state_dict_best.pt
Epoch 040 | train_loss=4.3650e+00 | train_eval_loss=4.3013e+00 | val_loss=4.3013e+00 | | lr=1.00e-03
Saved best model to results/thesis_model_results/outputs/seed_robustness_shortlist/PICNN_MTLSH__mse__minmax__seed126/picnn_mtlsh_state_dict_best.pt
Epoch 041 | train_loss=4.2403e+00 | train_eval_loss=4.1761e+00 | val_loss=4.1761e+00 | | lr=1.00e-03
Saved best model to results/thesis_model_results/outputs/seed_robustness_shortlist/PICNN_MTLSH__mse__minmax__seed126/picnn_mtlsh_state_dict_best.pt
Epoch 042 | train_loss=4.1147e+00 | train_eval_loss=4.0501e+00 | val_loss=4.0501e+00 | | lr=1.00e-03
Saved best model to results/thesis_model_results/outputs/seed_robustness_shortlist/PICNN_MTLSH__mse__minmax__seed126/picnn_mtlsh_state_dict_best.pt
Epoch 043 | train_loss=3.9884e+00 | train_eval_loss=3.9235e+00 | val_loss=3.9234e+00 | | lr=1.00e-03
Saved best model to results/thesis_model_results/outputs/seed_robustness_shortlist/PICNN_MTLSH__mse__minmax__seed126/picnn_mtlsh_state_dict_best.pt
Epoch 044 | train_loss=3.8616e+00 | train_eval_loss=3.7965e+00 | val_loss=3.7963e+00 | | lr=1.00e-03
Saved best model to results/thesis_model_results/outputs/seed_robustness_shortlist/PICNN_MTLSH__mse__minmax__seed126/picnn_mtlsh_state_dict_best.pt
Epoch 045 | train_loss=3.7343e+00 | train_eval_loss=3.6691e+00 | val_loss=3.6689e+00 | | lr=1.00e-03
Saved best model to results/thesis_model_results/outputs/seed_robustness_shortlist/PICNN_MTLSH__mse__minmax__seed126/picnn_mtlsh_state_dict_best.pt
Epoch 046 | train_loss=3.6068e+00 | train_eval_loss=3.5416e+00 | val_loss=3.5414e+00 | | lr=1.00e-03
Saved best model to results/thesis_model_results/outputs/seed_robustness_shortlist/PICNN_MTLSH__mse__minmax__seed126/picnn_mtlsh_state_dict_best.pt
Epoch 047 | train_loss=3.4794e+00 | train_eval_loss=3.4142e+00 | val_loss=3.4140e+00 | | lr=1.00e-03
Saved best model to results/thesis_model_results/outputs/seed_robustness_shortlist/PICNN_MTLSH__mse__minmax__seed126/picnn_mtlsh_state_dict_best.pt
Epoch 048 | train_loss=3.3520e+00 | train_eval_loss=3.2869e+00 | val_loss=3.2866e+00 | | lr=1.00e-03
Saved best model to results/thesis_model_results/outputs/seed_robustness_shortlist/PICNN_MTLSH__mse__minmax__seed126/picnn_mtlsh_state_dict_best.pt
Epoch 049 | train_loss=3.2250e+00 | train_eval_loss=3.1601e+00 | val_loss=3.1598e+00 | | lr=1.00e-03
Saved best model to results/thesis_model_results/outputs/seed_robustness_shortlist/PICNN_MTLSH__mse__minmax__seed126/picnn_mtlsh_state_dict_best.pt
Epoch 050 | train_loss=3.0985e+00 | train_eval_loss=3.0339e+00 | val_loss=3.0336e+00 | | lr=1.00e-03
Saved best model to results/thesis_model_results/outputs/seed_robustness_shortlist/PICNN_MTLSH__mse__minmax__seed126/picnn_mtlsh_state_dict_best.pt
Epoch 051 | train_loss=2.9727e+00 | train_eval_loss=2.9086e+00 | val_loss=2.9083e+00 | | lr=1.00e-03
Saved best model to results/thesis_model_results/outputs/seed_robustness_shortlist/PICNN_MTLSH__mse__minmax__seed126/picnn_mtlsh_state_dict_best.pt
Epoch 052 | train_loss=2.8479e+00 | train_eval_loss=2.7843e+00 | val_loss=2.7839e+00 | | lr=1.00e-03
Saved best model to results/thesis_model_results/outputs/seed_robustness_shortlist/PICNN_MTLSH__mse__minmax__seed126/picnn_mtlsh_state_dict_best.pt
Epoch 053 | train_loss=2.7241e+00 | train_eval_loss=2.6611e+00 | val_loss=2.6607e+00 | | lr=1.00e-03
Saved best model to results/thesis_model_results/outputs/seed_robustness_shortlist/PICNN_MTLSH__mse__minmax__seed126/picnn_mtlsh_state_dict_best.pt
Epoch 054 | train_loss=2.6015e+00 | train_eval_loss=2.5394e+00 | val_loss=2.5390e+00 | | lr=1.00e-03
Saved best model to results/thesis_model_results/outputs/seed_robustness_shortlist/PICNN_MTLSH__mse__minmax__seed126/picnn_mtlsh_state_dict_best.pt
Epoch 055 | train_loss=2.4806e+00 | train_eval_loss=2.4192e+00 | val_loss=2.4188e+00 | | lr=1.00e-03
Saved best model to results/thesis_model_results/outputs/seed_robustness_shortlist/PICNN_MTLSH__mse__minmax__seed126/picnn_mtlsh_state_dict_best.pt
Epoch 056 | train_loss=2.3613e+00 | train_eval_loss=2.3008e+00 | val_loss=2.3003e+00 | | lr=1.00e-03
Saved best model to results/thesis_model_results/outputs/seed_robustness_shortlist/PICNN_MTLSH__mse__minmax__seed126/picnn_mtlsh_state_dict_best.pt
Epoch 057 | train_loss=2.2439e+00 | train_eval_loss=2.1846e+00 | val_loss=2.1841e+00 | | lr=1.00e-03
Saved best model to results/thesis_model_results/outputs/seed_robustness_shortlist/PICNN_MTLSH__mse__minmax__seed126/picnn_mtlsh_state_dict_best.pt
Epoch 058 | train_loss=2.1285e+00 | train_eval_loss=2.0702e+00 | val_loss=2.0697e+00 | | lr=1.00e-03
Saved best model to results/thesis_model_results/outputs/seed_robustness_shortlist/PICNN_MTLSH__mse__minmax__seed126/picnn_mtlsh_state_dict_best.pt
Epoch 059 | train_loss=2.0154e+00 | train_eval_loss=1.9583e+00 | val_loss=1.9578e+00 | | lr=1.00e-03
Saved best model to results/thesis_model_results/outputs/seed_robustness_shortlist/PICNN_MTLSH__mse__minmax__seed126/picnn_mtlsh_state_dict_best.pt
Epoch 060 | train_loss=1.9047e+00 | train_eval_loss=1.8489e+00 | val_loss=1.8484e+00 | | lr=1.00e-03
Saved best model to results/thesis_model_results/outputs/seed_robustness_shortlist/PICNN_MTLSH__mse__minmax__seed126/picnn_mtlsh_state_dict_best.pt
Epoch 061 | train_loss=1.7966e+00 | train_eval_loss=1.7422e+00 | val_loss=1.7417e+00 | | lr=1.00e-03
Saved best model to results/thesis_model_results/outputs/seed_robustness_shortlist/PICNN_MTLSH__mse__minmax__seed126/picnn_mtlsh_state_dict_best.pt
Epoch 062 | train_loss=1.6912e+00 | train_eval_loss=1.6384e+00 | val_loss=1.6378e+00 | | lr=1.00e-03
Saved best model to results/thesis_model_results/outputs/seed_robustness_shortlist/PICNN_MTLSH__mse__minmax__seed126/picnn_mtlsh_state_dict_best.pt
Epoch 063 | train_loss=1.5888e+00 | train_eval_loss=1.5375e+00 | val_loss=1.5368e+00 | | lr=1.00e-03
Saved best model to results/thesis_model_results/outputs/seed_robustness_shortlist/PICNN_MTLSH__mse__minmax__seed126/picnn_mtlsh_state_dict_best.pt
Epoch 064 | train_loss=1.4895e+00 | train_eval_loss=1.4397e+00 | val_loss=1.4391e+00 | | lr=1.00e-03
Saved best model to results/thesis_model_results/outputs/seed_robustness_shortlist/PICNN_MTLSH__mse__minmax__seed126/picnn_mtlsh_state_dict_best.pt
Epoch 065 | train_loss=1.3933e+00 | train_eval_loss=1.3452e+00 | val_loss=1.3446e+00 | | lr=1.00e-03
Saved best model to results/thesis_model_results/outputs/seed_robustness_shortlist/PICNN_MTLSH__mse__minmax__seed126/picnn_mtlsh_state_dict_best.pt
Epoch 066 | train_loss=1.3005e+00 | train_eval_loss=1.2542e+00 | val_loss=1.2535e+00 | | lr=1.00e-03
Saved best model to results/thesis_model_results/outputs/seed_robustness_shortlist/PICNN_MTLSH__mse__minmax__seed126/picnn_mtlsh_state_dict_best.pt
Epoch 067 | train_loss=1.2112e+00 | train_eval_loss=1.1666e+00 | val_loss=1.1659e+00 | | lr=1.00e-03
Saved best model to results/thesis_model_results/outputs/seed_robustness_shortlist/PICNN_MTLSH__mse__minmax__seed126/picnn_mtlsh_state_dict_best.pt
Epoch 068 | train_loss=1.1253e+00 | train_eval_loss=1.0826e+00 | val_loss=1.0819e+00 | | lr=1.00e-03
Saved best model to results/thesis_model_results/outputs/seed_robustness_shortlist/PICNN_MTLSH__mse__minmax__seed126/picnn_mtlsh_state_dict_best.pt
Epoch 069 | train_loss=1.0431e+00 | train_eval_loss=1.0022e+00 | val_loss=1.0015e+00 | | lr=1.00e-03
Saved best model to results/thesis_model_results/outputs/seed_robustness_shortlist/PICNN_MTLSH__mse__minmax__seed126/picnn_mtlsh_state_dict_best.pt
Epoch 070 | train_loss=9.6451e-01 | train_eval_loss=9.2563e-01 | val_loss=9.2492e-01 | | lr=1.00e-03
Saved best model to results/thesis_model_results/outputs/seed_robustness_shortlist/PICNN_MTLSH__mse__minmax__seed126/picnn_mtlsh_state_dict_best.pt
Epoch 071 | train_loss=8.8970e-01 | train_eval_loss=8.5269e-01 | val_loss=8.5198e-01 | | lr=1.00e-03
Saved best model to results/thesis_model_results/outputs/seed_robustness_shortlist/PICNN_MTLSH__mse__minmax__seed126/picnn_mtlsh_state_dict_best.pt
Epoch 072 | train_loss=8.1863e-01 | train_eval_loss=7.8353e-01 | val_loss=7.8281e-01 | | lr=1.00e-03
Saved best model to results/thesis_model_results/outputs/seed_robustness_shortlist/PICNN_MTLSH__mse__minmax__seed126/picnn_mtlsh_state_dict_best.pt
Epoch 073 | train_loss=7.5135e-01 | train_eval_loss=7.1822e-01 | val_loss=7.1750e-01 | | lr=1.00e-03
Saved best model to results/thesis_model_results/outputs/seed_robustness_shortlist/PICNN_MTLSH__mse__minmax__seed126/picnn_mtlsh_state_dict_best.pt
Epoch 074 | train_loss=6.8786e-01 | train_eval_loss=6.5666e-01 | val_loss=6.5594e-01 | | lr=1.00e-03
Saved best model to results/thesis_model_results/outputs/seed_robustness_shortlist/PICNN_MTLSH__mse__minmax__seed126/picnn_mtlsh_state_dict_best.pt
Epoch 075 | train_loss=6.2813e-01 | train_eval_loss=5.9884e-01 | val_loss=5.9811e-01 | | lr=1.00e-03
Saved best model to results/thesis_model_results/outputs/seed_robustness_shortlist/PICNN_MTLSH__mse__minmax__seed126/picnn_mtlsh_state_dict_best.pt
Epoch 076 | train_loss=5.7212e-01 | train_eval_loss=5.4472e-01 | val_loss=5.4400e-01 | | lr=1.00e-03
Saved best model to results/thesis_model_results/outputs/seed_robustness_shortlist/PICNN_MTLSH__mse__minmax__seed126/picnn_mtlsh_state_dict_best.pt
Epoch 077 | train_loss=5.1980e-01 | train_eval_loss=4.9428e-01 | val_loss=4.9355e-01 | | lr=1.00e-03
Saved best model to results/thesis_model_results/outputs/seed_robustness_shortlist/PICNN_MTLSH__mse__minmax__seed126/picnn_mtlsh_state_dict_best.pt
Epoch 078 | train_loss=4.7111e-01 | train_eval_loss=4.4742e-01 | val_loss=4.4669e-01 | | lr=1.00e-03
Saved best model to results/thesis_model_results/outputs/seed_robustness_shortlist/PICNN_MTLSH__mse__minmax__seed126/picnn_mtlsh_state_dict_best.pt
Epoch 079 | train_loss=4.2594e-01 | train_eval_loss=4.0403e-01 | val_loss=4.0330e-01 | | lr=1.00e-03
Saved best model to results/thesis_model_results/outputs/seed_robustness_shortlist/PICNN_MTLSH__mse__minmax__seed126/picnn_mtlsh_state_dict_best.pt
Epoch 080 | train_loss=3.8422e-01 | train_eval_loss=3.6402e-01 | val_loss=3.6330e-01 | | lr=1.00e-03
Saved best model to results/thesis_model_results/outputs/seed_robustness_shortlist/PICNN_MTLSH__mse__minmax__seed126/picnn_mtlsh_state_dict_best.pt
Epoch 081 | train_loss=3.4582e-01 | train_eval_loss=3.2728e-01 | val_loss=3.2657e-01 | | lr=1.00e-03
Saved best model to results/thesis_model_results/outputs/seed_robustness_shortlist/PICNN_MTLSH__mse__minmax__seed126/picnn_mtlsh_state_dict_best.pt
Epoch 082 | train_loss=3.1064e-01 | train_eval_loss=2.9371e-01 | val_loss=2.9301e-01 | | lr=1.00e-03
Saved best model to results/thesis_model_results/outputs/seed_robustness_shortlist/PICNN_MTLSH__mse__minmax__seed126/picnn_mtlsh_state_dict_best.pt
Epoch 083 | train_loss=2.7854e-01 | train_eval_loss=2.6313e-01 | val_loss=2.6243e-01 | | lr=1.00e-03
Saved best model to results/thesis_model_results/outputs/seed_robustness_shortlist/PICNN_MTLSH__mse__minmax__seed126/picnn_mtlsh_state_dict_best.pt
Epoch 084 | train_loss=2.4937e-01 | train_eval_loss=2.3541e-01 | val_loss=2.3471e-01 | | lr=1.00e-03
Saved best model to results/thesis_model_results/outputs/seed_robustness_shortlist/PICNN_MTLSH__mse__minmax__seed126/picnn_mtlsh_state_dict_best.pt
Epoch 085 | train_loss=2.2299e-01 | train_eval_loss=2.1040e-01 | val_loss=2.0972e-01 | | lr=1.00e-03
Saved best model to results/thesis_model_results/outputs/seed_robustness_shortlist/PICNN_MTLSH__mse__minmax__seed126/picnn_mtlsh_state_dict_best.pt
Epoch 086 | train_loss=1.9924e-01 | train_eval_loss=1.8794e-01 | val_loss=1.8726e-01 | | lr=1.00e-03
Saved best model to results/thesis_model_results/outputs/seed_robustness_shortlist/PICNN_MTLSH__mse__minmax__seed126/picnn_mtlsh_state_dict_best.pt
Epoch 087 | train_loss=1.7796e-01 | train_eval_loss=1.6787e-01 | val_loss=1.6721e-01 | | lr=1.00e-03
Saved best model to results/thesis_model_results/outputs/seed_robustness_shortlist/PICNN_MTLSH__mse__minmax__seed126/picnn_mtlsh_state_dict_best.pt
Epoch 088 | train_loss=1.5898e-01 | train_eval_loss=1.5003e-01 | val_loss=1.4937e-01 | | lr=1.00e-03
Saved best model to results/thesis_model_results/outputs/seed_robustness_shortlist/PICNN_MTLSH__mse__minmax__seed126/picnn_mtlsh_state_dict_best.pt
Epoch 089 | train_loss=1.4214e-01 | train_eval_loss=1.3422e-01 | val_loss=1.3357e-01 | | lr=1.00e-03
Saved best model to results/thesis_model_results/outputs/seed_robustness_shortlist/PICNN_MTLSH__mse__minmax__seed126/picnn_mtlsh_state_dict_best.pt
Epoch 090 | train_loss=1.2727e-01 | train_eval_loss=1.2031e-01 | val_loss=1.1967e-01 | | lr=1.00e-03
Saved best model to results/thesis_model_results/outputs/seed_robustness_shortlist/PICNN_MTLSH__mse__minmax__seed126/picnn_mtlsh_state_dict_best.pt
Epoch 091 | train_loss=1.1422e-01 | train_eval_loss=1.0812e-01 | val_loss=1.0750e-01 | | lr=1.00e-03
Saved best model to results/thesis_model_results/outputs/seed_robustness_shortlist/PICNN_MTLSH__mse__minmax__seed126/picnn_mtlsh_state_dict_best.pt
Epoch 092 | train_loss=1.0281e-01 | train_eval_loss=9.7503e-02 | val_loss=9.6886e-02 | | lr=1.00e-03
Saved best model to results/thesis_model_results/outputs/seed_robustness_shortlist/PICNN_MTLSH__mse__minmax__seed126/picnn_mtlsh_state_dict_best.pt
Epoch 093 | train_loss=9.2902e-02 | train_eval_loss=8.8311e-02 | val_loss=8.7705e-02 | | lr=1.00e-03
Saved best model to results/thesis_model_results/outputs/seed_robustness_shortlist/PICNN_MTLSH__mse__minmax__seed126/picnn_mtlsh_state_dict_best.pt
Epoch 094 | train_loss=8.4342e-02 | train_eval_loss=8.0384e-02 | val_loss=7.9790e-02 | | lr=1.00e-03
Saved best model to results/thesis_model_results/outputs/seed_robustness_shortlist/PICNN_MTLSH__mse__minmax__seed126/picnn_mtlsh_state_dict_best.pt
Epoch 095 | train_loss=7.6982e-02 | train_eval_loss=7.3590e-02 | val_loss=7.3006e-02 | | lr=1.00e-03
Saved best model to results/thesis_model_results/outputs/seed_robustness_shortlist/PICNN_MTLSH__mse__minmax__seed126/picnn_mtlsh_state_dict_best.pt
Epoch 096 | train_loss=7.0686e-02 | train_eval_loss=6.7799e-02 | val_loss=6.7226e-02 | | lr=1.00e-03
Saved best model to results/thesis_model_results/outputs/seed_robustness_shortlist/PICNN_MTLSH__mse__minmax__seed126/picnn_mtlsh_state_dict_best.pt
Epoch 097 | train_loss=6.5333e-02 | train_eval_loss=6.2885e-02 | val_loss=6.2322e-02 | | lr=1.00e-03
Saved best model to results/thesis_model_results/outputs/seed_robustness_shortlist/PICNN_MTLSH__mse__minmax__seed126/picnn_mtlsh_state_dict_best.pt
Epoch 098 | train_loss=6.0802e-02 | train_eval_loss=5.8736e-02 | val_loss=5.8184e-02 | | lr=1.00e-03
Saved best model to results/thesis_model_results/outputs/seed_robustness_shortlist/PICNN_MTLSH__mse__minmax__seed126/picnn_mtlsh_state_dict_best.pt
Epoch 099 | train_loss=5.6983e-02 | train_eval_loss=5.5247e-02 | val_loss=5.4705e-02 | | lr=1.00e-03
Saved best model to results/thesis_model_results/outputs/seed_robustness_shortlist/PICNN_MTLSH__mse__minmax__seed126/picnn_mtlsh_state_dict_best.pt
Epoch 100 | train_loss=5.3774e-02 | train_eval_loss=5.2321e-02 | val_loss=5.1789e-02 | | lr=1.00e-03
Saved best model to results/thesis_model_results/outputs/seed_robustness_shortlist/PICNN_MTLSH__mse__minmax__seed126/picnn_mtlsh_state_dict_best.pt
Epoch 101 | train_loss=5.1093e-02 | train_eval_loss=4.9877e-02 | val_loss=4.9355e-02 | | lr=1.00e-03
Saved best model to results/thesis_model_results/outputs/seed_robustness_shortlist/PICNN_MTLSH__mse__minmax__seed126/picnn_mtlsh_state_dict_best.pt
Epoch 102 | train_loss=4.8854e-02 | train_eval_loss=4.7846e-02 | val_loss=4.7334e-02 | | lr=1.00e-03
Saved best model to results/thesis_model_results/outputs/seed_robustness_shortlist/PICNN_MTLSH__mse__minmax__seed126/picnn_mtlsh_state_dict_best.pt
Epoch 103 | train_loss=4.6994e-02 | train_eval_loss=4.6154e-02 | val_loss=4.5651e-02 | | lr=1.00e-03
Saved best model to results/thesis_model_results/outputs/seed_robustness_shortlist/PICNN_MTLSH__mse__minmax__seed126/picnn_mtlsh_state_dict_best.pt
Epoch 104 | train_loss=4.5446e-02 | train_eval_loss=4.4747e-02 | val_loss=4.4252e-02 | | lr=1.00e-03
Saved best model to results/thesis_model_results/outputs/seed_robustness_shortlist/PICNN_MTLSH__mse__minmax__seed126/picnn_mtlsh_state_dict_best.pt
Epoch 105 | train_loss=4.4156e-02 | train_eval_loss=4.3573e-02 | val_loss=4.3086e-02 | | lr=1.00e-03
Saved best model to results/thesis_model_results/outputs/seed_robustness_shortlist/PICNN_MTLSH__mse__minmax__seed126/picnn_mtlsh_state_dict_best.pt
Epoch 106 | train_loss=4.3076e-02 | train_eval_loss=4.2585e-02 | val_loss=4.2106e-02 | | lr=1.00e-03
Saved best model to results/thesis_model_results/outputs/seed_robustness_shortlist/PICNN_MTLSH__mse__minmax__seed126/picnn_mtlsh_state_dict_best.pt
Epoch 107 | train_loss=4.2167e-02 | train_eval_loss=4.1752e-02 | val_loss=4.1281e-02 | | lr=1.00e-03
Saved best model to results/thesis_model_results/outputs/seed_robustness_shortlist/PICNN_MTLSH__mse__minmax__seed126/picnn_mtlsh_state_dict_best.pt
Epoch 108 | train_loss=4.1398e-02 | train_eval_loss=4.1044e-02 | val_loss=4.0580e-02 | | lr=1.00e-03
Saved best model to results/thesis_model_results/outputs/seed_robustness_shortlist/PICNN_MTLSH__mse__minmax__seed126/picnn_mtlsh_state_dict_best.pt
Epoch 109 | train_loss=4.0742e-02 | train_eval_loss=4.0437e-02 | val_loss=3.9980e-02 | | lr=1.00e-03
Saved best model to results/thesis_model_results/outputs/seed_robustness_shortlist/PICNN_MTLSH__mse__minmax__seed126/picnn_mtlsh_state_dict_best.pt
Epoch 110 | train_loss=4.0174e-02 | train_eval_loss=3.9908e-02 | val_loss=3.9458e-02 | | lr=1.00e-03
Saved best model to results/thesis_model_results/outputs/seed_robustness_shortlist/PICNN_MTLSH__mse__minmax__seed126/picnn_mtlsh_state_dict_best.pt
Epoch 111 | train_loss=3.9676e-02 | train_eval_loss=3.9442e-02 | val_loss=3.8997e-02 | | lr=1.00e-03
Saved best model to results/thesis_model_results/outputs/seed_robustness_shortlist/PICNN_MTLSH__mse__minmax__seed126/picnn_mtlsh_state_dict_best.pt
Epoch 112 | train_loss=3.9234e-02 | train_eval_loss=3.9024e-02 | val_loss=3.8585e-02 | | lr=1.00e-03
Saved best model to results/thesis_model_results/outputs/seed_robustness_shortlist/PICNN_MTLSH__mse__minmax__seed126/picnn_mtlsh_state_dict_best.pt
Epoch 113 | train_loss=3.8836e-02 | train_eval_loss=3.8645e-02 | val_loss=3.8212e-02 | | lr=1.00e-03
Saved best model to results/thesis_model_results/outputs/seed_robustness_shortlist/PICNN_MTLSH__mse__minmax__seed126/picnn_mtlsh_state_dict_best.pt
Epoch 114 | train_loss=3.8474e-02 | train_eval_loss=3.8296e-02 | val_loss=3.7868e-02 | | lr=1.00e-03
Saved best model to results/thesis_model_results/outputs/seed_robustness_shortlist/PICNN_MTLSH__mse__minmax__seed126/picnn_mtlsh_state_dict_best.pt
Epoch 115 | train_loss=3.8139e-02 | train_eval_loss=3.7976e-02 | val_loss=3.7552e-02 | | lr=1.00e-03
Saved best model to results/thesis_model_results/outputs/seed_robustness_shortlist/PICNN_MTLSH__mse__minmax__seed126/picnn_mtlsh_state_dict_best.pt
Epoch 116 | train_loss=3.7828e-02 | train_eval_loss=3.7674e-02 | val_loss=3.7255e-02 | | lr=1.00e-03
Saved best model to results/thesis_model_results/outputs/seed_robustness_shortlist/PICNN_MTLSH__mse__minmax__seed126/picnn_mtlsh_state_dict_best.pt
Epoch 117 | train_loss=3.7536e-02 | train_eval_loss=3.7391e-02 | val_loss=3.6976e-02 | | lr=1.00e-03
Saved best model to results/thesis_model_results/outputs/seed_robustness_shortlist/PICNN_MTLSH__mse__minmax__seed126/picnn_mtlsh_state_dict_best.pt
Epoch 118 | train_loss=3.7259e-02 | train_eval_loss=3.7120e-02 | val_loss=3.6710e-02 | | lr=1.00e-03
Saved best model to results/thesis_model_results/outputs/seed_robustness_shortlist/PICNN_MTLSH__mse__minmax__seed126/picnn_mtlsh_state_dict_best.pt
Epoch 119 | train_loss=3.6995e-02 | train_eval_loss=3.6864e-02 | val_loss=3.6457e-02 | | lr=1.00e-03
Saved best model to results/thesis_model_results/outputs/seed_robustness_shortlist/PICNN_MTLSH__mse__minmax__seed126/picnn_mtlsh_state_dict_best.pt
Epoch 120 | train_loss=3.6743e-02 | train_eval_loss=3.6619e-02 | val_loss=3.6215e-02 | | lr=1.00e-03
Saved best model to results/thesis_model_results/outputs/seed_robustness_shortlist/PICNN_MTLSH__mse__minmax__seed126/picnn_mtlsh_state_dict_best.pt
Epoch 121 | train_loss=3.6502e-02 | train_eval_loss=3.6382e-02 | val_loss=3.5981e-02 | | lr=1.00e-03
Saved best model to results/thesis_model_results/outputs/seed_robustness_shortlist/PICNN_MTLSH__mse__minmax__seed126/picnn_mtlsh_state_dict_best.pt
Epoch 122 | train_loss=3.6271e-02 | train_eval_loss=3.6154e-02 | val_loss=3.5757e-02 | | lr=1.00e-03
Saved best model to results/thesis_model_results/outputs/seed_robustness_shortlist/PICNN_MTLSH__mse__minmax__seed126/picnn_mtlsh_state_dict_best.pt
Epoch 123 | train_loss=3.6048e-02 | train_eval_loss=3.5937e-02 | val_loss=3.5542e-02 | | lr=1.00e-03
Saved best model to results/thesis_model_results/outputs/seed_robustness_shortlist/PICNN_MTLSH__mse__minmax__seed126/picnn_mtlsh_state_dict_best.pt
Epoch 124 | train_loss=3.5834e-02 | train_eval_loss=3.5728e-02 | val_loss=3.5336e-02 | | lr=1.00e-03
Saved best model to results/thesis_model_results/outputs/seed_robustness_shortlist/PICNN_MTLSH__mse__minmax__seed126/picnn_mtlsh_state_dict_best.pt
Epoch 125 | train_loss=3.5629e-02 | train_eval_loss=3.5525e-02 | val_loss=3.5135e-02 | | lr=1.00e-03
Saved best model to results/thesis_model_results/outputs/seed_robustness_shortlist/PICNN_MTLSH__mse__minmax__seed126/picnn_mtlsh_state_dict_best.pt
Epoch 126 | train_loss=3.5430e-02 | train_eval_loss=3.5331e-02 | val_loss=3.4944e-02 | | lr=1.00e-03
Saved best model to results/thesis_model_results/outputs/seed_robustness_shortlist/PICNN_MTLSH__mse__minmax__seed126/picnn_mtlsh_state_dict_best.pt
Epoch 127 | train_loss=3.5239e-02 | train_eval_loss=3.5144e-02 | val_loss=3.4759e-02 | | lr=1.00e-03
Saved best model to results/thesis_model_results/outputs/seed_robustness_shortlist/PICNN_MTLSH__mse__minmax__seed126/picnn_mtlsh_state_dict_best.pt
Epoch 128 | train_loss=3.5055e-02 | train_eval_loss=3.4963e-02 | val_loss=3.4580e-02 | | lr=1.00e-03
Saved best model to results/thesis_model_results/outputs/seed_robustness_shortlist/PICNN_MTLSH__mse__minmax__seed126/picnn_mtlsh_state_dict_best.pt
Epoch 129 | train_loss=3.4877e-02 | train_eval_loss=3.4787e-02 | val_loss=3.4407e-02 | | lr=1.00e-03
Saved best model to results/thesis_model_results/outputs/seed_robustness_shortlist/PICNN_MTLSH__mse__minmax__seed126/picnn_mtlsh_state_dict_best.pt
Epoch 130 | train_loss=3.4705e-02 | train_eval_loss=3.4619e-02 | val_loss=3.4240e-02 | | lr=1.00e-03
Saved best model to results/thesis_model_results/outputs/seed_robustness_shortlist/PICNN_MTLSH__mse__minmax__seed126/picnn_mtlsh_state_dict_best.pt
Epoch 131 | train_loss=3.4539e-02 | train_eval_loss=3.4455e-02 | val_loss=3.4079e-02 | | lr=1.00e-03
Saved best model to results/thesis_model_results/outputs/seed_robustness_shortlist/PICNN_MTLSH__mse__minmax__seed126/picnn_mtlsh_state_dict_best.pt
Epoch 132 | train_loss=3.4377e-02 | train_eval_loss=3.4296e-02 | val_loss=3.3921e-02 | | lr=1.00e-03
Saved best model to results/thesis_model_results/outputs/seed_robustness_shortlist/PICNN_MTLSH__mse__minmax__seed126/picnn_mtlsh_state_dict_best.pt
Epoch 133 | train_loss=3.4221e-02 | train_eval_loss=3.4141e-02 | val_loss=3.3769e-02 | | lr=1.00e-03
Saved best model to results/thesis_model_results/outputs/seed_robustness_shortlist/PICNN_MTLSH__mse__minmax__seed126/picnn_mtlsh_state_dict_best.pt
Epoch 134 | train_loss=3.4068e-02 | train_eval_loss=3.3991e-02 | val_loss=3.3620e-02 | | lr=1.00e-03
Saved best model to results/thesis_model_results/outputs/seed_robustness_shortlist/PICNN_MTLSH__mse__minmax__seed126/picnn_mtlsh_state_dict_best.pt
Epoch 135 | train_loss=3.3920e-02 | train_eval_loss=3.3844e-02 | val_loss=3.3475e-02 | | lr=1.00e-03
Saved best model to results/thesis_model_results/outputs/seed_robustness_shortlist/PICNN_MTLSH__mse__minmax__seed126/picnn_mtlsh_state_dict_best.pt
Epoch 136 | train_loss=3.3775e-02 | train_eval_loss=3.3701e-02 | val_loss=3.3334e-02 | | lr=1.00e-03
Saved best model to results/thesis_model_results/outputs/seed_robustness_shortlist/PICNN_MTLSH__mse__minmax__seed126/picnn_mtlsh_state_dict_best.pt
Epoch 137 | train_loss=3.3633e-02 | train_eval_loss=3.3560e-02 | val_loss=3.3195e-02 | | lr=1.00e-03
Saved best model to results/thesis_model_results/outputs/seed_robustness_shortlist/PICNN_MTLSH__mse__minmax__seed126/picnn_mtlsh_state_dict_best.pt
Epoch 138 | train_loss=3.3493e-02 | train_eval_loss=3.3423e-02 | val_loss=3.3059e-02 | | lr=1.00e-03
Saved best model to results/thesis_model_results/outputs/seed_robustness_shortlist/PICNN_MTLSH__mse__minmax__seed126/picnn_mtlsh_state_dict_best.pt
Epoch 139 | train_loss=3.3356e-02 | train_eval_loss=3.3287e-02 | val_loss=3.2924e-02 | | lr=1.00e-03
Saved best model to results/thesis_model_results/outputs/seed_robustness_shortlist/PICNN_MTLSH__mse__minmax__seed126/picnn_mtlsh_state_dict_best.pt
Epoch 140 | train_loss=3.3221e-02 | train_eval_loss=3.3152e-02 | val_loss=3.2791e-02 | | lr=1.00e-03
Saved best model to results/thesis_model_results/outputs/seed_robustness_shortlist/PICNN_MTLSH__mse__minmax__seed126/picnn_mtlsh_state_dict_best.pt
Epoch 141 | train_loss=3.3088e-02 | train_eval_loss=3.3020e-02 | val_loss=3.2661e-02 | | lr=1.00e-03
Saved best model to results/thesis_model_results/outputs/seed_robustness_shortlist/PICNN_MTLSH__mse__minmax__seed126/picnn_mtlsh_state_dict_best.pt
Epoch 142 | train_loss=3.2956e-02 | train_eval_loss=3.2888e-02 | val_loss=3.2531e-02 | | lr=1.00e-03
Saved best model to results/thesis_model_results/outputs/seed_robustness_shortlist/PICNN_MTLSH__mse__minmax__seed126/picnn_mtlsh_state_dict_best.pt
Epoch 143 | train_loss=3.2825e-02 | train_eval_loss=3.2758e-02 | val_loss=3.2403e-02 | | lr=1.00e-03
Saved best model to results/thesis_model_results/outputs/seed_robustness_shortlist/PICNN_MTLSH__mse__minmax__seed126/picnn_mtlsh_state_dict_best.pt
Epoch 144 | train_loss=3.2696e-02 | train_eval_loss=3.2629e-02 | val_loss=3.2275e-02 | | lr=1.00e-03
Saved best model to results/thesis_model_results/outputs/seed_robustness_shortlist/PICNN_MTLSH__mse__minmax__seed126/picnn_mtlsh_state_dict_best.pt
Epoch 145 | train_loss=3.2567e-02 | train_eval_loss=3.2501e-02 | val_loss=3.2148e-02 | | lr=1.00e-03
Saved best model to results/thesis_model_results/outputs/seed_robustness_shortlist/PICNN_MTLSH__mse__minmax__seed126/picnn_mtlsh_state_dict_best.pt
Epoch 146 | train_loss=3.2438e-02 | train_eval_loss=3.2372e-02 | val_loss=3.2022e-02 | | lr=1.00e-03
Saved best model to results/thesis_model_results/outputs/seed_robustness_shortlist/PICNN_MTLSH__mse__minmax__seed126/picnn_mtlsh_state_dict_best.pt
Epoch 147 | train_loss=3.2310e-02 | train_eval_loss=3.2244e-02 | val_loss=3.1896e-02 | | lr=1.00e-03
Saved best model to results/thesis_model_results/outputs/seed_robustness_shortlist/PICNN_MTLSH__mse__minmax__seed126/picnn_mtlsh_state_dict_best.pt
Epoch 148 | train_loss=3.2183e-02 | train_eval_loss=3.2117e-02 | val_loss=3.1770e-02 | | lr=1.00e-03
Saved best model to results/thesis_model_results/outputs/seed_robustness_shortlist/PICNN_MTLSH__mse__minmax__seed126/picnn_mtlsh_state_dict_best.pt
Epoch 149 | train_loss=3.2055e-02 | train_eval_loss=3.1989e-02 | val_loss=3.1644e-02 | | lr=1.00e-03
Saved best model to results/thesis_model_results/outputs/seed_robustness_shortlist/PICNN_MTLSH__mse__minmax__seed126/picnn_mtlsh_state_dict_best.pt
Epoch 150 | train_loss=3.1928e-02 | train_eval_loss=3.1861e-02 | val_loss=3.1518e-02 | | lr=1.00e-03
Saved best model to results/thesis_model_results/outputs/seed_robustness_shortlist/PICNN_MTLSH__mse__minmax__seed126/picnn_mtlsh_state_dict_best.pt
Epoch 151 | train_loss=3.1800e-02 | train_eval_loss=3.1734e-02 | val_loss=3.1393e-02 | | lr=1.00e-03
Saved best model to results/thesis_model_results/outputs/seed_robustness_shortlist/PICNN_MTLSH__mse__minmax__seed126/picnn_mtlsh_state_dict_best.pt
Epoch 152 | train_loss=3.1672e-02 | train_eval_loss=3.1606e-02 | val_loss=3.1267e-02 | | lr=1.00e-03
Saved best model to results/thesis_model_results/outputs/seed_robustness_shortlist/PICNN_MTLSH__mse__minmax__seed126/picnn_mtlsh_state_dict_best.pt
Epoch 153 | train_loss=3.1544e-02 | train_eval_loss=3.1479e-02 | val_loss=3.1142e-02 | | lr=1.00e-03
Saved best model to results/thesis_model_results/outputs/seed_robustness_shortlist/PICNN_MTLSH__mse__minmax__seed126/picnn_mtlsh_state_dict_best.pt
Epoch 154 | train_loss=3.1417e-02 | train_eval_loss=3.1351e-02 | val_loss=3.1016e-02 | | lr=1.00e-03
Saved best model to results/thesis_model_results/outputs/seed_robustness_shortlist/PICNN_MTLSH__mse__minmax__seed126/picnn_mtlsh_state_dict_best.pt
Epoch 155 | train_loss=3.1289e-02 | train_eval_loss=3.1223e-02 | val_loss=3.0890e-02 | | lr=1.00e-03
Saved best model to results/thesis_model_results/outputs/seed_robustness_shortlist/PICNN_MTLSH__mse__minmax__seed126/picnn_mtlsh_state_dict_best.pt
Epoch 156 | train_loss=3.1161e-02 | train_eval_loss=3.1095e-02 | val_loss=3.0764e-02 | | lr=1.00e-03
Saved best model to results/thesis_model_results/outputs/seed_robustness_shortlist/PICNN_MTLSH__mse__minmax__seed126/picnn_mtlsh_state_dict_best.pt
Epoch 157 | train_loss=3.1033e-02 | train_eval_loss=3.0966e-02 | val_loss=3.0637e-02 | | lr=1.00e-03
Saved best model to results/thesis_model_results/outputs/seed_robustness_shortlist/PICNN_MTLSH__mse__minmax__seed126/picnn_mtlsh_state_dict_best.pt
Epoch 158 | train_loss=3.0904e-02 | train_eval_loss=3.0838e-02 | val_loss=3.0512e-02 | | lr=1.00e-03
Saved best model to results/thesis_model_results/outputs/seed_robustness_shortlist/PICNN_MTLSH__mse__minmax__seed126/picnn_mtlsh_state_dict_best.pt
Epoch 159 | train_loss=3.0776e-02 | train_eval_loss=3.0709e-02 | val_loss=3.0385e-02 | | lr=1.00e-03
Saved best model to results/thesis_model_results/outputs/seed_robustness_shortlist/PICNN_MTLSH__mse__minmax__seed126/picnn_mtlsh_state_dict_best.pt
Epoch 160 | train_loss=3.0647e-02 | train_eval_loss=3.0580e-02 | val_loss=3.0259e-02 | | lr=1.00e-03
Saved best model to results/thesis_model_results/outputs/seed_robustness_shortlist/PICNN_MTLSH__mse__minmax__seed126/picnn_mtlsh_state_dict_best.pt
Epoch 161 | train_loss=3.0518e-02 | train_eval_loss=3.0451e-02 | val_loss=3.0131e-02 | | lr=1.00e-03
Saved best model to results/thesis_model_results/outputs/seed_robustness_shortlist/PICNN_MTLSH__mse__minmax__seed126/picnn_mtlsh_state_dict_best.pt
Epoch 162 | train_loss=3.0389e-02 | train_eval_loss=3.0321e-02 | val_loss=3.0005e-02 | | lr=1.00e-03
Saved best model to results/thesis_model_results/outputs/seed_robustness_shortlist/PICNN_MTLSH__mse__minmax__seed126/picnn_mtlsh_state_dict_best.pt
Epoch 163 | train_loss=3.0259e-02 | train_eval_loss=3.0191e-02 | val_loss=2.9877e-02 | | lr=1.00e-03
Saved best model to results/thesis_model_results/outputs/seed_robustness_shortlist/PICNN_MTLSH__mse__minmax__seed126/picnn_mtlsh_state_dict_best.pt
Epoch 164 | train_loss=3.0129e-02 | train_eval_loss=3.0062e-02 | val_loss=2.9750e-02 | | lr=1.00e-03
Saved best model to results/thesis_model_results/outputs/seed_robustness_shortlist/PICNN_MTLSH__mse__minmax__seed126/picnn_mtlsh_state_dict_best.pt
Epoch 165 | train_loss=2.9999e-02 | train_eval_loss=2.9931e-02 | val_loss=2.9623e-02 | | lr=1.00e-03
Saved best model to results/thesis_model_results/outputs/seed_robustness_shortlist/PICNN_MTLSH__mse__minmax__seed126/picnn_mtlsh_state_dict_best.pt
Epoch 166 | train_loss=2.9869e-02 | train_eval_loss=2.9800e-02 | val_loss=2.9493e-02 | | lr=1.00e-03
Saved best model to results/thesis_model_results/outputs/seed_robustness_shortlist/PICNN_MTLSH__mse__minmax__seed126/picnn_mtlsh_state_dict_best.pt
Epoch 167 | train_loss=2.9737e-02 | train_eval_loss=2.9669e-02 | val_loss=2.9365e-02 | | lr=1.00e-03
Saved best model to results/thesis_model_results/outputs/seed_robustness_shortlist/PICNN_MTLSH__mse__minmax__seed126/picnn_mtlsh_state_dict_best.pt
Epoch 168 | train_loss=2.9606e-02 | train_eval_loss=2.9538e-02 | val_loss=2.9237e-02 | | lr=1.00e-03
Saved best model to results/thesis_model_results/outputs/seed_robustness_shortlist/PICNN_MTLSH__mse__minmax__seed126/picnn_mtlsh_state_dict_best.pt
Epoch 169 | train_loss=2.9474e-02 | train_eval_loss=2.9405e-02 | val_loss=2.9106e-02 | | lr=1.00e-03
Saved best model to results/thesis_model_results/outputs/seed_robustness_shortlist/PICNN_MTLSH__mse__minmax__seed126/picnn_mtlsh_state_dict_best.pt
Epoch 170 | train_loss=2.9341e-02 | train_eval_loss=2.9272e-02 | val_loss=2.8975e-02 | | lr=1.00e-03
Saved best model to results/thesis_model_results/outputs/seed_robustness_shortlist/PICNN_MTLSH__mse__minmax__seed126/picnn_mtlsh_state_dict_best.pt
Epoch 171 | train_loss=2.9208e-02 | train_eval_loss=2.9138e-02 | val_loss=2.8845e-02 | | lr=1.00e-03
Saved best model to results/thesis_model_results/outputs/seed_robustness_shortlist/PICNN_MTLSH__mse__minmax__seed126/picnn_mtlsh_state_dict_best.pt
Epoch 172 | train_loss=2.9075e-02 | train_eval_loss=2.9004e-02 | val_loss=2.8711e-02 | | lr=1.00e-03
Saved best model to results/thesis_model_results/outputs/seed_robustness_shortlist/PICNN_MTLSH__mse__minmax__seed126/picnn_mtlsh_state_dict_best.pt
Epoch 173 | train_loss=2.8939e-02 | train_eval_loss=2.8868e-02 | val_loss=2.8579e-02 | | lr=1.00e-03
Saved best model to results/thesis_model_results/outputs/seed_robustness_shortlist/PICNN_MTLSH__mse__minmax__seed126/picnn_mtlsh_state_dict_best.pt
Epoch 174 | train_loss=2.8802e-02 | train_eval_loss=2.8732e-02 | val_loss=2.8447e-02 | | lr=1.00e-03
Saved best model to results/thesis_model_results/outputs/seed_robustness_shortlist/PICNN_MTLSH__mse__minmax__seed126/picnn_mtlsh_state_dict_best.pt
Epoch 175 | train_loss=2.8665e-02 | train_eval_loss=2.8593e-02 | val_loss=2.8311e-02 | | lr=1.00e-03
Saved best model to results/thesis_model_results/outputs/seed_robustness_shortlist/PICNN_MTLSH__mse__minmax__seed126/picnn_mtlsh_state_dict_best.pt
Epoch 176 | train_loss=2.8527e-02 | train_eval_loss=2.8454e-02 | val_loss=2.8175e-02 | | lr=1.00e-03
Saved best model to results/thesis_model_results/outputs/seed_robustness_shortlist/PICNN_MTLSH__mse__minmax__seed126/picnn_mtlsh_state_dict_best.pt
Epoch 177 | train_loss=2.8387e-02 | train_eval_loss=2.8314e-02 | val_loss=2.8037e-02 | | lr=1.00e-03
Saved best model to results/thesis_model_results/outputs/seed_robustness_shortlist/PICNN_MTLSH__mse__minmax__seed126/picnn_mtlsh_state_dict_best.pt
Epoch 178 | train_loss=2.8246e-02 | train_eval_loss=2.8172e-02 | val_loss=2.7899e-02 | | lr=1.00e-03
Saved best model to results/thesis_model_results/outputs/seed_robustness_shortlist/PICNN_MTLSH__mse__minmax__seed126/picnn_mtlsh_state_dict_best.pt
Epoch 179 | train_loss=2.8103e-02 | train_eval_loss=2.8028e-02 | val_loss=2.7757e-02 | | lr=1.00e-03
Saved best model to results/thesis_model_results/outputs/seed_robustness_shortlist/PICNN_MTLSH__mse__minmax__seed126/picnn_mtlsh_state_dict_best.pt
Epoch 180 | train_loss=2.7958e-02 | train_eval_loss=2.7882e-02 | val_loss=2.7614e-02 | | lr=1.00e-03
Saved best model to results/thesis_model_results/outputs/seed_robustness_shortlist/PICNN_MTLSH__mse__minmax__seed126/picnn_mtlsh_state_dict_best.pt
Epoch 181 | train_loss=2.7812e-02 | train_eval_loss=2.7734e-02 | val_loss=2.7469e-02 | | lr=1.00e-03
Saved best model to results/thesis_model_results/outputs/seed_robustness_shortlist/PICNN_MTLSH__mse__minmax__seed126/picnn_mtlsh_state_dict_best.pt
Epoch 182 | train_loss=2.7663e-02 | train_eval_loss=2.7584e-02 | val_loss=2.7323e-02 | | lr=1.00e-03
Saved best model to results/thesis_model_results/outputs/seed_robustness_shortlist/PICNN_MTLSH__mse__minmax__seed126/picnn_mtlsh_state_dict_best.pt
Epoch 183 | train_loss=2.7512e-02 | train_eval_loss=2.7432e-02 | val_loss=2.7174e-02 | | lr=1.00e-03
Saved best model to results/thesis_model_results/outputs/seed_robustness_shortlist/PICNN_MTLSH__mse__minmax__seed126/picnn_mtlsh_state_dict_best.pt
Epoch 184 | train_loss=2.7358e-02 | train_eval_loss=2.7277e-02 | val_loss=2.7021e-02 | | lr=1.00e-03
Saved best model to results/thesis_model_results/outputs/seed_robustness_shortlist/PICNN_MTLSH__mse__minmax__seed126/picnn_mtlsh_state_dict_best.pt
Epoch 185 | train_loss=2.7202e-02 | train_eval_loss=2.7120e-02 | val_loss=2.6867e-02 | | lr=1.00e-03
Saved best model to results/thesis_model_results/outputs/seed_robustness_shortlist/PICNN_MTLSH__mse__minmax__seed126/picnn_mtlsh_state_dict_best.pt
Epoch 186 | train_loss=2.7044e-02 | train_eval_loss=2.6960e-02 | val_loss=2.6711e-02 | | lr=1.00e-03
Saved best model to results/thesis_model_results/outputs/seed_robustness_shortlist/PICNN_MTLSH__mse__minmax__seed126/picnn_mtlsh_state_dict_best.pt
Epoch 187 | train_loss=2.6883e-02 | train_eval_loss=2.6797e-02 | val_loss=2.6552e-02 | | lr=1.00e-03
Saved best model to results/thesis_model_results/outputs/seed_robustness_shortlist/PICNN_MTLSH__mse__minmax__seed126/picnn_mtlsh_state_dict_best.pt
Epoch 188 | train_loss=2.6719e-02 | train_eval_loss=2.6632e-02 | val_loss=2.6388e-02 | | lr=1.00e-03
Saved best model to results/thesis_model_results/outputs/seed_robustness_shortlist/PICNN_MTLSH__mse__minmax__seed126/picnn_mtlsh_state_dict_best.pt
Epoch 189 | train_loss=2.6551e-02 | train_eval_loss=2.6463e-02 | val_loss=2.6222e-02 | | lr=1.00e-03
Saved best model to results/thesis_model_results/outputs/seed_robustness_shortlist/PICNN_MTLSH__mse__minmax__seed126/picnn_mtlsh_state_dict_best.pt
Epoch 190 | train_loss=2.6382e-02 | train_eval_loss=2.6291e-02 | val_loss=2.6056e-02 | | lr=1.00e-03
Saved best model to results/thesis_model_results/outputs/seed_robustness_shortlist/PICNN_MTLSH__mse__minmax__seed126/picnn_mtlsh_state_dict_best.pt
Epoch 191 | train_loss=2.6208e-02 | train_eval_loss=2.6117e-02 | val_loss=2.5884e-02 | | lr=1.00e-03
Saved best model to results/thesis_model_results/outputs/seed_robustness_shortlist/PICNN_MTLSH__mse__minmax__seed126/picnn_mtlsh_state_dict_best.pt
Epoch 192 | train_loss=2.6031e-02 | train_eval_loss=2.5938e-02 | val_loss=2.5710e-02 | | lr=1.00e-03
Saved best model to results/thesis_model_results/outputs/seed_robustness_shortlist/PICNN_MTLSH__mse__minmax__seed126/picnn_mtlsh_state_dict_best.pt
Epoch 193 | train_loss=2.5852e-02 | train_eval_loss=2.5756e-02 | val_loss=2.5530e-02 | | lr=1.00e-03
Saved best model to results/thesis_model_results/outputs/seed_robustness_shortlist/PICNN_MTLSH__mse__minmax__seed126/picnn_mtlsh_state_dict_best.pt
Epoch 194 | train_loss=2.5669e-02 | train_eval_loss=2.5572e-02 | val_loss=2.5349e-02 | | lr=1.00e-03
Saved best model to results/thesis_model_results/outputs/seed_robustness_shortlist/PICNN_MTLSH__mse__minmax__seed126/picnn_mtlsh_state_dict_best.pt
Epoch 195 | train_loss=2.5483e-02 | train_eval_loss=2.5383e-02 | val_loss=2.5164e-02 | | lr=1.00e-03
Saved best model to results/thesis_model_results/outputs/seed_robustness_shortlist/PICNN_MTLSH__mse__minmax__seed126/picnn_mtlsh_state_dict_best.pt
Epoch 196 | train_loss=2.5292e-02 | train_eval_loss=2.5192e-02 | val_loss=2.4979e-02 | | lr=1.00e-03
Saved best model to results/thesis_model_results/outputs/seed_robustness_shortlist/PICNN_MTLSH__mse__minmax__seed126/picnn_mtlsh_state_dict_best.pt
Epoch 197 | train_loss=2.5099e-02 | train_eval_loss=2.4996e-02 | val_loss=2.4786e-02 | | lr=1.00e-03
Saved best model to results/thesis_model_results/outputs/seed_robustness_shortlist/PICNN_MTLSH__mse__minmax__seed126/picnn_mtlsh_state_dict_best.pt
Epoch 198 | train_loss=2.4901e-02 | train_eval_loss=2.4796e-02 | val_loss=2.4591e-02 | | lr=1.00e-03
Saved best model to results/thesis_model_results/outputs/seed_robustness_shortlist/PICNN_MTLSH__mse__minmax__seed126/picnn_mtlsh_state_dict_best.pt
Epoch 199 | train_loss=2.4700e-02 | train_eval_loss=2.4593e-02 | val_loss=2.4392e-02 | | lr=1.00e-03
Saved best model to results/thesis_model_results/outputs/seed_robustness_shortlist/PICNN_MTLSH__mse__minmax__seed126/picnn_mtlsh_state_dict_best.pt
Epoch 200 | train_loss=2.4495e-02 | train_eval_loss=2.4386e-02 | val_loss=2.4186e-02 | | lr=1.00e-03
Saved best model to results/thesis_model_results/outputs/seed_robustness_shortlist/PICNN_MTLSH__mse__minmax__seed126/picnn_mtlsh_state_dict_best.pt
Saved training logs to results/thesis_model_results/outputs/seed_robustness_shortlist/PICNN_MTLSH__mse__minmax__seed126/training_summary.txt
Test RMSE(rocof_COI) = 0.1979 | norm: 0.1501 | real_diff: 0.1571
Test RMSE(dev_COI) = 0.4921 | norm: 0.1825 | real_diff: 0.3944
Test RMSE(Delta_P_IBR_1) = 0.9496 | norm: 0.1499 | real_diff: 0.7538
Test RMSE(Delta_P_IBR_2) = 1.0036 | norm: 0.1396 | real_diff: 0.8041
Test RMSE(Delta_P_IBR_3) = 0.8935 | norm: 0.1569 | real_diff: 0.7253
Test RMSE(Delta_P_IBR_4) = 1.4302 | norm: 0.1478 | real_diff: 1.1408
Saved RMSE results to results/thesis_model_results/outputs/seed_robustness_shortlist/PICNN_MTLSH__mse__minmax__seed126/rmse_results.txt
Saved detailed metrics to results/thesis_model_results/outputs/seed_robustness_shortlist/PICNN_MTLSH__mse__minmax__seed126/metrics_by_target.csv
Saved aggregate metrics to results/thesis_model_results/outputs/seed_robustness_shortlist/PICNN_MTLSH__mse__minmax__seed126/metrics_summary.json
Saved loss curves to results/thesis_model_results/outputs/seed_robustness_shortlist/PICNN_MTLSH__mse__minmax__seed126/loss_curve.png
Saved scatter plot results/thesis_model_results/outputs/seed_robustness_shortlist/PICNN_MTLSH__mse__minmax__seed126/scatter_rocof_COI.png
Saved scatter plot results/thesis_model_results/outputs/seed_robustness_shortlist/PICNN_MTLSH__mse__minmax__seed126/scatter_dev_COI.png
Saved scatter plot results/thesis_model_results/outputs/seed_robustness_shortlist/PICNN_MTLSH__mse__minmax__seed126/scatter_Delta_P_IBR_1.png
Saved scatter plot results/thesis_model_results/outputs/seed_robustness_shortlist/PICNN_MTLSH__mse__minmax__seed126/scatter_Delta_P_IBR_2.png
Saved scatter plot results/thesis_model_results/outputs/seed_robustness_shortlist/PICNN_MTLSH__mse__minmax__seed126/scatter_Delta_P_IBR_3.png
Saved scatter plot results/thesis_model_results/outputs/seed_robustness_shortlist/PICNN_MTLSH__mse__minmax__seed126/scatter_Delta_P_IBR_4.png
Saved model to results/thesis_model_results/outputs/seed_robustness_shortlist/PICNN_MTLSH__mse__minmax__seed126/picnn_mtlsh_state_dict.pt
Loss type: mse | weights=[]
Target stats (scaled):
train mean=[0.549  0.589  0.492  0.4884 0.4785 0.4192]
train std=[0.1365 0.1371 0.1141 0.1063 0.1158 0.1138]
train q05=[0.3074 0.3979 0.3192 0.303  0.3347 0.2205]
train q95=[0.7933 0.8652 0.6719 0.6491 0.6927 0.6016]
val mean=[0.5473 0.5873 0.4922 0.4893 0.4798 0.4201]
val std=[0.1343 0.1348 0.1123 0.1072 0.1141 0.1112]
val q05=[0.3103 0.3982 0.3195 0.303  0.3376 0.2251]
val q95=[0.7886 0.8626 0.6731 0.6514 0.6918 0.5984]
val/train std ratio=[0.984  0.9828 0.9844 1.0084 0.9848 0.9772]
LR scheduler: ReduceLROnPlateau (factor=0.5, patience=8, min_lr=1e-07)
Epoch 001 | train_loss=2.7468e+08 | train_eval_loss=7.3151e+00 | val_loss=7.3140e+00 | | lr=1.00e-03
Saved best model to results/thesis_model_results/outputs/seed_robustness_shortlist/PICNN_MTLSH__mse__minmax__seed168/picnn_mtlsh_state_dict_best.pt
Epoch 002 | train_loss=7.3177e+00 | train_eval_loss=7.3087e+00 | val_loss=7.3077e+00 | | lr=1.00e-03
Saved best model to results/thesis_model_results/outputs/seed_robustness_shortlist/PICNN_MTLSH__mse__minmax__seed168/picnn_mtlsh_state_dict_best.pt
Epoch 003 | train_loss=7.2961e+00 | train_eval_loss=7.2818e+00 | val_loss=7.2807e+00 | | lr=1.00e-03
Saved best model to results/thesis_model_results/outputs/seed_robustness_shortlist/PICNN_MTLSH__mse__minmax__seed168/picnn_mtlsh_state_dict_best.pt
Epoch 004 | train_loss=7.2664e+00 | train_eval_loss=7.2494e+00 | val_loss=7.2483e+00 | | lr=1.00e-03
Saved best model to results/thesis_model_results/outputs/seed_robustness_shortlist/PICNN_MTLSH__mse__minmax__seed168/picnn_mtlsh_state_dict_best.pt
Epoch 005 | train_loss=7.2317e+00 | train_eval_loss=7.2123e+00 | val_loss=7.2112e+00 | | lr=1.00e-03
Saved best model to results/thesis_model_results/outputs/seed_robustness_shortlist/PICNN_MTLSH__mse__minmax__seed168/picnn_mtlsh_state_dict_best.pt
Epoch 006 | train_loss=7.1923e+00 | train_eval_loss=7.1706e+00 | val_loss=7.1695e+00 | | lr=1.00e-03
Saved best model to results/thesis_model_results/outputs/seed_robustness_shortlist/PICNN_MTLSH__mse__minmax__seed168/picnn_mtlsh_state_dict_best.pt
Epoch 007 | train_loss=7.1487e+00 | train_eval_loss=7.1249e+00 | val_loss=7.1238e+00 | | lr=1.00e-03
Saved best model to results/thesis_model_results/outputs/seed_robustness_shortlist/PICNN_MTLSH__mse__minmax__seed168/picnn_mtlsh_state_dict_best.pt
Epoch 008 | train_loss=7.1009e+00 | train_eval_loss=7.0752e+00 | val_loss=7.0740e+00 | | lr=1.00e-03
Saved best model to results/thesis_model_results/outputs/seed_robustness_shortlist/PICNN_MTLSH__mse__minmax__seed168/picnn_mtlsh_state_dict_best.pt
Epoch 009 | train_loss=7.0493e+00 | train_eval_loss=7.0215e+00 | val_loss=7.0204e+00 | | lr=1.00e-03
Saved best model to results/thesis_model_results/outputs/seed_robustness_shortlist/PICNN_MTLSH__mse__minmax__seed168/picnn_mtlsh_state_dict_best.pt
Epoch 010 | train_loss=6.9939e+00 | train_eval_loss=6.9643e+00 | val_loss=6.9632e+00 | | lr=1.00e-03
Saved best model to results/thesis_model_results/outputs/seed_robustness_shortlist/PICNN_MTLSH__mse__minmax__seed168/picnn_mtlsh_state_dict_best.pt
Epoch 011 | train_loss=6.9349e+00 | train_eval_loss=6.9035e+00 | val_loss=6.9023e+00 | | lr=1.00e-03
Saved best model to results/thesis_model_results/outputs/seed_robustness_shortlist/PICNN_MTLSH__mse__minmax__seed168/picnn_mtlsh_state_dict_best.pt
Epoch 012 | train_loss=6.8724e+00 | train_eval_loss=6.8391e+00 | val_loss=6.8380e+00 | | lr=1.00e-03
Saved best model to results/thesis_model_results/outputs/seed_robustness_shortlist/PICNN_MTLSH__mse__minmax__seed168/picnn_mtlsh_state_dict_best.pt
Epoch 013 | train_loss=6.8064e+00 | train_eval_loss=6.7714e+00 | val_loss=6.7703e+00 | | lr=1.00e-03
Saved best model to results/thesis_model_results/outputs/seed_robustness_shortlist/PICNN_MTLSH__mse__minmax__seed168/picnn_mtlsh_state_dict_best.pt
Epoch 014 | train_loss=6.7370e+00 | train_eval_loss=6.7004e+00 | val_loss=6.6992e+00 | | lr=1.00e-03
Saved best model to results/thesis_model_results/outputs/seed_robustness_shortlist/PICNN_MTLSH__mse__minmax__seed168/picnn_mtlsh_state_dict_best.pt
Epoch 015 | train_loss=6.6644e+00 | train_eval_loss=6.6261e+00 | val_loss=6.6249e+00 | | lr=1.00e-03
Saved best model to results/thesis_model_results/outputs/seed_robustness_shortlist/PICNN_MTLSH__mse__minmax__seed168/picnn_mtlsh_state_dict_best.pt
Epoch 016 | train_loss=6.5885e+00 | train_eval_loss=6.5486e+00 | val_loss=6.5474e+00 | | lr=1.00e-03
Saved best model to results/thesis_model_results/outputs/seed_robustness_shortlist/PICNN_MTLSH__mse__minmax__seed168/picnn_mtlsh_state_dict_best.pt
Epoch 017 | train_loss=6.5095e+00 | train_eval_loss=6.4680e+00 | val_loss=6.4667e+00 | | lr=1.00e-03
Saved best model to results/thesis_model_results/outputs/seed_robustness_shortlist/PICNN_MTLSH__mse__minmax__seed168/picnn_mtlsh_state_dict_best.pt
Epoch 018 | train_loss=6.4274e+00 | train_eval_loss=6.3843e+00 | val_loss=6.3831e+00 | | lr=1.00e-03
Saved best model to results/thesis_model_results/outputs/seed_robustness_shortlist/PICNN_MTLSH__mse__minmax__seed168/picnn_mtlsh_state_dict_best.pt
Epoch 019 | train_loss=6.3423e+00 | train_eval_loss=6.2977e+00 | val_loss=6.2965e+00 | | lr=1.00e-03
Saved best model to results/thesis_model_results/outputs/seed_robustness_shortlist/PICNN_MTLSH__mse__minmax__seed168/picnn_mtlsh_state_dict_best.pt
Epoch 020 | train_loss=6.2543e+00 | train_eval_loss=6.2082e+00 | val_loss=6.2070e+00 | | lr=1.00e-03
Saved best model to results/thesis_model_results/outputs/seed_robustness_shortlist/PICNN_MTLSH__mse__minmax__seed168/picnn_mtlsh_state_dict_best.pt
Epoch 021 | train_loss=6.1633e+00 | train_eval_loss=6.1158e+00 | val_loss=6.1145e+00 | | lr=1.00e-03
Saved best model to results/thesis_model_results/outputs/seed_robustness_shortlist/PICNN_MTLSH__mse__minmax__seed168/picnn_mtlsh_state_dict_best.pt
Epoch 022 | train_loss=6.0696e+00 | train_eval_loss=6.0206e+00 | val_loss=6.0194e+00 | | lr=1.00e-03
Saved best model to results/thesis_model_results/outputs/seed_robustness_shortlist/PICNN_MTLSH__mse__minmax__seed168/picnn_mtlsh_state_dict_best.pt
Epoch 023 | train_loss=5.9731e+00 | train_eval_loss=5.9228e+00 | val_loss=5.9215e+00 | | lr=1.00e-03
Saved best model to results/thesis_model_results/outputs/seed_robustness_shortlist/PICNN_MTLSH__mse__minmax__seed168/picnn_mtlsh_state_dict_best.pt
Epoch 024 | train_loss=5.8739e+00 | train_eval_loss=5.8222e+00 | val_loss=5.8209e+00 | | lr=1.00e-03
Saved best model to results/thesis_model_results/outputs/seed_robustness_shortlist/PICNN_MTLSH__mse__minmax__seed168/picnn_mtlsh_state_dict_best.pt
Epoch 025 | train_loss=5.7721e+00 | train_eval_loss=5.7192e+00 | val_loss=5.7178e+00 | | lr=1.00e-03
Saved best model to results/thesis_model_results/outputs/seed_robustness_shortlist/PICNN_MTLSH__mse__minmax__seed168/picnn_mtlsh_state_dict_best.pt
Epoch 026 | train_loss=5.6678e+00 | train_eval_loss=5.6137e+00 | val_loss=5.6124e+00 | | lr=1.00e-03
Saved best model to results/thesis_model_results/outputs/seed_robustness_shortlist/PICNN_MTLSH__mse__minmax__seed168/picnn_mtlsh_state_dict_best.pt
Epoch 027 | train_loss=5.5612e+00 | train_eval_loss=5.5057e+00 | val_loss=5.5044e+00 | | lr=1.00e-03
Saved best model to results/thesis_model_results/outputs/seed_robustness_shortlist/PICNN_MTLSH__mse__minmax__seed168/picnn_mtlsh_state_dict_best.pt
Epoch 028 | train_loss=5.4521e+00 | train_eval_loss=5.3955e+00 | val_loss=5.3941e+00 | | lr=1.00e-03
Saved best model to results/thesis_model_results/outputs/seed_robustness_shortlist/PICNN_MTLSH__mse__minmax__seed168/picnn_mtlsh_state_dict_best.pt
Epoch 029 | train_loss=5.3409e+00 | train_eval_loss=5.2831e+00 | val_loss=5.2818e+00 | | lr=1.00e-03
Saved best model to results/thesis_model_results/outputs/seed_robustness_shortlist/PICNN_MTLSH__mse__minmax__seed168/picnn_mtlsh_state_dict_best.pt
Epoch 030 | train_loss=5.2275e+00 | train_eval_loss=5.1688e+00 | val_loss=5.1674e+00 | | lr=1.00e-03
Saved best model to results/thesis_model_results/outputs/seed_robustness_shortlist/PICNN_MTLSH__mse__minmax__seed168/picnn_mtlsh_state_dict_best.pt
Epoch 031 | train_loss=5.1121e+00 | train_eval_loss=5.0524e+00 | val_loss=5.0510e+00 | | lr=1.00e-03
Saved best model to results/thesis_model_results/outputs/seed_robustness_shortlist/PICNN_MTLSH__mse__minmax__seed168/picnn_mtlsh_state_dict_best.pt
Epoch 032 | train_loss=4.9948e+00 | train_eval_loss=4.9342e+00 | val_loss=4.9328e+00 | | lr=1.00e-03
Saved best model to results/thesis_model_results/outputs/seed_robustness_shortlist/PICNN_MTLSH__mse__minmax__seed168/picnn_mtlsh_state_dict_best.pt
Epoch 033 | train_loss=4.8758e+00 | train_eval_loss=4.8141e+00 | val_loss=4.8127e+00 | | lr=1.00e-03
Saved best model to results/thesis_model_results/outputs/seed_robustness_shortlist/PICNN_MTLSH__mse__minmax__seed168/picnn_mtlsh_state_dict_best.pt
Epoch 034 | train_loss=4.7550e+00 | train_eval_loss=4.6927e+00 | val_loss=4.6912e+00 | | lr=1.00e-03
Saved best model to results/thesis_model_results/outputs/seed_robustness_shortlist/PICNN_MTLSH__mse__minmax__seed168/picnn_mtlsh_state_dict_best.pt
Epoch 035 | train_loss=4.6328e+00 | train_eval_loss=4.5696e+00 | val_loss=4.5682e+00 | | lr=1.00e-03
Saved best model to results/thesis_model_results/outputs/seed_robustness_shortlist/PICNN_MTLSH__mse__minmax__seed168/picnn_mtlsh_state_dict_best.pt
Epoch 036 | train_loss=4.5092e+00 | train_eval_loss=4.4454e+00 | val_loss=4.4440e+00 | | lr=1.00e-03
Saved best model to results/thesis_model_results/outputs/seed_robustness_shortlist/PICNN_MTLSH__mse__minmax__seed168/picnn_mtlsh_state_dict_best.pt
Epoch 037 | train_loss=4.3843e+00 | train_eval_loss=4.3200e+00 | val_loss=4.3185e+00 | | lr=1.00e-03
Saved best model to results/thesis_model_results/outputs/seed_robustness_shortlist/PICNN_MTLSH__mse__minmax__seed168/picnn_mtlsh_state_dict_best.pt
Epoch 038 | train_loss=4.2584e+00 | train_eval_loss=4.1937e+00 | val_loss=4.1922e+00 | | lr=1.00e-03
Saved best model to results/thesis_model_results/outputs/seed_robustness_shortlist/PICNN_MTLSH__mse__minmax__seed168/picnn_mtlsh_state_dict_best.pt
Epoch 039 | train_loss=4.1315e+00 | train_eval_loss=4.0664e+00 | val_loss=4.0649e+00 | | lr=1.00e-03
Saved best model to results/thesis_model_results/outputs/seed_robustness_shortlist/PICNN_MTLSH__mse__minmax__seed168/picnn_mtlsh_state_dict_best.pt
Epoch 040 | train_loss=4.0039e+00 | train_eval_loss=3.9383e+00 | val_loss=3.9368e+00 | | lr=1.00e-03
Saved best model to results/thesis_model_results/outputs/seed_robustness_shortlist/PICNN_MTLSH__mse__minmax__seed168/picnn_mtlsh_state_dict_best.pt
Epoch 041 | train_loss=3.8757e+00 | train_eval_loss=3.8099e+00 | val_loss=3.8084e+00 | | lr=1.00e-03
Saved best model to results/thesis_model_results/outputs/seed_robustness_shortlist/PICNN_MTLSH__mse__minmax__seed168/picnn_mtlsh_state_dict_best.pt
Epoch 042 | train_loss=3.7471e+00 | train_eval_loss=3.6812e+00 | val_loss=3.6797e+00 | | lr=1.00e-03
Saved best model to results/thesis_model_results/outputs/seed_robustness_shortlist/PICNN_MTLSH__mse__minmax__seed168/picnn_mtlsh_state_dict_best.pt
Epoch 043 | train_loss=3.6182e+00 | train_eval_loss=3.5522e+00 | val_loss=3.5507e+00 | | lr=1.00e-03
Saved best model to results/thesis_model_results/outputs/seed_robustness_shortlist/PICNN_MTLSH__mse__minmax__seed168/picnn_mtlsh_state_dict_best.pt
Epoch 044 | train_loss=3.4893e+00 | train_eval_loss=3.4234e+00 | val_loss=3.4219e+00 | | lr=1.00e-03
Saved best model to results/thesis_model_results/outputs/seed_robustness_shortlist/PICNN_MTLSH__mse__minmax__seed168/picnn_mtlsh_state_dict_best.pt
Epoch 045 | train_loss=3.3606e+00 | train_eval_loss=3.2947e+00 | val_loss=3.2932e+00 | | lr=1.00e-03
Saved best model to results/thesis_model_results/outputs/seed_robustness_shortlist/PICNN_MTLSH__mse__minmax__seed168/picnn_mtlsh_state_dict_best.pt
Epoch 046 | train_loss=3.2321e+00 | train_eval_loss=3.1666e+00 | val_loss=3.1650e+00 | | lr=1.00e-03
Saved best model to results/thesis_model_results/outputs/seed_robustness_shortlist/PICNN_MTLSH__mse__minmax__seed168/picnn_mtlsh_state_dict_best.pt
Epoch 047 | train_loss=3.1043e+00 | train_eval_loss=3.0390e+00 | val_loss=3.0374e+00 | | lr=1.00e-03
Saved best model to results/thesis_model_results/outputs/seed_robustness_shortlist/PICNN_MTLSH__mse__minmax__seed168/picnn_mtlsh_state_dict_best.pt
Epoch 048 | train_loss=2.9771e+00 | train_eval_loss=2.9124e+00 | val_loss=2.9108e+00 | | lr=1.00e-03
Saved best model to results/thesis_model_results/outputs/seed_robustness_shortlist/PICNN_MTLSH__mse__minmax__seed168/picnn_mtlsh_state_dict_best.pt
Epoch 049 | train_loss=2.8509e+00 | train_eval_loss=2.7867e+00 | val_loss=2.7851e+00 | | lr=1.00e-03
Saved best model to results/thesis_model_results/outputs/seed_robustness_shortlist/PICNN_MTLSH__mse__minmax__seed168/picnn_mtlsh_state_dict_best.pt
Epoch 050 | train_loss=2.7258e+00 | train_eval_loss=2.6622e+00 | val_loss=2.6607e+00 | | lr=1.00e-03
Saved best model to results/thesis_model_results/outputs/seed_robustness_shortlist/PICNN_MTLSH__mse__minmax__seed168/picnn_mtlsh_state_dict_best.pt
Epoch 051 | train_loss=2.6021e+00 | train_eval_loss=2.5393e+00 | val_loss=2.5377e+00 | | lr=1.00e-03
Saved best model to results/thesis_model_results/outputs/seed_robustness_shortlist/PICNN_MTLSH__mse__minmax__seed168/picnn_mtlsh_state_dict_best.pt
Epoch 052 | train_loss=2.4799e+00 | train_eval_loss=2.4180e+00 | val_loss=2.4164e+00 | | lr=1.00e-03
Saved best model to results/thesis_model_results/outputs/seed_robustness_shortlist/PICNN_MTLSH__mse__minmax__seed168/picnn_mtlsh_state_dict_best.pt
Epoch 053 | train_loss=2.3595e+00 | train_eval_loss=2.2985e+00 | val_loss=2.2969e+00 | | lr=1.00e-03
Saved best model to results/thesis_model_results/outputs/seed_robustness_shortlist/PICNN_MTLSH__mse__minmax__seed168/picnn_mtlsh_state_dict_best.pt
Epoch 054 | train_loss=2.2409e+00 | train_eval_loss=2.1810e+00 | val_loss=2.1794e+00 | | lr=1.00e-03
Saved best model to results/thesis_model_results/outputs/seed_robustness_shortlist/PICNN_MTLSH__mse__minmax__seed168/picnn_mtlsh_state_dict_best.pt
Epoch 055 | train_loss=2.1245e+00 | train_eval_loss=2.0658e+00 | val_loss=2.0642e+00 | | lr=1.00e-03
Saved best model to results/thesis_model_results/outputs/seed_robustness_shortlist/PICNN_MTLSH__mse__minmax__seed168/picnn_mtlsh_state_dict_best.pt
Epoch 056 | train_loss=2.0105e+00 | train_eval_loss=1.9529e+00 | val_loss=1.9514e+00 | | lr=1.00e-03
Saved best model to results/thesis_model_results/outputs/seed_robustness_shortlist/PICNN_MTLSH__mse__minmax__seed168/picnn_mtlsh_state_dict_best.pt
Epoch 057 | train_loss=1.8989e+00 | train_eval_loss=1.8427e+00 | val_loss=1.8412e+00 | | lr=1.00e-03
Saved best model to results/thesis_model_results/outputs/seed_robustness_shortlist/PICNN_MTLSH__mse__minmax__seed168/picnn_mtlsh_state_dict_best.pt
Epoch 058 | train_loss=1.7900e+00 | train_eval_loss=1.7352e+00 | val_loss=1.7337e+00 | | lr=1.00e-03
Saved best model to results/thesis_model_results/outputs/seed_robustness_shortlist/PICNN_MTLSH__mse__minmax__seed168/picnn_mtlsh_state_dict_best.pt
Epoch 059 | train_loss=1.6839e+00 | train_eval_loss=1.6307e+00 | val_loss=1.6292e+00 | | lr=1.00e-03
Saved best model to results/thesis_model_results/outputs/seed_robustness_shortlist/PICNN_MTLSH__mse__minmax__seed168/picnn_mtlsh_state_dict_best.pt
Epoch 060 | train_loss=1.5809e+00 | train_eval_loss=1.5293e+00 | val_loss=1.5278e+00 | | lr=1.00e-03
Saved best model to results/thesis_model_results/outputs/seed_robustness_shortlist/PICNN_MTLSH__mse__minmax__seed168/picnn_mtlsh_state_dict_best.pt
Epoch 061 | train_loss=1.4810e+00 | train_eval_loss=1.4310e+00 | val_loss=1.4295e+00 | | lr=1.00e-03
Saved best model to results/thesis_model_results/outputs/seed_robustness_shortlist/PICNN_MTLSH__mse__minmax__seed168/picnn_mtlsh_state_dict_best.pt
Epoch 062 | train_loss=1.3844e+00 | train_eval_loss=1.3362e+00 | val_loss=1.3347e+00 | | lr=1.00e-03
Saved best model to results/thesis_model_results/outputs/seed_robustness_shortlist/PICNN_MTLSH__mse__minmax__seed168/picnn_mtlsh_state_dict_best.pt
Epoch 063 | train_loss=1.2913e+00 | train_eval_loss=1.2448e+00 | val_loss=1.2433e+00 | | lr=1.00e-03
Saved best model to results/thesis_model_results/outputs/seed_robustness_shortlist/PICNN_MTLSH__mse__minmax__seed168/picnn_mtlsh_state_dict_best.pt
Epoch 064 | train_loss=1.2016e+00 | train_eval_loss=1.1570e+00 | val_loss=1.1555e+00 | | lr=1.00e-03
Saved best model to results/thesis_model_results/outputs/seed_robustness_shortlist/PICNN_MTLSH__mse__minmax__seed168/picnn_mtlsh_state_dict_best.pt
Epoch 065 | train_loss=1.1156e+00 | train_eval_loss=1.0728e+00 | val_loss=1.0714e+00 | | lr=1.00e-03
Saved best model to results/thesis_model_results/outputs/seed_robustness_shortlist/PICNN_MTLSH__mse__minmax__seed168/picnn_mtlsh_state_dict_best.pt
Epoch 066 | train_loss=1.0333e+00 | train_eval_loss=9.9244e-01 | val_loss=9.9102e-01 | | lr=1.00e-03
Saved best model to results/thesis_model_results/outputs/seed_robustness_shortlist/PICNN_MTLSH__mse__minmax__seed168/picnn_mtlsh_state_dict_best.pt
Epoch 067 | train_loss=9.5468e-01 | train_eval_loss=9.1580e-01 | val_loss=9.1440e-01 | | lr=1.00e-03
Saved best model to results/thesis_model_results/outputs/seed_robustness_shortlist/PICNN_MTLSH__mse__minmax__seed168/picnn_mtlsh_state_dict_best.pt
Epoch 068 | train_loss=8.7991e-01 | train_eval_loss=8.4297e-01 | val_loss=8.4159e-01 | | lr=1.00e-03
Saved best model to results/thesis_model_results/outputs/seed_robustness_shortlist/PICNN_MTLSH__mse__minmax__seed168/picnn_mtlsh_state_dict_best.pt
Epoch 069 | train_loss=8.0898e-01 | train_eval_loss=7.7401e-01 | val_loss=7.7264e-01 | | lr=1.00e-03
Saved best model to results/thesis_model_results/outputs/seed_robustness_shortlist/PICNN_MTLSH__mse__minmax__seed168/picnn_mtlsh_state_dict_best.pt
Epoch 070 | train_loss=7.4191e-01 | train_eval_loss=7.0891e-01 | val_loss=7.0757e-01 | | lr=1.00e-03
Saved best model to results/thesis_model_results/outputs/seed_robustness_shortlist/PICNN_MTLSH__mse__minmax__seed168/picnn_mtlsh_state_dict_best.pt
Epoch 071 | train_loss=6.7870e-01 | train_eval_loss=6.4765e-01 | val_loss=6.4634e-01 | | lr=1.00e-03
Saved best model to results/thesis_model_results/outputs/seed_robustness_shortlist/PICNN_MTLSH__mse__minmax__seed168/picnn_mtlsh_state_dict_best.pt
Epoch 072 | train_loss=6.1929e-01 | train_eval_loss=5.9019e-01 | val_loss=5.8889e-01 | | lr=1.00e-03
Saved best model to results/thesis_model_results/outputs/seed_robustness_shortlist/PICNN_MTLSH__mse__minmax__seed168/picnn_mtlsh_state_dict_best.pt
Epoch 073 | train_loss=5.6368e-01 | train_eval_loss=5.3651e-01 | val_loss=5.3525e-01 | | lr=1.00e-03
Saved best model to results/thesis_model_results/outputs/seed_robustness_shortlist/PICNN_MTLSH__mse__minmax__seed168/picnn_mtlsh_state_dict_best.pt
Epoch 074 | train_loss=5.1179e-01 | train_eval_loss=4.8652e-01 | val_loss=4.8527e-01 | | lr=1.00e-03
Saved best model to results/thesis_model_results/outputs/seed_robustness_shortlist/PICNN_MTLSH__mse__minmax__seed168/picnn_mtlsh_state_dict_best.pt
Epoch 075 | train_loss=4.6355e-01 | train_eval_loss=4.4010e-01 | val_loss=4.3888e-01 | | lr=1.00e-03
Saved best model to results/thesis_model_results/outputs/seed_robustness_shortlist/PICNN_MTLSH__mse__minmax__seed168/picnn_mtlsh_state_dict_best.pt
Epoch 076 | train_loss=4.1888e-01 | train_eval_loss=3.9723e-01 | val_loss=3.9604e-01 | | lr=1.00e-03
Saved best model to results/thesis_model_results/outputs/seed_robustness_shortlist/PICNN_MTLSH__mse__minmax__seed168/picnn_mtlsh_state_dict_best.pt
Epoch 077 | train_loss=3.7768e-01 | train_eval_loss=3.5774e-01 | val_loss=3.5658e-01 | | lr=1.00e-03
Saved best model to results/thesis_model_results/outputs/seed_robustness_shortlist/PICNN_MTLSH__mse__minmax__seed168/picnn_mtlsh_state_dict_best.pt
Epoch 078 | train_loss=3.3982e-01 | train_eval_loss=3.2157e-01 | val_loss=3.2044e-01 | | lr=1.00e-03
Saved best model to results/thesis_model_results/outputs/seed_robustness_shortlist/PICNN_MTLSH__mse__minmax__seed168/picnn_mtlsh_state_dict_best.pt
Epoch 079 | train_loss=3.0520e-01 | train_eval_loss=2.8855e-01 | val_loss=2.8745e-01 | | lr=1.00e-03
Saved best model to results/thesis_model_results/outputs/seed_robustness_shortlist/PICNN_MTLSH__mse__minmax__seed168/picnn_mtlsh_state_dict_best.pt
Epoch 080 | train_loss=2.7366e-01 | train_eval_loss=2.5853e-01 | val_loss=2.5746e-01 | | lr=1.00e-03
Saved best model to results/thesis_model_results/outputs/seed_robustness_shortlist/PICNN_MTLSH__mse__minmax__seed168/picnn_mtlsh_state_dict_best.pt
Epoch 081 | train_loss=2.4505e-01 | train_eval_loss=2.3140e-01 | val_loss=2.3035e-01 | | lr=1.00e-03
Saved best model to results/thesis_model_results/outputs/seed_robustness_shortlist/PICNN_MTLSH__mse__minmax__seed168/picnn_mtlsh_state_dict_best.pt
Epoch 082 | train_loss=2.1923e-01 | train_eval_loss=2.0693e-01 | val_loss=2.0591e-01 | | lr=1.00e-03
Saved best model to results/thesis_model_results/outputs/seed_robustness_shortlist/PICNN_MTLSH__mse__minmax__seed168/picnn_mtlsh_state_dict_best.pt
Epoch 083 | train_loss=1.9603e-01 | train_eval_loss=1.8501e-01 | val_loss=1.8402e-01 | | lr=1.00e-03
Saved best model to results/thesis_model_results/outputs/seed_robustness_shortlist/PICNN_MTLSH__mse__minmax__seed168/picnn_mtlsh_state_dict_best.pt
Epoch 084 | train_loss=1.7528e-01 | train_eval_loss=1.6547e-01 | val_loss=1.6450e-01 | | lr=1.00e-03
Saved best model to results/thesis_model_results/outputs/seed_robustness_shortlist/PICNN_MTLSH__mse__minmax__seed168/picnn_mtlsh_state_dict_best.pt
Epoch 085 | train_loss=1.5683e-01 | train_eval_loss=1.4812e-01 | val_loss=1.4718e-01 | | lr=1.00e-03
Saved best model to results/thesis_model_results/outputs/seed_robustness_shortlist/PICNN_MTLSH__mse__minmax__seed168/picnn_mtlsh_state_dict_best.pt
Epoch 086 | train_loss=1.4049e-01 | train_eval_loss=1.3281e-01 | val_loss=1.3190e-01 | | lr=1.00e-03
Saved best model to results/thesis_model_results/outputs/seed_robustness_shortlist/PICNN_MTLSH__mse__minmax__seed168/picnn_mtlsh_state_dict_best.pt
Epoch 087 | train_loss=1.2610e-01 | train_eval_loss=1.1936e-01 | val_loss=1.1847e-01 | | lr=1.00e-03
Saved best model to results/thesis_model_results/outputs/seed_robustness_shortlist/PICNN_MTLSH__mse__minmax__seed168/picnn_mtlsh_state_dict_best.pt
Epoch 088 | train_loss=1.1349e-01 | train_eval_loss=1.0761e-01 | val_loss=1.0674e-01 | | lr=1.00e-03
Saved best model to results/thesis_model_results/outputs/seed_robustness_shortlist/PICNN_MTLSH__mse__minmax__seed168/picnn_mtlsh_state_dict_best.pt
Epoch 089 | train_loss=1.0251e-01 | train_eval_loss=9.7418e-02 | val_loss=9.6576e-02 | | lr=1.00e-03
Saved best model to results/thesis_model_results/outputs/seed_robustness_shortlist/PICNN_MTLSH__mse__minmax__seed168/picnn_mtlsh_state_dict_best.pt
Epoch 090 | train_loss=9.3000e-02 | train_eval_loss=8.8591e-02 | val_loss=8.7772e-02 | | lr=1.00e-03
Saved best model to results/thesis_model_results/outputs/seed_robustness_shortlist/PICNN_MTLSH__mse__minmax__seed168/picnn_mtlsh_state_dict_best.pt
Epoch 091 | train_loss=8.4798e-02 | train_eval_loss=8.1013e-02 | val_loss=8.0216e-02 | | lr=1.00e-03
Saved best model to results/thesis_model_results/outputs/seed_robustness_shortlist/PICNN_MTLSH__mse__minmax__seed168/picnn_mtlsh_state_dict_best.pt
Epoch 092 | train_loss=7.7769e-02 | train_eval_loss=7.4545e-02 | val_loss=7.3770e-02 | | lr=1.00e-03
Saved best model to results/thesis_model_results/outputs/seed_robustness_shortlist/PICNN_MTLSH__mse__minmax__seed168/picnn_mtlsh_state_dict_best.pt
Epoch 093 | train_loss=7.1780e-02 | train_eval_loss=6.9043e-02 | val_loss=6.8287e-02 | | lr=1.00e-03
Saved best model to results/thesis_model_results/outputs/seed_robustness_shortlist/PICNN_MTLSH__mse__minmax__seed168/picnn_mtlsh_state_dict_best.pt
Epoch 094 | train_loss=6.6705e-02 | train_eval_loss=6.4393e-02 | val_loss=6.3658e-02 | | lr=1.00e-03
Saved best model to results/thesis_model_results/outputs/seed_robustness_shortlist/PICNN_MTLSH__mse__minmax__seed168/picnn_mtlsh_state_dict_best.pt
Epoch 095 | train_loss=6.2427e-02 | train_eval_loss=6.0480e-02 | val_loss=5.9762e-02 | | lr=1.00e-03
Saved best model to results/thesis_model_results/outputs/seed_robustness_shortlist/PICNN_MTLSH__mse__minmax__seed168/picnn_mtlsh_state_dict_best.pt
Epoch 096 | train_loss=5.8832e-02 | train_eval_loss=5.7206e-02 | val_loss=5.6506e-02 | | lr=1.00e-03
Saved best model to results/thesis_model_results/outputs/seed_robustness_shortlist/PICNN_MTLSH__mse__minmax__seed168/picnn_mtlsh_state_dict_best.pt
Epoch 097 | train_loss=5.5829e-02 | train_eval_loss=5.4476e-02 | val_loss=5.3793e-02 | | lr=1.00e-03
Saved best model to results/thesis_model_results/outputs/seed_robustness_shortlist/PICNN_MTLSH__mse__minmax__seed168/picnn_mtlsh_state_dict_best.pt
Epoch 098 | train_loss=5.3332e-02 | train_eval_loss=5.2205e-02 | val_loss=5.1537e-02 | | lr=1.00e-03
Saved best model to results/thesis_model_results/outputs/seed_robustness_shortlist/PICNN_MTLSH__mse__minmax__seed168/picnn_mtlsh_state_dict_best.pt
Epoch 099 | train_loss=5.1260e-02 | train_eval_loss=5.0326e-02 | val_loss=4.9672e-02 | | lr=1.00e-03
Saved best model to results/thesis_model_results/outputs/seed_robustness_shortlist/PICNN_MTLSH__mse__minmax__seed168/picnn_mtlsh_state_dict_best.pt
Epoch 100 | train_loss=4.9544e-02 | train_eval_loss=4.8775e-02 | val_loss=4.8135e-02 | | lr=1.00e-03
Saved best model to results/thesis_model_results/outputs/seed_robustness_shortlist/PICNN_MTLSH__mse__minmax__seed168/picnn_mtlsh_state_dict_best.pt
Epoch 101 | train_loss=4.8126e-02 | train_eval_loss=4.7488e-02 | val_loss=4.6860e-02 | | lr=1.00e-03
Saved best model to results/thesis_model_results/outputs/seed_robustness_shortlist/PICNN_MTLSH__mse__minmax__seed168/picnn_mtlsh_state_dict_best.pt
Epoch 102 | train_loss=4.6949e-02 | train_eval_loss=4.6420e-02 | val_loss=4.5803e-02 | | lr=1.00e-03
Saved best model to results/thesis_model_results/outputs/seed_robustness_shortlist/PICNN_MTLSH__mse__minmax__seed168/picnn_mtlsh_state_dict_best.pt
Epoch 103 | train_loss=4.5972e-02 | train_eval_loss=4.5531e-02 | val_loss=4.4926e-02 | | lr=1.00e-03
Saved best model to results/thesis_model_results/outputs/seed_robustness_shortlist/PICNN_MTLSH__mse__minmax__seed168/picnn_mtlsh_state_dict_best.pt
Epoch 104 | train_loss=4.5158e-02 | train_eval_loss=4.4788e-02 | val_loss=4.4193e-02 | | lr=1.00e-03
Saved best model to results/thesis_model_results/outputs/seed_robustness_shortlist/PICNN_MTLSH__mse__minmax__seed168/picnn_mtlsh_state_dict_best.pt
Epoch 105 | train_loss=4.4474e-02 | train_eval_loss=4.4159e-02 | val_loss=4.3573e-02 | | lr=1.00e-03
Saved best model to results/thesis_model_results/outputs/seed_robustness_shortlist/PICNN_MTLSH__mse__minmax__seed168/picnn_mtlsh_state_dict_best.pt
Epoch 106 | train_loss=4.3892e-02 | train_eval_loss=4.3625e-02 | val_loss=4.3048e-02 | | lr=1.00e-03
Saved best model to results/thesis_model_results/outputs/seed_robustness_shortlist/PICNN_MTLSH__mse__minmax__seed168/picnn_mtlsh_state_dict_best.pt
Epoch 107 | train_loss=4.3394e-02 | train_eval_loss=4.3162e-02 | val_loss=4.2593e-02 | | lr=1.00e-03
Saved best model to results/thesis_model_results/outputs/seed_robustness_shortlist/PICNN_MTLSH__mse__minmax__seed168/picnn_mtlsh_state_dict_best.pt
Epoch 108 | train_loss=4.2960e-02 | train_eval_loss=4.2758e-02 | val_loss=4.2196e-02 | | lr=1.00e-03
Saved best model to results/thesis_model_results/outputs/seed_robustness_shortlist/PICNN_MTLSH__mse__minmax__seed168/picnn_mtlsh_state_dict_best.pt
Epoch 109 | train_loss=4.2579e-02 | train_eval_loss=4.2396e-02 | val_loss=4.1841e-02 | | lr=1.00e-03
Saved best model to results/thesis_model_results/outputs/seed_robustness_shortlist/PICNN_MTLSH__mse__minmax__seed168/picnn_mtlsh_state_dict_best.pt
Epoch 110 | train_loss=4.2237e-02 | train_eval_loss=4.2074e-02 | val_loss=4.1524e-02 | | lr=1.00e-03
Saved best model to results/thesis_model_results/outputs/seed_robustness_shortlist/PICNN_MTLSH__mse__minmax__seed168/picnn_mtlsh_state_dict_best.pt
Epoch 111 | train_loss=4.1928e-02 | train_eval_loss=4.1778e-02 | val_loss=4.1234e-02 | | lr=1.00e-03
Saved best model to results/thesis_model_results/outputs/seed_robustness_shortlist/PICNN_MTLSH__mse__minmax__seed168/picnn_mtlsh_state_dict_best.pt
Epoch 112 | train_loss=4.1645e-02 | train_eval_loss=4.1508e-02 | val_loss=4.0969e-02 | | lr=1.00e-03
Saved best model to results/thesis_model_results/outputs/seed_robustness_shortlist/PICNN_MTLSH__mse__minmax__seed168/picnn_mtlsh_state_dict_best.pt
Epoch 113 | train_loss=4.1384e-02 | train_eval_loss=4.1256e-02 | val_loss=4.0722e-02 | | lr=1.00e-03
Saved best model to results/thesis_model_results/outputs/seed_robustness_shortlist/PICNN_MTLSH__mse__minmax__seed168/picnn_mtlsh_state_dict_best.pt
Epoch 114 | train_loss=4.1140e-02 | train_eval_loss=4.1019e-02 | val_loss=4.0490e-02 | | lr=1.00e-03
Saved best model to results/thesis_model_results/outputs/seed_robustness_shortlist/PICNN_MTLSH__mse__minmax__seed168/picnn_mtlsh_state_dict_best.pt
Epoch 115 | train_loss=4.0910e-02 | train_eval_loss=4.0797e-02 | val_loss=4.0272e-02 | | lr=1.00e-03
Saved best model to results/thesis_model_results/outputs/seed_robustness_shortlist/PICNN_MTLSH__mse__minmax__seed168/picnn_mtlsh_state_dict_best.pt
Epoch 116 | train_loss=4.0693e-02 | train_eval_loss=4.0585e-02 | val_loss=4.0064e-02 | | lr=1.00e-03
Saved best model to results/thesis_model_results/outputs/seed_robustness_shortlist/PICNN_MTLSH__mse__minmax__seed168/picnn_mtlsh_state_dict_best.pt
Epoch 117 | train_loss=4.0486e-02 | train_eval_loss=4.0384e-02 | val_loss=3.9867e-02 | | lr=1.00e-03
Saved best model to results/thesis_model_results/outputs/seed_robustness_shortlist/PICNN_MTLSH__mse__minmax__seed168/picnn_mtlsh_state_dict_best.pt
Epoch 118 | train_loss=4.0289e-02 | train_eval_loss=4.0191e-02 | val_loss=3.9678e-02 | | lr=1.00e-03
Saved best model to results/thesis_model_results/outputs/seed_robustness_shortlist/PICNN_MTLSH__mse__minmax__seed168/picnn_mtlsh_state_dict_best.pt
Epoch 119 | train_loss=4.0102e-02 | train_eval_loss=4.0009e-02 | val_loss=3.9499e-02 | | lr=1.00e-03
Saved best model to results/thesis_model_results/outputs/seed_robustness_shortlist/PICNN_MTLSH__mse__minmax__seed168/picnn_mtlsh_state_dict_best.pt
Epoch 120 | train_loss=3.9924e-02 | train_eval_loss=3.9835e-02 | val_loss=3.9327e-02 | | lr=1.00e-03
Saved best model to results/thesis_model_results/outputs/seed_robustness_shortlist/PICNN_MTLSH__mse__minmax__seed168/picnn_mtlsh_state_dict_best.pt
Epoch 121 | train_loss=3.9753e-02 | train_eval_loss=3.9667e-02 | val_loss=3.9163e-02 | | lr=1.00e-03
Saved best model to results/thesis_model_results/outputs/seed_robustness_shortlist/PICNN_MTLSH__mse__minmax__seed168/picnn_mtlsh_state_dict_best.pt
Epoch 122 | train_loss=3.9590e-02 | train_eval_loss=3.9508e-02 | val_loss=3.9007e-02 | | lr=1.00e-03
Saved best model to results/thesis_model_results/outputs/seed_robustness_shortlist/PICNN_MTLSH__mse__minmax__seed168/picnn_mtlsh_state_dict_best.pt
Epoch 123 | train_loss=3.9433e-02 | train_eval_loss=3.9355e-02 | val_loss=3.8857e-02 | | lr=1.00e-03
Saved best model to results/thesis_model_results/outputs/seed_robustness_shortlist/PICNN_MTLSH__mse__minmax__seed168/picnn_mtlsh_state_dict_best.pt
Epoch 124 | train_loss=3.9283e-02 | train_eval_loss=3.9209e-02 | val_loss=3.8712e-02 | | lr=1.00e-03
Saved best model to results/thesis_model_results/outputs/seed_robustness_shortlist/PICNN_MTLSH__mse__minmax__seed168/picnn_mtlsh_state_dict_best.pt
Epoch 125 | train_loss=3.9140e-02 | train_eval_loss=3.9068e-02 | val_loss=3.8574e-02 | | lr=1.00e-03
Saved best model to results/thesis_model_results/outputs/seed_robustness_shortlist/PICNN_MTLSH__mse__minmax__seed168/picnn_mtlsh_state_dict_best.pt
Epoch 126 | train_loss=3.9002e-02 | train_eval_loss=3.8933e-02 | val_loss=3.8441e-02 | | lr=1.00e-03
Saved best model to results/thesis_model_results/outputs/seed_robustness_shortlist/PICNN_MTLSH__mse__minmax__seed168/picnn_mtlsh_state_dict_best.pt
Epoch 127 | train_loss=3.8870e-02 | train_eval_loss=3.8804e-02 | val_loss=3.8314e-02 | | lr=1.00e-03
Saved best model to results/thesis_model_results/outputs/seed_robustness_shortlist/PICNN_MTLSH__mse__minmax__seed168/picnn_mtlsh_state_dict_best.pt
Epoch 128 | train_loss=3.8743e-02 | train_eval_loss=3.8679e-02 | val_loss=3.8192e-02 | | lr=1.00e-03
Saved best model to results/thesis_model_results/outputs/seed_robustness_shortlist/PICNN_MTLSH__mse__minmax__seed168/picnn_mtlsh_state_dict_best.pt
Epoch 129 | train_loss=3.8620e-02 | train_eval_loss=3.8559e-02 | val_loss=3.8073e-02 | | lr=1.00e-03
Saved best model to results/thesis_model_results/outputs/seed_robustness_shortlist/PICNN_MTLSH__mse__minmax__seed168/picnn_mtlsh_state_dict_best.pt
Epoch 130 | train_loss=3.8502e-02 | train_eval_loss=3.8443e-02 | val_loss=3.7960e-02 | | lr=1.00e-03
Saved best model to results/thesis_model_results/outputs/seed_robustness_shortlist/PICNN_MTLSH__mse__minmax__seed168/picnn_mtlsh_state_dict_best.pt
Epoch 131 | train_loss=3.8388e-02 | train_eval_loss=3.8330e-02 | val_loss=3.7849e-02 | | lr=1.00e-03
Saved best model to results/thesis_model_results/outputs/seed_robustness_shortlist/PICNN_MTLSH__mse__minmax__seed168/picnn_mtlsh_state_dict_best.pt
Epoch 132 | train_loss=3.8277e-02 | train_eval_loss=3.8221e-02 | val_loss=3.7741e-02 | | lr=1.00e-03
Saved best model to results/thesis_model_results/outputs/seed_robustness_shortlist/PICNN_MTLSH__mse__minmax__seed168/picnn_mtlsh_state_dict_best.pt
Epoch 133 | train_loss=3.8168e-02 | train_eval_loss=3.8114e-02 | val_loss=3.7636e-02 | | lr=1.00e-03
Saved best model to results/thesis_model_results/outputs/seed_robustness_shortlist/PICNN_MTLSH__mse__minmax__seed168/picnn_mtlsh_state_dict_best.pt
Epoch 134 | train_loss=3.8063e-02 | train_eval_loss=3.8009e-02 | val_loss=3.7533e-02 | | lr=1.00e-03
Saved best model to results/thesis_model_results/outputs/seed_robustness_shortlist/PICNN_MTLSH__mse__minmax__seed168/picnn_mtlsh_state_dict_best.pt
Epoch 135 | train_loss=3.7960e-02 | train_eval_loss=3.7907e-02 | val_loss=3.7433e-02 | | lr=1.00e-03
Saved best model to results/thesis_model_results/outputs/seed_robustness_shortlist/PICNN_MTLSH__mse__minmax__seed168/picnn_mtlsh_state_dict_best.pt
Epoch 136 | train_loss=3.7858e-02 | train_eval_loss=3.7806e-02 | val_loss=3.7334e-02 | | lr=1.00e-03
Saved best model to results/thesis_model_results/outputs/seed_robustness_shortlist/PICNN_MTLSH__mse__minmax__seed168/picnn_mtlsh_state_dict_best.pt
Epoch 137 | train_loss=3.7758e-02 | train_eval_loss=3.7707e-02 | val_loss=3.7236e-02 | | lr=1.00e-03
Saved best model to results/thesis_model_results/outputs/seed_robustness_shortlist/PICNN_MTLSH__mse__minmax__seed168/picnn_mtlsh_state_dict_best.pt
Epoch 138 | train_loss=3.7660e-02 | train_eval_loss=3.7609e-02 | val_loss=3.7140e-02 | | lr=1.00e-03
Saved best model to results/thesis_model_results/outputs/seed_robustness_shortlist/PICNN_MTLSH__mse__minmax__seed168/picnn_mtlsh_state_dict_best.pt
Epoch 139 | train_loss=3.7562e-02 | train_eval_loss=3.7512e-02 | val_loss=3.7044e-02 | | lr=1.00e-03
Saved best model to results/thesis_model_results/outputs/seed_robustness_shortlist/PICNN_MTLSH__mse__minmax__seed168/picnn_mtlsh_state_dict_best.pt
Epoch 140 | train_loss=3.7465e-02 | train_eval_loss=3.7415e-02 | val_loss=3.6949e-02 | | lr=1.00e-03
Saved best model to results/thesis_model_results/outputs/seed_robustness_shortlist/PICNN_MTLSH__mse__minmax__seed168/picnn_mtlsh_state_dict_best.pt
Epoch 141 | train_loss=3.7368e-02 | train_eval_loss=3.7318e-02 | val_loss=3.6854e-02 | | lr=1.00e-03
Saved best model to results/thesis_model_results/outputs/seed_robustness_shortlist/PICNN_MTLSH__mse__minmax__seed168/picnn_mtlsh_state_dict_best.pt
Epoch 142 | train_loss=3.7272e-02 | train_eval_loss=3.7222e-02 | val_loss=3.6759e-02 | | lr=1.00e-03
Saved best model to results/thesis_model_results/outputs/seed_robustness_shortlist/PICNN_MTLSH__mse__minmax__seed168/picnn_mtlsh_state_dict_best.pt
Epoch 143 | train_loss=3.7175e-02 | train_eval_loss=3.7125e-02 | val_loss=3.6664e-02 | | lr=1.00e-03
Saved best model to results/thesis_model_results/outputs/seed_robustness_shortlist/PICNN_MTLSH__mse__minmax__seed168/picnn_mtlsh_state_dict_best.pt
Epoch 144 | train_loss=3.7079e-02 | train_eval_loss=3.7028e-02 | val_loss=3.6568e-02 | | lr=1.00e-03
Saved best model to results/thesis_model_results/outputs/seed_robustness_shortlist/PICNN_MTLSH__mse__minmax__seed168/picnn_mtlsh_state_dict_best.pt
Epoch 145 | train_loss=3.6982e-02 | train_eval_loss=3.6931e-02 | val_loss=3.6473e-02 | | lr=1.00e-03
Saved best model to results/thesis_model_results/outputs/seed_robustness_shortlist/PICNN_MTLSH__mse__minmax__seed168/picnn_mtlsh_state_dict_best.pt
Epoch 146 | train_loss=3.6884e-02 | train_eval_loss=3.6833e-02 | val_loss=3.6376e-02 | | lr=1.00e-03
Saved best model to results/thesis_model_results/outputs/seed_robustness_shortlist/PICNN_MTLSH__mse__minmax__seed168/picnn_mtlsh_state_dict_best.pt
Epoch 147 | train_loss=3.6785e-02 | train_eval_loss=3.6734e-02 | val_loss=3.6279e-02 | | lr=1.00e-03
Saved best model to results/thesis_model_results/outputs/seed_robustness_shortlist/PICNN_MTLSH__mse__minmax__seed168/picnn_mtlsh_state_dict_best.pt
Epoch 148 | train_loss=3.6686e-02 | train_eval_loss=3.6635e-02 | val_loss=3.6181e-02 | | lr=1.00e-03
Saved best model to results/thesis_model_results/outputs/seed_robustness_shortlist/PICNN_MTLSH__mse__minmax__seed168/picnn_mtlsh_state_dict_best.pt
Epoch 149 | train_loss=3.6587e-02 | train_eval_loss=3.6534e-02 | val_loss=3.6081e-02 | | lr=1.00e-03
Saved best model to results/thesis_model_results/outputs/seed_robustness_shortlist/PICNN_MTLSH__mse__minmax__seed168/picnn_mtlsh_state_dict_best.pt
Epoch 150 | train_loss=3.6485e-02 | train_eval_loss=3.6432e-02 | val_loss=3.5982e-02 | | lr=1.00e-03
Saved best model to results/thesis_model_results/outputs/seed_robustness_shortlist/PICNN_MTLSH__mse__minmax__seed168/picnn_mtlsh_state_dict_best.pt
Epoch 151 | train_loss=3.6384e-02 | train_eval_loss=3.6330e-02 | val_loss=3.5880e-02 | | lr=1.00e-03
Saved best model to results/thesis_model_results/outputs/seed_robustness_shortlist/PICNN_MTLSH__mse__minmax__seed168/picnn_mtlsh_state_dict_best.pt
Epoch 152 | train_loss=3.6280e-02 | train_eval_loss=3.6226e-02 | val_loss=3.5778e-02 | | lr=1.00e-03
Saved best model to results/thesis_model_results/outputs/seed_robustness_shortlist/PICNN_MTLSH__mse__minmax__seed168/picnn_mtlsh_state_dict_best.pt
Epoch 153 | train_loss=3.6176e-02 | train_eval_loss=3.6121e-02 | val_loss=3.5675e-02 | | lr=1.00e-03
Saved best model to results/thesis_model_results/outputs/seed_robustness_shortlist/PICNN_MTLSH__mse__minmax__seed168/picnn_mtlsh_state_dict_best.pt
Epoch 154 | train_loss=3.6070e-02 | train_eval_loss=3.6015e-02 | val_loss=3.5569e-02 | | lr=1.00e-03
Saved best model to results/thesis_model_results/outputs/seed_robustness_shortlist/PICNN_MTLSH__mse__minmax__seed168/picnn_mtlsh_state_dict_best.pt
Epoch 155 | train_loss=3.5964e-02 | train_eval_loss=3.5907e-02 | val_loss=3.5464e-02 | | lr=1.00e-03
Saved best model to results/thesis_model_results/outputs/seed_robustness_shortlist/PICNN_MTLSH__mse__minmax__seed168/picnn_mtlsh_state_dict_best.pt
Epoch 156 | train_loss=3.5855e-02 | train_eval_loss=3.5799e-02 | val_loss=3.5357e-02 | | lr=1.00e-03
Saved best model to results/thesis_model_results/outputs/seed_robustness_shortlist/PICNN_MTLSH__mse__minmax__seed168/picnn_mtlsh_state_dict_best.pt
Epoch 157 | train_loss=3.5746e-02 | train_eval_loss=3.5688e-02 | val_loss=3.5247e-02 | | lr=1.00e-03
Saved best model to results/thesis_model_results/outputs/seed_robustness_shortlist/PICNN_MTLSH__mse__minmax__seed168/picnn_mtlsh_state_dict_best.pt
Epoch 158 | train_loss=3.5635e-02 | train_eval_loss=3.5576e-02 | val_loss=3.5138e-02 | | lr=1.00e-03
Saved best model to results/thesis_model_results/outputs/seed_robustness_shortlist/PICNN_MTLSH__mse__minmax__seed168/picnn_mtlsh_state_dict_best.pt
Epoch 159 | train_loss=3.5522e-02 | train_eval_loss=3.5463e-02 | val_loss=3.5026e-02 | | lr=1.00e-03
Saved best model to results/thesis_model_results/outputs/seed_robustness_shortlist/PICNN_MTLSH__mse__minmax__seed168/picnn_mtlsh_state_dict_best.pt
Epoch 160 | train_loss=3.5408e-02 | train_eval_loss=3.5348e-02 | val_loss=3.4912e-02 | | lr=1.00e-03
Saved best model to results/thesis_model_results/outputs/seed_robustness_shortlist/PICNN_MTLSH__mse__minmax__seed168/picnn_mtlsh_state_dict_best.pt
Epoch 161 | train_loss=3.5292e-02 | train_eval_loss=3.5231e-02 | val_loss=3.4796e-02 | | lr=1.00e-03
Saved best model to results/thesis_model_results/outputs/seed_robustness_shortlist/PICNN_MTLSH__mse__minmax__seed168/picnn_mtlsh_state_dict_best.pt
Epoch 162 | train_loss=3.5175e-02 | train_eval_loss=3.5113e-02 | val_loss=3.4679e-02 | | lr=1.00e-03
Saved best model to results/thesis_model_results/outputs/seed_robustness_shortlist/PICNN_MTLSH__mse__minmax__seed168/picnn_mtlsh_state_dict_best.pt
Epoch 163 | train_loss=3.5055e-02 | train_eval_loss=3.4992e-02 | val_loss=3.4561e-02 | | lr=1.00e-03
Saved best model to results/thesis_model_results/outputs/seed_robustness_shortlist/PICNN_MTLSH__mse__minmax__seed168/picnn_mtlsh_state_dict_best.pt
Epoch 164 | train_loss=3.4935e-02 | train_eval_loss=3.4870e-02 | val_loss=3.4440e-02 | | lr=1.00e-03
Saved best model to results/thesis_model_results/outputs/seed_robustness_shortlist/PICNN_MTLSH__mse__minmax__seed168/picnn_mtlsh_state_dict_best.pt
Epoch 165 | train_loss=3.4812e-02 | train_eval_loss=3.4746e-02 | val_loss=3.4318e-02 | | lr=1.00e-03
Saved best model to results/thesis_model_results/outputs/seed_robustness_shortlist/PICNN_MTLSH__mse__minmax__seed168/picnn_mtlsh_state_dict_best.pt
Epoch 166 | train_loss=3.4686e-02 | train_eval_loss=3.4620e-02 | val_loss=3.4194e-02 | | lr=1.00e-03
Saved best model to results/thesis_model_results/outputs/seed_robustness_shortlist/PICNN_MTLSH__mse__minmax__seed168/picnn_mtlsh_state_dict_best.pt
Epoch 167 | train_loss=3.4558e-02 | train_eval_loss=3.4491e-02 | val_loss=3.4068e-02 | | lr=1.00e-03
Saved best model to results/thesis_model_results/outputs/seed_robustness_shortlist/PICNN_MTLSH__mse__minmax__seed168/picnn_mtlsh_state_dict_best.pt
Epoch 168 | train_loss=3.4429e-02 | train_eval_loss=3.4361e-02 | val_loss=3.3938e-02 | | lr=1.00e-03
Saved best model to results/thesis_model_results/outputs/seed_robustness_shortlist/PICNN_MTLSH__mse__minmax__seed168/picnn_mtlsh_state_dict_best.pt
Epoch 169 | train_loss=3.4297e-02 | train_eval_loss=3.4227e-02 | val_loss=3.3806e-02 | | lr=1.00e-03
Saved best model to results/thesis_model_results/outputs/seed_robustness_shortlist/PICNN_MTLSH__mse__minmax__seed168/picnn_mtlsh_state_dict_best.pt
Epoch 170 | train_loss=3.4163e-02 | train_eval_loss=3.4091e-02 | val_loss=3.3674e-02 | | lr=1.00e-03
Saved best model to results/thesis_model_results/outputs/seed_robustness_shortlist/PICNN_MTLSH__mse__minmax__seed168/picnn_mtlsh_state_dict_best.pt
Epoch 171 | train_loss=3.4025e-02 | train_eval_loss=3.3953e-02 | val_loss=3.3536e-02 | | lr=1.00e-03
Saved best model to results/thesis_model_results/outputs/seed_robustness_shortlist/PICNN_MTLSH__mse__minmax__seed168/picnn_mtlsh_state_dict_best.pt
Epoch 172 | train_loss=3.3886e-02 | train_eval_loss=3.3812e-02 | val_loss=3.3398e-02 | | lr=1.00e-03
Saved best model to results/thesis_model_results/outputs/seed_robustness_shortlist/PICNN_MTLSH__mse__minmax__seed168/picnn_mtlsh_state_dict_best.pt
Epoch 173 | train_loss=3.3743e-02 | train_eval_loss=3.3668e-02 | val_loss=3.3256e-02 | | lr=1.00e-03
Saved best model to results/thesis_model_results/outputs/seed_robustness_shortlist/PICNN_MTLSH__mse__minmax__seed168/picnn_mtlsh_state_dict_best.pt
Epoch 174 | train_loss=3.3598e-02 | train_eval_loss=3.3522e-02 | val_loss=3.3111e-02 | | lr=1.00e-03
Saved best model to results/thesis_model_results/outputs/seed_robustness_shortlist/PICNN_MTLSH__mse__minmax__seed168/picnn_mtlsh_state_dict_best.pt
Epoch 175 | train_loss=3.3450e-02 | train_eval_loss=3.3371e-02 | val_loss=3.2963e-02 | | lr=1.00e-03
Saved best model to results/thesis_model_results/outputs/seed_robustness_shortlist/PICNN_MTLSH__mse__minmax__seed168/picnn_mtlsh_state_dict_best.pt
Epoch 176 | train_loss=3.3298e-02 | train_eval_loss=3.3219e-02 | val_loss=3.2813e-02 | | lr=1.00e-03
Saved best model to results/thesis_model_results/outputs/seed_robustness_shortlist/PICNN_MTLSH__mse__minmax__seed168/picnn_mtlsh_state_dict_best.pt
Epoch 177 | train_loss=3.3144e-02 | train_eval_loss=3.3062e-02 | val_loss=3.2658e-02 | | lr=1.00e-03
Saved best model to results/thesis_model_results/outputs/seed_robustness_shortlist/PICNN_MTLSH__mse__minmax__seed168/picnn_mtlsh_state_dict_best.pt
Epoch 178 | train_loss=3.2986e-02 | train_eval_loss=3.2902e-02 | val_loss=3.2501e-02 | | lr=1.00e-03
Saved best model to results/thesis_model_results/outputs/seed_robustness_shortlist/PICNN_MTLSH__mse__minmax__seed168/picnn_mtlsh_state_dict_best.pt
Epoch 179 | train_loss=3.2824e-02 | train_eval_loss=3.2738e-02 | val_loss=3.2338e-02 | | lr=1.00e-03
Saved best model to results/thesis_model_results/outputs/seed_robustness_shortlist/PICNN_MTLSH__mse__minmax__seed168/picnn_mtlsh_state_dict_best.pt
Epoch 180 | train_loss=3.2659e-02 | train_eval_loss=3.2571e-02 | val_loss=3.2174e-02 | | lr=1.00e-03
Saved best model to results/thesis_model_results/outputs/seed_robustness_shortlist/PICNN_MTLSH__mse__minmax__seed168/picnn_mtlsh_state_dict_best.pt
Epoch 181 | train_loss=3.2491e-02 | train_eval_loss=3.2401e-02 | val_loss=3.2006e-02 | | lr=1.00e-03
Saved best model to results/thesis_model_results/outputs/seed_robustness_shortlist/PICNN_MTLSH__mse__minmax__seed168/picnn_mtlsh_state_dict_best.pt
Epoch 182 | train_loss=3.2318e-02 | train_eval_loss=3.2226e-02 | val_loss=3.1834e-02 | | lr=1.00e-03
Saved best model to results/thesis_model_results/outputs/seed_robustness_shortlist/PICNN_MTLSH__mse__minmax__seed168/picnn_mtlsh_state_dict_best.pt
Epoch 183 | train_loss=3.2141e-02 | train_eval_loss=3.2048e-02 | val_loss=3.1659e-02 | | lr=1.00e-03
Saved best model to results/thesis_model_results/outputs/seed_robustness_shortlist/PICNN_MTLSH__mse__minmax__seed168/picnn_mtlsh_state_dict_best.pt
Epoch 184 | train_loss=3.1960e-02 | train_eval_loss=3.1864e-02 | val_loss=3.1478e-02 | | lr=1.00e-03
Saved best model to results/thesis_model_results/outputs/seed_robustness_shortlist/PICNN_MTLSH__mse__minmax__seed168/picnn_mtlsh_state_dict_best.pt
Epoch 185 | train_loss=3.1774e-02 | train_eval_loss=3.1677e-02 | val_loss=3.1292e-02 | | lr=1.00e-03
Saved best model to results/thesis_model_results/outputs/seed_robustness_shortlist/PICNN_MTLSH__mse__minmax__seed168/picnn_mtlsh_state_dict_best.pt
Epoch 186 | train_loss=3.1585e-02 | train_eval_loss=3.1486e-02 | val_loss=3.1102e-02 | | lr=1.00e-03
Saved best model to results/thesis_model_results/outputs/seed_robustness_shortlist/PICNN_MTLSH__mse__minmax__seed168/picnn_mtlsh_state_dict_best.pt
Epoch 187 | train_loss=3.1392e-02 | train_eval_loss=3.1290e-02 | val_loss=3.0911e-02 | | lr=1.00e-03
Saved best model to results/thesis_model_results/outputs/seed_robustness_shortlist/PICNN_MTLSH__mse__minmax__seed168/picnn_mtlsh_state_dict_best.pt
Epoch 188 | train_loss=3.1194e-02 | train_eval_loss=3.1090e-02 | val_loss=3.0714e-02 | | lr=1.00e-03
Saved best model to results/thesis_model_results/outputs/seed_robustness_shortlist/PICNN_MTLSH__mse__minmax__seed168/picnn_mtlsh_state_dict_best.pt
Epoch 189 | train_loss=3.0993e-02 | train_eval_loss=3.0885e-02 | val_loss=3.0512e-02 | | lr=1.00e-03
Saved best model to results/thesis_model_results/outputs/seed_robustness_shortlist/PICNN_MTLSH__mse__minmax__seed168/picnn_mtlsh_state_dict_best.pt
Epoch 190 | train_loss=3.0785e-02 | train_eval_loss=3.0676e-02 | val_loss=3.0307e-02 | | lr=1.00e-03
Saved best model to results/thesis_model_results/outputs/seed_robustness_shortlist/PICNN_MTLSH__mse__minmax__seed168/picnn_mtlsh_state_dict_best.pt
Epoch 191 | train_loss=3.0573e-02 | train_eval_loss=3.0461e-02 | val_loss=3.0094e-02 | | lr=1.00e-03
Saved best model to results/thesis_model_results/outputs/seed_robustness_shortlist/PICNN_MTLSH__mse__minmax__seed168/picnn_mtlsh_state_dict_best.pt
Epoch 192 | train_loss=3.0357e-02 | train_eval_loss=3.0243e-02 | val_loss=2.9879e-02 | | lr=1.00e-03
Saved best model to results/thesis_model_results/outputs/seed_robustness_shortlist/PICNN_MTLSH__mse__minmax__seed168/picnn_mtlsh_state_dict_best.pt
Epoch 193 | train_loss=3.0137e-02 | train_eval_loss=3.0020e-02 | val_loss=2.9660e-02 | | lr=1.00e-03
Saved best model to results/thesis_model_results/outputs/seed_robustness_shortlist/PICNN_MTLSH__mse__minmax__seed168/picnn_mtlsh_state_dict_best.pt
Epoch 194 | train_loss=2.9911e-02 | train_eval_loss=2.9791e-02 | val_loss=2.9435e-02 | | lr=1.00e-03
Saved best model to results/thesis_model_results/outputs/seed_robustness_shortlist/PICNN_MTLSH__mse__minmax__seed168/picnn_mtlsh_state_dict_best.pt
Epoch 195 | train_loss=2.9681e-02 | train_eval_loss=2.9558e-02 | val_loss=2.9206e-02 | | lr=1.00e-03
Saved best model to results/thesis_model_results/outputs/seed_robustness_shortlist/PICNN_MTLSH__mse__minmax__seed168/picnn_mtlsh_state_dict_best.pt
Epoch 196 | train_loss=2.9445e-02 | train_eval_loss=2.9320e-02 | val_loss=2.8970e-02 | | lr=1.00e-03
Saved best model to results/thesis_model_results/outputs/seed_robustness_shortlist/PICNN_MTLSH__mse__minmax__seed168/picnn_mtlsh_state_dict_best.pt
Epoch 197 | train_loss=2.9205e-02 | train_eval_loss=2.9077e-02 | val_loss=2.8731e-02 | | lr=1.00e-03
Saved best model to results/thesis_model_results/outputs/seed_robustness_shortlist/PICNN_MTLSH__mse__minmax__seed168/picnn_mtlsh_state_dict_best.pt
Epoch 198 | train_loss=2.8960e-02 | train_eval_loss=2.8830e-02 | val_loss=2.8488e-02 | | lr=1.00e-03
Saved best model to results/thesis_model_results/outputs/seed_robustness_shortlist/PICNN_MTLSH__mse__minmax__seed168/picnn_mtlsh_state_dict_best.pt
Epoch 199 | train_loss=2.8709e-02 | train_eval_loss=2.8578e-02 | val_loss=2.8237e-02 | | lr=1.00e-03
Saved best model to results/thesis_model_results/outputs/seed_robustness_shortlist/PICNN_MTLSH__mse__minmax__seed168/picnn_mtlsh_state_dict_best.pt
Epoch 200 | train_loss=2.8455e-02 | train_eval_loss=2.8319e-02 | val_loss=2.7982e-02 | | lr=1.00e-03
Saved best model to results/thesis_model_results/outputs/seed_robustness_shortlist/PICNN_MTLSH__mse__minmax__seed168/picnn_mtlsh_state_dict_best.pt
Saved training logs to results/thesis_model_results/outputs/seed_robustness_shortlist/PICNN_MTLSH__mse__minmax__seed168/training_summary.txt
Test RMSE(rocof_COI) = 0.2119 | norm: 0.1608 | real_diff: 0.1690
Test RMSE(dev_COI) = 0.4408 | norm: 0.1634 | real_diff: 0.3495
Test RMSE(Delta_P_IBR_1) = 0.8615 | norm: 0.1360 | real_diff: 0.6881
Test RMSE(Delta_P_IBR_2) = 1.2541 | norm: 0.1745 | real_diff: 1.0117
Test RMSE(Delta_P_IBR_3) = 1.0543 | norm: 0.1851 | real_diff: 0.8456
Test RMSE(Delta_P_IBR_4) = 1.7509 | norm: 0.1810 | real_diff: 1.4009
Saved RMSE results to results/thesis_model_results/outputs/seed_robustness_shortlist/PICNN_MTLSH__mse__minmax__seed168/rmse_results.txt
Saved detailed metrics to results/thesis_model_results/outputs/seed_robustness_shortlist/PICNN_MTLSH__mse__minmax__seed168/metrics_by_target.csv
Saved aggregate metrics to results/thesis_model_results/outputs/seed_robustness_shortlist/PICNN_MTLSH__mse__minmax__seed168/metrics_summary.json
Saved loss curves to results/thesis_model_results/outputs/seed_robustness_shortlist/PICNN_MTLSH__mse__minmax__seed168/loss_curve.png
Saved scatter plot results/thesis_model_results/outputs/seed_robustness_shortlist/PICNN_MTLSH__mse__minmax__seed168/scatter_rocof_COI.png
Saved scatter plot results/thesis_model_results/outputs/seed_robustness_shortlist/PICNN_MTLSH__mse__minmax__seed168/scatter_dev_COI.png
Saved scatter plot results/thesis_model_results/outputs/seed_robustness_shortlist/PICNN_MTLSH__mse__minmax__seed168/scatter_Delta_P_IBR_1.png
Saved scatter plot results/thesis_model_results/outputs/seed_robustness_shortlist/PICNN_MTLSH__mse__minmax__seed168/scatter_Delta_P_IBR_2.png
Saved scatter plot results/thesis_model_results/outputs/seed_robustness_shortlist/PICNN_MTLSH__mse__minmax__seed168/scatter_Delta_P_IBR_3.png
Saved scatter plot results/thesis_model_results/outputs/seed_robustness_shortlist/PICNN_MTLSH__mse__minmax__seed168/scatter_Delta_P_IBR_4.png
Saved model to results/thesis_model_results/outputs/seed_robustness_shortlist/PICNN_MTLSH__mse__minmax__seed168/picnn_mtlsh_state_dict.pt
Saved seed robustness summaries to results/thesis_model_results/tables/seed_robustness_shortlist_summary.csv and results/thesis_model_results/tables/seed_robustness_shortlist_by_label.csv
FINISHED AT Thu Apr  2 02:28:48 AM CEST 2026
